:020000040000FA
:10C000003DB8F3960000000000020000A8350300D0
:10C0100000000000000E0000000000000000000012
:10C02000FFFFFFFFFFFFFFFFFFFFFFFFFFFFFFFF20
:10C03000FFFFFFFFFFFFFFFFFFFFFFFFFFFFFFFF10
:10C04000FFFFFFFFFFFFFFFFFFFFFFFFFFFFFFFF00
:10C05000FFFFFFFFFFFFFFFFFFFFFFFFFFFFFFFFF0
:10C06000FFFFFFFFFFFFFFFFFFFFFFFFFFFFFFFFE0
:10C07000FFFFFFFFFFFFFFFFFFFFFFFFFFFFFFFFD0
:10C08000FFFFFFFFFFFFFFFFFFFFFFFFFFFFFFFFC0
:10C09000FFFFFFFFFFFFFFFFFFFFFFFFFFFFFFFFB0
:10C0A000FFFFFFFFFFFFFFFFFFFFFFFFFFFFFFFFA0
:10C0B000FFFFFFFFFFFFFFFFFFFFFFFFFFFFFFFF90
:10C0C000FFFFFFFFFFFFFFFFFFFFFFFFFFFFFFFF80
:10C0D000FFFFFFFFFFFFFFFFFFFFFFFFFFFFFFFF70
:10C0E000FFFFFFFFFFFFFFFFFFFFFFFFFFFFFFFF60
:10C0F000FFFFFFFFFFFFFFFFFFFFFFFFFFFFFFFF50
:10C10000FFFFFFFFFFFFFFFFFFFFFFFFFFFFFFFF3F
:10C11000FFFFFFFFFFFFFFFFFFFFFFFFFFFFFFFF2F
:10C12000FFFFFFFFFFFFFFFFFFFFFFFFFFFFFFFF1F
:10C13000FFFFFFFFFFFFFFFFFFFFFFFFFFFFFFFF0F
:10C14000FFFFFFFFFFFFFFFFFFFFFFFFFFFFFFFFFF
:10C15000FFFFFFFFFFFFFFFFFFFFFFFFFFFFFFFFEF
:10C16000FFFFFFFFFFFFFFFFFFFFFFFFFFFFFFFFDF
:10C17000FFFFFFFFFFFFFFFFFFFFFFFFFFFFFFFFCF
:10C18000FFFFFFFFFFFFFFFFFFFFFFFFFFFFFFFFBF
:10C19000FFFFFFFFFFFFFFFFFFFFFFFFFFFFFFFFAF
:10C1A000FFFFFFFFFFFFFFFFFFFFFFFFFFFFFFFF9F
:10C1B000FFFFFFFFFFFFFFFFFFFFFFFFFFFFFFFF8F
:10C1C000FFFFFFFFFFFFFFFFFFFFFFFFFFFFFFFF7F
:10C1D000FFFFFFFFFFFFFFFFFFFFFFFFFFFFFFFF6F
:10C1E000FFFFFFFFFFFFFFFFFFFFFFFFFFFFFFFF5F
:10C1F000FFFFFFFFFFFFFFFFFFFFFFFFFFFFFFFF4F
:10C2000080760020D10002001D1D0300BD00020049
:10C21000BD000200BD000200BD00020000000000E1
:10C220000000000000000000000000000503020004
:10C23000BD0002000000000099020200BD000200E3
:10C2400059060200056C0300590602005906020057
:10C25000590602005906020059060200590602005A
:10C26000D56B03005906020059060200EF6B03006C
:10C27000590602005906020059060200590602003A
:10C28000590602005906020059060200590602002A
:10C29000590602005906020059060200590602001A
:10C2A000590602005906020059060200590602000A
:10C2B00059060200590602005906020059060200FA
:10C2C00059060200590602005906020059060200EA
:10C2D000590602005906020059060200FFFFFFFF3F
:10C2E0009FED197B70B51A4A1A4D002342F22000C7
:10C2F0002021A972288185F82130136082F8283026
:10C3000082ED027BAB7385ED067B1C4685F822101F
:10C3100085F8203005F1280202F814300134202C71
:10C32000FAD101260C48EE730BF094FF0B4B1870FA
:10C330000B4B1C700BF0FEFF286008F0E7FF85F840
:10C34000236070BDAFF30080FFFFFFFFFFFFFFFF23
:10C350001017002090170020AD5D0100401700204D
:10C360000817002081F0004102E000BF83F0004385
:10C3700030B54FEA41044FEA430594EA050F08BF80
:10C3800090EA020F1FBF54EA000C55EA020C7FEA44
:10C39000645C7FEA655C00F0E2804FEA5454D4EBC1
:10C3A0005555B8BF6D420CDD2C4480EA020281EA8B
:10C3B000030382EA000083EA010180EA020281EAC3
:10C3C0000303362D88BF30BD11F0004F4FEA013115
:10C3D0004FF4801C4CEA113102D0404261EB410124
:10C3E00013F0004F4FEA03334CEA133302D05242AA
:10C3F00063EB430394EA050F00F0A780A4F1010466
:10C40000D5F1200E0DDB02FA0EFC22FA05F280189F
:10C4100041F1000103FA0EF2801843FA05F3594185
:10C420000EE0A5F120050EF1200E012A03FA0EFC04
:10C4300028BF4CF0020C43FA05F3C01851EBE3712E
:10C4400001F0004507D54FF0000EDCF1000C7EEB4B
:10C4500000006EEB0101B1F5801F1BD3B1F5001F89
:10C460000CD349085FEA30004FEA3C0C04F10104A8
:10C470004FEA445212F5800F80F09A80BCF1004FD1
:10C4800008BF5FEA500C50F1000041EB045141EA53
:10C49000050130BD5FEA4C0C404141EB0101013C1C
:10C4A00028BFB1F5801FE9D291F0000F04BF01460B
:10C4B0000020B1FA81F308BF2033A3F10B03B3F1DD
:10C4C00020020CDA0C3208DD02F1140CC2F10C026D
:10C4D00001FA0CF021FA02F10CE002F11402D8BFCB
:10C4E000C2F1200C01FA02F120FA0CFCDCBF41EA97
:10C4F0000C019040E41AA2BF01EB0451294330BD66
:10C500006FEA04041F3C1CDA0C340EDC04F1140442
:10C51000C4F1200220FA04F001FA02F340EA030019
:10C5200021FA04F345EA030130BDC4F10C04C4F15F
:10C53000200220FA02F001FA04F340EA030029463F
:10C5400030BD21FA04F0294630BD94F0000F83F489
:10C55000801306BF81F480110134013D4EE77FEA6C
:10C56000645C18BF7FEA655C29D094EA050F08BFB8
:10C5700090EA020F05D054EA000C04BF1946104699
:10C5800030BD91EA030F1EBF0021002030BD5FEADD
:10C59000545C05D14000494128BF41F0004130BD05
:10C5A00014F580043CBF01F5801130BD01F0004559
:10C5B00045F0FE4141F470014FF0000030BD7FEACC
:10C5C000645C1ABF194610467FEA655C1CBF0B46C7
:10C5D000024650EA013406BF52EA033591EA030FDE
:10C5E00041F4002130BD00BF90F0000F04BF0021D6
:10C5F000704730B54FF4806404F132044FF0000509
:10C600004FF0000150E700BF90F0000F04BF002181
:10C61000704730B54FF4806404F1320410F00045E7
:10C6200048BF40424FF000013EE700BF42004FEAE2
:10C63000E2014FEA31014FEA02701FBF12F07F435F
:10C6400093F07F4F81F06051704732F07F4208BF16
:10C65000704793F07F4F04BF41F40021704730B51D
:10C660004FF4607401F0004521F000411CE700BF69
:10C6700050EA010208BF704730B54FF000050AE0EC
:10C6800050EA010208BF704730B511F0004502D5ED
:10C69000404261EB41014FF4806404F132045FEAEF
:10C6A000915C3FF4D8AE4FF003025FEADC0C18BF98
:10C6B00003325FEADC0C18BF033202EBDC02C2F18A
:10C6C000200300FA03FC20FA02F001FA03FE40EA1C
:10C6D0000E0021FA02F11444BDE600BF70B54FF020
:10C6E000FF0C4CF4E06C1CEA11541DBF1CEA1355FE
:10C6F00094EA0C0F95EA0C0F00F0DEF82C4481EA66
:10C70000030621EA4C5123EA4C5350EA013518BF85
:10C7100052EA033541F4801143F4801338D0A0FB72
:10C7200002CE4FF00005E1FB02E506F00042E0FB1F
:10C7300003E54FF00006E1FB03569CF0000F18BF25
:10C740004EF0010EA4F1FF04B6F5007F64F54074CD
:10C7500004D25FEA4E0E6D4146EB060642EAC62160
:10C7600041EA55514FEAC52040EA5E504FEACE2ECD
:10C77000B4F1FD0C88BFBCF5E06F1ED8BEF1004FD0
:10C7800008BF5FEA500E50F1000041EB045170BD4C
:10C7900006F0004646EA010140EA020081EA030190
:10C7A000B4EB5C04C2BFD4EB0C0541EA045170BD8C
:10C7B00041F480114FF0000E013C00F3AB8014F106
:10C7C000360FDEBF002001F0004170BDC4F100044F
:10C7D000203C35DA0C341BDC04F11404C4F12005D0
:10C7E00000FA05F320FA04F001FA05F240EA02002B
:10C7F00001F0004221F0004110EBD37021FA04F661
:10C8000042EB06015EEA430E08BF20EAD37070BD1A
:10C81000C4F10C04C4F1200500FA04F320FA05F079
:10C8200001FA04F240EA020001F0004110EBD3707B
:10C8300041F100015EEA430E08BF20EAD37070BDEB
:10C84000C4F1200500FA05F24EEA020E20FA04F3C4
:10C8500001FA05F243EA020321FA04F001F0004173
:10C8600021FA04F220EA020000EBD3705EEA430EE4
:10C8700008BF20EAD37070BD94F0000F0FD101F013
:10C880000046400041EB010111F4801F08BF013C4C
:10C89000F7D041EA060195F0000F18BF704703F08A
:10C8A0000046520043EB030313F4801F08BF013D11
:10C8B000F7D043EA0603704794EA0C0F0CEA1355CD
:10C8C00018BF95EA0C0F0CD050EA410618BF52EA87
:10C8D0004306D1D181EA030101F000414FF000008D
:10C8E00070BD50EA410606BF1046194652EA43069B
:10C8F00019D094EA0C0F02D150EA013613D195EA0F
:10C900000C0F05D152EA03361CBF104619460AD156
:10C9100081EA030101F0004141F0FE4141F4700160
:10C920004FF0000070BD41F0FE4141F4780170BD50
:10C9300070B54FF0FF0C4CF4E06C1CEA11541DBFB5
:10C940001CEA135594EA0C0F95EA0C0F00F0A7F8B7
:10C95000A4EB050481EA030E52EA03354FEA0131E4
:10C9600000F088804FEA03334FF0805545EA1313F7
:10C9700043EA12634FEA022245EA111545EA1065BF
:10C980004FEA00260EF000419D4208BF964244F156
:10C99000FD0404F5407402D25B084FEA3202B61A75
:10C9A00065EB03055B084FEA32024FF480104FF449
:10C9B000002CB6EB020E75EB030E22BFB61A7546BD
:10C9C00040EA0C005B084FEA3202B6EB020E75EB50
:10C9D000030E22BFB61A754640EA5C005B084FEAB8
:10C9E0003202B6EB020E75EB030E22BFB61A754685
:10C9F00040EA9C005B084FEA3202B6EB020E75EB90
:10CA0000030E22BFB61A754640EADC0055EA060E50
:10CA100018D04FEA051545EA16754FEA06164FEA93
:10CA2000C30343EA52734FEAC2025FEA1C1CC0D13F
:10CA300011F4801F0BD141EA00014FF000004FF0CC
:10CA4000004CB6E711F4801F04BF01430020B4F18D
:10CA5000FD0C88BFBCF5E06F3FF6AFAEB5EB030C45
:10CA600004BFB6EB020C5FEA500C50F1000041EB42
:10CA7000045170BD0EF0004E4EEA113114EB5C040F
:10CA8000C2BFD4EB0C0541EA045170BD41F48011E2
:10CA90004FF0000E013C90E645EA060E8DE60CEAEA
:10CAA000135594EA0C0F08BF95EA0C0F3FF43BAF07
:10CAB00094EA0C0F0AD150EA01347FF434AF95EABE
:10CAC0000C0F7FF425AF104619462CE795EA0C0FA2
:10CAD00006D152EA03353FF4FDAE1046194622E76F
:10CAE00050EA410618BF52EA43067FF4C5AE50EA49
:10CAF00041047FF40DAF52EA43057FF4EBAE12E739
:10CB000053B94AB9002908BF00281CBF4FF0FF31B4
:10CB10004FF0FF3000F00CB8ADF1080C6DE904CE19
:10CB20000BF014FEDDF804E0DDE9022304B07047E9
:10CB3000704700BF2DE9F00791E8F807B2E802104E
:10CB40005B1854EB0C04B2E802104D4156EB0C0696
:10CB5000B2E802104F4158EB0C08B2E8021059EB52
:10CB600001095AEB0C0A80E8F80780410130BDE862
:10CB7000F00770472DE9F00791E8F807B2E80210D6
:10CB80005B1A74EB0C04B2E802108D4176EB0C06D4
:10CB9000B2E802108F4178EB0C08B2E8021079EB92
:10CBA00001097AEB0C0A80E8F80780414042BDE8B1
:10CBB000F00770472DE9F007524290E87800B1E89D
:10CBC00080071740DB1918EA020854EB080419EA39
:10CBD000020955EB09051AEA020A56EB0A0678C063
:10CBE00090E87800B1E8800717407B4118EA020816
:10CBF00054EB080419EA020955EB09051AEA020A7E
:10CC000056EB0A0678C080410130BDE8F007704756
:10CC10002DE9F007524290E87800B1E8800717400C
:10CC2000DB1B18EA020874EB080419EA020975EB29
:10CC300009051AEA020A76EB0A0678C090E878003D
:10CC4000B1E880071740BB4118EA020874EB0804FA
:10CC500019EA020975EB09051AEA020A76EB0A06D7
:10CC600078C080414042BDE8F00770472DE9F001EF
:10CC700052424FF0040890E8300091E8C000A31B36
:10CC80001340E41AF618EB1B1340ED1AFF1830C0DE
:10CC9000C0C1B8F10108EED1BDE8F001704700BF96
:10CCA00000B592EC080AB1E8805707EE101A53EC71
:10CCB000102A56EC114AA7FB0251A8FB020BE7FB16
:10CCC0006310E9FB62B041EC145AA8FB0351EAFB84
:10CCD0006201E7FB64B5E7FB6605E8FB661505EE58
:10CCE00010BAA9FB03B6EAFB6316ECFB6356E8FB3C
:10CCF000640BE9FB641BEAFB645BECFB646B05EE15
:10CD0000900AACFB023012EE104AEEFB6250E9FBD7
:10CD10006460EAFB64B0E7FB6431E8FB645112EE47
:10CD2000904AE8FB6461E9FB64B1EAFB640106EE4A
:10CD3000103AA7FB043213EE104AE7FB6462E8FBEB
:10CD400064B2E9FB6402EAFB641211EE904AE9FB6B
:10CD50006453EAFB646313EE904AE7FB64B3E8FBB9
:10CD60006403E9FB6413EAFB642306EE905A17EEB2
:10CD7000109A99E8000610EE108AA9FB0854EAFB05
:10CD800068B412EE108AECFB6804EEFB6814E9FB51
:10CD90006824EAFB683410EE908AEEFB6865E9FBD4
:10CDA00068B5EAFB680512EE908AECFB6815EEFBAD
:10CDB0006825E9FB6835EAFB684507EE106A11EE65
:10CDC000108AAEFB0876E9FB6806EAFB681613EEEC
:10CDD000108AECFB6826EEFB6836E9FB6846EAFB46
:10CDE000685611EE908AECFB68B7EEFB6807E9FB2A
:10CDF0006817EAFB682713EE908AECFB6837EEFBB6
:10CE00006847E9FB6857EAFB686700BD2DE9F04F0A
:10CE100007EE900AFFF744FF17EE908A07EE90BAEC
:10CE2000A8EC084A88E8FF00BDE8F08F00B591E85B
:10CE30009857A3FB0352A3FB0401E3FB6420E3FB2D
:10CE4000671042EC145AA3FB0752E3FB6802E4FBB1
:10CE50006415E3FB6805E3FB6925A4FB07B6E3FB68
:10CE60006926E3FB6A56E4FB670BE4FB682BE3FBF4
:10CE70006A5BE3FB6C6B40EC151AA4FB0810E4FB47
:10CE80006950E3FB6C60E3FB6EB0E7FB6721E4FBFA
:10CE90006951E4FB6A61E3FB6EB1E4FB6E0106EEEF
:10CEA000102AA7FB0832E4FB6A62E4FB6CB2E4FBE5
:10CEB0006E02E7FB6E12E7FB6853E7FB6963E4FB76
:10CEC0006CB3E7FB6C03E7FB6E13E8FB6E2306EE27
:10CED000905AA7FB0954E7FB6AB4E7FB6C04E8FB34
:10CEE0006C14E8FB6E24E9FB6E34E8FB6865E7FB35
:10CEF0006AB5E8FB6A05E8FB6C15E9FB6C25E9FB04
:10CF00006E35EAFB6E4507EE106AA8FB0976E8FB72
:10CF10006A06E9FB6A16E9FB6C26EAFB6C36EAFB5B
:10CF20006E46ECFB6E56E8FB69B7E9FB6907E9FB67
:10CF30006A17EAFB6A27EAFB6C37ECFB6C47ECFBF1
:10CF40006E57EEFB6E6700BD2DE9F04F07EE900ABD
:10CF5000FFF76CFF17EE908A07EE90BAA8EC084A2C
:10CF600088E8FF00BDE8F08F30B44FF0000310F800
:10CF7000014B11F8015B013A84EA050443EA04031A
:10CF8000F5D1A3F101034FEAD37030BC704700BF65
:10CF90004FF0000310F8012B013943EA0203F9D1E5
:10CFA000A3F101034FEAD370704700BF30B411F80A
:10CFB000014B12F8015B6C4000F8014B013BF6D1CC
:10CFC00030BC70472DE9F00791E8F807B2E802108D
:10CFD0005B1854EB0C04B2E802104D4156EB0C0602
:10CFE000B2E802104F4158EB0C08B2E8021059EBBE
:10CFF00001095AEB0C0A8941B3F1FF3374F1FF3494
:10D0000075F1FF3576F1000677F1000778F1000839
:10D0100079F101097AF1FF3A51F100015B184C41B5
:10D020004D4156F1000657F1000758F1000859EB41
:10D03000D1795AEB010A80E8F807BDE8F00770479C
:10D040002DE9F00791E8F807B2E802105B1A74EBDB
:10D050000C04B2E802108D4176EB0C06B2E8021027
:10D060008F4178EB0C08B2E8021079EB01097AEBFA
:10D070000C0A89415B184C414D4156F1000657F1AD
:10D08000000758F1000859EBD1795AEB010A80E802
:10D09000F807BDE8F007704718EB040859EB0509DD
:10D0A0005AEB060A5BEB070B5FF0000C4CF1000C2F
:10D0B00018EB050859EB06095AEB070A5BEB070B5F
:10D0C00050EB0C005FF0000C51EB0C0152EB0C022A
:10D0D00063414CF1000CB8EB070879F100097AF1D3
:10D0E000000A7BEB040BA841B141A241B3416CF1B2
:10D0F000000CBBEB050BB041B941AA41BB416CF13F
:10D10000000C4CF001068CF0020718EB060859EBF6
:10D110006C095AEB6C0A7BEB6C0B70EB6C0471EBDB
:10D120006C0572EB670653EB6C076CEB6C0C18EB41
:10D130000C0059EB0C015AEB0C025BF1000354F1AB
:10D14000000455F1000556EBDC7657EB0C077047F1
:10D150002DE9F04F07EE900AFFF7A2FD59EC168A71
:10D1600017EE10AAFFF798FF59EC148A5BEC15AA8A
:10D17000FFF792FF17EE908A88E8FF00BDE8F08F76
:10D180002DE9F04F07EE900AFFF750FE59EC168A92
:10D1900017EE10AAFFF780FF59EC148A5BEC15AA72
:10D1A000FFF77AFF17EE908A88E8FF00BDE8F08F5E
:10D1B0001FB50B4B01934FF48C73ADF80830082367
:10D1C0008DF80A3083788DF80B3001A9FF230120F8
:10D1D0008DF80C3000F084FB05B05DF804FB00BF57
:10D1E00047B801001FB50A4B01934FF43673ADF8F1
:10D1F000083008238DF80A3001A943788DF80B30E8
:10D2000000208DF80C0000F06BFB05B05DF804FB0E
:10D21000D5BC0100F7B504460D4641B9124B1B7849
:10D22000012B04D0019101A80121FFF7F3FF23682E
:10D230000E4E0F4F0733002D23F0070323600CBF62
:10D240002046002000F028FB002556F8043B0BB1D7
:10D25000384698470135032DF7D100F091FB23683C
:10D260001844206003B0F0BDF00A00204000002008
:10D27000F20A00202DE9F7432A4C0190074601A845
:10D280000E46FFF7C7FFA578E3784FF000091D446D
:10D29000EDB2C8465FFA89F39D4238D80198033051
:10D2A00020F00300002E0190414618BF002000F03E
:10D2B000A9FC019B21791D18019589B16379627CD4
:10D2C0000335002E25F003051A44D2B2A389019537
:10D2D0000CBF2846002000F009FD019B1844019076
:10D2E000A17B79B123796BB1019B073323F007034D
:10D2F000002E0CBF18460020019304F0ABF8019BF0
:10D30000184401900198C01B03B0BDE8F083A37AD4
:10D31000627A217AE0790CF0ADF809F101098044D4
:10D32000B8E700BFF00A00208FB572B6194B9D6AAE
:10D33000E5B9BFF34F8F1849184BCA6802F4E06291
:10D340001343CB60BFF34F8F00BFFDE7B4FBF6F490
:10D35000DAB20133002CF9D102F110036B440A2632
:10D3600003F80C4C32B901A8A847E2E704460023B1
:10D370000A26EDE7531E04AC54FA83F4DAB2C3B2C2
:10D38000B3FBF6F706FB1733303304F80C3CB0FB65
:10D39000F6F0E7E7F00A002000ED00E00400FA05EF
:10D3A0001FB5104B9A7A8DF809205A7A8DF808200B
:10D3B00002A81A7ADB79ADF80C20ADF80A3002F039
:10D3C0003FFC18B1DB210320FFF7AEFF012301A8CA
:10D3D0008DF804300DF0C0F808B1DF21F3E705B097
:10D3E0005DF804FBF00A002038B5044690B30AF05B
:10D3F000BDFD10B94FF0FF3038BD07F005FCB0F5AA
:10D40000FA7FF7D8164D1748AC6200F0E5F9164BD5
:10D4100028460024C3E900449C6000F8024B262201
:10D4200021460BF021F90123EB702B711B23EB71CB
:10D4300040F21B332B810223AB721F23AB810823E5
:10D44000AB73EFF3108572B600F026FD2DB962B60E
:10D450002846D1E76FF01500CEE72046CCE700BFA5
:10D46000F00A0020A1D300004000002010B50028E1
:10D4700036D1204C2378022B2FD059B1002A32D03C
:10D48000023905292CD8DFE801F0030F1D2B2023DA
:10D490001378E37001210020FFF7ECFEB0F5803F28
:10D4A00024DA0123237010BD9378E3B1D378D3B18C
:10D4B00013781A2B17D953781A2B14D91368C4F878
:10D4C0000730E7E713782371E4E71388A381E1E7E6
:10D4D0001388FF2B07D8A373DCE74FF0FF30E2E798
:10D4E0006FF02C00DFE76FF01500DCE76FF00B004A
:10D4F000D9E700BFF00A002070B50D460646E8B136
:10D50000E1B111F0070419D100F0A4F8C8B1304618
:10D510000AF0A0FE0C4E214686F82C002846FFF7A4
:10D52000A9FE0EF019FC96F82C00214602F01CFC16
:10D53000FFF736FF02233370204670BD6FF01500F1
:10D54000FBE74FF0FF30F8E7F00A002010B5074C7A
:10D550002378022B05D102F01FFC94F82C000AF06E
:10D5600095FE0CF074F80020207010BDF00A002029
:10D5700050B1074B03F1140253F8041B40F8041B8D
:10D580009342F9D1002070476FF01500704700BF3B
:10D5900044EB030010B5064B1C7834B902F0AEFB27
:10D5A000044B054A5A60204610BD4FF0FF30FBE7A0
:10D5B000F00A002040000020B1D1000010B5064B59
:10D5C0001C7834B902F0AEFB044B054A1A602046C1
:10D5D00010BD4FF0FF30FBE7F00A002040000020B4
:10D5E000E5D1000010B5054B1C781CB902F052FBC8
:10D5F000204610BD4FF0FF30FBE700BFF00A0020CF
:10D6000010B5054B1C781CB90CF0BCFF204610BDB2
:10D610004FF0FF30FBE700BFF00A002010B5054BCC
:10D620001C781CB90CF0B1FF204610BD4FF0FF3044
:10D63000FBE700BFF00A0020024B02681A600020DE
:10D64000704700BF200B0020014B1B68184700BF2C
:10D65000200B0020024B1868003818BF01207047CB
:10D66000200B00202DE9F341284E031D04463360B2
:10D67000304603F0B9F90228054607D12349204670
:10D680000BF0D3F9284602B0BDE8F081042836D16A
:10D690003378072B18D13E2000F04EF878B9F37894
:10D6A000327901A943EA02236846ADF800300BF055
:10D6B0008AFC0028DCD053210820FFF735FE052026
:10D6C00000F07AF80028EAD0314620460BF014FA30
:10D6D000B0F5817F01D37221EEE70028C8D027780A
:10D6E00094F80280384600F027F80028C0D03E2F7A
:10D6F000C8D1404600F060F80028C3D1B8E7082838
:10D70000C0D1024920460BF0BFF9BBE7240B002033
:10D71000074B4FF0FF3141F6FF72C3E90012054994
:10D720000022C1E900221F21C3E90212704700BF95
:10D7300000000020680B00203F280CD801380B4B5C
:10D74000C0F3421200F01F0053F8223023FA00F019
:10D7500000F001007047FF2806D04038C0F34212A5
:10D76000034B00F01F00EFE701207047000000208E
:10D77000680B00200146074B006849681A4603C23F
:10D7800040F48C221A6041F0107242F4FF625A6039
:10D79000704700BF000000200246024B006851683D
:10D7A00003C37047680B00200246024B00685168B3
:10D7B00003C37047080000200138064BC0F3421233
:10D7C00003EB820300F01F009B6823FA00F000F0D7
:10D7D0000100704700000020014B1860704700BF37
:10D7E000700B002007B5FFF793FF0CF02AFB044BEA
:10D7F0001B6813B101909847019803B05DF804FBD2
:10D80000700B00200B880288F0B5C3F30E049EB2A3
:10D8100004F11803C57CC35A05352A442B4497B23A
:10D8200013FA82F3013B4288B3FBF7F313FB074380
:10D830009BB29A42044A93BF22EA06033240134342
:10D840009BB20B80F0BD00BF0080FFFF10B5114BF5
:10D8500000EB41041A786389B3FBF2F303FB022364
:10D86000013A1A44B2F5706F027928BF00231A44B6
:10D870008378B2FBF3F0194403FB1020091AB1FBC3
:10D88000F3F003FB101313446FEA43436FEA53436F
:10D89000638110BD740B002010B5104BC8B15A78CD
:10D8A000022A04D040F22B111720FFF73DFD03227E
:10D8B0005A70026812F0070102D04FF49871F3E732
:10D8C0005C685A6022440260C3E903119A6059619E
:10D8D00010BD0122C3E901005A70F9E7740B002062
:10D8E0002DE9F041254E96F801E00EF0FD0CBCF15B
:10D8F000010F04D040F245111720FFF715FD91F8F4
:10D900000680B8F1080F02D940F24711F4E7CF7949
:10D9100097B34546022D726838BF02257B1D5C0017
:10D9200002EB43036A1E13446D422B408D8845442D
:10D93000013DC8F100022A404FF6FE75AA4202D905
:10D940004FF4A971D8E7BEF1030F12D106EB8000A6
:10D950001C1BC56815B140F25711CDE7C460A77014
:10D96000228084F803C0087A09682071080CE080DE
:10D97000218107FB02337360BDE8F081740B002046
:10D980002DE9F047364C6378012B65D0032B04D08A
:10D9900040F267111720FFF7C7FCD4E901329A4221
:10D9A00002D04FF4B571F5E72546002305F80C3B8E
:10D9B0001E460222994655F82200013A58B190F8C5
:10D9C00004808178B8F1FF0F2FD180F804908E4247
:10D9D0003CBFCEB20123511CEDD103B1267002260B
:10D9E00040F6FF6955F826709FBB013EFAD204232A
:10D9F00063700020BDE8F08755F82CE0BEF1000F01
:10DA000006D09EF804A0C24504BF9EF802E0774409
:10DA10000CF1FF3CBCF1000FEEDA3944FF2907D9C5
:10DA200003B126704FF48371B4E794460027F1E701
:10DA30000771CCE707EB41033846A3F80A90FFF7DC
:10DA400005FF08F10108BB785FFA88F18B42F1D835
:10DA5000CBE74FF00008F6E7022360686370C9E780
:10DA6000740B0020F8B54FF6FF730380184B03EBDF
:10DA700081010546C868B8B186780379B3FBF6F230
:10DA800006FB1233DBB219460A1D00EB4202B2F963
:10DA900002705488002F09DB0131B1FBF6F206FB5E
:10DAA0001211C9B28B42EFD10020F8BDFF29FBD083
:10DAB000C4F30E03C4782B8024B94FF4D971172016
:10DAC000FFF732FC5380BDE8F8400BF0B2BC00BF5A
:10DAD000740B00201D4B03EB810170B5CC6805462B
:10DAE00044B3030404D54FF4E0711720FFF71CFC86
:10DAF000014620460BF07FFCFF28014604D020465B
:10DB0000BDE870400BF095BCA078B5FBF0F300FBCE
:10DB10001353DBB219460A1D04EB4206B6F9026044
:10DB2000002E09DB0131B1FBF0F200FB1211C9B28A
:10DB30008B42F0D1002070BDFF29FBD08B4204EB5B
:10DB400042021CBF0023E3705580D8E7740B00200D
:10DB5000094B03EB810110B5CC68014620460BF060
:10DB60004AFCFF28014604D02046BDE810400BF0D7
:10DB700060BC002010BD00BF740B0020F8B5104B36
:10DB800003EB81010746CC68014620460BF033FCCD
:10DB9000FF28054611D0E688238953EA064606D0B9
:10DBA000014620460BF045FC01463846B04720466A
:10DBB0002946FFF74BFE0020F8BD0320FCE700BF1D
:10DBC000740B002038B50E4B827903EB82030446B8
:10DBD000D86808B9022038BD8278E1799142F9D23B
:10DBE0004B1CE37100EB41035D89B3F90A30002B54
:10DBF000F3DBA5800BF01DFC20600020EBE700BFED
:10DC0000740B002070B5044610F003000E4603D0DC
:10DC100049211820FFF788FB0BF092FB054624B141
:10DC20000348314604600BF08BFB284670BD00BFF3
:10DC30008C0B00202DE9F04F1E4C85B092462268D7
:10DC4000BDF83CB098468146BDF838300D461AB94B
:10DC50005B211820FFF768FB1A460A215046039300
:10DC60000BF019FA5A460646092140460BF013FA02
:10DC70003118074620680BF08DFB039BC9F80000A4
:10DC800018B9286005B0BDE8F08F84192C60D9F868
:10DC900000000093524631460A230BF0AEF9286883
:10DCA000CDF838B009234246394605B0BDE8F04FFB
:10DCB0000BF0A3B98C0B002070B50E4604460BF098
:10DCC000F3F9054630460BF0EFF9044B2A182146CC
:10DCD0001868BDE870400BF087BB00BF8C0B0020BC
:10DCE000014B18680BF049BB8C0B0020F8B51144B0
:10DCF0001D4EC9B210F00305317003D04D2109202B
:10DD0000FFF712FB1F2B19D89B009BB2033323F0A4
:10DD100003039BB208B17060338101EB8104766824
:10DD2000E2004FF0010C00EBC404EFB2B94212D88C
:10DD3000D01D03FB010020F00700F8BDFF2B4FEAC8
:10DD4000430204D9FF339342DFDB93B2DEE77C2A40
:10DD5000FBDC7C23DAE710B186F800C07460013583
:10DD600028361C44E1E700BF900B002038B5144A68
:10DD7000147853680021C8B2844203D8A82109202E
:10DD8000FFF7D2FA1846013105782833002DF2D07A
:10DD90000021817001241289447044688161C1614D
:10DDA000920800F12001051D21F8022B994245F847
:10DDB000044B1444F8D100234361037038BD00BF05
:10DDC000900B00202DE9F8434B7880460C4602F07A
:10DDD000040602F0FB07D3B1DFB12E4BD4F8049058
:10DDE0001D89B7BB01236370AD08A761E76104F12A
:10DDF00020034A46211D04F1280023F8025B9842C3
:10DE000041F8042B2A44F8D10023636101E0002F7C
:10DE1000E3D0FF23A370002E18BF0226A3191B7D99
:10DE2000032B03D1022F1CBF0136F6B2A319012226
:10DE30001A7506F10C0204EB8606002324F8123052
:10DE40007268A370C8F80020A8F804304046BDE806
:10DE5000F883002114226170A0180AF005FCB5F5C2
:10DE6000FF7F0FD26B08ED1AADB209EB0502C4F8C3
:10DE700004902584A2606384C4F80C90A584226178
:10DE8000E384C6E7B5F5EE6F4FF0FF03EBD940F240
:10DE90007265EAE7900B0020134B012200214FF03E
:10DEA000FF309A60C3F80012C3F80803C3F80015E6
:10DEB000C3F804259A60C3F80803C3F80015C3F833
:10DEC00004250A490A4A03F580334FF40040C3F899
:10DED0000825C1F88000BFF34F8FBFF36F8FC1F8E3
:10DEE0008001C3F80825704700F0004000E100E021
:10DEF0000000F63F0A46192302F8033B0448C368B2
:10DF0000C1F803300369536043699360704700BFF1
:10DF1000A00B0020024B5A8C02435A845B6A1847BC
:10DF2000A00B0020014B00215B6A1847A00B0020CA
:10DF300010B5154C05F032FF05F052FB208DFFF7B0
:10DF4000F1FF237E6BB12246104952F80C3BE3608F
:10DF500063685360A368936004F1190002220DF016
:10DF60000CF8236B93F87030022B02D1084803F0B1
:10DF700027FAA36B94F8341094F8350098470023DF
:10DF800084F83C3010BD00BFA00B0020F5DE00007F
:10DF9000CC0B0020034B93F83C300BB1FFF7C8BF0C
:10DFA000704700BFA00B002070B51D4C256B636C43
:10DFB000236495F89C30064694F848000BB1031D85
:10DFC000D8B295F869102EB9FF2803D195F86830BA
:10DFD0008B4201D005F0A4FD95F89C30D3B1E06CE4
:10DFE00006F05EF8012384F86830D5E94023E16C3F
:10DFF000206CC4E9182305F0A9FA16B9304606F0DA
:10E000008DF895F86810002006F0D2F8022384F805
:10E010003C3070BD206C06F043F805F0E1FAECE707
:10E02000A00B00202DE9FF41414C94F83C30266BB9
:10E03000012B05460F465FFA83F804D040F2754184
:10E040002720FFF771F996F88C303BB1002186F854
:10E050008C100420FFF75EFF86F88E80A16F0B788E
:10E0600003F00303032B05D196F8923013B9022075
:10E07000FFF750FFA26F137803F00303032B03D0C5
:10E080005378002B3FD1012386F8923096F89C30CC
:10E09000BBB1D6E94001236B94F848200392C4E950
:10E0A00018014FF0010893F8690084F868800BF0BC
:10E0B000D0FA002103460091039A1E49404605F01C
:10E0C000FFF9DDB9D7B1E36F28469847B0B194F8AE
:10E0D00034309BB994F88030D906C3F300125CBF8A
:10E0E000636C1D78D4F884305CBFC5F30015C5F1AE
:10E0F000010553B9B4F888303BB132B904B0BDE87A
:10E10000F041FFF715BF0223BEE7638C9A0709D5DC
:10E11000A36FDB78022BF1D1002004B0BDE8F04101
:10E12000FFF742BF002DE9D1002BF5D0E6E700BF95
:10E13000A00B0020F00B002008B5094B93F83C2001
:10E14000022A04D04FF40F712720FFF7EDF8DA7A96
:10E1500042F00102DA72BDE80840FFF7E9BE00BFF5
:10E16000A00B0020044B93F83C2002F0FF000AB9FA
:10E17000187670470C207047A00B00200A4B0B4A02
:10E1800070B506460D461A60FFF7ECFF18B1DE21A8
:10E190002720FFF7C9F8064C012104F18A000CF092
:10E1A000DCFD6664E56470BD4C0000205CE90000A5
:10E1B000A00B0020024B012283F8AC20704700BF67
:10E1C000A00B0020F0B57F4C85B002AE86E80300BE
:10E1D00094F83C100A9F01F0FF0511B90AB103B190
:10E1E00027B940F24F112720FFF79EF896E8030069
:10E1F00004F12C0C8CE8030084F8AC5084F8345003
:10E2000084F8AD5084F8355084F8AE506584258587
:10E21000256BE3676262A76305F0C0FC05F0E0F9D7
:10E2200095F96C0005F04CFD686A05F02BFFE86974
:10E2300005F04CFD95F8AC0005F06EFD236B93F8EE
:10E24000FF310BB105F098FC95F86910012005F03D
:10E2500035FE002800F0B4805B4B5C4E186805F07A
:10E2600017FF2B69C4F8B0306B69C4F8B43005F5FA
:10E270008C7705F5847318685968324603C20833F1
:10E28000BB421646F7D1D5F81821C4F869205A6860
:10E290004F4B5A60236B93F89620A2F12501012978
:10E2A00093F868100E4603D993F89700252853D1A8
:10E2B00093F8AE322BB1012E03D0012B14BF0226EE
:10E2C000012605F13007314638460CF0E6FE3146AE
:10E2D0000CF09CFBAB8F95F86910984228BF18464C
:10E2E00084F8B80038460CF0C1FE95F8691095F82E
:10E2F0009C70B5F84460082908BF04210CF086FB27
:10E300000FB9043080B2B04228BF304695F89C3037
:10E31000C6B284F8486093B1D5E9402395F8690006
:10E320000127C4E9182384F868700BF092F90022E1
:10E330000346009225493246384605F0C1F80120CF
:10E34000FFF732FE234BD3F8503523F00803032B9D
:10E350002AD140F2F91146E7203A012A0CD82328A5
:10E3600093F83E210AD012F0010319D19207A8D5E3
:10E37000012918BF0226A4E723280DD193F83E21D6
:10E3800093F86130134013F001020BD19B0798D52D
:10E39000012908BF0E46ECE7042908BF082690E7CC
:10E3A0001E468EE716468CE7002323606360A36059
:10E3B000B5F8903063802B88238095F8AC302371BA
:10E3C00005B0F0BDA00B00204C000020F00B002099
:10E3D000090C00200010004008B50C4B93F83C20BD
:10E3E0001AB9BDE80840FFF7A3BD93F83C20022A04
:10E3F00004D040F212212720FEF796FF1B6BD3F8C2
:10E400001802BDE8084005F05DBE00BFA00B00206B
:10E41000014B1876704700BFA00B0020014B93F80A
:10E42000AE007047A00B0020024B188DC0F3802077
:10E43000704700BFA00B0020014B93F8AD00704760
:10E44000A00B00202DE9F3411E4D82072C6B0646E0
:10E450000F4622D5D5F8843023B940F266412720F3
:10E46000FEF762FFB5F88820296C1846033291F850
:10E4700001800AF083F80DF1020201A92864D5F8A1
:10E48000B4000AF053FF01980AF03AFF0122386005
:10E490004146D5F8B4000AF0DFFEF3070ED5D4E903
:10E4A0004032013342F10002C4E9403294F8943022
:10E4B000012B0CBF0023012384F8943002B0BDE887
:10E4C000F08100BFA00B00202DE9F04FA04C0023ED
:10E4D00087B0CDE9043394F83C30276B022B80469B
:10E4E0008A4604D04FF49D612720FEF71DFF238D3F
:10E4F000590606D44020FFF715FD238D43F0400355
:10E50000238597F89C30B8F1000F00F01281A3B179
:10E5100005F094F805F078F878B9236C5A7862B170
:10E520001B7897F89420C3F3C0039A4205D10123C6
:10E5300084F83530FFF7FCFC4FE1236C5978A4F8E0
:10E54000881011B3D4F8B4000AF05CFEC4F884005B
:10E55000238D97F8932043F480732385236C1B78D5
:10E56000C3F380039A4200F0B980256B95F892308E
:10E57000002B3ED0022B12D1D4F8B00004A90AF02F
:10E58000D8FD28B94FF47971AEE7C4F88410DFE7FD
:10E59000D5E93E32013342F10002C5E93E3295F839
:10E5A0008E30002185F8921023B185F88E1010204E
:10E5B000FFF7B0FC95F88D309BB1002685F88D6093
:10E5C00001F0BEFD10B940F2FB318DE73146082065
:10E5D000FFF7A0FCD5E93E32013342F10002C5E964
:10E5E0003E3295F89330012B0CBF0023012385F8B0
:10E5F0009330238D43F4806323854FF0000B216C0F
:10E6000097F894200D78C5F3C0039A4240F08680B5
:10E6100005F00305032D266B62D0002D6BD196F813
:10E620009430013B18BF012386F89430236C5B784B
:10E6300033B1D6E94032013342F10002C6E940323B
:10E6400097F89B3093B1D7E93E01236BC4E91801D9
:10E65000002693F8680084F868600AF0FAFF3D49E4
:10E6600000960346FB22304604F02AFFBAF1000F61
:10E6700072D1628C94F8AD30120703D5A26FD278B4
:10E68000022A69D0012B67D8E36F01209847002840
:10E6900062D094F83490B9F1000F5DD1266B94F8F4
:10E6A000483096F89C208DF80D90002A40F0988014
:10E6B000FF2B96F8681003D196F869308B4202D090
:10E6C000FF2005F02DFA96F89230032B00F22F81EF
:10E6D000DFE813F089000E0111012401C3468EE723
:10E6E000238D012043F4006386F88C002385FFF717
:10E6F00011FC002593E74B78002BFAD0228DD4F83B
:10E70000845042F400622285002D99D0FB2B07D85B
:10E7100094F8AC305BB12020FFF704FC00258FE7B4
:10E7200094F8343043F0100384F83430F6E745466B
:10E7300075E70BB104F0B8FF94F8AD30013384F8FD
:10E74000AD30238D002543F400732385AB4677E776
:10E75000A00B0020F00B002005F04AFD4FF0010A4D
:10E760001DB105A90220FFF76DFEBBF1000F0DD012
:10E77000B4F80720B4F805301343B7F890201343DA
:10E780001EBFB4F809300133A4F80930B8F1000F06
:10E7900000F0D580B4F805300133A4F8053000232B
:10E7A00084F8AD30694802F0E9FD049840B10AF000
:10E7B000A7FD216B00234372072201300CF0CBFB35
:10E7C000059B33B1216B00221A720C2205980CF0C4
:10E7D000C2FBBAF1000F7FF4ADAE07B0BDE8F08F19
:10E7E0000433DBB264E794F8B830ADF80E30584823
:10E7F000A6F8583001F094FC00285DD0A16F80206D
:10E80000FFF788FB012386F88D3096F89330A26FCE
:10E81000DB0003F00801137803F0F3030B4396F8D1
:10E820009410890001F004010B4323F0100103F060
:10E830000303032B117002D1D378022B0FD0D4F82D
:10E84000B0000AF0BEFC40B9A36F1B7803F00303CD
:10E85000032B04D001F08AFC08B94FF01009A06F17
:10E86000037849EA030980F8009096F89B30002B62
:10E8700060D04378002B5DD0E06C05F011FC0023E4
:10E8800084F86830D6E93E23A16FE06CC4E9182310
:10E8900004F05CFE96F86910012005F089FCA26F77
:10E8A0001188A4F8801091782A4A012384F8AE30A8
:10E8B000917084F83C3053E7D4F8B0000DF10D02AC
:10E8C0000DF10E010AF012FCA06788B196F8D7305E
:10E8D00073B99DF80D302BB903808370A06F0121AF
:10E8E0000CF03BFABDF80E10A06F0CF003FB8CE7A8
:10E8F000194BA36789E7B6F85830D4F8B000ADF8E3
:10E900000E300DF10D020DF10E010AF0EFFBA067C4
:10E9100000287FF47AAF40F2D521E5E50C4801F0FC
:10E92000FFFB00287FF471AF40F2DE21DCE540F20E
:10E93000EB21D9E505F0B4FB04F052FEAAE7B4F8E8
:10E9400007300133A4F807302CE700BFCC0B0020C0
:10E95000180C0020200C00202A0C002039E10000B7
:10E96000C9E4000025E0000095DF00000B2808B591
:10E9700004D94FF452710620FEF7D6FC014B33F850
:10E98000100008BDD0A103002DE9F04F2DED028B42
:10E990008BB0044615460293894690F869B00BF097
:10E9A0003FFE064694F80002FFF7E0FF94F8973028
:10E9B0000393304485F0010386B2059355BB94F868
:10E9C0004C32032B26D1039B0D2B23D1B4F8AC3250
:10E9D0004B451FD1D4F85432C4F84032A369B4F87F
:10E9E0001E22C4F84432B4F892321344C4F84832B8
:10E9F000204604F085FCD4F8B032A362B4F8AE32FD
:10EA0000A385D4F8B432A361D4F8B83223620223C8
:10EA100084F84C32B4F89072B4F89080A9EB0707F0
:10EA20003FB204F51A73002F08EE103AB7BFD4E9CD
:10EA3000A023029BC4E9A22301230493CD4BA9EB9D
:10EA400008081B780FFA88F8B8BF474603F0FF059F
:10EA5000002B53D006F058F900286FD0B4F83432A8
:10EA6000012B6BD994F84C32022B67D094F8625288
:10EA7000002D63D194F80002FFF778FF94F84C3230
:10EA800000F5C860012B86B2D9B24AD194F89A3009
:10EA9000D4F828A0032B3ED1D4F844525544314633
:10EAA000D4F8440206F086F8D4F84032C4F84002A4
:10EAB000A0EB030AD4F848323146284603FB0AFA91
:10EAC00006F078F8D4F85052C4F85002451B31468D
:10EAD000A06906F06FF8AA44B4F81E52D4F8483280
:10EAE0004544ED1BDB432B44D4F85452451B05FB36
:10EAF00003A50123C4F8540284F8623294F84C321E
:10EB0000DFF870A2032B00F28081DFE813F0190018
:10EB100014016900350128460BF0A2FF00EB0A053D
:10EB2000BDE7A069314606F045F8B4F81E52D4F8A6
:10EB300054324544ED1BC31A5D43DAE70025DDE797
:10EB4000012100200BF08CFF8046A06A3146404432
:10EB500006F030F83146C4F85002A06906F02AF8F1
:10EB600007A9C4F8540208A805F04AFB079B0093C4
:10EB7000D4E9A201DDE9082309F0DCF807462046C4
:10EB80000AF0ADFDD4F89832A66A94F869001E44E4
:10EB900005F07CFCD4F85012A38D203E761AB044C8
:10EBA000A8EB070800F5234030314FF47A7703EBE8
:10EBB0004101A130B0FBF7F0A8EB000794F8690021
:10EBC0000AF07AFDD4F89832FB1A2230B3F5CA7FE6
:10EBD000CAF8040055D840F2F2413020FEF7A4FBF9
:10EBE000A36AD4F844023146184405F0E3FF3146E5
:10EBF000C4F85002A06905F0DDFFC4F854022046B5
:10EC00000AF06DFDB4F81E32A66AD4F84472002BE7
:10EC100040F08C80029B002B00F0888094F869B053
:10EC2000584605F033FC3E44D4F89C12D4F85032D8
:10EC300004938046203E58460E4405F01FFC049B7A
:10EC4000F61A361A08F523484FF47A7708F1A10826
:10EC5000B8FBF7F8A6EB0807D4F85012D4F8403206
:10EC6000D4F8482294F86900303102FB0311A38DD7
:10EC700003EB41010AF020FD0123CAF8040084F8E7
:10EC80004C32A669D4F85432A6F21F26F61ADAF8E6
:10EC900004309E4228BF1E467423A4F87032D4E983
:10ECA000A2327F1BDF1942F100024FF00008C4E9D5
:10ECB0009E72C4F8186284F8688204F130000CF087
:10ECC000D3F9B4F80812A4F89092D4E99E23A1EBEA
:10ECD00009090FFA89F9C145C4E9A223C8BF022373
:10ECE00084F87282C8BF84F87232039B30440D2BC3
:10ECF000C4F86C02029B00F08B80002B40F08980EE
:10ED000094F84C32002B00F0A280A169D4F8543260
:10ED100018EE100AC91A0BF048FE80B2002800F065
:10ED20009680169B03B118800120A0E0D4F8500211
:10ED300037443F1A90E7D4F85422A369D4F8480224
:10ED4000D4F840129B1A5F43B4F81E329844C34370
:10ED50009844D4F85032303301FB0033A18D94F83D
:10ED6000690002FB083301EB43010AF0A5FCCAF875
:10ED7000040086E75C0C0020A369D4F854021B1A37
:10ED80005F4394F89630252B03D094F89730252BC9
:10ED90000AD1B4F8AC32A9EB03031B0404D494F8F1
:10EDA000AF32002B18BF9B46049B03B3B4F81E324E
:10EDB000EBB9D4F89C3213B940F244510DE794F802
:10EDC000690005F063FBD4F89C320646203B94F8BA
:10EDD0006900049305F052FB049B1F44381A06F5A2
:10EDE0002343A1334FF47A77B3FBF7F7C71BB4F88B
:10EDF0001E12D4F854324144594330314900584628
:10EE00000AF05AFC1C4B58603BE740F25951E4E6CB
:10EE1000EBB1B4F8341221B3B4F8362294F8383296
:10EE2000A4F8362202FB0333994202F101000EDD01
:10EE300094F872325BB1002384F87232A4F836027F
:10EE400001F00AFF00F00700013084F8380218EEE4
:10EE5000101A94F8940207F0C3FE20B940F2A351AF
:10EE6000BBE60A46DAE7059B84F8603200200BB067
:10EE7000BDEC028BBDE8F08F5C0C00202DE9FF415A
:10EE8000044618B99C213020FEF74EFA082900F2FA
:10EE90002381DFE811F0090071007B007B00760020
:10EEA00021010D0115011F010023C0F89C3290F8CB
:10EEB0006032B0F89020002B56D0B0F85E3293420A
:10EEC0004CD1B0F80C22A0F89020D31AA0F80E3242
:10EED000D4E99E232046C4E9A02304F0F5F894F871
:10EEE0001332002B00F0A780A569D4F85432DFF864
:10EEF000F0819D4288BFED1A98F8083098BF002530
:10EF00001BB9236B9D4228BF1D4604F13000D4F885
:10EF100018720CF0A9F80744022008F037FCEE1B29
:10EF200026EAE676864228BF06460221304608F0E9
:10EF30007DFC00B9374440F27D22394620460CF072
:10EF4000DEF8D4F81832C8F80C00A069184408F0AC
:10EF5000C1FB00286FD140F2AA3194E79A1AA0F8B9
:10EF60000E22A4F89030B3E7B0F85C329A1AA0F8F9
:10EF70000E22B0F85C32F4E704B0BDE8F0410CF0CA
:10EF8000CABE04B0BDE8F04105F046B90DF0B2F9D3
:10EF9000D4E9A023801A61EB0301012871F1000379
:10EFA00002DA4FF4C4616EE76FF0010383424FF061
:10EFB00000038B4102DA40F2216164E7A3690BB1DF
:10EFC000B0FBF3F394F89710B4F85E220D2935D115
:10EFD0000132A4F85E22B4F89232B4F890500133B2
:10EFE000A4F89232B4F8CA301D44B4F8C830013DD8
:10EFF000ED1AADB20DF10E06B4F85E126B1A1B04D9
:10F0000036D594F89A303549002B0CBF3E2308239F
:10F0100084F8B93004F1B0000BF0A9FF20460CF0E1
:10F020007CFE002384F84C3294F8940207F08EFCA6
:10F03000202384F8943204B0BDE8F081B4F8901035
:10F040000B449BB2D11A090454BF531C01339BB229
:10F05000A4F85E3294F86132002BBCD1B4F80C32C3
:10F06000B4F85E22934204BF0133A4F85E32B2E7E3
:10F07000002300961A462046FFF786FC0028DAD0C7
:10F08000012812D1B4F85E22B4F80812BDF80E308F
:10F090001344521A12049BB204D5EA1A12F4004F18
:10F0A00018BF0B46A4F85E32A6E74FF4CC61EAE63F
:10F0B000012005F049FD04B0BDE8F0410AF0D7BADF
:10F0C00090F84C32042B01D0C021DCE6002380F8FC
:10F0D0004C32B0E7C621D6E6CA21D4E633B20100ED
:10F0E0005C0C002090F8E8302DE9F04104460D4614
:10F0F000164603F0FF0813B10C20BDE8F08101466D
:10F10000474807F0F7FB20280746F5D05022414634
:10F1100004F1C80009F0A8FA012384F8C870C4F803
:10F12000CC5084F8E83035B101F0AEFD00F00700B6
:10F13000013085F8380220460AF09BFA00270223A6
:10F14000A4F8FA30A4F8F80084F8F07005F062FD35
:10F15000B4F8F8509D35284485B220460CF058FC90
:10F16000014668B30BF05CFA00F5CD6081B2304621
:10F1700005F020FD3044C4F8F4000DF0BBF8281869
:10F1800041F10001C4E94001012084F8D000E78486
:10F190000CF00BFDDB3E361AC4F8D4604FF0FF32A2
:10F1A0006FF00043C4E9422394F8C80004F1F00171
:10F1B00007F016FD30BB40F2EF113020FEF7B4F837
:10F1C00020460CF04AFB174FDB30C4F8F400388AB5
:10F1D00040B1E08C30B101F057FD3B8AB0FBF3F257
:10F1E00002FB130005440DF085F82D1841F10001D4
:10F1F000C4E94051002ED1D0751941F10001C4E994
:10F200004251D1E7D4E9402300252046C4E9382300
:10F21000A4F8EA5029460CF027FC28466DE700BF09
:10F22000A39701005C0C0020F0B5002385B0CDE968
:10F23000003301238DF806306846FEF7C3FC70B139
:10F240001B4E0123B3740027CDE9027702A8FEF715
:10F25000B9FC0546A8B10020B07405B0F0BD009817
:10F260000AF054FBE8E790F8940208F009FC94F8DF
:10F27000940284F84C5207F069FB202384F89432FE
:10F28000E2E7029B002BE1D093F89422202ADDD004
:10F2900018884FF6FF739842DDD02946FEF758FCD8
:10F2A00004460028DFD140F229113020FEF73CF857
:10F2B0005C0C0020054B002201211A7219709A740F
:10F2C00042F210721A82FFF7AFBF00BF5C0C002041
:10F2D000014B1872704700BF5C0C002008B504F0A9
:10F2E000E1FB044BDA6882422ABF987C002080F060
:10F2F000010008BD5C0C00202DE9F74F04460529EC
:10F3000000F29080DFE801F003806D7D8489D0F801
:10F310009C32002B53D090F86232002B4FD090F8E3
:10F320004C32032B4BD190F869B00BF079F90746BA
:10F3300094F80002FFF71AFB814607445846D4F8B8
:10F340009C5205F09BF8A5EB0008584605F09EF886
:10F3500000F2E7335846D4F818624FF47A7AB3FBD8
:10F36000FAF3A8EB030805F089F8361A584605F0B9
:10F370008DF800F52340A130B0FBFAF0321A5108A5
:10F38000A2F16003BFB209F5C86929317B431FFAB6
:10F3900089F9B3FBF9F360335A08A1EB530398459D
:10F3A00002D31144884501D905F09AFEA069394677
:10F3B00005F000FC0023C4F8540284F862321B4BB1
:10F3C0009B7C03F0FF0263B9B4F80C120092012396
:10F3D0002046FFF7D9FA38B140F2DA613020FDF764
:10F3E000A3FF042384F84C3204F022FD07F0DAF87E
:10F3F000B4F89020A4F85E220023A4F8923284F896
:10F40000613203B0BDE8F08F032380F84C32F8E797
:10F4100004F042FBC4F89C02F3E703B0BDE8F04FF0
:10F420000AF05DB940F26E71D8E700BF5C0C0020B5
:10F430002DE9F84306460C4615468ABB04F032FB1C
:10F440000121D4E94089074684F8E850D4F8CC007B
:10F4500084F8D05084F8E91001F0CAF8D4F8CC0050
:10F46000C0E9A08994F8C82080F89422C0E9A28954
:10F47000C0F898720AF047F920B140F21D713020AF
:10F48000FDF752FF04F0D4FC07F08CF8074994F81C
:10F49000C800324605F02CFB28B940F28171EEE736
:10F4A0004FF4F361EBE7BDE8F88300BF7DEE0000A9
:10F4B000014B1882704700BF5C0C0020F0B5070CB0
:10F4C000A7F5AA42144B543A012A03EA90231FD904
:10F4D00027F4004042F6AA22801A18BF0120002219
:10F4E000162116461F2487EA060562EA050501353E
:10F4F00010D0DD03ADB245EA5606E503ADB20139E1
:10F5000045EA52024FEA53034FEA5404EBD1F0BDEF
:10F510000020E4E70020FAE7E0FF3F0010B50121FA
:10F520000020FEF715FB044670B90121FEF7D2FA60
:10F53000044620B940F21B313920FDF7F5FE034B9C
:10F5400093F900100CF051F9204610BD700C00200A
:10F55000304BF0B55A88B0F85C70B0F85A609D88AE
:10F56000974228BF1746964228BF16461B2E85B0E5
:10F570000C462ED0B5F5A47F2DD040F648039D4211
:10F5800001A928BF1D460AF03AFBBDF80A309F4288
:10F5900028BF1F46BDF80C30E780AB4228BF2B4682
:10F5A0002381BDF806309E4228BF1E46BDF80830B4
:10F5B00066809D4228BF1D46A580FF232370E388F7
:10F5C0001B3B9BB2E02B08D94FF4B7613920FDF704
:10F5D000ABFE1B2FCED105B0F0BD63881B3B9BB2A9
:10F5E000E02B02D940F2BA51F0E72389A3F5A473C6
:10F5F0009BB2B3F5E06F02D940F2BC51E6E7A388B5
:10F60000A3F5A4739BB2B3F5E06FE4D940F2BE5109
:10F61000DCE700BF700C002008B50BF02AF900F001
:10F62000F1FE00F0E9FB0BF094FC01F085F801F02D
:10F6300023FF01F099F8084B1B224FF4A4715A8064
:10F640009980064B06499A8000221960DA825A8214
:10F650001A835A7408BD00BF700C00209C10002053
:10F6600003021B00044B41F64C52C3E902221B2249
:10F670001A74FFF7D1BF00BF9C1000202DE9FF4195
:10F68000364DAB68044640F8303F0AF075F906463F
:10F6900000F0A2FB6687324E2B7C84F8383010F0E5
:10F6A000200F33681DBFAA886988A4F85A101B224E
:10F6B00008BFA4F85A20A4F85C205BB1012302A87B
:10F6C0008DF8083003940CF03CFB336894F96C100F
:10F6D00020889847AE7CEF7CB5F8148041F64C53F7
:10F6E000A36116B900F07EFB064657BB00F07AFB1B
:10F6F000074646B338B302A920468DF808608DF856
:10F700000970ADF80A800BF0A7F96B7801932B789C
:10F7100000936A88AB8804F1140104F11000FEF72D
:10F7200089FA236913B940F28F5114E0636913B960
:10F730004FF4B2610FE0002004B0BDE8F081092071
:10F74000FAE7002ED7D120880021FEF717FA00280B
:10F75000F5D040F27E513920FDF7E6FD9C100020E7
:10F7600050000020F7B505460E460CF071F8002851
:10F7700073D028460CF04CF940B1B6F80130013B8B
:10F780007F2B03D91224204603B0F0BD28460CF08D
:10F7900043F908B90C24F6E728460AF0ADF9002829
:10F7A000F8D128460CF012F804460028F2D1284679
:10F7B00002F020FB0028E5D0B6F80170F17842F2A3
:10F7C0001072284657430CF010F928460CF018F92F
:10F7D000014658B93A462846FFF784FC04460028FB
:10F7E000D1D041F616013920FDF79EFD21460DF1DD
:10F7F0000600FEF737F9064668B3214600F0F8FE2A
:10F80000BDF806303380284631460CF01BF92846F7
:10F810000CF008F998B928460CF006F90146304674
:10F82000FFF72CFF04460028ADD13A463146284662
:10F83000FFF758FC044620B141F63901D3E7012116
:10F84000EDE7074B9B68002B9DD0024606F59971AA
:10F850003046984797E70D2495E7422493E700BF89
:10F86000700C0020034B5A8802801B7883700020A4
:10F87000704700BF9C10002037B583781A2B0546CF
:10F8800009D8042B05D9012202FA03F3134A1342C3
:10F8900005D112241AE0292B01D03B2BF9D128885D
:10F8A000B0F5706FF5D269460BF032F888B9019B5C
:10F8B00093F8302102F0FF046AB9AA7883F8312165
:10F8C000FF2283F8302168460BF01EFB204603B070
:10F8D00030BD0224FAE70C24F8E700BF200038040A
:10F8E0000188A1F11B039BB2E02B0CD84288A2F542
:10F8F000A4739BB244F24810834204D8034B002007
:10F9000059809A8070471220704700BF700C002009
:10F91000034B5A889B88028043800020704700BFB9
:10F92000700C002038B504784278857804F0010323
:10F9300052EA030104F0020401D1112038BDBCB920
:10F94000002DFAD0002B08BF144601E00024254604
:10F9500020460AF00DF90028EFD028460AF008F9F1
:10F960000028EAD0054B00209C74DD749882E5E7FE
:10F97000002BEBD114461D46EAE700BF9C10002087
:10F9800013B5008869460AF0C3FF18B10224204667
:10F9900002B010BD019A92F84C32DBB292F8B82056
:10F9A000002AF3D113F0FB0FF0D0019890F8423108
:10F9B0000BB13A24EBE790F8E23003F0FF04002BA0
:10F9C000F7D190F8D9309B0706D1012380F8423156
:10F9D00068460BF099FADAE702490222DA300BF0B6
:10F9E000CCFAD4E78DB60100F0B50778EF2F85B0DB
:10F9F00004460D4603D91225284605B0F0BDB0F8DF
:10FA00000130ADF80C309DF80C30DA063FD49E067C
:10FA100003F0030238D5002AEDD11807EBD4637840
:10FA2000190711D42179E278E07942EA012261795B
:10FA300042EA0142A17941EA0021207A41EA0041EB
:10FA40008A42D8D81F2AD6D9627A013A062AD2D851
:10FA5000A27A032ACFD813F0040102D1023A012A74
:10FA600003D8E27A012AC6D811B9A27C032AC2D8E7
:10FA700013F01001227D19D0012ABCD1227E012A67
:10FA8000B9D8B1B91125B7E7032AC6D1B3E713F046
:10FA9000600FB0D103F00F0203F00703052BBED0B7
:10FAA000931E012BBBD9002AA5D1B8E7022AE5D1C4
:10FAB000A1E7DA071FD46378227D03F01801082933
:10FAC0001ED1022ADED11B0709D4E279A37943EAC9
:10FAD0000223227A43EA0243B3F5804FD2D8BFB261
:10FAE00001213846FEF734F8064678B10AF004F8EA
:10FAF000B8B10C2580E700F031F90028DBD1C1E76F
:10FB0000022AE0D0A27E002ADDD0BBE701213846E0
:10FB1000FDF7E0FF064650B3164B93F900100BF0CB
:10FB200064FE30460BF069FF21462870E0743046D1
:10FB30000BF0AFFE637E0546002B3FF45DAF00285F
:10FB40007FF45AAF316B02466846FEF73BF9306BE3
:10FB50002A46012109F0CFFC316B68460422FEF7EA
:10FB600031F9306B2A46294609F0C5FC44E70725E0
:10FB700042E700BF700C002070B50579042D8AB0F3
:10FB8000034658D84488B4F5804F54D82B48465D76
:10FB9000284400214279857AC07BADF8041042F0F8
:10FBA000100242EA460242EA850242EAC00202F03C
:10FBB0001F028DF80420BDF80420ADF80D201A882E
:10FBC0008DF80F208DF81240120A240A8DF81110BA
:10FBD0008DF814108DF810208DF813405A7B8DF895
:10FBE00015205A798DF816209A79D3F807008DF8E8
:10FBF0001720B3F80B209B7B8DF81E307F238DF8E8
:10FC00001F3001238DF80C1006908DF82110ADF8EF
:10FC10001C208DF820308DF8223003A88DF8231099
:10FC20008DF824108DF825108DF8261001A9FFF706
:10FC3000DBFE0AB070BD1220FBE700BFF4A1030099
:10FC40000278034672B1427862B142881A2A09D911
:10FC500082881A2A06D9044A006810609B8893801B
:10FC600000207047122070479C100020024B026851
:10FC70009A600020704700BF9C1000200378A3F119
:10FC80000A02112A9DBF024A0020137412207047F5
:10FC90009C10002008B5052000F090F803F060FBF0
:10FCA000014B024A9A6008BD700C002051F500001B
:10FCB00008B502F087F8FFF7FDFABDE808400148F3
:10FCC00002F06AB87C0C002010B50B4C012384F8BC
:10FCD000023102F07FF80CF01CF80AF0C8FD04F2C3
:10FCE00003112046FEF74AFA002009F0AAFBBDE8FE
:10FCF000104000F071BE00BF7C0C002010B5064C17
:10FD0000064904F502700AF04CFC04F5037004493E
:10FD1000BDE810400AF045BC7C0C002054000020D7
:10FD20005C00002010B5094C094904F502700AF086
:10FD300038FC04F5037007490AF033FC04F504703D
:10FD40000549BDE810400AF02CBC00BF7C0C002027
:10FD50006C0000207400002064000020014B93F828
:10FD6000020170477C0C002010B5074C00F02CFEFF
:10FD7000D4F808020AF00DFCFFF774FC00F09CFFB9
:10FD8000012384F8143210BD7C0C0020014B93F841
:10FD9000140270477C0C002010B5074CD4F80C02FC
:10FDA0000AF0F7FBD4F810020AF0F3FBFFF734FC7B
:10FDB000002384F8143210BD7C0C0020C2080549D1
:10FDC000012300F0070003FA00F08B5C184388540D
:10FDD000704700BF10000020014BD3E900017047BD
:10FDE00010000020034B1868C0F30020400040F0D2
:10FDF000010070471000002008B504F005FF084A14
:10FE0000002332F82310814205D302EB83039B7851
:10FE1000044A137008BD01330C2BF2D10023F7E71D
:10FE200008A20300910E002010B544682388A4F8AE
:10FE3000903194F8683084F88F11012B06D0022B92
:10FE400004D040F281210620FDF76EFA84F8923149
:10FE500094F86930012B01D0022BF2D184F8933150
:10FE60000449022204F5C3700BF087F8002384F8DC
:10FE70003C3110BD25A60100406808490388A0F860
:10FE8000823190F8603080F8843190F8613080F8E9
:10FE9000853100F279100BF06AB800BF3BA6010073
:10FEA0002DE9F743456895F8973095F89680232B10
:10FEB00004460F462DD1973538460BF004F800283C
:10FEC0004DD038460AF0F9FF814638460AF0F7FF70
:10FED00001460AF007FC6668034648B396F86820B6
:10FEE000904225D096F83C0101280CBF96F83E01BF
:10FEF00096F86400014232D0B8F1210F18D096F87C
:10FF00006100014214D152B940F26D110620FDF793
:10FF10000BFAB8F1210F40F0B3809635CCE7042AF4
:10FF200001D0042B31D1934294BF00230123B3B9F4
:10FF300048460AF0D7FB002849D096F8693083423A
:10FF400045D096F83C31012B0CBF96F83F3196F81E
:10FF5000653019EA030F14BF01230023BBBB63689C
:10FF600093F83C21012A19D11E212046FFF75CFF9E
:10FF7000B8F1210F1FD1FA786368182A83F821217C
:10FF800010D040F26D217E20C1E7082ACBD0082B8B
:10FF9000C9D093422CBF00230123C8E7002283F875
:10FFA0003C21E5E7092283F8962093F8D23093BBF1
:10FFB00040F27521E7E7002320462B700BF0E9F8AB
:10FFC0003946204603B0BDE8F0430BF006B9304691
:10FFD00001AA39460AF093FBD4F804800646F8B922
:10FFE00098F83C31012B18D101462046FFF71CFF41
:10FFF0002E70636803F19702954202D1002283F8C4
:020000040001F9
:100000009720636803F1970295424FF0000534D1C1
:1000100020460BF0BEF8002033E088F83C01E8E70A
:1000200038460AF04EFFA8F8AC026068B0F8AC326F
:10003000B0F89020013B9B1A9BB247F6FD729342A9
:1000400007D9282380F8B9300F49B0300AF08FFF64
:10005000D7E790F897300D2B02D00A3B012B01D83F
:100060002A23EFE79DF8043080F8AE329DF8053082
:1000700080F8AF3225232B70C3E783F8D250CAE74C
:10008000022003B0BDE8F08333B20100044B00222C
:1000900083F822204FF6FF729A84DA841A8570471B
:1000A000920E0020054B9A8C824201BF002283F8F9
:1000B00022204FF6FF729A84704700BF920E0020F4
:1000C000014BD884704700BF920E0020084B998CDA
:1000D0004FF6FF72914206D193F82220012A04D0F4
:1000E000036001207047002303600020704700BFB9
:1000F000920E0020064B93F82220012A1FBF0120F8
:10010000DA8C83F822009A8408BF0020704700BF71
:10011000920E0020014B1885704700BF920E002000
:10012000064A918C138D994205D192F8223013B171
:100130000260012070470020704700BF920E00202F
:10014000094B998C1A8D914201D0002070474FF6CF
:10015000FF729A8493F82220002AF6D0002283F8B6
:1001600022200120704700BF920E0020054B998C81
:100170001A8D914203BF93F82200B0FA80F0400933
:1001800001207047920E002050B90A4A1346012000
:1001900003F8010B0868C2F801008A889A8070474A
:1001A000012805D1034B0A689A608A88D8719A8120
:1001B000704700BFBC0E002048B90A4B187880B1C8
:1001C000D3F80120B3F805300A608B80704701280E
:1001D00006D1044BD87920B19A680A609B89F4E76C
:1001E00000207047BC0E002020B9054B187800F0A5
:1001F0000100704701280ABF014B0020D879F6E7BB
:10020000BC0E0020F7B500228B888DF80600ADF8F3
:10021000043008680C4B8DF80720019D1C780146BE
:1002200003F5AC73D0B2844201D8082009E0D3E9C9
:100230000076AE4208BF8F4203F1080302F10102CB
:10024000F0D103B0F0BD00BFD00E002030B5094B97
:1002500001465C78002203F58173D0B2844201D854
:10026000082005E013F8015B8D4202F10102F4D190
:1002700030BD00BFD00E0020F0B5254D95F8984157
:1002800089B0224605F29911684608F077F92146AF
:1002900068460AF00DFB0446B8B300EB4001C9B252
:1002A00002A8FDF7D1F9601E95F8A161C0B2012442
:1002B00095F8982105E0731CB3FBF2F102FB1133B2
:1002C000DEB206F120030DEB030111F8203C002BF8
:1002D000F1D100EB400220326A4406EB46032B4486
:1002E00012F8187C83F8A27112F8177C12F8162CF9
:1002F00083F8A37183F8A42101F8204C0138AB19CD
:10030000C0B2FF2883F89941D2D109B0F0BD00BF37
:10031000D00E002070B5064688B00C46002A4FD09B
:100320002A4A92F8A131D01890F8991121B94FF4C6
:1003300080712820FCF7F8FF03EB430111440133DF
:1003400091F8A251E57091F8A35191F8A41161714F
:100350000021257180F8991192F89811B3FBF1F002
:1003600001FB103382F8A13192F8C23123B9184948
:1003700002F5DD700AF0FEFD657905F03F0545F0F8
:10038000400565710D220021684608F06DF9E3789B
:100390008DF80F3023798DF80E3004AA04236946B6
:1003A00030468DF80D5007F055FE9DF81F30237034
:1003B0009DF81E3063709DF81D30A37008B070BDAD
:1003C00003216018FDF740F9D6E700BFD00E0020EA
:1003D00079020100044B5A78824286BF1B1893F8B9
:1003E0004A010020704700BFD00E0020044B5A780D
:1003F000824286BF1B1893F842010020704700BF5D
:10040000D00E0020064B00224FF461711A8083F851
:10041000C32183F8C421A3F8C61183F8C221704711
:10042000D00E0020014B83F8C4017047D00E00208D
:10043000014BB3F8C6017047D00E002030B50A4B0F
:100440005C7884420ED9184490F802012B3003EBFB
:10045000C004A5790D7053F830001060A388938014
:10046000012030BD0020FCE7D00E002002460748E6
:1004700010B590F8C34124B1417821B1023002F0A7
:1004800095FF204610BD0C46FBE700BFD00E0020B4
:100490002DE9F74F2F4C00921A466378834280462D
:1004A000894654D9231893F8425185F00105E9B1E2
:1004B00093F84A31D3B945F002070135C2B9F907BB
:1004C0000BD5062101FB084104EB081001F58571ED
:1004D00082300092FFF71EFF009ABB0733D504EB72
:1004E000081049460230FFF715FF2CE02F46E5E7DC
:1004F00094F8A1614FF0010A002DE0D004EB060B47
:100500009BF8991199B9009B0192D3B100F0A4FB1B
:1005100006EB460121444FEA102C81F8A201019A12
:1005200081F8A3C1000C81F8A4018BF899A194F87B
:1005300098110136B6FBF1F001FB1066F6B2013DF1
:10054000DAE747F00407384603B0BDE8F08F00272C
:10055000F9E700BFD00E0020074B5A78824209D934
:100560001A1892F842212AB9062202FB003000F53F
:100570008570704700207047D00E0020064B5A78D7
:10058000824281BF1B1893F83A01B0FA80F040090B
:1005900098BF0020704700BFD00E002030B5002467
:1005A000A0F85040B0F8544042F210754C43B4FBF0
:1005B000F2F4A0F85440541E05FB0343B3FBF2F3DE
:1005C000A0F85230094BB3FBF2F30133A0F85830D6
:1005D000B0F84C3005FB0344436CB4FBF2F45943D0
:1005E0008464B1FBF2F2426430BD00BF005A620283
:1005F00070B504460D4659BB4FF4367208F034F816
:10060000012384F89E30492384F8E930042384F8D8
:10061000EA306FF03B0384F8EB306F2384F8EC3062
:100620006FF03F0384F8ED302B2384F8E830FE238D
:1006300084F826317F2384F895301E4BC4F880302F
:10064000202384F8EE5084F8EF5084F8943270BD83
:10065000012922D100238269A0F81E3280F81332CA
:10066000154B1344B3FBF2F3C0F8C03040F6B83377
:10067000A0F8C4301146438C7830FFF78FFF0BF0A1
:1006800003FF30B1E069FEF719FF10B984F8FF519C
:10069000DDE7002384F8FF31D9E70229D7D1B0F88C
:1006A000BA32D0F8B4228169BDE870407830FFF7E3
:1006B00075BF00BF00E0FCFF7FC3C901034B80F89A
:1006C0006C101B680BB10088184770477C00002035
:1006D000074B93F900301844142804DC10F17F0F05
:1006E00003DB40B27047142070476FF07E00704704
:1006F0009810002007B57F230DF107008DF8073013
:1007000003F04AFD9DF9073068B10A4A507840422B
:1007100043FA80F0142808DC10F17F0F07DB40B2A9
:1007200003B05DF804FB1846FAE71420F8E76FF011
:100730007E00F5E798100020024B00221A705A70D4
:10074000704700BF98100020054BFF221A70054A21
:10075000016811600179117100221A70704700BFA1
:100760009A1000201800002007B5064B186800906A
:100770001B798DF804306846FFF7E6FF03B05DF89B
:1007800004FB00BF59EB0300437843B1C2783A2A17
:1007900007D80549885CC31A584258417047184623
:1007A00070470120704700BF38A203003A2908B5FE
:1007B000C17003D8064B5B5C437008BDFF2904D0B1
:1007C0004FF489612A20FCF7AFFD0123F4E700BF55
:1007D00038A203002DE9FF478A4602A9164699462A
:1007E0000AF096F8054600283FD1039F36B9012448
:1007F00087F89D40204604B0BDE8F087D7F8108008
:100800003146404608F021FC04460028F2D0194B3E
:100810005B88B3422BD3014601AA404608F06AFD2B
:10082000019B1D809D7097F89D300198002B0CBF97
:10083000514602210AF091FA0198324649460330A6
:1008400007F09CFE3146404608F034FC044618B9D7
:100850007B212B20FCF768FD02A80AF055FB039BC7
:10086000A3F80A5287F89D50C4E70124C2E72C463A
:10087000C0E700BF9C100020024B987DC04300F0F1
:10088000010070479C100020034B987D80F002000F
:10089000C0F34000704700BF9C10002010B5094C09
:1008A00014220021204607F0DFFE1222002104F16D
:1008B000140007F0D9FE01232373231DC4E900337C
:1008C00010BD00BFB81000207FB505460C4619B911
:1008D000F1211020FCF728FD03888B8000234B7248
:1008E0004669304608F0F8FC014608B9FA21F0E7FD
:1008F00001AA304608F0FEFCE08008B9FF21E8E7D5
:10090000FB2802D940F20111E3E701980AF02DFA21
:10091000012801D0022805D12072206828B94FF49F
:100920008C71D6E740F21111D3E70199E2880331C7
:1009300007F024FE304608F0E5FC10B940F21D1126
:10094000C7E70021304608F019FC10B94FF4917147
:10095000BFE70B4BDA7D82B11A8B2888013A02A9D6
:100960001A8309F0D5FF10B140F22B11B1E7039AB9
:10097000B2F8AE300133A2F8AE3004B070BD00BFA3
:100980009C10002010B520B940F21B211020FCF76C
:10099000CBFC41600272EFF3108472B6094B1A1D52
:1009A0000260596819B1097A012908BF1A601A68EA
:1009B0001060186004B962B6BDE8104093F82600D4
:1009C00007F074BCB8100020024B83F82600FFF734
:1009D00065BF00BFB8100020014B024A1A60704783
:1009E00080000020C9080100F7B54F4D4F4F064663
:1009F0006B681B7A0C2B07D1FB7D2BB13B8B1BB992
:100A00000022104603B0F0BD2B699BB11B7A8BB15D
:100A10002C69002CF4D0237ADBB205222272023B2F
:100A20000A2B72D8DFE803F017324671714F7171EB
:100A3000717164006C68237A012BE1D0EFF31083AD
:100A400072B66A6812686A6003B962B6237A002BCC
:100A5000DAD02C61DFE7636823B940F2A1111020DE
:100A6000FCF762FC3146204698470422EFF31083DE
:100A700072B6217A0529C8B201D000284ED10021D2
:100A800021722961002B45D162B643E0636813B936
:100A90004FF4D571E3E7314620469847C0F307236A
:100AA000012BADF80400C2B232D0022BDED10023FC
:100AB0002B612FE0636813B94FF4DA71CFE720465A
:100AC00098470022D2E763680BB9C621C7E70B221B
:100AD00032701988A6F8031001220024B2707271D6
:100AE0001869B471214608F049FB2C61042288E79B
:100AF000606810B940F2DF11B1E70D4B31461B6859
:100B0000984700232B6102227BE74FF4F471A6E79C
:100B100003232372002A3FF46BAF72E7002B7FF4AC
:100B200067AF62B664E700BFB81000209C100020D9
:100B3000800000200448037F23B9044902221430B6
:100B40000AF009BA704700BFB810002049AF010091
:100B50001B234FF01B128384038482618382C26053
:100B6000038539B94FF4A473034AC3844384C26133
:100B7000C3820261704700BF48014801B0F85420A9
:100B80000B46B0F848109142F0B528BF1146B0F8B6
:100B90004C40B0F85620B0F84450C78FB0F84260CF
:100BA000C187A24228BF2246B0F84640A0F84220A2
:100BB000944238BF14468D4238BF0D468F42A0F88C
:100BC0004450A0F846402ED1B61A18BF0126B0F8FE
:100BD0004A50B0F85040B0F852E0B0F83CC0B0F81D
:100BE0004070A54228BF2546B0F84E408587744521
:100BF00028BF7446AC45A0F8404002D1A74200D1BE
:100C00009EB10088A3F80900A3F80B50A3F80D408B
:100C1000A3F80F10A3F81120BDE8F0400349022209
:100C200018460AF0AAB90126D1E7F0BD8DAF010040
:100C30000B8BA2F80B304B8BA2F80D308B8BA2F8EC
:100C40000F30CB8BA2F809000249A2F811301046F0
:100C50000AF08DB9CDAF0100094AD2E90003434043
:100C600083EAB01181EA43214FEAF3435360054B15
:100C7000116058434FEAF06000EB8000704700BFFE
:100C8000E0100020BB79379E094AD2E902034340B5
:100C900083EAB01181EA43214FEAF343D360054B65
:100CA000916058434FEAF06000EB8000704700BF4E
:100CB000E0100020BB79379E38B50A4C04F10805D6
:100CC00008212846FCF7C0FCD4E902231343F7D0DF
:100CD000FFF7DAFF2060FFF7D7FF23686060034368
:100CE000F6D038BDE0100020174B184A9A60184A19
:100CF0005A60184A1A60184A9A62184ADA62184A00
:100D0000DA60184A9A61184A1A63184A1A62184A2D
:100D1000DA64184A9A64184A5A62184B184A9A6058
:100D2000184A5A62184ADA62184A1A61184A5A610D
:100D3000184A9A61184A1A63184A9A64184ADA6477
:100D4000184A9A63704700BF8400002099B20100DE
:100D5000890F0100F50F010033B4010005B5010052
:100D60007FB401001BB50100B1120100491101005F
:100D700007B601002FB60100A1110100700100208B
:100D8000C5B20100C7B501003DB50100AD100100BD
:100D900061B50100E5100100ABB6010067B60100C6
:100DA00055B60100A1B50100044B054A5A65054B33
:100DB000054A1A65054A5A65704700BF840000203D
:100DC00031B30100700100200BB30100A9B3010091
:100DD000054B064A9A65064A1A66064B064A9A6504
:100DE000064ADA65704700BF8400002095A701001D
:100DF000A1FE000070010020BFA601003DA8010077
:100E0000252A70B505460C4618D8012A19D9023A88
:100E1000232A16D8DFE802F01A15252424331535C5
:100E2000152439444815154D242467676D7415152C
:100E3000151515151515151515808990FF2A00F043
:100E4000828040F2D6315120FCF76EFA0278436876
:100E5000012A02D193F8283101E093F8313123714E
:100E600070BD4168204601F50A7109F0E8FF696824
:100E7000204601F50C71BDE8704009F0E2BF4368FF
:100E8000E8E7BDE8704000F0F7B90D230B71592376
:100E90004B7100238B71FB23CB7111230B72DFE7A6
:100EA000436893F82231DAE7BDE87040084600F065
:100EB000D1B90378466873B996F828315BB196F8D2
:100EC000251120460AF00EF896F824112046BDE8B8
:100ED00070400AF00BB896F8231120460AF002F889
:100EE00096F82211F2E741682046BDE870400AF00A
:100EF00088B9436893F83E21227193F83F3109E0A5
:100F0000436893F83C21012AF4D093F864200A71D5
:100F100093F865306371A3E7104B1B68002B9FD0DB
:100F200002462320BDE8704018470C4B1B68002B7D
:100F300096D002462420F5E7084B1B68002B8FD083
:100F400002462520EEE74368204693F8A722D3F80F
:100F5000A812BDE8704009F00CBF00BF5C02002081
:100F60003A289ABF024B53F820000020704700BF78
:100F7000840000203A289ABF024B53F8200000203A
:100F8000704700BF7001002070B5044640680D46F0
:100F900090F8972001230021783009F0C6FC20B397
:100FA0002846666809F02EFFA6F8AC026068B0F823
:100FB000AC32B0F89010013B5B1A9BB247F6FD7162
:100FC0008B4208D9282380F8B9300949B03009F09C
:100FD000CEFF002070BD00F2AE21284609F00DFFC3
:100FE00063680A2283F89720F3E70120F2E700BF45
:100FF00033B2010070B5054640680C4690F8972062
:1010000001230021783009F090FC002849D000210C
:10101000204609F0C5FE28B921462846BDE87040A3
:101020000AF0DBB86868B4F80D30B0F89020A0F88A
:10103000AC32D24313449BB247F6FD72934208D9B7
:10104000282380F8B9301849B03009F090FF00200B
:1010500070BD204609F09BFE6E6840F2E2425043AC
:10106000C6F8B4022379C3EB431103EB810303EB0E
:1010700083035B00A6F8AE32B4F805305343C6F8DC
:10108000B032204609F086FEA6F8B80220466E6807
:1010900009F083FE6B68A6F8BA020D2283F8972048
:1010A000D5E70120D4E700BF33B2010008B540689E
:1010B00090F89730152B04D04FF492711F20FCF755
:1010C00033F9012380F8D730162380F89730BDE834
:1010D00008400349022200F52F7009F03CBF00BF11
:1010E0000BB4010038B5436893F897201C2A0446D6
:1010F00004D040F271111F20FCF716F993F8D810B4
:101100001D88002283F8D72003F5F97071B10C49CE
:1011100083F8D82083F8FB21A3F8FC51022209F0C0
:101120001AFF6368002283F8972038BD012283F8F4
:10113000FB1183F8FE210349A3F8FC510222EEE7DC
:10114000F7B30100DFB30100436830B5D3F888403E
:1011500014F001001FD14D68104A8968A3F8D4002B
:101160002A40C3F8E820C2F3076242F0080221F4E3
:101170001E5121F0100183F8EB2093F8D6200904CA
:10118000090C013244F00104C3F8EC1083F8D620B6
:10119000C3F8884030BD0120FCE700BF2F4904F7A9
:1011A00070B54468037894F896200D4604F17800F1
:1011B000072109F0BAFB80B36968AA68194B22F4C9
:1011C0001E520B40C4F8E83022F01002C3F307634C
:1011D00043F008031204120C84F8EB300023C4F827
:1011E000EC2084F8D23084F8963094F89C2102F0F8
:1011F000FF06A2B92388A4F89E3184F89D616B682C
:10120000C4F8A031AB680849C4F8A431022204F53F
:10121000CA7009F0A0FE304670BD0126FBE71E46ED
:10122000F9E700BF2F4904F77FB50100406890F847
:101230009C315BB90388A0F89E311A2380F89D3158
:101240000349022200F5CA7009F085BE704700BF4D
:101250007FB5010010B50446FEF7BEFD21F41E5116
:10126000044B21F0100109040340090C6360A160E4
:1012700010BD00BF2F4904F737B50C464568FEF78F
:10128000ABFD0A4B95F8E82021F41E5121F0100126
:10129000034009040093090C13408DF800300191BC
:1012A0006B4603CB6060A16003B030BD2F4904F7EB
:1012B00038B54468037894F896200D4604F1780018
:1012C000082109F032FB18B9D4F88830980744D4C3
:1012D00094F8D93099071DD4284609F0B5FD84F853
:1012E000E300B5F80530A4F8E430B5F80730A4F809
:1012F000E63094F8D93043F0020284F8D920DA07B6
:1013000002D494F842312BB11549022204F1DA00DB
:1013100009F033FE94F8D930DB0713D4D4F88830C1
:1013200013F0020203D056214020FBF7FDFF43F0EB
:101330000203C4F8883094F8D630A4F8D4200133DE
:1013400084F8D63094F89630012B4FF0000003D18A
:1013500084F8960084F8D20038BD0120FCE700BF75
:101360008DB60100044B9B685843C3F580534B4333
:1013700003EB2030704700BFF010002070B54568C7
:10138000044602F083FB85F88700FFF7B3F97F2856
:10139000014685F895000ED0D5F88000FFF7E2FFF2
:1013A000054BC5F880001B7B2BB1044B20461B6806
:1013B000BDE87040184770BDF010002064020020A6
:1013C000014B1B68184700BF60020020F0B5204D9C
:1013D0002B7800241470CBB3013B6F68DBB21D1B6C
:1013E000012D0BDC07EBC40557F834606D688D42A6
:1013F00008BF864212D114700120F0BD1D196E1075
:1014000007EBC60E57F836C0DEF804608445C5F316
:1014100047058E412CBF2B462C46E0E7B04271EBCE
:10142000050502D214700020E7E707EBC30457F864
:10143000335064688C4208BF854201D11370DBE7EA
:10144000A842A14128BF01331370ECE71846D4E746
:101450000011002010F0070208B503D063214820D6
:10146000FBF762FF18B1034B197258601A70C8007D
:1014700008BD00BF00110020014B00221A70704708
:1014800000110020014B187A704700BF00110020A6
:101490002DE9F7430AF03BF90DF1070206460D4628
:1014A000FFF794FF98B910490A780B7A93420ED04F
:1014B0004C6813466FF060479DF80700984209D3C7
:1014C00004EBC003C3E9006501320A70012003B0D8
:1014D000BDE8F083D81904EBC000D0E90089013BD6
:1014E000C0E90289DBB2E7E70011002037B50AF056
:1014F0000EF90DF10702FFF769FF0446A0B10C4A8F
:101500009DF8070013785568013BDBB213701A1A77
:10151000D2B2411CD200834238BF002205EBC10188
:1015200005EBC00006F0E6FF204603B030BD00BF6B
:101530000011002038B5074D044600F1510128681C
:1015400009F081FB94F850102868BDE8384009F094
:1015500088BB00BF0C110020F8B504460E46658814
:10156000407F15F0040508BF2946134618BF04F153
:101570005F013246FEF78CFFC20705460BD50123FB
:1015800084F85030607FFEF7E7FF0368C4F85130FD
:101590008388A4F85530AB070CD5094E0127306875
:1015A00084F85E7004F15F0109F054FB306839463D
:1015B00009F060FB85F00400C0F38000F8BD00BFB7
:1015C0000C11002038B5C38D0E4D0133C385AB7CA3
:1015D00004462BB102F0D2FD01F01AFF0023AB74D8
:1015E00000232B7194F871302BB101212046BDE806
:1015F000384008F037BA637C13B1E28D9A42F4D2D6
:101600000021F3E70C11002070B5294C2379012B40
:1016100007D02379022B04D040F6E2412D20FBF7BE
:1016200083FEA0B90125A37C1BB102F0A7FD01F048
:10163000EFFE002D3AD0E06908F08CF9002830D098
:1016400002F0ACFB236ABDE870409B681847216834
:10165000E26911F8095B02F15103E80992F85020A0
:1016600009F008F90028DDD02068002109F027FBE7
:101670000028D7D02379E069012B05D02379022BEC
:1016800002D040F6BB41C9E72379226A03F18043C7
:101690005269013B05F00F0152F823309847054687
:1016A000C1E7E069BDE87040FFF78CBF70BD00BFC7
:1016B0000C11002010B5134CA37C1BB102F05EFD91
:1016C00001F0A6FEE06908F045F970B12379E06900
:1016D000012B0FD12379226A03F18043D268013BA9
:1016E000BDE8104052F823301847E069BDE81040CB
:1016F000FFF768BF2379022BECD040F6E7312D20AD
:10170000FBF712FE0C11002018B1084BD869FFF747
:1017100059BF51B1054A1379116AD069096903F1BA
:101720008043033B51F82330184770470C110020C9
:101730002DE9F043032985B0054690467ED090F808
:10174000703003F0FF02002B7DD1052904D16B8896
:10175000D8075FD5002A5DD10127DFF8F09099F80E
:101760001260B6B109F0BBF8082888F8000014D060
:1017700002AA0DF10701FEF761FE20B940F64271A1
:101780002D20FBF7D1FD9DF8070002A909F0CBFF42
:10179000064698F80030082B08D1D9F8001011F847
:1017A000030BC0F3801009F0BEFF0646D9F8001005
:1017B00095F8572011F8030B05F15803C0F380107A
:1017C00009F058F8D9F80010044611F8030BC0F3DB
:1017D000801009F07AF88146FEF7D0FE40B1B9F1E9
:1017E000080F1CD04846FEF7F5FD80F00100C0B29E
:1017F00098F80020082A16D09CB96B7F991A4B42A2
:101800004B416A88520706D420B99EB9EB7C9BB144
:10181000BB4211D00023184605B0BDE8F08300207C
:10182000E6E70123EDE714B180F00104E4B204F02F
:101830000103E6E73346EEE70123ECE743889B0725
:10184000E8D5022789E70529E4D180E70C110020BB
:101850002DE9F04F85B008230DF10702052104465C
:101860008DF80730FFF764FF064620B900263046A2
:1018700005B0BDE8F08F7D4D2968EA7C11F8030BB7
:1018800005F11403C0F3801008F0F4FF07460028A8
:10189000ECD12B68216A184691F89E2010F803CBF2
:1018A00002EA5C1202F0010281F89E20D3F80320C4
:1018B000C1F803208288A1F807201A46216A12F88D
:1018C0001F0BC0F38010887012798DF80C20D3F8AC
:1018D0000F20D3F81F00CA615A7D0290187D1204B0
:1018E00042EA0022D87C02434A62B3F8192040F24F
:1018F000E24808FB02F28A619A7DC2EB421002EBD9
:10190000800202EB820252008A85B3F8172008FB9E
:1019100002F28A62B3F81B200A84B3F81D204A84BD
:1019200093F8243003F01F0381F8AA30D4F82090F4
:1019300094F912B002A909F19E0009F0DAF82B68B7
:1019400093F824305B0989F8003240F20113A9F8BA
:1019500068304FF0FF0A89F86AA0394609F1300073
:10196000FFF7F6F859464846FEF7A8FE236A84F8C2
:101970007B701A88A4F87C2084F899A04FF6FF7237
:10198000A4F89A209A69B2FBF8F2A4F892201A8C73
:10199000A4F894205A8CA4F8962093F8002284F896
:1019A0009820227F9DF8070004F186015AB394F82D
:1019B0005020012A27D194F8562002F0C002402A74
:1019C00021D1D4F85120C4F88620B4F855208A805B
:1019D0009A7884F87F20082803F1030704F1800235
:1019E000D3F8033004F18C0136D0C4F88C30BB88B6
:1019F0008B8004F17F01FEF721FD40B94FF4446173
:101A00002D20FBF791FC0022C4F88620DFE794F834
:101A10007F3043F0020384F87F301549022204F13D
:101A2000720009F098FA236A12491A88A4F8B320C0
:101A300093F89E3084F8B530022204F1AA0009F030
:101A40008AFA0D4B206A1B6800222A71002B3FF492
:101A50000EAF214698470AE7C4F88030BB889380D0
:101A60000023C4F88C308B80D7E700BF0C11002016
:101A700069B701003BB701006C020020032973B570
:101A8000044604D0052953D0012002B070BD0823BC
:101A90000DF107028DF80730FFF74AFE0028F3D05A
:101AA000237C284D0BB39DF8070094F8BE30E3B9B2
:101AB000237884F8BF30082804F1C10229D004F14A
:101AC000C001FEF7BBFC20B940F6BF712D20FBF72B
:101AD0002BFC94F8C03043F0020384F8C0301A495C
:101AE000022204F1B60009F036FA2B680622042619
:101AF0005A701E702046FFF71DFD94F84020E16BE0
:101B0000286809F0CDF828682E7102F0C9FA002083
:101B1000BBE72868034613F8031BC1F3801184F860
:101B2000C010D0F80310C4F8C1109B889380D6E78A
:101B3000064B1B6823B1984780F00100C0B2A4E7B0
:101B40001846A2E70C11002051B7010068020020DE
:101B50002DE9F04104460E4619B300F12805284648
:101B600009F0FCFFA0B963881A072ED528460AF0B1
:101B70000CF80746284609F0F1FF381AC0B20AF0FF
:101B800014F8544A936818449060284609F0C2FF3C
:101B9000284609F0C4FF02F0BFF82179252001F0A2
:101BA000BFFF4C4D94F85E202868002303704370FB
:101BB0006388103B0D2B57D8DFE803F052564E0CCC
:101BC000563956565656565656392046BDE8F041B7
:101BD000FFF7F8BC06234370202303702046FFF76D
:101BE000A9FC638823F008039BB2152B05D094F859
:101BF0003820616B286809F044F8286802F050FA30
:101C000003232B7136B16388102B32D12179002048
:101C100002F088F86388103B0D2B56D8DFE803F0FC
:101C200058554F4F554F555555555555554F0C23F4
:101C300043702123037042B104F15F0109F00AF8F7
:101C40000121286809F016F8C8E704F1580109F0E5
:101C500001F894F85710F4E7062303704370BDE7CA
:101C6000022303700623F9E740F255612D20FBF7AC
:101C70005BFB04F128084046EF6809F086FF064642
:101C8000404609F06BFF013E301A61882822C0B23D
:101C900000F03EFA63881B07074406D5AB681F4473
:101CA00009F080FF3844C4F8D80022793946002072
:101CB00002F06CF90028ADD140F65751D6E72179F2
:101CC0000120BDE8F04102F073BA40F66B51CDE758
:101CD000BDE8F0810C11002038B54388102B044674
:101CE00004D1BDE838400121FFF732BF0B4DAB7C7A
:101CF00023B101F073FB402002F034FA286802F0AF
:101D0000CFF9608810F0040002D1217902F050FA76
:101D1000002002F003FA01232B7138BD0C110020C2
:101D2000024B0121D869FFF713BF00BF0C1100203F
:101D300007B50D4B1A799AB11A79D869012A02D0E0
:101D40001A79022A07D19B7C2BB1019002F016FA76
:101D500001F05EFB019803B05DF804EBFFF732BCC5
:101D600003B05DF804FB00BF0C11002010B509485A
:101D7000037903F0FF0453B918222146043006F01A
:101D800073FC02F0FBF901F043FB204610BD0C246C
:101D9000FBE700BF0C11002010B5094C0023237194
:101DA0002060FFF7E3FF20B140F225312D20FBF743
:101DB000BBFA236A13B94FF44A71F7E710BD00BFAD
:101DC0000C110020014B024A1A6270470C110020CE
:101DD000B8200100034B044A1A60044B044A1A60FD
:101DE000704700BF68020020511801006C020020FB
:101DF00031F400002DE9F041067DB31EDBB2012B6A
:101E000004468CBF4FF000084FF001087EB3B71EA8
:101E100018BF0127012B36D800F1580190F8570060
:101E200008F053FD082805462DD0FEF7DFFA58BB11
:101E3000657784F81C8084F85070FEF7F9FA05463F
:101E40000AF058FA174BA5FB0335181845EB0105A6
:101E50000022C4E9120584F85E2011462046FFF7EF
:101E60007BFB70B940F2C2412D20FBF75DFA37468B
:101E7000082504F151010020FEF79EF90028D7D172
:101E80000020BDE8F0810825022EF2D0E37E002B71
:101E9000F6D0D4F81530C4F85130B4F81930A4F89D
:101EA0005530C5E740420F002DE9F041634E3379CC
:101EB00088B0044603F0FF0513B90378FF2B04D163
:101EC00040F6DE112D20FBF72FFA5D4B04935D4B9E
:101ED00005935D4B0693336A75715B6880F87150AA
:101EE00004A807933582B560B57102F0D1F801F00E
:101EF00055FE02F043F901F08BFA544801F0E6FE7A
:101F0000534802F0BFF804F12800019009F002FEE6
:101F1000019809F004FE01F0FFFE2179252001F06F
:101F2000FFFD94F9120001F0CBFE2846217901F063
:101F3000C5FF0546F06030B92046FFF743FB284651
:101F400008B0BDE8F081012104F1680008F086FCCA
:101F500004F13401206B07F0EBFA04F13C01074671
:101F6000206B07F00AFB05461FB194F82430002BC4
:101F70003ED10DB194F82550237F13B963885B07D8
:101F80000AD5D4E912126FF000439A4208BFB1F1AA
:101F9000FF3F2FD1002D35D130680330FEF766FAB0
:101FA0006588B07415F0010546D00023276ACDE995
:101FB0000233FF23F37407F10A0802A8FBF702FEBD
:101FC0000028BCD1029CA742F7D07A7A607A4346B7
:101FD00004F10A0108F04EFC0028EED0A378F37457
:101FE000D4F8030070611B4BB4F807209A80A6E771
:101FF0000125C1E70AF07EF9D4E91223904271EB82
:102000000303C7D3012205EA02012046FFF7A4FA21
:1020100068B1FEF70DFA05460AF06CF90E4AA5FB09
:102020000232181842EB0102C4E91202B4E7002D93
:10203000B2D040F61F2145E7012580E70C110020B2
:10204000B51601000916010009170100D6BE898ED8
:10205000555555002011002040420F00024BD86119
:102060001B6A1B68184700BF0C11002043881B0720
:1020700010B5044612D5036A0A493C2280F87B2039
:102080001B88A0F87C30FF2380F899304FF6FF734F
:10209000A0F89A300222723008F05DFF012384F824
:1020A000713010BD69B701007D1A0100D91C010013
:1020B000C9B70100C3B701002DBA0100311D0100ED
:1020C000211D0100B4200100AC200100A820010066
:1020D0000138022808B503D9CA212F20FBF724F9BB
:1020E00013290A4B05D811290CD8102907D0D8215B
:1020F000F3E71529FBD103EB4003D88801E033F85F
:10210000100008BD03EB40039889FAE774A20300AE
:1021100008B5431EDBB2012B05D91D291ED0EE21C7
:102120002F20FBF701F910390D291BD8DFE801F04A
:10213000071A11111A0C1A1A1A1A1A1A1A160B4A15
:1021400002EB4303588A08BD084A02EB4303D88ACE
:10215000F9E7064A02EB4303588BF4E740F25A339F
:102160005843F0E74FF48171DAE700BF74A203002F
:1021700008B5084B586890F89C304BB990F89720F8
:1021800001230621783008F0D0FB00F0010008BDE3
:102190000120FAE730110020F8B52D4B1A894028AC
:1021A00042EA00021A8105D158680421BDE8F840CE
:1021B000FDF7A2B800F00302032A04D140F60E2175
:1021C0003120FBF7B1F810F0020418BFD960C50741
:1021D00005D5CA781961062A0DD00B2A18D02CB162
:1021E000DA68D278052A1FD00B2A2AD0820644BF8B
:1021F00008221A75F8BD5A6892F897101829EED17E
:10220000002600270121C2E93E6782F89B10E6E71D
:102210005A6892F89710122901BF002182F89B108A
:10222000012182F8D810DAE75A6892F89710162937
:10223000DCD100240025C2E94045012182F89C1030
:10224000D4E75A6892F897101129CFD10021F5E709
:102250003011002013B5044601A8FDF737FF20B95F
:1022600040F2ED713120FBF75FF822220021019846
:1022700006F0FAF90198032108F06FFD0198037840
:1022800023F0100303702146FEF790FA01990648E7
:102290002246FEF7B5FDFDF72DFF10B940F2F771AC
:1022A000E0E702B010BD00BF3011002070B5274C30
:1022B000636893F8AE6293F8AF52002E3FD193F863
:1022C0006810002D3DD193F8692083F8681083F8D9
:1022D0006920FF2283F86A201D4B1B680BB16068E0
:1022E0009847636893F83C31012B02D056EA050306
:1022F00003D016480021FDF797FD6068303008F0E4
:10230000B3FE0546606800F25311FEF737FC6068C3
:102310000521FCF7F1FF6068303008F0A5FE85422A
:10232000044610D202F020FC0146601B322838BF60
:10233000322005F07BFAB0FA80F0400970BD3146DA
:10234000BFE72A46C1E70120F8E700BF30110020AF
:1023500074020020002908BF1F21172810B503466A
:102360000BD80D280DD90E3809280AD8DFE800F05F
:102370000B0909090B090B09110BA0F12303022B0F
:1023800024D9002010BDBDE810400021184609F0F6
:1023900010BC124C606890F89630212B09D1204671
:1023A000FDF742FD6368002283F8962083F8D2206F
:1023B000E7E72E2BE5D190F8972001230B21783009
:1023C00008F0B3FA0028EDD12A21E8E7044B1B6896
:1023D000002BD6D0BDE81040184700BF30110020B8
:1023E00070020020114B09790246586890F8963027
:1023F000212B11D02E2B0FD0282B0FD0042B0FD038
:102400000F2B0FD01D2B0FD090F89730232B14BF1C
:10241000FE201720FFF79EBF1620FBE72320F9E7D9
:102420000E20F7E71220F5E71420F3E73011002023
:1024300008B50C4B5B6893F82621FE2A04D040F2C5
:10244000FC713120FAF770FF83F8260111B9A3F867
:10245000D41008BD0022A3F8CE20012283F8D22098
:10246000F7E700BF301100200D4B1A7D9AB940B933
:102470005B68B3F858109A8F91420FD81846FCF752
:102480002DBF1A89120708D55B6893F898000738A2
:1024900018BF01207047002070470120704700BF1F
:1024A0003011002070B54368D3F8883013F0300F36
:1024B00086B004460D4655D1084608F0DFFC30B919
:1024C0002946204606B0BDE8704008F086BE284682
:1024D000666808F0CFFC0590284608F0C7FC049019
:1024E000284608F0C9FC0390284608F0C1FC3036A5
:1024F000DDE9033200900599304608F0C7FD1A4B1C
:102500001A89920710D5DA68D278142A0CD1626839
:10251000D2F8883043F01003C2F88830204608F023
:102520002EFE002006B070BD626892F896101D293C
:10253000EDD092F83321002AE9D1626892F8322175
:10254000002AE4D16168D1F8882042F02002C1F865
:1025500088205A68114602F5B37231F8300BFEF745
:1025600067FBDBE70120DDE730110020F7B5834C86
:102570000546002840F0B28023891F0728D56368EC
:1025800093F82621FE2A04D14FF4A8613120FAF7EE
:10259000CBFEFE2283F8262193F897201A2A07D132
:1025A00083F8D700204608F0F4FD636883F897505D
:1025B000606890F89630202B33D0332B40D063687E
:1025C00093F89820072A02BF0222627583F8262119
:1025D0002389DE073DD42389580700F1B18099078C
:1025E00013D5E368DE780D2E00F0B280112E00F0D6
:1025F000B180072E00F0B0803046FEF7BBFC0346EA
:10260000002800F0AB805D4898472389DA0665D53D
:10261000636893F897200A2A60D10B2283F89720E9
:102620005CE090F8972001230B21783008F07DF9C9
:10263000636818B12E2283F89620C0E72122FAE7BA
:10264000012380F8A532002380F8963080F8D2303C
:10265000B5E76068276990F89720FE780123052187
:10266000783008F062F958B1B31EDBB2092B00F2E2
:102670008180012202FA03F340F23332134279D00F
:102680003846FEF781F820B939463C4808F0A5FDE8
:102690004BE0FE78012E01D9162E0FD1636893F816
:1026A000960008F08BFD48B1636893F89620202AC5
:1026B00004D0212A0ED12E2283F89620112E39D053
:1026C0002AD8072E38D00D2E38D03046FEF748FCD9
:1026D000034625E0162E0CBF20250225237D1B076F
:1026E00017D56068012390F897200521783008F00D
:1026F0001CF9064600283FD1019001A90320FBF7F1
:10270000A1FE019B2BB11E720C226168019808F09A
:1027100022FC284603B0F0BD142ED6D1184B1B68FE
:10272000002BB1D021691548984700283FF453AFDA
:102730000546D3E7134BF5E7134BF3E7134BF1E7EC
:10274000626892F89820062A04BF0122627546E763
:102750000F4B58E70F4B56E70F4B54E7FF2E06D1B0
:102760006268332182F8961082F8A4024DE740F2A5
:1027700034510BE70825B1E70825CAE730110020DE
:102780007C020020A5BC0100FD270100E52301001B
:1027900057BC010075BC01009D27010010B5164B08
:1027A000DB681979436893F89620092A09D193F8D0
:1027B00021218A4205D1002283F8962083F8D22075
:1027C00010BDD3F8882012F0080407D022F00802C8
:1027D000BDE81040C3F8882008F0DBBCFF2905D114
:1027E000332283F8962083F8A442E9E740F2CE41F1
:1027F0003120FAF799FD00BF3011002010B50B7998
:102800004268172B92F8962004460CD80D2B0CD951
:10281000A3F10E01092908D8DFE801F0090707072D
:10282000090709071009232B26D0002010BD2246D6
:102830000121BDE81040184609F0BBB9212A01D09A
:102840002E2AF2D1204608F091FC636893F8972075
:10285000222AEAD093F8E92022F0010283F8E92045
:10286000626892F8E93023F0080382F8E9301A210F
:102870002046FDF7D9FAD8E7282AD6D1024B1B68A3
:10288000002BD2D09847D0E7780200202DE9F04104
:10289000B04C228963680746D00555BFB3F8C820FD
:1028A00000220132A3F8C8204CBF83F81C22A3F8F1
:1028B000C8200E46FFF75CFC50B1238960681905FB
:1028C0005FD590F89C30002B5BD00023C0F8BC3063
:1028D000238903F4407333B1606890F89A30002B79
:1028E0006CD0032B70D06168238991F89A20012A5B
:1028F00004D15A0544BF022281F89A20002F40F0EB
:10290000EB825D065DBFB1F83422013292B23A46E5
:10291000A1F8342203F00A020A2A0DD1E268D27823
:10292000022A09D123F0080330462381FFF71EFE57
:1029300008233043C6B223813046FFF717FE3043E9
:10294000C6B2606890F82631FE2B77D1002E75D183
:10295000012390F898201946783007F0E6FF002808
:102960006CD1636893F830319BB3636893F831217D
:10297000A3F8CC6083F8282101210220FFF758FD3D
:102980005CE0D0F8BC30D0F8C02001339342C0F8EE
:10299000BC3004D8E18AD51A05318D4202D8012114
:1029A00080F8C610934293D30023C0F8BC306A4924
:1029B000022200F5A57008F0E0FA89E7012180F80D
:1029C0009A10FCF799FC8EE7022380F89A300121D7
:1029D000F7E76068012390F897200421783007F02A
:1029E000A4FF0546A0B1636893F89720113A0B2A1B
:1029F00000F24481DFE812F0040142014201420189
:102A000007010A0142014201420142014201300133
:102A10006268D2F88830D80702D531460920ADE780
:102A2000990740F1928031460C20FFF701FD626862
:102A300092F8D93043F0010382F8D9306568B5F8CF
:102A4000103295F814820133A5F81032B8F1000F56
:102A500000F01882FBF7E8FC10B10023A5F8103253
:102A60006068012390F897200021783007F05DFF1F
:102A700028B9636893F897300B2B40F01B8260688D
:102A8000012390F896200021783007F04EFF0028AF
:102A900000F010826068012390F8982000217830BF
:102AA00007F043FF002800F00582636893F89A203E
:102AB000022A40F0FF8193F81C22002A40F0FA819C
:102AC000186906F077FB002800F0F481606890F840
:102AD0002631FE2B40F0EE81B0F80A32012B40F295
:102AE000E981B0F8CA20B0F8C810951E0123A942A8
:102AF00080F81232BCBF02F1FF335B1AB0F81052FB
:102B0000E18AB8BF9BB28D423BBF4A1C521B0122D7
:102B100092B2934228BF1346012B02D1002280F8C3
:102B200012226068B0F8902090F89A1013449BB27B
:102B30000129A0F80C3240F2CD810239012940F27E
:102B4000C18140F66101312033E1580706D5314695
:102B5000132013E730110020F9B50100190706D53D
:102B600092F8203182F828313146072006E713F029
:102B7000300F3FD092F83331002B40F096826368DB
:102B800093F83231F3B1606890F89730252B00F557
:102B9000997100F2AE222BD090F89630A3F1250C5B
:102BA000DCF1000343EB0C0308F062FA6268D2F830
:102BB000883023F0200343F01003C2F8883000234C
:102BC00082F832316068D0F88830DB0640F16D82DF
:102BD00000F25311FDF7D2FF6368B3F85220A3F857
:102BE0002821B3F85620A3F82A2100211520C5E694
:102BF0000123D9E7590640F1588200212420BDE67F
:102C000000210B20BAE600210420B7E693F8A002C9
:102C1000012808D100210520FFF70AFC6368002283
:102C200083F8A0220AE702287FF408AF93F8D8506F
:102C300006221DB183F828210021EDE7A0480321D9
:102C400008F0B6FA636893F8E83013F0040F2946E9
:102C500014BF11200D20DFE7002106208EE693F837
:102C60003C21022A02D10021172087E693F83C215B
:102C7000012A03D193F83D31002BF4D06068012381
:102C800090F896200021783007F04FFE78B1606808
:102C9000012390F897200421783007F046FE30B9E0
:102CA000636893F8C63013B10121122066E66068AC
:102CB00090F89620092A05D190F8213180F8283122
:102CC000012152E7002D7FF4B9AE01232946783067
:102CD00007F02BFE002800F09D80636893F84321E5
:102CE0003AB101210E20FFF7A3FB636883F843513B
:102CF000A4E693F842218AB193F8D92092070DD126
:102D000001210C20FFF794FB636893F8D92083F826
:102D1000425142F0010283F8D9208FE693F8323114
:102D200053B3636893F8333133BB606890F89730DE
:102D3000252B00F5997100F2AE221BD090F8963049
:102D4000A3F1250CDCF1000343EB0C0308F090F930
:102D50006368002283F8322101211420FFF768FB09
:102D60006368B3F85220A3F82821B3F85620A3F8DB
:102D70002A2163E60123E9E7626892F83C11012900
:102D8000CBB25DD192F83D21002A59D160680B2168
:102D900090F89720783007F0C8FD002850D160687F
:102DA00090F86810012906D0022904D040F2812150
:102DB0000620FAF7B9FA90F86920012A01D0022A10
:102DC000F4D1022990F83E3118D0012B14BF002312
:102DD0000123ABB990F8972001230321783007F045
:102DE000A4FDB8B96068012390F8972002217830DB
:102DF00007F09BFD70B901211620BFE5022BE5E726
:102E0000022A90F83F3119D0012BE3D12C48002140
:102E1000FDF70AF86068012390F8962000217830C9
:102E200007F083FD00283FF409AE636893F8A432ED
:102E3000002B3FF403AE0121FF209FE5022BE4E7C6
:102E4000636893F849317BB1636893F83D315BB9AE
:102E50006068012390F897200B21783007F065FD1A
:102E600010B90121232089E5636893F84631002BCE
:102E7000D0D001212520FFF7DBFA6368002283F818
:102E80004621DBE5FBF7CAFA08B1A5F81082FBF78B
:102E9000D3FA00283FF4E4AD95F81C320133DBB2DD
:102EA000022B85F81C3282BF0023A5F8103285F86A
:102EB0001C32D5E56368002283F81222012330E634
:102EC0003011002090F89850B0F8C810072D5DD14F
:102ED000022954D8A0F808322289636855065BBFDE
:102EE000B3F81E22B3F80E1200225218A3F81E22C5
:102EF00093F83031002B00F081806368B3F8CC2068
:102F0000B3F80E120A44A3F8CC20636893F8D200F9
:102F100030B1B3F8CE20B3F80E120A44A3F8CE2095
:102F200093F9D6100029C1BFB3F8D420B3F80E52DC
:102F30005219A3F8D42093F8B92052B9002F40F0C9
:102F4000AE80627D022A65D193F82821062A18BF37
:102F50001622636893F8B83033B96068594980F82D
:102F6000B920B03008F003F8606808F0D6FE636856
:102F70000022BDE8F04183F81322FDF7E1B8B0F874
:102F8000CA301A440132A0F80822A5E7B0F8CA50A6
:102F90004B1CAB420FDA6D1AADB2022D0BD0033DC4
:102FA000ADB290F8C63043B9FFF7E2F8B0B96DB1F1
:102FB000013DADB20BE00025F3E790F89620012328
:102FC0000921783007F0B1FC0028EDD100256368B5
:102FD000B3F80C221544A3F808527DE76268D2E9E1
:102FE0002F23911C8B4207D39B1A022B04D0033B47
:102FF0009D4288BF9DB2DAE70023F9E760680123AC
:1030000090F898201946783007F08FFC00287FF45C
:1030100074AF7AE7012A08D193F89920002A98D151
:1030200060680021FCF768F9A1E756B1F00634D4D6
:10303000310734D4B20634D4B30734D140F68D11FD
:1030400081E538B1B3F8CE00B3F8D020904201D377
:1030500022227EE7002905DDB3F8D410B3F8D02092
:103060009142F5D2B3F8CC10B3F8CA2091420BD2FA
:10307000636893F89A10B3F8C82051B1B3F8CA3016
:103080009342CDD8082264E793F83031002BDFD18A
:10309000EEE7052AC4D93E225BE71E2259E73D220E
:1030A00057E7232255E72A2253E7636893F89720CE
:1030B000222A3FF4D4AD312A7FF4E0AD0021112063
:1030C0005CE400BF33B20100F7B5734C01272770F1
:1030D0000023606080F81372008823812375637574
:1030E000FCF7EEFF63681888FDF714F86368B3F81F
:1030F0000A22264612B393F82621FE2A1ED193F8FF
:103100003031DBB160683B4690F898203946783022
:1031100007F00BFC054688B9636893F83121A3F8E2
:10312000CC0083F8282102203946FFF781F9636833
:10313000022083F81252FFF78DF804E0636893F8D9
:103140002601FE28F7D1636893F81522002A4FD094
:1031500000236268E382B2F80E32B2F81012013B2B
:1031600011FA83F1A2F81012B2F8C8109FB211FA46
:1031700083F3A2F8C830FEF7FBFF28B16268D2F8EB
:10318000BC303B44C2F8BC306068B0F80A32012B56
:103190009CBF0133A0F80A3200250FB180F81C5201
:1031A00090F8973080F81252A3F10A02012A2AD827
:1031B000B0F89030B0F8AC229B1A19043DD400F25C
:1031C000AE219E3007F095FC636883F89750FF228C
:1031D00083F8F0206168B1F80E2201F1780007F061
:1031E000CEFC00283FD040F615113120FAF79CF8AC
:1031F00093F8B03123B96268D38D128C9A42A8D368
:1032000063681B8CA5E7252B17D1B0F8AC22B0F86A
:1032100090309B1A1A0410D480F89750FFF746F8A4
:103220006368014630B983F83C0103B0BDE8F04063
:10323000FFF72CBB83F83C51CCE790F8963003F0B5
:10324000FD03252BC6D1B0F89030B0F8AC229B1A04
:103250001B04BFD4002380F89630FFF727F80146FF
:103260000028B7D1E1E70D4B009396E803000C4B23
:103270000C4AFAF7A7FF6068012390F89720052110
:10328000783007F052FB20B103B0BDE8F040FAF708
:1032900091BF03B0F0BD00BF301100208D280100A8
:1032A000692401009921010038B50446084694F8C4
:1032B000A03213B10C25284638BD94F89730162B50
:1032C000F8D194F8C43203F0FF05002BF2D199B184
:1032D0000A4B5968D1F83032C4F81C3101F58472B8
:1032E000052301F5087104F0B5FE012384F8A0322E
:1032F000204608F01FFDDEE70223F7E7301100202B
:10330000D0F8B4328269934210B5044604D1D0F8A3
:10331000B812026A914216D02288A4F8B22140F273
:10332000E242B3FBF2F3A4F8B431B4F8B832A4F833
:10333000B631B4F8BA320949A4F8B831022204F51A
:10334000D47007F01AFE02212046FDF751F9002340
:1033500084F89730032384F89A3010BDE3B201005B
:1033600008B5FDF721FD024B024A1A6008BD00BFF7
:103370007C020020A5240100064BD3F8000138B1DF
:10338000D3F8040120B1D3F80801B0FA80F0400965
:10339000704700BF00F00040034B00221A705A70C3
:1033A00010229A70704700BF4A11002070B506467F
:1033B000022014460D4600F09BF9064B01221A70BC
:1033C000054B033CC3F81045C3F80865C3F8045522
:1033D00070BD00BF4A11002000F0004008B5022077
:1033E00000F086F9084B01221A70084B0022C3F83E
:1033F0000021C3F80421C3F8082103F580334FF4FA
:103400000002C3F8042508BD4A11002000F0004066
:103410000D4A08B513787BB10C4B4FF40001C3F88B
:103420000815FFF7A9FF60B101235370084BD3F8CB
:103430000034937000231370BDE80840002000F0B2
:1034400057B950701023F4E74A11002000F00140F2
:1034500000F000400A4B1A786AB10A4BD3F80021F9
:103460005AB1D3F8040120B1D3F80801B0FA80F0C2
:103470004009C0B27047587870470220704700BFBB
:103480004A11002000F0004008B5074B1A783AB105
:10349000FFF772FF30B1054BD3F80004C0B208BD8E
:1034A0009878FCE71020FAE74A11002000F000406D
:1034B000024B00221A705A709A7070474D1100200A
:1034C0002DE9F04104461C4D01201E468846174652
:1034D00000F00EF904F003002E7140EA0643174E87
:1034E00043F08073C6F80435C6F8088508F0A2FFDB
:1034F00030B9D6F8183523F0FF033B43C6F818352A
:103500000F4B104AC3F8082514F0FB0F01BF0E4AF9
:10351000C3F89825FC3AC3F89C250122022C6A7056
:10352000EC7007D8054B2A700021C3F80011C3F8CE
:1035300000121A60BDE8F0814D11002000F000403B
:1035400000F001400000020200F10040214A5378DF
:1035500070B523B940F217213C20F9F7E5FE1E4B68
:10356000C3F80C15C3F81005D57801249470C5B9BB
:1035700012780AB9E621EFE7184AC3F804514FF46C
:103580000035C2F80455D3F8006116B15C60C2F88A
:1035900008550B7803704B78043343708B78837035
:1035A00070BD042D4FF0000106D11470C3F8041152
:1035B000C3F800421C60F3E7127812B94FF4897126
:1035C000CAE7C3F80411054B4FF00072C3F8042595
:1035D000E6E700BF4D11002000F0004000F0014080
:1035E000064B1A782AB1064A0649C2F80815002285
:1035F0001A7000225A709A70704700BF4D11002057
:1036000000F001400000020208B50A4B1B7823B904
:1036100040F27D213C20F9F787FE074BD3F80421C7
:1036200012B940F27E21F5E7D3F80004003818BF44
:10363000012008BD4D11002000F00040164B1B7802
:1036400070B523B940F28E213C20F9F76DFE134C82
:10365000D4F80431BBB90223C4F80433104B114E23
:103660001D691A6942F0100205F010051A61D4F8BC
:1036700004314BB125B90A4A136923F010031361D1
:103680000223C4F8083370BD4FF40043C6F88031FC
:1036900008F018FFEBE700BF4D11002000F00040DC
:1036A00000ED00E000E100E0014B01229A6070476C
:1036B00000F0004008B50B4B4FF40042C3F88020E7
:1036C000BFF34F8FBFF36F8F074B0022C3F8002566
:1036D000C3F80025FFF784FF044B4FF40002C3F842
:1036E000082508BD00E100E000F0004000F00140C6
:1036F00038B5144C0023C4F80035C4F8003505462D
:10370000FFF76EFF104B4FF40002012DC3F80825A0
:1037100003D0022D08D085B938BD0223C4F8003586
:103720000A4BC4F81435F7E70321C4F8001507491C
:10373000C4F81415C3F80425EEE782213D20F9F7FB
:10374000F3FD00BF00F0004000F0014052110020E6
:10375000084B0022C3F80021C3F80C21C3F8102144
:10376000C3F80421C3F81421C3F81821C3F80821B1
:10377000704700BF00100040024B00221A809A7070
:103780001A7170476012002038B5134B93F831500E
:103790000246084625B940F651013E20F9F7C4FD1E
:1037A0005AB9012DDC6A93F8301003D100F08AFE7B
:1037B000204438BD08F0EDFAFAE7012A0AD1012DBC
:1037C000DC6A93F8301002D100F06EFEF0E708F0EA
:1037D000EBFAEDE70020ECE76012002008B5094B9A
:1037E000012883F82000084B06D0022808D040F6B4
:1037F000B9513E20F9F798FD0322C3F8102508BD02
:103800000422FAE7601200200010004007B50B4ABE
:1038100001AB92F9212000F099FE9DF9040000F01F
:103820003BFE9DF8050000F00BFF20B140F2CD51AA
:103830003E20F9F779FD03B05DF804FB601200202B
:1038400008B503460F4863B92831C1600E4900F03E
:10385000DFFE0130012814D940F224713E20F9F72F
:1038600063FD012B0AD12931C160074900F0D6FE62
:103870000130012805D940F22E71EFE740F2327194
:10388000ECE708BD2000002094A2030008B5134B0C
:1038900093F83D30D9071FD59A0711D5104BD3F8AF
:1038A000002242F00102C3F80022D3F8503503F0A1
:1038B000F603022B10D140F2FC513E20F9F734FD03
:1038C0005B0709D5074B084AC3F8AC2508F014FD7F
:1038D00010B140F20361F0E708BD00BF60120020A4
:1038E0000010004000F0014008100040084B1A781A
:1038F0003AB993F83D2042F0020283F83D20FFF7E9
:10390000C5BF012AFBD193F83D2042F00402F4E741
:103910006012002008B50C4B9B78012B09D100F0F8
:1039200083FE013001280ED940F6A2013E20F9F7AE
:10393000FBFC022B07D100F07DFE0130012802D9EB
:1039400040F6A801F2E708BD60120020054B0344D1
:1039500000F07F001A7E044BC3F80825C3F8540515
:10396000704700BF94A203000010004038B50D4618
:103970000446FFF733FF2846FFF7E8FF29462046B5
:10398000FFF744FF08F080FD90B10A494FF08053E3
:10399000D1F88825D3F82033022C0CBFC3F306637B
:1039A000C3F3062322F4FE4242EA0323C1F888351A
:1039B00038BD00BF0010004010B50C46FFF70EFFE9
:1039C0002046FFF7C3FF0E4B5A78012A03D1D8785F
:1039D0002146FFF71BFF0B4CD4F8003243F48873E9
:1039E000C4F8003208F050FD40B908F05CFD28B979
:1039F000D4F8683543F4C023C4F8683510BD00BF5F
:103A0000601200200010004010B55022002119481B
:103A100004F02AFEFFF7B0FE08F0F1FC60B12422AA
:103A20001548FF2104F020FE4FF080430022C3F828
:103A3000082EC3F8102E10BD08F0EAFC0028EED1C5
:103A400008F0EFFC0028EAD108F009FD08B1402297
:103A5000E6E708F0FBFC04460028F8D106483822C7
:103A6000FF2104F001FE4FF08043C3F8084EC3F875
:103A7000104EE0E760120020000E0040024B184498
:103A8000007E00F51660704794A20300014B93F886
:103A90003000704760120020014B986A704700BFE9
:103AA00060120020014BD86A704700BF60120020EE
:103AB000084A094B92F83010906A03EB81031A6CA4
:103AC000DB6C801A03F2DB534FF47A72B3FBF2F330
:103AD000C01A70476012002094A2030008B50E4877
:103AE00090F83010012906D0022912D040F2AA2104
:103AF0003E20F9F719FC40F6B833084A806A02EB19
:103B00008102126C801A4FF47A72B3FBF2F31844FC
:103B100008BD4FF4FA63F0E76012002094A203009E
:103B200008B5134B012983F83C0006D002291BD0AD
:103B300040F20B313E20F9F7F7FB00230D4A43F426
:103B4000801340F0007043F4847340F44030C2F8B6
:103B50001435C2F81805D2F8503503F0F703032BDB
:103B600005D140F22331E5E74FF08073E6E708BD69
:103B7000601200200010004008B508F085FC50B12C
:103B8000054AD2F8743723F0807323F0010343F021
:103B90008073C2F8743708BD00100040424B022207
:103BA00070B5C3F88020BFF34F8FBFF36F8F3F4CCA
:103BB0000023C4F8FC3F0123C4F8FC3F08F073FC69
:103BC00028B1D4F83C3743F48063C4F83C3708F09C
:103BD00031FC58B1D4F83C3723F0004323F0FF0305
:103BE00043F0004343F09603C4F83C3708F04CFC24
:103BF0002E4C38B1D4F8403723F47F4343F4B0530C
:103C0000C4F840372A4BC4F8783700F029FD38B1A2
:103C10004FF08053D3F83033591C18BFC4F84C37D9
:103C20004FF01023214C1B6E5A1C09D0D4F88C2560
:103C30001B0403F47F0322F47F021343C4F88C3582
:103C400040F20313C4F834351A4D40F25B63C4F8F4
:103C500038350123C4F8303585F820300323C4F803
:103C6000103540F20123C4F850360226124BC4F836
:103C70000062187C00F0FAFC104B4FF04062C3F871
:103C8000042500232B86EB6285F83D30064B10227D
:103C9000C3F88061C4F804231E602B6D13B1BDE826
:103CA0007040184770BD00BF00E100E00010004008
:103CB0002C000089601200202000002000F001404C
:103CC000014B83F82100704760120020034B020E65
:103CD0000002C3F82425C3F81C05704700100040FB
:103CE00038B5044600680A4DFFF7F0FF094B6268DB
:103CF000C3F83C25237A85F82230617AA07AFFF751
:103D00000FFF607AFFF76AFDE37A85F8213038BD4E
:103D10006012002000100040014B83F82200704721
:103D20006012002070B51A4D95F83D30DA07044650
:103D3000084604D440F257713E20F9F7F5FA154EC3
:103D4000D6F8002243F0020342F00102C6F8002236
:103D500085F83D3084B995F82210FFF707FE0E4A2A
:103D60000123AB70D36433600B4B2046D3F84C1562
:103D7000BDE87040FFF764BD012CF5D195F8221025
:103D8000FFF71AFE0223AB70034BDC647460EBE7B1
:103D9000601200200010004000800040214B1022E3
:103DA00013B5D3F80443C3F808230222C3F8002252
:103DB0001D4A002182F83D101C4A4FF46020C2F8D1
:103DC0000805D3F85025D2B204F01004DAB1FF226E
:103DD0008DF807200122C3F810111A619DF8072001
:103DE00012B1D3F810213AB19DF807305BB940F613
:103DF00091013E20F9F798FA9DF80720013AD2B2D6
:103E00008DF80720EAE7FFF785FD06490023C1F892
:103E10001031FFF7B1FC14B11023C1F8043302B024
:103E200010BD00BF001000406012002000F00140F3
:103E300038B51E4D0024C5F84845C5F84445C5F8B9
:103E40004045C5F84C45FFF7A9FF00F0DBFB01300A
:103E5000012804D940F241513E20F9F765FA144B8C
:103E600014495A6B42F04462C1F80825C3E90A4478
:103E70005C631C76104BC5F848450222C5F84445E2
:103E8000C5F84045C5F84C45C5F84841C5F844411A
:103E9000C5F84041C5F84C41C3F88020BFF34F8FAF
:103EA000BFF36F8FC3F8802138BD00BF0080004092
:103EB0006012002000F0014000E100E070B52F4CDE
:103EC00094F83D3043F002030E4684F83D30054639
:103ED00078BB94F822103046FFF748FD0123A37009
:103EE00023782749012B01BF264AD2F8003243F03C
:103EF0000803C2F80032636B01EB460143F4801300
:103F00006363214BB1F858404FF48012C3F8042585
:103F100004F5FA744FF47A73B4FBF3F4FFF7E6FC9C
:103F200008F0EAF9014620B3FFF738FF00242046E5
:103F300070BD01281BD194F822103046FFF73CFDDC
:103F40000223A3702378012B01BF0E4AD2F800325E
:103F500043F00403C2F80032636B43F4001363635D
:103F6000094B4FF40012C3F804252924D6E7002496
:103F7000D4E72846FFF764FCD9E700BF60120020B1
:103F800094A203000010004000F001402DE9F0472A
:103F9000354C0E4615460746002848D194F82210A5
:103FA0001046FFF7E3FC217801239942A37010D05B
:103FB0002E4A02EB4502B2F858304FF47A7203F5FC
:103FC000FA73B3FBF2F3F61A19B9294B294AC3F86D
:103FD000AC25DFF8AC90DFF89880274BC9F8406536
:103FE000C8F8A835234B1022C3F80423636B4FF4A1
:103FF000002A43F4002363630125C8F804A5FFF7F2
:1040000075FCC9F84C50D9F84C359E4226D800258D
:10401000C9F84055C8F8AC55636B23F400236363BB
:10402000C8F808A5FFF7BAFE2846BDE8F0870128C2
:104030000FD194F822101046FFF7BEFC0223A370A4
:104040002378012BC5D0293E002BC2D1084B0B4A47
:10405000BDE74FF401613E20F9F766F93146384675
:10406000FFF7EEFBE0E700BF6012002094A2030020
:1040700000F001400010004040810040041000406A
:1040800000800040014BC3F83C0570470010004021
:1040900010B50FC8014C84E80F0010BDB412002009
:1040A000064BC3F80405064B93F83D20986342F095
:1040B000010283F83D20FFF7E9BB00BF001000407C
:1040C0006012002008B5124BDA6A824204D340F62F
:1040D00022113E20F9F728F90E4AD86101211976FC
:1040E0005164D2F84415884202D840F62B11F0E70B
:1040F0000021C2F84411C2F844055A6B42F4800210
:104100005A63054B4FF48002C3F8042508BD00BF75
:10411000601200200080004000F0014010B50F4CFC
:10412000034694F8310094F83010022201282276D8
:104130004FF0960094F820200CD100F0D1F9084AF5
:10414000E0610023C2F84431E36AE1690B44C2F83C
:10415000443510BD00F0DEF9F1E700BF6012002029
:1041600000800040044BC3F86005D3F8002242F001
:104170004002C3F80022704700100040054BD3F8FE
:10418000002222F04002C3F800220022C3F860257A
:10419000704700BF00100040044BD3F8483503F0CF
:1041A0007F035B4203700120704700BF0010004096
:1041B00008B50D4B0A46D9700021197088B9012144
:1041C0005970997802290ED193F822101046FFF702
:1041D0001DFB064AD2F8003243F48873C2F800325D
:1041E00001E002225A7008BD601200200010004059
:1041F000024B0022C3F84025704700BF00800040FA
:10420000044B30B5D3E910459B6CC0E900450B6009
:1042100030BD00BF601200202DE9F843924D934C51
:104220000123EB64D5F84C7594F83C8003F0ACFAAC
:104230000026C4E91006A764FFF76CFB8C4B626B89
:10424000C3F808258B4A6663D2F8003223F48E73D4
:1042500023F00103C2F80032237E84F83D6023B1CD
:10426000D5F844319B1B18BF0123A578012D50D1EF
:10427000D2F80C31002B0CBF0025082515F00B0FD0
:1042800006D17C4BD3F8103113B145F01005EDB2D7
:10429000FFF75EFA05F01803102B05D1A378012B68
:1042A00004BF45F02005EDB26F4B6678D3F8482582
:1042B000E262D3F8443594F82020A362A37884F80E
:1042C000302084F83130002E3AD1FFF755FA2676A7
:1042D000EF077ED5636D9847EB0601D5236E9847AF
:1042E000A378022B13D1237E8BB1022B5E4A40F0C0
:1042F000AD80E36AE1690B44C2F84435636B43F473
:10430000800363635A4B4FF48002C3F80425BDE871
:10431000F883022D12D1574AD2F80C11D2F800249A
:10432000002908BF0025D2075CBF45F00405EDB2A7
:10433000002BA3D045F00105EDB29FE700259DE7D6
:1043400015F0110F1BD1237994F80090013E18BF8E
:104350000126012B17D0022B2AD073BB96213046A1
:10436000FFF712FA0146FFF707FAB9F1010F29D159
:104370003B378F4224D93F4B01261E61A8E7FFF748
:104380000DFD0026A4E73C48FFF7AAFC94F8313065
:1043900023B940F24E713E20F8F7C6FF012B04D13D
:1043A000FFF79CFB61690144DDE7FFF781FBF9E75B
:1043B0003148FFF795FC6169D5E740F6BF21EAE790
:1043C00084F80090E2783046FFF7E0FD0028D2D074
:1043D000D7E7A8072FD508F057F8E8B908F063F831
:1043E000D0B9244BD3F85034D90115D51A0705D0CC
:1043F00013F0F00F02D013F4706F0DD11D4AC3F308
:1044000004410129D2F8542406D1012A04D0C3F36F
:104410004253022B7FF65EAFA36B5B78434584BFAC
:1044200045F00405EDB285F00400A36D3146C0F3FC
:104430008000984750E715F0280F3FF44DAF85F006
:104440002001E36DC1F340113046F2E7012B02D0A9
:1044500040F69B419FE7E369E16A8B423FF64CAF30
:1044600040F69C4197E700BF0080004060120020AA
:1044700000F001400010004068120020024B03EBE6
:104480008000006C704700BF94A20300014B53F8FA
:1044900020007047E0A20300024BC0B2C3F80C0535
:1044A000704700BF00100040054B33F81130023850
:1044B0004FF47A7203F2E733B3FBF2F31844704718
:1044C00000A30300054B33F811304FF47A7203F563
:1044D0007A73B3FBF2F31844704700BF00A30300E4
:1044E00038B51D460A4B33F8111003EB820305352E
:1044F0009C6821444FF47A7301F6B73103FB001432
:104500001046B4FBF3F4FFF7B9FF2C44204438BD48
:1045100000A3030070B5064608461546FFF7B6FF30
:10452000094A02EB850291684FF47A7201F6B731BD
:1045300002FB0613181AB0FBF2F42846FFF79EFFA1
:104540000530204470BD00BF00A303002DE9F74FE4
:10455000284C074698460D46164600F0A9F82378E1
:10456000BB42814611D16378AB420ED194F902303F
:10457000B3420AD1E378834207D1A388A8F8003078
:1045800094F9060003B0BDE8F08F7B1E072B13D80B
:10459000DFE803F0170412191212121001200DF1B6
:1045A00007033246294600F089F8824668B13D216A
:1045B000752004E00220F2E740F2F2310620F8F71D
:1045C000B3FE0020EBE70320E9E728469DF907B09A
:1045D000FFF754FA534602464146584600F036F873
:1045E000B8F80030A071A38027706570A67084F8B9
:1045F0000390C5E738000020014B1B681B68184773
:1046000080020020014B1B685B6818478002002075
:10461000014B1B68DB68184780020020014B1B68B8
:104620001B69184780020020014B1B685B69184713
:1046300080020020014B1B689B6918478002002004
:10464000014B1B689B6A18478002002010B4034C82
:104650002468A468A4465DF8044B604780020020EB
:10466000014B1878704700BF0C19002000220F4939
:1046700038B50446134644FA02F0C007D5B248BF25
:10468000581C02F1010244BFCD54C3B2042AF2D136
:10469000064DC3F10402042BD2B24FF0FF0188BFD4
:1046A0000022E81803F0E0FF2C7138BD1819002033
:1046B000014B187D704700BFC8120020042810B5B8
:1046C00011D883B104280CBF10242824A1420AD297
:1046D000064C54F8200018B141568A42A8BF0A4639
:1046E0001A70002010BD6FF01500FBE7C812002003
:1046F00030B50246114890F91C3093421ADD90F90A
:104700002430934218DAD31A856A0D4CE85C23569C
:1047100093420ED00E3400290CBF0346431CA54221
:10472000D8B206D129B1013AD2B2012A01D801305A
:10473000C0B230BD0D20FCE70020FAE7C81200200F
:1047400014A3030008B5054B93F91C30984203DA13
:10475000FFF7CEFF024B1B56184608BDC8120020BB
:1047600014A3030010B51C4C94F82C3073B901232A
:1047700084F82C3007F055FE48B1184BA362D823BB
:10478000236284F824300823A361237710BD07F047
:104790005DFE0028F1D107F062FE0028EDD107F0A0
:1047A00025FE38B10E4BA362D823236284F824304F
:1047B0000423E9E707F023FE0028F3D107F028FEE1
:1047C0000028EFD107F036FE0028EBD140F2BB11F4
:1047D000742003F08BFB00BFC81200204FA303001E
:1047E00022A30300034610B3007888B91A79012A7E
:1047F0001ED85A79012A1BD89A680E49643A8A420F
:1048000016D8D8680C4B98422CBF00200120704766
:1048100001280CD11A79012A09D85A79012A06D817
:10482000DA680449643A8A4201D89868EAE70020C5
:10483000704700BF3C8601000040420F10B5054C98
:10484000236813B1984700232360BDE8104001F0AE
:10485000A9BE00BFF81200202DE9F843884607469C
:1048600080B300F037F84FF0000905465FFA89F68B
:10487000AE420AD2304600F033F890F8264009F1F3
:104880000109002CF2D1FF2E03D16FF00B00BDE81F
:10489000F883304600F024F80546848480F82640EA
:1048A00080F8286001460A4802F024F8202885F89C
:1048B00027000AD001232F6285F82630204688F889
:1048C0000060E4E76FF01500E1E76FF02200DEE73B
:1048D00087BF0100014B1879704700BFFC12002010
:1048E000054B1A79824283BF1B6800EB400003EB43
:1048F00000100020704700BFFC12002010B510F01F
:1049000003040BD1074A1171106030B101EB410172
:104910000A01214603F0A8FE204610BD6FF00D00ED
:10492000FBE700BFFC12002043F60952C0F3080366
:1049300002FB03F3400A03F5807302FB00F000EB77
:104940005320704743F6095CC0F3080210B50CFB16
:1049500002F2C0F34E24030E43EA01230CFB04F0E1
:10496000090E02F580724FEA411C00EB52205A01F9
:10497000B2EB030E4CEAD36C6CEB01044FEA841CDF
:104980004FEA8E12B2EB0E024CEA9E6C6CEB040CFA
:104990004FEACC0C4CEA527CD200D31841EB0C010C
:1049A000DA03C903801841EA534141F1000110BD07
:1049B000430B48F2376C0CFB03F34FEA134C00B582
:1049C000104B43F6095E0EFB1C0000FB03F35B0D6E
:1049D0000EFB03FE03EB4C230EF5745C0CF1080C8C
:1049E000B0EB5C2F08D80EF5807EA0EB5E20C0B245
:1049F0000B6010705DF804FB013300200B60107039
:104A00005DF804FB6F0C0100F8B5274DA94246D8AC
:104A1000264E274F450F45EAC105A6FB0514C0F3F6
:104A20004F31A40B01EB054107FB1411A6FB01510B
:104A3000890B41EA04411F4C04FB110448F2376C16
:104A4000600B0CFB00F04FEA104C43F6095E1A486D
:104A50000EFB1C4505FB00F0400D0EFB00FE00EBBD
:104A60004C200EF5745C0CF1080CB5EB5C2F12D8E1
:104A70000EF5807EA5EB5E2E5FFA8EFE069D85F814
:104A800000E00D0628184FEA112141F100011860DD
:104A900059601460F8BD01304FF0000EEEE796212A
:104AA0009B2003F023FA00BFFF7F841E83DE1B439D
:104AB000000024F40080841E6F0C0100420B48F2B9
:104AC000376303FB02F2120C43F6095C074B0CFB45
:104AD000120101FB0333013B5B0D0CFB03FC500295
:104AE000B1EB5C2F88BF0130184470476F0C010098
:104AF0001F2810B59FBF054B440103EB401019510F
:104B000096BF42600020012010BD00BF08130020A6
:104B100070B5012504460E4685407AB1002000F0AC
:104B200065FDE30003F1804303F5F833C3F8100596
:104B3000C3F81465034BC3F8045570BD014BC3F8AB
:104B40000855FAE700F0014008B5064B93F8002439
:104B5000202A03D13F21022003F0C8F983F8300452
:104B600008BD00BF0813002008B5064B93F80024C9
:104B7000202A03D14521022003F0B8F993F8280434
:104B800008BD00BF0813002010B5094A92F8003490
:104B9000202B03D15021022003F0A8F9590102EB88
:104BA0004313BDE81040525858680421104700BF15
:104BB0000813002008B501B3F0B14FF0FF331A46D7
:104BC000E0FB01320E498A4203D971216D2003F0C6
:104BD0008DF9180D40EA0230C3F30F134FF2244150
:104BE000B0FBF1F203EB0040064B03FB1200B0FBFD
:104BF000F1F040EA0240013008BD0846FCE700BF82
:104C00003F420F00000024F4014B9888704700BF1A
:104C100044170020014B5888704700BF44170020FC
:104C200010B5EFF3108472B6064A93790133DBB204
:104C300093719379012B01D107F07AFB04B962B625
:104C400010BD00BF4417002070B50C4C267866B923
:104C50000125A0602570FFF7E3FF00F075FA30B979
:104C60004FF080432573C3F80453002070BDA36840
:104C7000002BFAD09847A660F7E700BF4417002042
:104C800038B5FFF7CDFF00F05FFA094C4FF08045D3
:104C900040B107F03AFB01232B6104236373002327
:104CA000A37338BD032363730123C5F80433F6E708
:104CB0004417002010B5EFF3108472B60A4B9A79AE
:104CC00022B94FF496716D2003F010F99A79013AE8
:104CD000D2B29A719A791AB9DB7B0BB900F022FA39
:104CE00004B962B610BD00BF4417002008B5054BDB
:104CF0001A7822B100221A731A70FFF7DBFF002026
:104D000008BD00BF44170020024B587B003818BF75
:104D1000012070474417002073B51B4D2B7F63B9EA
:104D2000286A00F0030007F01DFB30B1EFF3108399
:104D300072B66A7B1AB103B962B602B070BD0122C5
:104D40006A7303B962B64FF080430822C3F80823A0
:104D50004FF42073ADF80630BDF80640A4B2631ED0
:104D60009BB2ADF80630002CF6D14FF080460748D4
:104D7000C6F80C4107F01CFB85F82540FFF780FFC3
:104D80000823C6F80433D8E744170020681700202A
:104D90002DE9F041384C94F82630002B69D04FF0C3
:104DA0008043D3F80071D3F8046157B10122C3F8EE
:104DB0000823237B2BB1A368002525730BB19847EB
:104DC000A5604EB14FF080430022C3F804210222B7
:104DD000C3F80823FFF7A0FF4FF080462748D6F816
:104DE0000C8194F82550EDB207F0E6FA20B140F2BC
:104DF000C5116D2003F07AF847B1637B032B05D111
:104E00000423637307F081FA01233361B8F1000FC3
:104E100016D04FF080430022C3F80C21637B042B93
:104E200002D040F2D711E4E707F022FBC0B14FF007
:104E300080430022C3F8342C02236373FFF73AFF48
:104E40004DB1002384F82530637B022B01D1FFF79D
:104E500017FFFFF72FFFBDE8F041084807F0BBBA86
:104E600007F0E8FA0028E2D107F0F9FA0028DED1CD
:104E7000E2E7BDE8F08100BF44170020681700207A
:104E800010B5044C206A00F0030007F06BFA00280C
:104E9000F8D010BD44170020F8B5054650B102788F
:104EA000042A07D8437842B9013B1F2B02D88378E4
:104EB000212B07D96FF0150076E0002BFAD183780B
:104EC000002BF7D1814B0127C3F88070BFF34F8FC0
:104ED000BFF36F8F4FF08046C3F880717C4C4FF06A
:104EE000FF33C6F808330023C6F80031C6F8043192
:104EF000C6F80C31A371AB88A38007F01EFA08B185
:104F00002770A771D6F80C24D6F80C34D20303D539
:104F1000DF0701D500F012F940F2F55363802B78DA
:104F2000A9782377002222622174A273042B4ED821
:104F3000DFE803F005033B494B000123236207F040
:104F400003FA00284ED007F006FA236A03F00303A1
:104F5000984247D1AB79002B3ED1FFF791FF237CDC
:104F60006BB12B785BB900F0EFF8054603F034F92C
:104F70006FF00043002D00F0A580C4E905034FF059
:104F80008043D3F80C24D3F80C34D20303D5DB07C9
:104F900001D500F0D3F84D4A01230020607384F856
:104FA0002630C2F880311360F8BDFFF739FE4FF0AC
:104FB0008043D3F80C14D3F80C24CE03F9D5D007D2
:104FC000F7D50223BAE7434BB8E7434BB6E740F2C5
:104FD00016316D2002F08AFF4FF080430222C3F8A1
:104FE0000423BCE74FF080430122DA600022C3F8BB
:104FF0000421226AC3F8182507F0F8F910B34FF01E
:1050000080534FF08042D3F84432C3F34233C2F8A6
:105010003C3507F0EBF910B34FF080430122C3F8A1
:105020004C254FF0804301229A600222C3F80423EA
:10503000AA79002A93D1D3F8042391071CD440F213
:10504000CD21C6E707F0DBF90028D8D107F0E0F959
:105050000028D4D107F0EEF90028D0D1D9E707F025
:10506000CEF90028D8D107F0D3F90028D4D107F021
:10507000E1F90028D0D1D4E7184A1669116941F046
:1050800010011161D3F8043106F010060BB907F0D6
:105090001BFA4FF08047D7F8043183B1FFF7F0FED9
:1050A00026B90E4A136923F0100313614FF08043B1
:1050B0000222C3F808230022C3F804214FE707F0B7
:1050C00001FAE8E7C4E9053059E700BF00E100E074
:1050D00044170020010002000100030000ED00E081
:1050E00010B50D4C04F1240007F066F948B9637B54
:1050F000022B01D1FFF7C4FDBDE81040074807F0BF
:105100006AB9074A012384F82530BDE81040C2F887
:105110000031FFF785BD00BF44170020681700204D
:1051200000E100E04FF08042012353600023C2F809
:105130000031014A137070476B170020014B0122A8
:105140001A7070476B1700204FF08043D3F800317E
:1051500023B9034B187800F0010070470120FAE7EB
:105160006B170020094B4FF0FF32C3F808230022D1
:10517000C3F84025C3F84021C3F84425C3F84421AF
:10518000C3F84825C3F84821704700BF008000409D
:10519000084B094A1B78012B16BF4FF440314FF4DE
:1051A00000310023C2F84813C2F808130BB9C2F843
:1051B000403170477017002000B0004070B5EFF329
:1051C000108472B6094A0A4B0025D2F80415D2F8A9
:1051D00004612EB1596801315960C2F80451F4E7F5
:1051E0005B6804B962B6C0E9001370BD00B000404E
:1051F00070170020094BD3F80435C01A20F07F4304
:1052000023F001033BB120F07F40B0F5000F8CBFCD
:105210000220002070470120704700BF00B000400E
:10522000104B4FF40062C3F88020BFF34F8FBFF3E1
:105230006F8FC3F880210C4B01225A609A60D3F81B
:105240000425002AFBD10949C3F808134FF4403163
:10525000C3F84813C3F84021C3F84421C3F804211C
:10526000704700BF00E100E000B000400200030012
:1052700008B5144BD3F8042522F00302C3F8042523
:10528000D3F8082542F00302C3F80825102292FA49
:10529000A2F2B2FA82F2092A04DD0B4840F29131FF
:1052A00002F01AFEC3F810250122DA60074A92685C
:1052B000C3F80022064B4FF48072C3F880211A60B5
:1052C00008BD00BF008000405FEB030070170020A6
:1052D00000E100E008B50A4B4FF48072C3F880206B
:1052E000BFF34F8FBFF36F8F0649C3F880210120B2
:1052F0004860FFF737FF044B086100221A7308BDAE
:1053000000E100E0008000407017002010B5234C41
:105310000023FF224FF0FF314FF0FF30C4E90401BA
:10532000237062736360FFF7D5FFFFF779FF1C4BB3
:105330004FF400621A60A1691A4A31B9012313605F
:10534000184B0222C3F8042310BD174B1748C3F8AB
:10535000A805C3F8AC15C3F85C294FF40022C3F8C4
:105360000425134A0521C2F8401501211160D2F825
:1053700040110029FBD04FF40021C3F8081501218A
:105380005160D1600021C2F84011C2F84015C3F845
:10539000A815C3F8AC15C3F8AC15D1E770170020F9
:1053A00000E100E000B0004000F00140408100401A
:1053B00000800040014BD3E90401704770170020C2
:1053C000014BD3F80405704700B0004013B56846A0
:1053D000FFF7F4FEDDE90004FFF7A6FA024B002117
:1053E000E4FB030102B010BD0080841EB1F1FF3F59
:1053F00008BFB0F1FF3F2DE9F041424C05460E4693
:105400003AD1414DD5F800318BB3404E404BC6F8F0
:105410000835FFF7BDFE4FF000080123A36084F8B4
:105420000D80FFF757FFFFF723FF3A4BC5F80081C8
:10543000394FC6F8A8354FF40023C6F8AC75C6F846
:10544000043506F0A0FFD5F800312BB10123C5F8D3
:1054500000817B60FB60F4E7013041F10001022331
:10546000C4E904012370FF236370BDE8F08106F0F6
:105470008AFFC51C41F10006D4E90473B34208BF9A
:10548000AF42F2D0214B224AC3F80825FFF780FE35
:105490001D4A4FF4803125F07F480023C2F80813DD
:1054A0004046C2F84813C2F84031FFF7A3FE20B1CE
:1054B00040F226316C2002F019FDC2F84085C2F896
:1054C00044132378012B06D127F07F473846FFF796
:1054D00091FE0128FAD0002301276373A760FFF72C
:1054E000F9FEFFF7C5FE094B27704FF00042C3F8E5
:1054F000042504236370044BC4E90456C3F84873BD
:10550000B3E700BF7017002000B0004000F001407A
:105510000000088000B1004000800040032870B502
:105520002D4B06D9011FC9B201292FD940F276317E
:105530000BE0D3E90441B1F1FF3F08BFB4F1FF3FF5
:1055400006D11B7B23B940F255316C2002F0CEFC12
:105550002249234D00F110040123800003FA04F4D2
:10556000C5F808430B5000F1804101F50041D1F826
:105570004005101A022805DDC1F84025C5F804438E
:10558000012002E00020C1F8400570BD1C782CB15C
:105590005B78834202D140F27231D6E7114B124E52
:1055A00022F07F458A0013444FF480348C4000225F
:1055B000C6F808432846C6F848431A60FFF71AFEA3
:1055C00040B901F5A87146F82150C6F80443C6F861
:1055D0004443D5E71046D8E77017002040800040CC
:1055E0000080004040B1004000B0004008B520B14C
:1055F0004FF461716C2002F079FC014808BD00BFD6
:1056000040810040032837B508D9041FE4B2012CBB
:1056100019D940F2CA316C2002F068FC234900F12C
:10562000100201239340C1F8083300F5A87300224B
:1056300041F823201E4B81005A5053F8203000932C
:10564000009B03B030BD1B4D2B7893B16A7882422A
:105650000FD1194A1949C2F80815012B01D1FFF7DA
:1056600039FE00232B704FF0FF324FF0FF33C5E9B6
:105670000423134A4FF48033A340C2F80833C2F81E
:10568000483304F5A87352F82300FFF7B3FD01284F
:1056900018BF0C4B22B24FEA84041CBF00211951E1
:1056A000084B53F822300193019BCAE70080004069
:1056B000408100407017002000F001400000088089
:1056C00000B0004040B1004010B50A4B0446012232
:1056D00010B1C3F8442310BDC3F84823FFF7FAFD07
:1056E000054B4FF0FF304FF0FF31C3E904011C7050
:1056F000F1E700BF00B00040701700201F4A08B556
:10570000D2F80433D90311D5D2F8403173B1002354
:10571000C2F84031D2F84005FFF76CFD30B14FF4CC
:105720008033C2F80833042001F060FE134AD2F837
:1057300004339B0311D5D2F8443173B10023C2F86E
:105740004431D2F84405FFF755FD30B14FF4003332
:10575000C2F80833052001F049FE084BD3F80421B4
:1057600032B10022C3F80421054A53680133536063
:10577000044B4FF40062C3F8802108BD00B0004024
:105780007017002000E100E038B5364C637BFF2B3A
:1057900064D0237883B10122022B227319D1324BBA
:1057A0004FF40022C3F80825002323704FF0FF3286
:1057B0004FF0FF33C4E904232C4BD3F80423100328
:1057C0000DD5D3F84C2152B140F20F416C2002F0BC
:1057D0008DFB022360782370FFF714FFECE7D3F80A
:1057E000042351030DD5D3F8483153B10220FFF7FC
:1057F00009FF1F4B4FF48072C3F88021022001F093
:10580000F5FD1A4BD3F8042392030DD5D3F8443198
:1058100053B10120FFF7F6FE154B4FF48072C3F829
:105820008021012001F0E2FD104DD5F80433DB03A7
:1058300016D5D5F840319BB10020FFF7E3FE0C4BA5
:105840004FF48072C3F880210020FF236373A060AF
:10585000C5F80002BDE8384001F0C8BD0620F9E7F0
:1058600038BD00BF7017002000F0014000800040EC
:1058700000E100E02DE9F04F97B01C46CDE903129E
:10588000DFF808A38046FFF795FD4FF08042012323
:10589000C2F80835DAF8002006460F46B84813600B
:1058A000082101EB44121318D3E901B100EB441CA9
:1058B00015581C7BDA8906910CF1080C597BDB68C2
:1058C000009201910793BCE80F000DF1380EAEE88D
:1058D0000F009CE803008EE8030025F07F40FFF7EF
:1058E00023F8009A531C1C44A64B9842044400F22F
:1058F00037829C4200F3E380002CC0F2C080FFF7A7
:1059000023FC019B012B024608D0DAE90613B3F110
:10591000FF3F08BFB1F1FF3F00F0B6800292FFF7F2
:1059200079F940F256339842029A00F0D68040F25C
:10593000F553984200F0CE80B0F5C67F00F0C480E9
:1059400000230293002103200591B7F1FF3F08BF18
:10595000B6F1FF3F1FD0AE4277EB0B03C0F0818062
:10596000B6EB050C67EB0B03BCF5000F73F10003FE
:1059700080F00082A5EB060CBCF1000F33460ADD77
:105980000598002800F0AC809AF8200000280CBF91
:105990000846002000E0434615F1FF39A9EB030C4F
:1059A0004BF1FF3184454B4656DB002A41D0099329
:1059B000039B0891B9EB080861EB03020392FFF720
:1059C00029F940F2563C6045DDE90813039A00F0DE
:1059D000D48040F2F55C604500F0BD80B0F5C67F34
:1059E00014BF09201620804572F1000280F0B980B2
:1059F000049A012A00F0CC80059A002A72D1B7F1EE
:105A0000FF3F08BFB6F1FF3F6CD0B6EB090C67EB68
:105A10000102BCF1050F72F1000080F28481BCF13B
:105A2000010F72F1000317DA39463346059FB1467C
:105A300067E0DAE90620B0F1FF3F08BFB2F1FF3FAF
:105A4000B5D0AA1A6BEB000C029882427CF10002DE
:105A5000ADD2019A012AAAD00026304617B0BDE87F
:105A6000F08FB5EB060C6BEB0703BCF5000F73F181
:105A7000000381D340F23171702002F037FA04F153
:105A8000F45404F590243AE700287FF447AF0290DD
:105A9000FFF7C0F840F256339842029A00F04C816A
:105AA00040F2F553984200F01E81B0F5C67F00F039
:105AB00020810123032011460292059345E704F15A
:105AC000614404F5F7041AE700210D230320029333
:105AD00005913AE73223029334E71C23029331E71E
:105AE000084659E7484605930391FFF77FFC039961
:105AF000059B0027B1F1FF3F08BFB9F1FF3F00F060
:105B0000348123F07F402A1A22F07F42013AB2F515
:105B1000000FA1D2069B5B191B1A23F07F43B3F53C
:105B2000000F99D80391FEF7FFFE174B0399A4EBE2
:105B3000000898453CD3041B9C42C0F0E080114B08
:105B4000984531D89C4240F22981C4F1614404F562
:105B5000F704A0462DE03B20804572F10002FFF4DF
:105B600047AF0593019B03915F1E484618BF01276D
:105B7000FFF73CFC059B0399BCE7252033E700BFFA
:105B800008130020FF7F841E0040420F9017002062
:105B9000B7F1FF3F08BFB6F1FF3F00F0F58039468F
:105BA0003346B1460027ACE708F1F45808F59028D1
:105BB00044467D4B93F8283023B9009B1E33A34203
:105BC00080F2A580049B012B04D001200391FFF7F4
:105BD00019FD0399009B4BB1A8EB030201200023A0
:105BE0000391FFF79BFC0399002854D00023424601
:105BF00018460391FFF792FC0399064600284AD005
:105C0000019BDAF81820012BDAF81C3000F08480B0
:105C1000002F44D1B3F1FF3F08BFB2F1FF3F00F0C6
:105C200098800120FFF750FD9AF82030002B40F0BB
:105C30008980009A1932A24280F2A1800024A8EB48
:105C4000020223460220FFF769FC30B1DAF8003087
:105C50001C604FF08043C3F80845069B1093079BD8
:105C6000119300238DF850300A934FF0FF324FF01C
:105C7000FF33CDE90E5BCDE90C230AAD0FCD4A4CC5
:105C80000FC40FCD0FC495E80F0084E80F00304615
:105C900017B0BDE8F08F0120FFF7B4FCDCE6B3F1EC
:105CA000FF3F08BFB2F1FF3F0BD00191FFF702F8B1
:105CB0004FF0FF324FF0FF33CAE906230199002F5E
:105CC000B2D0029BB9EB030261F100030520FFF79C
:105CD00025FC00285DD09AF82030002BA9D10123A3
:105CE0008AF82030A5E7322101233520029105935F
:105CF0002BE60D21012310200291059325E62A4B66
:105D000093F828306442A046002B7FF45BAF4FF439
:105D1000F261702002F0EAF8B3F1FF3F08BFB2F180
:105D2000FF3FCCD0C1E7484608930391059FFFF79A
:105D30005DFB0399089BDDE61C2101231F200291D6
:105D4000059302E60520FFF75DFC00238AF820306A
:105D50006FE7FEF765FF06F016FBCAE9060160E78C
:105D600040F22141702002F0C1F840F27C717020B5
:105D700002F0BCF840F23571702002F0B7F840F242
:105D8000BA71702002F0B2F840F2A361702002F004
:105D9000ADF840F22621702002F0A8F840F6580134
:105DA000702002F0A3F800BF101700202DE9F04F7B
:105DB0008F4F97F8214004EB44033B4483B05E7A55
:105DC000202E48D08B4BE5B26400002B00F0898078
:105DD000894BDFF82C92002B5FD006EB451207EBC6
:105DE000420A4FEA45189AF82830013BDBB2052BEE
:105DF00034D8824A12F803B0BBF1090F2ED0AFF3AA
:105E00000080EFF3108372B62C443C449AF82920AA
:105E10006272A27AB24204BF2022A27213B9AFF317
:105E2000008062B6B044730107EB480809EB4616E0
:105E3000012259F80330706888F82820594698479D
:105E400097F8214004EB44033B44E5B25E7A202EF0
:105E50004FEA4404C1D103B0BDE8F08F40F26E6157
:105E6000702002F043F862B6B044730107EB4808B3
:105E700009EB4616012259F80330706888F828208B
:105E80005946984797F8214004EB44033B44E5B258
:105E90005E7A202E4FEA4404DDD006EB451207EB74
:105EA000420A4FEA45189AF82830013BDBB2052B2D
:105EB000D4D8524A12F803B0BBF1090FCED0AFF3D9
:105EC0000080EFF3108372B62C443C449AF82920EA
:105ED0006272A27A964204BF2022A272002BC3D122
:105EE000C1E7454BDFF814B1DFF814A14FF02009EA
:105EF000002B51D006EB451207EB42024FEA451842
:105F000092F82830013BDBB2052BA7D81BF8031011
:105F10000929A3D0EFF3108372B62C443C4492F8C5
:105F200029206272A27A964208BF84F80A90002B58
:105F300054D0B04407EB480873010AEB461601221F
:105F40005AF80330706888F82820984797F821405D
:105F500004EB44033B44E5B25E7A202E4FEA44044E
:105F6000C8D178E762B6B044730107EB48080AEB82
:105F7000461601225AF80330706888F8282098479E
:105F800097F8214004EB44033B44E5B25E7A202EAF
:105F90004FEA44043FF45FAF06EB451207EB4202C1
:105FA0004FEA451892F82830013BDBB2052B3FF64B
:105FB00055AF1BF8031009293FF450AFEFF31083DE
:105FC00072B62C443C4492F829206272A27A96421E
:105FD00008BF84F80A90002BC5D1C3E70191AFF345
:105FE000008062B6B044019907EB4808A4E700BFFF
:105FF00090170020000000000000000080A30300B4
:10600000081300202DE9F04F85B00D4614461F46B9
:106010009DF838B0FEF752FD2E686968031947F104
:106020000002B342019372EB01030292C0F0CA80F6
:10603000DFF8A891DFF8A8810BEB4B034B440393E7
:10604000DA46039B1C7A202C3BD040F2F5578C4655
:106050000FE06B7B012B02D0537D012B56D004EB5C
:106060004A1409EB440494F82940202C29D0D5E99E
:10607000006C08EB44124FEA441B91681369D06826
:106080005B1840F100009E427CEB0003E1D240F23D
:10609000563740F2F55608EB0B0C2968AB68DCF874
:1060A00008006A685B1842F100029842DCF80C3084
:1060B00093411AD39CF81530012B02D06B7B012B36
:1060C00003D0012005B0BDE8F08F411A0091FEF722
:1060D000A1FDB84200993FD0B04228D0B0F5C67FAC
:1060E00014BF01230E239942EBDA08EB0B032A7C41
:1060F000197E91421FD904EB4A1409EB440494F829
:106100002940202CDDD04FEA441BC4E7761AFEF765
:1061100081FD40F25633984220D0B84209D0B0F504
:10612000C67F14BF01230E239E42B0DB97E73323C3
:10613000D9E73323F8E7D3E902611C695B7DA6192F
:1061400041F10001012B0BD0019BB342029B8B411B
:1061500038D3C5E9006174E71D23C4E71D23E3E7D5
:106160006B7B012BF0D00091FEF754FD40F25633CB
:10617000984200992CD040F2F553984226D0B0F5C1
:10618000C67F14BF01230E239C42DDDAFEF742FDD9
:1061900040F2563398421FD040F2F553984219D03E
:1061A000B0F5C67F14BF01260E26C344DBF80830C5
:1061B000DBF80C10F618019B41F10001B342029B81
:1061C0008B41C6D2002005B0BDE8F08F3323DBE75A
:1061D0001D23D9E73326E8E71D26E6E790170020C0
:1061E000081300202DE9F047154692F8008092F838
:1061F0000BC0AF7A12891C4686B00023E36023618E
:10620000C4E9003327749DF8389084F80DC0064621
:10621000A3606361E28184F811800F46B8F1000F3A
:1062200042D1FEF78FFBD5E904C24C4BC31841F1B4
:10623000000E9C4572EB0E030AD3013E47F1FF3777
:10624000C4E900674FF47A73A36006B0BDE8F08735
:10625000263041F10001844572EB0103EDD328891A
:1062600001300021844572EB01036AD3BCEB0000CE
:1062700062EB010104F10C03009303AA04ABFEF7E7
:10628000C3FB039B6A682889473313441844FEF70D
:1062900015FCDDE90432C01A20F07F40C4E9003269
:1062A000A06006B0BDE8F0872D4804A9801A04F16B
:1062B0000C02FEF77DFB2B4B1B78202B24D02A49A8
:1062C0000B69D1E90521053342F1000A13EB0108FE
:1062D0004AF1000A6B68227BE08947331044184476
:1062E000C4E9008AFEF7EAFB3246A0603B46286913
:1062F000CDF800902146FFF785FE0028A5D1C4E91E
:10630000006706B0BDE8F087637B16F1090847F126
:10631000000A012BDED0FEF717FF0028DAD1FEF7C6
:1063200079FC40F2563398420ED040F2F553984231
:106330000FD0B0F5C67FCDD116F1160847F1000A8F
:10634000C8E74046414695E716F1250847F1000A9F
:10635000C0E716F13B0847F1000ABBE70040420FD7
:10636000FF7F841E08170020101700202DE9F0473A
:10637000374DDFF8E08000EB40032B4406461C7AE3
:106380004700FFF71DF84FF0200C4FEA461E08EBC0
:1063900044110EEB0403D1F808A00A69AAEB000926
:1063A00029F07F49B9F5000F05EB43030DD812EB37
:1063B0000A02121A22F07F42B2F5000F05D8BCF192
:1063C000200F0BD12046BDE8F08793F82930202B11
:1063D000A4461C46DBD1BCF1200FF3D0BB192B44E3
:1063E0000CEB461205EB420293F8088092F8292044
:1063F0001A72710144464FF0040E0B1905EB43036A
:1064000022469445204683F828E093F82940F4D1A9
:10641000BB192B440A4493F80AE0BEF1200F5FFA3F
:106420008EFC18BF8C443E4418BF05EB4C0C05EBAA
:106430004202354408BF83F809804FF0200318BF9B
:106440008CF82980A87282F829302046BDE8F087B0
:1064500090170020081300202DE9F0414E4D01EB6C
:1064600041032B440C461E7A202E80464FEA4107FA
:1064700041D14A4B0BB1AFF3008005F084FF95F892
:106480002230202B0AD0464BD3E904E210F1020C53
:1064900041F10003E64572EB030331D3202E0AD00D
:1064A00042463346FFF7E6F900283FD085F82260E0
:1064B0000220BDE8F081D5E90623B3F1FF3F08BF14
:1064C000B2F1FF3F1FD195F8203043BB0420FFF706
:1064D00099F805F066FF0020FFF7F6F829684FF0FD
:1064E0008042202085F8220000230B600120C2F8A2
:1064F0000835BDE8F0810846FFF738FF8642B8D07E
:106500000020BDE8F081FEF7D5FB4FF0FF334FF0E0
:10651000FF32C5E9062395F82030002BD6D00520A0
:10652000FFF770F8002385F82030CFE73B192B44A4
:1065300006EB441205EB420293F808E092F829209A
:106540001A72610173460420CA189C4605EB420288
:10655000664592F8293082F82800F5D13B192B4482
:106560003C44987A2028C2B218BF5218614418BF20
:1065700005EB420205EB4101254408BF83F809E021
:106580004FF0200318BF82F829E085F80AC081F88F
:1065900029300020BDE8F0819017002000000000A5
:1065A000101700202DE9F04F85B005F0ECFEC14E2C
:1065B0000746884605F0F5FED6E90223B3F1FF3F12
:1065C00008BFB2F1FF3F05D04FF0FF324FF0FF336D
:1065D000C6E9022396F82830ABB94FF40C71B069C4
:1065E000FEF7E8FA33697269B169023342F10002D9
:1065F0005B1842F10002181842F10002874278EB62
:10660000020380F06381AC4C4FF0FF304FF0FF315C
:10661000FEF7ECFEE37B002B40F04681A74991F8A2
:1066200000B00122BBF1200FE27300F0388120227C
:106630000A7084F82220A373336094F8213003EBAE
:10664000430AA2445FFA83F99AF808505B00954226
:10665000009307D09A4B03EB45102A46407E012851
:1066600000F0C580009BDFF860A203EB0908202D35
:10667000A0444FEA491708D04846FFF777FE854205
:1066800003D098F80850202DF6D1BAF1000F01D0B0
:10669000AFF3008005F077FE94F82230202B09D06C
:1066A000D6E9042310F1020E41F1000C724573EBA0
:1066B0000C03E6D3202D38D02B460122FFF7DAF861
:1066C000002859D084F8225007EB0B0304EB430356
:1066D00093F82820022A1DD1009A4A442244062118
:1066E00083F82810917ACBB220291CBFDB1904EB68
:1066F00043035F4418BF83F829B0009B08BF82F8AA
:1067000009B04B44234404EB470783F80AB0202325
:1067100087F82930FF232374009B4B441C44637A81
:10672000202B5DD105B0BDE8F08FD4E90623B3F18D
:10673000FF3F08BFB2F1FF3F07D0FEF7BBFA4FF0B3
:10674000FF324FF0FF33C4E9062394F82030002BCA
:106750003FD10420FEF756FF05F023FE0020FEF790
:10676000B3FF21684FF080420023202084F82200EC
:106770000B60C2F80835A7E77B1904EB430398F8D0
:10678000080093F8293088F808300246042113469F
:10679000BA1804EB42029D4282F8281092F8292090
:1067A000F5D198F80A1088F80A30CAB220291CBF1F
:1067B000D21904EB42023B4404EB430318BF82F8B6
:1067C00029004FF0200208BF88F8090083F829202B
:1067D00057E70520FEF716FF002384F82030B8E7BE
:1067E000384B187805B0BDE8F04F01F05FBD09786F
:1067F000202914D0316970694F1DB16940F1000042
:10680000791840F10000019003EB4213D3E9020232
:1068100088420198824128BFC3E9021022E701FBA8
:10682000053191F815C017F1090148F10000BCF1DC
:10683000010F0190E8D0CDE90251FEF785FCDDE9BA
:1068400002211F4B10B19AF80850DDE7CDE9022173
:10685000FEF7E0F940F25635A842029A184B0CD0E8
:1068600040F2F555A84214D0B0F5C67F03990AD07E
:10687000009848442044057AC6E717F1250148F1FD
:1068800000000190F4E717F1160148F100000190B3
:10689000EEE717F13B0148F100000190E8E74FF403
:1068A0003171702001F022FB40F2C121702001F013
:1068B0001DFB00BF101700209017002008170020B4
:1068C000081300204017002000000000074B084A72
:1068D0001B78580102EB431308211258586890475F
:1068E00040F2B621702001F001FB00BF0817002024
:1068F0000813002070B5134C0D460646FEF7C0FA8B
:1069000094F8213004F1280CD9B20CEB831C00233D
:1069100002E00133202B12D01CF81320D8B2002A39
:10692000F7D103EB4111084A04EB4104590102EB92
:1069300043135650012284F828205D6070BD18462C
:1069400070BD00BF90170020081300201F280AD830
:106950000C4991F8213000EB431301EB430393F80A
:106960002820012A01D00020704791F8213000EB47
:10697000431301EB43034FF0000C104683F828C08B
:10698000704700BF9017002010B5094C04EB40146D
:10699000D4E90201FDF7D6FF227DE38A9B1803F1BB
:1069A00001034FF000025241181842EB010110BDE3
:1069B000081300200378002B40F0EF802DE9F04F02
:1069C000804A5368C3F308038BB08246002B40F023
:1069D000CF80DFF804927C4FDFF800B209F108089D
:1069E00027B1002140F24940AFF3008099F82140DF
:1069F000E4B24FF0000389F8103027B1002140F2D3
:106A00004E40AFF30080714B661C03EB841E06F012
:106A1000010503EB851CBEE80F00ACE80F00BEE8E3
:106A20000F00ACE80F00BEE80F00ACE80F009EE8D6
:106A30000F0024B28CE80F002E4627B1002140F24F
:106A4000DE30AFF3008004EB440405EB450508EBB2
:106A5000040338F804209B7828F805204544AB70DF
:106A600057B1002140F2E230AFF3008027B100219E
:106A700040F25340AFF3008005F085FC009604AB74
:106A8000524604460D46FFF7ADFB27B1002140F208
:106A90005A40AFF300804E4B1B78202B44D0DBF8DC
:106AA0001030DBF81420DBF81810053342F1000237
:106AB0005B1842F10002DDE90401984271EB020C1F
:106AC000009628D3434822462B4604A9FFF79AFA9A
:106AD000C0B1DDE90401FDF735FFBDF81E309DF8BA
:106AE0001C401B1903F101034FF00002524118181A
:106AF00042EB0101CAE9040127B1002140F26D40D7
:106B0000AFF3008099F81030002B7FF469AF0120BB
:106B10000BB0BDE8F08FCDE9043204A922462B4624
:106B20002C48FFF76FFAD4E79DF81D1014F1090304
:106B300045F100020129BED0CDE90232FEF704FB87
:106B4000DDE902320028B6D1FEF764F840F2563192
:106B5000884232D040F2F551884229D0B0F5C67F44
:106B6000DDE90232A7D114F1160345F10002A2E7D4
:106B7000103B59B2002912DB01F1604101F561417E
:106B800091F8000340090028C2D0DFF84C900E4F66
:106B9000DFF848B009F1080822E70020704703F049
:106BA0000F03043B1344187E40090028EDD1AFE7E2
:106BB00014F13B0345F100027DE714F1250345F193
:106BC000000278E700ED00E000000000B8170020A8
:106BD000081700200040420F9017002010170020D7
:106BE0002DE9F04FB04A536891B0C3F30803039006
:106BF0000791002B40F03B8208230693079B1B78EC
:106C0000012B00F2DB82DFF8BCB2BBF1000F04D035
:106C1000002140F24350AFF300800023DFF8A8A228
:106C2000DFF8A88204930124BBF1000F04D00021F7
:106C30004FF4AA60AFF3008024B99C4B0BB1AFF3C3
:106C4000008062B69AF82130DBB205934FF0000263
:106C50008AF81020069A002A40F0AD809946BBF1D0
:106C6000000F04D0002140F26450AFF3008005F023
:106C70008AFB059B0093079A0AAB0446FFF7B2FA1A
:106C8000BBF1000F04D0002140F26C50AFF3008044
:106C9000039B03EB49130AEB43034FEA491693F8AE
:106CA0002830013B012B00F28480DDE90A3224F018
:106CB0007F441D1B25F07F4121F00101002940F098
:106CC000D580039A09EB49035344B218997A0AEB29
:106CD0004202042082F8280020294FEA4902099242
:106CE000CAB200F001823244039B0AEB420282F8EE
:106CF00029301A46099B4B44534416440AEB460676
:106D00009A72202386F82930002304930125BBF1D1
:106D1000000F04D0002140F27150AFF30080644BAB
:106D20000BB1AFF30080EFF31086344672B69AF8D9
:106D30001030002B7FF478AF039B0AAF08EB4314AD
:106D40000FCF08340FC497E8030084E80300A5B10F
:106D5000069B002B00F0B281049B23B1554B1B789E
:106D6000202B00F0F1819AF82130DB4303F001037E
:106D70008AF82130FF238AF8103026B94B4B0BB12B
:106D8000AFF3008062B6BBF1000F04D000214FF4D6
:106D9000B560AFF30080002D53D1BBF1000F04D0DC
:106DA000002140F2B450AFF30080284611B0BDE896
:106DB000F08F0025ABE7059A3F4B551C05F0010508
:106DC00003EB821E03EB851C17B2BEE80F00ACE894
:106DD0000F00BEE80F00ACE80F00BEE80F00ACE803
:106DE0000F009EE80F00A9468CE80F002EB2BBF101
:106DF000000F04D0002140F2DE30AFF300802F4BB3
:106E000007EB470706EB4606DA19D95B92789953E8
:106E100033449A70BBF1000F0CD0002140F2E230F5
:106E2000AFF30080BBF1000F04D0002140F25A50B4
:106E3000AFF300809AF81030002B7FF4F5AE059583
:106E40000DE79AF8213003EB430353445B7A202B80
:106E5000A3D0BBF1000F04D0002140F2AF50AFF33C
:106E60000080174B187801F021FA96E725F07F454E
:106E7000B5F5000F3FF625AF0C99C9180C1B24F08F
:106E80007F44B4F5000F3FF61CAF09EB49015144B4
:106E90000C7A4FEA4901202C099100F03A81202117
:106EA000944604911A4627E000ED00E0000000003F
:106EB0000000000008170020B817002098170020D5
:106EC0004017002000000000901700200813002049
:106ED0009DF83510012903D0417D012900F0B180D2
:106EE00033190AEB430393F82930202B00F020815B
:106EF000DDE90A2C04941C4608EB44106501876800
:106F00000169C368C91943F1000E8A427CEB0E0384
:106F1000DED213466246049F0C9908EB0500C9189F
:106F2000D0F808C042F100028C45C16871EB020242
:106F300075D3427D012A03D09DF83520012A59D00E
:106F4000049B9F4200F0DF80202F00F03C81049BD7
:106F5000202B06EB07030AEB430393F8292000F0EC
:106F60002481049BF3180AEB430393F8294083F828
:106F7000292022460520B3180AEB430311468F420D
:106F800093F8292083F82800F5D1099B4B445344FA
:106F9000987A202808BF5C72099B4B44C1B25344C5
:106FA0001CBF89190AEB41019F72039B18BF81F82E
:106FB0002940F318F1190AEB43030AEB41012020A1
:106FC00081F8290083F82920049B834200F0A780E0
:106FD0001C4634440AEB4404039B84F82930002304
:106FE0000493039B1E440AEB4606032386F82830CD
:106FF00001258CE6ACEB03030893FDF70BFE40F292
:1070000056339842089B55D040F2F55290424DD0ED
:10701000B0F5C67F14BF01220E229A4290DD45448E
:107020009DF838302A7E9A424FD933190AEB430330
:10703000274693F82940202C61D0DDE90A3265010A
:107040006AE7D71BFDF7E6FD40F25633984233D08E
:1070500040F2F55398422BD0B0F5C67F14BF012201
:107060000E22BA427FF73CAFDDE90A3253E7103B0C
:1070700059B200293BDB01F1604101F5614191F812
:1070800000335B090693002B7FF4B8AD534B1B789C
:10709000202B00F09D80079B1B780693002B3FF46C
:1070A000B2AD40F23C51702000F020FF3322B4E733
:1070B0003322D6E71D22B0E71D22D2E7FF238AF84C
:1070C0001030002E7FF45FAE58E6099B039A4B44C4
:1070D0005344B218997A0AEB42020420202982F81C
:1070E0002800CAB27FF4FFAD039A5A7202E603F099
:1070F0000F03043B13441B7E5B090693C3E7049B09
:107100009F427FF424AF202B11D1099B4B44534461
:107110001C7A039BF3180AEB430383F82940099B6D
:10712000039A4B4453441A720123049359E71C46B3
:1071300033190AEB430393F82920039BF3180AEB56
:10714000430383F8292044E705990220FFF784F9D7
:1071500000287FF408AE9AF82130039F03EB430127
:10716000514407EB43128C7A0AEB42020420202C94
:1071700082F82800DDB24FEA4312E0B24FEA43033F
:1071800019D011180AEB410181F8297039462B44B6
:1071900053440A440AEB420299722023049D82F868
:1071A0002930002E7FF4EFADE8E5099B4B445344B2
:1071B0001C7A1A72DDE64F723946E8E74FF4A8618F
:1071C000702000F093FE4FF4E871702000F08EFE06
:1071D00040F23951702000F089FE00BF08170020EE
:1071E0002DE9F84F7B4CDFF8008205464FF0010B8C
:1071F00004F1080AB8F1000F04D0002140F2C65093
:10720000AFF30080BBF1000F04D1734B0BB1AFF3B0
:10721000008062B64FF000032374B8F1000F04D071
:10722000002140F2CB50AFF3008094F821606B4B0B
:10723000B146013606F0010703EB891E03EB871CFC
:10724000BEE80F00ACE80F00BEE80F00ACE80F008E
:10725000BEE80F00ACE80F009EE80F003E468CE849
:107260000F00B8F1000F04D0002140F2DE30AFF380
:10727000008009EB490907EB47070AEB09033AF8D5
:1072800009209B782AF807205744BB70B8F1000FFB
:1072900004D0002140F2E230AFF30080237C03F001
:1072A000FF01002B40F08680B8F1000F03D040F2C0
:1072B000D550AFF3008005EB461304EB4303770191
:1072C00093F82820032A73D106EB4602224492F851
:1072D00008904D4578D0B9F1200F69D04B4601E0B8
:1072E000202B65D0FA1804EB4202194692F8293097
:1072F0009D42F5D1202D5BD07B19394404EB43032B
:1073000004EB410193F8293081F82930B8F1000FDE
:107310000CD0002140F24B30AFF30080B8F1000FE9
:1073200004D0002140F2DA50AFF300802F4404EB88
:107330004707012387F82830B8F1000F04D0002157
:1073400040F2E350AFF30080254B0BB1AFF3008068
:10735000EFF3108B72B6237C002B7FF44BAF4D45BF
:1073600003D1204B1B78202B1CD094F82130DB4319
:1073700003F0010384F82130FF2323740124BBF1BF
:10738000000F04D1144B0BB1AFF3008062B6B8F11B
:10739000000F04D0002140F20560AFF300802046CA
:1073A000BDE8F88F31460220FFF756F80028DCD1FF
:1073B0000024E4E7B8F1000F3FF424AF002140F2CD
:1073C000D150AFF3008015E7202DF1D093F829308C
:1073D00013729BE79017002000000000B8170020F0
:1073E00000000000081700200000000070B506280B
:1073F0000DD8DFE800F01C52040C0C740D00B14AEB
:107400004FF0804112680123C1F80835136070BD48
:10741000AD4D2B78202B00F09180AC4C5A0104EB41
:107420004313A2585868BDE8704005211047A54C89
:10743000D4E90623B3F1FF3F08BFB2F1FF3F00F0EC
:10744000D080A34E0120FEF73FF9737F012B04D0BB
:10745000FDF77AFE002800F030819B4D2B78202B21
:1074600000F09B80FF23A373D6E90223B3F1FF3F13
:1074700008BFB2F1FF3F05D00520FEF74FF8002806
:1074800000F016812B78914A590102EB4313BDE8B5
:10749000704052585868012110478B4D2B78202B93
:1074A00000F0A6808A4E737F012B04D0FDF74CFEBE
:1074B000002800F0F380834CD4E90623B3F1FF3FAA
:1074C00008BFB2F1FF3F61D02B78804A590102EB2F
:1074D0004313BDE870405258586800211047794C5A
:1074E00094F820307BB1D4E90623B3F1FF3F08BF05
:1074F000B2F1FF3F00F0A2800120FEF7E5F8002383
:1075000084F8203070BD704D2A78202A00F09D80CC
:107510006F4E4FF0FF324FF0FF33C6E90223A37BDB
:10752000002B00F0B6802B78684A590102EB431318
:10753000BDE870405258586806211047614890F8DD
:10754000213003EB43010144DAB20B7A202B00F027
:10755000AA8003EB421200EB420292F829400C721F
:10756000FF210174022182F82810584C58492B70D1
:107570000022C27381F8282004EB4312127E002AF5
:107580007FF44CAF01F0DCF82B7847E7FDF748FBC0
:1075900004F0F9FEC4E9060196E794F82130DAB266
:1075A00003EB43032344197A20297CD001EB4212D8
:1075B00004EB420292F829001872FF232374434B14
:1075C000297003EB41110023097EE37386F828300C
:1075D000022382F8283000297FF444AF01F0B0F88C
:1075E00040E7FDF71DFB04F0CEFEC4E9060128E7E5
:1075F000344A92F8213003EB43001044DBB2017AA5
:10760000202950D001EB431302EB430393F82940A8
:107610000472FF201074022083F828002B4B29707D
:1076200003EB41112A4E097E0023D37386F82830DC
:1076300000297FF438AF01F083F834E7FDF7F0FA62
:1076400004F0A1FEC4E9060156E794F82120D1B266
:1076500002EB42022244107A202824D000EB411190
:1076600004EB410191F829601672FF222274174A37
:10767000287002EB4010164E027EE37386F8283025
:10768000022381F82830002A7FF443AF01F058F834
:107690003FE740F24361702000F028FC40F2516166
:1076A000702000F023FC40F24721702000F01EFC07
:1076B00040F22F61702000F019FC40F22961702027
:1076C00000F014FC90170020081700200813002079
:1076D0001017002070B5284B1A78202A86B045D0A4
:1076E000264CD4E90213B3F1FF3F08BFB1F1FF3FCD
:1076F00037D1234D05EB42150646D5E90201FDF7CA
:1077000021F92B7DEA8AD21802F101024FF0000C18
:107710004CEB0C0C93194CF1000C18180DF10B03E9
:107720004CEB0101009303AA04ABFDF76DF99DF842
:107730000B20DDE904310F2A94BF002201229B189F
:1077400041F10001C4E902310E4B9B7B13B90120CA
:1077500006B070BDD4E902230520FDF7DFFE06B0B8
:1077600070BD40F62F01702000F0C0FB40F62E01E6
:10777000702000F0BBFB00BF08170020101700208E
:107780000813002090170020FDF71ABE38B5234BD0
:1077900093F800E0BEF1200F3AD0214D95F821304A
:1077A00095F821C003EB43032B445FFA8CFC1B7A52
:1077B000202B1FD01B4C4FEA4C1C06E0634405EB0A
:1077C000430393F82930202B14D004EB4312117E8D
:1077D0008142F3D804EB4E14D4E902132069401817
:1077E000D2E9021243F10003814272EB030304D297
:1077F000002038BD4FF0FF3038BD0B4B081A1C6815
:10780000FDF792F804F132038342F1D8001B38BD32
:1078100040F66801702000F069FB00BF08170020E7
:107820009017002008130020101700202DE9F04FBA
:107830008D4B1E7887B0202E019000F010818B4F69
:107840008B4D97F82130286803EB43033B440DF13F
:1078500013021C7A019B18442B6903938946AB6978
:10786000029305A9FDF7A4F8019A824B323A9A4295
:1078700061D8DFF80882059B696908EB4616B26893
:107880009B1832699B182A699B1A23F07F40B0F538
:10789000000F50D897F821A0AB61202C85F82090DC
:1078A0005FFA8AFA18BF4FF0200B00F0CB8008EB8C
:1078B000441C9B18DCF8080041F100019842DCF8F8
:1078C0000C308B414FEA44164ED39CF81530012BF7
:1078D00002D06B7F012B32D00520FDF793FE97F885
:1078E00021104FF0FF324FF0FF33BBF1200FC5E9FD
:1078F0000223C9B240F0A48001EB410139442024A5
:107900000B7A594A97F82110127802EB411207EBD3
:10791000420282F829302B68019A13442B60FF231E
:107920003B74202C40D0544B187800F0BFFC002052
:1079300007B0BDE8F08F012007B0BDE8F08FA0EBE5
:107940000209FDF767F940F25633984220D040F221
:10795000F55398421AD0B0F5C67F14BF01230E2309
:107960004B45B9DD95F820904644337E4B4511D9FF
:1079700004EB4A1307EB430393F82930202B17D06D
:10798000A346D5E904211C46AB6990E73323E7E71A
:107990001D23E5E7DDE902312A695B189B1A022005
:1079A000AB6107B0BDE8F08F002007B0BDE8F08FF5
:1079B0000520FDF727FE4FF0FF324FF0FF3397F819
:1079C0002110C5E90223C9B201EB41033B4404EB9A
:1079D000411207EB420293F808A092F829201A728C
:1079E0004FEA410C480153464FF0050800EB030EE7
:1079F00007EB4E0E1A4694421E468EF828809EF8DB
:107A00002930F3D10CEB010EBE4461449EF80A907C
:107A1000B9F1200F5FFA89F818BF80443944024455
:107A200018BF07EB480807EB42028E724FF02001A7
:107A300014BF88F829A08EF809A082F8291060E701
:107A40005C46C1E70520FDF7DDFD97F821104FF0FA
:107A5000FF324FF0FF33C5E90223C9B24CE74FF4C0
:107A60000961702000F042FA0817002090170020EA
:107A700010170020CE3F420F4017002008130020AF
:107A80002DE9F04FA64C94F8213000EB431304EBA2
:107A9000430383B093F82830002B00F03C8194F826
:107AA0002170DFF888820546FFB2B8F1000F04D0DC
:107AB000002140F6CF00AFF300807E0105EB4717B1
:107AC00004EB4707B8F1000F40F0E880771904EBAA
:107AD000470797F82830012B09D0043B022B40F2CE
:107AE000D08004F0EFFC97F82830012BF5D1DFF8B7
:107AF00040B201230193ABF1200AB8F1000F04D08A
:107B0000002140F6E600AFF30080019B23B9854BCE
:107B10000BB1AFF3008062B64FF000032374B8F1ED
:107B2000000F04D0002140F6EB00AFF3008094F882
:107B30002160B1460BEB891EBEE80F00013606F04E
:107B400001070BEB871CACE80F00BEE80F00ACE8A8
:107B50000F00BEE80F00ACE80F009EE80F003E46A5
:107B60008CE80F00B8F1000F04D0002140F2DE30A5
:107B7000AFF3008009EB490907EB47070AEB09035C
:107B80003AF809209B782AF807205744BB70B8F1CF
:107B9000000F04D0002140F2E230AFF30080237CDC
:107BA00003F0FF01002B40F08E80B8F1000F03D0EE
:107BB00040F6F500AFF3008006EB460323444FEA9E
:107BC00046095F7ABD4200F09B80202F30D07001C3
:107BD00001E0202F2CD0C31904EB430339463A4669
:107BE00093F82970BD42F4D1202D21D001442844BE
:107BF00004EB400004EB410190F8293081F8293072
:107C0000B8F1000F06D0002140F243300192AFF3EB
:107C10000080019A09EB060323449B7A9F4260D0BF
:107C2000B8F1000F0CD0002140F24B30AFF30080D0
:107C3000B8F1000F04D0002140F6F900AFF3008046
:107C4000394B0BB1AFF30080EFF31083019372B6A1
:107C5000227C002A7FF451AF84F82160FF22227435
:107C600023B9304B0BB1AFF3008062B6B8F1000F0F
:107C700004D0002140F60B10AFF3008003B0BDE844
:107C8000F08F731904EB4303DFF8A4B0012283F8EB
:107C9000282001230193ABF1200A2EE797F8283022
:107CA000012B3FF424AF043B022B16D9002140F6F0
:107CB000DB00AFF3008004F005FC002140F6DF009C
:107CC000AFF30080FEE6B8F1000F3FF41EAF0021D5
:107CD00040F6F100AFF300800FE7012387F828306A
:107CE000EBE7B8F1000F06D0002140F246300192D8
:107CF000AFF30080019A09EB060323449A728FE7E1
:107D0000202D95D005EB461204EB420292F8292073
:107D10005A72202274E740F6C601702000F0E6F89F
:107D2000901700200000000000000000000000008C
:107D3000B817002070B586B063BB064610460D46E6
:107D4000FCF7F2FD0DF10B0304460093304604AB43
:107D5000294603AAFCF758FE03981349231A8B42BD
:107D60000BD3001B88420ED3104A93420DD8904289
:107D700015D9C0F1614303F5F7030A9AA2F10F0088
:107D8000C01A06B070BD4342F7E703F1F45303F5A0
:107D90009023F2E740F61111702000F0A7F840F6AA
:107DA0005801702000F0A2F80040420FFF7F841EAF
:107DB000BFF34F8F0549064BCA6802F4E0621343D4
:107DC000CB60BFF34F8F00BFFDE700BF00ED00E0C9
:107DD0000400FA05094B01225A604FF0FF32C3F844
:107DE0000823074B4FF48042C3F88020BFF34F8F26
:107DF000BFF36F8FC3F88021704700BF00E00040E1
:107E000000E100E0094B01225A604FF0FF32C3F855
:107E10000823074B4FF48052C3F88020BFF34F8FE5
:107E2000BFF36F8FC3F88021704700BF00C00040D0
:107E300000E100E0084B0022C3F8FC2F0122C3F848
:107E4000FC2F064B0222C3F88020BFF34F8FBFF3F5
:107E50006F8FC3F8802170470010004000E100E000
:107E6000F8B51B4E337805460C4617466BBBFCF73E
:107E700079FC184B7760002D08BF1D4628463472E8
:107E8000FFF7D8FFFFF7BEFFFFF7A4FFFDF704F8E9
:107E90000546C0B9F4F724FAFCF7F2FFFCF73CFF03
:107EA00004F079F9002C0CDB04F01F026409A40033
:107EB00004F1604404F5614401239340C4F8803127
:107EC0002360012333702846F8BD4FF0FF35FAE7F1
:107ED0003818002086A3030008B572B6024B5B6811
:107EE00003B19847FFF764FF381800201FB572B63A
:107EF000134B5D688DB9FFF75BFFB2FBF6F2DCB2A6
:107F00000133002AF9D104F110036B4403F80C2C5F
:107F10000A2234B901A8A847EDE7024600230A2641
:107F2000EDE7631E04AEDCB256FA83F3B0FBF2F663
:107F300002FB1600303003F80C0C3046E9E700BFB6
:107F400038180020074B93F90830002B09DB5A0939
:107F5000012103F01F0301FA03F34032024941F803
:107F6000223070473818002000E100E0014B1878FB
:107F7000704700BF381800202DE9F84FDFF8CCA07B
:107F8000304C314DDFF8C890074601269AF8008042
:107F90005FFA88F8FF238AF80030B8F1000F01D0AB
:107FA0008AF80130EFF3108272B600236660C4F8DD
:107FB0000031C4F80431C4F8047526603AB962B6D9
:107FC00005E0D4F8043133B92B69DB0620D4D4F8AA
:107FD0000031002BF5D0D4F80431002BE2D1B8F1F8
:107FE000000F13D19AF80130DBB28AF80180032127
:107FF0004FF48042C4F80813C4F80481C4F8008127
:10800000C9F880218AF80080002BBFD1BDE8F88F25
:108010004FF48043C9F88031EFF3108B72B603231D
:10802000C4F80433D4F8003113B9D4F804311BB1C7
:10803000BBF1000FCBD1C2E704F044FABBF1000F53
:10804000C5D1BCE700E0004000ED00E0441800208E
:1080500000E100E070B51646DA078CB01D46864692
:108060008C4640F1A280C37B8DF80030837B8DF875
:108070000130437B8DF80230037B8DF80330C37AE7
:108080008DF80430837A8DF80530437A8DF8063008
:10809000037A8DF80730C3798DF8083083798DF82D
:1080A000093043798DF80A3003798DF80B30C378A5
:1080B0008DF80C30837842788DF80D3003788DF888
:1080C0000F308DF80E20CA7B8B7B8DF810208DF839
:1080D00011304A7B0B7B8DF812208DF81330CA7A51
:1080E0008B7A8DF814208DF815304A7A0B7A8DF83A
:1080F00016208DF81730CA798B798DF818208DF8F5
:1081000019304A790B798DF81A208DF81B30CA780E
:108110008B788DF81C208DF81D304A780B788DF8FF
:108120001E208DF81F306C462046FFF725FFAB0759
:1081300031D59DF82F009DF82E109DF82D209DF82B
:108140002C30307071709DF82B009DF82A10B270A1
:10815000F3709DF829209DF82830307171719DF8D9
:1081600027009DF82610B271F3719DF825209DF827
:108170002430307271729DF823009DF82210B27283
:10818000F3729DF821209DF8203030737173B27323
:10819000F3730CB070BD0DF1200CBCE80F00306023
:1081A0007160B260F3600CB070BDDEF80410DEF8F0
:1081B0000820DEF80C3000686C46A646AEE80F00DA
:1081C000DCF80000DCF80410DCF80820DCF80C30E7
:1081D000AEE80F00A8E700BF1B4B4FF4805270B50C
:1081E000C3F88020BFF34F8FBFF36F8F174D184C2C
:1081F0000021C5F80011C3F880212669236943F0E6
:10820000100323610123C5F8043306F010062B6028
:10821000D5F80031A3B11EB9236923F010032361FF
:108220000A4B0122D3F808055A60C3F8082300223C
:10823000C3F80021044B4FF48052C3F8802170BD75
:1082400004F040F9E4E700BF00E100E000C00040B6
:1082500000ED00E038B50C4902460520431ED8B2B7
:10826000FF2803D148216920FFF740FE01EBC0033E
:108270001D7905F0FF04002DF0D141F830200122D6
:108280005C719C711A7138BD48180020042808B52B
:1082900003D94F216920FFF729FE034B03EBC000F0
:1082A0000023037108BD00BF48180020042808B54A
:1082B00003D958216920FFF719FE094B03EBC000D1
:1082C0000379012B01D05921F4E7437982790133F5
:1082D000DBB29A4218BF4371BDE80840FFF732BED7
:1082E0004818002070B5124C06250026013D15F0F7
:1082F000FF0500D170BD94F8281004EBC1031A7972
:10830000012A09D158799A79904205D05A79D2B286
:108310009A7154F83130984794F828300133DBB221
:10832000042B94BF84F8283084F82860DEE700BF6F
:108330004818002008B504F059F870B904F05FF847
:1083400058B904F065F840B904F074F8044A054BD4
:10835000002808BF1346184608BD024BFBE700BFC4
:1083600000E701400C05004008B504F063F808B3CD
:10837000EFF3108072B6104A1369116941F01001D1
:108380001161A2F5406203F01003D2F80011D2F897
:1083900004210A4300D040BF20BF00BF00BF00BF80
:1083A00000BF23B9044A136923F01003136100B915
:1083B00062B608BD20BFFCE700ED00E0914270B559
:1083C0003BD2B2FA82F33BB1C3F1200420FA04F4A9
:1083D0009940214398409A40160CB1FBF6FC06FBED
:1083E0001C1424041FFA82FE030C85B204EB104017
:1083F0000CFB0EF4844206D9201A90428CBF022056
:108400000120ACEB000C03EB01410CFB1211B1FBA2
:10841000F6F006FB101105EB014100FB0EFE8E4548
:108420004FEA0C4C06D9AEEB010E96458CBF0222EA
:108430000122801A40EA0C0070BD73219620FFF7DC
:1084400055FD00BF2DE9F8431C4652EA040349D00C
:10845000074615460E467CB9914208D32146304660
:10846000FFF7ACFF04462A46384604FB1561FFF7C8
:10847000A5FF2146BDE8F883B4FA84F9B9F11F0FCE
:1084800034DC4FF0010808FA09F2A2FB051320FAC8
:1084900008F002FB043226FA08F140EAC670FFF742
:1084A0008DFFC9F11F03D8404FF0000118D0431EC3
:1084B0008C4661EB010105FB01F203FB04228046BF
:1084C0001846A5FB033EFB1A724466EB02061F46E4
:1084D000AF4276EB040324BF40466146BDE8F88313
:1084E0008446F5E7CA219620FFF700FDE721962094
:1084F000FFF7FCFC30B5441A944229D33AB34B1C25
:10850000C31A022B2FD9531E072B2CD922F0030597
:108510008C4686460D445CF8044B4EF8044BAC4543
:10852000F9D122F003039A4202F0030400EB0305A1
:1085300001EB030C0BD0CA5CC254012C07D09CF891
:1085400001306B70022C02D09CF80230AB7030BD51
:10855000002AFCD08B18024413F801CD02F801CD9B
:108560008B42F9D130BD4B1E0244014613F8014F36
:1085700001F8014B9142F9D130BD00BF81EA0003FF
:1085800070B59E075DD185075FD0002A58D003469D
:1085900001E0002A54D011F801CB03F801CB9C076D
:1085A00002F1FF32F5D1032A29D941EA0305141F4C
:1085B0006E074FEA940E4AD12B2C48D90EF10106D2
:1085C0004FEA560C03EBCC0CA1F108051C4695EDC7
:1085D000027BA4EC027B644505F10805F7D1F507A1
:1085E00026F0010403D551F8245043F824500EF12D
:1085F000010402F0030203EB840301EB8401FAB1EE
:10860000541E022C1FD922F003058C460D449E46B1
:108610005CF8044B4EF8044BAC45F9D122F003044E
:10862000A2422344214402F0030509D00A781A70BB
:10863000012D05D04A785A70022D1CBF8A789A7095
:1086400070BD0346DBE71546F0E70346ABE70EF1E6
:10865000010C01EB8C0C1D1F0C4654F8046B45F803
:10866000046F6445F9D1C2E72DE9F04184075FFA50
:1086700081FE5FD0002A59D0034601E0002A55D080
:1086800003F801EB990702F1FF32F7D14EEA0E240D
:10869000032A44EA04443ED9151FAE08172D06F1FB
:1086A0000106C3F3800147D99846002940D048F815
:1086B000044B771A03EB810C79080CEBC101CCE970
:1086C00000440CF1080C6145F9D127F0010C08EBCE
:1086D0008C016745CCEB8C7805EB880517D02F1FF4
:1086E000032F0C6013D9A5F10807032F4C600ED996
:1086F000A5F10C07032F8C6009D9A5F11007032FF2
:10870000CC6004D9143D032D0C6188BF4C6102F08C
:10871000030203EB86034AB1013A83F800E005D077
:10872000012A83F801E018BF83F802E0BDE8F08178
:108730001546BEE70346A9E719461546CFE700BF31
:10874000014B01229A777047B01800202DE9F047BD
:1087500086468C460846089E154674461946002BE8
:1087600040F0C2808542B2FA82F245D94AB1C2F1E4
:10877000200300FA02FC2EFA03F3954043EA0C0CA6
:1087800094404FEA154EA8B2BCFBFEF8230C0EFB3A
:1087900018CC08FB00F943EA0C43994528D9EB189B
:1087A00008F1FF3704D2994502D9A8F102072B44FA
:1087B000A3EB0903A4B2B3FBFEFC0EFB1C330CFBC2
:1087C00000F044EA0344A04214D92C190CF1FF3301
:1087D00004D2A04202D9ACF102032C44241A43EA89
:1087E00007401EB1D440002334607360BDE8F087B9
:1087F0004746DDE76346F1E792BB431B01214FEAA1
:10880000154EAFB2B3FBFEFC200C0EFB1C330CFB71
:1088100007F840EA0343984562D9EB180CF1FF30A2
:1088200004D2984502D9ACF102002B44A3EB080313
:10883000A4B2B3FBFEFC0EFB1C330CFB07F744EAAF
:108840000344A7424ED92C190CF1FF3304D2A7429E
:1088500002D9ACF102032C44E41B43EA0040C0E718
:10886000C2F1200320FA03F1954090402EFA03F361
:1088700003434FEA154EAFB2B1FBFEFC0EFB1C10DA
:10888000190C0CFB07F841EA0041884504FA02F490
:1088900022D969180CF1FF3004D2884502D9ACF115
:1088A00002002944A1EB08019BB2B1FBFEFC0EFBC8
:1088B0001C110CFB07F743EA01439F420ED9EB184A
:1088C0000CF1FF3104D29F4202D9ACF102012B44DA
:1088D000DB1B41EA004192E76046E3E76146F7E7C8
:1088E0006046A3E76346B7E7834206D916B900217D
:1088F00008467BE7C6E900E0F9E7B3FA83F78FB9EA
:10890000834201D3724508D8BEEB020460EB030337
:1089100001209C461EB9002168E73846FAE7C6E9FF
:10892000004CF8E7C7F1200CBB4022FA0CF41C43C2
:108930002EFA0CF120FA0CF3B84001434FEA144927
:108940000EFA07F5B3FBF9F81FFA84FE09FB18309D
:108950000B0C08FB0EFA43EA00439A4502FA07F2B1
:1089600040D9E31808F1FF3004D29A4502D9A8F1A2
:1089700002002344A3EB0A0389B2B3FBF9F809FB15
:10898000183308FB0EFE41EA03418E452CD96118CD
:1089900008F1FF3304D28E4502D9A8F10203214425
:1089A00043EA0040A0FB0298A1EB0E014145CE46F0
:1089B000434602D306D14D4504D2B9EB020E68EB13
:1089C00004030138002EA6D0B5EB0E0261EB0301C3
:1089D00001FA0CFC22FA07F34CEA0303F940C6E95A
:1089E000003198E74046C5E74346D9E71FB5014641
:1089F00001A800F006F801A802F090FA05B05DF8B1
:108A000004FB0B88C3F30B0383804B88C3800022D5
:108A100042724B78C3F30113012B02D0022B18BF13
:108A20001346043103720160704710B58B880370E0
:108A3000437803F0F00343708A88C2F303221343A0
:108A40004370CA888270CA8803F0CF03120A437049
:108A5000C2700A7A120102F03002134303F03F039E
:108A600043704A7A43EA821343700C460968043023
:108A7000814205D0E288FB2A28BFFB22FFF77EFD5A
:108A8000E0880430C0B210BD10B48B880370437806
:108A900003F0F00343708A88C2F303221343437048
:108AA000CA888270C27802F0C002C270CC88C4F357
:108AB0000524224303F0CF034370C2700C7A2401D3
:108AC00004F03004234303F0BF0343704C7A43EABD
:108AD000841303F07F0302F03F024370C2700B68FF
:108AE0000430834205D0CA885DF8044B1946FFF76D
:108AF00045BD5DF8044B704770B50B78013B0546EA
:108B00000C46182B00F20A81DFE813F02F00330027
:108B10000801A600AC00B200B800BE00C200C4004C
:108B2000D400DA001900080108013700C800CE009F
:108B3000DE00E400EA00F000F600FC0002010E2373
:108B4000B1F803200B7042F283039A4209D1062345
:108B5000637066780236324621462846FFF70EFDDE
:108B600051E03121C720F4F7DFFB0C230B70082301
:108B7000EEE71A230B700123EAE72920F4F71CFE25
:108B800030B13E232370222363702923A370E0E7D2
:108B90000A20F4F711FE3E2305F1080204F1080152
:108BA0002B7090B30A23AB70E378EB70A3882B7122
:108BB000A3881B0A6B71A379AB71E379EB71A3688E
:108BC000AB608B889380D4F80E30C5F80E30638A82
:108BD0006B8263696B61238B2B83638BAB76638BB7
:108BE0001B0AEB76A38B2B77A38B1B0A6B77E38B8C
:108BF000AB77E38B1B0AEB7794F8203085F82030B5
:108C00001F266E700236304670BD0123AB70E378CC
:108C1000EB70A3882B71A3881B0A6B71A379AB71CE
:108C2000E37903F00103EB71A368AB608B88938059
:108C3000638BAB73638B1B0AEB73A38B2B74A38BBC
:108C40001B0A6B74E38BAB74E38B1B0AEB7494F815
:108C500020302B751326D4E73E230B7004234B7072
:108C6000142393E73E230B700C234B7004238DE7F2
:108C70003E230B700A234B70032387E73E230B70C0
:108C80000D234B70052381E70523237004235FE741
:108C90000823FAE730230B70032359E73E230B70B8
:108CA0000B234B70072371E73E230B7006234B7099
:108CB0000C236BE713230B708B789B00013347E782
:108CC00057230B70022343E73E230B7006234B70A0
:108CD00012235BE73E230B7009234B70132355E7E8
:108CE0003E230B7005234B7020234FE73E230B7070
:108CF00009234B70212349E7FF230B700B234B7093
:108D0000A22343E7FF230B7005234B70A3233DE70A
:108D1000FF230B700D234B70802337E740F26F2148
:108D200020E708B510B1FFF761FE10B96FF015002C
:108D300008BD0020FCE710B50C4630B129B1F4F7AE
:108D400091FC28B12070002010BD6FF01500FBE7EA
:108D50006FF02200F8E708B5F4F70CFD002008BD1D
:108D600001F0C7B808B5F4F717FD002008BD01F001
:108D70008EBB01F09CBB022202708270D62242712F
:108D80006FF0250282716FF03802C2716FF05102EC
:108D90000272082242726FF0240200238272722251
:108DA0004370C3700371C2721846704701F0F1B886
:108DB00038B54FF080530446D3F8A020D3F8A41060
:108DC000013106D1D3F8A8304FF6FF719BB28B4228
:108DD0003ED0D3073CD54FF08055D5F8A420D5F828
:108DE000A830A4F80530C3F3072363F03F03C4F8A9
:108DF0000120A371D5F89030013323D0D5F89430F9
:108E000001331FD0D5F8983001331BD0D5F89C30F2
:108E1000013317D00020F7F7E7F998B9D5F890009B
:108E2000D5F89410D5F89820D5F89C30C4F81330B4
:108E3000C4F80700C4F80B10C4F80F2001232370F6
:108E4000002038BD10220021E01DFFF70DFCF5E7E2
:108E50000023F4E770B54FF080551022002104463E
:108E6000D5F8A060FFF700FC10220021A018FFF742
:108E7000FBFBD5F8803001330BD1D5F884300133BA
:108E800007D1D5F88830013303D1D5F88C300133C0
:108E90000BD0D5F88000D5F88410D5F88820D5F807
:108EA0008C30E36120616161A2610020F7F79CF9D9
:108EB00008B9F3071DD44FF08053D3F89020013246
:108EC0000BD1D3F89420013207D1D3F89820013286
:108ED00003D1D3F89C2001320BD0D3F89000D3F803
:108EE0009410D3F89820D3F89C30E3602060616040
:108EF000A260002070BD10B50446FFF76DF9B0F513
:108F0000007F09DA10F5007F08DD031EB8BF0333C8
:108F10009B102370002010BD7F23FAE76FF07E03C3
:108F2000F7E7012070470120704701F015BB00787A
:108F3000003818BF012001F023B9F6F797BE8178F9
:108F4000008801F0D4BA01F0F0BA37B505460C46F6
:108F500000880DF1060101F018F92B882380BDF877
:108F60000630638003B030BDF6F788BE01F00FBB5A
:108F700000F0A8BF01F002B808B5F4F715FC002016
:108F800008BDF6F76FBC01F019B8F6F7F5BD00F0B3
:108F9000E1BF01F01ABA01F0E4B901F02BBA00F018
:108FA00055BF00F05ABF00F066BF00F078BF01F077
:108FB00016B801F0F7B800F0D8BF00F094BF0388EE
:108FC0000B8001F049BA03880B8001F053BA01F01D
:108FD0002DB8F6F79DBCF6F783BC01F055B801F04B
:108FE00063B8F6F79FBC01F0A0B800F0A2BF01F093
:108FF000BCBAF6F741BCF6F7C3BCF8B5D4181F46A7
:10900000BDF81830053414FB03F4A4B2054604F18E
:109010001B0020F0030080B28842164603D0A32133
:109020001420F4F781F915F0030101D0A421F7E72A
:10903000B4F5004F01D9A521F2E71422281DFFF74E
:1090400013FBEF746C802E80F8BD70B50688C58860
:1090500003898E42C5F30E02C3F30E0403D2C92165
:109060001420F4F761F95D40C5F30E030BB92D042C
:1090700009D4A24209D2C37CA41A0533E41AA1423E
:1090800003DD00238374184604E018320123815263
:109090008374104470BD0144053111FB02F01B3094
:1090A00020F0030080B2704740881B3020F003009E
:1090B00080B2704738B503888B4204D240F2011168
:1090C0001420F4F731F9857C65B1C388C3F30E032E
:1090D0001833C25A8A4207D3C152811DF4F792FB5A
:1090E00000238374284638BD0025FBE70346F0B50E
:1090F0009C88A5B2C4F30E06DC88AC4200F11800CF
:1091000002D10020D881F0BD5F89DC7C855B3C44C6
:1091100002343444ED1B20440C88ADB2AC4288BF0D
:109120000D805C89B4FA84F4640914700A88DA81C9
:10913000E9E7F8B58288C389002604460D4692B255
:109140000E60CBB1C2F30E024189183287180B446E
:10915000825A9BB29342438104D94FF4A7711420E1
:10916000F4F7E2F804D1011DF4F74CFB46812F60BF
:109170000023E3810120F8BD1846FCE770B50446E2
:1091800004F11806A38822899BB29A420846C2F3CA
:109190000E050DD021B1A91CE27C3144FFF7EEF998
:1091A00004F108012046755BF4F72CFB284670BDDE
:1091B0000025FBE78388C0889BB2C31A58425841F8
:1091C0007047828873B5C48895B2AC42C2F30E0270
:1091D00002F1180212D04189C689835A314499425A
:1091E0000EDB0DF10601ADF80650F4F70BFBBDF8F0
:1091F0000600001B18BF012002B070BD0020FBE775
:109200000120F9E7028970B5C588C5F30E065540FF
:10921000C2F30E04C5F30E020346183022B92A0425
:1092200002D50020188270BDB4421D8806D9DA7CB0
:10923000A41B0532A41AA542A8BF25469A890AB1E3
:10924000845B2D1BA942ECDCDC7C1982033A0534DB
:10925000324422441044E6E7F8B5038A002B39D0A3
:109260008B4237D3C488858900F11803C4F30E04F8
:109270001E1995B91D55757085891E5B0D44ADB2DB
:10928000314485811953DAB1811DF4F7BBFA00230B
:109290008381002303820120F8BD1E5BAE4204D00F
:1092A00040F201211420F4F73FF8C57C878A033E81
:1092B0002644053535445E195F53857DB570DBE77F
:1092C000C27C2C44144402341A191B5B83829378A9
:1092D0008375DEE70020DFE78388C2889BB29A426D
:1092E00006D0428922B9C3F30E03183318447047DD
:1092F00000207047C37C088802330B44136070471A
:109300000230704738B58388C2889BB29A4209D030
:1093100043893BB9C5893DB9011DF4F773FAC5818D
:10932000012038BD0020FCE71846FAE703881380C7
:10933000C388C3F30E03183303440B60808970475E
:1093400008B54B1E062B04D84FF4D1711520F3F746
:10935000EBFF19B900B10160084608BD58B1B1F57D
:10936000803F02D34FF4DA71F0E7036800225A60BD
:109370001A1D19811A600431EEE70268002322B930
:109380000381031D426003607047918812680B449B
:109390009BB2F4E703464FF6F672A1F10800904243
:1093A00070B504D94FF4ED711520F3F7BDFF1868BF
:1093B000B8B1848802688C4214D03AB98EB206F1F2
:1093C0000805ADB2AC4204D210460AE0034610468E
:1093D000EFE742501A6845181268A41BAC8042504F
:1093E0001D6070BD1A60FCE700230B6003688A8073
:1093F0000B600160704730B590B18478B1FBF4F335
:1094000004FB131300EB430252898A4201D1D8B204
:1094100030BDC27822B900F10A03D0B2844201D82B
:10942000FF20F5E733F8025BA94202F10102F4D113
:10943000EEE7827803880532594301EB4201084484
:10944000704713B50023CDE9003304468DF80600BC
:109450006846F4F7B7FB08B102B010BDBDF80400D0
:109460002146F4F78BFB0028F2D040F21D21172093
:10947000F3F75AFF70B50D460A211E46FFF70BFEA3
:109480003246044609212846FFF705FE204470BDF8
:10949000012303707047F8B50546084600281146B9
:1094A0001E4614BF00240224FF23AB702B191B7D22
:1094B000012B04D001342B191B7D012B19D105EB95
:1094C00044073B8B3A8C9819904204DD2C440020D1
:1094D00038832075F8BD05EB840432466068184473
:1094E000FFF74CF83A8B16443E830023AB70012003
:1094F000F0E70020EEE7002910B514BF0023022397
:10950000FF218170C1180C7D012C07D10C3320F88C
:10951000132002230B750023837010BD0133C11883
:109520000C7D012CF2D040F215110920F3F7FCFE5E
:1095300030B5827802F0FF03EAB9027D022A18D022
:10954000427D022A17D11A46012381B185180C32B7
:1095500000242C7520F81240C2180324147500EB67
:1095600083020C33526830F813300A608B8001207C
:1095700002E00122E9E7002030BD30B58378E3B98D
:10958000837D022B17D0C47D022C16D1032381B119
:1095900005190C3400222A7520F81420C21803245F
:1095A000147500EB83020C33526830F813300A60F4
:1095B0008B80012002E00324E9E7002030BD037D19
:1095C000012B01D1008B7047437D012B0CBF408BD9
:1095D00000207047837D012B01D1808B7047C37DB4
:1095E000012B0CBFC08B00207047038B23B9408B2D
:1095F000003818BF0120704701207047838B23B9C2
:10960000C08B003818BF0120704701207047027DD1
:10961000022A01D1008B7047437D022B01D1408B80
:109620007047032AF6D0032BF9D000207047827DC3
:10963000022A01D1808B7047C37D022B01D1C08BE0
:109640007047032AF6D0032BF9D000207047F4F7B7
:1096500023BC012808B506D0022806D040F2B2315A
:109660000620F3F761FE002008BD0120FCE7F4F7B7
:109670005FBC37B50023054601A80193FAF7BCFF8C
:10968000019B284613F0030F0CBF00240A2402F0AC
:10969000C9F970B1284602F0B3F938B9284602F08A
:1096A000B3F918B904F1500003B030BD04F15A0009
:1096B000FAE704F16100F7E770B50D460646FAF7E0
:1096C000E5FE04463046FAF7D9FE04F52343284464
:1096D0004FF47A72A133B3FBF2F3184470BD10B5A6
:1096E000044690F86900FAF7D1FE00F55F41413178
:1096F0004FF47A70B1FBF0F1204601F24511BDE85C
:10970000104001F00CBD13B5002380F84C32A0F8D6
:1097100090321A46009319460446F5F735F920B100
:1097200040F221213020F3F7FFFD012284F84C2282
:10973000C4F84802C4F84002A4F85E02A4F85C022F
:1097400084F86102B4F89020A4F89202013AA4F8D7
:10975000902002B010BDF8B590F81031044603F027
:10976000FF05E3B9D0E942126FF000439A4208BF07
:10977000B1F1FF3F13D02946D0E9406702F06DF800
:10978000D4E94232DB309B1B62EB07021B1A62F109
:109790000002002A03DA2046F8F768FC0125284673
:1097A000F8BD2DE9F047044618B9D2213020F3F76F
:1097B000BBFD082900F2A580DFE801F005123C3C62
:1097C00038A33199A100F8F749FCD4F8F400CB385C
:1097D000FDF780FF002840F0888040F28121E5E716
:1097E00002F016F90546F8B90146204602F035F8B0
:1097F00000F1DB06D4F8F400B04209D2301A322866
:1098000038BF32200321FEF711F8051E18BF0125CD
:10981000C4F8F460204602F021F9002D65D02046FE
:10982000BDE8F04702F01EB90025F3E7BDE8F047B8
:10983000FAF7F2BCFFF71DFF002384F8F03084F83C
:10984000FB30B4F8EA30A4F8F800062B0BD801334B
:10985000A4F8EA3004F1F0052846FDF7ABF858B952
:1098600040F29F61A2E7D4F8CC301BB1012384F809
:10987000FA30EFE70223FAE72046FFF76CFF0346D2
:1098800094F8C80033B92946FDF7AAF938B940F26F
:10989000A3618BE7FDF75AF8002384F8E830D4E998
:1098A0004078D4E9389AB9457AEB08031DD22046AE
:1098B00001F0DEFF50EA010305460E4615D0B7EB76
:1098C00009002A4668EB0A013346FEF7BBFD05FB9B
:1098D00001F200FB0621A5FB00520A44D4E938013D
:1098E000451942EB0102C4E93852BDE8F08790F80F
:1098F000C800FDF72BF8002384F8E830F5E7F221E3
:1099000054E7F62152E7D0F8CC00704790F8E830E1
:1099100010B50446E3B1012180F8101102F0A4F85B
:1099200094F8E830A3B194F8C800FDF759FC94F816
:10993000C800FEF7A5F894F8C800FDF707F820B9AD
:1099400040F20D213020F3F7EFFC002384F8E830DB
:10995000002010BD90F8102110B542B990F8D02029
:1099600042B1D0E93531994202D9F8F77FFB0022A4
:10997000104610BD0122FBE708B540F2C32101F0FB
:10998000DAFB40F64803984228BF184680B208BD6B
:109990007FB590F81332044603F0FF05002B45D144
:1099A00090F84C32032B41D102F0A4FCD4E9A0235F
:1099B000801A61EB0301012871F1000336DB6FF0BF
:1099C0000103834275EB010304DA40F2D7513020E2
:1099D000F3F7AAFCA269B4F890300AB1B0FBF2F236
:1099E000013313449BB2A4F85C32B4F85C22B4F89F
:1099F0000C329B1A1BB2002B18DD94F89402FDF771
:109A0000EFFB98B1FF2384F86132B4F8CA30B4F8A0
:109A100090501D44B4F8C830013DED1AADB20DF1BF
:109A20000E06B4F85C32EB1A1B0401D504B070BD0D
:109A3000B4F85C1200960023012289B22046F4F7A4
:109A4000A3FF0028F2D0012809D1B4F85C32BDF898
:109A50000E2012FA83F39BB2A4F85C32E1E74FF4D4
:109A6000C261B4E7F8B5044621B1012940D04FF4F2
:109A7000F56131E0C68C36B1F7F7EEF8E68CB0FB55
:109A8000F6F303FB16062046D4E9385701F0F0FE42
:109A9000281847EB01010023801941F1000184F8E7
:109AA000F0300223C4E94001A4F8FA302046FFF761
:109AB000E0FDD4E94023A4F8F800C4E938232046A7
:109AC000FFF749FE58B994F8C80004F1F001FDF71A
:109AD00087F820B940F2FA613020F3F725FC002323
:109AE000A4F8EA30FAF7A4F9BDE8F840FCF75ABD4B
:109AF000002380F8D030F5E790F8E800704713B500
:109B00000023CDE9003301238DF806306846F4F7D1
:109B100059F808B100200AE0009C2046FFF7ECFF4E
:109B20000028F3D0204601F0A6FE0028EED002B0B7
:109B300010BD07B50023CDE9003301238DF80630B1
:109B40006846F4F73FF808B1002004E00098FFF7FA
:109B5000D3FF0028F4D003B05DF804FB07B5002361
:109B600040F6881201A9FAF771FD03B05DF804FB15
:109B700010B5044638B1F6F735F934EA00030CBFE6
:109B80000120002010BD0120FCE710B5F5F7C6FC50
:109B9000044601F039FF40B9204601F031FF80F062
:109BA0000100C0B200F0010010BD0020FAE738B596
:109BB000054601F04DFEF0B12846FFF79DFF08B9BC
:109BC000002038BD2846FFF79EFE04462846FFF7D2
:109BD0009DFE054688B9002CF2D02088F6F762FA7F
:109BE00020882946F3F7CAFF0028E9D041F65C0136
:109BF0003920F3F799FB4220E3E70C20E1E72DE958
:109C0000F843B0F85A60B0F85C50804630300F46E8
:109C1000FFF7B2FE0221044600F0F8FE0221814661
:109C2000204600F0F3FE4E4528BF4E46B6B21B2E2E
:109C300038BF1B26FB2E28BFFB26A84228BF28467C
:109C400080B21B2838BF1B20FB28B8F800303B80AF
:109C500028BFFB20B4F5A47F38BF4FF4A47440F6AE
:109C600048039C4228BF1C467E80F880BC803C8113
:109C7000BDE8F8832DE9F04186B0054601A90088CA
:109C800000F046FE0446002873D1029A92F86E3125
:109C9000003B18BF01238DF80230D2F888309906B6
:109CA0004ABF9DF80230034683F0010303F001032D
:109CB0008DF8033092F8E8309B0603D49DF803300A
:109CC000002B5CD0EB881B3B9BB2E02B59D8298939
:109CD000A1F5A4739BB244F24810834251D86B881B
:109CE0001B3B9BB2E02B4CD8AA88A2F5A4739BB275
:109CF000834246D840F64807B94244D8BA4242D8CF
:109D0000029E4FF0FF0886F833819DF80230A3BB16
:109D100003A93046FFF773FF6A88BDF81230E88860
:109D2000934228BF1346A6F83831BDF81430AA88EC
:109D3000BB4228BF3B461946BDF80E30834228BFC0
:109D40000346A6F83431BDF810302889BB4228BF3D
:109D50003B46834228BF03468A42A6F83631134663
:109D600028BF0B46A6F83A3186F83281002386F8E0
:109D70003331204606B0BDE8F0813A24F6E71A24D4
:109D8000F7E71224F5E71124F3E72DE9FF41074631
:109D90008846008802A900F0BBFD054618BB039C5D
:109DA00094F8813103F0FF051BB1B8F1020518BF2B
:109DB000012594F89730222B94F8E93043EAD30335
:109DC0000CBFC5F10102002203F00103134333D09D
:109DD000BE7816B9F6F706F80646F87870BBF6F7BF
:109DE00001F826B90925284604B0BDE8F08100280D
:109DF000F8D0FF2384F83D31E5B994F83C3103F005
:109E0000FF05BBB984F83F0184F83C8184F83E61CA
:109E10003B797A798DF8050043EA022301A92046AF
:109E20008DF80460ADF8063000F016FE002384F8CB
:109E30003D31D8E73A25F9E71A25D4E7002ED8D1E5
:109E4000D0E708B5F5F7A8FF002008BD10B5044617
:109E5000F7F718FB2070002010BD10B5FFF74FFE7C
:109E6000044630B9F7F708FB2046F6F7DBFA204640
:109E700010BD0C20FCE710B50446FFF740FE50B9BA
:109E80002078012809D8611CF7F702FB002814BFCD
:109E90000020072010BD0C20FCE71220FAE738B59F
:109EA0000546FFF72CFE044640B92878012803D860
:109EB000691CF7F71BFB18B9122038BD0C20FCE712
:109EC0002046FAE710B50D24047000236FF004015A
:109ED0001122C470592441708270047143718171E0
:109EE000C271184610BD08B50821F3F7ADFB00207C
:109EF00008BD73B506460C460088694600F008FDAB
:109F00000546A0B9B3786BB9019B93F86C30A37088
:109F1000338894F902002380F6F7DAFBA070284614
:109F200002B070BD7F20FFF719FEA070F0E7022598
:109F3000F5E710B504466FF07F00FFF70FFEF6F768
:109F4000C7FB20707F20FFF709FEF6F7C1FB6070AA
:109F5000002010BD10B50446F5F7E0FA01F04DFD04
:109F6000F6F7B6FB2070002010BD08B50A4607239F
:109F700000F11001FEF76EF8002008BD10B5014693
:109F800004460020F6F718F908B92060A0800020E8
:109F900010BD10B50446F5F7F9FE28B9002021469A
:109FA000F6F7F2F8002010BDFFF7C3FD0028F5D04A
:109FB000FFF7EBFD0028F1D10C20F4E710B50446C3
:109FC000FFF7B7FD28B901202146F6F7DDF800209C
:109FD00010BDFFF7DAFD0028F5D10C20F8E7F7B542
:109FE0000C4605466946008800F092FCA21C98B910
:109FF000019B03F19F0783F8F000396811603979FC
:10A0000011712988218093F8F06006F0FF01002E7D
:10A01000F1D1084603B0F0BD0023C4F8023002219C
:10A02000137123706370F4E7FFF724BE1FB58388B4
:10A0300044F29022934217D840F64802934228BF38
:10A0400013460288ADF804204088ADF80600ADF84C
:10A050000A000A8001A8ADF80830ADF80C30FFF70F
:10A0600009FE05B05DF804FB1220FAE737B50D468E
:10A07000694600F04DFC044618B901982946FFF7DF
:10A08000BEFD204603B030BD10B500236FF00404C0
:10A0900048210822047043708170C27004714371BA
:10A0A0008171C271184610BD37B505460C4600884F
:10A0B000694600F02DFCF0B9019B014683F86A1057
:10A0C00093F86820012A06D0022A04D040F28121A8
:10A0D0000620F3F729F9A27093F86920012A01D02C
:10A0E000022AF3D1E27093F86A2002F0FF00002AFE
:10A0F000E4D12B88238003B030BD10B58388022BB8
:10A10000044610D8C078FFF733FD08B9112010BD00
:10A11000A078FFF72DFD0028F8D020460121BDE8EA
:10A120001040FFF732BE1220F1E713B58378C178F3
:10A13000027903F0010451EA040C03F002031DD07C
:10A1400052EA030C1AD0002C18BF0021002B18BFB4
:10A1500000228DF80320037842788DF8021043EA3C
:10A160000223ADF8003043798279684643EA02233E
:10A17000ADF80430FFF7C1FF02B010BD1120FBE7BE
:10A1800008B5F4F745F9002008BD13B50C4669463B
:10A1900000F0BEFB20B9019BB3F89030013323805F
:10A1A00002B010BD07B50088694600F0B1FB38B9B0
:10A1B0009DF80020019B012A05D093F843216AB144
:10A1C00003B05DF804FB93F84C22D2B293F8B810B8
:10A1D00011B912F0FB0FF0D10220F1E7012283F850
:10A1E0004321EDE72DE9F341054647780078012149
:10A1F000F3F7AEFC044600285FD001F0EFFBEB78EC
:10A20000984228BF1846042F86B23DD0206BFFF736
:10A21000D6F9304480B21F2803D9122002B0BDE81D
:10A22000F081FB1E012B2CD8204601F0FBFB6B7844
:10A23000032B2CD107F0FD08B8F1010F39D12046CE
:10A2400001F0F0FB002831D1012F08BF4FF00208C8
:10A25000216B42466846F3F7B5FD6A68206B3346CA
:10A260000121FFF718F950B36B78023B012B22D87C
:10A27000206BFFF7A4F901210246206BFFF73BF9A1
:10A2800019E0002ED0D1C8E7002ECDD0C5E70028B8
:10A29000C3D1042BCED12046FFF72EFC0028BCD022
:10A2A000206BFFF7A2F90028C4D1B6E74FF00008F1
:10A2B000CEE7042FD1D10020B0E74220AEE707203F
:10A2C000ACE72DE9F74380464578C778007801214F
:10A2D000F3F73EFC0446D0B101F096FB0028206B5A
:10A2E00008BF0027FFF776F9C619B6B21F2E1FFA6E
:10A2F00087F910D8042D0ED0032D12D05FB120465F
:10A30000FFF7FAFB58B10C2002E0042212E04220D1
:10A3100003B0BDE8F0831220FAE70720F8E7012D2B
:10A320000CD1204601F07EFB0028EED1012D0CBFA0
:10A3300006220522216B6846F3F744FDD8F8042075
:10A34000206B4B460021FFF7A6F80028E5D0023D20
:10A35000012D04D8206B32460021FFF7CCF80020F5
:10A36000D6E713B50446F5F7D9F84FF44073ADF8C6
:10A37000003000238DF80230684614F8013B8DF858
:10A3800003300194FFF79DFF02B010BD38B50121E5
:10A3900005460078F3F7DCFB0446A0B1FFF7ACFB01
:10A3A00028B92046691C01F06BFA002038BD204610
:10A3B00001F02AFB08B10C20F8E7204601F020FB51
:10A3C0000028F8D1EDE74220F0E713B50446F5F791
:10A3D000A5F814F8013B8DF803304FF44073ADF845
:10A3E0000030684600238DF802300194FFF7FAFE32
:10A3F00002B010BD73B50546F5F790F82B7804460A
:10A4000063B100230DF1010101208DF80030F5F753
:10A41000D3FE18B16846FFF7B9FFA0B90026204661
:10A420008DF8006001F0F4FAB04214BF8023334687
:10A43000ADF801302B788DF80360012B05D169460A
:10A440002046F5F78FF902B070BD1BB92046FFF723
:10A45000AEFBF8E71220F6E710B5002104460088AD
:10A46000F3F776FB20B1A11CBDE81040F8F71CBF44
:10A47000022010BD08B500880021F3F769FB20B168
:10A48000BDE808400021F8F70FBF022008BD37B52E
:10A4900005460C460088694600F03AFA28B92B8830
:10A4A0002380019BB3F8C430638003B030BD2DE935
:10A4B000F341438804460E46BBB10088694600F06C
:10A4C00027FA054668B923883380019E06F178088B
:10A4D000B76962883946404600F00BFAB369BB425F
:10A4E000F6D1284602B0BDE8F0811225F9E710B593
:10A4F0000C460021F3F72CFB88B1022C11D804F094
:10A500000103C4F3400480F8153280F8144223B1EB
:10A5100090F812323BB1FFF73BFA002010BD022049
:10A52000FCE71220FAE71846F8E710B50446007871
:10A53000FF280AD00121F3F70BFB58B16378A2780A
:10A5400043EA0223C384002010BDB4F80100F4F7ED
:10A55000AFFFF8E74220F7E708B50078003818BFEA
:10A560000120F4F7B5FE002008BD10B50446F4F74D
:10A57000D5FF6178C1F3400201F0010101F077FAE3
:10A58000002010BD0820F5F719BC01F0D8BB12203F
:10A59000704710B5044604B910BD23689847646835
:10A5A000F9E703680BB9016070471A465B6813B19D
:10A5B0008A42FAD170478A4218BF5160704708B585
:10A5C0000020FEF73EFFF3F78BFBF5F75FFDF3F797
:10A5D000C9FD20B140F205110120F2F7A5FE08BD2A
:10A5E00008B5F4F721FE20B140F223110120F2F763
:10A5F0009BFEF7F7BBFB10B14FF49471F6E7BDE893
:10A6000008400120FEF71DBF08B5FFF7E9FF01F084
:10A610007EFB20B140F23D110120F2F785FE08BD1E
:10A62000FAF7F2BA0B46122203F8032BD0F80920EE
:10A63000C1F80320427B1A71704730B585B00446DB
:10A640000D46F6F719F980B36FF4BC731C4402A9E8
:10A650002088ADF8000000F05BF918B12E217E20B3
:10A66000F2F762FE039B93F864208DF8022002212A
:10A6700093F86520B3F866308DF803206846ADF88E
:10A680000430FFF782FB08B14421E8E78DF80800A9
:10A690009DF808308DF80900002063F307009DF84D
:10A6A000093063F30F2005B030BD18232B70D4F8A8
:10A6B0000930C5F8033004238DF80830E8E710B5F9
:10A6C0004468037894F89620002104F1780000F0A3
:10A6D0002CF918B986217E20F2F726FE202384F873
:10A6E000963010BD10F0010305D1830705D410F09A
:10A6F000040318BF0823184670470223FBE72DE91F
:10A70000F84F074608469246884600F0D6FB814639
:10A71000404600F0D4FB8346FFF7E4FF0546484679
:10A72000FFF7E0FF45EA0006F6B2003E044618BF18
:10A730000126F5F757FB00EA0B00C3B2002B08BF58
:10A740000025F5F74FFB00EA090097F86830C0B222
:10A75000002808BF0024AB4208BF00258AF800503B
:10A7600097F86930A34208BF002455EA04038AF829
:10A7700001400CD1404600F0A4FBB7F89030DB4319
:10A78000184480B247F6FD73984288BF00263046D1
:10A79000BDE8F88FF8B5446804F1780794F897207D
:10A7A00005460E4601230B21384600F0BEF801464F
:10A7B00008B12020F8BD94F897200123384600F016
:10A7C000B4F8C8B394F89630252BF2D0304600F098
:10A7D00068FB28B931462846BDE8F84000F0FDBCCA
:10A7E000737903F0070384F86130337903F00703CA
:10A7F00084F8603094F83D3193B994F83C31012BE2
:10A800000ED094F8602094F869309A4210D194F8F0
:10A81000612094F868309A420AD1022384F83C31CE
:10A820002223284684F8973000F0A9FC0020C1E7D5
:10A830002846F5F721FBF3E70120BBE708B543689D
:10A8400093F89720222A05D022B140F28A317E2047
:10A85000F2F76AFD232283F8972008BD0A46437960
:10A8600023B9016811B10079FAF752B97047F5F7C9
:10A870000DBC704730B542400C7818785D78444084
:10A880004878684004449D78887868400444DD78BE
:10A89000C878684004441D7908795B794979684033
:10A8A00004444B402344D3420CBF0120002030BD60
:10A8B000024600200139C9B2FF2900D17047535C1C
:10A8C00083F001030344D8B2F4E708B5F5F79AFC26
:10A8D000082803D0BDE80840F5F7B8BC08BD08B5A6
:10A8E00001F045FA18B1BDE80840F8F7CDBD0820E1
:10A8F00008BD10B500230C4643644B1E42F2107194
:10A90000A0F84C2001FB0232B2FBF4F2826410BDCD
:10A9100010B50C460021F3F71BF9606018B1012354
:10A920002370002010BD0220FCE70C2939D8DFE895
:10A9300001F0070B0E1416191C252A362C2E340094
:10A94000B2FA82F040097047063A012A01E00A3A59
:10A95000022A8CBF0020012070470D3AF5E7103A1B
:10A960000C2AF6E7113A0B2AF3E7A2F11003032BA6
:10A9700019D990F86000B8B11C2AEAE7042A14BF7C
:10A98000002001207047012AF9E71D3AE0E7A2F113
:10A990002003062B07D92E2AF1E7282AEFE70F2AF2
:10A9A000EDE70020704701207047F8B5D0E9047644
:10A9B00005460C46FBF7FEFF20B94FF4E571292050
:10A9C000F2F7B2FCF4B1D5E90431DA1B61EB06030E
:10A9D000012A73F100014FF0000115DB6FF0010057
:10A9E000904271EB030302DA4FF4EA71E7E7631E6A
:10A9F0001344B3FBF4F35C43E41946F10006C5E9E4
:10AA000004461C462046F8BD0C46FBE711F00C033B
:10AA100012D001F0040100290CBF4FF416739623E5
:10AA200003F5BC730CBF40221022984212D9C01A01
:10AA300090FBF2F080B27047022905D13C2809D979
:10AA40003C38C0F38F007047702803D97038C0F3CA
:10AA5000CF0070470020704703460868586670476B
:10AA6000012908B5024606D002290CD040F2452142
:10AA70002920F2F759FC40F6C41340F2E240002AC4
:10AA800018BF184608BD40F6C410FBE7C3B293FADE
:10AA9000A3F3000A90FAA0F01B0E000E43EA002078
:10AAA00070470131F8B5C9B2821D0023012512F8A3
:10AAB000010B884216D312F8066C002405FA04F73D
:10AAC00037421CBF01F1FF31C9B2E0B269B10134B4
:10AAD000082CF3D10133DBB2052BE8D199214620B4
:10AAE000F2F722FC091AC9B2F4E700EBC300C0B2C6
:10AAF000F8BD0B6870B5C0F801300B7903F01F0387
:10AB0000437100230446C372451C861D15F8010BD2
:10AB100000F01BFB2871E37AB5421844E072F5D1CE
:10AB200070BD70B581EA114189B2C57A0446032629
:10AB300082EA0100FFF7AAFF013E00EB00100A18AD
:10AB400016F0FF0690B2F5D141402522B1FBF2F399
:10AB500002FB1313C3F3C4022244D8B2567803F0A5
:10AB60000703012202FA03F31E4207D1694320467C
:10AB7000C1F30741BDE87040FFF793BF70BDF8B562
:10AB800090F831506B1E242B044658D8002A58D018
:10AB900090F8260018B1012847D01F201AE094F839
:10ABA000331094F8323002FB03132522B3FBF2F189
:10ABB00002FB1133DBB204EBD30284F8333092F89A
:10ABC0002710012603F0070206FA02F2114202D012
:10ABD00084F83430F8BDB3FBF5F205FB12330133D2
:10ABE000024604F12C01D8B211F8013B834219D37B
:10ABF00011F8067C002306FA03FC1CEA070F1CBFB1
:10AC000000F1FF30C0B2DDB220B905EBC20284F81A
:10AC10003420DFE70133082BEDD10132D2B2052A0F
:10AC2000E2D1BAE7C01AC0B2F7E7228BC96904F1D2
:10AC30002600FFF776FF84F834000020CAE71220D0
:10AC4000C8E71046C6E70B68C0F803308B88A0F849
:10AC5000073070470B68C0F809308B88A0F80D30BA
:10AC600070470378890123F0400301F040010B4352
:10AC700003707047037803F07F0343EAC11101704A
:10AC800070471F2A38B50546144603D9BF212A202C
:10AC9000F2F74AFB09300634FDF770FC6C7038BDE2
:10ACA0001F2A38B50546144603D9E1212A20F2F7B8
:10ACB0003BFB09300634FDF761FC6C7038BD30B5E4
:10ACC000037803F00F03032B024640D0052B1FD15E
:10ACD000C37F90F82000034392F82100034392F8C9
:10ACE0002200034392F8230020F01F0018432DD0C8
:10ACF0005378222B0CD1B2F81930B2F81740907D5E
:10AD000041B1B3F5506F05D940F607518B420ED9CA
:10AD100000201BE0991F89B240F67A45A942F7D876
:10AD2000411E0729F4D88342F2D9A342F0D3B2F8E6
:10AD30001B30B3F5FA7FEBD2B2F81D000A3880B2AF
:10AD400040F6764398428CBF0020012030BD407809
:10AD5000A0F10C0358425841F8E7037801F00301D1
:10AD600023F003030B4303707047007800F00300E7
:10AD700070471B2A08B504D940F252412A20F2F745
:10AD8000D3FA4270BDE808400330FDF7F7BBB0F8D6
:10AD900007007047B0F809007047B0F80B00704723
:10ADA00070B5B0F80730B0F80950B0F80560047914
:10ADB000B0F80B0091B1B3F5506F0FD940F60752C0
:10ADC000934218D8B5F5FA7F15D20A3880B240F60A
:10ADD000764398428CBF0020012070BD9A1F92B22A
:10ADE00040F67A418A4206D8621E072A03D89C425E
:10ADF00001D29E42E5E70020EFE743680B60037A4B
:10AE00000B717047B0F809007047007970470B6804
:10AE100043604B688360704743680B6083684B6096
:10AE2000704783890B807047D0F80E300B60D0F8E4
:10AE300012304B607047D0F816300B607047FFF748
:10AE4000E6BF0B68C3607047007970470171090A5B
:10AE5000417170478171090AC17170470172090A15
:10AE6000417270478172090AC172704780887047C9
:10AE7000C0887047008970474089704703891A2B42
:10AE80000DD94389B3F5A47F09D383881A2B06D93A
:10AE9000C088B0F5A47F34BF002001207047002097
:10AEA0007047037913F0070305D0407910F00700CD
:10AEB00018BF0120704718467047007970474079E5
:10AEC0007047C08870470279437902F0070203F0A7
:10AED0000703511E0A40591E0B4013430CBF0120AB
:10AEE00000207047017170470079704741717047C9
:10AEF00040797047FB2908B504D940F2E5712A2052
:10AF0000F2F712FA417008BD406890F8123223B18E
:10AF1000002380F81232FEF73BBD704708B5017A76
:10AF200019B101290DD0002008BD0368C288022193
:10AF30008088F5F74FFC0028F6D1F5F7FBFD0120DE
:10AF4000F2E70368C288F3E702230B7001238B70DA
:10AF50007047F5F7A3BC08B5037A23B14FF41A7113
:10AF60001020F2F7E1F9BDE80840F5F70BBD032228
:10AF7000FFF7F1BF0422FFF7EEBF30B4057A15B139
:10AF8000027230BC704730BCF5F7FCBC0B46112296
:10AF900003F8032BD0F80920C1F80320D0F80D20C6
:10AFA0005A60B0F811201A817047012908B503D101
:10AFB0000E30C00080B208BD022902D10F308000DF
:10AFC000F8E740F2CF110620F2F7AEF930B587B0BE
:10AFD00004460D46F5F758FCA0B300232372A4F5F0
:10AFE000B374694624882046FFF740F818B1D82189
:10AFF0002C20F2F799F9BDF80630ADF80E30BDF807
:10B000000830ADF81030BDF80230ADF8123003A8AA
:10B01000BDF80430ADF80C40ADF81430FFF704F87B
:10B0200008B1E121E4E78DF80C009DF80C308DF8B3
:10B030000D00002063F307009DF80D3063F30F202F
:10B0400007B030BD2B46172203F8032BD4F8092094
:10B05000C5F80320D4F80D205A60B4F811201A81E5
:10B0600004238DF80C30E0E740687047C08A7047D1
:10B0700010B58A880B89CC884988A0F85010A0F8B0
:10B080005440A0F85220A0F8563010BD8383BDF87C
:10B09000003001834283C383704738B5C38B458C2E
:10B0A00004469D42007A28BF1D46FFF77EFF638954
:10B0B000AB4228BF2B46984238BF184680B238BDF5
:10B0C000F8B50646808F17460C46FFF76EFF2146FF
:10B0D000054606F13000FFF7E0FF854228BF054630
:10B0E0003946B6F84400FFF760FFB6F8463098429C
:10B0F000ADB228BF184615FA80F09C30F8BD38B5BF
:10B100000D46144690F8681090F86920FFF7D8FFB4
:10B1100096342044A84294BF281A002038BD38B580
:10B120000D4690F8692090F868100446FFF7C8FFB4
:10B130002844606338BD006801F19C02904283BFDF
:10B14000401A9C3840080020704700F05503400822
:10B1500000F05500184400F03303800800F033007D
:10B16000184400F00F0303EB1010704743680022EF
:10B1700083F8962083F8D220A3F8CE207047436846
:10B180000022A3F8D42093F8D620013283F8D620E9
:10B19000704708B5426892F8D630013B5BB2002B8D
:10B1A00082F8D63003DA34214A20F2F7BDF808BD20
:10B1B000436883F8231183F822217047A0F10A0322
:10B1C000042B08D9A0F12003062B04D9A0F12E03EB
:10B1D000584258417047012070474268D2F8883081
:10B1E00010B513F008040AD143F00803C2F8883000
:10B1F000CB7882F82031FFF7C2FF204610BD012036
:10B20000FCE738B50C460546B1F85410FFF71EFEB2
:10B21000B4F82A112846FFF71DFEB4F8501028464E
:10B22000FFF71CFEB4F828112846BDE83840FFF7A8
:10B2300019BE37B530F8024C7CB100238DF80430CC
:10B240008DF805309DF80430002063F307009DF869
:10B25000053063F30F2003B030BD30F8B05CA1F8C7
:10B26000035008230B708C70437A4B7150F89C0C80
:10B27000FDF7A0FF18B983216320F2F755F828469F
:10B28000F4F710FF21462846F2F778FC04238DF8E6
:10B2900004308DF80540D5E738B54468037894F854
:10B2A00098200D4604F178000121FFF73EFB38B9E4
:10B2B0002846FFF7AAFD062384F8990084F8983001
:10B2C000002038BD10B54468037894F89820012117
:10B2D00004F17800FFF729FB10B9072384F89830B0
:10B2E00010BD0B46062210B503F8032BA0F5D4724F
:10B2F0000024D485D0F80920C1F80320D0F80D200F
:10B300005A60427C1A72CC7010BD10B54468037844
:10B3100094F89620002104F17800FFF706FB18B995
:10B3200024214520F2F700F81D2384F8963010BD43
:10B3300070B54568037895F8962086B006460C46A9
:10B3400005F178000A21FFF7F0FA58B32046FFF71D
:10B3500095FD00B32046FFF78DFD05902046FFF7D1
:10B3600085FD04902046FFF787FD03902046FFF7F8
:10B370007FFDDDE903320599009005F13000FFF70C
:10B3800085FE7168284601F25311F5F7F7FB7068E6
:10B390000521F3F7B1FF002085F8D20085F896006B
:10B3A00006B070BD0120FBE74268D2F88830D906AC
:10B3B00010B5044603D49A214520F1F7B5FF99064C
:10B3C00001D59B21F8E723F01003C2F88830FFF77E
:10B3D000E0FE60680521BDE81040F3F78DBF09234A
:10B3E0000B70437A8B70A0F5F9731B88A1F80330BA
:10B3F000037B4B7170470A230B70437A8B70A0F567
:10B40000F9700388A1F80330704707230B70A0F58B
:10B410002F731B88A1F80330D0F80B30C1F805302A
:10B42000D0F80F30C1F80930B0F81330A1F80D3062
:10B43000704738B504464068012390F897200021F2
:10B440007830FFF772FA656860B995F897200123A4
:10B45000052105F17800FFF768FA002814BF0820DD
:10B46000012038BD95F89C000028FAD02046FFF74F
:10B4700086FE6368112283F897200020F1E770B5FB
:10B48000044640680D4690F897200123002178304B
:10B49000FFF74BFA666870B996F89720132A0AD01E
:10B4A0000123052106F17800FFF73FFA002814BFB9
:10B4B0000820012070BD96F8D83013B92046FFF758
:10B4C0005EFE6168284601F50871FFF7ADFC616812
:10B4D000284601F58C71FFF7AEFC61680B88A1F876
:10B4E000C532284601F2C721FFF796FC616828465D
:10B4F00001F2CF21FFF795FC6368152283F89720AE
:10B500000020D7E7436893F89720122A03BF13223D
:10B51000002083F897200220704710B5436893F805
:10B520009730182B044607D1FFF733FE63681C22BF
:10B5300083F89720002010BD0220FCE708B543687F
:10B5400093F89720112A04D04FF4A8711F20F1F727
:10B55000EBFE012283F8D720122283F8972008BD42
:10B5600008B5436893F89720162A04D04FF4B071B9
:10B570001F20F1F7D9FE182283F8972008BD0B464B
:10B58000052203F8032BD0F80920C1F80320D0F8D6
:10B590000D205A60B0F811201A81C27C9A7270474F
:10B5A00010B54468037894F89620002104F17800DF
:10B5B000FFF7BBF918B9AA211C20F1F7B5FE042347
:10B5C00084F8963010BD4268D2F8881008B5CB07D1
:10B5D00003D4B7211C20F1F7A7FE92F8D630013B27
:10B5E0005BB2002B82F8D63001DAB921F2E721F004
:10B5F0000101C2F8881008BD0C23A0F5A5700B70DE
:10B6000003884B80704710B54468037894F89620FF
:10B61000092104F17800FFF788F930B1002384F89C
:10B62000C63084F8D23084F89630002010BD38B58A
:10B630004568D5F8883013F0040409D1FFF79FFD61
:10B64000D5F8883043F00403C5F88830204638BD6B
:10B650000120FCE74268D2F8883023F00403C2F8E6
:10B660008830FFF796BD10B54468037894F89620AB
:10B67000002104F17800FFF758F918B971214B2027
:10B68000F1F752FE0F2384F8963010BD01230B70A2
:10B6900000238B7030F8DA3CA1F80330437A4B7109
:10B6A0004389CB8083890B81704738B5446894F80F
:10B6B000D95015F0020514D1037894F89620294644
:10B6C00004F17800FFF731F918B975214020F1F73E
:10B6D0002BFE012384F8963084F8D230A4F8CE50A3
:10B6E00038BDD4F8882093070DD594F8D630013BA7
:10B6F0005BB2002B84F8D63001DA8721E6E722F02E
:10B700000202C4F88820002384F84231E8E710B52B
:10B710000B794C790A68012843EA042108BF41F4F7
:10B720008031104610BD07B5FFF7F1FF0DF107029C
:10B73000F5F74CFE03B05DF804FB0B46042203F85A
:10B74000032BB0F80920A1F80320C27A9A70704741
:10B750000B46142203F8032BD0F80920C1F803206C
:10B76000D0F80D205A60704738B50B46102203F808
:10B77000032B0C4600F10902293052F8041B43F850
:10B78000041B8242F9D112781A70A5880123A37193
:10B7900000212846F2F7DCF990B1E27862B1008826
:10B7A000F4F780FC00212846F2F7E8F940B140F2B6
:10B7B00042212D20F1F7B8FDBDE8384000F0BABABB
:10B7C00038BD0121F6F7C4B9FFF7FBBF90F87A3016
:10B7D0000BB10120704790F8B22002F0FF03002A5D
:10B7E000F7D190F8A4201846704737B504460D46A7
:10B7F0004FF48C720021FCF737FFFF2323701323D3
:10B80000638042F21073E384F2F7B0FA002201463B
:10B8100020636846F2F7D6FA206B00220121FDF77B
:10B820006AFE216B68460422F2F7CCFA0022206BF4
:10B830001146FDF760FE04F12800A57403B0BDE8D1
:10B84000304000F04CB9FF23086B0B70FDF720BEB1
:10B850000078FF3818BF0120704710B50446283023
:10B8600000F093F961882822BDE81040F6F730BC5B
:10B87000D0E902017047C07C003818BF0120704732
:10B880000B68C0F815308B88A0F819300123C376F7
:10B8900070472DE9F04F06460D4607460FCE91B092
:10B8A00006AC0FC40FCE0FC496E803000DF11008CC
:10B8B00084E80300404600F012F995F814906E7881
:10B8C00095F80AA095F800B0B9F1010F06F07F06CF
:10B8D00007D0B9F1020F04D040F293210620F1F70E
:10B8E00023FD697A404600F001F92B7DAA7E022BE8
:10B8F00008BF697D02F1010206BF0131C9B2012111
:10B90000D2B2404600F0F4F816F0080363D1404686
:10B91000019300F03AF928223146F6F7D9FB2A794B
:10B92000EC78019B44EA02246A7940F2712144EAEE
:10B93000024400F2D6204C43B0FBF1F04843A04251
:10B940000BD9EC79AA7942EA04222C7A42EA044221
:10B9500001FB02F4A04200D804462A7E0393531E42
:10B960005A425A41A97C386B02910192FDF74FFE71
:10B97000386BFDF75CFE039B019A0299ADF81A60E3
:10B9800008948DF828208DF82B108DF82CA08DF8B8
:10B9900018B08DF81C90099306AE0FCE3C460FC42C
:10B9A0000FCE0FC496E8030084E8030098E8030074
:10B9B000B862B985EB7A13F0FD0F14BF01230023A1
:10B9C00087F85730EB68BB652B8AA7F85C300020FE
:10B9D00011B0BDE8F08F00242346BEE7438813F082
:10B9E000040F0CBF1F20002070470023C38543882D
:10B9F0001D2B08BF00214174704790F91200704759
:10BA0000408800F0010070474088C0F34000704754
:10BA10004088C0F3C000704708B5006BFDF7EEFD2D
:10BA2000012008BD012070470120704710B5044671
:10BA3000F6F73AFA28B120460021BDE81040F6F7A3
:10BA400087B810BD90F8503001624B72D0F8513079
:10BA5000C1F80A30B0F85530CB817047002168300A
:10BA6000FEF7FCBEF5F7AEBD80F87010704780F8A9
:10BA7000241080F825207047C0F34002C0F38003F3
:10BA8000134400F0010018447047022808B507D09D
:10BA9000042807D0012807D039212E20F1F744FCD3
:10BAA000262008BD2720FCE72520FAE7837813F03D
:10BAB000010202D0C178C9070DD5990702D5C27815
:10BAC00092070AD513F0040205D0C37813F0040FCF
:10BAD00014BF00220422104670470222FBE7002315
:10BAE000C0F80230012343700370704781707047C3
:10BAF00010B54270017080781446FFF7BDFF10FB4F
:10BB000001F004FB00F2FE2A03DD5C212E20F1F798
:10BB10000BFC10BD0023C37043710371704710B557
:10BB20000446FFF7C3FF637962780133DBB29A42C0
:10BB300063710FD1E378A1780343DBB29942E370DC
:10BB400008BF23794FF0000208BF0133627104BFC0
:10BB5000E2702371BDE81040FFF797BF38B501468A
:10BB60008078FFF789FF0446C8784D78FFF784FF97
:10BB70000B790A78D21A12FB05F212FB04F34A7908
:10BB80009B1A00FB1530C0B238BD08B5014680785D
:10BB9000FFF772FF4B780A7813FB02F313FB00F0F8
:10BBA000C0B208BD40F2EF20704740F25A3358430C
:10BBB000704713B50346104652680E3B0C4692F888
:10BBC0009610092B42D8DFE803F0054141411041AE
:10BBD00018414128042905D10190FFF7C7FA0198BF
:10BBE000F5F724FB002002B010BD0F29FAD1002187
:10BBF00002B0BDE81040FFF706BD1D29F2D101904B
:10BC0000FFF7B4FA0198002CECD0426892F8E830C3
:10BC100023F0200382F8E830E4E792F89730232BF2
:10BC2000E0D1002482F897400190FFF7B2FA019822
:10BC3000436893F83C31012B03D12146F4F7F4F823
:10BC400001984368002283F83C21CBE74FF413713D
:10BC50003120F1F769FB08B5436893F89720162A5D
:10BC600004D040F2D4413120F1F75EFB1A2283F870
:10BC7000972008BD08B5436893F89720312A06D16C
:10BC8000002283F89720BDE80840FFF782BA162A01
:10BC900003D11A2283F8972008BD40F2E9413120F0
:10BCA000F1F742FB37B5426892F8E83043F00403FD
:10BCB00082F8E830044608460D46FFF719F901906E
:10BCC0002846FFF711F90199224603B0BDE830403C
:10BCD000F6F740BB38B50C460546D1E90401F1F74B
:10BCE000EBFF94F8940220280BD0FBF7C9FE94F8E0
:10BCF0009402FAF72BFE20B940F674013120F1F7D7
:10BD000013FB28460221BDE83840F1F737BF002079
:10BD10007047F4F7E9BFF2F75FBB90F813320022E7
:10BD2000A0F8962080F89A2013B10221F3F7E4BA24
:10BD30000321FBE70C2100F50A70F1F785BCF5F74C
:10BD400047B842680023A2F8443182F84631A2F88D
:10BD5000473182F84931704708B5F7F755FEF7F7D4
:10BD6000A9FCF7F719FBBDE80840F7F7A1BB08B538
:10BD7000C821F7F76FFB022807D1013911F0FF0145
:10BD8000F7D1FA213B20F1F7CFFA431E5842584130
:10BD900008BD10B504460846F8F778FB4FF47A73EF
:10BDA000B0FBF3F0201A10BD10B504460846F8F7B2
:10BDB0006DFB023C4FF47A7300F2E730B0FBF3F016
:10BDC000201A10BDF8F7CEBC70B5841A04F307042E
:10BDD0000E4660B259B21546F8F7B4FC0023307035
:10BDE0002844737040B270BD002303607047002088
:10BDF00070474FF0FF3070474FF0FF30704770478B
:10BE00007047002070474FF0FF30704700207047A8
:10BE1000002070470023037070470022FFF7D4BF53
:10BE2000002070474FF0FF3070474FF0FF307047F1
:10BE30004FF0FF30704738B5054691F827000C46A3
:10BE4000FAF784FD18B9D3216A20FCF74FF80023D4
:10BE5000A38484F826300921236A2846984718B11C
:10BE600003780BB1D721EFE738BD426808B5034628
:10BE700011441A785960012AA1F1500006D1FBF74C
:10BE800029FC40B9B7216A20FCF730F8FBF722FC07
:10BE900008B9BC21F7E708BDF8B504460E4619B944
:10BEA000012384F829303CE00D78032DF8D8DFE831
:10BEB00005F03A0212154868C72802D8002528461E
:10BEC000F8BD0421FBF7B2FC0028F7D171682046C9
:10BED000FFF7CBFFF3E7F8F7B1FCF0E790F8247039
:10BEE000FFB94D682846F8F77DFC0028D8D029789E
:10BEF000D9B9012222702B792181003B18BF01237F
:10BF0000E3726B79002B0CBF02230423A372AB688E
:10BF100060336360EB682361032384F8263084F880
:10BF20002520F8F78BFC0225C9E794F82630052B6D
:10BF300004D040F277116A20FBF7D8FF27702B79E5
:10BF400094F827002781003B18BF0123E3726B7927
:10BF5000002B0CBF02230423A372EB68A968603393
:10BF60006360D4E906325B1842EBE172C4E9043243
:10BF7000042384F826302146FAF732FE0028D0D177
:10BF800040F27911D7E770B50D46044620B940F26A
:10BF900091116A20FBF7AAFF90F82860082900F2A7
:10BFA000F080DFE811F0EB000900410041007C0067
:10BFB00086009000A900970090F82630033B012BE3
:10BFC00002D94FF4CE71E4E7052390F8241080F8ED
:10BFD0002630002380F8293011BBFFF746FF237875
:10BFE000012B18D194F82700FAF7CEFCC4E906011A
:10BFF000236A00213046984701462046FFF74CFF50
:10C00000022820D0002800F0BF80012840F0BF8027
:10C01000236A0421EEE7D4E90423C4E90623E7E711
:10C02000BDE87040F8F70ABC90F82630DA1E012A05
:10C0300002D94FF4DD71ACE790F8242072B10146CB
:10C040003046FFF7F8FE002D40F0A48000F054F9D0
:10C05000002800F09F8040F22E219AE7042B0CBFAD
:10C0600002230123022980F82630036A0CD105211E
:10C0700030469847002800F08D800378002B00F0B0
:10C08000898040F2CF1184E7062130469847002886
:10C09000D9D00378002BD6D04FF4EA7179E790F825
:10C0A0002630052B02D040F2DB1172E7036A022131
:10C0B000A0E790F82630052B02D040F2E11168E7A6
:10C0C000036A012196E790F82630052BA8D040F2AC
:10C0D000E7115EE790F82630052B02D04FF4F67199
:10C0E00057E7036A0A213046984701462046FFF782
:10C0F000D3FE40F2EF114CE790F82630052B07D025
:10C1000090F825200AB1032B02D040F2F31140E74A
:10C1100094F824202AB121463046BDE87040FFF74C
:10C120008ABE94F8293073B1022384F8263084F84B
:10C130002920236A08213046984758B303784BB327
:10C1400040F2FF1125E794F8252052B194F827001A
:10C1500084F825302146FAF743FDD8B94FF4017130
:10C1600017E7022384F826300721236A30469847D0
:10C1700080B1037873B140F20B210AE74FF40471E8
:10C1800007E74FF4057104E7236A032132E740F221
:10C190002521FEE670BD70B5F8F79CFB002405462E
:10C1A0002646E0B2854200D870BDF8F799FB01340D
:10C1B000868480F82660F4E7F8B504460D46F8F763
:10C1C00089FB00270646F8B2864204D8082D0CD910
:10C1D0006FF0150008E0F8F783FB90F82630013780
:10C1E000002BF0D04FF0FF30F8BD2CB1294620468F
:10C1F000BDE8F840F8F782BB21462046F8E738B59D
:10C200000546F8F76DFB014688B190F824408CB9DB
:10C2100090F8263073B1013B012B04D82846FFF774
:10C220000AFE204638BD012380F82430F9E76FF07C
:10C230000100F7E76FF02200F4E770B50D46F8F75C
:10C240004FFB044600284AD090F82660731E012B4D
:10C250004BD8002D46D02846F8F7C4FA002841D024
:10C260002A7802BB012323702B792281003B18BF5F
:10C270000123E3726B79002B0CBF02230423A3720A
:10C28000AB6860336360EB682361032394F8270095
:10C2900084F826302146FAF7A3FC48BB4FF42B71F3
:10C2A0006A20FBF723FE022E1FD1002222702B7979
:10C2B00022819B1A18BF0123E3726B79934218BF46
:10C2C0000426A672EB68A96860336360D4E906327D
:10C2D0005B1842EBE172C4E904320423D6E76FF045
:10C2E000010070BD6FF01500FBE76FF02200F8E76A
:10C2F0000020F6E7F9F76AB808B50020F9F776F9F3
:10C300000068003818BF012008BD08B500F0B0F87B
:10C3100028B14FF080430222C3F8342C08BD00F04E
:10C3200089F80028F5D100F09AF80028F1D1F5E756
:10C330004FF0804301221A6070474FF08043D3F8DA
:10C34000080400F0010070474FF08043D3F8140454
:10C3500000F0010070474FF08043D3F81C0400F058
:10C36000030070474FF08042D2F81834D2F81824F6
:10C3700013F4803305D002F003031B1A58425841CE
:10C3800070471846704707B56846F8F717FFDDE9AC
:10C3900000024FF080730021E2FB030103B05DF85F
:10C3A00004FB08B5F8F7F4FEBDE80840F8F7DABE7C
:10C3B0000023037018467047EFF3108272B60378BB
:10C3C0000121DBB2017002B962B6012B0CBF6FF024
:10C3D000220000207047EFF3108372B60022027033
:10C3E00003B962B600207047FBF77CBF4FF0805363
:10C3F000D3F83001A0F10F035842584170474FF075
:10C400008053D3F83001A0F10A03584258417047D5
:10C410004FF08053D3F83001A0F10E035842584139
:10C4200070474FF08053D3F83001A0F11003584209
:10C43000584170474FF08053D3F83001062803D09D
:10C44000431C584258417047012070474FF08053B9
:10C45000D3F83001A0F10D035842584170474FF016
:10C460008053D3F83001A0F1080358425841704777
:10C4700008B5FFF7C4FF30B14FF08053D3F8340153
:10C48000B0FA80F0400908BD08B5FFF7D3FF48B106
:10C490004FF08053D3F83401063810F1080F94BFE1
:10C4A0000020012008BD08B5FFF7C4FF48B14FF0D8
:10C4B0008053D3F83401063810F1080F8CBF0020E8
:10C4C000012008BDFBF750BFFBF74EBF00280CBF93
:10C4D0006FF015000020704700207047072303709D
:10C4E000002070470020704700207047034613F873
:10C4F000012B002AFBD1181A0138704700000000F8
:10C5000000B583B09FED0A7B8DED007B082903D930
:10C51000002003B05DF804FB0A46014668461DF0A2
:10C5200073F9DDE900011BF077FCF2E7AFF300805F
:10C53000000000000000000030B589B004460C9DEA
:10C540000020C4F8F800C4F8FC0004F58070C4F8BA
:10C550000001C4F8040104F58470C4F80801C4F8AB
:10C560000C011DB3287918BB0120C4F810019FED00
:10C57000127B8DED067B00200490039302900190C6
:10C5800000940F4B20461CF09EFC55B1296811B158
:10C59000204610F0E1FF6B791BB1237B43F00103D0
:10C5A000237320461CF07FFC09B030BD0120DCE77E
:10C5B00040F20110D9E700BFFFFFFFFFFFFFFFFFC1
:10C5C000D5D302000000000010B582B0044600235D
:10C5D00004320ED27BB99FED0A7B8DED007B41F0DA
:10C5E000040120461CF070F808B140F8044B02B07A
:10C5F00010BD0123EEE70020F9E700BFAFF3008094
:10C60000000000000000000070B504460D46664BB7
:10C610001B78032B49D0654B1B78DBB29C425DD065
:10C62000624B1B78DBB29C420ED0604B1C701B78B7
:10C63000002B61D02021002001F0DEF80646002802
:10C6400053D1594B01221A70594B1B78DBB29D42D2
:10C6500015D0574B1D701B78002B73D02021022062
:10C6600001F0CAF8064600285ED18021012001F0C1
:10C67000C3F8064600285ED14B4B02221A704A4C82
:10C6800023784C4A03214C4814F036FF01F04CFA51
:10C6900013F037FD0346454A1078454A1178227851
:10C6A00000F002FF0026304670BD404B1B78002B87
:10C6B000B1D13F4B1B78002BADD10521002001F0FB
:10C6C0009BF8064618B9384B00221A70A3E70023DE
:10C6D0003A4A0121384814F00FFFE4E7344B1B7845
:10C6E000DBB29D429CD10026DDE70023334A0121C5
:10C6F000314814F001FFD6E70021084601F07CF82C
:10C70000064630B92A4B1B7853B1274B02221A70C8
:10C710009AE700232A4A0121274814F0EDFEC2E7D8
:10C72000214B00221A708FE70223244A012122485C
:10C7300014F0E2FEB7E70123204A19461E4814F020
:10C74000DBFEB0E70021022001F056F8064660B992
:10C750000021012001F050F8064668B9134B1B7800
:10C760008BB1114B01221A7089E70223144A01216F
:10C77000114814F0C1FE96E70123114A19460E48EC
:10C7800014F0BAFE8FE70020074B1870052101F066
:10C7900033F8064600283FF472AF0023084A01210F
:10C7A000054814F0A9FE7EE78808002043460020D3
:10C7B0004246002094A603004CA0030048A60300B4
:10C7C0006CA6030008B5034B1978007CFFF71CFF2B
:10C7D00008BD00BF4246002010B584B033488368CE
:10C7E000DB683B21984700283BD1304883681B69B0
:10C7F00002AA0C219847034600283FD1029B039CC4
:10C800002B4A82FB0412E417C4EB223403EB8303AC
:10C8100003EB830304EB830424B2264B83FB042342
:10C82000E217C2EB631213B2642101FB124212B28F
:10C830000092214A0321214814F069FE40F6F613C4
:10C840009C4227DC40F691139C4229DD204600F0F3
:10C85000E1FD4FF400420023194810F075FE04B0CA
:10C8600010BD0346174A0121144814F045FE4FF449
:10C8700000420023124810F067FEF0E7124A01213F
:10C880000E4814F039FE4FF4004200230C4810F01B
:10C890005BFEE4E70D4B18780121FFF7B5FED5E705
:10C8A0000A4B18780021FFF7AFFECFE7D89D0300B1
:10C8B000AD8BDB681F85EB5114A703004CA0030070
:10C8C00020190020B0A60300E4A603004346002080
:10C8D00008B505211A4813F08FFA10F0FF0F17D191
:10C8E000184A0321184814F0FDFD1848002303746A
:10C8F00010F01AFE4FF098620521114813F025FA46
:10C9000000B908BD124A01210F4814F0EBFDF8E709
:10C91000104A03210C4814F0E5FD0C480123037470
:10C9200010F002FE4FF030720521054813F00DFAA9
:10C930000028E6D0064A0121034814F0D3FDE0E7C1
:10C94000609D03002CA703004CA003004836002084
:10C9500060A703008CA7030010B56D496D4814F063
:10C9600064F86D4C4FF400320A21204613F005FAAA
:10C9700001220A21204613F05FFA684814F055F8A6
:10C9800020461BF061FE002875D04FF420220821BC
:10C99000614813F0F2F900F02DFB0446002872D133
:10C9A0005F4800F0C3FC5F495F481CF0C5F900F028
:10C9B00049FB002001F05EF8034600286BD101F02E
:10C9C000A7F8034600286CD101220821524813F031
:10C9D00033FA044600286AD140F6CD40002111F018
:10C9E00073F900F04DFE0346002866D100F046FFC3
:10C9F0000346002867D14FF480314C4813F0E5F925
:10CA00000446002865D14A494A4B4B6020238B607D
:10CA1000414813F01EFA0446002860D146494748B1
:10CA20001CF0E4F84FF0986205213B4813F08DF9B3
:10CA30000446002859D100F083FE034600285AD14D
:10CA400000F074FF034600285BD100220023364823
:10CA500010F07AFD3A4C3B4A0321204614F042FD87
:10CA6000394A0321204614F03DFD4FF400400021D7
:10CA700011F02AF9F9E7354A0121314814F032FD65
:10CA80004FF0FF3405E00346314A01212C4814F0F1
:10CA900033FD204610BD2F4A0121294814F02CFDFA
:10CAA0008DE72D4A0121264814F026FD8CE72B4AFC
:10CAB0000121234814F016FDEBE7294A0121204803
:10CAC00014F01AFD92E7274A01211D4814F014FDC5
:10CAD00091E7254A01211A4814F004FDD9E7234AB9
:10CAE0000121174814F0FEFCD3E7214A0121144824
:10CAF00014F0F8FCCDE71F4A0121114814F0FCFCAA
:10CB00009EE71D4A01210E4814F0F6FC9DE700BF88
:10CB1000B8A70300C0A70300609D0300D4A70300CB
:10CB200008050020D9C7010020190020ACA9030086
:10CB30005C360020D1C80100C5C70100483600207E
:10CB40004CA003006CA903008CA90300FCA7030000
:10CB500010A8030028A8030044A803006CA8030041
:10CB60008CA80300A4A80300BCA80300DCA8030051
:10CB700060A7030004A9030034A9030008B531B17C
:10CB80000B46064A0121064814F0B6FC08BDF723FF
:10CB9000044A0321024814F0AFFCF7E7BCA90300E4
:10CBA0009C9F0300E8A90300F0B583B000AF1546D1
:10CBB0001C460846EFF728FD0022274BEFF78EFDB5
:10CBC00004EB84046400A4B200220023EFF7D0FB3E
:10CBD00041EC170B8AB06B4613F1100235D01821C7
:10CBE00072B10846042901DD1C4E5E61082801DD92
:10CBF00083ED067B102800DD1D62142800DD5C62D9
:10CC0000172925DD18243AB10621397100217971DF
:10CC1000B971F9717868186100216FF300016FF341
:10CC200041016FF382016FF3C501032363F38811A0
:10CC3000C4F30A0464F353216FF31F51002308481F
:10CC400002F02EF80C37BD46F0BD6FF00041C7E78B
:10CC50006FF01B04D7E700BF0000F43F04AA0300F5
:10CC60009C9F0300F0B58BB004460D461646037832
:10CC7000032B38D8DFE803F002212B311D4B93E85A
:10CC800003000790ADF82010090C8DF8221063798D
:10CC90002279E178A07867780DF11C0CCDF814C0EA
:10CCA00004970390029101920093A379124A3146AE
:10CCB000284611F001FF0BB0F0BD104B93E80300C4
:10CCC0000790ADF82010090C8DF82210DFE70C4A10
:10CCD00007AB07CA03C31A80D9E70A4A07AB07CADA
:10CCE00003C31A80D3E7084A0A2107A811F0E4FE1B
:10CCF000CDE700BF5CAA03006CAA030064AA03008E
:10CD000090AA03009CAA030010D8030008B50949A3
:10CD1000094B0B600BF08AFD30B10346074A012135
:10CD2000074814F0E9FB08BD064A0321044814F043
:10CD3000D9FBF8E7683600207DCB0100A8AA0300E4
:10CD40009C9F0300C8AA030010B582B004460C4B98
:10CD50001B68019301A916F086FC50B9FB23094A10
:10CD60000321094814F0C8FB2046FFF7CFFF02B0AB
:10CD700010BD0346054A0121034814F0BDFBF6E748
:10CD800030A103000CAB03009C9F0300E4AA030046
:10CD90002DE9F04194B000AF29BB044616F061FCC8
:10CDA0001E2207F13001FFF75DFF6E4600233B7244
:10CDB00002237B7288B06D4615F110021AD00E2046
:10CDC0001AB1042801DD5B4B6B6100233B71022328
:10CDD0007B71E2B1082802DD07F13003AB6105F198
:10CDE0001C03002111E00B46534A0121534814F063
:10CDF00083FB8AE06FF00040E2E701F1500CBC4495
:10CE00001CF84CCC03F801CB01310129F5D90D28D0
:10CE10007FDD0E2342B10321397200217972B9728C
:10CE20000121F972B868286100216FF300016FF3E6
:10CE300041016FF382016FF3C501032060F3881194
:10CE4000C3F30A0363F353216FF31F5100233B48DD
:10CE500001F026FFB54607F10C01204608F05EFE02
:10CE600010F0FF0F58D13E8C3046EFF7CDFB00227B
:10CE7000334BEFF733FCBB8C03EB83035B009DB2BA
:10CE800000220023EFF774FA41EC170BE8468AB052
:10CE90006B4613F1100246D0182182B108460429CE
:10CEA00003DDDFF8A4C0C3F814C0082801DD83ED5A
:10CEB000067B102800DD1E62142800DD5D62172944
:10CEC00034DD18253AB10621397200217972B97220
:10CED000F972B868186100216FF300016FF3410126
:10CEE0006FF382016FF3C501032363F38811C5F368
:10CEF0000A0363F353216FF31F5100230F4801F01E
:10CF0000CFFEC5462046FFF71FFF5037BD46BDE8A0
:10CF1000F0816FF01B037DE7C3B20A4A0121074885
:10CF200014F0EAFAF1E76FF00041B6E76FF01B0585
:10CF3000C8E700BF3CAB030028AB03009C9F030085
:10CF40000000F43F60AB030080AB030008B50B4664
:10CF5000044A0321044814F0CFFA044810F0E4FA1C
:10CF600008BD00BFD0AB03009C9F03006C360020BF
:10CF700010B58CB00DF11C0C174C0FCCACE80F00A9
:10CF80002368CCF800300DF1080C0DF11C0EBEE842
:10CF90000F00ACE80F00DEF80030CCF800300F4A8C
:10CFA00003210F4814F09EFA002300930D4B022238
:10CFB0000D4902A807F09AFE30B90C4A032108482F
:10CFC00014F090FA0CB010BD0346094A0121044840
:10CFD00014F092FAF6E700BF34A10300E8AB0300B7
:10CFE0009C9F030090AC03009CAC030040AC03008A
:10CFF00018AC030010B50D4808F0ACFC0C490D4806
:10D000001BF0F4FD002007F0C1F8044630B90A4ACD
:10D0100003210A4814F066FA204610BD0346084A68
:10D020000121064814F068FAF6E700BF1805002051
:10D0300071CF01006C36002078AC03009C9F030088
:10D0400058AC030008B5024810F06EFA002008BD85
:10D050006C36002010B50C46054A0321054814F033
:10D0600041FA012C14BF00240124034B1C7010BD95
:10D07000ACAC0300BCA003004446002010B50C4635
:10D08000054A0321054814F02DFA012C14BF002491
:10D090000124034B1C7010BDD4AC0300BCA00300E2
:10D0A0004546002010B50C46054A0321054814F0FA
:10D0B00019FA012C14BF00240124034B1C7010BD6D
:10D0C00004AD0300BCA003004646002010B50C468A
:10D0D000054A0321054814F005FA012C14BF002469
:10D0E0000124034B1C7010BD30AD0300BCA0030035
:10D0F0004846002010B50C46054A0321054814F0A7
:10D10000F1F9012C14BF00240124034B1C7010BD45
:10D1100054AD0300BCA003004946002010B50C46E6
:10D12000054A0321054814F0DDF9012C14BF002441
:10D130000124034B1C7010BD78AD0300BCA003009C
:10D140004A46002010B50C46054A0321054814F054
:10D15000C9F9012C14BF00240124034B1C7010BD1D
:10D160009CAD0300BCA00300474600202DE9F04120
:10D1700084B005460C4616461F46D1F80C800A4A74
:10D1800003210A4814F0AEF904230293CDF8048079
:10D19000BDF8283000933B4632462146284617F01A
:10D1A0003AFF04B0BDE8F081C4AD0300BCA00300A9
:10D1B0002DE9F04184B005460C4617461E46D1F8CD
:10D1C0000C80104A0321104814F08CF90F490968AB
:10D1D000A1B1CB68A3B198470D4B188002230293ED
:10D1E000CDF80480BDF82830009333463A462146F6
:10D1F000284617F010FF04B0BDE8F0810020FAE7E0
:10D200000020F8E7DCAD0300BCA003007C36002062
:10D210003C4600202DE9F04184B005460C461646F8
:10D220001F46D1F80C800E4A03210E4814F05AF91B
:10D230004FF080535A6E196E0B4B19605A600823D9
:10D240000293CDF80480BDF8283000933B46324667
:10D250002146284617F0DFFE04B0BDE8F08100BF8C
:10D26000F4AD0300BCA003005019002070B51C46AB
:10D27000BDF81030022C0DD17BB915785678084ACC
:10D280000321084814F02EF93146284600F09CFA94
:10D29000204670BD6FF00C00FBE76FF00600F8E76A
:10D2A00008AE0300BCA0030038B51C46BDF8103022
:10D2B000012C0BD16BB91578074A0321074814F0EC
:10D2C00011F9284600F064FA204638BD6FF00C00D2
:10D2D000FBE76FF00600F8E720AE0300BCA00300F8
:10D2E0002DE9F04184B005460C4616461F46D1F89C
:10D2F0000C800C4A03210C4814F0F4F84046FFF768
:10D30000F5F880B20290CDF80480BDF82830009383
:10D310003B4632462146284617F07DFE04B0BDE864
:10D32000F08100BF38AE0300BCA0030008B1024A80
:10D3300010600020704700BF7C36002000B583B02D
:10D340000190084B1B784BB104230DEB03020649F7
:10D35000002012F08CFD03B05DF804FB6FF00C00B0
:10D36000F9E700BF474600200CAF030030B5BFB05F
:10D3700005460C46F422002101A81CF06DFA0D4A66
:10D380001368591C1160019304EB4404A200294660
:10D3900002A81CF039FA084B1B783BB1F42301AA10
:10D3A0000649002012F063FD3FB030BD6FF00C0065
:10D3B000FAE700BF203800204A46002048AF0300AB
:10D3C00030B5A9B005460C469C22002101A81CF0EE
:10D3D00043FA0D4A1368591C1160019304EB44048D
:10D3E0006200294602A81CF00FFA084B1B783BB1DB
:10D3F0009C2301AA0649002012F039FD29B030BD56
:10D400006FF00C00FAE700BF1C38002049460020EE
:10D4100084AF030008B5094B1A6801321A6098807E
:10D42000074B1B7833B10823044A0649002012F049
:10D430001EFD08BD6FF00C00FBE700BF8436002026
:10D4400048460020C0AF030000B583B08DF8070048
:10D45000074B1B784BB101230DF107020549002052
:10D4600012F005FD03B05DF804FB6FF00C00F9E766
:10D4700046460020FCAF030000B583B08DF80700DE
:10D48000074B1B784BB101230DF107020549002022
:10D4900012F0EDFC03B05DF804FB6FF00C00F9E74F
:10D4A0004546002038B003002DE9F04182B000AFBE
:10D4B0001546314C20706170A270E3702F4A1278CB
:10D4C000002A56D06C468AB0EC461CF110024AD0B5
:10D4D0001826D2B1B646042E03DDDFF8AC80CCF8B6
:10D4E0001480BEF1080F01DDCCF81800BEF10C0F5E
:10D4F00001DDCCF81C10BEF1100F01DDCCF820507E
:10D50000BEF1140F01DDCCF82430172E2EDD1823C8
:10D5100042B10621397100217971B971F9717868C8
:10D52000CCF8100000216FF300016FF341016FF39D
:10D5300082016FF3C501032060F38811C3F30A036E
:10D5400063F353216FF31F5100230D4801F0A8FB33
:10D55000A5460423084A0B49002012F088FC08372E
:10D56000BD46BDE8F0816FF00046B2E76FF01B03E7
:10D57000CEE76FF00C00F2E7803600204446002032
:10D58000BCA0030074B0030054AE030008B5054B03
:10D590001B79DA4012F0010F00D108BD02480FF0EC
:10D5A000C3FFFAE7400600203838002010B582B0EB
:10D5B0000446837CA3B10DF10702017C1B480DF0EA
:10D5C000E7F930B99DF80700FFF73EFF40BB02B016
:10D5D00010BD237C164A0121164813F08DFFF6E793
:10D5E000427C017C11480DF0E7F958B90DF10702B2
:10D5F000217C0E480DF0CCF958B99DF80700FFF7D3
:10D600003BFFE3E7237C0C4A01210A4813F074FF37
:10D61000DDE7237C094A0121064813F06DFFECE7A2
:10D62000074A0121034813F05DFFD0E738060020C8
:10D6300068B20300A4A0030094B20300C0B20300C8
:10D64000F8B2030000B5BFB00DF1070202A9094806
:10D650000DF00CF938B99DF8071002A8FFF786FE07
:10D660003FB05DF804FB044A0121044813F03AFF7F
:10D67000F6E700BF3806002028B30300A4A003008B
:10D6800010B5224B18681AF0DFFF10B3204B186852
:10D690001AF0DAFF28B34FF480311D4812F039FC3C
:10D6A000044630BB1A4A117901238B4019491A48A4
:10D6B00048608B60106812F037FC0446F8B91749CF
:10D6C00017481BF093FA174917481BF08FFA2046AA
:10D6D00010BD164A0121164813F004FF6FF0120422
:10D6E000F5E7144A0121124813F0FCFE6FF0120412
:10D6F000EDE7114A01210E4813F0F4FEE7E70F4A67
:10D7000001210B4813F0EEFEE1E700BF38060020D0
:10D7100040060020483800208DD5010045D6010084
:10D7200038380020ADD501002438002040B3030074
:10D73000A4A003007CB30300B8B30300E8B3030064
:10D7400010B50E4B186819794FF0B86212F0A1FBB2
:10D7500030B90B480CF0ACFF044640B9204610BD70
:10D760000446084A0121084813F0BCFEF6E7074AC0
:10D770000121054813F0B6FEF0E700BF4006002087
:10D780003806002018B40300A4A003004CB4030022
:10D7900030B583B004460DF10702014607480DF08D
:10D7A000F7F8054610B9284603B030BD2346044AB1
:10D7B0000121044813F0A0FEF5E700BF3806002061
:10D7C00068B20300A4A0030038B504460A46014627
:10D7D00006480DF0F1F8054608B9284638BD23463D
:10D7E000034A0121034813F087FEF6E738060020BC
:10D7F00094B20300A4A0030010B504462330C0B2C5
:10D80000FFF7E2FF08B9002010BD2346024A0121BC
:10D81000024813F071FEF6E748A60300A4A0030037
:10D8200008B5054B1B79DA4012F0010F00D108BD95
:10D8300002480FF079FEFAE7500600205438002025
:10D8400000B5A9B00DF1070202A909480DF044F98D
:10D8500038B99DF8071002A8FFF7B2FD29B05DF8AE
:10D8600004FB044A0121044813F03CFEF6E700BF24
:10D87000480600206CB40300849F030010B5204BC1
:10D8800018681AF0E1FEF0B11E4B18681AF0DCFEC1
:10D8900008B34FF480311B4812F090FB044610BBD4
:10D8A000184A117901238B401749184848608B604A
:10D8B000106812F08EFB0446D8B9154915481BF0C4
:10D8C00095F9204610BD144A0121144813F00AFEB0
:10D8D0006FF01204F5E7124A0121104813F002FE1E
:10D8E0006FF01204EDE70F4A01210C4813F0FAFD26
:10D8F000E7E70D4A0121094813F0F4FDE1E700BF15
:10D9000048060020500600206438002021D801007D
:10D9100041D801005438002090B40300849F0300D4
:10D92000D4B4030018B5030054B5030010B50E4B72
:10D93000186819794FF0B86212F000FB30B90B4843
:10D940000DF058F8044640B9204610BD0446084A78
:10D950000121084813F0C6FDF6E7074A01210548F2
:10D9600013F0C0FDF0E700BF50060020480600207D
:10D970008CB50300849F0300C8B5030010B50122D5
:10D980000A212E4812F07FFBF0B92120002110F06F
:10D990009BF92B4883685B682A499847034600B384
:10D9A000294A0121294813F0A7FD00220A21234812
:10D9B00012F069FB034600283AD14FF41602002307
:10D9C00023480FF0C1FD10BD0346224A01211F4824
:10D9D00013F092FD4FF4004200231D480FF0B4FDF8
:10D9E000F1E71D4B1B881D4C236021461C4812F09B
:10D9F0006AFB236803EB830203EB4203236030B12D
:10DA00000346184A0121114813F076FDCDE7164A66
:10DA100003210E4813F070FD104B1868FFF78EFCC1
:10DA2000124B1B68002BC0D00C4A10689847BCE70B
:10DA30000F4A0121054813F05FFDBEE7609D03001A
:10DA40009C9D03005806002028B60300949F030005
:10DA500058190020F4B503003E4600207438002019
:10DA60001CB7030040B6030068B6030070380020FE
:10DA700080B6030038B505461A481AF0E5FDD0B166
:10DA8000194812F0B0FA0446E8B9184B01225A605E
:10DA90000C221A7400225A74154B1D601549164841
:10DAA0001BF04AF94FF40031144812F0D1FA044641
:10DAB00080B9204638BD124A0121124813F012FDE8
:10DAC0006FF01204F5E703460F4A01210D4813F0E9
:10DAD00013FDEEE703460D4A01210A4813F00CFD41
:10DAE000E7E700BF9C9D03001CB703005806002019
:10DAF000703800207DD901005819002014B70300A8
:10DB0000B4B60300949F0300CCB60300F0B6030044
:10DB100008B50022002303480FF016FD002800DBA3
:10DB2000002008BD58190020014B1868704700BF3D
:10DB3000743800202DE9F04F91B0059202931346FE
:10DB400002F004020092C3F3C20310F00302019238
:10DB500040F02C8280468A460133041D00284ED0B6
:10DB6000B8F1000F05D0A4EB08020432524500F2D0
:10DB70002082029A551E019A049206920392002670
:10DB80004FF0FF3B0427B946B8F1000F01D0029ACD
:10DB900022605A1E0792002B40F35E81059B13F012
:10DBA000020228D00120A4EB08018B081AB1B1F5BC
:10DBB000007F80F0048203990F2900F20382B8F1FC
:10DBC000000F00F06181DBB201F140026A4402F80B
:10DBD000103C02F820BC002800F0528163F07F0363
:10DBE00001F140026A4402F8103C049B01330493A3
:10DBF000039B013303930434002140463DE001F0D0
:10DC0000070A5444CAF1080AAAE7002634E00026AD
:10DC100032E0002630E00827B9462DE0252B2BD135
:10DC20000BF1010B01260427B94625E0472BEED85E
:10DC30002A2B14D32A3BDBB24FF0010C0CFA03F36E
:10DC40004FF6DA7C13EA0C0F16D113F0625F40F046
:10DC5000C28013F0010F40F08D8000260CE0252BD0
:10DC600003D10BF1FF3B002606E001D9002603E0BB
:10DC7000202B01D0232BCCD115466A1C6B78002BAE
:10DC800000F01B81002EC9D07A2BBED84C2BCDD3EF
:10DC90004C3B2E2B62D80FF2080C5CF823F000BF2F
:10DCA00079DC01005DDD01005DDD01005DDD01006D
:10DCB0005DDD01005DDD01005DDD01005DDD010078
:10DCC0005DDD01005DDD01005DDD01005DDD010068
:10DCD0006DDD01005DDD01005DDD01005DDD010048
:10DCE0005DDD01005DDD01005DDD01005DDD010048
:10DCF0005DDD0100D7DD01005DDD01006DDD0100AE
:10DD00006DDD0100D7DD0100D7DD0100D7DD0100A9
:10DD100079DC01006DDD010017DC01005DDD010033
:10DD200079DC01005DDD010033DE01006DDD010005
:10DD300033DE01005DDD01005DDD01003BDE010041
:10DD400067DD01006DDD01005DDD01005DDD0100CD
:10DD50006DDD01005DDD010061DD010000268BE766
:10DD60000427B94688E70427B94685E72B786C2B4A
:10DD700025D000263C44013CB4FBF7F407FB04F437
:10DD8000254620B1231A4B44534500F21581002942
:10DD900058D1B9F1040F00F08880B9F1080F40F0B4
:10DDA00014811A9B073323F0070303F108051A9522
:10DDB00093ED007B08B184ED007B08345CE712F83A
:10DDC000023C6C2B03D000260427B946D2E700267C
:10DDD0000827B946CEE72B784C2B1AD01A9B07336D
:10DDE00023F0070303F108061A96D3E90067073406
:10DDF00024F0070440B1231A0833534513D82B7875
:10DE00004C2B13D0C4E90067083400260827B94614
:10DE100032E71A9B073323F0070303F108061A962B
:10DE2000D3E90067E3E76FF01B00BCE0C4E90067DB
:10DE3000EAE700260427B9469CE731460026042776
:10DE4000B94697E72C4680461A9B191D1A911B6804
:10DE50000293079B154697E6624B029A9A4204D3B7
:10DE6000614B9A420AD3002300E00023002B7FF489
:10DE700095AE059B03F00202002094E60123F5E72E
:10DE8000069B01330693B3E610B10AF1010AAFE62F
:10DE9000009B13B10AF1020AAAE60298FEF726FBDC
:10DEA00000EB0A0303F1020AA2E61A9B1D1D1A9554
:10DEB0001B6800B123600434DEE68046231AB3F504
:10DEC000806F80F0858090B1002202609B08037013
:10DED000009B83B1069BC370049B88F802301BBB78
:10DEE000019DDDF80C90DDF810B0029F3DE0534439
:10DEF000A3F1080057E0069B4370EDE70133984219
:10DF0000EED903F140026A4412F8101C12F9102CE9
:10DF1000002AF3DA01F07F01A4EB08020132524536
:10DF200059D804F8011BE9E7019B0398E7E7009B38
:10DF300043B305F140036B4413F8203C04F8013B64
:10DF4000019EA4EB080333440133534546D805F141
:10DF500040036B4413F8103C04F8013B3246394649
:10DF600020461BF051FC34440135A94519D9BBF1B9
:10DF7000000FDCD005F140036B4413F9103C002B7B
:10DF8000D5DAF1E705F140036B4413F8103C58F87B
:10DF90002370002248F823203846FEF7A7FA461CD3
:10DFA000CFE7A4EB080011B0BDE8F08F6FF00D00D3
:10DFB000F9E76FF01B00F6E76FF01B00F3E76FF077
:10DFC0001500F0E76FF01500EDE76FF01500EAE7D8
:10DFD0006FF01500E7E76FF01B00E4E76FF01B0040
:10DFE000E1E700BF8C9C0300B8EC03002DE9F04F83
:10DFF00097B000AF8346BA61FB60D7F88030C3F3B7
:10E00000C0033B62396111B912F089FC38619BF899
:10E010000260B14636B1D7F8803013F0010F0DD150
:10E02000002300E000239BF803207A6242B1D7F876
:10E03000802012F0020F22D1002202E00123F2E739
:10E04000002202B9EBB19BF80050AA00BA60DBF8DD
:10E0500004207A610BEB8505BA69F2B1002B40F020
:10E060000481B9F1000F00F00F81D7F8803013F070
:10E07000040F40F00D810020F8610646F9E001220E
:10E08000DFE7BB691BB1FA683969584698473C69B4
:10E0900020465C37BD46BDE8F08F3C69E3B94D448E
:10E0A00000233B6123E00444013501364E451AD27A
:10E0B0002A7800235BF822201946B86912F044FC44
:10E0C000BAF1000FEFD0D7F888309845EBD22AF894
:10E0D000180008F10108E6E70026C7F81C80B046E2
:10E0E000D7F884A0E2E7C7F81080D7F81C80D7F8EB
:10E0F000803003F00503FB604FF0000AA146C7F82B
:10E100001CB09CE000253B6A7BB9002D79D0D7F884
:10E11000803013F0010F79D1FB68002B6FD10223FF
:10E12000A9EB030988E00125EDE75946786912F06B
:10E1300051FC0028E9D06C46002387F82C300223DC
:10E1400087F82D308AB0694611F1100237D01225B8
:10E150001AB1042D01DDB14B4B61002387F8283043
:10E16000022387F829306ABB112D45DD122362B1E5
:10E17000042087F82C00002087F82D0087F82E0057
:10E18000012087F82F00F86A08616FF300086FF329
:10E1900041086FF382086FF3C508022161F3881804
:10E1A000C3F30A0363F353286FF31F580023414658
:10E1B0009B4800F075FDA546A9F102093CE06FF00F
:10E1C0000045C5E72B46082D01DD786988610C2BD9
:10E1D00001DDC1F81CB001F12003002009E000F1CD
:10E1E000300C07F1280EF4441CF830CC03F801CBB6
:10E1F00001300128F3D9B7E76FF01B03B7E701231C
:10E200008EE7D7F8803013F0020F15D00023224696
:10E210001946B86912F098FBD7F8843053B13B69BE
:10E22000D7F88820934205D2D7F8842022F813002B
:10E2300001333B61013881440AF1010A35467B6AAA
:10E240009A4510D22E4616F802BB6B78FA6952F83E
:10E250002340744B9C42FFF455AF734B9C42FFF438
:10E2600062AF00254FE74C4612E707F14400002358
:10E27000FB6118B14A4629461BF0C6FA4D444FF0DF
:10E280000008C7F804901EE00020F8610646F0E799
:10E29000FE6107F134000026EBE700253B6A33BB43
:10E2A000002D3BD0D7F8803013F0010F26D0731C1F
:10E2B00006F1300207F12801561806F8149CDEB268
:10E2C00008F1010825467B6A984549D22C4614F886
:10E2D00002AB95F801905BF82930524A9342DCD3A7
:10E2E000514A934201D30025D8E70125D6E751468C
:10E2F000786912F06FFB0028D2D0E1E7D7F88030C0
:10E3000013F0040FDCD0FA69531C303207F12801F6
:10E310000A4402F8249CDBB2FB61D1E7D7F88030D5
:10E3200013F0020F09D0731C06F1300207F1280127
:10E33000561806F8149CDEB2C2E7F9694B1C01F1CD
:10E34000300207F12800024402F824AC8A1CD2B241
:10E35000FA6107F1580252FA83F303F8249CAFE7FD
:10E36000D7F804909BF8003087F854309BF80130C0
:10E37000334487F85530D7F8803013F0020F0ED1B0
:10E38000FB69C3F3470387F85730D7F8803013F0A1
:10E39000010F06D113F0040F3DD1002302E000234A
:10E3A000F1E7002387F85630DBF800003863786D1A
:10E3B000CBF80000D7F80CA05246B9685846BB69A4
:10E3C0009847041EFFF664AE386BCBF80000524647
:10E3D000F96907F13400BB699847002857DB04EB63
:10E3E0000008B9684944786A01EB4001524638692F
:10E3F000411A2846BB699847041EFFF649AE08EB50
:10E4000004054FF000087E62C7F820B0BE69D1460F
:10E41000D7F884B01FE0FB69C4E700BF38B703003A
:10E4200004A003008C9C0300B8EC03004FF0000A2A
:10E430004A46012107F12C00B047002829DB05449A
:10E44000534622464946304612F07EFA002822DB27
:10E45000054408F101087B6A984511D208F13003A0
:10E4600007F12802134413F8143C87F82C303A6A59
:10E4700052F82340BBF1000FD8D03BF818A0D7E7E3
:10E48000FA6800210846BB6998472C4600E6044616
:10E49000FEE50446FCE50446FAE500BF80B5054606
:10E4A0000E46174698460FF03DFC03461BF0E4FB72
:10E4B0000446DFF8189049F80030424639463046A5
:10E4C000A84754F8090001F083FE00BF08000000CF
:10E4D00008B50446EFF31183402383F31288BFF39A
:10E4E0006F8F0CF0D1F8204613F045FC024812F073
:10E4F0009CFA13F073FCFCE7F0B703002DE9F0433E
:10E5000083B0044608461546238B13F0080F05D147
:10E5100003F0070600230093019354E0012909D07A
:10E5200043F02003238385F31188BFF36F8F03B07B
:10E53000BDE8F08343F010032383F4E7204612F094
:10E54000ABFD42E0D4F814904A466946204612F0EA
:10E55000BCFD4FF00008238B03F00707B74269D0DA
:10E56000A268002A66D0012243F00803238385F3C2
:10E570001188BFF36F8F002A64D1009B2BB14B46EB
:10E580003A466946204612F019FEB8F1000F02D053
:10E5900034492046C047EFF31185402383F31288A6
:10E5A000BFF36F8F238B23F008032383238B13F098
:10E5B000100F4DD023F0100323830120268B06F08B
:10E5C00007060028AFD00228B8D00028ABD0013809
:10E5D00004282BD801A353F820F000BF45E5010023
:10E5E0002DE60100F1E5010005E6010019E6010054
:10E5F0002369D3F800800621204612F023FD4FF056
:10E600000009A8E72369D3F804800421204612F00A
:10E6100019FD4FF000099EE72369D3F80880052112
:10E62000204612F00FFD4FF0000994E74FF000086C
:10E63000C14690E7009A0AB1002295E7B8F1000FB1
:10E6400092D1B3E74A463946204612F003FD94E7DB
:10E6500013F0200F04D023F0200323830220ADE722
:10E660000020ABE7EB11030038B505460B4C00E08A
:10E6700010340B4B9C420FD263685B79002BF7D0B0
:10E680002946204612F086FE0028F1D023681B6838
:10E69000294620469847EBE738BD00BFC4A00300D9
:10E6A000D4A0030070B506460D46084C04E02A4687
:10E6B0003146204698471034054B9C4204D22368CB
:10E6C0009B69002BF3D1F6E770BD00BFC4A0030027
:10E6D000D4A003002DE9F041074605460AE007EA09
:10E6E0000807144B03EB06135B68042219682046E5
:10E6F00000F0AAFAD5B195FAA5F6B6FA86F60D4C51
:10E7000004EB06140123B3406FEA030825EA03056E
:10E71000237B002BEED03301064AD3581B69002B14
:10E72000DDD0204698470028E4D1D8E73846BDE838
:10E73000F08100BFC4A003002DE9F04180460F46E0
:10E74000204BBFF35B8F53E8005F6A1C43E8002156
:10E750000029F8D1BFF35B8F002D2FD11A4C002672
:10E7600007E0636804221968204600F06DFA01365C
:10E770001034164B9C4213D2237B002BF7D0236816
:10E78000DB680BB12046984723681B69002BE8D053
:10E79000204698470028E4D00123B3401D43E6E714
:10E7A000B8F1000F0BD055B12846FFF793FF05468F
:10E7B000002FF8D00A2012F0F3FDF4E700252846D8
:10E7C000BDE8F0818C380020C4A00300D4A0030071
:10E7D00008B5064B186018B1054B1B68092B00DC07
:10E7E00008BD04480EF0E2FCFAE700BF80380020C4
:10E7F000883800205C09002008B502480EF0D6FCDD
:10E8000008BD00BF5C09002030B589B000220F4967
:10E810000F481AF024FE0F4D00220023CDE90623F5
:10E82000002404940E2303930294019400940A4B51
:10E830004FF48862094928461AF045FB08492846E2
:10E840000EF08AFE204609B030BD00BFF9E7010096
:10E85000881E002088190020A1EB010080460020BE
:10E860001CB80300014B53F82000704738B8030070
:10E8700048B108B5054A1060054B1960084600F01C
:10E8800097FC002008BD6FF0150070476C06002053
:10E890007C38002008B5054B1B781BB1034B0122C7
:10E8A0001A7008BD02480EF081FCF7E74B460020C5
:10E8B0005C0900200D4BBFF35B8F53E8001F013153
:10E8C00043E80012002AF8D1BFF35B8F00B970470C
:10E8D000074BBFF35B8F53E8001F013943E8001279
:10E8E000002AF8D1BFF35B8FF1E700BF8438002026
:10E8F00088380020064B00200146BFF35B8F53E8A9
:10E90000000F43E80012002AF9D1BFF35B8F704774
:10E910008438002038B5FFF7EDFF0546094C00E0CC
:10E920001034094B9C420BD263685B79002BF7D003
:10E9300023685B68002BF3D0294620469847EFE711
:10E9400038BD00BFC4A00300D4A00300034B186867
:10E950000028D4BF00200120704700BF8438002069
:10E9600010B5044C0449204612F0D3F9034B1C6047
:10E9700010BD00BF9C08002024B803007838002098
:10E9800008B50023064A1370064A1360064A13604E
:10E990004FF400410548FFF76BFFFFF7E1FF08BDAB
:10E9A0004C4600208438002088380020991303004A
:10E9B00008B50146014812F009FD08BD9C08002079
:10E9C00008B5024812F086FA08BD00BF9C08002076
:10E9D00008B50146024B186812F0FEFC08BD00BFE6
:10E9E0007838002008B5024812F0FAFC08BD00BFD4
:10E9F0009C08002010B582B000220023CDE900233E
:10EA0000284B187808B902B010BD684612F000FD16
:10EA1000044688B1244BBFF35B8F53E8001F0139D4
:10EA200043E80012002AF8D1BFF35B8F2046FFF7BE
:10EA30001BFE2046FFF7CCFFFFF788FF58B91B4AA3
:10EA40001368516813F57A7341F100011360516046
:10EA5000FFF7C8FFD7E71AF093FC4A0142EAD062F9
:10EA600043011B1A62EB0102920042EA93729B007F
:10EA70001B1842EB0102D20042EA5372C3F3103377
:10EA800043EA4243D20B0948016840685B1A62EBD3
:10EA9000000240F2E9318B4272F10002CFD3FFF75E
:10EAA00039FFCCE74B46002088380020801E00202C
:10EAB0000F4B1B7803B1704710B500210120FFF701
:10EAC0003BFE0C4C00E010340B4B9C4208D26368B8
:10EAD0005B79002BF7D023689B6820469847F2E7C4
:10EAE000FFF788FF0028FBD1014B01221A7010BDEF
:10EAF0004C460020C4A00300D4A0030010B582B08F
:10EB00001A4BBFF35B8F53E8002F511C43E80010F2
:10EB10000028F8D1BFF35B8F154B1B7863B9154BF9
:10EB20001B68B3B1BAB1092A13D113481AF0A3FC78
:10EB300012480EF03BFB0CE0EFF31184402383F30B
:10EB40001288BFF36F8FFFF755FF84F31188BFF36F
:10EB50006F8F02B010BD00220023CDE900234FF4D7
:10EB60000042002304480FF069FBF2E788380020D8
:10EB70004C46002080380020881E00205C090020C0
:10EB800010B50446044B1B689847A0602146034813
:10EB900012F042FC10BD00BF6C0600209C08002053
:10EBA0002DE9F04100210846FFF7C6FD804650B12F
:10EBB00040F2676600271BF05FF8154B1858FFF707
:10EBC00007FE002515E04FF0FF364FF0FF37F2E764
:10EBD0004046FFF77FFD804670B94FF0FF364FF09B
:10EBE000FF3709E02C4632463B460A480EF006FB4A
:10EBF0002546B8F1000FEBD1FFF7FCFE04460028D4
:10EC0000F6D1002DEED000210846FFF74BFDEAE7D4
:10EC1000080000005C0900200248034BC01AC0082D
:10EC2000704700BFC4A003007C9F030010B50C46D2
:10EC3000FFF7F2FFA04203D9024B53F8340010BD96
:10EC40000020FCE77C9F030010B5084BC31A1B1182
:10EC500001334468237143689A71436819604368BB
:10EC600001225A71FFF716FE10BD00BFC4A00300B9
:10EC700000B589B0059206930023079362B1074A55
:10EC80000C9B02930B9B01930A9B009305ABFFF730
:10EC9000ADF909B05DF804FB0022F1E72914030087
:10ECA0002DE9F04F8BB004AF05461E468846C1F3F0
:10ECB0004A24002C00F0898091460022FA603A61D3
:10ECC0007A6104230293FB1801930A23009307F14E
:10ECD0000C0321464846FFF789F9B0F5006F58D379
:10ECE000D9F804106D4600233B7302237B738AB06E
:10ECF00004AC14F1100217D012201AB1042801DD5F
:10ED00003B4B636100233B7002237B70CAB1034617
:10ED1000082800DDA1610C2B02DD40F2FF73E361E6
:10ED200004F1200300210AE06FF00040E5E701F163
:10ED300018063E4416F8186C03F8016B01310129DE
:10ED4000F5D9112822DD122342B1042139730021A3
:10ED50007973B9730121F973F868206100216FF3A9
:10ED600000016FF341016FF382016FF3C5010220CF
:10ED700060F38811C3F30A0363F353210023C1F343
:10ED800013011C4812F0D0FBAD462DE06FF01B03C1
:10ED9000DAE760F35328C0F30A0A0AEB1850173079
:10EDA00020F007008008FFF703FE8346B0B104237C
:10EDB0000293FB1801930A230093534600F11002BB
:10EDC00021464846FFF754FF08E004EB115417347E
:10EDD00024F00704A008FFF7EBFD834633464246C4
:10EDE0002946584612F036FB1C37BD46BDE8F08F69
:10EDF00058B803003CA00300406820B1034BC01A80
:10EE000040F3CF0070474FF0FF3070477C9F030006
:10EE10000EB400B582B0014603AB53F8042B019346
:10EE2000034801F02FFD02B05DF804EB03B070471A
:10EE30005316030030B585B011F0440F05D01A4BBE
:10EE40001C6834B9002005B030BD1849FFF7E0FF59
:10EE5000F9E7174B1968B2FBF1F1B1FBF4FC154A65
:10EE6000A2FB0C32D20A4FF4616E0EFB12CE124B93
:10EE7000A3FB0E535B0904FB1C114FF47A7C0CFBC3
:10EE800001F1B1FBF4F504FB15110CFB01F1B1FB31
:10EE9000F4F102910195C3EB0311AEEB81010091F6
:10EEA0000649FFF7B5FFCEE79438002098B8030075
:10EEB00090380020C5B3A29189888888A4B803003F
:10EEC00061B108B52AB1064A52F8232012B9054AA1
:10EED00000E0044A0449FFF79BFF08BD704700BFEC
:10EEE00044B90300C0B8030014E803002DE9F04161
:10EEF00005461746069EDDF81C8081B900242EB118
:10EF0000324611492846FFF783FF0444B8F1000F49
:10EF100014D06FB1099B042B13D00C4909E00C4BA2
:10EF2000099A53F822200B49FFF772FF0446E6E7DF
:10EF3000064942462846FFF76BFF04442046BDE8D9
:10EF4000F0810549F5E700BFDCB80300CCB8030049
:10EF500058B90300D4B80300C8B803002DE9F04F36
:10EF600087B005460C46049205939DF84C7001F05D
:10EF7000020B01F0010AC1F3C00801F4807912F01C
:10EF800051FA18B3024616492846FFF741FF0646D4
:10EF9000BBF1000F1CD13A465146284612F019FB2E
:10EFA000B9F1000F01D0002311930397129B029334
:10EFB000119B0193109B00930023049A414628461D
:10EFC000FFF794FF304407B0BDE8F08F0026DFE77D
:10EFD000059A21462846FFF72DFF0644DBE700BFD0
:10EFE000E0B8030011F0100F0BD108B511F0200F9D
:10EFF00003D00449FFF70CFF08BD0349FFF708FFE2
:10F00000FAE770477CBB0300E4B803002DE9F04148
:10F0100005460F46164698460699FFF7E3FF00247B
:10F02000444505DA24492846FFF7F2FE0134F7E7A4
:10F03000002409E020492846FFF7EAFE0BE01F49BB
:10F040002846FFF7E5FE01340F2C0CDC002C02DD16
:10F0500014F0070FEED0B442F1D23A5D18492846B9
:10F06000FFF7D6FEEFE717492846FFF7D1FE002449
:10F0700009E011492846FFF7CBFE0BE0124928466C
:10F08000FFF7C6FE01340F2C13DC002C02DD14F058
:10F09000070FEED0B44207D23A5D0C4B9B5C13F0E5
:10F0A000970FEBD12E22E9E703492846FFF7B0FE80
:10F0B000E8E7BDE8F08100BFD8B80300F0B803006E
:10F0C000E8B80300F4B80300F8B80300A7EB0300A6
:10F0D0002DE9F04184B004469DF82C500C9F0E9E03
:10F0E00095B9012B1ED019484FF0000827B13B46B7
:10F0F0002246174911F03EFCC6B905BB204612F066
:10F100009BFA04B0BDE8F08103950A980290019340
:10F1100000920B4600220F992046FFF71FFF804602
:10F120000C48E3E70B484FF00008DFE70F9B009324
:10F13000434632460D99204612F063FADDE72A462F
:10F140000F99204612F051FAD8E700BF8B16030042
:10F15000850802005316030070B582B004460568A6
:10F1600042F20F738B4228BF0B460E4A05216846B8
:10F170000FF0A2FC064663685B680B220A4928462A
:10F1800012F018FA63685B6832466946284612F046
:10F1900011FA63685B681B220449284612F00AFAD8
:10F1A00002B070BD5CC2030018B90300FCB80300D4
:10F1B000074B01221A6004E04008054A13685B000F
:10F1C0001360044B9842F7D8034B1860704700BF98
:10F1D0009038002040420F0094380020034B012259
:10F1E0001A70034B034A1A60704700BF4D46002057
:10F1F000C0380020C4380020014B1960002070473F
:10F20000AC38002008B518B9074B00221A7008BDA9
:10F21000064B1B7823B141F2883019F00FFAF6E75C
:10F22000052012F074FAF2E74D4600204E46002009
:10F2300038B504460A4B01221A700A4B1B782BB9C9
:10F2400038BD651E2046FFF7DDFF2C4600200DF07F
:10F2500095FB0028F4D0024B1B78002BF1D1EFE78F
:10F260004D4600204E460020F8B506460D460427C0
:10F270000DE02A46314600200DF018FB044614E04C
:10F280003846FFF7D5FFDCB9114B1B78C3B1114BE2
:10F290001B78002BEDD10DF081FB2A463146002072
:10F2A0000DF004FB04460DF085FB002CE8D1084B63
:10F2B0001B78002BE7D0013F3846FFF7A3FFE2E7BA
:10F2C00014B9034B1B7803B92C462046F8BD00BF88
:10F2D0004D4600204E46002008B5034B01221A700F
:10F2E000024812F0A9F908BD4E46002098B9030063
:10F2F00008B50248FFF730FF08BD00BF98B903000A
:10F3000010B50C46044B1868FFF7ACFA03460F2201
:10F3100021460248984710BDAC38002098B9030038
:10F32000014B036000207047A8B903008446002306
:10F3300000E00133074A12689A4208DD1A010649C3
:10F34000096801EB03108A5C6245F2D100E00020FD
:10F35000704700BF80BB03007006002038B50C4B1F
:10F360001B687BB10C46FFF7E1FF054668B1C0683A
:10F3700028B119F069F910B12560002038BD6FF08F
:10F380001200FBE76FF00C00F8E76FF00100F5E703
:10F390007006002010B50C460A6843689A4204D8EB
:10F3A0004A6813444B60012010BD044A01210448FF
:10F3B00012F098F800206060F6E700BFA8B90300DB
:10F3C0007C9F030030B585B00446C06801AA16F0E2
:10F3D0005FFD054678B9236A01998B4208D0E06841
:10F3E000029A83689B689847054658B9019B236237
:10F3F000284605B030BD0346064A0121064812F0F2
:10F400007BF8F5E70346054A0121034812F074F83A
:10F41000EEE700BFC8B903007C9F0300ECB903000E
:10F4200070B582B0466903691E44816819B9002528
:10F43000284602B070BD044631440139FFF7C2FFCF
:10F44000051E23DBE0688368DB6898470368A568CE
:10F45000B5FBF3F203FB12555DB15D1BE0688368F9
:10F46000DB689847A3682A460179206818441AF097
:10F47000F3F9A3682B44E068226881684D6831463F
:10F48000A847054650B9E369ABB926E000962B467C
:10F490001C4A01211C4812F03AF8C9E700960346BD
:10F4A0001A4A0121184812F032F8C1E72068435D7A
:10F4B000DB4343550135A368AB42F7D8E0682268C7
:10F4C00081680D683146A847054668B9E369324648
:10F4D000A16820689847054668B92369A268134463
:10F4E00023610023A360A3E70346094A01210648DC
:10F4F00012F002F89CE70346064A0121024811F087
:10F50000FBFF95E708BA03007C9F030038BA0300AD
:10F510005CBA030074BA03002DE9F04383B00A9F7C
:10F52000DDF82C80002854D00C4691461E46054636
:10F53000002951D0002A52D00093002301938B68F8
:10F54000DB68084698470268B6FBF2F302FB1363D8
:10F55000002B2ED16A462549204616F09FFC019BC0
:10F56000002B3FD007EB080293422AD3A368DB6845
:10F57000204698470268B7FBF2F302FB137303BB04
:10F58000EC60C5F800906E6000232B61AB606F618A
:10F59000B8F1000F02D1019BA3EB0708C5F8188052
:10F5A0000C9BEB614FF0FF332B62002003B0BDE8F2
:10F5B000F0830F4A01210F4811F094FF6FF00D0006
:10F5C000F4E70D4A01210B4811F08CFF6FF00D009C
:10F5D000ECE76FF00D00E9E76FF00D00E6E76FF084
:10F5E0000D00E3E76FF00D00E0E700BF95F30100C9
:10F5F00088BA03007C9F0300C0BA030008B5054821
:10F6000011F013FA044811F010FA044811F00DFA41
:10F6100008BD00BFE4BA03001CBB030050BB0300DD
:10F6200070B48DB006460D460DF1040C2B4C0FCC7A
:10F63000ACE80F000FCCACE80F0094E807008CE8B2
:10F640000700002E45D03046002D44D000230FE0A7
:10F6500015F8234005EB83014A78120442EA04625C
:10F660008C7842EA0422C9780A4340F82320013307
:10F67000032BEDD906E0191F50F821104A4040F83D
:10F68000232001332B2B20D85A1E50F8222013F0B0
:10F69000030FF0D14FEA3262110E114C655CC2F3D8
:10F6A0000741615C090441EA0561C2F30725655D14
:10F6B00041EA0521D2B2A25C114323F003023032A9
:10F6C0006A4452F82C2C4A40D5E701200DB070BC9A
:10F6D00070470020FAE70020F8E700BF48A10300C8
:10F6E000E4BB030000284ED070B584B01546064632
:10F6F00000294AD0002A4AD010230A4619466846F3
:10F7000012F006F92946684612F01CF9002414E0AC
:10F710001DF803101F48415C0DF8031001330F2B37
:10F72000F6D9684612F04FF9684612F0C6F901346E
:10F7300005EB0411684612F005F9082C01D80023E6
:10F74000EDE7002306E01DF8032012498A5C0DF85E
:10F75000032001330F2BF6D9684612F034F9611CEF
:10F7600005EB0111684612F0EDF810236A461946C0
:10F77000304612F0CDF810220021684612F0D5F87C
:10F78000012004B070BD002070470020F9E7002080
:10F79000F7E700BFE4BB03002DE9F04F87B000AFEF
:10F7A0008146D0F800E0D0F804C085686E468AB083
:10F7B0006B4613F1100200F0878014218AB10846CD
:10F7C000042903DDDFF83C82C3F81480082801DD3A
:10F7D000C3F818E00C2801DDC3F81CC0102800DDB8
:10F7E0001D62132973DD14253AB1052139750021F5
:10F7F0007975B975F9757869186100216FF30001A1
:10F800006FF341016FF382016FF3C501012363F3CD
:10F810008811C5F30A0565F353216FF31F510023C7
:10F820007348FFF73DFAB546D9F80CE0D9F810C097
:10F83000D9F814506E468AB06B4613F1100249D0C5
:10F8400014218AB10846042903DDDFF8BC81C3F81E
:10F850001480082801DDC3F818E00C2801DDC3F886
:10F860001CC0102800DD1D62132936DD14253AB1B5
:10F870000521397500217975B975F97578691861AF
:10F8800000216FF300016FF341016FF382016FF309
:10F89000C5014FF0010868F38811C5F30A0565F347
:10F8A00053216FF31F51524D00232846FFF7F8F9FB
:10F8B000B546D9F81C304F4A4146284611F01CFE87
:10F8C0004FF0000B5D4633E06FF0004176E76FF0DC
:10F8D0001B0589E76FF00041B3E76FF01B05C6E732
:10F8E0006FF0004046E027286BDD28213AB10A205E
:10F8F000387500207875B875F875786918616FF3F8
:10F9000000046FF341046FF382046FF3C504012315
:10F9100063F38814C1F30A0161F353246FF31F5496
:10F92000002321463248FFF7BBF9D7F80CD0043545
:10F930000F2D49D805F1080359F823A005F1010856
:10F9400005F1090359F82330BB6005F1020C05F1FC
:10F950000A0359F823307B6005F1030E05F10B0310
:10F9600059F823B0C7F80CD08EB06B4613F11002D3
:10F97000B6D02820002AB6D00146042801DD1E4E4C
:10F980005E61082900DD9D610C2901DDC3F81CA022
:10F99000102901DDC3F82080142901DDBE685E62F4
:10F9A000182901DDC3F828C01C2901DD7E68DE624C
:10F9B000202901DDC3F830E0242994DDC3F834B0F8
:10F9C00091E76FF01B0191E7D9F86030084C0B4AC2
:10F9D0000121204611F090FDD9F81830084A012184
:10F9E000204611F089FD1C37BD46BDE8F08F00BFF1
:10F9F0009CA0030044BD030054BD030098BD030058
:10FA0000A8BD0300E4BC030014BD030038B50446E0
:10FA10000D4611B10846FFF7BFFE012C04D0294660
:10FA200020460DF01BF838BDEFF30583103B034A69
:10FA30000121034811F060FDF1E700BFD8BD0300CC
:10FA40009CA0030030BFFFF7FDBF00BF38B50446E0
:10FA5000054D2A46054919F0D7FE054A00216019CF
:10FA600019F0FAFE38BD00BF0000000024A1030019
:10FA70000400000070B50646064D074B1D444C1BA4
:10FA80002046FFF7E3FF083CC6F8A84005F1080050
:10FA900070BD00BF0000000004000000074B9B6821
:10FAA00093F90E20002A08DB044A9269934204D09D
:10FAB000034A536843F0805353607047F445002075
:10FAC00000ED00E081690D4B5A6942F480725A6181
:10FAD000BFF34F8FBFF36F8F31F8021C5A6922F4C6
:10FAE00080725A61BFF34F8FBFF36F8F4DF6027371
:10FAF000994201D0002070470120704700ED00E0DE
:10FB00004FF0000C83F800C002F07F4CBCF17F4F37
:10FB100014D102F00C0CBCF1080F04D012F0080F45
:10FB200009D00846704708B5054A0121054811F07B
:10FB3000D9FC002008BD01221A70704700207047D0
:10FB4000ECBD03009CA0030008B52B4A01212B4803
:10FB500011F0C8FC2A4B9B6A13F0007F21D11D20B5
:10FB6000274B9B6A13F0807F22D1254B9B6A13F4AD
:10FB7000002F24D1224B9B6A13F4802F26D1204BD7
:10FB80009B6A13F4003F28D11D4B9B6A13F4803FFE
:10FB90002AD11B4A936A6FEA03436FEA13439362C5
:10FBA00008BD184A0121154811F09CFC1E20D7E71A
:10FBB000154A0121114811F095FC1F20D5E7134A81
:10FBC00001210E4811F08EFC2120D3E7104A0121BB
:10FBD0000A4811F087FC2220D1E70E4A012107488C
:10FBE00011F080FC2320CFE70B4A0121034811F0DC
:10FBF00079FC2420CDE700BF18BE03009CA00300C1
:10FC000000ED00E030BE030044BE030060BE030010
:10FC100080BE0300A8BE0300C4BE030008B50023D5
:10FC20000B70034A0121034811F05CFC08BD00BFC2
:10FC3000F0BE03009CA0030090B583B000AF0F2975
:10FC400023DC2F4C103900233B7102237B718AB0D7
:10FC5000EC461CF110021AD0122022B1042802DD59
:10FC6000284BCCF8143000233B7002237B70E2B1A8
:10FC70000346082801DDCCF818400C2B01DDCCF838
:10FC80001C100CF1200300210DE01F4CDAE76FF08F
:10FC90000040E2E701F1080404EB070E1EF808EC4F
:10FCA00003F801EB01310129F4D9112824DD1223D5
:10FCB0004AB10421397100217971B9710121F971B9
:10FCC0007868CCF8100000216FF300016FF3410158
:10FCD0006FF382016FF3C501012060F38811C3F354
:10FCE0000A0363F353216FF31F5100230748FEF704
:10FCF000D7FF0C37BD4690BD6FF01B03D8E700BFA0
:10FD000014BF030048BF03002CBF03009CA00300E6
:10FD1000F8B505460F461446374A0121374811F019
:10FD2000E1FB374B9B6A13F4805F25D11626344BD9
:10FD30009B6A13F4006F26D1314B9B6A13F4007F4A
:10FD400028D12F4B9B6A13F4806F3FD12C4B9B6AB9
:10FD500013F4807F41D12A4B9B6A13F4005F43D197
:10FD6000274A936A43F47F4393620121284611F0A6
:10FD7000DBFF20703046F8BD224A01211F4811F0F8
:10FD8000B1FB1726D3E7204A01211C4811F0AAFB3A
:10FD90001826D1E71D4A0121184811F0A3FB184A83
:10FDA000936B926A12F4004F01D11926C9E7184AE1
:10FDB0000121124811F0A0FB37B1114A936A23F4D4
:10FDC000004393621926BCE71926BAE7114A0121BC
:10FDD0000A4811F087FB1A26B8E70F4A01210748A5
:10FDE00011F080FB1B26BBE70C4A0121034811F0F0
:10FDF00079FB1C26B4E700BF5CBF03009CA0030096
:10FE000000ED00E074BF030088BF03009CBF030047
:10FE1000B8BF0300D0BF0300ECBF030004C0030061
:10FE20002DE9F04104460F461546464A0121464851
:10FE300011F058FB454B9B6A13F0100F3CD1102674
:10FE4000424B9B6A13F0080F3DD1404B9B6A13F065
:10FE5000020F3FD16FF015083C4B9B6A13F0010F66
:10FE600058D13A4B9B6A13F0200F5AD1374B9B6AFB
:10FE700013F0100F04D1354B9B6A13F0020F04D01E
:10FE8000324B5B6813F4006F52D1304B9B6A13F016
:10FE9000200F04D02D4A536A23F4005353622B4A97
:10FEA000936A43F0FF0393620121204611F03CFF67
:10FEB00028703046BDE8F081254A0121224811F022
:10FEC00011FB1126BCE7234A01211F4811F00AFB50
:10FED0001226BAE7204A01211B4811F003FB1B4BF5
:10FEE000D3F834809B6A13F0800F03D16FF01508AC
:10FEF0001326B1E74346194A0121134811F0FCFAD1
:10FF000037B1124A936A23F0800393621326A3E762
:10FF10001326A1E7124A01210B4811F0E3FA142637
:10FF20009FE7104A0121084811F0DCFA15269DE7E9
:10FF30002146404600F0F0FA0028A6D080F3098858
:10FF40000226A2E734C003009CA0030000ED00E0FD
:10FF50004CC0030088BF030080C0030098C00300AA
:10FF6000B0C0030004C0030070B506460D462B4A1E
:10FF700001212B4811F0B6FA00232B70294BDC6AC3
:10FF800014F002040AD1274BDB6A002B0DDB254B52
:10FF9000DC6A14F080440ED1204670BD224A012153
:10FFA0001F4811F09FFA0024F6E7204A01211C485F
:10FFB00011F098FAF0E71E4A0121194811F092FA5F
:10FFC0003046FFF77FFD98B9164B9B6A13F0FF0F81
:10FFD00016D1144B9C6A14F47F4418D1114B9B6AC0
:10FFE000B3F5803FD8D33046FFF7AEFD0446D3E7E4
:10FFF0003368104A01210A4811F07EFA3468CBE7D1
:020000040002F8
:100000002A4601213046FFF70BFF0446C4E72A4683
:1000100001213046FFF77CFE0446BDE7D0C0030057
:100020009CA0030000ED00E0E8C003000CC1030049
:100030001CC103003CC1030030B59DB01A4B5C6885
:10004000C4F30804002383F31188BFF36F8F0DF10D
:100050006E03FFF755FD05460DF16F02214611F0C5
:1000600065FE9DF86F300BB11DB030BD04466822AF
:10007000294601A819F0C8FB9DF86E304BB1089BCA
:10008000C3F308025AB96FEA53236FEA4323089374
:1000900005E0089B23F4FF7323F00103089301A9F3
:1000A0002046FFF7B3FCDFE700ED00E0024A5369AA
:1000B00043F010035361704700ED00E0EFF3088058
:1000C000EFF3098101B57246FFF7B6FF01BD00BF2E
:1000D000002013490870002080F31488BFF36F8F4D
:1000E0000BF0B2FD00200F490860BFF34F8F0E48A0
:1000F00080F3088800F042F8402080F311880B4814
:100100004FF40461401880F30988EFF31480022152
:10011000084380F31488BFF36F8F00F061F900008B
:100120005446002094ED00E0807600208068002096
:10013000BFF34F8F0549CA6802F4E062044B1343D2
:10014000CB60BFF34F8F00BFFDE700BF00ED00E0C5
:100150000400FA05084BD3F89000C0F307200023F1
:1001600006E0054AC2F898300021C2F8A010013319
:100170008342F6DB704700BF00ED00E010B572B6B9
:10018000002484F31388FFF7E5FF234608E003F11A
:1001900020010E4A4FF0FF3042F821000133DBB25C
:1001A000072BF4D9002308E003F16001074A4FF060
:1001B000FF3042F821000133DBB2072BF4D962B6DD
:1001C000BFF34F8FBFF36F8F10BD00BF00E100E0A2
:1001D00008B50A4B9B68834202D019F020F808BD8D
:1001E000EFF30583002BF8D0054B5A6842F080529C
:1001F0005A605A6A22F400425A62EEE7F44500203F
:1002000000ED00E00A4A9368C3F8AC006FF00A0101
:10021000C3F8B01007494B6843F080534B6000238C
:1002200083F31188BFF36F8F9368D3F8B0007047E2
:10023000F445002000ED00E010B50346134A916834
:1002400081F8F500EFF31181402181F31288BFF3AB
:100250006F8F906990600E4A4FF000615160D0F846
:10026000A8100C4A116023F0FF0390F8F52043EA30
:100270000204D0F8AC300022C0F8AC2083F311881F
:10028000BFF36F8F00F006FA204610BDF445002042
:1002900000ED00E0DC38002019498A6882F8F5E0BA
:1002A0004FF030001044EFF3098C80E8F01F1EF08F
:1002B000100F03D102F1B40080EC108A744670462E
:1002C000FFF7BAFFA6460E498A6886461EF0100F51
:1002D00003D00023E1EE103A03E002F1B40090EC09
:1002E000108AEFF3148323F0040383F31488BFF31D
:1002F0006F8F02F1300090E8F01F8CF3098870478F
:10030000F44500201EF0040F0CBFEFF30880EFF35C
:100310000980816911F8021C0229FFD001B511F092
:10032000F7FC01BD002807DB00F01F024009012394
:100330009340024A42F82030704700BF00E100E0DD
:1003400000280CDB00F01F024009012393402030FD
:10035000034A42F82030BFF34F8FBFF36F8F7047CF
:1003600000E100E0002808DB4901C9B200F160406B
:1003700000F5614080F80013704700F00F0049015C
:10038000C9B2014B1954704714ED00E04209054B06
:1003900053F8222000F01F00012303FA00F0104060
:1003A000704700BF00E100E00C4BD3F8882022F436
:1003B0007002C3F88820D3F8882042F4A002C3F862
:1003C000882003F500734FF040425A63BFF34F8F0C
:1003D000BFF36F8F0023E1EE103A704700ED00E0AD
:1003E00008B5094B23F07F03084A9360BFF34F8F92
:1003F000BFF36F8FFFF7D8FF0CF0DEFC0DF05EFD52
:1004000000F010F90CF038FD00C2000000ED00E033
:1004100010B4017B11F0020F09D0D0F898104031D0
:10042000C0F89810D0F89C104039C0F89C10A2F188
:100430002004154942F8081C21F0010142F8081C6B
:1004400042F8203C019B42F81C3C029B42F8183CBD
:10045000039B42F8143C4FF0807342F8043C04655F
:100460000023C0F8AC30C0F8F430FD2380F8F5303C
:10047000037B13F0020F03D04FF60853C0F8F4309B
:100480005DF8044B704700BF9DE40100037B13F04F
:10049000020F1ED190F8F53013F0100F19D01D4A3D
:1004A000536B23F080435363D0F8F43013F0080FFC
:1004B0002DD023F00803C0F8F430D0F89830403B3A
:1004C000C0F89830D0F89C304033C0F89C304020C1
:1004D0007047104A536B43F080435363D0F8F430B5
:1004E00013F0080F0DD143F00803C0F8F430D0F832
:1004F00098304033C0F89830D0F89C30403BC0F87A
:100500009C30037B43F0020303738020704740203C
:10051000704700BF00EF00E0164B9B68FBB1D3F8BB
:10052000F42012F0080F0FD0802210F1160F0DD01A
:1005300010B4D3F89840A21A824212D8844214D937
:100540008C4209D800200DE04022EEE7D3F8982035
:100550008A420CD800207047D3F8980002E00020AF
:10056000704700205DF8044B70470020FAE7D3F88D
:1005700098007047F4450020124B9B6883421BD1C2
:10058000EFF30583DBB9EFF31182402383F3128885
:10059000BFF36F8F037B23F002030373EFF3148326
:1005A00023F0040383F31488BFF36F8F82F3118861
:1005B000BFF36F8F002070476FF0150070476FF02A
:1005C00015007047F445002008B505460E46144650
:1005D00011F0EFFB0C4B9D60D5F8A8200B4B1A6077
:1005E000284600F057F8A446644686F309884FF081
:1005F0000000074B984720464FF000014FF00002E3
:100600004FF00003034C2047F4450020DC38002065
:10061000CF1D03009DE40100014B10221A617047B9
:1006200000ED00E0002206E003F00F030949194441
:1006300040230B760132262A0ADC53B2002BF3DB6F
:1006400003F1604303F56143402183F80013F1E7B0
:10065000704700BFFCEC00E008B5EFF30583103BEA
:10066000044A02EBC301496852F833008847FFF798
:1006700015FA08BDEC9D030008B5034B034A0121A0
:10068000034811F0CFFC08BD00000120000000204D
:1006900058C1030010B50446FFF7F8FE0346D4F82E
:1006A0009820121A044802604360044B83600121C1
:1006B00011F0BCFC10BD00BFE038002000000B159D
:1006C000084AC2F898000B6823F01F03034343F065
:1006D0001003C2F89C308B6843F00103C2F8A030CD
:1006E000704700BF00ED00E010B504460A4BD3F898
:1006F0009030C3F30723013B984203D8FFF7E0FF94
:10070000204610BD0346054A0121054810F0F4FEBD
:100710006FF01500F5E700BF00ED00E068C10300D1
:1007200084A003002DE9F04780460F469A461646FE
:10073000002409E02946F0B211F07DFB064610F1D5
:10074000160F1AD001360134BC4216DA04EB440508
:1007500008EB85056A68002AF5D0BAF1000FE9D0E8
:10076000284611F057FB0028E4D12346044A012112
:10077000044810F0C1FE6FF015063046BDE8F08762
:1007800090C1030084A0030010B5034C012322781C
:10079000FFF7C8FF207010BD4F46002008B50023AA
:1007A0000B4A1278FFF7BEFF10F1160F0FD002466A
:1007B00006E0084BC3F898200021C3F8A0100132CE
:1007C000044BD3F89030C3F307239342F1DC08BD08
:1007D0004F46002000ED00E0044B0522C3F89420B2
:1007E000BFF34F8FBFF36F8F704700BF00ED00E086
:1007F000BFF35F8F024B0022C3F89420704700BF05
:1008000000ED00E038B51C4B1D681C4BD3F8903050
:10081000C3F307239D422BD8FFF7EAFF002409E02A
:10082000154B5B6804EB440103EB81012046FFF7A5
:1008300047FF0134A542F3D81148057011F01AFBA7
:1008400010F1160F13D00E4B1A780C4BD3F89030D2
:10085000C3F307239A4207DA084BC3F89820002114
:10086000C3F8A0100132F0E7FFF7B6FF002038BD53
:100870004FF0FF30FBE700BFB4C1030000ED00E024
:100880004F46002030B587B00D4611460024009435
:100890000194029403940494059402228DF802209A
:1008A000044A0192049005951A4668460EF0CCF968
:1008B00007B030BD3520030008B5064921F0070117
:1008C000C1F1005202F5803203480FF09CFF002076
:1008D00008BD00BF8BBD0020EC3800200123044A76
:1008E000C2F840354FF08042C2F87835002070479A
:1008F00000E0014030B108B5034B800143F0010333
:10090000984708BD704700BFB0A3030010B5064C60
:1009100001E098470434054B9C4203D22368002B26
:10092000F7D1F7E7002010BD18A1030024A10300B0
:100930000146094B186808B1036804E0034602E069
:100940001A461846134630B142898A4203D0002B1A
:10095000F6D01A68F5E77047F83800200B4B1A6894
:100960000AB1136804E0134602E019461A460B4622
:1009700032B15189814203D0002BF6D01968F5E7D6
:100980000AB1D06870470020704700BFF8380020D7
:1009900000230360054B5B681BB11860034B586074
:1009A0007047024B58601860704700BFF83800204D
:1009B0002DE9F04182B004460E46904685682F1D11
:1009C0000221384617F00BFEF0B94FF00008022163
:1009D000384617F00EFE18EA000F29D06A682B6817
:1009E000DB68D21A083A6946304611F03FFB6B6863
:1009F0002A68D1685B1A13826946204611F077FB9A
:100A0000002002B0BDE8F08102220A49384617F002
:100A1000CAFD10B94FF00008D9E74146384617F033
:100A200097FD10B14FF00108D1E74FF00008CEE775
:100A30000720E6E7E8C103000AB90120704770B556
:100A400004460D461646A0F84810A0F84A20032296
:100A5000194917F0A8FD08B9002070BD02212046F1
:100A600017F0BDFD08B90020F7E70522134920461D
:100A700017F099FD08B90020EFE72946204617F046
:100A800072FD08B90020E8E702220D49204617F060
:100A90008AFD08B90020E0E73146204617F063FDE3
:100AA00008B90020D9E70221204617F0A2FD08B1BD
:100AB0000120D2E70020D0E734B90300ECC10300E5
:100AC000E8C103002DE9F04190B0836813F0030FF3
:100AD0001DD1074610F089FE00EB00231B0443EAFA
:100AE000002340EA0305D7F808800026B0452ADD38
:100AF000A8EB06043F2C00D9402423466A46314621
:100B0000384610F01BFE002803DB002314E011F030
:100B100097FA03460F4A01210F4810F0EDFC0B2015
:100B200014E0B3EBA20F0CDA10AA02EB830252F826
:100B3000402C954209D101332246002CF1DAE21C07
:100B4000EFE74036D2E7012000E0002010B0BDE81A
:100B5000F08100BFF4C1030064A0030010B584B0AD
:100B600011F09CFC041E2DDB03A9E0B2FEF7F6FB9E
:100B700000280CDB0398FFF7A5FF044680B101288D
:100B80001ED0039810F0D9FD204604B010BD00908F
:100B900023460D4A01210D4810F0B9FC0A24F3E761
:100BA00003988268002110F0FFFD04460028E8D079
:100BB0000346074A0121054810F09EFC0D24E0E79A
:100BC0000024DEE70E24DFE71CC2030064A003005C
:100BD00040C20300F0B585B00F4615461E4611F021
:100BE0005DFC041E23DB03A9E0B2FEF7B7FB68B986
:100BF00033462A463946039810F0A0FD0446039870
:100C000010F09BFD5CB9204605B0F0BD0090234676
:100C1000084A0121084810F07AFC0A24F3E7234629
:100C2000064A0121044810F067FC0B24EBE70E2470
:100C3000E9E700BF1CC2030064A0030060C2030018
:100C400070B50C4615461E4628B9094B1978094857
:100C500010F03EFE38B933462A462146054810F0CA
:100C600014FE10B970BD0A20FCE70C20FAE700BFA3
:100C7000283B00200039002000230B604B608B6074
:100C8000CB600B614B614368B3F1FF3F00F08280A2
:100C900070B586B005460C46002B66D103691F2B44
:100CA00057D98368B3F1FF3F55D00B6000234B60E9
:100CB000C66832683B4B9A424FD18269202A4ED88F
:100CC00042B1394B1B68B3F1FF3F03D0364B1B7B5E
:100CD0009A4221D0286811F0EAFBE060002840DB4E
:100CE00003A9C0B2FEF73AFBE8B9AA680398836883
:100CF0009A4221D810F021FD2B7F002B44D004A86C
:100D000011F0F8FC78BB06F1140104A811F0E3FB24
:100D1000002839DB1B2040E04169244818F0A4FD7D
:100D20000028D7D139E0E3680090214A0121214809
:100D300010F0EDFB0A2030E010F0FFFCAB68039AE6
:100D4000926800921C4A01211A4810F0E0FB1E2014
:100D500023E0162021E015201FE017201DE01820B9
:100D60001BE0092019E01A2017E00F4B1A68CA602F
:100D7000996821600022626042685B689A420BD1E8
:100D800003691A4491420AD32B69A3600123237497
:100D9000002002E014207047002006B070BD1F2024
:100DA000FBE700BF3DB8F396283B0020353B002011
:100DB0001CC2030064A0030084C2030070B584B0A9
:100DC0000D4611F06BFB041E18DB03A9E0B2FEF721
:100DD000C5FA064648B9039810F007FD2870039835
:100DE00010F0ABFC304604B070BD00902346044ABE
:100DF0000121044810F08BFB0A26F3E70E26F1E7E9
:100E00001CC2030064A00300F0B595B005460C4673
:100E1000174604AA02922023039313AB6946204687
:100E200000F0B6FA10B1012015B0F0BD06460F2152
:100E3000284617F0D4FB10B906F00100F4E70422AD
:100E40004449284617F0AFFB0028F5D004F0010113
:100E5000284617F088FB0028EED007223E49284696
:100E600017F0A1FB0028E7D00CA9684600F00CFAA7
:100E7000002869DB00238DF8483019220CA9284688
:100E800017F09BFB0028D7D004223449284617F0DE
:100E90008AFB0028D0D002A9284617F07AFB002848
:100EA000CAD008222E49284617F07DFB0028C3D05F
:100EB000139B13F0100F0CBF01210021284617F0DF
:100EC000AAFB0028B8D007222649284617F06BFB5A
:100ED0000028B1D0C7F34001284617F09CFB00283A
:100EE000AAD009222049284617F05DFB0028A3D08C
:100EF000C7F38001284617F08EFB00289CD00622FD
:100F00001A49284617F04FFB002895D007F0010139
:100F1000284617F080FB00288ED009221449284665
:100F200017F041FB002887D0C7F3C001284617F00F
:100F300072FB002880D00F21284617F05AFB0028AA
:100F40003FF47AAF012677E705220A49284617F0D1
:100F50002AFB97E7A8C20300B0C2030058DA0300D7
:100F6000C0C20300CCC20300D4C20300E0C203002D
:100F7000E8C20300B8C203002DE9F04383B000AF1C
:100F800006468846154611F089FA391DC0B2FEF7AB
:100F9000E5F9002864D12A46B04514BF002101219B
:100FA000786815F0B3FF044600284FD0E9468AB0B0
:100FB0006B4613F1100240D018209AB10146042864
:100FC00003DDDFF8A4C0C3F814C0082900DD9C616C
:100FD0000C2900DDDE61102901DDC3F82080142911
:100FE00000DD5D6217282BDD18253AB10621397026
:100FF00000217970B970F9703868186100216FF3B9
:1010000000016FF341016FF382016FF3C50101230A
:1010100063F38811C5F30A0363F353216FF31F5180
:1010200000231048FDF73CFECD46012C0DD0042CCA
:1010300014D0032C07D0012408E06FF00040BCE777
:101040006FF01B05D1E7172400E00C24786810F03E
:1010500074FB20460C37BD46BDE8F0831D24F5E740
:101060000A24F6E764A00300F4C203002DE9F0436C
:1010700083B08568043506224149284617F093FA63
:1010800090B9002411F002FB002604B1AEB12CB1DE
:101090000221284617F0A8FA00285DD111F0F7FACE
:1010A000072003B0BDE8F0830221284617F092FA2A
:1010B00008B10124E6E70024E4E700238DF80730B7
:1010C0000DF10701304611F026FA0746304611F0BF
:1010D000DFFA044680F001089DF80730022B0AD0A1
:1010E0004FF00509A74209D0A3B1022B14D0012B60
:1010F00014D0002703E04FF00109F3E7002744452F
:1011000018DA4A4621462846FFF77EFE40B90024F9
:101110000136BAE70A27F2E70427F0E70227EEE7ED
:101120003A4641462846FFF76FFE08B10124EFE733
:101130000024EDE73A4641462846FFF765FE08B928
:101140000024E5E74A4621462846FFF75DFE08B140
:101150000124DDE70024DBE70B220A49284617F0CB
:1011600022FA20B10021284617F0F2F918B911F03F
:101170008EFA072095E711F08AFA002091E700BF68
:1011800048C3030050C30300F0B597B005460023E1
:101190008DF85730149312AA12931393364908917D
:1011A0000421099135490A910B928DF83030344A67
:1011B0000D9207220E92334A0F920DF157021092B0
:1011C0008DF844308068071D686814AB022208A9B6
:1011D000043011F0DDF8041E0CBF0126002646D1B4
:1011E00011F054FA139AEAB99DF857309BB111F0F7
:1011F00051FA11F04DFA9DF8571011F0DAF958BB79
:101200002846FFF733FF054668BB11F040FA86B366
:10121000204617B0F0BD182201213846FFF70CFC1C
:101220000646F2E7202A06D0182201213846FFF7A9
:1012300003FC0646E9E71299684618F0E5FA002132
:10124000684611F039FA0028D5DA0822012138461B
:10125000FFF7F2FB0646D8E782B201213846FFF7D6
:10126000EBFB0646D1E711F012FA2C46D0E7032437
:10127000CEE70724CCE700BF58DA0300E58003007F
:101280005CC303008981030070B582B004460E463A
:10129000437842880192009303780F4A192130461F
:1012A0000DF00AFC051E0EDB63680BB900200BE095
:1012B0000A4AC5F1190170190DF0FEFB002803DA86
:1012C0004FF0FF3003E00020002D02DB284402B085
:1012D00070BD4FF0FF30FAE764C3030070C3030032
:1012E000042810D91C281CD8092814D301238340B2
:1012F0000D4A134211D10D4A1A4082B913F4004F1E
:1013000007D101207047032801D201207047052032
:101310007047022070470120704703207047062065
:1013200070470120704700BF00407803000200189A
:1013300010B5054C30220021204618F08DFA4FF0F0
:10134000FF33236010BD00BF283B002008B50248D2
:10135000FFF71EFB08BD00BF7406002010B58468AF
:10136000043403220849204617F01DF908B9072064
:1013700010BD064B5968204617F000F908B100204F
:10138000F6E70720F4E700BF74C30300283B002002
:10139000F0B58DB004460E4615461F460DF103010B
:1013A000FFF70CFD002840F08180202304AA0021D3
:1013B0002046FFF70FFC0246002878D12EB1082204
:1013C0009DF80310304618F047FA9DF8033003EB00
:1013D0000322120442EA03221343049A39498A423F
:1013E00003D09A4225D0172261E01EB109AB03CB8E
:1013F000306071600FB1089B3B60BDF81830079AF0
:101400001344029346F6081301AA02A9204611F0DC
:1014100022F910B9019B043B029346F6071301AA77
:1014200002A9204611F017F90746002842D10026EC
:101430000FE003223BE0BDF80E104FF6FF72914221
:1014400017D1052233E0BDF80E30029A134404335D
:10145000029302990A1D019B9A4224D8042303AAED
:101460002046FFF7B7FB024608BBBDF80C30FF2B48
:10147000E1D0102BE7D1BDF80E30202BE3D1DEB93F
:10148000029B191D029165B12433019A934215D82C
:1014900020232A462046FFF79DFB024638B9012645
:1014A000D7E70126D5E75EB13A4600E002221046B2
:1014B0000DB0F0BD0422FAE70622F8E70722F6E7AE
:1014C0000822F4E73DB8F39670B58AB085684468A1
:1014D000043411F0DFF811F0DBF880F00100079020
:1014E000002306931A4A019204220292194A039297
:1014F00007AA04928DF8143006AB012201A92046F8
:1015000010F046FF10BB0435064600231A4608A912
:101510000798FFF73DFF18B9079811F01DF848B973
:101520000798FFF71BFB0446FFF702FF44B930465C
:101530000AB070BD092201212846FFF77DFAF6E7BF
:10154000A2B201212846FFF777FAF0E70326EEE77B
:10155000A8C20300D18003002DE9F04FAFB00546CB
:1015600086684768043700242D940DF194082022E2
:101570002146404618F070F94FF0FF332693279329
:101580006D4B0093052301936C4B0293CDF80C80B7
:101590008DF810406A4B059304230693694A07921D
:1015A00028AB08938DF82440674B0A9303230B93D1
:1015B00066490C9127A80D908DF8384064480F902B
:1015C0001093119126A912918DF84C406149149104
:1015D000159316922AAB17938DF860405E4B1993C2
:1015E00007231A935D4B1B932CAB1C938DF874400F
:1015F0002DAB06226946384610F0CAFE041E0CBF09
:101600004FF001084FF0000840F0918004361EA909
:1016100025A8FFF731FB074600282BD19DF88890BD
:10162000B9F1000F35D04E4B219A1A601E9A9A607C
:10163000DDF898A0BAF1000F30D0299B002B53D0D1
:10164000474A51680B44926893423ED00023209A47
:1016500028995046FFF7F4FA0746002837D1404A48
:10166000536820990B445360926893423ED04FF0E8
:1016700000093BE003463B4A01213B480FF03CFF99
:10168000BAB201213046FFF7D7F980464FF0000982
:101690002CE02846FFF762FE04463BE000225A6039
:1016A000DDF8ACB083F80CB05A462A9903F10D006E
:1016B00018F0AAF80BF10800294B1844CBF12002CE
:1016C0000021053018F0C8F8B7E74B46BFE70346DE
:1016D000264A012124480FF00FFFBAB201213046FB
:1016E000FFF7AAF9804601E04FF000091C4B59684A
:1016F0009B683A46994214BF002101212698B0FA0E
:1017000080F0400910F0C8FF47B1FFF711FEB8F1B3
:10171000000F0ED020462FB0BDE8F08F2846FFF70F
:101720001DFEB9F1000FF2D0FFF702FEEFE7032430
:10173000F0E70724EEE700BF78C30300D180030081
:10174000A8E30300E580030080C30300DB800300FF
:1017500074C3030084C3030088C3030089810300AA
:10176000283B002090C3030064A00300B0C3030023
:1017700008B50248FFF70CF908BD00BF8406002039
:1017800030B589B08468406806AA002306930793A1
:1017900025490091052101912449029103928DF878
:1017A000103005AB01226946043010F0F1FD88BB12
:1017B00004340546059B7BB90A221D49204616F0D4
:1017C000F2FE08B9072526E007221A49204616F03E
:1017D000EAFE00BB07251EE0134A0121684610F00F
:1017E00036FED8B1079A042A1AD10699124818F081
:1017F0003BF80546B0B904220F49204616F0D3FE47
:1018000008B9072507E00321204616F0A1FE10B90C
:10181000072500E00325284609B030BD0325FAE777
:101820000325F8E70325F6E71CC40300EF80030057
:1018300024C4030030C4030038C4030010B5846816
:10184000043408220F49204616F0ADFE08B90720DF
:1018500010BD40F6AB11204616F085FE08B90720F2
:10186000F6E709220849204616F09DFE08B9072030
:10187000EEE70421204616F076FE08B10020E7E7E7
:101880000720E5E740C403004CC4030008B54FF44B
:101890000052002302480BF04FFE002008BD00BF9D
:1018A000C802002030B589B04568846806A90023C5
:1018B00006930793114A0092012201921048029068
:1018C00003918DF8103005AB6946281D10F060FDBE
:1018D00080B90434054601220A49204616F063FE09
:1018E00008B9072507E006A9204616F057FE10B9EB
:1018F000072500E00325284609B030BD70BA030073
:10190000EF800300C0CC030010B582B0074C204626
:1019100017F00BFA064B009303234FF404620549BA
:101920002046FAF709FE002002B010BDC01E0020BC
:10193000D8C40300004B002008B500220023024851
:1019400013F0B6FE08BD00BF940A0020836A6BB195
:1019500010B5044610F02EFF0649204617F046F950
:1019600004F1100017F00EF8002010BD6FF0150004
:10197000704700BF4D27030010B50446103013F028
:10198000D4FE2146014817F09BF910BDC01E00206F
:10199000836B002B3BD0F0B587B004460F4617F0A1
:1019A0006CF910F0050F03D1684616F0EBFF07E065
:1019B000204617F0ABF9F7E73146684613F0B5FE5D
:1019C00004F1100500220023284613F077FE064696
:1019D00068B1A36B3946304698470028ECD12146C0
:1019E000304610F0DBFEEBE7284613F09EFE0022A7
:1019F0000023684613F062FE01460028F4D12369F3
:101A00001BB12146024817F05BF907B0F0BD7047E3
:101A1000C01E002000230BB10020704703EB03120F
:101A2000054951F83220824201D00133F3E703EB3C
:101A3000031301EBC3007047D81F0020F0B583B03B
:101A400000AF0546FFF7E6FF044629462948FFF7A1
:101A50009FFFA4B1002584F86950204640F8085B38
:101A600017F0BAF904F1380017F0B6F984F86850A5
:101A700004F16C000BF09AFB0C37BD46F0BD6E46CE
:101A800088B06B4613F110022DD00C213AB10846F4
:101A9000042901DD184C5C61082800DD9D610B29DB
:101AA00024DD0C243AB10321397100217971B97117
:101AB000F9717868186100216FF300016FF341013B
:101AC0006FF382016FF3C501012363F38811C4F33F
:101AD0000A0363F353216FF31F5100230748FDF7F7
:101AE000DFF8B546C8E76FF00041CFE76FF01B04A1
:101AF000D8E700BF583B0020E0C4030074A00300F7
:101B000070B500240CB1002070BD04EB0413214A11
:101B100052F833300BB10134F4E704EB041342F80C
:101B20003300002502E0234693B101251DBB1A486E
:101B3000027804EB0411174B03EBC10383F869200F
:101B4000531CDBB20370002BEDD1931C0370EAE74A
:101B50009C420ED003EB03110E4850F8311041B1F6
:101B600003EB03100B4901EBC00191F869108A42A5
:101B7000DCD00133D8E7260104EB0410C000683044
:101B8000044D284404300BF061FB264405EBC600ED
:101B9000BAE700BFD81F00205046002010B50C4601
:101BA000084810F00CFE002800DB04B110BD054C05
:101BB000204610F073FE002303600371204610F0EE
:101BC0005FFEF3E7583B002030B583B00446FFF7D3
:101BD00021FF60B1054690F8683013F0010F08D07E
:101BE0004FF42032002305F108000BF0ADFC03B0E8
:101BF00030BD084A6B4692E8030083E803001946AB
:101C0000204610F086FE95F8683043F0010385F811
:101C10006830E5E774A103002DE9F04782B000AF1A
:101C2000804615461C46FFF7F5FED0B18146DFF829
:101C3000F8A0504610F0C3FD0646224629465046FD
:101C400010F0C5FD054610F10C0F66D0002845DBED
:101C5000002E50DB002D5BD020460837BD46BDE886
:101C6000F0876D4688B06B4613F1100230D00C211E
:101C700042B10846042901DD294C5C61082801DDD8
:101C8000C3F818800B2926DD0C243AB103213971E1
:101C900000217971B971F9717868186100216FF3C9
:101CA00000016FF341016FF382016FF3C50101235E
:101CB00063F38811C4F30A0363F353216FF31F51D5
:101CC00000231848FCF7ECFFAD466FF01000C4E7A6
:101CD0006FF00041CCE76FF01B04D6E7504610F0E0
:101CE000DDFD10B10022026002710F4810F0C8FD46
:101CF0006FF01200B1E70C4810F0D0FD06464046E8
:101D0000FFF762FFC6F8008099F869303371A1E7E8
:101D10000021054810F09CFD9EE76FF010009CE745
:101D2000E0C4030074A00300583B002000B585B058
:101D3000024690F8303013F0010F0CD009496B4681
:101D400003C983E80300194652F8380C10F0E1FD8E
:101D500005B05DF804FB02AB034903C983E8030047
:101D60001946F1E774A103007CA1030010B582B00D
:101D700004466B46084A92E8030083E803001946CC
:101D800054F8080C10F0C5FD94F8603023F00103FE
:101D900084F8603002B010BD7CA103002DE9F04F43
:101DA00093B0044600230C930D930E930F9310935E
:101DB0001193424B0D93C3680E93414B109310F057
:101DC00071FD002868D0804603A903F0A7FE0546F0
:101DD0000190002862D19DF82C30022B0BD00525F4
:101DE00004F1180010F060FD204610F0BFFC2846FA
:101DF00013B0BDE8F08F204610F0A7FD074600287D
:101E00004ED04046FFF706FE814600284AD090F8A3
:101E10006930002B48D0227F934201D00525DFE7AF
:101E200000F16C0B58460BF011FA4FF0000A5646C1
:101E300018E0ADF83C700CA9404606F0C7FB05461B
:101E400010F10C0F1DD0B8BB3E44B6B2E36833446A
:101E50000E934FF0FF324FF0FF3358460BF0CEF9A0
:101E60004FF0010A238AB342BAD999F86920EAB13E
:101E7000217F8A421CD1F2199A42DADD9B1B9FB264
:101E8000D7E7BAF1000F03D1132F13D9C7F34F07C8
:101E90000BF086FE019DE5E70525A1E705259FE7F7
:101EA00001259DE705259BE7052599E7052597E78A
:101EB000052595E7022593E7012591E7C80600204F
:101EC000F728030070B5002404B170BD250104EBB0
:101ED0000413D8000830074E0749304416F02CFF91
:101EE0002B19D80038300549304416F025FF01344D
:101EF000EAE700BFD81F00206D1D02002D1D020063
:101F000008B5024806F0A4F808BD00BF94060020FA
:101F100010B5174B01221A70FFF7D4FF0024C4B18B
:101F20001448154B8362154BC362154B0363154B65
:101F30004363154B8363FFF709FD034618B9FFF7A9
:101F4000DFFF034620B1114A012111480FF0D4FAF6
:101F500010BD04EB0410C00068300E4B1844043070
:101F60000122002116F037FD0134E4B2D7E700BFAB
:101F700050460020583B00209D1D02004B290300C5
:101F8000B5280300A9280300C328030004C50300E3
:101F900074A00300D81F002008B5044816F054FBB5
:101FA00008B1002008BD6FF01200FBE7749D03002C
:101FB000F0B58BB004460D4616460378032B38D88F
:101FC000DFE803F002212B311D4B93E8030007905B
:101FD000ADF82010090C8DF8221063792279E17890
:101FE000A07867780DF11C0CCDF814C0049703900D
:101FF000029101920093A379124A314628460CF0CF
:102000005BFD0BB0F0BD104B93E803000790ADF8FB
:102010002010090C8DF82210DFE70C4A07AB07CA25
:1020200003C31A80D9E70A4A07AB07CA03C31A8059
:10203000D3E7084A0A2107A80CF03EFDCDE700BF10
:102040005CAA03006CAA030064AA030090AA030020
:102050009CAA030010D80300402928BF4021002378
:102060008B421CD230B410F803C04FEA1C1C5A003B
:102070000D4D15F80CC00D4C04F813C010F803C03A
:102080000CF00F0C013215F80C50A55401338B42A3
:10209000E9D30648002200F8132030BC70470348FB
:1020A000002200F8132070478CC50300BC3B0020C1
:1020B00010B5034C1E222146FFF77AFF204610BDC3
:1020C0009C3B002070B584B002AE002402940394BF
:1020D000084B0293084D284616F027FE00960A2367
:1020E0004FF4A86205492846FAF726FA204604B0BC
:1020F00070BD00BFA0C503006020002080530020F9
:1021000008B50146014816F032FE08BD60200020E7
:1021100008B50146014816F043FE08BD60200020C6
:1021200010B586468C460378012B18D0022B32D08E
:1021300003B110BD224C0FCCCCF80000CCF8041039
:10214000CCF80820CCF80C3023788CF81030BEF88E
:1021500002308CF80D301B0A8CF80E30E9E7184C71
:102160000FCCCCF80000CCF80410CCF80820CCF848
:102170000C3023788CF81030DEF804308CF80D30F9
:10218000C3F307228CF80E201A0C8CF80F201B0EBC
:102190008CF81030CDE70068DEF80410DEF8082077
:1021A000DEF80C30CCF80000CCF80410CCF8082095
:1021B000CCF80C309EF810308CF81030B9E700BF26
:1021C000ACC5030038B50446054813F071FA05465E
:1021D00020B101210C3013F0F0FA2C76284638BDDE
:1021E000680A002010B513280ED091B10B4813F0E7
:1021F0005FFA044634B1012104F10C0013F0DDFA5A
:1022000001232376204610BD054813F051FA0446F9
:10221000F0E70120FFF7D6FF0446F3E7E4090020CA
:10222000C00A002000238BB170470C4A32F81320FB
:1022300032B940F47042094C24F81320084AD154B2
:102240000133002BF1D05DF8044B7047034A32F89C
:1022500013200AB10133E6E710B4EAE7443C00205A
:10226000403C002040F4704000230BB10020704738
:10227000064A32F81320824201D00133F5E7034ABF
:10228000002122F81310024AD05C7047443C002021
:10229000403C0020C2685178084B83F87010518888
:1022A000A3F87210117983F87110B2F80710A3F82F
:1022B0007410B2F80520A3F876207047F8020020C9
:1022C000C268034BD2F80100D2F8051003C370476F
:1022D000D003002030B5C46804F1010C094D41342D
:1022E000AE46DCF80000DCF80410DCF80820DCF86E
:1022F0000C30AEE80F000CF1100C7546A445EFD180
:1023000030BD00BF78030020C268034BD2F8010043
:10231000D2F8051003C370477003002008B5C068E9
:10232000013010F0B2FB024BC3E9380108BD00BF19
:10233000F8020020032801D902487047024B53F8E5
:1023400020007047F8C50300C0CE0300022807D163
:10235000052901D903487047034B53F82100704702
:1023600000487047F8C50300A8CE0300032801D930
:1023700002487047024B53F820007047F8C503002D
:1023800098CE0300C3681B788BB9094BBFF35B8FF2
:102390001A68BFF35B8F02F00902BFF35B8F53E84B
:1023A000001F43E800200028F9D1BFF35B8F70477E
:1023B000CC03002008B5C368B3F8012091B209B17D
:1023C000D97801B908BD0548A0F80421D9780A4692
:1023D00000F5847016F0FFFAF4E700BFF802002061
:1023E00008B5C268084BB3F8043103B108BDB2F8B0
:1023F00001300548A0F8043191880A4600F5847040
:1024000016F0E9FAF2E700BFF802002030B583B019
:10241000054608464FF0000C63451AD902EBCC0183
:1024200012F83C40AC4208D1038A4A78934207D361
:102430004B689847002003B030BD0CF1010CEBE76E
:102440000095054A012105480FF061F86FF015006D
:10245000F1E76FF05E00EEE700C60300CC9F0300DB
:1024600008B5C3681B78034A022103480FF044F8FB
:1024700008BD00BF24C60300CC9F0300012801D083
:102480000020704708B50622074B93F86F0003F051
:1024900015FB00B108BD05220449034B93F86F00FA
:1024A00003F00CFBF6E700BFF80200206CC5030048
:1024B00010B502F0BDFA1030BFF35B8F50E8003F5B
:1024C00023F0800340E80032002AF7D1BFF35B8F8E
:1024D00000210120FFF7D2FF044640B13C234372A4
:1024E000002102F0E9FF204611F01EF810BD034A5A
:1024F000012103480EF0F6FFF8E700BF4CC60300C9
:10250000CC9F030038B5C368B3F801501B7803B102
:1025100038BD0F21284603F015F9044648B10021C3
:1025200002F0CAFFA378012B0AD0204610F0FCFF6E
:10253000EEE72B46044A012104480EF0DDFFE7E7F1
:10254000204610F0F1FFE3E770C60300CC9F0300C4
:1025500010B5C368B3F801400121204603F0F2F83A
:1025600010B110F0E1FF10BD2346034A01210348DA
:102570000EF0C2FFF7E700BF98C60300CC9F030030
:102580002DE9F04383B000AFD0F80C9099F80040EB
:10259000A3000133018A8B4202D84FF0000899E072
:1025A0006E468AB06D4615F110023BD0142092B1F0
:1025B0008446042803DDDFF860E1C5F814E0BCF1CF
:1025C000080F00DDAC61BCF10C0F00DDEB61BCF16C
:1025D000100F00DD2962132827DD14233AB10521ED
:1025E000397100217971B971F97178682861002118
:1025F0006FF300016FF341016FF382016FF3C501C7
:10260000012060F38811C3F30A0363F353216FF3CE
:102610001F5100233D48FCF743FBB5460C37BD4630
:10262000BDE8F0836FF00040C1E76FF01B03D5E712
:10263000013BE36182F31188BFF36F8F204602F004
:1026400007FD0AF0B3FD24E0A16182F31188BFF316
:102650006F8F002B34D0EFF31181402282F3128868
:10266000BFF36F8FDA68E2610022DA601A60626A93
:10267000002A47D01360636281F31188BFF36F8F24
:1026800004F128000AF050FF204602F0E1FC0AF0B5
:102690008DFD2E46751EADB2BEB1EFF31182402303
:1026A00083F31288BFF36F8FE369002BC0D1636996
:1026B000002BCAD019686161A0698342C5D1C3E704
:1026C000134A012111480EF00DFF204610F02CFF97
:1026D00008F1010899F8003098459FDA09EB880362
:1026E000B3F80150B3F803600F21284603F02AF82D
:1026F00004460028CED12B46064A012103480EF09D
:10270000FBFEE5E763622362B6E700BFCC9F0300F0
:1027100004C70300E8C60300BCC6030000B9704745
:102720002DE9F04182B00E4615460746464B002281
:10273000BFF35B8F53E8004F43E800210029F9D134
:10274000BFF35B8FA046002C44D0204612F08CFFD4
:1027500000EB40003D4B03EB80035B88BB4240D164
:10276000AC420ED0204612F09EFF0121217604F1EA
:102770000C07384613F021F82A8AE968384613F026
:1027800026F8204612F070FF00EB40002F4B03EBC1
:1027900080035B680BB1002E47D0204612F064FF27
:1027A00000EB4000294B03EB80039B68A3B320465A
:1027B00012F05AFF254D00EB400005F8206020463E
:1027C00012F052FF00EB400005EB8005A8680AF00C
:1027D000EDFC21E03B461E4A01211E480EF08CFE16
:1027E0001AE0204612F040FF00EB4000174B03EBCD
:1027F00080035B8800933B46174A012115480EF081
:1028000086FE114BBFF35B8F53E8008F43E8004215
:10281000002AF9D1BFF35B8FB8F1000F02D0404618
:1028200012F087FF02B0BDE8F081204612F01CFFD5
:1028300000EB4000054B03EB80035B681A7A596894
:10284000186810F0D2F9A8E738040020483C0020AE
:102850001CC70300CC9F030044C7030038B5C468FD
:10286000B4F801500121284602F06CFF98B10346EC
:102870002278BAB11A1DBFF35B8F52E8000F40F403
:10288000005042E800010029F7D1BFF35B8F1846E2
:1028900010F04AFE38BD2B46074A012107480EF0CA
:1028A0002BFEF7E7D4F80310D4F80720C0F8AD10DA
:1028B000C0F8B120DEE700BF98C60300CC9F03003C
:1028C00038B5044604210C3012F0ACFF457822469E
:1028D00001784088FFF722FF05B938BD01480AF0AA
:1028E00065FCFAE72004002038B5044603210C30CB
:1028F00012F098FF0578B0F80100E368197840F607
:102900003542904204D02246FFF708FF3DB938BD5A
:102910000B46054A022105480EF0EEFDF7E7044894
:102920000AF044FCF3E700BF78C70300CC9F030024
:102930002004002008B501210C3012F073FF037849
:10294000024A012102480EF0D7FD08BDB0C70300BE
:10295000CC9F03002DE9F04182B000AF05460C4644
:10296000FFF754FD10F15F0F03D00837BD46BDE8F7
:10297000F081B4F810804146E068FFF76DFB6E46C9
:1029800002233B7104237B718AB06C4614F1100260
:102990001CD04FF0160C62B16346BCF1040F01DD90
:1029A00025496161082B00DDA5610C2B01DDC4F810
:1029B0001C8002233B7004237B70A2B1BCF1100F7A
:1029C00000DD206204F1240300210AE06FF0004CD6
:1029D000E1E701F10800384410F8080C03F8010B96
:1029E00001310129F5D9BCF1150F22DD162342B1C1
:1029F0000521397100217971B9710121F971786866
:102A0000206100216FF300016FF341016FF3820138
:102A10006FF3C501022060F38811C3F30A0363F367
:102A200053216FF31F5100230448FCF739F9B546D1
:102A30009BE76FF01B03DAE7D4C70300CC9F0300CA
:102A400038B50446038A012B14D902210C3012F048
:102A5000E9FE0546007810F033F810F0020F12D0AE
:102A60000423114A21462878FFF774FF204612F00C
:102A700060FE38BD0D4A01210D480EF03DFD204697
:102A800012F057FEF5E740F6FB230A4A0A490B48C5
:102A90000DF0D9FF002383F31188BFF36F8F032359
:102AA000184602DFDCE700BFF8CE0300F8C70300DA
:102AB000CC9F030014C8030048C8030078C8030073
:102AC00010B5044601210C3012F0ACFE0723034A76
:102AD00021460078FFF73EFF10BD00BF18CF03006E
:102AE000B0B582B000AF0C46FFF790FC10F15F0F5D
:102AF00002D00837BD46B0BD218AE068FFF7ACFAC6
:102B00006D4600233B7102237B7188B06C4614F143
:102B1000100214D04FF00E0C22B1BCF1040F01DDF5
:102B2000224B636100233B7002237B70A2B1BCF196
:102B3000080F00DDA06104F11C0300210AE06FF022
:102B4000004CE9E701F10800384410F8080C03F8DC
:102B5000010B01310129F5D9BCF10D0F22DD0E2346
:102B600042B10321397100217971B9710121F971E3
:102B70007868206100216FF300016FF341016FF36A
:102B800082016FF3C501022060F38811C3F30A03C9
:102B900063F353216FF31F5100230548FCF780F8BE
:102BA000AD46A6E76FF01B03DAE700BF98C8030045
:102BB000CC9F030010B5044601210C3012F032FE08
:102BC0000023034A21460078FFF78AFF10BD00BFAB
:102BD00050CF030008B50146074812F073FD0749BE
:102BE000074816F06DF8031E00DB08BD054A0121F9
:102BF00005480EF081FCF8E73C0400204C0700205B
:102C000070220020BCC80300CC9F030070B582B0C6
:102C10000446038A032B18D904210C3012F002FE5B
:102C200042880088060BC0F30B006083FF236376A5
:102C3000238A934213D00092164A012116480EF0BF
:102C400066FC204612F075FD07E0144A0121124887
:102C50000EF052FC204612F06CFD02B070BD0F2148
:102C600002F070FD054658B102F08CFD60763246E8
:102C70002146284610F025FC284610F055FCECE7CC
:102C8000638B074A012104480EF036FC204612F0FF
:102C900050FDE2E700C90300CC9F0300DCC803003D
:102CA00024C9030010B5144812F021FD88B1044670
:102CB000037E012B0ED0032B0FD1FFF7A7FF0F4B85
:102CC000D3F844312BB10E490E4815F0F9FF031E1D
:102CD0000CDB10BDFFF7B4FEF1E70B4A01210B48F6
:102CE0000EF00AFC204612F024FDE8E7084A012114
:102CF00006480EF001FCECE73C040020F80200203E
:102D00004C0700207022002048C90300CC9F03001C
:102D1000BCC803002DE9F84FC5682E880121304654
:102D200002F010FDA8B30446B5F802801FFA88F33C
:102D3000EE881FFA86FAAF881FFA87F92D891FFAE5
:102D400085FBA3F11B0292B2E02A29D8AAF11B034A
:102D50009BB2E02B2AD8A9F5A4739BB244F2481287
:102D600093422AD8ABF5A4739BB244F24812934223
:102D70002AD8A4F8BC80A4F8BE70A4F8C060A4F857
:102D8000C250204602F088FD204610F0CDFBBDE881
:102D9000F88F3346104A012110480EF0ADFBF6E7DC
:102DA0000F4A02210D480EF0A7FBCFE753460D4A0C
:102DB00002210A480EF0A0FBCDE74B460A4A022149
:102DC00006480EF099FBCDE75B46084A022103480E
:102DD0000EF092FBCDE700BF98C60300CC9F030026
:102DE0005CC9030088C90300B4C90300DCC903003F
:102DF00070B582B0C568B5F801600121304602F0B7
:102E0000A1FC38B304462B781A2B2AD02B78002B40
:102E100045D1B5F80330A4F89E30B5F80530A4F8D4
:102E2000A430B5F80730A4F8A630231DBFF35B8F9C
:102E300053E8001F21F4807143E80012002AF7D103
:102E4000BFF35B8F204602F0D7FC204610F06CFBEE
:102E500002B070BD3346244A012124480EF04CFBD9
:102E6000F6E7C378012BD1D10A2104300FF0E2FE3E
:102E70000028CBD1B4F8A030ADF80030B4F8A230BF
:102E8000ADF80230B4F8A830ADF80430B4F8AA3088
:102E9000ADF806306946204610F027FDD5E7261D1F
:102EA000082130460FF022FE10B12B78202B0CD0D9
:102EB000BFF35B8F56E8003F23F4807346E800328F
:102EC000002AF7D1BFF35B8FBCE794F8AC30002B3E
:102ED000EED0013B84F8AC304FF42032002304F1F3
:102EE00058000AF029FBADE798C60300CC9F030009
:102EF00010B50C460A604B609DF808300B7212F05A
:102F0000B3FB00EB4000024B03EB80035C6010BDA1
:102F1000483C00202DE9F843064688464FF0FF3232
:102F20004FF0FF33194812F0C3FB044658B300F1C9
:102F30000C070121384612F040FC4FF0000984F8DC
:102F40001890204612F090FB114D00EB400005EB6D
:102F500080004680204612F087FB00EB400005EB26
:102F60008003C3F80890204612F07EFB00EB40007F
:102F700005EB8005C5F804900321384612F021FCCA
:102F8000068080F802802046BDE8F8833C0A0020D5
:102F9000483C0020F0B589B0074615460C4661B3A1
:102FA00002AE01220021304615F015FD204612F038
:102FB0005BFB00EB4000334B03EB80039E6020463D
:102FC00012F0D1FB0146304812F0AFFB4FF4A022C3
:102FD000002330460AF012F90646B0B9204612F036
:102FE00043FB00EB4000274B13F8206016BB002D7D
:102FF00040D02C60002009B0F0BDFFF78BFF0446E5
:103000000028CDD16FF06800F5E740F24D131F4A5C
:103010001F4920480DF017FD324639461E480DF075
:1030200012FD002383F31188BFF36F8F032318462B
:1030300002DFD3E700963B46184A022118480EF0FB
:1030400066FA204612F075FB093E092E0FD8DFE81C
:1030500006F0050E0E0B160E0E0E0E086FF06E002B
:10306000C9E76FF01500C6E76FF00C00C3E76FF01B
:103070000400C0E7204612F05CFB0020BBE76FF0C5
:103080000B00B8E7483C00204404002014C80300AB
:1030900004CA030078C8030010CA03003CCA030036
:1030A000CC9F030010B582B0224BD3F864319B68EB
:1030B00013F0010F0DD101AA002140F60340FFF7E4
:1030C00069FF044668B90198FFF75CF9019812F0AE
:1030D00030FB01AA002141F20300FFF75BFF044629
:1030E00010B1204602B010BD0198FFF70DF901980C
:1030F00012F01FFB01AA002141F20100FFF74AFF75
:1031000004460028EDD10198FFF7C4F8019812F0A9
:1031100010FB01AA002141F20200FFF73BFF044629
:103120000028DED10198FFF7D5F8019812F001FBD5
:10313000D7E700BFF802002010B5082142F20100D5
:10314000FFF7E8FE30B3044608210C3012F039FBDB
:103150000246124B93F8D83013F0020F17D10F200C
:10316000002113F0200F01D040F040000B4B93F8EA
:10317000D93013F0090F01D040F400600FF074FC57
:103180000022214642F20100FFF704FF10BD2F206C
:103190000021E6E76FF06800F8E700BFF8020020C2
:1031A00010B582B0354B93F87C3013F0400F0AD045
:1031B00001AA002142F20300FFF7ECFE034650B1E2
:1031C000184602B010BD2E4A01212E480EF08AF991
:1031D0006FF01203F4E70198FFF772F8019812F00C
:1031E000A8FA01AA002142F20200FFF7D3FE03462B
:1031F0000028E5D10198FFF7DDF8019812F099FA5F
:103200001E4B1F22A3F8202193F87C3013F0200FCF
:1032100018D01A4B93F89C3013F0080F0ED001AA67
:10322000002142F21C00FFF7B5FE03460028C7D17B
:103230000198FFF773F8019812F07BFAFFF77CFF13
:103240000346BDE7022140F66D40FFF763FE0446EA
:1032500080B102210C3012F0B4FA01230370002275
:103260004270214640F66D40FFF794FE0346002869
:10327000CFD0A5E76FF06803A2E700BFF8020020F7
:1032800058CA0300CC9F030010B582B00B4BB3F8B3
:1032900004311BB10024204602B010BD01AA002158
:1032A00041F20500FFF776FE04460028F3D10198AD
:1032B000FFF796F8019812F03CFAECE7F8020020CC
:1032C00010B5082140F60140FFF724FE88B10446FE
:1032D00008210C3012F075FA024607484FF00051F1
:1032E0000FF0C2FB0022214640F60140FFF752FEDC
:1032F00010BD6FF06800FBE7108800022DE9F04177
:1033000084B000AF07F10C0200214FF60140FFF737
:1033100041FE60BBFB68DC68B4F801603046FFF733
:1033200009F86D4600233B7202237B728AB0EC469B
:103330001CF1100221D04FF0120E2AB1BEF1040F81
:1033400002DDAE4BCCF8143000233B7102237B71BD
:1033500002B37346BEF1080F01DDCCF818000C2B48
:1033600001DDCCF81C600CF12003002110E0A44A20
:103370000221A4480EF0B6F81BE16FF0004EDCE726
:1033800001F11000384410F80C0C03F8010B013166
:103390000129F5D9BEF1110F4FDD12234AB10421E5
:1033A000397200217972B9720121F972B868CCF8CA
:1033B000100000216FF300016FF341016FF38201F0
:1033C0006FF3C501032060F38811C3F30A0363F3AD
:1033D00053216FF31F5100238A48FBF761FCAD4670
:1033E000B4F803603146B4F80100FEF7AFFF6D4654
:1033F00000233B7202237B728AB0EC461CF1100260
:103400001ED04FF0120E2AB1BEF1040F02DD7E4B2A
:10341000CCF8143000233B7102237B71EAB1734670
:10342000BEF1080F01DDCCF818000C2B01DDCCF843
:103430001C600CF1200300210DE06FF01B03ADE7D1
:103440006FF0004EDFE701F11000384410F80C0C6B
:1034500003F8010B01310129F5D9BEF1110F5ADD35
:1034600012234AB10421397200217972B972012103
:10347000F972B868CCF8100000216FF300016FF307
:1034800041016FF382016FF3C501032060F38811DE
:10349000C3F30A0363F353216FF31F510023594809
:1034A000FBF7FEFBAD4666793046FEF75FFF94F80A
:1034B00006E0B4F80710D4F809806D4600233B728B
:1034C00002237B728CB06C4614F1100226D04FF0B0
:1034D0001E0C22B1BCF1040F01DD4C4B63610023D3
:1034E0003B7102237B7132B36346BCF1080F00DDF0
:1034F000A0610C2B00DDE661102B01DDC4F820E09B
:10350000142B00DD6162182B01DDC4F8288004F162
:103510002C0300210DE06FF01B03A2E76FF0004CBD
:10352000D7E701F11000384410F80C0C03F8010B38
:1035300001310129F5D9BCF11D0F3EDD1E2342B139
:103540000721397200217972B9720121F972B868C4
:10355000206100216FF300016FF341016FF38201DD
:103560006FF3C501032060F38811C3F30A0363F30B
:1035700053216FF31F5100232248FBF791FBAD4607
:10358000F86812F0D6F807F10C0200214FF602405D
:10359000FFF700FDA0B9F868C368B3F801301C4C10
:1035A000A4F8C13012F0C5F894F8C13013F0040F3C
:1035B0000CD11037BD46BDE8F0816FF01B03BEE7AC
:1035C000144A02210F480DF08DFFF2E707F10C02BB
:1035D00000214FF60340FFF7DDFC40B9F868C368EF
:1035E0005A780B4B83F8C02012F0A3F8E1E70A4A9F
:1035F000022104480DF076FFDBE700BFA0CA0300FC
:103600007CCA0300CC9F0300BCCA0300D4CA0300D9
:10361000F802002004CB030030CB030008B5FFF70D
:1036200041FD034608B1184608BDFFF7B9FD034642
:103630000028F8D1114B93F87C3013F0200F0ED0F6
:103640000E4BB3F8043183B1FFF73AFE034600286E
:10365000E9D1FFF753FE01F0A7F80346E3E7FFF7D0
:1036600013FE03460028EFD0DDE7054A0121054897
:103670000DF038FF6FF00403D5E700BFF80200201B
:103680005CCB0300CC9F030070B582B006460C46AD
:10369000124B93F99B30002B1DDAC4B12546082C40
:1036A00028BF082501AA002142F21800FFF772FC8A
:1036B000034668B9019BD9682A460131304616F0A5
:1036C000A3F8019812F035F82E44641BE5E70023B7
:1036D000184602B070BD6FF08503F9E7F8020020CC
:1036E000837A072B00D0704710B582B004460D21B5
:1036F00004300FF0FBF960B9E3782BB1164B93F867
:10370000D83013F0080F04D020460FF0ACFA03466F
:1037100058B9114B93F8D93013F0010F03D020465C
:103720000FF0CCF938B102B010BD0C4A01210C48A1
:103730000DF0E2FEEDE70021009102231A4620463B
:103740000FF0E1FA03460028EDD0064A01210448B3
:103750000DF0D2FEE7E700BFF802002080CB0300A7
:10376000CC9F0300A4CB03002DE9F04186B000AF4D
:103770000446B0F801603046FEF774FD237853B17B
:103780003C2B05D06C4A02216C480DF0B5FE32E0AE
:10379000FEF78EFE2FE08046E278012A2FD02246E7
:1037A00007F1080107F110000FF0D8F907F108013F
:1037B000E078FEF763FE0546E378012B23D0ADB336
:1037C000224607F1080128460FF09DF9EB78012BFE
:1037D00000F088800721284601F06EFEB8F1000F46
:1037E00040F0A28028460FF0F0FE2846FFF778FF51
:1037F00028460FF099FE1837BD46BDE8F081504BC2
:1038000093F86F30CBE701F013F900F11003BFF329
:103810005B8F53E8001F21F0800143E80012002A6B
:10382000F7D1BFF35B8F0FF0EBFCC8E7201DFEF76D
:103830003FFC6D4600233B7102237B7188B06C46D0
:1038400014F1100214D04FF00E0C22B1BCF1040F91
:1038500001DD3C4B636100233B7002237B70A2B10E
:10386000BCF1080F00DDA06104F11C0300210AE097
:103870006FF0004CE9E701F11800384410F8180C1B
:1038800003F8010B01310129F5D9BCF10D0F26DD3B
:103890000E2342B10321397100217971B9710121DF
:1038A000F9717868206100216FF300016FF3410125
:1038B0006FF382016FF3C501012060F38811C3F338
:1038C0000A0363F353216FF31F5100231B48FBF7D7
:1038D000E7F9AD46132130460FF0DEF98BE76FF0C4
:1038E0001B03D6E73869C5F88F00BA8ABB7DA5F8F7
:1038F000932085F8953001F09BF82B7AC3EBC30336
:103900000F4A9918D358C5F8963088888B79A5F84E
:103910009A0085F89C30D2F8E43013F0400F3FF461
:1039200059AF01F059FA55E785F809800121284679
:1039300001F0C2FD56E700BFBCCB0300CC9F0300E3
:10394000F8020020D8CB030000B589B0C3681A780C
:103950008DF80020B3F80120ADF80120DA788DF859
:103960000320B3F80B20ADF81720B3F80D20ADF805
:103970001920B3F80F20ADF81B205A7C8DF81D20BC
:10398000586801901A899B7AADF808208DF80A30A2
:10399000084B1A68CDF80B209B88ADF80F30CDF896
:1039A0001120ADF8153068460FF0D2F909B05DF876
:1039B00004FB00BF84C5030010B58EB08646EC46FC
:1039C0000C4C0FCCACE80F000FCCACE80F000FCCC8
:1039D000ACE80F0094E803008CE80300BEF10D0F83
:1039E00002D905480EB010BD0EAB03EB8E0E5EF88B
:1039F000380CF7E784A10300F8C503002DE9F04176
:103A000082B000AFB54BDB79012B31D9DFF8E08212
:103A1000B248FEF74DFB6D4600233B7102237B71DC
:103A20000123BB710323FB718AB06E4616F11002AD
:103A300021D04FF0140C22B1BCF1040F01DDA84BD2
:103A4000736100233B7002237B7022B1BCF1080F2D
:103A500001DDC6F818800123BB700323FB70BAB1E7
:103A6000BCF10C0F00DDF06106F1200300210DE038
:103A7000DFF88082CCE76FF0004CDCE701F1080052
:103A8000384410F8080C03F8010B01310329F5D96B
:103A9000BCF1130F23DD142342B10421397100213D
:103AA0007971B9710221F9717868306100216FF381
:103AB00000016FF341016FF382016FF3C501032031
:103AC00060F38811C3F30A0363F353216FF31F51AB
:103AD00000238448FBF7E4F8AD46012531E06FF0A0
:103AE0001B03D9E76FF0004C41E001233B70032337
:103AF0007B70002A49D1BCF1110F59DD122342B16C
:103B00000420387100207871B8710120F87178684C
:103B100008616FF300046FF341046FF382046FF3E5
:103B2000C504032161F38814C3F30A0363F3532428
:103B30006FF31F54002321466A48FBF7B1F8B546DE
:103B40000135664BDB79AB4235DDC5EBC500634B18
:103B50001844FEF7ADFA6E4601233B7103237B71D7
:103B60008AB0694611F11002BCD04FF0120C002A45
:103B7000BBD06346BCF1040F03DDDFF87CE1C1F884
:103B800014E0082BB1DD8D61AFE7BCF10C0F00DD57
:103B9000C86101F12003002007E000F1080EBE44D7
:103BA0001EF808EC03F801EB01300128F5D9A2E773
:103BB0006FF01B03A3E7494C94F870804046FFF771
:103BC000FBFEB4F87210B4F876C06D4600233B716A
:103BD00002237B718CB06C4614F110021DD01A26A2
:103BE0001AB1042E01DD404B636100233B700223B8
:103BF0007B70FAB13346082E00DDA0610C2B01DD8D
:103C0000C4F81C80102B00DD2162142B01DDC4F8E8
:103C100024C004F1280300210AE06FF00046DFE72A
:103C200001F10800384410F8080C03F8010B0131C9
:103C30000129F5D9192E4BDD1A2342B1062139711C
:103C400000217971B9710121F97178682061002131
:103C50006FF300016FF341016FF382016FF3C50150
:103C6000032060F38811C3F30A0363F353216FF356
:103C70001F5100231B48FBF713F8AD46174C94F86F
:103C800071603046FFF798FEB4F8741000233B7162
:103C900002237B718AB06C4614F110021BD01625EA
:103CA0001AB1042D01DD114B636100233B70022327
:103CB0007B706AB32B46082D00DDA0610C2B00DD64
:103CC000E661102B00DD216204F1240300211DE0D8
:103CD0006FF01B03B1E76FF00045E1E7F802002049
:103CE000F8CB0300CC9F03001CCC03005CCC03008A
:103CF000F4CB030018BB030008CC030001F108005B
:103D0000384410F8080C03F8010B01310129F5D9EA
:103D1000152D24DD162342B1052139710021797159
:103D2000B9710121F9717868206100216FF30001F8
:103D30006FF341016FF382016FF3C501032060F35C
:103D40008811C3F30A0363F353216FF31F51002358
:103D50000448FAF7A5FF0837BD46BDE8F0816FF0CB
:103D60001B03D8E7CC9F030008B5034BD3F864319D
:103D70005B69984708BD00BFF802002038B50446CB
:103D80000D4651B140F635439C420ED029460F48AE
:103D900011F0CBFC0024204638BDFFF7BBF80546E8
:103DA0000028EFD16FF06804F5E72846FFF7DCFF45
:103DB00004460028EFD00346054A012105480DF0CE
:103DC0009BFB284611F0B5FCE5E700BF440400204A
:103DD00084CC0300CC9F030070B505460C4603213C
:103DE00042F22100FFF796F860B1064603210C303D
:103DF00011F0E7FC05808470314642F22100FFF7A4
:103E0000BDFF70BD024A012102480DF06BFBF8E7CF
:103E1000A8CC0300CC9F030030B583B0C3681C88D6
:103E20005A88ADF800209A88ADF80220DA88ADF8FB
:103E300004201B89ADF806300121204601F082FCE8
:103E400068B10546694601F04BFD98B91E21204630
:103E5000FFF7C2FF28460FF067FB03B030BD2346D3
:103E6000074A012107480DF047FB02212046FFF7D2
:103E7000B3FFF2E7694620460EF09BFFEAE700BF7A
:103E800098C60300CC9F030038B5002200232948C0
:103E900011F014FC044618B3274D4FF0FF324FF0D9
:103EA000FF33284609F0AAF9AB696BB1234A012117
:103EB00023480DF017FBA5F59475D5F8400111F0D6
:103EC00038FC0023C5F84031204611F04CFC1D4B56
:103ED000C3F840012046FFF747FF034680B938BDCD
:103EE00040F60A33184A194919480CF0ACFD002372
:103EF00083F31188BFF36F8F0323184602DFCBE7EC
:103F0000144A01210E480DF0F7FA0B4809F04EF95A
:103F1000204611F0A9FB00EB40000F4B03EB8003A0
:103F200022461F215888FEF7F9FB204611F001FCBC
:103F3000D5E700BF4404002020040020C4CC0300C7
:103F4000CC9F0300F802002014C80300E4DD030046
:103F500078C8030084CC0300483C002038B50446F0
:103F60000D4609E0FFF790FF04E00D4A02210D48DD
:103F70000DF0C2FA1434013D85B1E368C3F3863312
:103F8000022BF7D9042BF0D1237B002BEAD0012B95
:103F9000F0D12069383801F023FFEBE738BD00BFCE
:103FA000E0CC0300CC9F030038B514E040F6783332
:103FB000134A144914480CF046FD002383F311887A
:103FC000BFF36F8F0323184602DF21460F48FFF728
:103FD000C5FF09F0E5FD0D4DEB686FF39433EB6021
:103FE00005F1140001F044FA441C4FF0FF324FF089
:103FF000FF33214628460AF061F90028D6D1E4E7CC
:1040000014C8030004CA030078C803001007002086
:1040100070B582B0044600F10C05284611F012FC80
:10402000ADF80400238AADF80630012B1ED9022119
:10403000284611F0F7FB064600780EF041FD0546D4
:1040400010F0010F1BD00523174A21463078FEF7E8
:1040500081FC15F0020F22D06369BDF804201344DF
:10406000E360BDF80630238202B070BD0F4A012123
:104070000F480DF041FA204611F05BFBF4E740F6E3
:1040800056730C4A0C490D480CF0DDFC002383F3F9
:104090001188BFF36F8F0323184602DFD3E7204652
:1040A00011F047FBE0E700BFD0CE0300F8C70300E4
:1040B000CC9F030014C8030004CD030078C803009C
:1040C00038B50446037E012B05D0032B19D1FEF72A
:1040D00081FD002038BDC36818780EF0F1FC05465C
:1040E00010F0010F04D115F0020F05D10020F1E707
:1040F0002046FFF78DFFF6E72046FEF76BFD002018
:10410000E8E7054A012105480DF0F6F9204611F0CF
:1041100010FB6FF01500DDE720CD0300CC9F0300FE
:104120000A4BD3F8643143B9C3684BB1436953B107
:10413000064BC3F86401002070476FF077007047AA
:104140006FF0150070476FF015007047F8020020FF
:1041500008B5084BBFF35B8F53E8001F41F0040123
:1041600043E80012002AF7D1BFF35B8FFFF746FC4C
:1041700008BD00BFCC03002008B50EF04BFE024B7B
:104180001B6803B1984708BD603C0020F0B589B0BA
:104190003C4BD3F86431002B5DD005463A4BBFF35E
:1041A0005B8F53E8002F22F0020243E80021002930
:1041B000F7D1BFF35B8FBFF35B8F53E8002F42F063
:1041C000010143E800100028F7D1BFF35B8F12F024
:1041D000010F53D12D4B1D602D4E0122114630464B
:1041E00014F0F9FB06F1240014F0CCFB294F002257
:1041F0000023CDE90623002404946FF00803039301
:10420000029401940094244B4FF4C8622349384629
:1042100014F059FE2249384609F09EF9214F3846DC
:1042200014F083FD00946FF007034FF480621E4981
:104230003846F8F781F91D49384609F08DF9F36BD6
:10424000DB689847044670B9A5B1194809F06CF9C4
:10425000204609B0F0BD174A012117480DF042F978
:104260006FF01204F4E70346144A012112480DF0DE
:1042700043F9EDE70EF0CEFD0446E9E76FF0770471
:10428000E6E700BFF8020020CC030020603C0020DD
:104290002004002078210020A93F020000590020BE
:1042A00050CD030070220020805F002058CD030015
:1042B000BC03002034CD0300CC9F030064CD030079
:1042C000BFF35B8F034B1868BFF35B8FC0F38000B5
:1042D000704700BFCC0300200048704790AC03003B
:1042E00070B50546002401E00134E4B2094BDB79E6
:1042F000A3420BD92646C4EBC4010722054B19443F
:10430000284615F0B1FA0028EED101E06FF0010661
:10431000304670BDF802002038B50446062219491F
:1043200015F0A2FA054608B9284638BD062142F222
:104330000500FEF7EFFD054600B3062221460C30CE
:1043400011F045FA0022294642F20500FEF722FE4E
:10435000054650B90C4B2268C3F86920A288A3F81F
:104360006D20012283F86820DEE710F10D0FDBD10C
:10437000064A022106480DF0B5F8D5E76FF068054A
:10438000D2E700BF61030020F802002060CF0300E5
:10439000D49F030070B582B005460E4629B10722AE
:1043A0001849304615F060FAE8B968460EF03FFB50
:1043B000044618BB6846FFF793FF0028F5DAC5EB03
:1043C000C505114AAB1800985051BDF804009DF87E
:1043D0000610988099718EB1525932609A889B79F3
:1043E000B280B3710AE0C5EBC505074AAB18316866
:1043F0005151B188B27999809A710024204602B057
:1044000070BD00BF74C50300F80200202DE9F04321
:1044100083B0284B93F8C24014F0010412D0054633
:104420000E4601AA00214FF60940FEF7B3FD84466F
:1044300070B90198D0F80C9099F80140B44228BFA7
:10444000344628E01C4A02211C480DF04BF827E0B6
:104450001B4A022119480DF045F8002420E01621DE
:1044600001FB0CF16A1809EB0103D3F802E0D3F861
:104470000680D3F80A70D3F80E6045F801E0C2F860
:1044800004809760D660D3F812E0C2F810E0DB8AAF
:1044900093820CF1010C6445E1DC11F04AF91CB186
:1044A000204603B0BDE8F083064A022103480DF020
:1044B00019F8F5E7F802002070CF0300D49F03003D
:1044C0009CCF0300BCCF030070B584B000294BD152
:1044D00004460E4620B10722284915F0C5F928BB2D
:1044E000274BDB79012B45D0BFF35B8F254B1B6836
:1044F000BFF35B8F13F0010F0BD1002300930193E7
:10450000029303933CB307221C49204615F0ACF9F3
:1045100008B31B4BD879421CDA7105463246214656
:10452000FFF738FFD0B9284604B070BD2046FFF72A
:10453000D7FE00281BDA2378012B04D1A37903F0DE
:10454000C003C02BCCD0104A012110480CF0CAFF88
:104550006FF01505E7E76FF01505E4E70849CB793B
:10456000013BCB710546DEE76FF01505DBE76FF029
:104570007705D8E76FF00B05D5E700BF74C50300DA
:10458000F8020020CC030020E8CF0300D49F0300F2
:10459000F0B583B0E0B1054601AA002141F209005F
:1045A000FEF7F8FCD8B9019EF7687C1C0622164974
:1045B000204615F059F928B106221449204615F075
:1045C00053F998B9304611F0B4F8002003B0F0BDAB
:1045D0000F4A02210F480CF085FF0020F6E70E4A33
:1045E00002210C480CF07EFF0020EFE7D7F80130E5
:1045F000C5F80130A388A5F8053000232B70019879
:1046000011F097F80120E1E784C503007CC50300A1
:1046100018D00300D49F030034D0030000B583B04A
:104620006846FFF7B5FF064BD87118B9002003B0F4
:104630005DF804FB002269461046FFF7ABFEF6E783
:10464000F802002010B588B0184BDC7924BB01219A
:1046500002A8FFF7DBFE154BD87101E00134E4B28C
:10466000124BDB799C4216D202AA162304FB03F3F9
:10467000D118D358CDF801308B88ADF8053001231F
:104680008DF80030002269462046FFF783FE03467E
:104690000028E3D005E03BB900210846FFF714FFEE
:1046A0000346184608B010BD0023FAE7F8020020C0
:1046B000002865D0F8B50C4617461D460346002D68
:1046C00061D0067811F4002F10D011F0040F05D13D
:1046D0000EF0C8FB08B901232B70F8BD2F4A012149
:1046E0002F480CF0FFFE6FF01500F6E711F0010FF8
:1046F00029D042B111F0200F05D02A4A92F8D820D3
:1047000012F0400F42D0C6EBC60226498A5C012A4D
:104710000ED0C6EBC606234B9B5D2B70002F38D006
:1047200014F0200F37D043F002032B700020D4E7A1
:10473000C6EBC6011B4A1144013118460EF085FB39
:104740000028E6D0C9E711F0040F14D0C6EBC6026A
:1047500014498A5C012A06D00020C6EBC606114B1C
:104760009B5D2B70B9E7C6EBC6010E4A11440131BF
:104770000EF06BFBF1E70EF075FB01232B70ACE73D
:104780006FF0150070476FF01500A6E76FF0850019
:10479000A3E70020A1E700209FE700BF54D003005B
:1047A000D49F0300F802002010B5154BDB792BB124
:1047B000134BDB796BB10024204610BDFFF72EFFB1
:1047C00004460028F4D00F4A01210F480CF08AFE5D
:1047D000F2E7FFF737FF044658B90C48FFF79CFD96
:1047E00004460028E8D00A4A012107480CF07AFE66
:1047F000E2E7044A012104480CF074FEDCE700BF44
:10480000F802002074D00300D49F0300F9020020B6
:1048100094D0030000487047100300202DE9F04FAA
:1048200083B00646884615469A464FF0000B5B4615
:10483000D34544D205EBCB0955F83B700024CDF8A5
:1048400000B001951DE0204A012120480CF04AFEED
:104850006FF0150003B0BDE8F08F5FFA82FB591CC2
:10486000C9B20BF1010E06F805E09D1CEDB27054C3
:10487000DCF80410701914F0C7FFAB445FFA8BF337
:104880000134D9F80420944213D207EBC40C9CF8ED
:10489000012017F834001D46991802314145DCD932
:1048A0009A1CA8EB02020928CDD1002ACBDD0820F2
:1048B000D3E7DDF800B0019D0BF1010BB8E70C9ACE
:1048C00013700020C6E700BFBCD00300A49F030004
:1048D00010B504460078214BDB79984230D2C0EB0A
:1048E000C00007221E491D4B184414F0BDFF48B3F9
:1048F000636813F0010F07D1184A92F87020082A54
:1049000002D8A2689F2A1FD913F0300F01D0226964
:10491000E2B113F0100F08D1226932B103F4603311
:10492000B3F5603F18D001200BE0A268E1688A422D
:104930000ED81F2A0ED9B1F5804FEFD9002000E024
:10494000002010BD0020FCE70020FAE70020F8E777
:104950000020F6E70020F4E70020F2E7F80200204C
:1049600074C503002DE9F04105468846044614F855
:10497000096B194B83F86F6007221849204614F021
:1049800073FF70B90746164930460EF028FE0446FC
:10499000C8B1052100F090FDC8F800403846BDE8D8
:1049A000F0812146304601F001F878B92146287897
:1049B0000EF015FE044660B1062100F07DFDC8F83A
:1049C00000400027EAE76FF00B07E7E76FF01507F5
:1049D000E4E76FF00B07E1E7F802002074C503007D
:1049E0006CC5030070B504460D4600F109060722A8
:1049F0000D49304614F038FF78B905220B4920786C
:104A000001F05CF804463CB165720021204600F0DC
:104A100053FD20460EF088FD70BD062231462078F9
:104A200001F04CF80446EEE774C503006CC50300C2
:104A300000487047100300202DE9F04F8DB005921B
:104A40009846002307930E69B6EB030B18BF4FF08F
:104A5000010BBFF35B8FA14B1B68BFF35B8F13F0A0
:104A6000040F00F0298105460C4608460EF036FB7F
:104A7000002800F0248120460EF00DFA824600281E
:104A800000F0208105F11007072138460EF039FAB1
:104A90000490002840F019810023089309930A9399
:104AA000CDF82B30A368ADF82030E368ADF82230A4
:104AB000D4F8049048460EF012FA8DF82D004846BE
:104AC0000EF00BFA8DF82E00844BBFF35B8F53E88A
:104AD000002F22F4005243E800210029F7D1BFF350
:104AE0005B8F22782A7003F8652C0DF125035A4656
:104AF00061682846FFF7DCFD8146002840F0C18050
:104B000026B323691A68C5F809209A889B79A5F805
:104B10000D20EB7320460EF033FB8346636813F0E1
:104B2000010F25D006B313F0100F19D004238DF810
:104B3000243023691A68CDF826209A889B79ADF82D
:104B40002A208DF82C30DDF810A019E0644B1A688B
:104B5000C5F809209A889B79A5F80D20EB73D9E751
:104B600001238DF82430E4E700238DF8243007E09A
:104B700013F4007F01D1169B53B302238DF8243028
:104B80000F2142F20600FEF7C5F98146002800F029
:104B90009F800F2208A90C3010F019FE0022494610
:104BA00042F20600FEF7F6F98146002869D1BEB14F
:104BB000636813F0010F2BD007A92846FFF7D2FE38
:104BC00030B310F10C0F40F08680DEB1814658E022
:104BD0000228D2D003238DF82430DDF810A0CFE7CF
:104BE000CDF80CB0CDF808A000230193179B0093DB
:104BF000169B4246059928460EF0E5F90028D7D0C5
:104C000081463EE0626812F0020F0CD0814638E027
:104C1000012128460EF0F0FA0546002835D1079804
:104C200008B10EF081FC002E3ED04A4602F001028F
:104C30000E2138460EF063FABBF1010F14BF0022BB
:104C40000122082138460EF05AFABBF1020F14BFB8
:104C500000220122092138460EF051FA626802F062
:104C600001020A2138460EF04AFA52460B21384614
:104C70000EF045FA6268C2F380020D2138460EF04C
:104C80003EFA48460DB0BDE8F08F164A012116489D
:104C90000CF028FC079828B1002100F00DFC0798C3
:104CA0000EF042FCA946ECE7636813F0020F01D056
:104CB0004A46BBE70122B9E76FF00A09E1E76FF066
:104CC0001509DEE76FF01509DBE76FF07709D8E724
:104CD0006FF06809D5E78146D3E700BFCC03002019
:104CE00074C50300D8D00300A49F03002DE9F04150
:104CF00082B006460C4615461F46FFF78BFDF8B1FD
:104D00008046089B019300972B4622463146FFF7C9
:104D100093FE0646294620460EF0C0F818B93046E4
:104D200002B0BDE8F08108F118080749404614F0C8
:104D300003F84FF470220023404608F005FCEEE72C
:104D40006FF00B06EBE700BFB94D020038B5FFF777
:104D50006FFEB8B105460EF053FA05F11004BFF32B
:104D60005B8F54E8003F23F4804344E80032002A7C
:104D7000F7D1BFF35B8F072120460EF0C2F840B990
:104D8000002038BD0A4A01210A480CF0ABFB002084
:104D9000F7E70A2120460EF0B4F820B90021284692
:104DA0000EF002FAEDE700212846FFF71BFEF5E7BB
:104DB000F4D00300A49F030008B5FFF7C7FF00B9B4
:104DC00008BD0346024A022102480CF095FBF7E7B2
:104DD00008D10300A49F0300F0B583B0FFF728FEBD
:104DE00038B1044600F110050E2128460EF089F86E
:104DF00008B903B0F0BD072128460EF082F8064638
:104E00000028F6D10A2128460EF07BF80028F0D0C1
:104E100001A92046FFF7A6FD0028EAD107221D4977
:104E200004F1090014F020FD071E18BF01272046D9
:104E30000EF074F801460DF103033A462046FFF7E1
:104E400037FC0346B0B9012120460EF0D5F9B8B9B8
:104E500001980EF069FB002ECBD0BFF35B8F55E8B5
:104E6000003F43F4804345E80032002AF7D1BFF306
:104E70005B8FBEE7084A012108480CF03DFBB8E70C
:104E80000021019800F018FB0E2128460EF05CF975
:104E90000646DDE774C5030028D10300A49F030084
:104EA000082816D8DFE800F0051707090B0D0F11C9
:104EB00013000A4870470A4870470A4870470A4872
:104EC00070470A4870470A4870470A4870470A48BE
:104ED00070470A4870470A48704700BF68D103000E
:104EE00098D103008CD10300A4D10300BCD10300EE
:104EF000CCD1030088D60300E0D10300F0D1030039
:104F000078D1030010B50B4B1C6801E09847A469E9
:104F10001CB1A368002BF9D1F9E7074C00E01C3461
:104F2000064B9C4204D2A368002BF8D09847F6E7C2
:104F300010BD00BF943C0020489F0300649F030005
:104F400038B505460C4B1C6803E0697A284698473B
:104F5000A4691CB12368002BF7D1F9E7074C00E0E6
:104F60001C34074B9C4206D22368002BF8D0697A88
:104F700028469847F4E738BD943C0020489F03003A
:104F8000649F030038B505460C4B1C6803E0697A42
:104F900028469847A4691CB16368002BF7D1F9E74C
:104FA000074C00E01C34074B9C4206D26368002B80
:104FB000F8D0697A28469847F4E738BD943C002039
:104FC000489F0300649F030008B501460023436027
:104FD0008360C360014813F0E1FC08BD7409002040
:104FE00010B58AB0044614F047FE094B1A58094B15
:104FF0009A4209D02834204608F096FA694620469D
:1050000013F068FE0AB010BD20460EF034F9F9E73F
:10501000080000001834002008B514F02DFE094BDC
:105020001A58094B9A4207D04FF0FF324FF0FF3326
:10503000064808F081F808BD00220023034808F064
:105040007BF8F8E7080000001834002074090020FD
:10505000034BB3F804310BB102487047002070478E
:10506000F8020020000400202DE9F04104460D461E
:105070008E69EFF31183402181F31288BFF36F8FA4
:10508000A6B10021316087696FB13E60866100275B
:1050900083F31188BFF36F8F294620460EF048F93D
:1050A00070B9BDE8F08186614661F1E7876927B193
:1050B0000C37396801313960EAE700F11C07F8E77D
:1050C0000346164A012116480CF016FAEFF3118830
:1050D000402383F31288BFF36F8FBEB1314604F1D2
:1050E00014000EF0A5F888F31188BFF36F8F2046E7
:1050F000FFF7AEFF08F05AF866B10023AB61314606
:1051000020460EF0DFF86FF00400CAE73B68013B71
:105110003B60E8E76FF00400C3E700BF84CC030006
:10512000B49F03002DE9F84306460D4614461F467A
:10513000FFF78EFF0022002308F060F808BBB37A67
:10514000072B2FD134B3194BB3F8048104F10C09A8
:10515000484610F07BFB404516D9144BB3F8048148
:10516000424655F80C1F484610F031FB4146284690
:1051700010F050FB3A4621463046FFF775FFBDE878
:10518000F8836FF06800FAE7484610F05FFB1FFAFB
:1051900080F8E5E70022002306F1380010F08EFACF
:1051A0000446E7E76FF07F00E9E700BFF802002060
:1051B00038B500238B4228D2C82404FB030404F131
:1051C000C4024FF0010CBFF35B8F52E800EFBEF159
:1051D000000F03D142E800C5002DF6D1BFF35B8F6D
:1051E00011D174B1C4220021204614F035FB0849C6
:1051F00004F1580013F0A0FD064904F1280013F053
:10520000F5FC204638BD6344D4E70024E9E700BF3D
:10521000515C0200BB32030008B501210148FFF7D1
:10522000C7FF08BD8823002070B582B004460D4634
:10523000012A21D0022A52D103693BB1344A01210B
:1052400034480CF04FF920460EF0D3F8256121695F
:105250000B8A012B4FD9CA685078127842EA002293
:10526000043292B29A4246D847D3002323610122E6
:10527000204600F05BFF3EE0006980B10E8AD6B1A7
:105280000C3010F0E3FA864219D820692A8AE968BE
:105290000C3010F09CFA284610F04BFAD7E71E4A63
:1052A00001211C480CF01EF920460EF0A2F82846F9
:1052B00010F03FFA1FE0084610F03BFA1BE0174AD7
:1052C000012114480CF00EF900222169204600F05B
:1052D0002DFF00232361284610F02BFA0BE0134624
:1052E0000F4A01210B480CF007F920460EF081F817
:1052F000284610F01EFA02B070BD0092094A012142
:1053000004480CF004F920460EF073F8F3E700BFF0
:10531000FCD10300B49F03001CD203003CD2030065
:1053200064D2030084D203002DE9F04383B000AFC0
:1053300005460C461E46097A91462AB30223994235
:1053400024DCE37A072B29D9AB7A072B6CD1B9F18E
:10535000000F7CD0FFF760FE804600287AD0AB7A41
:10536000072B69D1C0F8049086600023C360A06158
:1053700000262677214605F1380010F0D6F9304690
:105380000C37BD46BDE8F0830123D8E7334A01213D
:1053900033480CF0A7F86FF01500F1E7A67A6C46D9
:1053A0008AB0694611F1100238D0142082B1054646
:1053B000042803DDDFF8B4C0C1F814C0082D00DDF7
:1053C0008B610C2D01DD0823CB61102D00DD0E62F9
:1053D000132826DD14233AB1052038710020787196
:1053E000B871F8717868086100216FF300016FF3FC
:1053F00041016FF382016FF3C501012060F3881151
:10540000C3F30A0363F353216FF31F5100231448BE
:10541000F9F746FCA5466FF01500B1E76FF00040C4
:10542000C4E76FF01B03D6E70E4A01210C480CF0CD
:1054300059F86FF07F00A3E70B4A022108480CF0EF
:1054400051F84046FFF7C0FD6FF07F0098E700235A
:10545000A3618DE76FF0680092E700BFA0D2030060
:10546000B49F0300F4D2030004D30300C4D20300AA
:1054700070B506460E4C204614F0B8F923460022BB
:105480000121304614F07FF9012500240CB1284693
:1054900070BD05EB850106EB8101C820054B00FBC3
:1054A00004300DF0D0FF00B901350134EEE700BF44
:1054B0005C07002088230020F0B583B000AF0D46C4
:1054C000867A8E4210D00446817216B98378082BF2
:1054D00060D1A37A082B00F22281DFE803F07EDF9F
:1054E00055555555555E55000846FFF7D9FC6D4694
:1054F00000233B7102237B7188B06C4614F11002CB
:1055000011D00E261AB1042E01DD884B63610023F1
:105510003B7002237B709AB1082E00DDA06104F17C
:105520001C0300210AE06FF00046EBE701F10800E0
:10553000384410F8080C03F8010B01310129F5D9A2
:105540000D2E24DD0E2342B1032139710021797122
:10555000B9710121F9717868206100216FF30001B0
:105560006FF341016FF382016FF3C501022060F315
:105570008811C3F30A0363F353216FF31F51002310
:105580006B48F9F78DFBAD460C37BD46F0BD6FF0AB
:105590001B03D8E70DF0A1FF9BE7A378042BF3D002
:1055A00004F1380013F0EEF90021624808F0E2FE41
:1055B000002323656365E378012BE5D1A378012BF4
:1055C00007D04FF42032002304F1580007F0B4FF55
:1055D000DAE7032384F8AC30F3E7A378042B08D090
:1055E000082ED1D8DFE806F053092D374B4F415331
:1055F000530020460DF098FFC6E72046FFF7F0FC69
:10560000A378012B11D00434BFF35B8F54E8003F23
:1056100043F0400344E80032002AF7D1BFF35B8F28
:105620000021444808F0A6FEAEE704F158052846DC
:1056300013F08EFB10F00C0FE5D0284613F0CCFBD6
:10564000E1E7637A1BB920460DF06EFF9CE7204628
:10565000FFF776FCF7E7637A1BB920460DF064FF8D
:1056600092E72046FFF76CFCF7E7637A1BB9204608
:105670000DF05AFF88E72046FFF762FCF7E7204667
:105680000DF052FF80E720460DF04EFF7CE72B46E1
:10569000294A022126480BF02FFF75E7637A3E2B3B
:1056A00003D020460DF065FE6EE76E4688B06B466F
:1056B00013F110022DD00C213AB10846042901DD66
:1056C0001E4D5D61082800DD9C610B2924DD0C2541
:1056D0003AB10321397100217971B971F971786892
:1056E000186100216FF300016FF341016FF3820134
:1056F0006FF3C501022363F38811C5F30A0363F353
:1057000053216FF31F5100230948F9F7C9FAB54631
:10571000C7E76FF00041CFE76FF01B05D8E72B46D6
:10572000074A022102480BF0E7FE2DE72CD30300C5
:10573000B49F03005C07002040D3030058D303004C
:1057400080D3030070B504460D46024601210A4885
:105750000DF010FF064610B183782B4201D0304681
:1057600070BD2346054A022105480BF0C5FE3046B0
:105770000DF0DAFE0026F2E7882300209CD3030018
:10578000B49F0300034BC01AC010034B03FB00F08F
:10579000C0B2704788230020295C8FC238B5044608
:1057A0000D4653EA020106D014F066FA0D49085876
:1057B0000D4988420BD06CB120460FF079FF0446AA
:1057C00050B1691D0C300FF0F8FF204638BD0022A3
:1057D0001346F0E7054CEFE7054A022105480BF0B8
:1057E00081FEF2E708000000183400208C09002038
:1057F000B4D30300B49F030070B50446051D09210E
:1058000028460DF088FD78B1B4F89E30B4F8A02099
:10581000934209D3B4F8A220934205D8D4F8A42027
:10582000D4F8A8309A4202D0184B1D6815E0BFF397
:105830005B8F55E8003F23F4007345E80032002AEF
:10584000F7D1BFF35B8FEFE7B4F8A630B4F8A4202C
:10585000B4F89E102046B047AD691DB12E69002EE8
:10586000F2D1F9E70A4D00E01C350A4B9D420BD2FC
:105870002E69002EF8D0B4F8A630B4F8A420B4F8FD
:105880009E102046B047EFE770BD00BF943C00205B
:10589000489F0300649F030038B505460D4B1C6804
:1058A00004E005F1BC0128469847A4691CB163696E
:1058B000002BF6D1F9E7084C00E01C34074B9C4262
:1058C00007D26369002BF8D005F1BC012846984740
:1058D000F3E738BD943C0020489F0300649F030019
:1058E000F8B506460D4608460DF03BFA074638B3B4
:1058F000154B1C6800E0A4696CB1E368002BFAD07A
:10590000294630469847D0B128460DF02AFA00289B
:10591000F1D1074614E00D4C00E01C340C4B9C42C6
:105920000ED2E368002BF8D029463046984748B19C
:1059300028460DF016FA0028EFD1074600E007468A
:105940003846F8BD0746FBE7943C0020489F03001B
:10595000649F0300024B1A6882611860704700BFA1
:10596000943C0020F8B507460E46002414B10025EB
:105970002846F8BDC8200C4B00FB04300DF0ADFDEF
:10598000054670B18378012B09D1324639460DF0B6
:1059900041FE0028ECD128460DF0C6FD01E00DF0D7
:1059A000C3FD0134E2E700BF88230020F0B583B0D7
:1059B00000AF0C46FFF7D6FF18B900200C37BD46E4
:1059C000F0BD05462046FCF773FB0646A87AFFF7B4
:1059D00067FA03466C4601223A7103227A71022269
:1059E000BA710422FA718AB0EC461CF1100225D07B
:1059F0004FF0180E52B17146BEF1040F02DD2D4872
:105A0000CCF81400082901DDCCF8185001213970B8
:105A10000321797022B1BEF10C0F01DDCCF81C60BE
:105A20000221B9700421F970AAB1BEF1100F01DD95
:105A3000CCF820300CF1240300210AE06FF0004E76
:105A4000D8E701F10800384410F8080C03F8010BFE
:105A500001310329F5D9BEF1170F27DD18234AB10B
:105A60000521397100217971B9710221F9717868C4
:105A7000CCF8100000216FF300016FF341016FF3C8
:105A800082016FF3C501022060F38811C3F30A039A
:105A900063F353216FF31F5100230748F9F700F90F
:105AA000A54628460DF040FD012087E76FF01B0357
:105AB000D5E700BFE0D30300B49F03002DE9F04118
:105AC00080460F46164600251DB100242046BDE83D
:105AD000F081C820104B00FB05300DF0FEFC0446A1
:105AE00088B18378012B10D127B13A4641460DF099
:105AF00091FD68B1A37AB34202D1237A4345E5D040
:105B000020460DF011FD0135DEE70DF00DFDFAE741
:105B100020460DF009FDF6E78823002070B5044605
:105B20000D4683780B70C3784B70037A8B70807A44
:105B30000DF08EFB85F82000002685F823602046B6
:105B40000DF04BFD85F8210085F82260A378012B2C
:105B50003CD104F18803AB60237AC3EBC3031F4A33
:105B600013446B60E37853BB04F18F03EB6004F1E3
:105B700096032B61B4F89E30AB82B4F8A430EB826C
:105B8000B4F8A6302B8304F1BC03EB61D4F8B83031
:105B900033B15B7B13F0100F02D0012385F8233063
:105BA000D4F8B830ABB15B7B13F0200F13D095F86D
:105BB000233043F0020385F8233000200CE004F189
:105BC0009603EB6004F18F032B61D3E76FF01500B0
:105BD00002E0002000E0002070BD00BFF8020020BD
:105BE00038B504460D4608460DF0BBF850B3174BC8
:105BF00093F8D83013F0020F04D094F8AD3013F0BE
:105C0000020F13D1E378C3B9294620460DF03EFDBB
:105C1000B8B92B88A4F8A0306B88A4F8A230AB8860
:105C2000A4F8A830EB88A4F8AA300AE00A21201DC5
:105C30000DF071FB0028E5D1E6E7294620460DF07E
:105C400054FE38BD6FF01500FBE700BFF8020020DE
:105C500070B584B0A0F1580510F84E3CE3B304468B
:105C600010F8563C012B35D1A0F1540609213046DD
:105C70000DF035FB00283FD0B4F84830ADF80030C7
:105C8000B4F84A30ADF80230B4F85030ADF8043012
:105C9000B4F85230ADF8063069462846FFF7A0FF49
:105CA000034618BBBFF35B8F56E8003F23F48073B5
:105CB00046E80032002AF7D1BFF35B8FBFF35B8F5A
:105CC00056E8003F43F0800346E80032002AF7D14F
:105CD000BFF35B8F04B070BD28460DF08DFD2846E4
:105CE000FFF750F928460DF01FFCF3E7124A022196
:105CF00012480BF001FCE1E7114A02AB92E8030005
:105D000083E8030019462846FFF76AFF034660B997
:105D1000BFF35B8F56E8003F43F4807346E80032E0
:105D2000002AF7D1BFF35B8FC8E7064A0221034878
:105D30000BF0E2FBC2E700BF1CD40300B49F0300DA
:105D4000BCA1030044D4030008B501460148FFF795
:105D500025FD08BD100A00202DE9F04105460C463E
:105D60000A8A1E4BB3F804319A4201D80B7FC3B1A3
:105D7000237F0BBB0026228A184BB3F804319A42CA
:105D80001CD9214628460DF0F1FC074610B33346D6
:105D9000024621462846FFF7C5F9804638B9012654
:105DA000E9E702230022FFF7BDF980460FE02677DE
:105DB00038460FF0BEFC0AE00126DCE7012323771A
:105DC0000323002221462846FFF7ACF980464046CF
:105DD000BDE8F0816FF00B08F9E700BFF802002082
:105DE00070B50446837A23B9062104300DF077FAA2
:105DF000A8B904F1380012F0E8FD054698B128462C
:105E00000FF0B1FC054601462046FFF7A5FF064608
:105E100028460FF08EFC16F1050F14D070BD2046F9
:105E20000DF0F0FAFAE74FF477730D4A0D490E487A
:105E30000AF009FE002383F31188BFF36F8F032359
:105E4000184602DFDBE7AE690023AB6128460FF09E
:105E500070FC002EE2D0314620460DF033FADDE72B
:105E600070D40300E4DD030078C8030010B50C48CB
:105E700012F088FD002406E00A4901EB04110848ED
:105E800012F08CFD0134022CF6D90EF047FB0FF016
:105E9000A4FB044608B1204610BD0DF046FDFAE70C
:105EA00074090020643C002005490A78531CDBB2C9
:105EB0000B700BB902320A70014B1878704700BFA3
:105EC0005146002008B50B8A012B00D908BD034AB2
:105ED000012103480BF006FBF8E700BFC8D403001C
:105EE000DC9F0300F0B583B000AF05460020C0B3CF
:105EF0006C4688B06B4613F1100243D00C213AB1C6
:105F00000846042901DD224E5E61082800DD9D61FE
:105F10000B293ADD4FF00C0C3AB103213971002105
:105F20007971B971F9717868186100216FF3000116
:105F30006FF341016FF382016FF3C501012363F336
:105F40008811CCF30A0C6CF353216FF31F5100231B
:105F50001048F8F7A5FEA5466FF00B000C37BD46BC
:105F6000F0BD00EB40031B010B4AD3580BB10130CD
:105F7000BDE700EB4002084B03EB0213074A5A60EF
:105F80000B60EBE76FF00041B9E76FF01B0CC3E764
:105F9000E4D40300DC9F0300983C002034D60300C7
:105FA00010B591B10B4610314FF0000CBFF35B8F71
:105FB00051E800EF41E800C4002CF9D1BFF35B8F3A
:105FC00019460DF008FC012010BD034A01210348C9
:105FD0000BF088FA0020F7E70CD50300DC9F0300E4
:105FE00030B583B00546194C00E00C34184B9C4288
:105FF0002AD2636801A9284698470028F5DB019951
:1060000023888B828B84A2682846FFF7C9FFD8B10A
:10601000019843681B6803B19847019B1033BFF395
:106020005B8F53E8001F41F0010143E80012002A92
:10603000F7D1BFF35B8F01984368DB69002BD4D0A5
:1060400000F110019847D0E703B030BD249F030052
:10605000489F0300F8B504460E4615464FF48032BB
:106060000023002108460DF0E2FB074640B1042161
:106070000C300FF0A6FB0470467045803846F8BD22
:106080002346034A012103480BF036FAF6E700BF26
:1060900030D50300DC9F030070B582B00B8A032B60
:1060A00017D906460C46042104F10C000FF0BAFB88
:1060B00005464288238A934213D14378C3B10378BB
:1060C000012B0BD0132B19D121463046FFF7FAFED6
:1060D00004E0114A012111480BF004FA002002B03B
:1060E00070BD00920E4A01210C480BF010FAF5E742
:1060F0000C4A012109480BF0F5F9EFE70A4A0221A1
:1061000006480BF0F9F969780022009213463068CE
:106110000DF0B9FBE2E700BF58D50300DC9F030098
:1061200078D503009CD50300C0D50300F8B50C4614
:106130000B8A032B11D905461646042104F10C00E5
:106140000FF070FB4788394628460DF0BCFB68B15C
:10615000324621460DF023FBF8BD094A01210948CA
:106160000BF0C0F920460FF0E4FAF5E73B46064A8B
:10617000022104480BF0C0F920460FF0DAFAEBE7F1
:10618000E8D50300DC9F030008D60300522833D86B
:106190001B2821D3A0F11B03372B2FD8DFE803F0F6
:1061A000372E393B2E2A352E372E2E2E2E2E2E2EE2
:1061B0002E2E2E2E2E2E2E2E2E2E2E2E2E2E2E2EFF
:1061C0002E2E2E2E2E2E2E2E2E2E2E2E2E2E2E2EEF
:1061D0002E2E2E2E2E2E2E3319280FD843B26BB111
:1061E00001238340104A1A40BAB9104A1A402AB112
:1061F0000120704701207047D22810D010F0400FC6
:106200000FD10620704700207047022070470320FE
:106210007047052070470420704702207047002017
:1062200070470020704700BFAAAA8A025455450152
:106230002DE9F0410346806850F8342BD2F80080F5
:10624000DD68DE881F6900210DF008FC10B175B112
:1062500000240AE0074A012107480BF043F906E051
:1062600039464046A8470134A4B2A642F8D8BDE852
:10627000F08100BF68D60300AC9F030010B58468AE
:10628000002104F134000DF0E9FB48B1A36B33B1F8
:106290004FF47022002304F1580007F055F910BDA7
:1062A000024A012102480BF01DF9F8E768D6030005
:1062B000AC9F030010B5837A072B0DD104210DF09C
:1062C00002FB044678B1002130300DF0C7FB80B1ED
:1062D00054F8044C204610BD094A022109480BF02D
:1062E00001F90024F6E7084A012106480BF0FAF804
:1062F000F0E7064A012103480BF0F4F80024E9E72F
:1063000084D60300AC9F030094D6030068D6030034
:10631000F0B583B000AF05460E46436A03B1883B33
:106320007B60002202E0013205E07B607C686CB19A
:106330002368AB42F7D0012A77D014F18803F4D058
:10634000D4F88830002BF0D0883BEEE70022002301
:10635000391D384806F000FE30BB7C6890220021D1
:10636000204613F079FA344BA36004F13C0012F09C
:1063700009FB7B683433BFF35B8F53E8002F43E89E
:1063800000610029F9D1BFF35B8F7B681D607968DC
:1063900028460DF076FB7C6820460DF0EAFA0028CE
:1063A0003FD0F523638341E02D686E4688B06B468D
:1063B00013F110022FD00C214AB10846042903DD45
:1063C000DFF87CC0C3F814C0082800DD9D610B29EC
:1063D00024DD0C253AB10321397000217970B970A0
:1063E000F9703868186100216FF300016FF3410103
:1063F0006FF382016FF3C501022363F38811C5F3C4
:106400000A0565F353216FF31F5100230B48F8F77A
:1064100047FCB5460AE06FF00041CDE76FF01B0581
:10642000D8E717236385638300E0002420460C37F8
:10643000BD46F0BDFC0800206C070020AC9F0300A7
:10644000B0D603002DE9F04182B000AF80460C4683
:1064500000220023391D324806F07EFD00BB0546B0
:1064600013F00AFC2F4B1A582F4B1A607E682C220F
:106470000021304613F0F0F9C6F80080786800215A
:106480004160816041628162FFF742FF034600285C
:1064900043D00433236028460837BD46BDE8F08169
:1064A0006D4688B06B4613F1100230D00C2142B11A
:1064B0000846042901DD1D4C5C61082801DDC3F894
:1064C00018800B2926DD0C243AB1032139700021F4
:1064D0007970B970F9703868186100216FF30001A4
:1064E0006FF341016FF382016FF3C501012363F381
:1064F0008811C4F30A0464F353216FF31F5100237E
:106500000B48F8F7CDFBAD466FF00B05C3E76FF016
:106510000041CCE76FF01B04D6E76FF00B05BAE73C
:10652000E008002008000000103D0020D8D603003D
:10653000AC9F030008B5011F014812F047F908BDE0
:10654000FC0800202DE9F04184B005460E461446B3
:10655000176800238DF808304FF42053ADF80A3047
:1065600002A900680CF00FFA58B100238DF80C3026
:1065700042F60103ADF80E3003A928680CF003FAC7
:1065800050BB616828680CF0FEF968BBE36893F8BB
:106590000080B8F1000F07D038460DF0ECF9A36881
:1065A0001B8AC01A404525DBA06804210C300FF07F
:1065B00008F92061068023695E800194104B0093E6
:1065C0000023A268294638460DF015FB002813DB8E
:1065D00023699BB101200AE023691BB15A88B242AA
:1065E00000D25E80012002E000232361012004B07C
:1065F000BDE8F0810020FAE70020F8E70020F6E788
:10660000F73903002DE9F04383B005468846144668
:10661000D2F80090D9F80470516800680CF0B3F912
:1066200020B10126304603B0BDE8F083952229460B
:1066300038460EF012FE0646207538B9294638460F
:106640000DF0C2F948B908232375EBE7E3681B781E
:106650000BB1002323750026E4E700272775A06807
:106660000FF085F802210C300FF0ABF82061A0F894
:1066700000800194114B00933B46A268294648468E
:106680000DF0B9FA002808DB2369002BCAD0484670
:106690000DF071F9A368002206E00DF08DF9207568
:1066A000C0E7198A0A445B68002BFAD1861AE368AE
:1066B0001B789E4294BF00260126B3E7CD39030024
:1066C0002DE9F04F93B005460E4614461768D7F8EB
:1066D000048000238DF8403042F60103ADF84230CB
:1066E00010A900680CF04FF928B90023A36001201D
:1066F00013B0BDE8F08F00238DF844304FF42053E1
:10670000ADF8463011A928680CF03DF940B938467B
:106710000DF031F90146606803464FF0000C0AE0C5
:10672000A3681BB15A88B24200D25E800120DFE725
:106730001A8A94445B68002BFAD1A1EB0C03032B5B
:1067400001D80020D4E70FF012F8814638460DF04A
:1067500012F96368002202E0198A0A445B68002B80
:10676000FAD1A0EB020A09F10C0B58460FF06EF8B3
:1067700082452DD238460DF0FEF86368002202E013
:10678000198A0A445B68002BFAD1801A20B36F681B
:106790000023009310230CAA29464046B847051E43
:1067A000A3DB227CAA4227D12A460CA9E06813F079
:1067B0005BF8002899D100236374042109F10C00CF
:1067C0000EF0FFFFA0600680A3685E8001208FE7C7
:1067D00058460FF03BF8D9E76368987A02F0B4FAAC
:1067E000002200230EF064FF8146002880D001467D
:1067F00060680EF0CDFFCAE7E16807A80CF0E1F889
:1068000060B1EAB20CA902A80CF0DBF868B102A9E9
:1068100007A80CF0B8F80028CDD066E7237C064A1C
:10682000022106480AF068FE5FE72B46044A02216F
:1068300002480AF061FE58E700D70300AC9F03004E
:1068400020D7030010B50446043804F13003BFF329
:106850005B8F53E8001F41F0010143E80012002A5A
:10686000F7D1BFF35B8F0DF039F9044904F15400FF
:1068700012F062FA206802F0A9F910BDE17202007C
:10688000F0B58BB004460D4616460378032B38D876
:10689000DFE803F002212B311D4B93E80300079042
:1068A000ADF82010090C8DF8221063792279E17877
:1068B000A07867780DF11C0CCDF814C004970390F4
:1068C000029101920093A379124A3146284608F0BA
:1068D000F3F80BB0F0BD104B93E803000790ADF850
:1068E0002010090C8DF82210DFE70C4A07AB07CA0D
:1068F00003C31A80D9E70A4A07AB07CA03C31A8041
:10690000D3E7084A0A2107A808F0D6F8CDE700BF68
:106910005CAA03006CAA030064AA030090AA030007
:106920009CAA030010D8030008B50EF09DFE00EBF2
:106930004000024B03EBC00008BD00BFC83C002074
:106940002DE9F04184B007460C460846FFF7ECFFFE
:106950000546D0F80880E668002107F134000DF004
:106960007DF868B3E3681B782B7100232B603378C4
:10697000D22B2DD004F10C000EF064FFADF80C000A
:10698000238AADF80E30AF603B681868002300938F
:10699000224604210CF050FF064668B110F1690F41
:1069A00027D06369BDF80C201344E360BDF80E30B6
:1069B0002382C5F808802E60304604B0BDE8F0811F
:1069C0000F4A01210F480AF08DFD6FF01506F3E71D
:1069D0003B68214618680EF0FDFD06460028C9D028
:1069E000094A012107480AF07DFD20460EF0A1FE6C
:1069F000E2E7064A012103480AF074FDD1E700BF2F
:106A000068D60300AC9F030040D7030054D70300AF
:106A100038B504460079FFF7B9FB0546A068E0B138
:106A20000368D3B11B68C3B123684BB90CF0A1FF55
:106A300060B1052D11D8DFE805F0110D1011100D12
:106A4000084A012108480AF057FD06E020460DF0EB
:106A500058FBEEE72046FFF711FC38BD2046FFF754
:106A6000E7FBFAE778D70300AC9F030070B582B06C
:106A700006460C46551C0CF07EFF85420BD820467E
:106A8000FFF784FB02280FD004280DD04FF0FF320F
:106A90004FF0FF330BE000950346114A02211148E5
:106AA0000AF035FD002511E04FF47022002300218B
:106AB0000D480CF0BCFE054658B1FFF735FF866067
:106AC000012105F10C000EF07CFE0470284602B096
:106AD00070BD2346054A012102480AF00DFDF5E785
:106AE00098D70300AC9F0300B809002030D50300FD
:106AF0002DE9F04182B006460D46071F38460CF0DE
:106B000093FF2B8A7BB18046012105F10C000EF02A
:106B100089FE044698F80A30072B09D156F8043C40
:106B200033B1002309E0244A012124480AF0DAFCA9
:106B3000002002B0BDE8F08101331D2B1DD894F870
:106B400000C01F4A12F833209445F5D11C4E06EBC5
:106B5000C3062B8A7278934224D373682946384639
:106B60009847B378012BE3D10028E1D003460022F7
:106B7000217838460DF050FBDAE72378114A0221DC
:106B80000E480AF0B9FC24782046FFF7FFFA0028E7
:106B9000CED00528CCD006230022214638460DF061
:106BA0003BFBC5E722780092074A012103480AF01F
:106BB000AEFC0420D5E700BFC0D70300AC9F0300A4
:106BC00068D80300DCD70300F8D703002DE9F041B3
:106BD0008AB0044616461D4603688846003918BF29
:106BE000012118680EF081FC28B175B901273846DB
:106BF0000AB0BDE8F081032104F134000CF0E2FF9B
:106C000008B10027F3E71227F1E700230493059367
:106C100006930793089309933EB11A4631462046DE
:106C2000FFF724FF059000283AD023681B680493DF
:106C30008DF81880BDF84030ADF82230119B0793D5
:106C4000BDF84830ADF8203001238DF8243004AB76
:106C50000293144B019300220092134629462846C2
:106C600001F096F89DF8247037B905990029BED037
:106C700020460DF082FABAE726B9B8F1180F0CD009
:106C80000027B4E705980EF054FD9DF824302A46FD
:106C9000414620460DF0C0FAEFE79DF82470A6E7C4
:106CA0001127A4E74D3B03002DE9F0418846174624
:106CB000FFF700FB044610B3446A1CB3883C14F190
:106CC000880607D0D4F8886026B1883E02E03346B3
:106CD00034461E46C4B17D1C20460CF04CFE854255
:106CE00007D9002EF3D0D6F88830002BF0D0883B9F
:106CF000EEE73A4641462046FFF7B8FE04462046F6
:106D0000BDE8F0812646E5E77B1C034A02210348E3
:106D10000AF0F2FBF3E700BF18D80300AC9F0300B2
:106D2000F8B504460F464FF47022002311480EF0C8
:106D3000BFFC0646A0B120460CF01BFEB8B90921E5
:106D400006F10C0528460EF038FD3046FFF7ECFD45
:106D50008460012128460EF034FD07703046F8BDEE
:106D60003B46054A012105480AF0C6FBF6E70B2120
:106D7000E6E700BFB809002030D50300AC9F030050
:106D80002DE9F0418AB00546884616461F46002484
:106D9000059406940794089409941121FFF7C0FF05
:106DA000079050B30595CDF8188001210C300EF0F6
:106DB00008FD089022460470099405AB0293104B1D
:106DC0000193009423463946304600F0E1FF089BCA
:106DD0001C7844B1079928460DF0CFF900242046CD
:106DE0000AB0BDE8F08107980EF0A3FC0A233246F2
:106DF000102128460DF010FAF1E71124EFE700BF4B
:106E00004565020070B588B006460D46036801214D
:106E100018680EF06AFB50B9032106F134000CF03B
:106E2000D1FE10B1002008B070BD1220FBE7002396
:106E3000049305930693079321213046FFF770FFD3
:106E4000069058B304962B8A012B21D905F10C002A
:106E50000EF0F0FC044601238DF81C3004AB0293C5
:106E60000F4B0193002200921346014600F090FF61
:106E70009DF81C30002BE6D006980EF05AFC9DF8C9
:106E80001C302246202130460DF0C6F90020CAE70A
:106E9000069930460DF071F90020C4E71120C2E7D1
:106EA000593D030070B588B006460D4603680121C0
:106EB00018680EF01AFB50B9032106F134000CF0EB
:106EC00081FE10B1002008B070BD1220FBE7002346
:106ED00004930593069307930F213046FFF720FF95
:106EE000069058B304962B8A012B21D905F10C008A
:106EF0000EF0A0FC044601238DF81C3004AB029375
:106F00000F4B0193002200921346014600F040FF10
:106F10009DF81C30002BE6D006980EF00AFC9DF878
:106F20001C3022460E2130460DF076F90020CAE7CB
:106F3000069930460DF021F90020C4E71120C2E780
:106F4000D93D0300F0B589B004460F4616461D46EC
:106F50000368012118680EF0C8FA20B16DB9012646
:106F6000304609B0F0BD032104F134000CF02AFED4
:106F700008B10026F4E71226F2E7002304930593F4
:106F80000693079331462046FFF7CAFE069030B3BA
:106F90000494BDF83830ADF8143001238DF81C305E
:106FA00004AB02930F4B0193002200921346294633
:106FB000284600F0EDFE9DF81C6026B90699204693
:106FC0000DF0DBF8CCE706980EF0B3FB9DF81C3013
:106FD0002A46394620460DF01FF90026C0E7112643
:106FE000BEE700BFD93D03002DE9F0418AB0054658
:106FF000884616461F460024049405940694079478
:10700000089409940921FFF78BFE069068B3049554
:10701000CDF8148001210C300EF0D3FB07902246EE
:1070200004700A238DF8243004AB0293104B0193B3
:10703000009423463946304600F0AAFE9DF82440CD
:107040003CB9069928460DF098F820460AB0BDE8EC
:10705000F08106980EF06DFB9DF824303246082131
:1070600028460DF0D9F80024EFE71124EDE700BF22
:10707000056602002DE9F0418AB005460E46174626
:1070800098460024059406940794089409940721CF
:10709000FFF746FE069060B3059522460794CDF8AB
:1070A00020809DF840308DF824300A238DF825305B
:1070B00005AB0293104B01930094234639463046AA
:1070C00000F066FE9DF825403CB9069928460DF073
:1070D00054F820460AB0BDE8F08106980EF029FB6E
:1070E0009DF825303246062128460DF095F80024FB
:1070F000EFE71124EDE700BFC166020070B588B06C
:1071000004460E4615460023049305930693079301
:107110000521FFF705FE0590F8B1049404AB029336
:107120000F4B01930022009213462946304600F08F
:107130002FFE069B33B1059920460DF01EF8002066
:1071400008B070BD05980EF0F4FA0A233246042107
:1071500020460DF061F80020F2E71120F0E700BFB3
:107160003B3E030000B583B002460B46002101916F
:1071700012F082FD0C4909580C48006888420DD075
:1071800001A90B4805F0E8FE58B9019800230360F7
:1071900043608360C36003B05DF804FB00221346C4
:1071A000EEE70020F7E700BF08000000103D0020D8
:1071B0001809002010B50446806818B10EF0B9FA1D
:1071C0000023A3602146024811F000FB10BD00BF60
:1071D000180900202DE9F04782B004460F46914679
:1071E0001E46583011F0F8FDA06BF0B1144B9842D8
:1071F00022D045684FF0000AC0F804A0A06BD0F878
:107200000C80FFF7D7FFC4F838A020680CF0DBFE35
:107210003DB123681868CDF800804B463A463146A8
:10722000A847002002B0BDE8F087064A02210648C0
:107230000AF058F90025E8E70025A563E5E700BF57
:10724000143D002034D80300AC9F030008B5CA6881
:10725000836B4BB107498B4208D0D37843B10022EE
:107260001146FFF7B7FF08BD0E23F8E70E23F6E738
:107270000E23F4E7143D002070B582B0054602E00D
:1072800018460EF056FA0022002305F10C000EF00D
:1072900015FA03460028F3D10CE0AB6011E0E36877
:1072A000009300231A466FF067012868B047204614
:1072B000FFF780FF6C6844B123686B60AA68A24244
:1072C000EBD06668002EEAD1F1E700232B60294657
:1072D000024811F07BFA02B070BD00BFE008002048
:1072E000B0B58AB000AF044650F8583C18680CF0AE
:1072F000B8F91E2207F10801FFF7C2FA6D46002314
:107300003B7102237B7188B0EC461CF1100215D052
:107310000E2022B1042802DD264BCCF814300023C5
:107320003B7002237B70B2B1082803DD07F108032C
:10733000CCF818300CF11C0300210AE06FF000407B
:10734000E7E701F1280EBE441EF828EC03F801EB34
:1073500001310129F5D90D2829DD0E234AB1032178
:10736000397100217971B9710121F9717868CCF80E
:10737000100000216FF300016FF341016FF38201F0
:107380006FF3C501012060F38811C3F30A0363F3AF
:1073900053216FF31F5100230748F7F781FCAD46D7
:1073A000A4F154000DF080F92837BD46B0BD6FF050
:1073B0001B03D3E74CD80300AC9F030008B5836BD5
:1073C0008B4201D0002008BD034B83630846FFF7C2
:1073D000F1FE0120F7E700BF143D00208068034B59
:1073E000984214BF00200120704700BFA176020020
:1073F00010B559B10268B2F810E08E4506D81E4BA0
:107400001C6894B1A4F10803002125E000F10803F1
:1074100000228260184A52681AB11360164A5360FB
:1074200010BD154A53601360FAE72346ECE731B10B
:1074300000F10802083110480DF009FAF0E700F1F8
:10744000080284600C4B1A605B68002BE8D10A4B81
:107450005A60E5E719461346002BE1D01A68B2F8E6
:1074600010C0E645E3D313F10802F3D09A68002A6E
:10747000F0D0083AEEE700BF603D0020064B1A68E6
:10748000C0F801209A889B79A0F80520C3710023D9
:1074900003700381704700BF74C50300044B1A6872
:1074A000C0F801209A889B79A0F80520C371704725
:1074B00074C5030070B50646002414B100252846A3
:1074C00070BD0D4D05EB041566B123010A4901EBB2
:1074D00004120132C95C30460CF09CF80028EED151
:1074E0000134EAE7284607220449013012F0BCF9CA
:1074F0000028F5D1E3E700BF403D002074C503003C
:1075000070B506460D4600240CB1002070BD04EB9A
:1075100044030C4A12F823309E4201D00134F3E7B1
:1075200004EB440302EB830007222946013012F0EA
:107530009BF90028F2D104EB4404024800EB8400DC
:10754000E4E700BF503D0020F8B507460D46002493
:1075500014B100263046F8BD04EB840605EB460660
:1075600067B104EB84033246013215F81310384634
:107570000CF050F80028EDD10134E9E704EB840069
:1075800005EB400007220349013012F06DF9002895
:10759000F2D1DFE774C5030070B50646002414B1CC
:1075A0000025284670BD0D4D05EB041566B123017D
:1075B0000A4901EB04120132C95C30460CF02AF88A
:1075C0000028EED10134EAE72846072204490130B9
:1075D00012F04AF90028F5D1E3E700BF703D002022
:1075E00074C503000D4BBFF35B8F53E8002F42F0CF
:1075F000020143E800100028F7D1BFF35B8F12F0BF
:10760000020F0AD1064B05E05A6806490888024471
:107610000A800833044A9342F6D370475C3D002049
:10762000649F0300404600207C9F0300F8B5064697
:107630000F4615461C46FFF763FF844670B1BCF841
:10764000083013B9BCF80A30F3B123462A460CF1CE
:107650000A010CF108000DF04CF9F8BD0D49FFF7D7
:107660004FFF844650B1034603F8016B3A68C0F8F7
:107670000120B988BA7999809A71E0E7064A012118
:10768000064809F02FFFE8E7ACF80850ACF80A40CC
:10769000E3E700BF74C5030070D90300C49F030073
:1076A0002DE9F8431C46BDF82030CF68002B50D19F
:1076B00081460E46631E9BB2012B4DD8012C1DD96D
:1076C0005378157845EA032539464846FFF73CFFCD
:1076D0008046A8B13B6943B12A463146484698479F
:1076E000002809DB0138012839D8A8F808507B891F
:1076F0009D4225D14DB32046BDE8F8831578E3E7D8
:107700000DB92046F8E739460020FFF71DFF8046F7
:1077100070B1D9F88830C0F80130B9F88C2099F8E8
:107720008E30A0F80520C37199F808300370D1E7B6
:107730000C4A02210C4809F0D5FE6FF01000DBE77F
:10774000394630460DF034F9D4E74046FFF796FE4F
:10775000D1E76FF00600CFE76FF00C00CCE76FF0D9
:107760000D00C9E790D90300C49F03002DE9F04143
:107770001E46BDF81830012B30D804461746B046D7
:107780003344012B2DD8FFF795FE0546C8B132468C
:10779000394628460DF0CFF830B3D4F88830C5F814
:1077A0000130B4F88C2094F88E30A5F80520EB71E8
:1077B000237A2B70012128460DF050FA4046BDE88F
:1077C000F081FFF777FE05460028E0D1084A022144
:1077D000084809F087FE6FF01008EFE76FF0060821
:1077E000ECE76FF00C08E9E76FF01208E6E700BF7E
:1077F000ACD90300C49F0300F8B507460E46069DAA
:1078000005F11403BFF35B8F53E8001F21F004015F
:1078100043E80012002AF7D1BFF35B8F8EB92B8AA1
:1078200023B92C681A4629463846A04730460DF041
:10783000D7F804466B6823B32A4601463846984772
:10784000F8BD3846FFF7A8FE01460028F8D0836847
:1078500013B11C6800220AE01C46FBE72B463846A1
:107860000DF0E3F8E2E720461A4623460446002BD3
:10787000DCD005F1180C9C45F0D0002CF3D020682A
:10788000F2E7AB68002BDBD0054A0221054809F07E
:1078900029FEAB680022214638469847D0E700BF52
:1078A000D8D90300C49F030038B5044600F1880509
:1078B0002946007A0BF0BFFA38B92946207AFFF73B
:1078C0001FFE08B10DF01AFA38BD2946207A0DF0D6
:1078D0001AFA03460028F7D0024A0121024809F0AB
:1078E0000BFEF1E710DA0300C49F030010B5044655
:1078F000164BBFF35B8F53E8002F22F0020243E8E0
:1079000000210029F7D1BFF35B8FBFF35B8F1B68AA
:10791000BFF35B8F13F0010F04D120460CF060FF22
:1079200030B910BD00220023094805F00DFEF4E730
:107930002046FFF7BFFD0028F3D0027A12F0010FB6
:10794000EFD001210DF08AF9EBE700BF08250020F8
:10795000D824002010B502460B46164CBFF35B8FAF
:1079600054E8001F41F0010044E8000CBCF1000F96
:10797000F6D1BFF35B8F11F0010F0DD1A4F15001CF
:107980000A834B83BFF35B8F0A4B1B68BFF35B8F8C
:1079900013F0020F07D010BD0749881E0CF0A9FF95
:1079A0000028EFD1F7E74FF4A4720023034805F055
:1079B000CBFDF0E708250020D2240020D8240020A9
:1079C0002DE9F04F87B006460F4690469946DDF800
:1079D00044A0DDF848B01B4B1D6845B1083D06E0EA
:1079E000002411E000240FE0AD6805B1083D2DB37F
:1079F00015F1080FF4D0AB68002BF3D053F8083C16
:107A00001B8AB342F0D900246B68A342ECD92868E2
:107A100004EB840300EB8300018ACDF810B0CDF8AD
:107A20000CA010AB0293CDF80490CDF800803B463B
:107A300032460DF09FF908B10134E5E707B0BDE823
:107A4000F08F00BF603D002070B5234BBFF35B8F0C
:107A500053E8001F21F0080143E80012002AF7D183
:107A6000BFF35B8F4FF4A47200231C48FAF750FB5E
:107A7000002404B170BD1A4D05EB04156E1C0722DD
:107A80001849304611F0F0FE18B32B7A13F0010FAD
:107A90001FD031460020FDF765FF064620B10CF0EF
:107AA000A1FE30460BF040FD230108330C4A13447D
:107AB0000433BFF35B8F53E8001F21F0020143E85A
:107AC0000012002AF7D1BFF35B8F002128460DF08A
:107AD000C5F80134CDE700BF082500206024002050
:107AE000403D002074C503002DE9F04F83B00546EA
:107AF0001646FFF773FC009078B1EF687B8963B19D
:107B00000024A1466CB1B9F1000F06D100237B819E
:107B1000FB6813B1002128469847012003B0BDE857
:107B2000F08F04EB840807EB4808B8F80830CBB1B5
:107B300004EB840308F1010A524617F8131030468B
:107B40000BF068FD98B904EB8403514617F8130055
:107B5000FDF708FF034628B1827A072A04D01846A9
:107B60000BF0E2FC0134CDE7DDF80090F7E706F119
:107B7000880301931946307A0BF05DF950B90B4B2D
:107B80009F4203D04046FFF779FCEBE73046FFF712
:107B90008BFEF7E7D6F88830C8F80130019B9A8849
:107BA0009B79AAF804208AF80630DBE7AC070020AE
:107BB00000B585B00A4601230293042301930823EC
:107BC0000093034B03490DF00EF905B05DF804FB7B
:107BD000AB4F0300C353030000B585B00A464B68A2
:107BE000012102918B40019320230093034B044910
:107BF0000DF0F9F805B05DF804FB00BF254F030058
:107C0000AF4E030000B585B00A464B6801210291D2
:107C10008B4001930E230093034B04490DF0E3F8CE
:107C200005B05DF804FB00BF4B4F03007D4A030025
:107C300000B585B00A4601230293042301930C2367
:107C40000093034B03490DF0CEF805B05DF804FB3B
:107C5000974E0300C353030000B585B08C46114610
:107C60000CF11403BFF35B8F53E800EF4EF0080EE6
:107C700043E800E2002AF7D1BFF35B8F01230293B0
:107C80000423019312230093034B62460DF0ABF8DB
:107C900005B05DF804FB00BF714F03000B4B1A6881
:107CA000C0F801209A889B79A0F80520C3710023B1
:107CB00003720C30BFF35B8F50E8002F40E80031B7
:107CC0000029F9D1BFF35B8F704700BF74C5030073
:107CD000114BBFF35B8F53E8002F42F0010143E8E3
:107CE00000100028F7D1BFF35B8F12F0010F00D016
:107CF000704710B5FFF776FC084C0949204611F093
:107D00001BF84FF4A47200232046FAF7F9F905494D
:107D1000054811F011F810BD5C3D002060240020E2
:107D20004B52030025830200D824002028B3844648
:107D3000008A38BB70B4144D012203E06B68134411
:107D40009AB20835114B9D421AD22C686445F5D879
:107D50006E6806EB86039B00143B23446345EDD31A
:107D600000239E42EDD903EB830104EB81016145C1
:107D700005D00133013292B2F3E70020704710467C
:107D800070BC7047704700BF649F03007C9F030076
:107D90002DE9F04F89B08246079190469946139F8E
:107DA000DDF850B0BDF848301BB94FF6FF73ADF8A1
:107DB0004830244B1B88534537D3234E0124139757
:107DC0005746DDF84CA023E001350134A4B27368B6
:107DD000AB421BD905EB8500CDF810B0CDF80CA057
:107DE00012AB0293CDF80490CDF80080079B069A61
:107DF0002146376807EB80000CF0BCFF0028E3D178
:107E000009B0BDE8F08F00250697E0E7069F083629
:107E10000E4B9E4205D27368E118B942F3D28CB280
:107E2000F5E7CDF84CA0BA46139FCDF808B00197FE
:107E3000BDF8483000934B46424607995046FFF73D
:107E4000BFFDDDE740460020649F03007C9F0300E8
:107E500010B5CCB00023489349934A934B931CAA86
:107E600048A904A809F081FE18B304AC0294174B8A
:107E700001930022009213464FF6FF710120FFF795
:107E800087FF2146124809F00DFFC0B110211048AC
:107E90000CF019FD0F4BBFF35B8F53E8001F41F04F
:107EA000080143E80012002AF7D1BFF35B8F4CB002
:107EB00010BD094A0121094809F014FBF7E7084AF7
:107EC0000121064809F00EFBF1E700BFBF4A03009D
:107ED000502400200825002028DA0300C49F030056
:107EE00044DA03002DE9F04184B004460D461646FD
:107EF0001F461F49A1F1300010F07DFFBFF35B8FDB
:107F00001C4B1B68BFF35B8F13F0080F17D0204684
:107F1000FFF7D0FA18B1027A12F0010F12D1102334
:107F20000293154B0193BDF8283000933B4632462F
:107F3000294620460DF06FF804B0BDE8F081FFF748
:107F400087FFE4E700F10C08002140460CF026FE14
:107F50000028E4D1BFF35B8F58E8003F43F00203F1
:107F600048E80032002AF7D1BFF35B8FD7E700BFA4
:107F700090240020082500205024002008B5BFF3DD
:107F80005B8F054B1B68BFF35B8F13F0080F00D0AE
:107F900008BDFFF75DFFFBE70825002000B587B0AF
:107FA00001460022059205AB0293054B0193009216
:107FB0001346FFF7EDFE059807B05DF804FB00BF20
:107FC000A54903002DE9F0410746066884881C4B4B
:107FD0001B686BB11A4B5B6803B1083B1A685B689E
:107FE00003EB83039B00143B13441D8AA8460AE05D
:107FF000144B1D884FF0000805E0A8420CD9054637
:108000001436013CA4B2A6B19CB1308A0028F4D148
:108010000135ADB23582F3E7FFF7C0FF0028EFD09E
:10802000338A094A0121094809F066FA6FF0150000
:1080300004E041463846FFF7DBF90020BDE8F08157
:10804000603D00204046002060DA0300C49F03002A
:1080500030B583B00446FFF7C5FA236818680023DB
:108060008DF800304FF4C053ADF8023069460AF085
:108070008AFC78B32368186800238DF8043041F631
:108080000103ADF8063001A90AF07DFC10B305F03C
:1080900049FD2046FFF796FF051E1EDBBFF35B8FF1
:1080A000114B1B68BFF35B8F13F0010F18D02268D0
:1080B000636803EB83039B00143B1344198A108A03
:1080C000FFF748FCFFF7C0FC05F044FD00252846FB
:1080D00003B030BD6FF07705F9E705F03BFDF6E73B
:1080E00005F038FD0025F2E75C3D002010B584B0B6
:1080F00004460A46002303600290074901910121CA
:1081000000914FF6FF718088FFF742FE206800382B
:1081100018BF012004B010BD194A030010B586B085
:1081200000240594FFF702FE013080B205AB0293F4
:10813000054B01930094234622460146FFF728FE93
:10814000059806B010BD00BFAB4903002DE9F0470C
:1081500082B005460F4614465668942231460DF00B
:108160007CF800283CD10222314628460DF098F8D0
:1081700000283DD0A68A023600961D230022214603
:1081800028480CF022FE8146002848D032461D21A6
:108190002846FEF789FD804690B301230022114650
:1081A0000CF049FB08F10C0A022150460DF009FBC6
:1081B000064626F8027BA18A50460DF002FBA28AF1
:1081C0002169304611F020FBC9F80880494628464D
:1081D0000CF091FA0446F0B9204602B0BDE8F087F1
:1081E000114A0221114809F07DF94FF0FF34F3E7FD
:1081F0000F4A02210D4809F075F96FF01504EBE7FD
:108200000C4A0221094809F06DF94846FEF7D2FFF1
:108210006FF00B04E0E74846FEF7CCFFDCE76FF0B9
:108220000B04D9E7ED49030084DA0300C49F03007F
:108230009CDA0300C8DA0300BFF35B8F374B1B687F
:10824000BFF35B8F13F0040F5ED030B58DB00546E1
:108250000C4610B1837A072B59D160680590FFF75F
:1082600065FDADF81800216841B305A8FFF73EFF92
:1082700000284FD0059B6360059B186800238DF88C
:108280002C3042F60303ADF82E300BA90AF07BFB2D
:1082900048B90598C3689B7913F0200F13D00CF0F0
:1082A0007BFFADF818008DB10123A3752246BDF800
:1082B00018102846FFF74AFF0DB030BD0028DBD16B
:1082C0006FF00100F8E76FF01500F5E76FF07F033E
:1082D00007930223ADF8203009940023A3758DF88D
:1082E000283042F60212ADF82A2005AA02920C4A62
:1082F0000192012200920AAA4FF6FF71BDF8180000
:10830000FFF746FD0798D7E76FF00A0070476FF058
:108310007F00D1E76FF00100CEE700BFCC03002063
:10832000B186020010B582B0034630F8082CADF8D3
:10833000042030F8062CADF80620A0F1200100F151
:108340003004BFF35B8F54E8002F22F0010244E8B1
:1083500000200028F7D1BFF35B8F002023F8080C22
:1083600023F8060C0E4A43F81C2C0E4A43F8182C2E
:1083700001AA43F8102C042223F80C2CFFF75CFF11
:1083800008B102B010BDBFF35B8F54E8003F43F06B
:10839000020344E80032002AF7D1BFF35B8FF0E715
:1083A0001CDC0300ED78020038B5044600F18801BA
:1083B000007AFFF7A5F800B3054603890BB9438996
:1083C000DBB12046FDF7DEF92B890F4A22F8203079
:1083D0006B8902EB800253800C4D00EB400305EBF0
:1083E000C3030B4959600B4999601A6104229A82B0
:1083F00019462046FFF720FF00B938BD064A012183
:10840000064809F06FF8F8E7243D0020283D0020D9
:108410001CDC03003B4D0300F0DA0300C49F0300A3
:108420002DE9F04782B000AF0646D2F80080FEF793
:10843000D5FF18B1D6F80C90002424B101200837DC
:10844000BD46BDE8F08704EB840309EB43031B89B9
:10845000002B54D004EB840309EB4302013219F8DA
:10846000131040460BF0D6F8002848D04FF4957210
:10847000314640460CF0F1FE08B103280AD04946C7
:1084800030460CF095FA224B9945D7D14046FFF77C
:108490008BFFD3E7EA4688B06B4613F1100230D069
:1084A0000C214AB10846042903DDDFF86CC0C3F88B
:1084B00014C0082800DD9E610B2925DD0C213AB18E
:1084C0000320387100207871B871F87178681861EC
:1084D0006FF300056FF341056FF382056FF3C50578
:1084E000022363F38815C1F30A0161F353256FF387
:1084F0001F55002329460748F6F7D2FBD54601341D
:108500009BE76FF00041CCE76FF01B01D7E700BF9E
:10851000AC070020C49F030010DB03002DE9F843E3
:1085200005460F4614465668942231460CF095FED7
:1085300058BB0122314628460CF0B2FE68B3A2892E
:1085400002321B212846FEF7AFFB804668B300F1DC
:108550000C09022148460DF034F9064626F8027B44
:10856000A18948460DF02DF9A289A168304611F085
:108570004BF901236269216940460CF05CF94146E0
:1085800028460CF0A3F8BDE8F8830C4A02210C48F9
:1085900008F0A8FF4FF0FF30F5E70A4A022108482B
:1085A00008F0A0FF6FF01500EDE7074A022104482C
:1085B00008F098FF6FF00B00E5E700BF84DA0300D6
:1085C000C49F03009CDA030024DB0300BFF35B8F2E
:1085D000354B1B68BFF35B8F13F0040F5AD030B5D7
:1085E0008DB005460C4610B1837A072B55D16068D3
:1085F0000590FFF79BFBADF81800216831B305A883
:10860000FFF774FD00284BD0059B6360059B18683D
:1086100000238DF82C3042F60303ADF82E300BA961
:108620000AF0B1F948B90598C3689B7913F0100FA7
:1086300011D00CF0B1FDADF818007DB12246BDF8A7
:1086400018102846FFF76AFF0DB030BD0028DDD1B5
:108650006FF00100F8E76FF01500F5E76FF07F03AA
:1086600007930122ADF82020099400238DF82830CB
:1086700042F60211ADF82A1005A902910B490191A9
:1086800000920AAA4FF6FF71BDF81800FFF780FBB1
:108690000798D9E76FF00A0070476FF07F00D3E7C3
:1086A0006FF00100D0E700BFCC030020B1860200CC
:1086B0002DE9F04707461646FEF790FE002800F029
:1086C000A780FD68544B9D422DD0002464E033699F
:1086D0001A6904EB4400538812884146DFF83CC114
:1086E0001CF82000FEF7A2FF0134002CEDD104EBB2
:1086F00044024A4B03EB820808F10108072248496B
:10870000404611F0B1F80028EED004EB44030722F4
:108710004146424810F82300FDF7D0F90028D6D092
:108720000AF002FFE0E70024DFE70AF0FDFE32E096
:1087300040460AF0F9FE2EE03A4A02213A4808F093
:10874000D1FE40460AF0F0FE25E004EB840205EB82
:108750004202128912F0020F49D03269B1884046B4
:10876000FFF7F4FC814670B93269937D013393754C
:1087700009E004EB840305EB43031B8913F0010FAD
:108780003AD14FF0000940460AF0CEFEC6F80890F4
:10879000B9F1000F39DB0134002C34D104EB840330
:1087A00005EB4303B3F808C0B3899C45F3D104EB50
:1087B000840305EB4301013115F81300FDF7D2F8EE
:1087C00080460028E7D0837A072BAED16B691BB1B6
:1087D000394698470028ABD09422394640460CF0E1
:1087E0003CFD82460028A7D1B389022BADD0012BD6
:1087F000BFD04FF00009C6E73269B1884046FFF7A5
:108800008DFE8146BFE74FF0010A5046BDE8F08774
:108810004FF0010AF9E700BFAC070020503D0020EF
:1088200074C5030084DA0300C49F0300837A072B16
:1088300023D170B584B004460D46061D0C21304688
:108840000CF0B9F9E0B901230293022301930093DC
:108850000D4B2A460D4920460CF0C5FA58B1BFF31E
:108860005B8F56E8003F23F4805346E80032002A2D
:10887000F7D1BFF35B8F04B070BD6FF07F0070471E
:108880006FF07700F7E700BF6B4E0300654A030007
:10889000837A072B23D100B585B04B6843B1012BF8
:1088A0000CD90B7B3BB1FFF797F905B05DF804FBE2
:1088B000FFF77EF9F9E7FFF7A5F9F6E74B895BB912
:1088C00001230293022301930A230093054B0A46D6
:1088D00005490CF088FAE8E7FFF7AAF9E5E76FF039
:1088E0007F007047834E0300C35303002DE9F04F10
:1088F00087B002AF78600D469046B1F808A0B1F895
:108900000AB05C1EA4B2561C25E04C4A01214C481A
:1089100008F0E8FD70E0023B9BB2514528D3594571
:1089200026D82A81D5F800900093B31C2A4600214E
:108930007868C84700285FD098F800309C426DD313
:108940002B896A89934261D001332B8198F80030DA
:10895000E41AA4B21E44002C60D0328891B20029DF
:10896000D3D098F80030A342D5D9A31E9BB2D4E748
:108970006C468AB002AB13F1100241D014208AB1C8
:108980000646042803DDDFF8BCC0C3F814C0082E77
:1089900000DD99610C2E01DDC3F81CA0102E01DD55
:1089A000C3F820B013282EDD14263AB105213973FF
:1089B00000217973B973F973F868186100216FF3B6
:1089C00000016FF341016FF382016FF3C5010223D0
:1089D00063F38811C6F30A0666F353216FF31F5140
:1089E00000231748F6F75CF9A5462C68002300938E
:1089F0002A460E217868A0471437BD46BDE8F08F9F
:108A00006FF00040BBE76FF01B06CEE72C6800213B
:108A100000910B462A467868A047EDE729467E6814
:108A20003046FFF735FF0028E6DA2C680023009374
:108A30002A460E213046A047DEE700BF50DB030088
:108A4000C49F030060DB0300F8B5837A072B45D190
:108A500005460C46FEF7A0FD0746002841D0836876
:108A600003B1183B0020064603E001209B6903B1D7
:108A7000183B3BB1A342F8D09989A2899142F5D124
:108A80000126F3E780B3022104F114000CF086F80C
:108A9000D8B93EB900232382164A21462846FFF75B
:108AA000DBF888B904F1180107F108000BF0FBFEB0
:108AB00038460BF0B5FF68B9CEB1266800231A46D8
:108AC00021462846B0470020F8BD214628460CF034
:108AD000B8FCDEE73846FEF7E1FCEDE76FF07F001B
:108AE000F2E76FF01500EFE76FF01500ECE70020FC
:108AF000EAE700BFF97702002DE9F04F89B006469A
:108B00000C461546FEF748FD70B107462A46214639
:108B100005A80CF04CFEB04635E000955B46294AAE
:108B20000121294808F0F3FC09B0BDE8F08FFEB13F
:108B3000B36903B1183B34461E46FCB1A38999457D
:108B4000F5D1214640460BF08BFF0028EFD05B4665
:108B50000AF10402214640462568A8470028E6D1CC
:108B600021464046FFF770FFE1E726460395E4E71C
:108B70003346E0E70395E0E70395DEE7039D5946BA
:108B800005A80CF04FFEBDF81830042BCCD90421F9
:108B900005A80CF047FE8246B0F80090B0F802B08D
:108BA000BDF818305B45B8D3BC68002CDDD0183C4C
:108BB00014F11806DED0A669002EDDD0183E03950C
:108BC000BBE700BFC8DB0300C49F030000B587B04C
:108BD000049001208DF8140004AB0293054B01931F
:108BE0000022009213464FF6FF71FFF7D1F807B04D
:108BF0005DF804FB21840200F8B505460E461746D1
:108C00000A4B1C6804B1043C74B1236843B13A4672
:108C10003146284698476468002CF5D0043CF3E7B9
:108C2000231DF8D11C46EFE7F8BD00BF683D0020CA
:108C300010B584B004460290084B019300220092C4
:108C400013464FF6FF710120FFF7A2F820460CF003
:108C500009F820460CF0C4F904B010BDE97A02000E
:108C60004268034B9A4200D07047C3681982FBE701
:108C7000C3530300F0B583B000AF05460020C0B376
:108C80006C4688B06B4613F1100243D00C213AB108
:108C90000846042901DD224E5E61082800DD9D6141
:108CA0000B293ADD4FF00C0C3AB103213971002148
:108CB0007971B971F9717868186100216FF3000159
:108CC0006FF341016FF382016FF3C501012363F379
:108CD0008811CCF30A0C6CF353216FF31F5100235E
:108CE0001048F5F7DDFFA5466FF00B000C37BD46C9
:108CF000F0BD00EB40031B010B4AD3580BB1013010
:108D0000BDE700EB4002084B03EB0213074A5A6031
:108D10000B60EBE76FF00041B9E76FF01B0CC3E7A6
:108D20007CDD0300FC9F0300803D0020A4DD0300E8
:108D3000034BC01A8010034B03FB00F0704700BFC9
:108D40008C090020A38B2EBA2C22024B02FB003090
:108D5000704700BF8C0900202DE9F04385B005461F
:108D6000039116461C46684610F00EFBDDE90089AB
:108D7000EFF31183402181F31288BFF36F8F698B6A
:108D8000D9B11F462B8B99420BD2002200232846D3
:108D900004F0D2F9044620B187F31188BFF36F8F36
:108DA00020E0698B4B1E6B8387F31188BFF36F8FB5
:108DB00028460CF01AFC044614E083F31188BFF334
:108DC0006F8F54EA060306D010F056FF1A4B1A585C
:108DD0001A4B9A4218D032462346284604F0ACF982
:108DE000044668B1039B93B9002363610123237296
:108DF000002363726360039B638220460CF053FC84
:108E0000204605B0BDE8F08300263446E3E742463D
:108E10004B46684610F0EEFADDE9002303A9204630
:108E20000CF0F6FB054660610028DFD120460CF00F
:108E300003FC2C46E4E700BF0800000018340020C3
:108E4000132810D80C4B13F810307BB10A4A02EBF0
:108E5000400252786AB1086800FB03F393FBF2F317
:108E60000B60002070476FF0150070476FF0150021
:108E700070476FF015007047F8DD0300074B0122C3
:108E8000C3F8002590F8863013B1044BDA607047C0
:108E9000024B01221A605A60704700BF0070004008
:108EA00069B938B5064CD4F82C56D4F8341689B2C2
:108EB00074300CF008FD0544C4F82C5638BD7047DA
:108EC00000700040F0B583B000230093CDF803306C
:108ED0000C7904F01F048E79072C66D80D460B78A8
:108EE0000B2B2FD8DFE803F00906161A2E1E2E2EA4
:108EF00022262E2A01238DF802306B78032B29D0ED
:108F0000042B2AD02A4A01212A4808F0EBFA6FF0F4
:108F100015073FE002238DF80230EEE703238DF8BA
:108F20000230EAE704238DF80230E6E705238DF8E6
:108F30000230E2E706238DF80230DEE707238DF8E2
:108F40000230DAE71C4A01211A4808F0CBFA6FF028
:108F500015071FE001238DF8033001A968880CF084
:108F6000B4FC0746C8B92B79C3F340138DF805301C
:108F70006A79124B234483F8A020114D6A4621469A
:108F800028460CF06CFC5134230105EB0414666098
:108F90000022EA50384603B0F0BD0A4A01210548D4
:108FA00008F0A0FA6FF01507F4E76FF01507F1E786
:108FB00040DE03008C9F030020DE030060040020DD
:108FC0000070004064DE030008B5037CA3F10802D2
:108FD000062A0DD8DFE802F0140C160C040C0A0067
:108FE0000222094BC3F8F025002008BD0322F8E750
:108FF000064A0121064808F07FFA6FF01500F4E7F1
:109000000022EEE70122ECE70070004090DE030052
:109010008C9F030008B5012901D9437C4BB9437CDF
:10902000082B0ED8DFE803F01515151515151515C5
:1090300015000A4A01210A4808F054FA6FF0150099
:109040000BE0084A0121064808F056FA6FF01500B7
:1090500003E0054AC2F8F435002008BDB8DE03007D
:109060008C9F0300ECDE03000070004010B582B05E
:1090700004460CF028FC236813B19B8903FB000015
:10908000E368834202D3002002B010BD0090044A7E
:109090000121044808F03BFA6FF00B00F4E700BF31
:1090A00010DF03008C9F030010B582B000F10804AC
:1090B000D0F88800410CC003084BC018084A4FF094
:1090C000000341F10001E3F71BFD00900191002234
:1090D0000023204605F0B2F802B010BD3F420F0059
:1090E00040420F00F8B54E68731EFE2B03D80D46A4
:1090F00000231C4619E0314A0121314808F0F2F9F9
:109100006FF0150339E02F4A01212D4808F0F4F9DA
:109110006FF0150331E003F1510212012A490020DA
:1091200088500133DBB2072B22D81A4626FA03F106
:1091300011F0010FEFD02549194491F8A070002FCC
:10914000E1D0697C003918BF0121DFF87CC00CEB4D
:10915000031EDEF8180520F0807040EA0160CEF8AA
:109160001805513212014CF802700134E4B2D8E70C
:109170002846FFF729FF034608B11846F8BD2146E7
:109180002846FFF747FF03460028F6D12146284628
:10919000FFF76CFF03460028EFD1AA680A4BC3F81B
:1091A0002C26C3F83046094C294620460CF0FFFB1C
:1091B00020460CF0EFFB0346DFE700BF38DF03007B
:1091C0008C9F030058DF0300007000406004002003
:1091D00070B504460D46084E0022114630460CF08C
:1091E000D0FB29462046FFF77DFF044606F14000EC
:1091F00003F0DCFF204670BD6004002010B50D4B6D
:109200000024C3F80441D3F80421C3F81041D3F873
:1092100010211222C3F80423072008F0AFFD2246D4
:109220000121072008F0B4FD03480CF0EFFB2046B5
:1092300010BD00BF007000406004002008B5114B55
:10924000D3F8043173B90F4BD3F810314BB10D4B38
:109250000022C3F81021D3F8102101229A601A606D
:109260005A6008BD074B0022C3F80421D3F804114B
:1092700001219960C3F80025014603480CF0CEFB9C
:10928000EFE700BF00700040600400200048704716
:10929000043E0020034BC01A8010034B03FB00F078
:1092A000704700BFC43D0020B76DDBB638B505463A
:1092B0000C46FFF7EFFF0146402203480CF08CFC00
:1092C00001462846A04738BD4C9D030030B583B009
:1092D00005460C46FFF7DEFF014640230093234678
:1092E000054A06480CF092FC011E01DB03B030BDBC
:1092F0002846A047FAE700BF555C03004C9D0300D9
:1093000008B510B101280DD008BD002108480CF0A7
:10931000EFFB836813F0070FF6D1002104480CF02F
:1093200049FCF1E7012102480CF044FCECE700BFE6
:109330004C9D030010B582B0EFF31184402383F3FA
:109340001288BFF36F8F154A136843F00201116052
:1093500013F0010F09D1002384F31188BFF36F8F3D
:10936000B3B90CF07FFC02B010BD0DF10702012172
:109370004FF080400CF0A0FB9DF80730012B01D08E
:109380000023E9E7FFF782FF0CF002FC0123E3E78B
:10939000002103480CF00EFCE5E700BF143E00205E
:1093A0004C9D030010B5EFF31184402383F3128822
:1093B000BFF36F8F074A136823F00201116013F0A7
:1093C000010F04D084F31188BFF36F8F10BD0CF030
:1093D0004EFCF7E7143E002070B582B00546012828
:1093E00007D14FF08043D3F81C3403F00303012B63
:1093F0004BD00FF02AFD044618B9284B1B78002BE0
:1094000038D1EFF31186402383F31288BFF36F8FB7
:10941000012424B94FF080430222C3F8082301AA93
:1094200000214FF080400CF047FB20B1019B012B45
:1094300026D0012D24D0FCB1304608F0DCFC4FF0E2
:109440008043D3F81835002BE9D14FF08043D3F88F
:109450000431002BE3D04FF080430022C3F80421F5
:10946000D3F804210122C3F818250D49C1F8802141
:109470009A60D4E70026CCE701200CF002FCDEE77E
:109480002CB186F31188BFF36F8F02B070BD4FF01F
:1094900080430222C3F80423F7E700BF54460020AC
:1094A00000E100E000B587B0CDF800D0CDF804D0E1
:1094B000002302930123039304AB049305936B46AB
:1094C000064A0CF0BFFB002805DB4FF48042002366
:1094D000684603F093FE07B05DF804FBAF5C030041
:1094E00008B5064B1B7803B108BD4FF4A5700FF00B
:1094F000A5F8024B01221A70F6E700BF5246002081
:1095000070B5064600220121104608F041FC1148C2
:1095100002F032F9104B984219D10DF0AFFB002444
:10952000012C12D8214630460CF0E2FA05462146BD
:1095300030460CF0EAFA094907F065FE002805DB21
:109540000123AB601C44E4B2EAE7002070BD6FF079
:109550000400FBE7019302000000AD0BA0DF030055
:1095600010B50446104B0121BFF35B8F53E8002F69
:1095700043E800100028F9D1BFF35B8F1AB1631ED6
:10958000012B0DD910BD09480CF0BFFA0849002382
:109590004B608B60CB6001238B6007F051FEEEE7E0
:1095A0002046FFF719FFEDE7C03D00204C9D03006A
:1095B000B03D0020EFF31182402383F31288BFF304
:1095C0006F8F0A4BD3F800316BB1084BD3F8080505
:1095D000C0B20021C3F80011D3F8003182F3118822
:1095E000BFF36F8F70476FF00A00F7E700D00040BD
:1095F000F0B586468578C478EFF3118C402383F369
:109600001288BFF36F8F067833464778AD1B25402D
:10961000AA4200D9AAB2B01820408EF800008CF3FC
:109620001188BFF36F8F084607E00EEB03025279F3
:1096300000F8012B01332340624602F1FF3C1FFA80
:109640008CFC002AF1D1BE420ED1EFF311834022EF
:1096500082F31288BFF36F8F9EF800208EF80120EE
:1096600083F31188BFF36F8F401A80B22D1A9EF8D2
:109670000430AB4202D3024B01221A60F0BD00BF9E
:1096800000D00040F8B50D46144613F0010F03D189
:109690002548FFF7ADFFF8BD0AB92046FBE7EFF319
:1096A0001186402383F31288BFF36F8F0D20F6F7E6
:1096B0006DFE07460D2008F066FB86F31188BFF3A8
:1096C0006F8F1A4B0022C3F80021D3F8002101222A
:1096D0001A60174B4FF40052C3F8802126460AE067
:1096E000EFF31180402383F31288BFF36F8F08F0EC
:1096F00082FB00E08EB10D4BD3F80031002BEFD090
:10970000FFF758FF0A4B4FF40052C3F8802100289E
:10971000F0DB013EB6B2A855ECE7002FBDD00D201E
:1097200008F02CFBB9E700BF483E002000D0004005
:1097300000E100E010B5FFF73DFF002806DBC4B2F2
:1097400021460A480CF0BFFA002800DB10BD214674
:1097500007480CF0B8FA002803DB064803F026FDA2
:10976000F4E7054B01225A60F7E700BF483E0020AE
:109770005D3E0020303E002000D00040F8B50F468E
:10978000144607E04FF0FF324FF0FF3306F11800A8
:1097900003F034FDBCB10D4E4FF0FF324FF0FF33FC
:1097A000304603F02BFD2246394606F14500FFF70F
:1097B0001FFF0546304603F0F9FC002DE2D0641B84
:1097C000A4B22F44E6E70020F8BD00BF183E0020F9
:1097D00010B5184C0122114620460FF0FCF801226A
:1097E000002104F118000FF0F6F80422082104F11A
:1097F00045000CF07BFA0C22102104F130000CF033
:1098000075FA0D4BD3F8042522F00102C3F80425A4
:109810000024C3F80041D3F800210121C3F8041348
:10982000196022460D2008F0B3FA0D2008F0A6FAC0
:10983000204610BD183E002000D00040034BD3F856
:10984000003413F0010FF9D0704700BF00E0014071
:10985000024B0B6001231360704700BF6C3E002079
:1098600000487047DCE0030000B587B002AB00227F
:1098700002920392049205920390049101228DF8C2
:109880001420064A00920193054801F0E1FF684662
:1098900001F0E4FF07B05DF804FB00BF595D030071
:1098A000645E010000B587B0029103900492012329
:1098B0008DF81430064B009302AB019341F64C50E7
:1098C00001F0C6FF684601F0C9FF07B05DF804FB70
:1098D000C15D030070B582B00E4615460EF085F8E6
:1098E0000446294630460CF023FA48B3B6FBF4F39D
:1098F00004FB136353B9B5FBF4F304FB13532BB907
:10990000AC420DD90024204602B070BD009533460C
:10991000154A0121154807F0FAFD6FF01504F2E72A
:109920004FF0FF324FF0FF33114803F067FC0DF0AA
:10993000B2F978B9294630460CF033FA04460EE005
:10994000009533460B4A0121084807F0E0FD6FF00F
:109950001504D8E729463046FFF786FF0446044839
:1099600003F024FCCFE700BF40E0030014A0030095
:10997000743E002060E00300F0B583B00C4616464C
:109980001D46194620460CF0D3F948B114F00307E0
:1099900010D115F0030F0DD1B5B9384603B0F0BDA5
:1099A00000952346164A0121164807F0B0FD6FF0D6
:1099B0001507F2E700952346134A0121114807F0E5
:1099C000A6FD6FF01507E8E74FF0FF324FF0FF33C9
:1099D0000E4803F013FC0DF05EF948B12A463146FB
:1099E0002046FFF75FFF0746084803F0DFFBD4E798
:1099F0002A46314620460CF008FA0746F4E700BF35
:109A000060E0030014A0030080E00300743E002027
:109A100070B582B00D4616461C46194628460CF015
:109A200087F918B164B9002002B070BD00942B46CC
:109A3000074A0121074807F06AFD6FF01500F3E7B8
:109A40002246294630460FF0DFFE0020ECE700BF3B
:109A500060E0030014A0030010B50122114607487E
:109A60000EF0B9FF01F0EAFE0DF0C3FF044C2060D8
:109A70000DF0BBFF6060002010BD00BF743E0020F1
:109A80006C3E002008B9024870470020704700BFB4
:109A9000609D03002DE9F04786B08846154699463B
:109AA000446801F01F06237B46EA431620460CF06B
:109AB000D1FA00285DD0B5F5001F2AD00DF10C0AAF
:109AC000002703970497494628460CF000FB8DF8C1
:109AD0000C00009701970297CDF804A0A36823FA21
:109AE00008F313F0010F02D1B5F1A07F18D01034A4
:109AF0006A46314620460DF01FFF214B98423BD16C
:109B00000122314620460DF03BFF002006B0BDE8A3
:109B1000F087314604F110000DF036FF0020F5E724
:109B200006F01F03720917D14FF0A04203F5E0734E
:109B300052F8233013F0010FD9D104F110050DF1C3
:109B40001702314628460DF003FF0E4B984205D010
:109B50000DF117030493CAE73A46E7E70DF1170141
:109B600028460DF009FF064B9842F1D06FF00B002C
:109B7000CCE76FF08500C9E76FF01500C6E700BFBE
:109B80000000AD0B0400AD0BF0B589B00F461446D4
:109B9000456801F01F062B7B46EA431610460CF081
:109BA0005EFA8DF81E0040F206332340B3F5837F42
:109BB00054D016D8062B4DD006D9B3F5807F0DD1E1
:109BC00001238DF81D3024E003B3022B03D10423BD
:109BD0008DF81D301DE06FF0150039E06FF01500B5
:109BE00036E040F2022293423CD0B3F5407F03D1ED
:109BF00003238DF81D300CE0B3F5007F03D1022361
:109C00008DF81D3005E06FF0150021E000238DF880
:109C10001D3014F4002F29D06A680123BB40C2F81C
:109C2000083528460CF016FA48B310350DF11F021E
:109C3000314628460DF08CFE074614F4403F37D1DC
:109C4000314628460DF090FE3C4B9F426ED00020DE
:109C500009B0F0BD06238DF81D30DAE707238DF833
:109C60001D30D6E705238DF81D30D2E714F4802F80
:109C7000D7D06A680123BB40C2F80C35D1E7C4F3E2
:109C800040438DF8083014F4803F0CBF01230023BB
:109C90008DF81030002401940DF11D0300930DF197
:109CA0001E0304AA02A930460CF046F92046CFE76D
:109CB00002AA00230293039304930593069305924B
:109CC00004AA314628460DF037FE1C4B98421DD1A0
:109CD00014F4003F1DD09DF81D308DF8103014F4A1
:109CE000803F0CBF012300238DF811309DF81E30FA
:109CF0008DF81230002304AA314628460DF020FECC
:109D00000E4B9842A0D06FF01500A1E76FF0150040
:109D10009EE700230493059306930DF11E0304931D
:109D200004AA314628460DF007FEE9E79DF81F100A
:109D300028460DF01DFE00208AE700BF0000AD0B95
:109D400010B5446820460CF085F908B9002010BD14
:109D5000103420460DF004FE08B10020F7E7002182
:109D600020460DF0F9FD094B98420BD1002208491D
:109D700020460DF0E9FD00220521062008F008F834
:109D80000020E4E76FF00400E1E700BF0000AD0B46
:109D9000076103002DE9F04F85B080460D46164659
:109DA000994644680294D0F810A00AF104031846BA
:109DB00003934FF0FF324FF0FF3303F01FFA0AF125
:109DC0001C0B00220023584603F018FA204602F02C
:109DD0008DFC002423464F461CE0002304EB440284
:109DE00005EB8201019300974B6855F82220097A10
:109DF000404600F007F9B0BB4FF4804200235846BC
:109E000003F0FCF90346B8B9DAF83410174A914266
:109E10001BD10134A6421BD9731EA342DDD9631C9A
:109E200003EB430305EB83031B7A13F0040F01D00C
:109E30000023D3E70123D1E7029802F067FC4046F4
:109E400000F0CCF86FF0040703E06FF0040700E0C7
:109E50001F46029802F05AFC039803F0A7F938460F
:109E600005B0BDE8F08F0746F3E700BF0000AD0B7B
:109E700008B50B690278012A0CD0022A0DD012B164
:109E8000074A5A6301E0074A5A6303F11C0003F0D2
:109E90008DF908BD044A5A63F7E7044A5A63F4E7A8
:109EA0000100AD0B0000AD0B0100AE0B0200AE0BCC
:109EB000B0B582B000AF044640682346826900F125
:109EC000080102F0ADFB2D4B984203D1002008376A
:109ED000BD46B0BD21686D4600233B7102237B71F6
:109EE00088B06C4614F1100211D00E201AB104286B
:109EF00001DD234B636100233B7002237B709AB129
:109F0000082800DDA16104F11C0300210AE06FF0C4
:109F10000040EBE701F1080CBC441CF808CC03F846
:109F200001CB01310129F5D90D2824DD0E2342B1E1
:109F30000321397100217971B9710121F9717868B2
:109F4000206100216FF300016FF341016FF3820183
:109F50006FF3C501012060F38811C3F30A0363F3B3
:109F600053216FF31F5100230648F4F799FEAD46C5
:109F70006FF00F00ABE76FF01B03D8E70000AD0BED
:109F8000A8E103002CA0030010B54468026911F099
:109F9000010F1BD1C1F34203012B09D0022B0FD0BB
:109FA0000C4A01210C4807F09DFA6FF0150006E0FD
:109FB00023684FF0CC70C3F824051160002010BD59
:109FC00023684FF0CD60C3F82405F6E76FF0150065
:109FD000F5E700BFC8E103002CA0030008B5436803
:109FE0001B68D3F80805D3F80C1502F0C7FB044B27
:109FF000984201D1002008BD6FF00F00FBE700BFC1
:10A000000000AD0B30B587B09DF82C50406800249F
:10A010000194029403940494059401F001048DF8D2
:10A020000440BDF828C08DF805C00293049211F0D9
:10A03000080F06D111F0020F0BD165B9CCB920225F
:10A040000AE0104A0121104807F04CFA6FF0850031
:10A050000DE0002200E0402201A902F075FB0B4B4D
:10A06000984209D00B33984208D16FF00F0007B027
:10A0700030BD6FF08500FAE70020F8E76FF00400CC
:10A08000F5E700BFDCE103002CA003000000AD0BEE
:10A0900030B500F01F0C400917D14FF0A04E0CF561
:10A0A000E0705EF820500A4C2C4041EA420141EA3F
:10A0B00083039DF80C2043EA02239DF8102043EA15
:10A0C000024323434EF8203030BD4FF0000EE6E748
:10A0D000F0F8FCFFF0B583B005460E4617460024A5
:10A0E0001AE04FF0FF302EE0C7F80805D1B3B0F109
:10A0F000FF3F0FD055F80E3013F4004F00D001226F
:10A100004FF0000CCDF804C00091C3F34123614629
:10A11000FFF7BEFF0134E4B2B44225D24FEA840E09
:10A1200055F82430C3F3C72CC3F3C321C3F308008D
:10A130001CF008021AD1DFF83CC01CF8011040F2F4
:10A14000FF1C6045CDD05B0C0B2BCDD00C2B03D06E
:10A150006FF0850003B0F0BDC7F80C050029C6D12B
:10A160000621C4E70621C2E70020F3E76FF01500DF
:10A17000F0E700BF04E2030021F07F4100F5A87082
:10A18000014B43F820107047001001404FF480331A
:10A190008340024AC2F84433704700BF00100140B8
:10A1A0004FF480338340024AC2F84833704700BFFF
:10A1B00000100140014BD3F8040570470010014026
:10A1C0002DE9F843054689469046FFF7E9FF284602
:10A1D0000CF047F84E46032710E0FFF7EBFF04466C
:10A1E00049460CF02DF8B0F5000F26D928460CF0A2
:10A1F00038F8B8F1000F22D13E1901373146284610
:10A20000FFF7BAFF2846FFF7C1FFFFF7D3FF044669
:10A21000C11C30460CF014F80A4B98420AD9284663
:10A220000CF012F80028D8D1B8F1000FE4D06FF08C
:10A23000150000E00020BDE8F8830020FBE76FF088
:10A240001500F8E7FDFF7F00034B044AC3F808231D
:10A25000C3F84823704700BF0010014003000F00FF
:10A2600010B5012383406FEA030C0E4ABFF35B8FE6
:10A2700052E8001F01EA0C0E42E800E4002CF7D17E
:10A28000BFF35B8F4FF4803282400748C0F8082349
:10A29000BFF35F8FBFF36F8F0B4214BF012000200D
:10A2A00010BD00BF9C3E0020001001404FF48033E1
:10A2B0008340144AD2F80423134201D1002070478E
:10A2C00010B5044601238340DB430F49BFF35B8F86
:10A2D00051E8002F02EA030041E8000CBCF1000F36
:10A2E000F6D1BFF35B8F22FA04F313F0010F03D111
:10A2F00020460BF0A9FF18B120460BF0B2FF012059
:10A3000010BD00BF00100140983E002001B9704709
:10A3100001238340114ABFF35B8F52E800CF4CEA20
:10A32000030C42E800C10029F7D1BFF35B8F4FF463
:10A33000803383400A4AC2F80433BFF35B8F094B72
:10A340001B68BFF35B8FC34013F0010FDFD0064BD8
:10A350004FF40032C3F80021D9E700BF9C3E002033
:10A3600000100140983E002000E100E038B514469E
:10A37000104619460BF081FF02460D490B68E01AA2
:10A380001B184C6844F100040B604C60A2F50013EC
:10A39000B3F5400F09D2074B1B68190A1B06D418E6
:10A3A00041F10005044BC3E9004503F049FE38BD07
:10A3B00020250020A03E00202825002038B50D4B88
:10A3C0001C68250A2406BFF35F8FFFF7F3FE0346E0
:10A3D000001945F10001B3F5801F0AD2064BD3E9FD
:10A3E0000023904271EB030303D210F1807041F11E
:10A3F000000138BDA03E0020282500202DE9F041B5
:10A40000064614461D469DF82080104619460BF05E
:10A4100034FF0746FFF7D2FFA04271EB050319D2C4
:10A42000201A65EB01011D4B984271F100012FD2FA
:10A430001B4B03EB0613D3E90223AB4208BFA24236
:10A4400001D1002018E0424639463046FFF7B8FEF9
:10A4500090B11BE0B8F1000F1DD10123B340114AA8
:10A46000BFF35B8F52E8000F184342E80001002958
:10A47000F8D1BFF35B8F0020094B320103EB0616C6
:10A48000C6E9024506999950079B7360BDE8F081C3
:10A490006FF01500FAE76FF01500F7E70100800094
:10A4A00010250020983E002030B585B0FFF7CCFE87
:10A4B00000231E4AC2F80835002B25DD1B4C02255F
:10A4C000C4F804531A4B4FF40032C3F88021002221
:10A4D0000121112007F05CFC112007F04FFC012343
:10A4E000A3602360134A1360002402940194124B6A
:10A4F0000093124A002320460BF0C9FE2846FFF7BE
:10A500002FF8204605B030BD0D4A02EB03124FF084
:10A51000FF304FF0FF31C2E902014FF480329A4020
:10A520000249C1F804230133C6E700BF001001400F
:10A5300000E100E09C3E00206DA30200FFFF7F00D1
:10A54000102500202DE9F04782B00446FFF7AEFE4B
:10A5500010B902B0BDE8F087FFF730FF82460D4624
:10A560000BF08EFE0646154B03EB0413D3E902896C
:10A57000C24575EB09050BD2002530460BF084FE71
:10A58000002DE6D0009742464B462046A847E0E71C
:10A590000A4A230102EB0411D5584F680020D0501D
:10A5A0004FF0FF324FF0FF33C1E902232046FFF79F
:10A5B000F7FD20460BF055FEDFE700BF1025002019
:10A5C00010B50D4BD3F8043313F0020F03D1002460
:10A5D000002C0BDD10BD022107480BF0FBFD00280D
:10A5E000F5D0064A136801331360F0E72046FFF701
:10A5F000A9FF0134ECE700BF00100140A03E00209D
:10A6000010B584B0B0F1FF3F18D001281BDD154B09
:10A610009842A8BF18460446134B01221A70FFF750
:10A62000CDFE124B1A685B68801AB0F5000F0CD291
:10A630000444B4F5000F09D30A4C07E00A4B00228A
:10A640001A70084CEBE70124E6E7064C00201219CB
:10A65000029001900649009143F100030BF017FEB0
:10A6600004B010BDFFFF7F005346002020250020CE
:10A670006DA3020008B5FFF7A1FE024B1B68C01ACC
:10A6800008BD00BF2025002008B5074B01225A60F5
:10A69000112007F078FBFFF7D7FD044B4FF4003291
:10A6A000C3F8802108BD00BF0010014000E100E0B8
:10A6B00010B588B0044644238DF81F300123009361
:10A6C0000DF11F030922818800680BF026FE002887
:10A6D0007DD15A4B1B68ADF81C301B0C8DF81E3019
:10A6E0000323009307AB2022A18820680BF015FEFE
:10A6F000002872D10023ADF818300223009306AB76
:10A700002A22A18820680BF008FE00286BD11723AD
:10A710008DF81730012300930DF117031122A18842
:10A7200020680BF0FAFD002863D108238DF816305D
:10A73000012300930DF116031222A18820680BF06B
:10A74000ECFD00285BD13E4B1B68ADF810301B0CB4
:10A750008DF812300323009304AB2322A1882068D4
:10A760000BF0DBFD002850D1022303AA0021204674
:10A770000BF0C3FD1A238DF80B30012300930DF16C
:10A780000B030A22A18820680BF0C7FD002842D1E4
:10A7900080238DF80A30012300930DF10A03022271
:10A7A000A18820680BF0B9FD00283AD10C238DF860
:10A7B0000930012300930DF109030D22A1882068BF
:10A7C0000BF0ABFD002832D1002008B010BD1D4AAF
:10A7D00001211D4806F086FE7BE71C4A01211A482C
:10A7E00006F080FE86E71A4A0121174806F07AFE35
:10A7F0008DE7184A0121144806F074FE95E7164AC1
:10A800000121114806F06EFE9DE7144A01210E4811
:10A8100006F068FEA8E7124A01210B4806F062FE26
:10A82000B6E7104A0121084806F05CFEBEE70E4A72
:10A830000121054806F056FEC6E700BF14E30300F9
:10A84000C4A103000CE2030054A0030030E20300A3
:10A850004CE2030064E2030080E203009CE2030098
:10A86000C0E20300D8E20300F8E203002DE9F04162
:10A8700082B000AF80460D4616460123FA1D062120
:10A880000BF03BFD00BB0123BA1D072140460BF036
:10A8900034FDF8B9BB793C2B22D8BB7903EB4303D9
:10A8A000DA1D02F4FF62ADEB020D6C466A46082128
:10A8B00040460BF022FDD8B9BB792F4AA2FB0323F7
:10A8C0005B08337000214FE02C4A01212C4806F030
:10A8D00009FED8E72B4A0121294806F003FEDCE7F0
:10A8E000294A0221264806F007FE3C23BB71D4E723
:10A8F000264A0121224806F0F5FDDDE701EB410380
:10A900005A0014F81300531CE35C1B0243EA004393
:10A91000901C205C034301EB410C05EB8C00C3F35E
:10A92000120345F82C30D31C14F803C0131DE35C4C
:10A930001B0243EA0C4302F1050C14F80CC043EA75
:10A940000C03C3F312034360013101EB410314F81C
:10A9500013C0D31DE35C1B0243EA0C430832A25C24
:10A960001343C3F31203836033789942C6DB00209C
:10A970000837BD46BDE8F081ABAAAAAA18E30300D8
:10A9800054A003003CE303005CE3030094E30300F2
:10A9900038B50C4601230BF0B0FC054608B9284633
:10A9A00038BD2346024A0121024806F0A5FDF6E71C
:10A9B000B0E3030054A0030030B585B00C468DF819
:10A9C0000F20012300930DF10F030A4681880068D0
:10A9D0000BF0A3FC054610B9284605B030BD234650
:10A9E000024A0121024806F087FDF5E7D0E30300A3
:10A9F00054A0030010B584B0044639238DF80F30FD
:10AA0000012300930DF10F032E22818800680BF0C3
:10AA1000C3FC002835D104238DF80E3001230093A8
:10AA20000DF10E032522A18820680BF0B5FC70BB48
:10AA300002238DF80D30012300930DF10D03232225
:10AA4000A18820680BF0A8FC38BB20238DF80C30BF
:10AA50000123009303AB3F22A18820680BF09CFCEC
:10AA600008BB43238DF80B30012300930DF10B033A
:10AA70002022A18820680BF08FFCD0B9002004B000
:10AA800010BD0F4A01210F4806F02CFDC3E70E4A06
:10AA900001210C4806F026FDCAE70C4A01210948AD
:10AAA00006F020FDD1E70A4A0121064806F01AFD0A
:10AAB000D7E7084A0121034806F014FDDEE700BF8E
:10AAC000FCE3030034A003001CE4030030E40300B3
:10AAD00064E4030084E403002DE9F04383B000AF95
:10AAE00081460D4616460123FA1D2F210BF044FC2A
:10AAF000D0B997F8078018F0400F1BD108F03F0835
:10AB000008EB48035B00DBB2DA1D02F4FC72ADEB2C
:10AB1000020D6C466A46282148460BF02DFC88B988
:10AB200086F80080002031E01C4A01211C4806F014
:10AB3000D9FCDEE71B4A0221194806F0D3FC4FF08E
:10AB40001908DDE7184A0121154806F0CBFCE7E7B4
:10AB500000EB40035B005A1CA15CE25C00EB400C84
:10AB600005EB4C0C42EA0122EA52DA1CA15C9A1C69
:10AB7000A25C42EA0122ACF802205A1DA25C043316
:10AB8000E35C43EA0223ACF80430013033789842A6
:10AB9000DEDB00200C37BD46BDE8F083ACE40300EB
:10ABA00034A00300C8E4030094E3030008B50246A0
:10ABB0000B46024802F002FA08BD00BF340900202B
:10ABC00008B5024802F07AFA08BD00BF3409002037
:10ABD00010B503460A46034881680C681946A04729
:10ABE00010BD00BF749D030090B583B000AF6C46EC
:10ABF00000233B7102237B718AB0EC461CF11002EA
:10AC00001BD04FF0120E2AB1BEF1040F02DD2B4B08
:10AC1000CCF8143000233B7002237B70D2B1734612
:10AC2000BEF1080F01DDCCF818000C2B01DDCCF8CB
:10AC30001C100CF1200300210AE06FF0004EE2E747
:10AC400001F10800384410F8080C03F8010B013139
:10AC50000129F5D9BEF1110F2DDD12234AB10421CE
:10AC6000397100217971B9710121F9717868CCF8D5
:10AC7000100000216FF300016FF341016FF38201B7
:10AC80006FF3C501012060F38811C3F30A0363F376
:10AC900053216FF31F5100230948F4F701F8A5462B
:10ACA000002383F31188BFF36F8F0323184602DF5D
:10ACB0000C37BD4690BD6FF01B03CFE7FCE40300EB
:10ACC000F49F030070B504460BF07FFB0346207829
:10ACD0001D4683B1002200232946F7F783FA064672
:10ACE00070B16278023221460C300AF070FD3046B5
:10ACF00008F084F870BD4FF0FF324FF0FF33EBE700
:10AD0000002DF7D1024A0121024806F0EBFBF1E7E2
:10AD100024E50300F49F030038B504464FF0FF32EA
:10AD20004FF0FF330320F7F74DFA50B10546628824
:10AD3000043221460C300AF04AFD284608F05EF83D
:10AD400038BD034A0121034806F0CCFBF8E700BFF9
:10AD500040E50300F49F030030B583B004464FF094
:10AD6000FF304FF0FF31FFF721FF10B1002003B09B
:10AD700030BD0DF10701204600F0A2FA0546FFF7AD
:10AD80001FFF002DF2D19DF80730042B0AD0022BB3
:10AD90000DD0082B10D00B4A01210B4806F0ACFB5C
:10ADA0000120E4E72046FFF78DFF0120DFE7204682
:10ADB000FFF7B2FF0120DAE720460BF01BFB012072
:10ADC000D5E700BF5CE50300F49F030008B5024926
:10ADD00002480DF075FF08BDA43F0020103100208F
:10ADE00038B504464FF0FF304FF0FF31FFF7DEFE7D
:10ADF000054608B1284638BDE068EDF792FF0546E4
:10AE0000FFF7DEFE002DF5D0024903480DF058FF94
:10AE1000F0E700BFA43F00201031002038B5054600
:10AE20004FF0FF304FF0FF31FFF7C0FE044608B18E
:10AE3000204638BDE86800F02FFA0446FFF7C0FE50
:10AE4000002CF5D1024903480DF03AFFF0E700BFAE
:10AE5000A43F00201031002090B589B000AF5449C4
:10AE600054480DF0C3FE00F051FB07F10C00E2F76F
:10AE70007FFB6C4600233B7102237B7188B0EC465C
:10AE80001CF1100214D00E2022B1042802DD4A4B1E
:10AE9000CCF8143000233B7002237B70AAB1082841
:10AEA00002DD464BCCF818300CF11C0300210AE0FF
:10AEB0006FF00040E8E701F1200EBE441EF820ECE0
:10AEC00003F801EB01310129F5D90D283CDD0E23F2
:10AED0004AB10321397100217971B9710121F971E8
:10AEE0007868CCF8100000216FF300016FF3410186
:10AEF0006FF382016FF3C501032060F38811C3F380
:10AF00000A0363F35321142363F31F5107F10C0366
:10AF10002B48F3F7C5FEA5462A480DF095FBB0B1C6
:10AF2000294BBB6007F10800E2F786FB0346B0B986
:10AF30004FF0FF304FF0FF31FFF738FE0446B0B15D
:10AF400020462437BD4690BD6FF01B03C0E71F4A63
:10AF500001211B4806F0C6FA6FF01204F0E71C4A04
:10AF60000121174806F0C8FA6FF01504E8E71949FF
:10AF70001948E2F7C1FA044678B941F64C537B60B0
:10AF8000381DEDF7DAFF58B901233B703846EDF76D
:10AF9000CCFF50B9FFF714FED2E7FFF711FECFE761
:10AFA000FFF70EFE6FF08504CAE7FFF709FEF9E729
:10AFB000C1640300A43F002014E8030098E50300E7
:10AFC000F49F0300749D0300D1AB0200C0E50300B1
:10AFD000E0E5030030250020CDAD020000B587B0CC
:10AFE00001238DF80C3003AA02210020E2F73EFA7B
:10AFF000002833DB0823ADF80C3003AA072100201A
:10B00000E2F734FA002829DBFB238DF80D308DF8A8
:10B010000C3002238DF80F3003218DF80E1003AA97
:10B020000020E2F723FA002818DB01238DF80C300A
:10B0300003AA04210020E2F719FA00280EDB1F23DF
:10B04000ADF80C3003AA06210020E2F70FFA002821
:10B0500004DB40F6D933984203D8002007B05DF8EE
:10B0600004FB0090074A0121074806F050FA00232C
:10B0700083F31188BFF36F8F0423184602DF6FF04C
:10B080000B00EBE704E60300F49F030008B5064855
:10B09000F9F746F80548E2F7A7F90BF0F1F900B126
:10B0A00008BDFFF79BFFFBE754E60300E9AB020096
:10B0B00008B50548FFF750FE00B908BD034904482C
:10B0C0000DF0FEFDF9E700BFA43E0020A43F0020E4
:10B0D0001031002042F24403984239D842F243032F
:10B0E000984255D242F22603984229D842F20D03E3
:10B0F000984218D240F2064398424BD040F21D438A
:10B10000984201D00120704700207047A0F50150FF
:10B11000283880B2224BC34013F0010F01D1012027
:10B12000704700207047A0F500500D3880B21D4BCD
:10B13000C34013F0010F01D1012070470020704778
:10B1400042F23203984201D001207047002070473C
:10B1500042F2850398420FD842F268039842D5D252
:10B1600042F26403984217D042F26603984201D03B
:10B1700001207047002070474FF6025398420DD0CF
:10B180004FF60A53984201D00120704700207047C3
:10B190000020704700207047002070470020704753
:10B1A0002F80002041120003F0B583B007460E4601
:10B1B0004378057845EA032504238DF80630354B9E
:10B1C0001C683CB10DF107030DF10602A0470446CF
:10B1D000012821D1AB0AB5F5105F0BD21AB2002AB3
:10B1E0004BD0013B072B4AD8DFE803F02249272F39
:10B1F0003749493F3F2B07D10DF10602314638460A
:10B200000BF021FA044600E001242846FFF762FF14
:10B2100080F001008DF807009DF807300BB9012C74
:10B220002FD12246294630460BF04EF903B0F0BD2F
:10B2300038460BF0AEF90446E7E70DF10602314659
:10B2400038460BF0BDF90446DFE70DF10602314642
:10B2500038460BF06EFB0446D7E70DF10602314687
:10B2600038460BF04AF90446CFE70DF106023146A5
:10B2700038460BF0AFFB0446C7E70124C5E70124BD
:10B28000C3E723469DF80620294630460BF025F9F2
:10B29000CCE700BFB43F0020074B1B784BB910B57B
:10B2A000064C2146FFF780FF012304F8013C0020F3
:10B2B00010BD4FF0FF307047B83F0020B93F00206D
:10B2C00038B50C46084B1B7813B9EDF734FD38BD83
:10B2D000054DAA780232691C0EF096FA00202870FB
:10B2E00004232370F3E700BFB83F002038B50546BC
:10B2F0000C4609480DF0A8F980F0010313F0FF0F88
:10B3000006D1A2B2044883681B682946984738BD15
:10B310006FF01200FBE700BF749D030008B502E068
:10B320004FF0FF3090B120210948FFF7DFFF60B9EF
:10B330002022084906480EF097FA0028F0D0044968
:10B3400001F1200003F052F8ECE71F2008BD00BF18
:10B3500014400020B0E6030070B5FFF7DFFF05469C
:10B360004FF0FF324FF0FF330120F6F72BFF04467A
:10B3700000F10C06022130460AF023FA3E23037046
:10B3800042234370012130460AF01BFA0823037060
:10B39000412130460AF015FA05701DB9421C0E4BCA
:10B3A00020210AE04022002101300EF055FA11E080
:10B3B00013F801C902F801CB01390029F8D1213075
:10B3C000064B202204E013F8011900F8011B013A92
:10B3D000002AF8D1204670BD534000207340002061
:10B3E00008B540B108490948024603F013F803467E
:10B3F00018B9002008BD0649F5E7064A01210648AC
:10B4000006F07AF81220F5E7B0E603003440002099
:10B41000144000207CE60300EC9F030070B5FFF7AA
:10B42000DFFF05464FF0FF324FF0FF330120F6F704
:10B43000C9FE044600F10C06022130460AF0C1F9AB
:10B440003E23037022234370012130460AF0B9F9EC
:10B4500009230370212130460AF0B3F905701DB9A4
:10B460000130094B20220AE02022FF2101300EF09A
:10B47000F3F906E013F8011900F8011B013A002A5C
:10B48000F8D1204670BD00BF5340002008B50249E6
:10B4900002480DF015FC08BD0040002010310020CE
:10B4A00008B5BFF35B8F164B1B68BFF35B8F022B96
:10B4B0001DD0042B1FD0012B06D0124A02211248A6
:10B4C00006F010F8002001E0FFF746FF0C4B0022C9
:10B4D000BFF35B8F53E8001F43E8002CBCF1000F63
:10B4E000F8D1BFF35B8F08B107F088FC08BD0020DE
:10B4F000FFF794FFEAE70120FFF790FFE6E700BFC0
:10B5000010400020A0E60300EC9F030008B50249AC
:10B5100002480DF06BFB08BDA96B03000040002042
:10B5200008B50A4B0122BFF35B8F53E8001F0029C7
:10B5300003D143E800200028F7D1BFF35B8F03D18C
:10B54000FFF7A4FF002008BD0C20FCE710400020FE
:10B5500008B5A1B10422174BBFF35B8F53E8001F5E
:10B56000002904D143E8002CBCF1000FF6D1BFF351
:10B570005B8F1CD100F11F020F4B202106E002223D
:10B58000E9E712F801C903F801CB01390029F8D124
:10B590003F300A4B202204E010F8011903F8011B88
:10B5A000013A002AF8D1FFF771FF002008BD0C20F6
:10B5B000FCE700BF10400020344000205440002031
:10B5C00000B583B00BF004FB8DF800003223ADF81A
:10B5D000043000238DF806308DF801308DF80230EC
:10B5E000064A19216846ECF73BFC10B103B05DF840
:10B5F00004FB01210248F0F7DFFDF7E705B6020082
:10B600007440002090B583B000AF6C4600233B71BE
:10B6100002237B718AB0EC461CF110021BD04FF064
:10B62000120E2AB1BEF1040F02DD2B4BCCF8143000
:10B6300000233B7002237B70D2B17346BEF1080F2A
:10B6400001DDCCF818000C2B01DDCCF81C100CF13E
:10B65000200300210AE06FF0004EE2E701F108004C
:10B66000384410F8080C03F8010B01310129F5D911
:10B67000BEF1110F2DDD12234AB1042139710021D1
:10B680007971B9710121F9717868CCF81000002145
:10B690006FF300016FF341016FF382016FF3C50196
:10B6A000012060F38811C3F30A0363F353216FF39E
:10B6B0001F5100230948F3F7F3FAA546002383F34B
:10B6C0001188BFF36F8F0323184602DF0C37BD4686
:10B6D00090BD6FF01B03CFE7DCE603007CA0030006
:10B6E00030B583B00D4D002400946FF009034FF482
:10B6F00088620B492846F0F71FFF0A49284601F0E7
:10B700002BFF094909480DF071FA2246042119203E
:10B7100006F03EFB204603B030BD00BF10310020D4
:10B7200000640020F0E603004D6C0300A4400020FC
:10B7300008B5024902480DF0C3FA08BDA440002034
:10B740001031002008B5024B1B680020984708BD47
:10B75000B440002008B528B1012802D10448E9F717
:10B7600073FA08BD034B1B6801209847F9E700BF37
:10B7700045B70200B4400020014B186001487047F3
:10B78000B44000200000AD0B024B01221A64D3F834
:10B79000400570470080004008B5064B002283F842
:10B7A0002920054A1A6303F12401187EF0F745FDAC
:10B7B00008BD00BFB8400020FF3F420F08B5BFF3EF
:10B7C0005B8F1C4B1B68BFF35B8F83BB062912D8B2
:10B7D000052928D269B9184B1B6A1A68586890471E
:10B7E0000346012810D01448C363022300F8343FF5
:10B7F00000E0002008BD072904D10F4801F0D6FC65
:10B800000020F7E70020F5E70B48012380F82930F6
:10B8100047F230530363032380F8343000F12403EC
:10B8200083633430E6E7FFF7B7FF0020E2E700204C
:10B83000E0E700BFF8400020B840002008B5012232
:10B84000002102480DF0C7F808BD00BFB840002035
:10B85000014BD861704700BFB840002038B505469D
:10B860004FF0FF304FF0FF31FFF7A0F9384939486A
:10B87000E8F7F2FF0446FFF7A3F9002C47DB364C4C
:10B88000002284F82420012384F8283084F8293009
:10B89000E3696433E36247F23053236325626FF058
:10B8A0007303E36304F14003BFF35B8F53E8001FAE
:10B8B00043E800200028F9D1BFF35B8F4FF0FF3041
:10B8C0004FF0FF31FFF772F904F12401207EF0F709
:10B8D000B4FCFFF775F9214A0023204601F08EFCE5
:10B8E00000281DDB4FF0FF304FF0FF31FFF75EF90E
:10B8F000194C207EF0F783FCFFF762F9BFF35B8FF2
:10B90000236CBFF35B8FF3B9134BD86B38BD234661
:10B91000134A0121134805F0EFFD6FF00B00F5E726
:10B92000114A01210F4805F0DDFD04F14003012219
:10B93000BFF35B8F53E8001F43E800200028F9D1D4
:10B94000BFF35B8FCEE7204601F080FCDCE700BF51
:10B95000D0400020BDB70200B8400020447B0B005F
:10B9600008E703001CA0030030E7030010B50446FD
:10B97000FFF70AFFB0FBF4F42044034BDB69984265
:10B9800034BF0020012010BDB840002003690C29FD
:10B9900019D110B4196881EAE173A3EBE173980837
:10B9A00003F00303094C04FB03F3002905DB1060DB
:10B9B000536000205DF8044B7047404210605B42CA
:10B9C00053600020F6E76FF08500704790D00300C9
:10B9D00008B5102203490DF047FF08B1022008BD49
:10B9E0000120FCE758E8030070B584B00646816882
:10B9F000103921F0070505F0F8FE01466C461022CB
:10BA000020460DF029FF074B0FCB84E80F001023D1
:10BA100022462946304605F0ACFE08B904B070BD98
:10BA20000120FBE758E803002DE9F04186B000AFA4
:10BA30000646440007F11001674B53F824000BF051
:10BA400036FA002840F0C380013407F10801624B48
:10BA500053F824000BF02BFA012804D0002840F002
:10BA6000B880002416E033465C4A03215C4805F0A8
:10BA700043FD03233B7201227A72BB72FB720023E7
:10BA80003B73EEE798F80430042B28D0BA7C93423D
:10BA900025D00134022C00F28F8004EB4402514D7A
:10BAA00005EB4208397C15F812000BF01FF900284D
:10BAB000EFD0397A98F801000BF018F90028E8D097
:10BAC00098F80230042B02D0FA7C9342E1D198F826
:10BAD0000330042BD6D0FA7A9342DAD1D2E798F821
:10BAE0000530022B07D0032B28D0042B01D03E4970
:10BAF00002E03E4900E03E496C4601233B710323CE
:10BB00007B718AB06D4615F1100219D012204AB12E
:10BB10000346042803DDDFF8E4C0C5F814C0082B91
:10BB200000DDAE6101233B7003237B70AAB10C28BA
:10BB300000DDE96105F1200300210CE02D49DBE780
:10BB40006FF00040E3E701F118063E4416F8186C68
:10BB500003F8016B01310129F5D9112829DD1223E0
:10BB600042B10421397100217971B9710121F97152
:10BB70007868286100216FF300016FF341016FF3D2
:10BB800082016FF3C501032060F38811C3F30A0338
:10BB900063F353216FF31F5100231148F3F780F82B
:10BBA000A54698F80500831EDBB2022B0BD9FF20B7
:10BBB00009E06FF01B03D3E733460F4A032108481F
:10BBC00005F09AFC01201837BD46BDE8F081FF2042
:10BBD000F9E7FF20F7E700BF3CE80300B0E7030008
:10BBE0005CA0030044E8030094E70300A8E7030017
:10BBF0008CE7030084E7030018E80300F8E703007C
:10BC0000BFF34F8F0549CA6802F4E062044B134347
:10BC1000CB60BFF34F8F00BFFDE700BF00ED00E03A
:10BC20000400FA05024BD3F80034002BFAD0704719
:10BC300000E0014008B5034BC3F80405FFF7F2FF2D
:10BC400008BD00BF00E0014038B50BF0A2F940B1DB
:10BC50004FF08053D3F82433C3F304237D4AC2F852
:10BC600040350BF0A8F910B17B4B7C4A5A670BF0BA
:10BC7000B8F948B14FF08053D3F84432C3F342339C
:10BC80004FF08042C2F83C350BF0BDF930B1744A38
:10BC9000D2F8FC3023F08073C2F8FC300BF0C9F905
:10BCA00040B14FF080430022C3F80C21C3F81021AB
:10BCB000C3F838250BF0CFF920B14FF080430322B1
:10BCC000C3F8A0250BF0DDF960B1664B0522C3F87F
:10BCD00010260122C3F888260022C3F818263F2226
:10BCE000C3F814260BF0E3F9002846D04FF0805239
:10BCF000D2F804145C4BC3F82015D2F80814C3F82A
:10BD00002415D2F80C14C3F82815D2F81014C3F86F
:10BD10002C15D2F81414C3F83015D2F81814C3F83F
:10BD20003415D2F81C14C3F84015D2F82014C3F807
:10BD30004415D2F82414C3F84815D2F82814C3F8CF
:10BD40004C15D2F82C14C3F85015D2F83014C3F89F
:10BD50005415D2F83414C3F86015D2F83814C3F867
:10BD60006415D2F83C14C3F86815D2F84014C3F82F
:10BD70006C15D2F84424C3F870250BF0BAF948B119
:10BD80004FF08053D3F8583203F04F034FF0804206
:10BD9000C2F8E43E0BF0BFF960B14FF08043D3F836
:10BDA000003413F0010F05D04FF080436FF0010213
:10BDB000C3F800240BF0C1F930B12C4AD2F83C375B
:10BDC00043F48063C2F83C37254AD2F8883043F404
:10BDD0007003C2F88830BFF34F8FBFF36F8F0BF043
:10BDE000D4F94FF01023D3F80C3213F0010F0CD11B
:10BDF0004FF01023D3F80032002B18DB4FF0102344
:10BE0000D3F80432002B12DB38BD0120FFF712FFFC
:10BE10004FF01022D2F80C3223F00103C2F80C329A
:10BE2000FFF700FF0020FFF705FFFFF7E9FE012005
:10BE3000FFF700FF4FF010241525C4F80052FFF75C
:10BE4000F1FEC4F80452FFF7EDFE0020FFF7F2FE0A
:10BE5000FFF7D6FE0030014000C007400DF0ADBA3C
:10BE600000ED00E00050004000C000400010004025
:10BE700010B50468CCB1B4FA84F3C3F11F03DBB28C
:10BE800001229A4024EA0202BFF35B8F50E800CF00
:10BE9000A44504D140E8002EBEF1000FF6D1BFF357
:10BEA0005B8FE6D10B70024810BD0248FCE700BF73
:10BEB0000000AD0B0200AD0B0368CB4013F0010F87
:10BEC00015D100B5026801238B401343BFF35B8F8C
:10BED00050E800CF944504D140E8003EBEF1000F89
:10BEE000F6D1BFF35B8FEDD102485DF804FB024849
:10BEF000704700BF0000AD0B0400AD0B00F01F0247
:10BF000040090CD14FF0A04102F5E07251F8220037
:10BF1000044B034043F0020341F8223070470021F4
:10BF2000F2E700BFF0F8FCFF00487047140800205B
:10BF30002DE9F04184B005460C4616461F460846DA
:10BF40000BF00BFA804656B3214628460BF056FA02
:10BF500028B1214628460BF011FA002841D121468C
:10BF600028460BF01AFA10B17378012B39D001234F
:10BF70008DF80F30002301930096B31C721C0DF155
:10BF80000F0120460BF08AF92879FFF7CDFF08F161
:10BF9000080230F8123043F0030320F81230002F6B
:10BFA00039D0214628460BF029FA002835D13E78B1
:10BFB0002B6806F5A272002143F822102879FFF7BA
:10BFC000B3FF08F1080230F8123023F02003DB043D
:10BFD000DB0C20F812307B782BB9114804B0BDE897
:10BFE000F0811048FAE7BA78009222463146286874
:10BFF0000BF0F9F82879FFF797FF024608F10800DF
:10C0000032F810307603B6B2334343F0200322F8FF
:10C0100010300348E2E70248E0E70248DEE700BFED
:10C020000000AD0B0400AD0B70B506460D4614467E
:10C030000BF0A4F968B13079FFF776FF0646284681
:10C040000BF08BF9083036F810305B0B2370024888
:10C0500070BD0248FCE700BF0000AD0B0400AD0B53
:10C060002DE9F04182B00546884616461F460BF082
:10C070004EFBAEB33A46314628460BF01BFA041E7F
:10C0800020DB2879FFF750FF40F834602879FFF76C
:10C090004BFF00EBC40047602879FFF745FF0546DA
:10C0A00040460BF05AF9083035F81030E4B264021B
:10C0B000A4B2234343F4807325F81030094802B03A
:10C0C000BDE8F0812879FFF72FFF0DF10701583007
:10C0D000FFF7CEFE034B9842F1D19DF80740D0E721
:10C0E0000048ECE70000AD0B2DE9F04385B00446B5
:10C0F0000D46174608460BF030F90646D7F8008083
:10C10000B8F1000F28D0294620460BF066F9002828
:10C110004FD100238DF80E308DF80F30019300932E
:10C1200043460DF10F020DF10E0128460BF0B6F853
:10C130002079FFF7F9FE06F1080830F8183023F0EF
:10C14000020320F818302079FFF7EEFE30F818309F
:10C1500043F0010320F818307B68F3B193F80080B6
:10C16000D3F80490294620460BF028F918B3B9F10A
:10C17000000F65D12079FFF7D7FE083630F816306A
:10C1800023F01C0320F816302079FFF7CDFE30F89D
:10C19000163043EA880320F81630BA68002A53D0D4
:10C1A0005368126829462046FFF75AFF05B0BDE8DC
:10C1B000F0832648FAE72079FFF7B6FE06F1080279
:10C1C00030F8123023F02003DB04DB0C20F81230AF
:10C1D000B9F1000FCED0B8F1030F33D87B685B689C
:10C1E00093F80090B8F1000F06D1236809F5A27901
:10C1F000002243F82920BDE740460BF007F903462B
:10C20000216809F5A27C51F82C2022F0030241F8A4
:10C210002C202A46494620680AF0CBFF2079FFF7F8
:10C2200083FE06F1080230F812304FEA49391FFA4E
:10C2300089F943EA090343F0200320F8123099E713
:10C240000248B3E70148B1E70148AFE70400AD0B8E
:10C250000000AD0B38B505460C460BF080F808B968
:10C26000074838BD214628460BF001F921462846EB
:10C270000BF078FA2046FFF741FE0248F1E700BFD5
:10C280000400AD0B0000AD0B70B582B005460E4644
:10C290000079FFF749FE90F8603013B10B4802B007
:10C2A00070BD04464022002110300DF0D5FA236DF8
:10C2B0000093002332464FF0004128680BF07CFACF
:10C2C000012384F86030A3650148E8E70C00AD0B5A
:10C2D0000000AD0B08B5024902480BF013FB08BD86
:10C2E0001408002000600040024B0022C3F804251F
:10C2F000704700BF00E00140024B0122C3F8042553
:10C30000704700BF00E00140024B0222C3F8042541
:10C31000704700BF00E00140044BD3F8003413F035
:10C32000010FF9D00160BFF35F8F704700E001405B
:10C3300010B504460BF03DFB08B9084810BDFFF7E7
:10C34000E3FF074BC3F80845054BD3F8003413F05F
:10C35000010FF9D0FFF7C8FF0248EFE70A00AD0B65
:10C3600000E001400000AD0B034610F0010F08D1C2
:10C37000064813F0020F00D0054813F0040F02D155
:10C3800070470448F5E70448FAE700BF0100AD0B29
:10C390000100AE0B0000AE0B0200AE0B30B583B057
:10C3A00004460D46294B01930023C0F80431D0F810
:10C3B0000421C0F82431D0F82421C0F81C31D0F871
:10C3C0001C21C0F80831D0F80821C0F800324B63B6
:10C3D00081F82F300123036291F82D30012B01D019
:10C3E00001238360294620460BF015FB2B685BB1C7
:10C3F00040F28623AB60AB68C4F80433144803B042
:10C4000030BD019B013B0193019B002B05DD2946BB
:10C4100020460BF04FFB0028F3D195F82F303BB1AD
:10C42000D4F8C404C4F8C40470B1FFF79DFF00E061
:10C430000748019B002BE2DC0023C4F800350523EC
:10C44000C4F800350348DAE70248F2E7A0860100A5
:10C450000000AD0B0100AD0B30B583B004460D46B6
:10C460002D4B01930023C0F80431D0F80421C0F80B
:10C470002431D0F82421C0F81C31D0F81C21C0F898
:10C480000831D0F808214B6381F82F308B6A012BDB
:10C4900015D00123C4F800320123236295F82D3012
:10C4A000022B01D0012323602B689BB140F286232D
:10C4B000AB60AB68C4F80433184803B030BD0B6AF6
:10C4C00013F0400FE5D10223C0F80032E4E7019BEE
:10C4D000013B0193019B002B05DD294620460BF013
:10C4E000E9FA0028F3D195F82F303BB1D4F8C40411
:10C4F000C4F8C40470B1FFF737FF00E00748019BA0
:10C50000002BDADC0023C4F800350523C4F800351D
:10C510000348D2E70248F2E7A08601000000AD0B15
:10C520000100AD0BF8B507460C4694461E4691F83F
:10C530002D30012B2CD0022B2FD0274BC7F80833DE
:10C5400094F830307BBB16F0040F0CBF012300239E
:10C5500084F83030266204F10C0E65460FCDAEE84B
:10C560000F002B68CEF80030DCF80430A362DCF852
:10C570000C3063629CF80130C7F888359CF80030B5
:10C58000012B21D0A3B916F0200F1BD0012310E0FE
:10C590001278012ACFD1114813E09CF80030012B0A
:10C5A000CBD00E480DE0A368C7F804330C4808E070
:10C5B000012384F82C3021463846FFF7EFFE23682C
:10C5C0003BB1F8BD0023F4E721463846FFF744FFAE
:10C5D000F5E784F83030F4E7864204000500AD0B3F
:10C5E0000B00AD0B10B5CB7B33B903684A680C6800
:10C5F000C3F80845C3F80C2503688A68C3F82425E6
:10C600000379C3EB0313054A52F8233023B10068C2
:10C6100040F3073005F0B2FB10BD00BF0041002021
:10C6200070B50479C4EB041C2C4D05EB8C0C9CF804
:10C630002E50002D4FD1294EC4EB041C06EB8C0567
:10C6400046F82C206B600023AB6085F82D3085F810
:10C65000313085F8303081B34D7B06EB8C0383F8A5
:10C6600038508A7B83F839202ABB0B6803F01F02FD
:10C670005B092CD14FF0A04502F5E07255F822601D
:10C68000174B334043F4C16343F0040345F82230B1
:10C690004B6803F01F025B091BD14FF0A04502F568
:10C6A000E07255F822600E4B334043F4C16343F00F
:10C6B000040345F82230FFF795FFC4EB0414074B41
:10C6C00003EB8403012283F82E20064870BD002569
:10C6D000D2E70025E3E70448F8E700BF0041002067
:10C6E000F0F8FCFF0000AD0B0C00AD0B0379026805
:10C6F0000521C2F80015C3EB0313034A02EB8303C1
:10C70000022283F82E20704700410020037902683E
:10C710000B49C2F80813D2F8001221F00301C2F845
:10C7200000120020C2F80005064AC3EB031102EB19
:10C7300081014FF0010C81F82EC081F83000704764
:10C74000864204000041002008B5134690F804C05A
:10C75000CCEB0C1C0A46034901EB8C010068FFF787
:10C76000E1FE08BD0041002008B5024902480BF077
:10C770001DFA08BD00410020003000402DE9F843BB
:10C7800000F01F0340093ED14FF0A04501269E4016
:10C79000C5F8086501F01F08490936D14FF0A047D8
:10C7A0004FF0010909FA08F9C7F8089503F5E07395
:10C7B00055F823202148024040F20D610A4345F814
:10C7C000232008F5E07257F8223003400B4347F866
:10C7D000223004200AF0E9FC0024082C17D8D7F8EE
:10C7E000103523FA08F313F0010F10D1C5F80C65CA
:10C7F00004200AF0DAFCC5F8086504200AF0D5FC2C
:10C800000134E4B2E9E70025C0E70027C8E7C7F82C
:10C810000C9504200AF0C9FCC7F8089504200AF01A
:10C82000C4FCD7F8103523FA08F313F0010F02D037
:10C830000348BDE8F8830348FBE700BFF0F8FCFFBE
:10C840000000AD0B0100AD0B10B5134CA822002168
:10C8500020460DF001F80323236163610F4AA261B2
:10C860000F4BE3614FF4806323620023A362636292
:10C87000E36222660B4A62661022A2662367E366C1
:10C88000636706E0C3F10F020749895C024AD1548D
:10C8900001330F2BF6D910BD4C45002078E803007A
:10C8A0004C4100203C41002084E803002DE9F8437E
:10C8B00004460E461546304B00EB400003EBC0002B
:10C8C000826A476A601C00EB400003EBC0035868B3
:10C8D0003844BA423CD804EB4401274B03EBC10374
:10C8E000D3F82080A8EB070909F1FF339D4204D952
:10C8F00013449D420ED900202FE02A4631460CF009
:10C9000083FF2F4404EB44041B4B03EBC4035F621F
:10C91000012022E04A4631460CF076FFA7EB0808DA
:10C9200018EB050507D104EB4404134B03EBC403D8
:10C930005D62012011E0631C03EB43030E4A02EB2E
:10C94000C3032A4606EB090158680CF05DFFEAE7CD
:10C95000D21B013AAA4202D20020BDE8F8832A463F
:10C960000CF052FF2F4404EB4404034B03EBC403CD
:10C970005F620120F1E700BF4C450020064B00EB51
:10C98000400203EBC202926A00EB400003EBC003DB
:10C99000586A801A704700BF4C45002008B54FF018
:10C9A000FF324FF0FF33024800F008FB08BD00BF24
:10C9B0004809002008B5024800F080FB08BD00BF10
:10C9C00048090020034B00E01433034A9342FBD391
:10C9D000704700BF4C9D0300EC9D030004280CD859
:10C9E000DFE800F0030D0507090006487047064818
:10C9F0007047064870470648704706487047064823
:10CA0000704700BF98E80300BCE80300CCE80300CF
:10CA1000D8E80300E8E80300A8E8030030B108B54F
:10CA20000CF03FFA20B1037823B108BD02487047EB
:10CA30000148FAE70048F8E7F8C5030010B50446D6
:10CA4000F2F736F8034A0121034804F04BFD204673
:10CA50000BF00AFEF8E803009CA003002DE9F04764
:10CA600082B000AF05460C46EFF31188402383F3F4
:10CA70001288BFF36F8FDFF8D091D9F80860FFF705
:10CA8000ADFF99F81010E94601233B7103237B7138
:10CA90008AB0EC461CF1100221D04FF0160E5AB1AC
:10CAA0007346BEF1040F03DDDFF8A0A1CCF814A09B
:10CAB000082B01DDCCF8185001233B7003237B7059
:10CAC000D2B17346BEF10C0F01DDCCF81C00102B67
:10CAD00001DDCCF820100CF1240300210AE06FF0F6
:10CAE000004EDCE701F10800384410F8080C03F8A8
:10CAF000010B01310129F5D9BEF1150F50DD1623C7
:10CB00004AB10521397100217971B9710121F97199
:10CB10007868CCF8100000216FF300016FF3410139
:10CB20006FF382016FF3C501012060F38811C3F335
:10CB30000A0363F353216FF31F5100233F48F2F7B9
:10CB4000AFF8CD461CB1E369C3F308035BBB3046C5
:10CB5000FFF764FFE94601233B7103237B718AB031
:10CB6000EC461CF1100224D04FF0120E52B1734665
:10CB7000BEF1040F02DD3249CCF81410082B01DDA0
:10CB8000CCF8186001233B7003237B70F2B1BEF137
:10CB90000C0F01DDCCF81C000CF12003002113E088
:10CBA0006FF01B03ACE7274A0121244804F09AFCEC
:10CBB000CDE76FF0004ED9E701F10800384410F8D6
:10CBC000080C03F8010B01310129F5D9BEF1110F51
:10CBD00031DD12234AB10421397100217971B97113
:10CBE0000121F9717868CCF8100000216FF3000181
:10CBF0006FF341016FF382016FF3C501012060F310
:10CC00008811C3F30A0363F353216FF31F51002309
:10CC10000A48F2F745F8CD4621462846FFF70EFFB1
:10CC200088F31188BFF36F8F3046F3F7D1FA0837D6
:10CC3000BD46BDE8F0876FF01B03CBE79CA0030067
:10CC400054E9030030E90300F445002008E903003B
:10CC500038B505460A4B53F8204002E02368984750
:10CC600008346B1C064A52F82330A34206D9636885
:10CC7000002BF3D020460BF0FFFCF1E738BD00BFDE
:10CC800074E90300F0B587B0C0EB4016104D05EB1A
:10CC9000C60600EB40000F4B03EBC0030E4A0592A3
:10CCA000012204920F220392002202920192009329
:10CCB0000A4B4FF4A0720A4901EBC011304600F054
:10CCC0006BFC737B23F00403737307B0F0BD00BFEC
:10CCD00028320020F44500206CE903001D88030081
:10CCE0000071002008B553EA020102D10CF0DBF814
:10CCF00008BD0249183001F01DF9F9E7ED90030075
:10CD000010B586B0184C14E0636A0593236A049347
:10CD1000E3690393A3690293636901932369009311
:10CD2000E368A2686168206800F036FC23685C65EF
:10CD300030340E4B9C42E7D300F0F4FE0A4C00E086
:10CD400030340A4B9C420BD2A26AE36AB3F1FF3F34
:10CD500008BFB2F1FF3FF3D02068FFF7C3FFEFE752
:10CD600000F0F8FE06B010BD249F0300249F0300CE
:10CD700008B50A4B01221A700320FFF769FFF2F78A
:10CD80003DFC0420FFF764FFFFF7BAFFEFF7E4FD77
:10CD9000034A137B23F00103137308BD544600209C
:10CDA0002033002008B50146014A0248F3F70CFC85
:10CDB00071CD02002033002008B50348034A121A3F
:10CDC00000210BF071FC08BDF00A0020584600203D
:10CDD00010B50446FFF756FFC4EB44130B4901EBB3
:10CDE000C3010B4A04EB440302EBC303D9601C7478
:10CDF00004EB0411074B03EBC11303F5086304EBC9
:10CE0000440402EBC402536010BD00BF283200206E
:10CE1000F44500208068002070B586B000F0B8FEB0
:10CE2000104D114B9D61114B059301230493002478
:10CE300003940294019400940D4B4FF480620D49C9
:10CE4000284600F0A9FB06466B7B23F004036B73B6
:10CE500028460CF0CBF82046FFF7BAFF304606B064
:10CE600070BD00BF20330020F4450020B4A90300AA
:10CE700071CD02008072002008B50020FFF7E8FEA7
:10CE80001F4B83F308881F4C636943F4007363618D
:10CE9000E02384F822302023E37700252576657689
:10CEA000A57684F82050636A43F4E023636284F833
:10CEB0002350F3F7FBF8F3F7AFFB4FF0FF33A36218
:10CEC000E362F3F79FFCF3F7D7FBF1F759FD0E4B45
:10CED00001245C731C73C3F89850C3F89C50C3F8CA
:10CEE000A4500A4A9360FFF76DFD2046FFF7B0FE9D
:10CEF0000220FFF7ADFEFFF78FFFFFF753FF00BFE4
:10CF00000071002000ED00E030350020F4450020E5
:10CF100010B5064C05E0A268616820460BF0CCFB1A
:10CF20001434034B9C42F6D3002010BD340900207A
:10CF30003409002010B5064C002000E01C34054BDD
:10CF40009C4204D220460BF02AFC0028F6DA10BDE1
:10CF5000E00800203409002030B583B00D46EFF31F
:10CF60001181402484F31288BFF36F8FC46864B1C9
:10CF70002C602368C360836901338361002081F3DF
:10CF80001188BFF36F8F03B030BD00F1080C53EA76
:10CF9000020404D100232B606FF00B00EFE7009236
:10CFA00001930246604600F0FBFC0028EBD1024BE7
:10CFB0009B685B692B60E6E7F44500202DE9F041B2
:10CFC00082B00446EFF31187402181F31288BFF34A
:10CFD0006F8FC16899B9002950D1364B9B6893F97E
:10CFE0000E3023610131E160324B9B68A36087F30F
:10CFF0001188BFF36F8F002002B0BDE8F0811646A4
:10D000001D4682682B4B9B689A42E4D055EA060184
:10D0100036D092F90E80414693F90E000BF00BFCCE
:10D02000804534DC4FF000080096019522463946D1
:10D03000214800F0B5FC0028DED0EFF31185402335
:10D0400083F31288BFF36F8FA36843B323689C42B6
:10D0500023D013B3216993F90E000BF0ECFB0146CA
:10D0600020460BF0F3FBE8B9B8F1000F1AD185F3B5
:10D070001188BFF36F8F6FF00A00BDE72369B0E737
:10D0800087F31188BFF36F8F6FF00F00B4E701468D
:10D0900020460BF0DBFB8046C6E72169E0E7B8F1EC
:10D0A000000FE4D02946044800F0F2FC6FF00A00BB
:10D0B000A2E700BFF44500202046002038B5836871
:10D0C0007BB304461A4A926893422DD1C368012B60
:10D0D00003D9013BC360002038BDEFF31185402325
:10D0E00083F31288BFF36F8F01690BF0AFFB20460B
:10D0F0000CF027F8A06068B190F90E30236100248D
:10D10000C0F8B0400BF072FF29460A4800F0C0FC9E
:10D110002046E1E70020E06085F31188BFF36F8FC0
:10D12000DAE76FF01500D7E74FF0FF30D4E700BF24
:10D13000F44500202046002010B582B00146844608
:10D14000EFF31184402080F31288BFF36F8F5CF8F7
:10D15000080B88B1036823F003030B604A68904210
:10D1600008D001210BF0FFFB84F31188BFF36F8F10
:10D1700002B010BD4B60F4E753EA02010BD00092FD
:10D18000019362462146604600F00AFC48B9064B0E
:10D190009B685869ECE784F31188BFF36F8F002018
:10D1A000E6E70020E4E700BFF445002038B5044678
:10D1B000EFF31185402383F31288BFF36F8F0BF0D9
:10D1C000C0FF48B10022C0F8B0200BF00FFF294685
:10D1D000094800F05DFC38BDA368E268934208D0BE
:10D1E00001221344A360022104F110000CF0E4FAC0
:10D1F000EDE70022F5E700BF2046002010B582B021
:10D20000EFF31181402484F31288BFF36F8F846899
:10D2100044B1013C846081F31188BFF36F8F00201B
:10D2200002B010BD53EA020406D0009201930246F8
:10D23000054800F0B5FBF3E781F31188BFF36F8F6A
:10D240006FF00F00ECE700BF2046002038B5044621
:10D25000EFF31185402383F31288BFF36F8F05E04E
:10D260006FF00A02C0F8B0200BF0C0FE20460BF0B1
:10D2700068FF0028F4D10023A360022104F110000C
:10D280000CF09AFA2946024800F002FC38BD00BFB3
:10D290002046002000B585B0094A02AB92E80300A1
:10D2A00083E8030000934FF0FF334FF40462054915
:10D2B0000548EFF741F9002005B05DF804FB00BF19
:10D2C000C8A10300007700201834002070B338B5DF
:10D2D0000D4604461B4B9B6883421BD000231A4615
:10D2E000D4F81031C3F38001C3F3C00013F0010F71
:10D2F0001FD001B102B300B109B300232B60D4F8F1
:10D30000FC3073B11D60C4F8FC5020460BF0D5FB17
:10D31000012038BD0BF099FD08B90123DFE7002398
:10D32000DDE7C4F8FC50C4F8F850EEE76FF01500E4
:10D3300070476FF01200ECE76FF00F00E9E76FF055
:10D340000F00E6E7F445002038B504460D460830E6
:10D35000012200210BF03FFB656000232360054B99
:10D360005B681BB11C60034B5C6038BD014B5C60AB
:10D370001C60FAE72046002010B5C36823F00203C2
:10D38000C360134B1C687CB1236803B10CB100214E
:10D390000FE02346FBE722460D480BF048FB04F163
:10D3A0000800FFF703FF10BD2346F0E71A461C46AE
:10D3B0001346002CF7D062688242ECD02146002B45
:10D3C000F4D01A68002AF2D0002BF0D11A46EEE70A
:10D3D0002046002070B584B0054616E0D5F810311F
:10D3E00023F00402C5F8102113F0040F5BD10023D1
:10D3F00002934FF0FF324FF0FF33CDE9002305F5E4
:10D4000080723146314800F093FCEFF311864023DF
:10D4100083F31288BFF36F8FD5F8F840002CDDD06E
:10D420002368C5F8F830D5F8FC20944238D0D5F8F8
:10D43000103143F00203C5F81031E36843F00102F4
:10D44000E26023F0040343F00103E360636886F3C2
:10D450001188BFF36F8F20469847EFF31186402362
:10D4600083F31288BFF36F8FE36823F00103E36057
:10D4700013F0100F21D1E36813F0020F21D1D5F87A
:10D48000103123F00203C5F81031C3F3002386F3F3
:10D490001188BFF36F8F002BB7D100F081FBB4E789
:10D4A000C5F8FC30C3E705F584740022012120464D
:10D4B0000BF0DBFE0028F8D199E720460BF074FB57
:10D4C000D9E72046FFF758FFD9E700BF28460020DC
:10D4D00008B58446084653EA02010CD0C16841F001
:10D4E0000801C160DCF8001081620549103000F0CD
:10D4F00021FD012008BD61460BF0EAFAFAE700BF02
:10D50000318B030010B504461030012200210BF0CE
:10D5100062FA044920460BF069FBE36843F010030C
:10D52000E36010BD758A030008B5014601480BF0A1
:10D53000C7FB08BD1834002008B5014601480BF0B0
:10D5400016FC08BD1834002008B5014601480BF050
:10D5500027FC08BD1834002010B5044640B11F2236
:10D5600004F178000CF090F9002084F8970010BDC9
:10D57000014B9C68F3E700BFF445002008B553EA6F
:10D58000020102D10BF08FFC08BD0249183000F0F7
:10D59000D1FCF9E7ED9003002DE9F04F85B004468A
:10D5A0000F4615461E46DDF838A0DDF83C90DDF844
:10D5B0004080DDF84CB000F158038365C365129BD1
:10D5C000042211990BF073FC2A46394620460BF0D1
:10D5D00042FC0546CDF80880CDF80490CDF800A0B7
:10D5E0003346024639462046F2F712FF00236365B0
:10D5F0006666C4F868A0C4F86C90C4F87080EFF355
:10D600001182402383F31288BFF36F8F124B996A04
:10D6100061679C6282F31188BFF36F8FBBF1000FCB
:10D6200013D01F22594604F178000CF02DF9002385
:10D6300084F89730084B9B685BB1D3F8A430C4F8EA
:10D64000A430284605B0BDE8F08F002384F8783078
:10D65000F0E7C4F8A430F4E7F445002010B5114B0E
:10D6600053F81C4F9C420FD074B180B90D4B9B688E
:10D670005A7B12F01F0F0AD1A26942B9DA897F2AB8
:10D6800005D9084A93610BE0064BDC68EDE7054BD2
:10D690009B68A34202D0204600F092FB014B9C61A4
:10D6A00010BD00BFF445002008B5437B90F90D2064
:10D6B000002A08DB094B9B68834214BF002001202D
:10D6C000FFF7CCFF08BD03F07F0343734268036894
:10D6D00013605A60002303604360EBE7F4450020C9
:10D6E000B3F1FF3F08BFB2F1FF3F00D1704708B56B
:10D6F0000249183000F01EFC08BD00BFED90030089
:10D70000427B90F90D30002B33DB70B5044612F0EC
:10D710001F0F01D1866906B170BD62F07F024273AE
:10D72000144B53F81C5F9D4208D1354606E06B68E8
:10D73000636025601C606C6017E035466DB129465A
:10D7400020460BF0F5FB0028F1DC002DF6D0094B4C
:10D750001B6A9D42F1D02D68F0E7064B1A6A03F16F
:10D760001C012160626014601C620020FFF776FFDC
:10D77000D2E77047F4450020437B0B425FD170B580
:10D7800004460D460B43437313F0800F22D1082D3E
:10D790002BD000260120FFF761FF102D48D0204636
:10D7A000F2F7EAFE204600F06BFB66B1244B012243
:10D7B0005A731A730022C3F89820C3F89C20C3F848
:10D7C000A420204A9360BFF35F8F637B23F0600344
:10D7D000637370BD03F07F03437342680368136093
:10D7E0005A60002303604360D1E7A3685BB16268BD
:10D7F000236813605A60002323606360627B22F019
:10D8000002026273A36004F118000BF098FD04F1AA
:10D8100058000BF097FB0B4B9B68A34201D00026EE
:10D82000B8E7EFF305830BB90026B3E70126B1E7AC
:10D83000BFF35F8F637B23F060036373C9E77047B7
:10D8400030350020F445002038B505460C46124B13
:10D850009868437B13F0600F05D013F0200F07D0BA
:10D860000821FFF789FF84F31188BFF36F8F0EE063
:10D870001021F6E7EFF31184402383F31288BFF3FE
:10D880006F8F0AF0D6FF84F31188BFF36F8F6B7B25
:10D8900013F0600FEED138BDF4450020F8B5044612
:10D8A0000E46154600F158070BF02FFBB8B1637B0D
:10D8B00055B1202213436373EFF3058333B131462F
:10D8C0002046FFF7C1FF17E04022F3E73946104B2F
:10D8D00098680BF054FB30460BF026FB0CE065B16A
:10D8E00008212046FFF748FF094B9B68A34206D05A
:10D8F00086F31188BFF36F8FF8BD1021F1E7EFF3C6
:10D900000583002BF4D130460BF00EFBF4E700BF8B
:10D91000F445002038B50546437B90F90D20002AD8
:10D920000ADB6B7B63F07F036B731C4B53F81C4F5C
:10D930009C4213D1002411E003F07F03437342683B
:10D94000036813605A60002303604360E9E763687B
:10D950006B602C601D60656017E000246CB121468F
:10D9600028460BF0E5FA0028F1DC002CF6D00B4B32
:10D970001B6A9C42F1D02468F0E7084B1A6A03F155
:10D980001C0129606A6015601D62044B9868A842FA
:10D9900014BF00200120FFF761FE38BDF4450020D0
:10D9A00010B50C4611460A4882680A4B1A60EFF31C
:10D9B0001183402383F31288BFF36F8FDDE90223C5
:10D9C00080680BF007FB2046F2F71CFC10BD00BF7F
:10D9D000F4450020284600202DE9F04105460F4679
:10D9E0000023EFF31186402282F31288BFF36F8F7A
:10D9F000184629E063686B602C601D60656017E065
:10DA000044466CB1214628460BF092FA0028F1DC1E
:10DA1000002CF6D01D4B1B6A9C42F1D02468F0E725
:10DA20001A4B1A6A03F11C0129606A6015601D62B5
:10DA30000120FFF713FE012001E0AF73002086F301
:10DA40001188BFF36F8F0123F3B96B7B13F01F0FA6
:10DA5000F3D1D5F81880B8F1000FEED103F07F03B1
:10DA60006B736A682B6813605A6000232B606B60CD
:10DA7000AF736B7B63F07F036B73044B53F81C4FE6
:10DA80009C42BED14446BCE7BDE8F081F44500208D
:10DA900008B50B4659B9EFF3058242B9064A9069B9
:10DAA0009268904203D00846F2F7ACFB03E083F3A0
:10DAB0001188BFF36F8F08BDF445002010B5EFF358
:10DAC0001184402383F31288BFF36F8F437B13F0DD
:10DAD000040F04D184F31188BFF36F8F10BD23F0BE
:10DAE00004034373FFF70CFE21460248FFF7D0FF03
:10DAF000F4E700BF2846002008B5034650B9EFF30D
:10DB000005823AB9064A91699268914202D0F2F7C9
:10DB100079FB03E083F31188BFF36F8F08BD00BF6B
:10DB2000F44500200023EFF31181402282F3128894
:10DB3000BFF36F8F09E0064B9A68D37B013BD37329
:10DB400081F31188BFF36F8F0123002BF3D070474F
:10DB5000F445002010B50023EFF31184402282F336
:10DB60001288BFF36F8F0CE0084B9A68D37B0133A8
:10DB7000D3730020FFF772FD84F31188BFF36F8F1A
:10DB80000123002BF0D00BF02BFB10BDF44500203F
:10DB900008B502480BF03FFB08BD00BF0C46002053
:10DBA00070B5EFF31186402383F31288BFF36F8FB4
:10DBB0001E4B9A68517B01F07F01517350681168C8
:10DBC000016048600021116051609D686A7B62F0CD
:10DBD0007F026A7353F81C4F9C4208D1002406E070
:10DBE00063686B602C601D60656017E000246CB199
:10DBF000214628460BF09CF90028F1DC002CF6D0D9
:10DC00000A4B1B6A9C42F1D02468F0E7074B1A6A62
:10DC100003F11C0129606A6015601D620120FFF795
:10DC20001DFD3046F2F7EEFA70BD00BFF44500204E
:10DC30002DE9F04150EA010337D004460E466FF05B
:10DC400001031B1A4FF0FF3262EB0102012B72F14C
:10DC500000022EDB6FF001052D1AEFF3118840232F
:10DC600083F31288BFF36F8F144FB868144B18609A
:10DC7000FFF71AFDB868224633461249183000F003
:10DC800059F9BA68537B43F0100353734046F2F7D7
:10DC9000B9FA0BF071FB281A63EB0303012873F147
:10DCA000000300DA0020BDE8F081FFF779FF0020D3
:10DCB000F9E70BF061FB0519CFE700BFF445002041
:10DCC00028460020ED90030008B5B1F1FF3F08BFE2
:10DCD000B0F1FF3F1DD0FFF7ABFFC217510141EA82
:10DCE000D06143011B1A61EB0201890041EA937183
:10DCF0009B001B1842EB0102D20042EA5372DB0088
:10DD000047F6FF71581842F10002C00B40EA42404A
:10DD100008BD034B98680BF084F94FF0FF30F7E72C
:10DD2000F4450020014B9868704700BFF44500207F
:10DD300010B582B0069C9DED047B8DED007BFFF756
:10DD40002FFE1CB1024B9B685B69236002B010BDC3
:10DD5000F4450020044BC01AC010044B03FB00F034
:10DD6000034B01221A54704728360020ABAAAAAAF6
:10DD70002C460020C3897F2B11D80E4B1B687BB12A
:10DD800090F90E200C4B1B689A420CDB437B13F07E
:10DD90001F0F0AD1094B984209D0012300E000234C
:10DDA00003F0010070470023FAE70023F8E700239F
:10DDB000F6E700BF3446002030460020283200201D
:10DDC00070B505460D4B1E7C06EB46030C4C04EB70
:10DDD000C30420460BF0B3FA0A4B00229A5528469A
:10DDE000FFF7C8FF00B970BD074B1A68013AD31797
:10DDF0000649204600F09EF8F5E700BFF4450020F4
:10DE0000283600202C4600203446002055DD020034
:10DE100038B5EFF31185402383F31288BFF36F8F7A
:10DE2000144B9C68144B1B68A34217D0124B002262
:10DE30001A60104B1B7C114AD35C53B12046FFF78C
:10DE400099FF30B1637B13F01F0F0FD02046FFF70F
:10DE5000B7FF85F31188BFF36F8F38BD2046FFF7FA
:10DE6000AFFF85F31188BFF36F8FF6E72046FFF70A
:10DE700051FDEBE7F4450020284600202C46002009
:10DE8000EFF31181402383F31288BFF36F8F0A4BA6
:10DE90009B6A834204D15A6F074B9A6207E013468C
:10DEA00013B15A6F8242FAD10BB1426F5A6781F3B4
:10DEB0001188BFF36F8F7047F445002008B50648FE
:10DEC000064A121A06490AF0F3FB064A06490748B1
:10DED0000AF0EEFB08BD00BF00000020EC0A0020A5
:10DEE000B8EC030000000000B8EC030000000020C4
:10DEF000034B1868984200D070470020FCE700BF31
:10DF00007808002030B1044A5268904201D000687D
:10DF100070470020704700BF7808002008B5044B08
:10DF20001B680BB1002008BDFCF7A4FBFBE700BF9A
:10DF300038460020B3F1FF3F08BFB2F1FF3F77D072
:10DF40002DE9F047044692461D4681600023EFF319
:10DF50001187402282F31288BFF36F8F26E01AF1F7
:10DF6000010845F10009FFF7D9FF18EB000349EB61
:10DF7000E070236160613BE0521A66EB03030261CB
:10DF800043614368636020601C60446005E0294B86
:10DF90005A682360626014605C60FFF7A9FF8442E6
:10DFA0003AD087F31188BFF36F8F0123002B3DD147
:10DFB00053466FF00101B1EB0A014FF0FF3060EB07
:10DFC0000502002ACBDB1C4A116852685B1842EB41
:10DFD00005026FF00101C91A60EB020308461A46F8
:10DFE000012973F1000301DA01200022206162613E
:10DFF000FFF77EFF0028CAD002694669216963697C
:10E00000914273EB060EB7DB891A63EB06032161BD
:10E010006361FFF777FFEDE7084B1B68002BC0D16A
:10E020000BF070F90021FCF7EBFABAE7BDE8F087D6
:10E03000704700BF78080020403600203846002096
:10E0400070B5EFF31186402383F31288BFF36F8F0F
:10E050002A4B1860FFF74CFF044623E0284A136858
:10E0600051685B1941EBE571136051600022002398
:10E07000C4E9042320460BF02EF986F31188BFF380
:10E080006F8FA36820469847EFF31186402383F3F0
:10E090001288BFF36F8F194A13685B1B1360FFF779
:10E0A00027FF04463CB125696169144B1A68D317F0
:10E0B000AA428B41D2DA44B1236962690F490968E7
:10E0C0005B1A62EBE172236162610D4A0B4D2868B5
:10E0D000136851681B1841EBE07113605160002414
:10E0E0002C600BF00FF92146FCF78AFA86F31188B1
:10E0F000BFF36F8FFFF78CFE70BD00BF3846002066
:10E100004036002010B50022EFF31184402383F342
:10E110001288BFF36F8F134611460CE0FFF7FEFE27
:10E12000074A13685168C31841EBE07184F3118802
:10E13000BFF36F8F0122002AF0D0184610BD00BF38
:10E1400040360020F8B5EFF31183402282F31288A5
:10E15000BFF36F8F026822B183F31188BFF36F8F13
:10E16000F8BD04461D46826AC36A52EA030105D01F
:10E17000B3F1FF3F08BFB2F1FF3F27D1236B01335B
:10E180002363236A6BB185F31188BFF36F8F236A12
:10E1900020469847EFF31185402383F31288BFF39D
:10E1A0006F8F04F11803A469A3423FD0002C3DD027
:10E1B00020460AF050FF0023C4F8B03085F31188E0
:10E1C000BFF36F8F20460AF011FFC9E716461F46BE
:10E1D000012A73F1000301DA01260027013E47F10D
:10E1E000FF370BF0CDF8013041F10001801947EB0A
:10E1F0000101012871F1000108DA6FF001024FF00E
:10E20000FF330D492046FFF795FEB7E70BF0B8F84E
:10E21000013041F10001801947EB01036FF0010269
:10E22000121A4FF0FF3161EB0303EAE785F311881F
:10E23000BFF36F8F94E700BF45E10200F8B51D46BC
:10E24000EFF31187402383F31288BFF36F8FB5F18B
:10E25000FF3F08BFB2F1FF3F1FD0064614462946D4
:10E260006FF00102121B4FF0FF3262EB0502002A31
:10E2700018DB30460BF063F8DDE90623C6E90A2314
:10E280000023336322462B460B493046FFF752FEEC
:10E2900087F31188BFF36F8FF8BD87F31188BFF341
:10E2A0006F8FF9E7012C71F1000101DA01240025DB
:10E2B000013C45F1FF35DCE745E102002DE9F04383
:10E2C00083B0074616461D46274B9C68012384F8F9
:10E2D000603084F8613055EA02030CBF012300234B
:10E2E00004F160020BF0B1F98046EFF3118940238D
:10E2F00083F31288BFF36F8F94F860300BB3002361
:10E3000084F8603055EA060326D000960195174A36
:10E3100049461748FFF744FB0446EFF311824023B8
:10E3200083F31288BFF36F8F1546414638460BF0D2
:10E3300001F985F31188BFF36F8F204603B0BDE864
:10E34000F0834A46014638460BF0F4F889F3118809
:10E35000BFF36F8F0024F0E789F31188BFF36F8F4D
:10E360006FF00A04E9E700BFF445002080080020B0
:10E370003C46002038B50346EFF31185402282F376
:10E380001288BFF36F8FC1600122826000688342F0
:10E3900010D04268036813605A6000230360436032
:10E3A00001210BF0CEF9044629460548FFF770FB22
:10E3B000204638BD85F31188BFF36F8F0024F7E73F
:10E3C0003C46002038B504460D460AF03EFD48B9EB
:10E3D000054B9B68D3F8A40018B12A462146EEF7F6
:10E3E000F3F838BD0020FCE7F445002030B599B0C3
:10E3F0000546684600F028F86946044608A800F07B
:10E4000053FA08A90443284600F08AF9204619B0B7
:10E4100030BD00BF70B598B005466846164600F09E
:10E4200013F83146044608A800F046F908A96A46E0
:10E430000443084600F082F908A90443284600F086
:10E440006DF9204618B070BD70B50B68124E1BBA3E
:10E45000C3614B681BBA83618B681BBA4361CB688D
:10E460001BBA03610B691BBAC3604B691BBA83609B
:10E470008B691BBA4360CB691BBA32460360014605
:10E480000446DEF777FB3146054602462046DEF7B6
:10E4900091FB681E70BD00BF9CE903002DE9F041AF
:10E4A00088B00C46064602F12001684606F12007B6
:10E4B0009046DEF765FE6A4669466846DEF782FDED
:10E4C00069463846DEF75CFE3A463946384604F17E
:10E4D0002005DEF777FD6A4669466846DEF772FD7D
:10E4E00041462846DEF74CFE6A4641463046DEF796
:10E4F0002FFE2A4629466846DEF764FD2A4669460D
:10E500006846DEF75FFD124A69466846DEF75AFD47
:10E5100069462046DEF734FE324621462046DEF7C5
:10E520008FFD324621462046DEF78AFD22463146DF
:10E530002846DEF785FD6A4629462846DEF708FEAE
:10E540003A4629462846DEF77BFD08B0BDE8F08153
:10E550007CEA0300F0B599B004460D460A46014630
:10E560006846DEF76DFD69466846DEF709FE6A46D5
:10E57000214608A805F1200604F12007DEF7E8FD92
:10E580006A4629466846DEF7E3FD3246394610A85A
:10E59000DEF718FD324639463046DEF751FD31468A
:10E5A0002846DEF7EDFD6A4608A92046DEF70AFD9B
:10E5B000224629462846DEF743FD6A4608A96846F2
:10E5C000DEF73EFD6A4639463846DEF7C1FD2A468B
:10E5D00008A96846DEF734FD6A4631463046DEF764
:10E5E000B7FD3A4631463046DEF72AFD10A96846A7
:10E5F000DEF7C6FD224669462046DEF721FD08A962
:10E6000022460846DEF71CFD10A908AA0846DEF7D8
:10E610009FFD3A4610A93846DEF712FD19B0F0BD4D
:10E620002DE9F04188B00C46054690460A46014661
:10E630006846DEF705FD69466846DEF7A1FD6A46D5
:10E640002946284604F12006DEF782FD05F1200761
:10E650006A4621466846DEF77BFD3246394630463B
:10E66000DEF7EEFC31462046DEF78AFD2A462146DB
:10E670002046DEF7E5FC6A4621462046DEF7E0FC50
:10E680006A4629464046DEF7DBFC424639463846B4
:10E69000DEF75EFD224629466846DEF7D1FC6A4673
:10E6A00031463046DEF754FD3A4631463046DEF715
:10E6B000C7FC08B0BDE8F08170B500F1200690B04D
:10E6C0000D46044600F014F905F12001304600F033
:10E6D0000FF9214608A8DEF753FD08A908460D4AA0
:10E6E000DEF770FC08A922460846DEF731FD08A9CE
:10E6F000094A0846DEF766FC31466846DEF740FD0B
:10E70000202269460DEB0200DEF72EFC013810B026
:10E7100070BD00BF7CEA03005CEA030000F002B9B0
:10E7200038B504460D4600F0FDF805F1200104F16E
:10E730002000BDE8384000F0F5B800BF2DE9F047F3
:10E740001346B8B0544A89468046194610A8DEF7E9
:10E7500011FA5249024610A8DEF72CFA179E4E49CC
:10E7600000EAD6760746C6F1010210A8DEF722FAC3
:10E77000179B4A466FEA030A28A918A8FFF78EFEDE
:10E780004FEADA7A20A9CAF10102084600F092F8AD
:10E79000C7F10107FE246A4618A928A8FFF740FF21
:10E7A000631138AA02EB830304F01F0253F8A03C64
:10E7B000D340554603F0010A8AEA05052A4628A9EE
:10E7C00018A8DEF753FA2A4630A920A8DEF74EFA39
:10E7D000013C28A918A8FFF7BDFE631CDBD1CAF1D4
:10E7E000010220A908A800F065F886EA0A066A4630
:10E7F00018A928A8FFF714FF28A9324618A8DEF7A1
:10E8000035FA324630A920A8DEF730FA08A96A4660
:10E810000846DEF79DFC08A9084600F09DF808A907
:10E8200008F1200409F120020846DEF791FC20A936
:10E8300008AA2046DEF78CFC08AA18A96846DEF76D
:10E8400087FC69466846DEF79BFC18AA694608A85B
:10E85000DEF77EFC21466846DEF792FC08AA694690
:10E860001046DEF7EDFB0E4A08A96846DEF7E8FB26
:10E8700020462021DEF78CFB08A902464442684668
:10E88000DEF7F4F94046074A6946DEF761FC3C438F
:10E89000204638B0BDE8F087DCE90300FCE903005E
:10E8A0005CEA0300BCE903000A460149FFF746BFE2
:10E8B0001CEA030070B588B004460D4616460021D8
:10E8C000202268460AF0C8FF00232946202220465D
:10E8D00000930AF099FF2A4669466846DEF7B0FBC6
:10E8E000324669462046DEF7C1F908B070BD00BF68
:10E8F0000B681BBAC3614B681BBA83618B681BBA78
:10E900004361CB681BBA03610B691BBAC3604B69D7
:10E910001BBA83608B691BBA4360CB691BBA036067
:10E92000704700BFCB691BBA03608B691BBA436099
:10E930004B691BBA83600B691BBAC360CB681BBAF7
:10E9400003618B681BBA43614B681BBA83610B6818
:10E950001BBAC361704700BF70B598B00D4606463C
:10E9600010A8DEF70DFC2A4610A96846DEF7F0FB7A
:10E97000694610A8DEF704FC10A90846DEF700FC83
:10E980006A4610A908A8DEF7E3FB08A910A8DEF77D
:10E99000F7FB10A90846DEF7F3FB10A90846DEF7DF
:10E9A000EFFB10A90846DEF7EBFB10A908AA084602
:10E9B000DEF7CEFB10A90846DEF7E2FB10A90846F9
:10E9C000DEF7DEFB10A96A4608A8DEF7C1FB0524C6
:10E9D00008A910A8DEF7D4FB10A90846DEF7D0FB83
:10E9E000013C10A9F5D108AA0846DEF7B1FB0524C1
:10E9F00010A90846DEF7C4FB10A90846DEF7C0FBE5
:10EA0000013CF5D110A908AA0846DEF7A1FB10A920
:10EA100008A8DEF7B5FB08A90846DEF7B1FB08A990
:10EA20006A466846DEF794FB1024694610A8DEF7B4
:10EA3000A7FB10A90846DEF7A3FB013C10A9F5D1FE
:10EA40002A460846DEF784FB402410A90846DEF774
:10EA500097FB10A90846DEF793FB013CF5D110A9FE
:10EA60006A460846DEF774FB102410A90846DEF754
:10EA700087FB10A90846DEF783FB013CF5D110A9FE
:10EA80006A460846DEF764FB102410A90846DEF744
:10EA900077FB10A90846DEF773FB013CF5D110A9FE
:10EAA00008AA0846DEF754FB2A4610A93046DEF7CE
:10EAB0004FFB18B070BD00BF0CB430B589B005462F
:10EAC0000C461C22002101A80AF0C6FE02238DF884
:10EAD00006300E4B0293059523462CB1B4F1004F3E
:10EAE00028BF4FF00043013B1D440DAA0C99069529
:10EAF00001A8009200F0A8F814B1059B00221A703A
:10EB000009B0BDE8304002B0704700BF679C030009
:10EB10002DE9F04101260746B24201DCBDE8F08153
:10EB20003B461F4613F8014B002CF7D0252CF8D19B
:10EB30001C78252C07F10207F2D00023DFF80481AE
:10EB40009C461D461F2D18D8A4F1200EBEF1100FB3
:10EB500009D9A4F1300EBEF1090F1ED80A2404FB16
:10EB600003E3202504E028FA0EFE1EF0010F06D074
:10EB700017F8014B002CE5D128E07F2D1CD8A4F11B
:10EB8000300EBEF1090FE9D9242C10D1BCF1000FD1
:10EB900046D0B34246D00023EAE724F0040EBEF18B
:10EBA0002A0FF8D06C2C09D145F08005E0E724F05D
:10EBB000040EBEF12A0FEED06C2C22D06C2C1BD888
:10EBC000682C23D06A2C28D04C2C26D0BCF1000F06
:10EBD000A4D0B445A0D144F02007A7F1650CBCF146
:10EBE000020F0B6801D9612F1ED1073323F00703F1
:10EBF00008330B6001368EE7742CB9D07A2CB7D06D
:10EC0000E4E72C0648BF45F40075CDE7EC0548BFA6
:10EC100045F4007545F48075AAE745F42075A7E72B
:10EC20009C46B8E76324D6E7692C02D007D8632C4A
:10EC300003D02F0601D5AC05D7D40433D9E7732C04
:10EC4000F6E700BF892801002DE9F04F93B0436833
:10EC50000193837880469807CDE9061217D50B9269
:10EC60000B4600251F78A7B1252F16D00133059339
:10EC7000019B414638469847002805F1010580F27E
:10EC8000528498F8023043F0040388F802304FF0C1
:10EC9000FF35284613B0BDE8F08F5F789A1C252F0A
:10ECA0000592E5D000242646A246A346BBF11F0FDD
:10ECB00032D8A7F12003102B0AD8DFE803F024098B
:10ECC000092A0909091B0909092209270909190043
:10ECD000A7F13003092B2DD92A2F39D154B90B9B19
:10ECE0001BF0400F53F8042B0B9329D0164601E07C
:10ECF0004BF0010B059B13F8017B0593002FD5D139
:10ED00005BE04BF0020B4BF0040BF3E74BF0080B0E
:10ED1000F0E74BF0100BEDE7BBF17F0F3FD8A7F109
:10ED20003003092BD8D81BF0400F03D00A2202FB76
:10ED30000636DFE70A2202FB0A3A4BF0200BD9E73E
:10ED4000B2F1000AF9DACAF1000A4BF0280BD1E758
:10ED50002E2F05D11BF0400F9BD14BF0400BC9E784
:10ED6000242F1CD1002C00F04381079B0B931BF038
:10ED7000400F0AD1524606980BA9FFF7C9FE0B9B1C
:10ED80001A1DD3F800A00B92B4E7324606980BA9DF
:10ED9000FFF7BEFE0B9B1A1D1E680B92AAE76C2F95
:10EDA00000F0138100F20A81682F00F016816A2FAB
:10EDB00000F01B814C2F00F0188134B1079B06989E
:10EDC0000B9322460BA9FFF7A3FE002E47F020036A
:10EDD000B8BF2BF0400B0293A3F16503BCBF1FFA31
:10EDE0008BFB0026022B40F20881029B612B40F036
:10EDF0008382FF4307F0200304930B9B073323F028
:10EE0000070303F108021BF0400F93ED000B0B9278
:10EE100018BF3146049A08BF4FF0FF310CA80AF022
:10EE200062FE431CDBB24BF4C0540393DDF8309018
:10EE300070230646A3460127029309F10903122B0A
:10EE40000CD909F16303C62B40F2118109F2E733B3
:10EE500040F2CE72934294BF032704279DF83420DA
:10EE600002F00C0312F0010240F01C811BF0020FB3
:10EE700040F015811BF0040400F0FB80002B40F0F3
:10EE8000148120231BF4405F21D1039A4832002EC5
:10EE90006A4408BF0126133A039921B112F8011DF3
:10EEA000302900F039811BF0100F039A18BF324649
:10EEB00019F1040FC0F23581B14580F232814A4523
:10EEC0004BF4005B40F32F8109F10106961B1BF404
:10EED0000052089200F0298129EAE974013403B153
:10EEE0000134002E00F02881721C1444A245CCBFCE
:10EEF000AAEB040400241BF0090F04D12C44A54202
:10EF000040F01F81002443B118464146019B9847B9
:10EF1000002805F10105FFF6B4AE1BF4006F13D015
:10EF2000019B4146302098470028FFF6AAAE049B7B
:10EF3000C3F178004146019B00F0F8009847002893
:10EF400005F10205FFF69DAE1BF0080F05D12C441C
:10EF5000AC4240F0028125460024089B002B00F0C3
:10EF60002C8129EAE97AA9EB0A027642039B0292F4
:10EF7000934284BF0CABD3180AF1FF3A8CBF587987
:10EF80003020564505F1010700F3F180019B414611
:10EF90009847029A002802F10102FFF672AEBAF118
:10EFA000FF3F09D1019B029241462E20984700283D
:10EFB000FFF667AE029AAF1C3D46D7E7742F3FF4C9
:10EFC00099AE7A2F3FF496AEF7E61BF0800F18BF8C
:10EFD0004BF4007B4BF0800B8CE61BF4807F18BF5A
:10EFE0004BF4007B4BF4807B84E64BF4207B81E682
:10EFF0002646B3465446B2467CE6FF4307F020035C
:10F0000004930B9B073323F0070303F1080293EDEE
:10F01000000B029B0B921BF0400F08BF0626652BCE
:10F0200011D1711C0022C9B24BF4805B1346112927
:10F0300028BF11210CA800F015FBC3B2DDF83090F9
:10F0400003930227F9E6029B662B05D14BF4005B84
:10F05000334601221121EAE7F1B201294FF0000203
:10F060004FF0650038BF012113460290DFE7022709
:10F07000F4E6002B3FF406AFBAF1030F3BDC9DF83A
:10F0800034309B4E13F0080F9A4B08BF1E46B14612
:10F090004F4619F8010BB0BBAE1B374488E033BBB9
:10F0A0002B23EFE62BBB2D23ECE62022BAF1040F35
:10F0B00013DD1BF0080FAAF104040FD12C44019BAF
:10F0C0000292414620209847002805F10105FFF6ED
:10F0D000D8ADA542029AF2D19AB10024019B4146D3
:10F0E00010469847002805F10105C8DAC9E52B222A
:10F0F000DCE72D22DAE71BF0080FAAF10304BED1EA
:10F10000DCE71446BBE7049BC01A4146019BC0B232
:10F1100098470028BCDAB4E503990139C9B20391D4
:10F12000BAE6561ED3E60026D1E61BF4006F0CBFEC
:10F13000032405243C44D2E61BF0100F18BF013411
:10F14000D4E609934146019B202098470028099B5B
:10F1500005F10105BFF6D3AE93E5019B4146302092
:10F160009847002805F10105BFF6F2AE89E5D145C3
:10F170000AD19DF83530352B1DD805D19DF8343096
:10F1800013F0100F08BF3120019B4146984700281B
:10F19000FFF677AD1BF0100F0AD0BAF1FF3F07D191
:10F1A000AF1C41462E20019B98470028FFF669AD11
:10F1B0003D463C443EE23120E6E79DF835003128EB
:10F1C0001EBF9DF8343023F010038DF834304146D3
:10F1D000019B98470028FFF654AD002E6BDD019B84
:10F1E00041462E2098470028FFF64BAD4FF0010A0C
:10F1F000039B9A45BBBF0CAB534430205879019B0D
:10F20000414698470028D346FFF63BAD0AF1010A74
:10F210005645EDDA02355D44029B049A981A414640
:10F22000019BC0B298470028FFF62BADB9F1000F43
:10F2300004DB4ED19DF83430DB064AD5C9F1000914
:10F240002D20019B414698470028FFF61AAD042F58
:10F2500041D14FF47A7799FBF7F606F13000019B24
:10F260004146C0B29847002805F10305FFF609ADF5
:10F2700007FB1699642799FBF7F606F13000019B0E
:10F280004146C0B29847002805F10105FFF6F9ACE8
:10F2900007FB16990A2799FBF7F606F13000019B48
:10F2A0004146C0B29847002805F10105FFF6E9ACD8
:10F2B00007FB169915E01BF0100F01D10135ABE7E4
:10F2C000019B41462E209847002805F10205A3DA4C
:10F2D000D7E42B20B5E7032F05F10205CAD0012F93
:10F2E000D8D109F130006F1C4146C0B25BE700BFC6
:10F2F000ABEC0300A7EC0300A7F16303122B00F2B1
:10F30000FB80DFE813F013005300F900F900F90067
:10F31000F9005300F900F900F900F900F9001301B0
:10F32000F400F900F9002800F900B5000B9B1A1D44
:10F330001B680B928DF8303001240CAF1BF0080FC6
:10F340002AD007EB04093E464E4527D1EF1B374430
:10F35000AAEB04042CE70B9B1A1D0B921F68AB4B06
:10F36000002F08BF1F461BF0400F14BF31464FF05F
:10F37000FF31384608F06FFD0446DFE7019B414648
:10F38000202098470028FFF67CAC013EB442F5D31C
:10F390005544AD1BB246D4E75646F7E716F8010BC5
:10F3A000019B414698470028CEDA6AE41BF0800FA3
:10F3B0000B9B35D01BF4007F2DD0073323F00703C0
:10F3C000D3E9000103F108020B922BF01009002988
:10F3D0001FFA89F936DA404261EB410149F480694C
:10F3E0000DF1300B0A235A460AF05EFA19F0400F6D
:10F3F000A0EB0B0B65D029F001025E4592B240F301
:10F40000B280002F00F0A98019F010033446914615
:10F4100026D002345CE01A1D18680B92C117D4E79D
:10F420001A1D1BF4807F19680B9201D10846F5E77D
:10F430001BF4007F15BF48B208B241F3C01141F37D
:10F44000C031C2E750EA0103CAD11BF0400FC7D058
:10F45000002EC5D12BF0110B1FFA8BF93446B346A1
:10F4600040F2064319EA03031CBF013400232FE0D6
:10F470002BF0100B1FFA8BFB0A231BF080040B9A56
:10F4800057D01BF400711DBF073222F0070202F1B2
:10F490000801101D19BF0B91D2E900010B901068F3
:10F4A00050EA010252D12BF016091BF0400F1FFA4F
:10F4B00089F94FD0002E4DD12BF0170B1FFA8BF985
:10F4C000B34619F0100352D0002F4ED10BF10104B6
:10F4D00019F0080F5ED119F0010F06D0A2456DDDBD
:10F4E000AAEB040404EB0B06544622464DE04BF015
:10F4F000100B10237827C0E7029B782B04D1C7F1AB
:10F50000780343F01003B8E7019B41462520984754
:10F510000028FFF6B6AB019B4146384698470028C5
:10F52000FFF6AFAB0235059BFFF79CBB0823002716
:10F53000A3E7111D0B911BF480711068B0D01BF470
:10F5400000711ABFC0B2214680B2A9E72BF0060BAA
:10F550001FFA8BF90DF1300B45E729F011091FFA5D
:10F5600089F934467CE79146ABE75C4651E75C4657
:10F5700076E7CDE902234146019B202098470028E9
:10F58000FFF67FAB029A039B01329245F1DC2C1B04
:10F59000A5181446EBB1019B41463020984700283E
:10F5A000FFF66FAB67B901352F462E44F31B5B4561
:10F5B00021DC5D460CAE5DBB5F44C9E65E4694E768
:10F5C000023541463846019B98470028ECDAFFF7A0
:10F5D00058BB40F2064319EA030FE5D019F0020FB9
:10F5E00014BF2B20202019F4806F05F1010541463E
:10F5F00018BF2D20E7E7019B41463020984700289F
:10F6000007F10107D2DAFFF73CBB00BFAFEC030004
:10F61000013D019B705D414698470028CBDAFFF71A
:10F6200030BB019B414620209847002805F1010589
:10F63000FFF627AB631B002BF3DC74E71FB502ABAF
:10F640000093074A4FF0CC330AF013FADDE90201C8
:10F65000C00840EA4170C90805B05DF804FB00BF6E
:10F66000CDCCCCCC2DE9F04F55EC104B9DB0CDE975
:10F670000B122A460D93290DC5F31303D20FC5F3C0
:10F680000A5507908DED050A0A9275B922461A436C
:10F690001BD1302343710A9B056043F002030371C1
:10F6A000012738461DB0BDE8F08F40F2FF72954249
:10F6B0004DD1059A13430A9B079A14BF43F00803E0
:10F6C00043F0040313710027EBE7059AB24D02F0F3
:10F6D00001020992059A4FEA830848EA9278970056
:10F6E00001229A461646C5F1000B5846089200F0D2
:10F6F00015FAB5F1FF3FACBF8146A0F10109ABEBB4
:10F70000090B09EB05035846069300F00DFA18A9FA
:10F71000A0F17D05584600F027FA14AB089A019332
:10F72000A9EB050512AB0292009305982B4618AA87
:10F7300051460AF0E1F8B9F1010F04460D4600F216
:10F74000D880099B002B40F0CB8001276FE0059A01
:10F7500002F001020992059A43F4801A4FEA8A08DE
:10F760001343A5F2354548EA92784FEA82074BD118
:10F7700040F2FE7319420CBF01260026002D3246CE
:10F78000B1DB284600F0C4F90346032DC8BF013B96
:10F790001846069300F0C8F9069B7C305D1B0544B3
:10F7A00018A9184600F054FA14AB019312AB009359
:10F7B000059802962B4618AA51460AF09DF8069B1A
:10F7C000152B04460D4600F2888016AB734A009351
:10F7D00038464FF0CC3341460AF04BF9169B179A46
:10F7E0009B0843EA827303EB8303BB42DDE9129A71
:10F7F0000CD13846414600F09FF9069B83428CBFEE
:10F8000000270127002612E00126B7E7099B002BFD
:10F8100053D1013F48F1FF31B81B61F1000100F005
:10F820008BF9069B099F83428CBF002601260C9B07
:10F83000002B40F09280DDF82CB04FF00008CDF89E
:10F840002080CDF814804FF00A0ADDE91201FFF79D
:10F85000F5FE149B1093CDE90E0118461599FFF79C
:10F86000EDFE0E9B0F9A119198420B4693418146F3
:10F8700080F08D8020462946FFF7E0FE109A0AFBB3
:10F8800009F3934214BF002606F001060E9B129363
:10F890000F9BCDE91339119B1593089BB8F1000F0D
:10F8A00014BF002707F0010701330AFB10485FFA75
:10F8B00088F8089304460D46C7E7B81C48F10001D4
:10F8C00000F03AF9069B83428CBF00200120B9EB7F
:10F8D00000006AF10002CDE9120200273E46A6E7C9
:10F8E000129B139A013B42F1FF32CDE912320127FC
:10F8F00088E7B9F13E0FF0D84FF0FF33A9F12000AF
:10F9000003FA09F203FA00F0C9F1200123FA01F128
:10F9100002430A4303FA09F327EA030728EA020825
:10F9200057EA08070CBF012700276BE700FB02FC22
:10F93000A1FB0012013362448C4275EB020CF5D23C
:10F94000069A13440D9A1344012B0B9AB8BF012356
:10F950009A42A8BF1A4693466FE70A210022012364
:10F960000846E9E70AFB03F0A2FB0A23013103443E
:10F97000944275EB0300F5D2594511DDBBF1000F40
:10F9800002D154EA05030BD00123059372E70A2242
:10F9900000230121ECE700BFCCFBFFFFCDCCCCCC9A
:10F9A0007EB34FF00A0A149B15990F931846FFF780
:10F9B00045FE0F9B0E910AFB00F29A42814620D130
:10F9C000DDE91201FFF73AFE10900F91204629461B
:10F9D000FFF734FE0F9B109A1292CDE913390E9B5C
:10F9E0001593089BB8F1000F14BF002707F001071B
:10F9F00001330AFB10485FFA88F8089304460D4665
:10FA0000D1E7069B089A13449946002F58D0B8F1C5
:10FA1000050F55D114F0010348D1059A32B9DDE93B
:10FA200014239D4208BF94425DD0059B18194FF0E6
:10FA30000A0445F10001002201262546A04271EB8F
:10FA4000020753D2E3B1B3451ADA0C9B63B10D9AA6
:10FA500006EB09031A4422EAE2730B9A9A42A8BF02
:10FA60001A46964293460BDD05304FF00A024FF0DE
:10FA7000000341F10001DDF743F809F10109013EFE
:10FA80005E45A8BF5E4637B20FFA89F9079B09FAAF
:10FA900086F607F10508013E98444FF00009B94584
:10FAA0002BDB079B0A9A1E601A71FAE5059B2BB99E
:10FAB000DDE914239D4208BF944209D00123B5E734
:10FAC000059B53B9DDE914239D4208BF944204D13C
:10FAD000099B002BF2D1002EF0D0B8F1040F94BF97
:10FAE00000230123A2E74FF00408F1E705FB02F72A
:10FAF000A4FB054201363A44A0E70A220023DCF7C2
:10FB0000FFFF303208F8012D09F10109C7E700BFF6
:10FB1000014B5843800C704741340100014B58435E
:10FB2000000D7047FB2E0B00024B5843C00C0130F8
:10FB3000704700BF4F9312000A4A70B503464FF05A
:10FB4000CC3600204FF0333506FB03F402FB0144B2
:10FB5000A3FB023121449D4275EB010401D3013026
:10FB6000F2E770BDCDCCCCCC2DE9F04F1A23354E49
:10FB7000B0FBF3FA03FB1A0389B004460D4606EB0B
:10FB80000A1653B9D6E90023C1E90023D6E90201D8
:10FB9000C5E9020109B0BDE8F08F2B4A02EBC303AF
:10FBA000D3E9008904AB0093D6E9022340464946D5
:10FBB00009F05FFF06AB0093D6E9002383460F46AA
:10FBC0004046494609F055FFDDE9066216EB0B0693
:10FBD00052EB07084FF0000328BF0123814633B1E1
:10FBE000049B059A013342F10002CDE9043220461C
:10FBF0000391FFF799FF07461A2000FB0AF0FFF771
:10FC000093FF3F1A3246434603990097484609F04E
:10FC10004BFF4FEA141C0D4A640004F01E0352F817
:10FC20002C40DC4004F00304241841F10001C5E934
:10FC30000041DDE9042300973046414609F034FFD6
:10FC4000A6E700BF88A40300B8A303009CEA030052
:10FC50002DE9F04F1A27DFF8ECA000F11905B5FBEC
:10FC6000F7F56F433A1A4FEA051B89B004460E4672
:10FC70000AEB05150AD1D5E90023C1E90023D5E92E
:10FC80000201C6E9020109B0BDE8F08F2B4B03EB7E
:10FC9000C203D3E9008904AB0093D5E902234046AF
:10FCA000494609F0E6FE5AF80B206B68013ACDE9A7
:10FCB000020106A963F1000300914046494609F09C
:10FCC000D8FEDDE906528A4602996D18039952EB77
:10FCD00001084FF0000328BF0123814633B1049B84
:10FCE000059A013342F10002CDE904323846FFF7AC
:10FCF0001BFF07462046FFF717FF3F1A2A464346D9
:10FD000000974846514609F0CFFE4FEA141C0C4AB2
:10FD1000640004F01E0352F82C40DC4004F003049D
:10FD20000134241841F10001C6E90041DDE9042352
:10FD300000972846414609F0B7FEA2E7B8A30300A2
:10FD4000F0EA030058A50300704738B583680569D9
:10FD50009C697CB112F4000F06D02D6801238B4002
:10FD60001D4201D082F0C06202F0B05302F0B072C6
:10FD7000A04738BD6FF05700FBE738B513468568DC
:10FD8000046912F4801F07D012F4402F04D012F03F
:10FD9000010F01D082F4402323F4801213F0010FED
:10FDA0000AD023684FF0010C0CFA01FC43EA0C0363
:10FDB00023602B68984738BD23684FF0010C0CFA7C
:10FDC00001FC23EA0C032360F3E708B503468C46E5
:10FDD00000681979DA8842EA0C02FFF7CEFF08BD05
:10FDE00038B50C46056983685B68984718B923687D
:10FDF0002A685340236038BD10B582B00C4601A973
:10FE0000FFF7EEFF30B90123A340019A134214BF5C
:10FE10000120002002B010BD08B532B1012303FA61
:10FE200001F18368DB68984708BD012303FA01F1FB
:10FE300083681B699847F7E710B503691C680123BD
:10FE40008B401C4202D0B2FA82F25209FFF7E4FF63
:10FE500010BD08B58368DB6913B10122984708BD5E
:10FE60006FF05700FBE708B5EDF75EFE08BD10B573
:10FE700086B00024009401940294039404940594A1
:10FE800001910292ADF80C306946F8F79FFB06B07D
:10FE900010BD38B5836805699C697CB112F4000F08
:10FEA00006D02D6801238B401D4201D082F0C06234
:10FEB00002F0B05302F0B072A04738BD6FF05700A7
:10FEC000FBE738B513468568046912F4801F07D034
:10FED00012F4402F04D012F0010F01D082F440231D
:10FEE00023F4801213F0010F0AD023684FF0010CA5
:10FEF0000CFA01FC43EA0C0323602B68984738BDD9
:10FF000023684FF0010C0CFA01FC23EA0C03236078
:10FF1000F3E708B503468C4600681979DA8842EAA7
:10FF20000C02FFF7CEFF08BD08B58368DB6913B18B
:10FF30000122984708BD6FF05700FBE738B583688A
:10FF400005699C697CB112F4000F06D02D6801236D
:10FF50008B401D4201D082F0C06202F0B05302F02B
:10FF6000B072A04738BD6FF05700FBE738B51346B5
:10FF70008568046912F4801F07D012F4402F04D062
:10FF800012F0010F01D082F4402323F4801213F009
:10FF9000010F0AD023684FF0010C0CFA01FC43EA70
:10FFA0000C0323602B68984738BD23684FF0010C81
:10FFB0000CFA01FC23EA0C032360F3E708B50346BF
:10FFC0008C4600681979DA8842EA0C02FFF7CEFF06
:10FFD00008BD08B58368DB6913B10122984708BDE5
:10FFE0006FF05700FBE708B5437933B1014651F88C
:10FFF000060B83681B68984708BD6FF08500FBE718
:020000040003F7
:1000000038B513468568046912F4801F07D012F4CE
:10001000402F04D012F0010F01D082F4402323F4CA
:10002000801213F0010F0AD023684FF0010C0CFA74
:1000300001FC43EA0C0323602B68984738BD236812
:100040004FF0010C0CFA01FC23EA0C032360F3E7E8
:1000500008B503468C4600681979DA8842EA0C0232
:10006000FFF7CEFF08BD08B532B1012303FA01F155
:100070008368DB68984708BD012303FA01F18368B0
:100080001B699847F7E710B503691C6801238B408B
:100090001C4202D0B2FA82F25209FFF7E4FF10BD0F
:1000A00030B583B08446084615461C461B680CFBD9
:1000B00003F3019301A9F8F7C3FE10B9019B2B418B
:1000C000236003B030BD4279C2B108B584460B4607
:1000D000C279042A0ED0C0899CF810209CF80A101E
:1000E00011F0200F01D0013AD2B29CF80610FFF7B0
:1000F000D7FF08BD026892681089EDE76FF08500B0
:10010000704741F2670398424ADC41F23503984256
:1001100048DC41F20303984246DC40F6D173984232
:1001200044DCB0F57A6F43DA40F66D73984241DCF7
:1001300040F63B7398423FDC40F6097398423DDC41
:1001400040F6D76398423BDC40F6A563984239DC21
:1001500040F67363984237DC40F64163984235DCE1
:10016000B0F5616F34DA40F6DD53984232DC40F688
:10017000AB53984230DC40F6795398422EDC40F67F
:10018000475398422CDC40F6155398422ADC40F63F
:10019000E343984228DCB0F5486F27DA0020704727
:1001A000642070475F2070475A2070475520704781
:1001B000502070474B2070474620704741207047C1
:1001C0003C20704737207047322070472D20704701
:1001D00028207047232070471E2070471920704741
:1001E000142070470F2070470A2070470520704781
:1001F00000EBC1018368B3F5004F0AD322B14B680D
:1002000043F001034B6070474B6823F001034B60E0
:10021000704722B14B8843F001034B8070474B88F5
:1002200023F001034B807047C9008368B3F5004F8A
:1002300003D308231944084470470423FAE710B491
:1002400000EBC10C8468B4F5004F19D3DCF80C3016
:10025000994218D0B4F5004F22D3DCF808100432CC
:1002600040F8223000EBC102B4F5004F1BD3D3603D
:1002700000EBC3038268B2F5004F16D399600CE01F
:10028000BCF80630E4E7C3680121914023EA01038A
:10029000C3600432002340F822305DF8044B7047FD
:1002A000BCF80410DBE7D380E2E79980F5E7131D83
:1002B00050F82330DBB9C3684FF0010C0CFA02FC94
:1002C00043EA0C03C360043240F8221000EBC10380
:1002D0008268B2F5004F06D399608268B2F5004F8C
:1002E00003D3D96070479980F7E7D980704710B57C
:1002F00000EBC30C8468B4F5004F1CD3DCF8082075
:1003000000EBC10EB4F5004F18D3CEF80820846876
:10031000B4F5004F15D3CEF80C3000EBC202836861
:10032000B3F5004F10D3D1608368B3F5004F0DD300
:10033000CCF8081010BDBCF80420E1E7AEF80420AA
:10034000E5E7AEF80630E8E7D180EDE7ACF8041059
:10035000F0E730B400EBC10C8468B4F5004F29D34A
:10036000DCF80450531A891A01EB55015D00B4F50D
:10037000004F22D3CCF804504C0000EBC20C85682F
:10038000B5F5004F1CD3CCF804408468B4F5004F99
:1003900019D340F832308368B3F5004F16D3DCF838
:1003A000044002EB5402B3F5004F12D340F8321070
:1003B00030BC7047BCF80250D4E7ACF80250DBE721
:1003C000ACF80240E1E720F83230E4E7BCF8024044
:1003D000E7E720F83210EBE730B400EBC1018468A6
:1003E000B4F5004F1ED34B685B0800EBC20CB4F5AC
:1003F000004F19D3DCF8045003EB55035D00B4F54E
:10040000004F14D34D608168B1F5004F11D3DCF873
:10041000044002EB5402B1F5004F0DD340F83230E6
:1004200030BC70474B88DFE7BCF80250E4E74D80F2
:10043000E9E7BCF80240ECE720F83230F0E78368E7
:10044000B3F5004F04D30823C91A081AC00870472F
:100450000423F9E708B58368B3F5004F07D300EB31
:10046000C10252685208012A02D0002200E0002294
:10047000A2B900EBC102B3F5004F10D35268520885
:10048000B3F5004F0DD308230833A2EBD30201329A
:10049000B2FA82F2C2F11F02FFF7D1FE08BD528804
:1004A000EDE70423F0E708B58368B3F5004F07D301
:1004B00000EBC10252685208012A02D0002200E07B
:1004C0000022A2B900EBC102B3F5004F10D352686D
:1004D0005208B3F5004F0DD308230833A2EBD30223
:1004E0000132B2FA82F2C2F11F02FFF7E0FE08BD4C
:1004F0005288EDE70423F0E7F8B504460D46CE0038
:1005000000EBC1078368B3F5004F1FD3796805EB93
:10051000510104EBC102B3F5004F19D3536813F036
:10052000010F17D0A368B3F5004F24D3A159691A5E
:1005300004EBC102B3F5004F1FD3536813F0010F52
:100540001DD029462046FFF7AEFFF8BD7988DEE7CB
:100550005388E4E72046FFF77DFFA368B3F5004F1B
:1005600007D37A6805EB520229462046FFF734FF8D
:10057000D8E77A88F6E7A15BD9E75388DEE720461B
:10058000FFF768FFA368B3F5004F0CD3A1592A46C3
:10059000691A2046FFF720FFA368B3F5004F04D384
:1005A000A359ED1ACDE7A15BF1E7A35BF9E7F8B535
:1005B0008568B5F5004F10D308230833A1EBD303AA
:1005C0000133B3FA83F3C3F11F02C3F1230450F8DC
:1005D000246046B34FF0030C12E00423EDE7BEF8AD
:1005E000027017E02146FFF72AFE24E0BEF806401D
:1005F000171D40F82740BCF1010C14D0A64212D0C0
:10060000141D50F8244000EBC40EB5F5004FE6D39E
:10061000DEF80470B1EB570FE4D9B5F5004FE5D320
:10062000DEF80C40E4E7C468C3F1200201239340E4
:100630005B421C4001D12046F8BD94FAA4F2B2FA04
:1006400082F2131D50F823402146FFF7F8FDF2E730
:1006500079B138B505682846FFF7F1FE0446002257
:1006600001462846FFF7C4FD21462846FFF744FF10
:1006700038BD704770B50568A1B30B46AA68B2EBE8
:10068000D10F31D9B2F5004F1DD308229C18073481
:10069000E40821462846FFF78AFF064630B305EBFB
:1006A000C003AA68B2F5004F0FD35B68B4EB530FD9
:1006B0000DD3012231462846FFF79AFD31462846E0
:1006C000FFF7B2FD70BD0422E0E75B88EEE734443B
:1006D000224631462846FFF73CFE21462846FFF7D2
:1006E000E2FEE6E70020EDE70020EBE70020E9E787
:1006F0002DE9F041144606684B420B4001F1FF38EA
:1007000018EA01080CD0B268B2F5004F06D30822EF
:10071000934257D21A464546984609E00422F7E725
:100720000D46B368B3F5004F45D30822954244D92E
:10073000002C62D0B368B3EBD40F60D92919891AA1
:10074000B3F5004F41D3082319440731C908304697
:10075000FFF72DFF0746002853D001463046FFF72C
:1007600063FD00EB08032B44013BB3FBF5F303FBF4
:1007700005F5A5EB08052C44073424F007042946A9
:100780003046FFF75CFE8046A41BE41087421ED370
:1007900006EBC803B268B2F5004F22D35B6808EBE2
:1007A00053039C421FD3012241463046FFF720FDF0
:1007B0002846BDE8F0810422B8E72146FFF75AFF3A
:1007C0000546F5E745469846B2E70423BCE70246EE
:1007D00039463046FFF7BDFD39463046FFF763FE28
:1007E000D6E75B88DBE7224641463046FFF7B1FD9E
:1007F00021463046FFF757FED5E70025D8E700250C
:10080000D6E70025D4E7F8B5B2F5802F23D3082327
:10081000D21ACC1D24F0070401EB020C2CF0070CBB
:10082000ACEB040C4FEADC010460A1600023E36040
:10083000BCF5802F11D308230833A1EBD303013378
:10084000B3FA83F3C3F1200EC3F124039B00DE1D32
:10085000F508002308E00423DAE70423ECE71A1D77
:10086000002044F8220001337345F8DB6B00BCF52F
:10087000802F32D36360BCF5802F30D300232360F8
:10088000BCF5802F2ED3636843F0010363604A1BDD
:10089000570026F00703E018BCF5802F27D34760E8
:1008A000A068B0F5004F24D3E5502CF00703A44412
:1008B000A068B0F5004F1ED30020CCF80400A0685B
:1008C000B0F5004F1BD3E25001222046FFF790FC09
:1008D00029462046FFF7E7FDF8BD6380CBE70023FC
:1008E0002380CDE7638843F001036380CFE747802F
:1008F000D6E7E552D9E70020ACF80200DFE7E25284
:10090000E2E710B50C4611461A46029BA04710BDFF
:100910004038C0B23A288CBF002001207047F8B59B
:10092000064603784578847804EB83040444002762
:1009300006E001342046EBF7D9FD013004440137CD
:10094000AF42F6D3A01BF8BD70B5144668B10D4692
:10095000194606462BB91046EBF7C8FD83B20133A2
:1009600099B22A462046B04770BD1046EBF7BEFD4F
:100970000130F9E75BB32DE9F04782B007468846BE
:1009800091461D461A785E789C78DB7804EB8204E9
:1009900004EB43042C444FF0000A0AE014F8013B36
:1009A00045F823402046EBF7A1FD013004440AF14D
:1009B000010AB245F2D305F1080300936B684A4679
:1009C00041463846FFF79DFF02B0BDE8F0876FF063
:1009D000150070472DE9F0410446884600273E4641
:1009E00007E0702D18D02846FFF792FFB8B9252DE3
:1009F0000ED014F8015B75B1002EF8D04745F0D049
:100A00002846FFF785FF0028F1D001370026EEE7E2
:100A100086F00106EDE700263046BDE8F0810026AD
:100A2000FAE708B500F0E0FC08BD0FB400B583B0EC
:100A300004A951F8040B0191FFF7F3FF03B05DF82F
:100A400004EB04B070470FB400B583B004A951F8AB
:100A5000040B0191FFF7E5FF03B05DF804EB04B070
:100A60007047036913F0080F08D1C3680268934206
:100A700007D8036A9B1A0B600120704700200860AA
:100A800070479B1A0B6000207047036913F0080F32
:100A900007D1826843689A4203D89B1A0B600020F2
:100AA0007047036A82689B1A0B600120704710B57B
:100AB00082B0044601A9FFF7D4FF20B1E368019A90
:100AC0001344013B0193206A019BC01A013802B014
:100AD00010BD38B5036913F0040F00D138BD0446CA
:100AE000456AFFF7E4FF854202D9606A6062F5E774
:100AF0002046FFF7DCFFF9E7C3681944036913F0E8
:100B0000010F04D1026A914204D3891A02E0026AF9
:100B1000013A1140C16023F008030361704710B42B
:100B200000236FF3000343F0020361F39F03C269E4
:100B3000046842F8243003680B44026912F0010F84
:100B400004D1046AA34204D31B1B02E0046A013CE3
:100B500023400360C4689C420AD043681944036977
:100B600013F0010F08D1036A994208D3C91A06E0AD
:100B700042F008020261F0E7036A013B194041605C
:100B80005DF8044B70472DE9F04F83B004460191A6
:100B900017469846C569C66805EB860B15F82630DA
:100BA00003F00303022B24D0002100233B60C8F88C
:100BB000003019BB236913F0020F73D0A3695846A4
:100BC0009847824615F8269019F001096CD015F85F
:100BD000263013F0020F39D0019BBBB96268524432
:100BE000236913F0010016D1216A8A4216D3521AE2
:100BF00014E055F82610C1F39D01D6E72046FFF713
:100C00007BFFE368A3604FF001094DE019462046E1
:100C1000FFF785FFE2E7216A01390A406260E16877
:100C2000A268914206D0A2682260E26043F0080305
:100C3000236139E0524420B9216A8A4204D3521A0E
:100C400002E0216A01390A40A260ECE70146204631
:100C5000FFF752FFE368A360019B23B1E3692268B9
:100C6000002143F82210019B5344C8F80030226849
:100C70001344226912F0010F04D1216A8B4204D37C
:100C80005B1A02E0216A01390B40236042F008023E
:100C9000226115F826306FF3000305F82630C7F8F7
:100CA00000B001E04FF00009484603B0BDE8F08F06
:100CB00030B45318046914F0010F04D1056AAB4233
:100CC00004D35B1B02E0056A013D2B4005689D4291
:100CD00014D000236FF3000343F0020362F39F0379
:100CE000C46944F8213043681344026912F0010FCB
:100CF00009D1026A934209D39B1A07E0016024F0EC
:100D00000804046103E0026A013A1340436030BC06
:100D1000704708B50023036043608360C3600361CC
:100D200043618361CA6882618A6842610A68C261FC
:100D30004A68026243620B6903612AB1511E0A428A
:100D400002D143F00103036128300122002107F0A2
:100D500042FE08BD2DE9F04F87B09A460023059367
:100D60000393036A8B42C0F087800446894693460A
:100D7000002301930126009341E001992046FFF7EB
:100D800097FF0023039345E0E369226803EB8201A8
:100D9000009113F822106FF3000103F82210C9B27A
:100DA0006FF3410103F8221023684B44226912F0CB
:100DB000010F04D1216A8B4204D35B1A02E0216A3D
:100DC00001390B402360E168994201D0002608E018
:100DD00042F008022261002603E02046FFF79FFE52
:100DE0002E4687F31188BFF36F8F059929B1636988
:100DF0000BB12046984700230593002E3ED0EFF319
:100E00001188402383F31288BFF36F8F4746039AFC
:100E1000002AB2D104A92046FFF723FE0546049913
:100E20004945B1D20028D8D15AEA0B030BD1002E84
:100E3000D7D02368019303AB05AA04992046FFF796
:100E4000A2FE0646CDE708F000F80028EFD188F3AF
:100E50001188BFF36F8F04F128005A465346FCF700
:100E6000CDF9EFF31187402383F31288BFF36F8F1F
:100E7000B0FA80F67609B4E700230093009807B033
:100E8000BDE8F08F70B504460D4683690846984763
:100E9000EFF31186402383F31288BFF36F8F2B7813
:100EA00043F001032B7063681844236913F0010FAA
:100EB00004D1236A984204D3C01A02E0236A013B9A
:100EC000184060602046FFF704FE86F31188BFF3E8
:100ED0006F8F70BDF0B583B004462EE053F822004A
:100EE00080084DD143E0226A013A1340A3602046B6
:100EF000FFF702FE01231BE013F8221041F002016C
:100F000003F82210A768A36930469847384423693C
:100F100013F0010F04D1236A984204D3C01A02E0EF
:100F2000236A013B1840A060002301E000231E4615
:100F300085F31188BFF36F8F8BB3EFF311854023D7
:100F400083F31288BFF36F8F01A92046FFF79DFD41
:100F5000E369A26803EB820601990029E6D013F841
:100F6000221011F0030117D00229B7D0002013F886
:100F7000221011F0010FBFD110B9A3693046984774
:100F8000A36801460344226912F0010FABD1226A23
:100F90009342ABD39B1AA9E700231E46C8E730460D
:100FA00003B0F0BD70B504460D4683690846984706
:100FB0000146EFF31186402383F31288BFF36F8F4E
:100FC0002B786FF300032B70236913F0020F0AD004
:100FD000E369E26803EB8203AB4204D02B6860F361
:100FE0009F032B600AE02B786FF341032B70E268BC
:100FF000A3689A420BD02046FFF77EFD86F3118846
:10100000BFF36F8F04F12800FCF7D0F870BD0B44DC
:10101000226912F0010F04D1226A934204D39B1A71
:1010200002E0226A013A1340A360E4E700B583B00E
:1010300001A9FFF72AFD0198003818BF012003B06D
:101040005DF804FB01F00701038B23F007030B435A
:10105000038370472DE9F04106460F4690468168AC
:1010600021B10C683CB131B90C4604E00C4602E0F9
:10107000234621461C4669B14D6843463A463046F0
:10108000A847002CF4D02368002BF2D0002CF0D11C
:101090002346EEE7BDE8F081038B13F0070303D18D
:1010A00002680AB103207047022B03D0012B06D03F
:1010B00000207047428B002AF8D104207047036853
:1010C0000BB1052070470020704710B504468C46D0
:1010D000038B002A07DB03F007035A1F012A0ED9EE
:1010E000042B36D010BDD0E900018CE803000023AA
:1010F0002360636001212046FFF7A4FFF2E7D0E9F7
:1011000000018CE80300002222606260062B1BD1E4
:10111000DCF8003053B1628B013262831A461B68DF
:10112000002BF7D0002AF5D11346F3E70221204621
:10113000FFF788FF2046FFF7AFFF0028D2D0238BB0
:1011400043F020032383CDE700212046FFF77AFFF9
:10115000F0E70021FFF776FF2046FFF79DFF00280C
:10116000C0D0238B43F020032383BBE750B110B5DD
:101170000C4651B1081D00F0C2F810B9A368032B4A
:1011800006D810BD6FF0150070476FF01500F8E736
:101190006FF01500F5E72DE9F04107460C461646BD
:1011A0001D461946201D00F0C9F828B180462B467F
:1011B000324621463846C047BDE8F0812DE9F0416E
:1011C00080460C4617461E4604E033463A464046E3
:1011D000FFF7E1FF216831B10D68256063688B423C
:1011E000F3D16560F1E7BDE8F08108B5EFF3118256
:1011F0004FF0400C8CF31288BFF36F8F41610121D7
:10120000EDF77CF908BD034670B181B10A688AB177
:101210004A6892B10020186058609860D8601861E0
:1012200058619861196170476FF0150070476FF051
:10123000150070476FF0150070476FF0150070478C
:1012400070B505460E46FFF791FF041E2EDBEFF347
:101250001182402383F31288BFF36F8FB5F818C053
:101260000CF0070C6B8B4FF6FF718B422CD0644651
:10127000BCF1020F08D0BCF1060F19D8DFE80CF062
:101280001E1818181E2A1E0001336B83012300212B
:10129000084628B100203060686808B306606E60B8
:1012A00009BB82F31188BFF36F8F0BBB204670BD63
:1012B0006FF00404002319461846EAE7BCFA8CF1E3
:1012C000490900230120E4E76FF00A0400231946CE
:1012D0001846DEE76FF08504002319461846D8E764
:1012E0006E602E60DCE702212846EDF707F9DDE7A6
:1012F0000023624631462846FFF74DFFD6E70246F7
:10130000B0B1436803F00303022B0BD0032B04D0CE
:10131000012B04D06FF01500704703685BB100200B
:10132000906070470368002BF9D16FF0150070478B
:101330006FF0150070476FF01500704710B5034649
:10134000426802F003028160022A04D0032A05D118
:101350000468002004E00068002401E00024204626
:1013600000225A6008B1FDF705F8204610BD70470D
:10137000037813F0040F01D0002070470368C3F313
:101380004A2000EB1350173020F007008008704708
:10139000002070470120704708B504F094FF08BD95
:1013A00008B520EAE070C117C90341EA5041C00303
:1013B00040F2E733C0184FF47A724FF0000341F166
:1013C0000001DBF79DFBFCF77FFC08BD08B50022A0
:1013D0000023FFF7BFFC08BD08B5FFF7E3FD08BD1C
:1013E00008B5FFF723FE08BD00B585B00391029054
:1013F00000200190009003460246014600F098F854
:1014000005B05DF804FB08B50120EDF753FA08BDFF
:1014100008B5EDF7D5FA08BD08B5FFF733FDEDF7D0
:101420006DFB08BD0020704770B5536896689B1B24
:101430008B420CD30C46154613680A460146981990
:1014400008F0E2F9AB682344AB60204670BD6FF052
:101450001B00FBE770B588B10E46144619460546D9
:1014600033B11030C2F34A23120D184408F0CCF9FE
:101470002C606E602846EDF783FB70BDEDF71AFA1D
:10148000FBE72DE9F04383B006460F4615461C46A0
:1014900003F101094FEA890808F1170020F007005D
:1014A0008008EDF785FA002201928DF8049068B16A
:1014B00000F1140C019B0361964605E055F82E30AF
:1014C0004CF8043B0EF1010EA645F7D3002267F35A
:1014D000881268F3532200233146FFF7BBFF03B0A5
:1014E000BDE8F08300B583B00192012301AAFFF7A4
:1014F000C8FF03B05DF804FB00B583B00092019310
:1015000002236A46FFF7BDFF03B05DF804FB00B598
:1015100085B001920293069B0393032301AAFFF770
:10152000B0FF05B05DF804FB08B5EDF7B9FB08BDE9
:101530002DE9F04F85B081460D4690461E46DDF8F8
:1015400038B0109FA7B3119B039300933B460F9AAB
:1015500010210020ECF7EEFA824600EB0B03173364
:1015600023F0070300246FF300046FF341046FF3CB
:10157000820469F3C50468F3881460F353246BF3A1
:101580001F549808EDF714FA804640B1103037B177
:10159000119B00933B460F9A5146ECF7CBFA33462A
:1015A000224629464046FFF755FF05B0BDE8F08FBB
:1015B0000020D1E7F8B507460D4614461E4605E063
:1015C000324621462846B847241A0544002CF7D154
:1015D000F8BD08B513460122EDF772FC08BD08B549
:1015E00013460022EDF76CFC08BD38B505460C46E5
:1015F00001F00101FFF7F3FF21462846EDF7F2FC69
:1016000038BD2DE9F04383B080460E4615461F468F
:10161000DDF828902C46102D28BF1024CDF800901E
:101620003B46224631464046EDF7F0FC26442D1B52
:10163000F0D103B0BDE8F08310B5044642685368AA
:10164000126881680068FFF7B5FF636800221A60BE
:1016500010BD38B505460C464B681A68CB689A42EF
:101660000FD06368BFF35B8F53E8002F511C43E832
:1016700000100028F8D1BFF35B8FA3689D540020B1
:1016800038BD0846FFF7D8FFEBE738B504460D46EE
:101690000A2805D029462046FFF7DBFF002038BD89
:1016A0000D20FFF7D6FFF5E72DE9F04387B006469A
:1016B0000C469046D1F808900F88C7F38217087837
:1016C000C0F3C2050846EDF797FB011E1ADA0023A6
:1016D000214651F8105BC5F34A256288C2F30B120C
:1016E000481905B90021CDF81480049203900291A5
:1016F00001970022009249463046EDF7E9FC07B019
:10170000BDE8F0832846EDF791FA0346E0E708B517
:1017100020EAE070C117C90341EA5041C00340F21A
:10172000E733C0184FF47A724FF0000341F1000123
:10173000DBF7E6F9FCF7C8FA08BD704710B5844638
:10174000002906DBC818DCF80840A0420CD90020AC
:1017500000E0002050B1DCF80C00DCF8044021442B
:1017600084682468A04710BD0120F3E76FF01500DE
:10177000F9E710B58446002906DBC818DCF80840F4
:10178000A0420CD9002000E0002050B1DCF80C0091
:10179000DCF80440214484686468A04710BD01203F
:1017A000F3E76FF01500F9E710B50346002905DBF4
:1017B00088189C68A0420AD9002000E0002040B1AF
:1017C000D8685B68194483689B68984710BD0120FE
:1017D000F5E76FF01500F9E708B5C0688368DB68C6
:1017E0009847006808BDC068704708B5C06883683E
:1017F000DB689847007908BD2DE9F84F00283ED0F6
:101800008A4690469B4604460369826813444344D3
:101810008269934236D84FF000094E463146A8EB14
:1018200006076568A368ED1AAF420FD320682A4601
:101830000AEB0601184407F0E7FF6368A36020463F
:10184000EDF7EEFD814640B92E44E7E7464507D364
:10185000BBF1000F01D0A36863B94846BDE8F88F1B
:1018600020683A465144184407F0CEFFA3681F444D
:10187000A760EDE72046EDF7D3FD8146EDE76FF079
:101880000D09EAE76FF00B09E7E7F8B504461E46D5
:1018900000F501773846FFF7AFFF05460EB9284639
:1018A000F8BDD4F80032986803F09DFED4F80032F9
:1018B000596801443846EDF785FD05460028EED10C
:1018C000D4F80002FFF739FF0023C4F80032E6E73E
:1018D00010B584B00446084604F50071EDF73EFDEE
:1018E00008B104B010BDD4F80002FFF77CFF014638
:1018F000D4F800325A689B6800200290019300924D
:101900004FF40073224604F50170EDF705FEE8E799
:101910008B4201D90020704710B594461C461A46E8
:10192000614607F071FF204610BD08B507F094FF2F
:1019300008BDC30903EB430303EBC30383EA400081
:10194000C0B270470378CA785340037043788A78EE
:101950005340437083784A7853408370C3780A7841
:101960005340C3700379CA795340037143798A792C
:101970005340437183794A7953408371C3790A791B
:101980005340C371037ACA7A53400372437A8A7A06
:1019900053404372837A4A7A53408372C37A0A7AF5
:1019A0005340C372037BCA7B53400373437B8A7BE0
:1019B00053404373837B4A7B53408373C37B0A7BCF
:1019C0005340C373704700B585B002788DF800208E
:1019D00042798DF80120827A8DF80220C27B8DF841
:1019E000032002798DF80420427A8DF80520827B4D
:1019F0008DF80620C2788DF80720027A8DF808202D
:101A0000427B8DF8092082788DF80A20C2798DF802
:101A10000B20027B8DF80C2042788DF80D20827906
:101A20008DF80E20C37A8DF80F3010236A461946C0
:101A3000FFF76EFF05B05DF804FB70B506460C4677
:101A40000878FFF776FF05466078FFF772FF617848
:101A5000A278E378484045406A4053403370257887
:101A60006078FFF766FF4540EDB2A078FFF761FFB1
:101A7000A278E378504045406B40737025786378D6
:101A80005D40A078FFF755FF4540EDB2E078FFF7E5
:101A900050FFE37858404540B5702078FFF749FF84
:101AA00022786378A578504043405D40EDB2E078FD
:101AB000FFF73FFF4540F57070BD10B584B0044698
:101AC00001466846FFF7B9FF211D01A8FFF7B5FFE2
:101AD00004F1080102A8FFF7B0FF04F10C0103A80C
:101AE000FFF7ABFF10236A4619462046FFF710FFA9
:101AF00004B010BD0B4613F90F2B002A04DB4FF086
:101B0000000C00F10F0206E04FF0870CF9E713F824
:101B100001094FEAD01C18788CEA400002F801094C
:101B20008B42F4D1704730B108B558220021FFF73D
:101B3000FCFE012008BD00207047A0B110B504468E
:101B400010220021FFF7F1FE1022002104F13000E5
:101B5000FFF7EBFE0023636400224FF48033C4E9F7
:101B60001423012010BD0020704738B370B50D4616
:101B70001646044621B358220021FFF7D6FEA6647C
:101B800029463046EDF74CFD102200212046FFF794
:101B9000CCFEA26C21462046EDF7A4FD04F1100511
:101BA00021462846FFF7A6FF294604F12000FFF74B
:101BB000A1FF2046FFF7C1FF012070BD0020704744
:101BC0000020FAE7002864D02DE9F0410D461646C2
:101BD0000446002A5FD0002960D0036D426D53EAAD
:101BE00002015DD0013B42F1FF3203654265476C63
:101BF000002F3DD0C7F1100846450DD307F1300046
:101C000043462A4641462044FFF782FE103F3E44A9
:101C100045440023636413E007F1300033462A464D
:101C200031462044FFF774FE636C33446364012043
:101C300032E0E25CE11891F830104A40E25401339E
:101C40000F2BF6D9A26C21462046EDF74BFD0FE095
:101C5000E05C15F803C080EA0C00E05401330F2B60
:101C6000F6D9A26C21462046EDF73CFD1035103E1A
:101C7000102E01D90023F2E70EB901200CE0334603
:101C80002A46314604F13000FFF742FE6664012027
:101C900002E0002070470120BDE8F0810020FBE752
:101CA0000020F9E780B338B50C46054671B34A6C9D
:101CB000102A03D101F1100C002319E002F13000C9
:101CC000C2F1100200212044FFF72FFE636C234471
:101CD000802283F8302004F1200CEDE7E25CE1186B
:101CE00091F830001CF8031048404240E2540133A0
:101CF0000F2BF3D9A26C21462846EDF7F3FC2046C2
:101D0000FFF711FF012038BD002070470020FAE7DF
:101D100008B501460068EDF779FE08BD08B5EDF796
:101D200091FEEDF7BBFE08BD0020704708B500230B
:101D30001370CB1E092B1AD8DFE803F005090D112B
:101D40001919191919141146EEF70EF908BD0021D9
:101D5000EEF766F8FAE70021EDF7DAFFF6E7EDF7C0
:101D6000F3FEF3E71146EDF759FF0020EEE7EDF73C
:101D700063FF0020EAE708B5EEF7DAF908B540B2EC
:101D8000EEF7D0FA08BD08B540B2EEF7D9FA08BDB3
:101D900008B512F0010F04D1023140B2EEF7E2FAB9
:101DA00008BD0021F9E708B500210120EDF72EFE5E
:101DB00008BD0023E1EE103AEFF3148323F004038F
:101DC00083F31488BFF36F8FBFF36F8F704761B6D3
:101DD00062B680F31188BFF36F8F704772B600232D
:101DE00083F31188BFF36F8FBFF34F8F30BF62B69D
:101DF000BFF36F8F704772B6002383F31188BFF370
:101E00006F8FBFF34F8F20BF80F31188BFF36F8FA9
:101E100062B6704743685A1E134206D11F2B06D97B
:101E200003681A4205D00020704700207047002048
:101E300070470120704700B585B00B6801934B686F
:101E40008A68202B12D9B3F1004F11D8013BB3FAA5
:101E500083F3C3F11F035B0003F03E0313430393BB
:101E600001A9EEF741FC05B05DF804FB0823F5E796
:101E70003E23F3E7F0B585B0054603A8EDF750FA29
:101E80000646002424E0B3F5801F20D15768095886
:101E90009368202B64D9B3F1004F63D8013BB3FAA8
:101EA00083F3C3F11F035B0003F03E0343F0885349
:101EB00043F4302300970191029369462878EEF7A6
:101EC00013FC0028C0F2A8802B7801332B7001345A
:101ED000B44280F0A4802001039901EB0412D3687E
:101EE0001B0D1B05B3F5000F5ED01DD8B3F5001F09
:101EF0003AD0B3F5800FC6D1576809589368202BA4
:101F00004ED9B3F1004F4DD8013BB3FA83F3C3F17F
:101F10001F035B0003F03E0343F0007343F4003300
:101F2000009701910293C8E7B3F1807F56D0B3F1D7
:101F3000007FCCD1576809589368202B68D9B3F13A
:101F4000004F67D8013BB3FA83F3C3F11F035B0073
:101F500003F03E0343F48023009701910293ACE722
:101F60000823A3E73E23A1E7576809589368202B6D
:101F700012D9B3F1004F11D8013BB3FA83F3C3F187
:101F80001F035B0003F03E0343F0885343F4002338
:101F900000970191029390E70823F5E73E23F3E7CA
:101FA0000823B9E73E23B7E7576809589368202B01
:101FB00010D9B3F1004F0FD8013BB3FA83F3C3F14B
:101FC0001F035B0003F03E0343F08273009701910F
:101FD000029372E70823F7E73E23F5E757680958AD
:101FE0009368202B10D9B3F1004F0FD8013BB3FAFF
:101FF00083F3C3F11F035B0003F03E0343F08873D8
:1020000000970191029358E70823F7E73E23F5E78D
:1020100008239FE73E239DE76FF0150000E00020B6
:1020200005B0F0BD08B5EEF7AFFB08BD08B5EEF79B
:10203000B5FB08BD08B50B6949699847002008BD84
:1020400003898B420BD9436803EBC10053F831304D
:1020500003B170474368002BFBD10020F9E7002053
:10206000704708B90120704703207047F8B507464C
:102070000C461546067806F00700FFF7F2FFC6F398
:10208000C106012E28BF0126C5F307222D02ADB2DD
:102090002A43B9880B0243EA112397F806C0FD7959
:1020A000002121606160217860F302012170C9B2D2
:1020B00066F3C40121706280A38084F806C0E571D4
:1020C000F8BD038A072B10D9C3681A685B680A60D9
:1020D0004B604A88130243EA12234B808A8813021A
:1020E00043EA12238B8000207047032070478368E7
:1020F0001B68DB6808684A6818605A6000207047EF
:1021000000B585B040F8041B00230293019301231E
:1021100000930B8ACA68042106F012F905B05DF835
:1021200004FB30B583B005460C46084603F0BBFA05
:1021300045F8044B08232382204650F80C4F03F047
:1021400085FB03460022009204F108020221284682
:1021500006F069FA03B030BD38B505460C468888EC
:10216000EEF7E6FB20B3E179FFF76AFF10B32378BF
:1021700013F0070304D0022B18D00324204638BDE7
:102180000468CCB1A8680F21043006F028FAA8B181
:102190002846A0470446A8680F21043006F029FA13
:1021A0000028EBD1002CE9D10724E7E74468E8E7F1
:1021B0000824E3E70824E1E70824DFE70724DDE754
:1021C00010B50C46EEF7CAFB18B1034620469847F7
:1021D00010BD0120FCE72DE9F04182B086680023A4
:1021E000A6F84C30A6F84E300B78C3F3C103012B90
:1021F0002DD805460C469046FFF7AEFF0746C8B9F6
:10220000B6F84E1019B1237813F0180F16D0726873
:102210003368DB68D21A083A69462046FFF726FF82
:1022200073683268D1685B1A138269462846FFF7E3
:102230005EFF0DE00023C8F8003009E0B6F84C005E
:10224000FFF7BEFF07460023C8F8003000E00D2767
:10225000384602B0BDE8F081F8B504460F46164690
:102260001D46C3B12946A068FFF75BFF079B069A8E
:1022700039462046EEF79CFB20B923689B6A284626
:10228000984700252168304600F088FA21682846E2
:1022900000F084FAF8BD2E461546E3E72DE9F0413B
:1022A00086B005460C4600220392904623E029683A
:1022B000204600F05FFA0646002855D0214668689F
:1022C000FFF71EFF3146A868FFF72BFF03AA04A9FA
:1022D0002846FFF780FF8046002849D12B689B6A7B
:1022E000304698478046002844D1BDF81210384641
:1022F00003F090FA0122238ADBB104A92046FFF7FC
:10230000E0FE38BB04F10C070821384603F082FADE
:10231000228ABDF812309A4221D39DF8103013F072
:102320000703C4D0022BC2D04FF0080801220026B8
:1023300000E00026B8F1000F00D0F2B9296820466D
:1023400000F02CFA2968304600F028FA404606B022
:10235000BDE8F0814FF0090800221646EAE74FF089
:10236000090801220026E5E74FF002080122E1E713
:102370000122DFE701220026DCE7039B0193CDF871
:1023800000803346224604A92846FFF765FFDDE7B3
:102390002DE9F04782B08146884616469A4605F0F8
:1023A000ABFE00284DD00023CAF8003044462DE093
:1023B000019A63689A420CD01434013517B3B542C0
:1023C0001ED206EB860C08EB8C0CA445F0D84446D4
:1023D000EEE72168009807F047FA0028ECD1237C4B
:1023E0000BBBA368E168484698470346F0B1012259
:1023F00022741434DAF800200132CAF8002002E016
:10240000002300E03B4603B93FB997B1694648460F
:1024100005F06DFE07460025D0E70021484605F08F
:10242000E3FE0746F1E76FF06F0007E06FF0220070
:1024300004E0484605F08BFE30B1002002B0BDE854
:10244000F0876FF04C00F9E76FF04C00F6E7F8B555
:1024500005461646034600E0143301EB810405EB04
:1024600084049C4204D91C68B442F5D1187CF8BDA0
:102470003046EAF73BF8074600E01435AC420BD98A
:102480006B68BB42F9D13A462968304607F0ECF94F
:102490000028F2D1287CEAE70020E8E718B10128FB
:1024A00003D10520704702207047FF20704710B508
:1024B000002400E00134012C0ADC204600F04CF836
:1024C0000028F7D12046FFF7E9FF0028F2DB01E002
:1024D0004FF0FF3010BD02780B789A420CD30ED823
:1024E00042784B789A420CD30ED842884B889A4255
:1024F0000CD30ED8002070474FF0FF3070470120FA
:1025000070474FF0FF307047012070474FF0FF30A9
:1025100070470120704770B506460C4600F0B8F8C9
:102520000546304603F05BF8034685F00100013BA9
:10253000032B0ED8DFE803F00A080206002304B1DB
:10254000237070BD0223FAE70123F8E72846002331
:10255000F5E74FF0FF30F4E770B582B0044646105F
:10256000304600F095F8054600238DF807300DF150
:1025700007013046FFF7CFFFA0420CD0A04210D099
:10258000A84202D09DF807308BB1A54214BF0020AD
:10259000012002B070BD9DF80730022BEED1012062
:1025A000F7E79DF80730012BEAD10120F1E7012080
:1025B000EFE72DE9F04182B004460D464FEA60088E
:1025C000404600F065F8064600238DF807300DF10F
:1025D00007014046FFF79FFF0746EDB9A6422CD002
:1025E0009DF80730012B1FD04BB90DB1A7422AD05F
:1025F000A6421ED01DB9A64201D0A74225D0022B6B
:1026000002D125B3A74224D02A4631462046EEF710
:10261000B3FC02B0BDE8F08100F03CF84045DFD0EB
:10262000A642DDD12020F4E74DB9A74209D01C20F5
:10263000EFE7B742DED01C20EBE72120E9E71C20C2
:10264000E7E70020E5E70020E3E71C20E1E71C20A6
:10265000DFE70020DDE770B582B00C4616461D4668
:1026600004230DEB03020968EEF7B4FA50B9BDF884
:102670000430AB4208D1236804332360BDF8062040
:102680001344336002B070BD0420FBE7704770470D
:10269000002070470020704701B95AB100B589B0D9
:1026A00000236A4619460120EEF772FE002009B0A9
:1026B0005DF804FB0020704770B588B006460D46F3
:1026C000002400E00134012C0FDC00236A46294677
:1026D0002046EEF75DFE0028F4D120223146684600
:1026E00007F0C2F80028EDD101E04FF0FF3420469A
:1026F00008B070BD10B50446FFF7CCFFFFF7C8FF68
:1027000000231A462146EEF743FE10BD022808D0EA
:1027100009D3033880B2012801D805207047012071
:102720007047032070470120704708B50020EBF781
:10273000CFFE00B5BDB0009017AB019303AB029381
:102740006846FFF7ABFD3DB05DF804FB10B50446ED
:1027500002E02046FFF7EDFF0022002304F1100005
:1027600002F0ACFF01460028F3D110BD08B502F01D
:10277000E0FF08BD70B504460D46EFF7DDF80646EC
:1027800018B12B6B1BB121469847304670BDE27AD9
:1027900004F11801183007F037F8F6E748B110B522
:1027A00004464B6B0BB1183098472046FFF7DEFF0D
:1027B00010BD70470023C363A0F840307047C36B5F
:1027C00013B1B0F8400070476FF015007047F8B5CE
:1027D00004460E461546C36B83B1B4F84030AB4295
:1027E00033D3E06B2A4631460C3002F0F0FFB4F8E8
:1027F00040305A1B90B2A4F84000F8BD072A15D902
:102800004B881F0247EA1327BFB20837BFB240F612
:10281000AB139A420DD89F420ED8BA420FD8EFF7A9
:102820008BF8E06370B1A4F84070D6E76FF03C001D
:10283000E3E76FF03E00E0E76FF03E00DDE76FF0AA
:102840008A00DAE76FF00B00D7E76FF08A00D4E771
:1028500038B50B46C16B69B10446B0F8405005B1BC
:102860005BB12046EFF788F80023A4F84030E3631B
:10287000284638BD6FF01505FAE76FF03C05F7E71D
:1028800010B50446C06B30B1FFF770FF0020A4F80C
:102890004000E06310BD6FF01500FBE7C06B00B1B6
:1028A0001830704780697047036813B100230360D4
:1028B000037170478B6913B183610B7F037700202D
:1028C000704791B138B504460D460846EFF7A2F8B7
:1028D00068B1A369AB4201D0012038BD90F86920EE
:1028E000237F9A4205D10120F7E70020704700209E
:1028F000F3E70020F1E708B5EFF78CF810B16C3082
:10290000FAF754FC08BD01B1704708B5EFF7F8F8C5
:1029100008BD70B504460D46EFF77CF860B1064679
:102920002946204600F0D8FE10B110F1780F04D1EE
:1029300006F1380006F050FA70BD4FF40042002353
:1029400006F13800FAF700FEF6E708B5FFF7AAFF30
:1029500020B102F07EFC033880B208BD0020FCE705
:1029600010B58AB00C4605A9EFF7DAFB6946204698
:10297000EFF7D6FB10220DF101010DF1150006F065
:1029800073FF0AB010BD08B503780A78934207D1E7
:10299000012B0CD0022B0ED02BB16FF0150008BD0F
:1029A000FFF7DEFFFBE740884B88C01AF7E7406877
:1029B0004B68C01AF3E710220131013006F054FFD2
:1029C000EDE700B50346042A0FD0102A1DD0022AD5
:1029D00002D000205DF804FB0022027048780A78DB
:1029E00042EA00225A800120F4E701201870CA78D8
:1029F00091F802C04CEA022C91F801E00A7842EA10
:102A00000E2242EA0C425A60E4E70246022002F833
:102A1000010BD1F800E0D1F804C08868C968C3F898
:102A200001E0C2F804C09060D1600120D2E710B587
:102A30000446012300F8013B0621F8F757FC18B9BA
:102A4000A37963F03F03A37110BD0B6803608A880C
:102A50008B7982808371037823F0020303707047BF
:102A60000078C0F3400070471070C0F30723537024
:102A7000030C9370000ED0701171C1F307235371D2
:102A80000B0C9371090ED171704700B5C379817930
:102A900041EA03214279037943EA0223C27890F89C
:102AA00002C04CEA022C90F801E0027842EA0E22C1
:102AB00042EA0C4043EA01415DF804FB0020704704
:102AC000053815280ED8DFE800F00B0D0D0D0D0DA3
:102AD0000D0D0D0F0F0D0D0D0F0D0D0D0D0D0D0F1E
:102AE0000320704702207047012070474B09BFF355
:102AF0005B8F50F82300BFF35B8F01F01F0108418B
:102B000000F001007047B2F801C0034623F888CBFB
:102B1000D1F800C0C0F888C0B1F804C08979A3F822
:102B200004C09971B2F81730A0F89E30B2F819308D
:102B3000A0F8A430B2F81B30A0F8A630D378C37048
:102B4000002343721B22A0F8BC204FF4A473A0F80A
:102B5000BE30A0F8C020A0F8C23070472DE9F04187
:102B600004460E4615469846171D3846FFF778FF6F
:102B700078B139463046FFF768FFD5F81130C4F810
:102B80000130B5F81530A4F8053001232370BDE8F5
:102B9000F0813946404600F050F90368336082887E
:102BA0008379B280B3716B682360BA88BB79A280E5
:102BB000A371ECE770B5C468B4F80160237803B181
:102BC00070BD0F213046F2F7BDFD054640B1E378F8
:102BD00043720121F2F770FC284600F0A5FCEFE7F4
:102BE000E1783046EFF71EFBEAE701F01F0C012306
:102BF00003FA0CF372B1490900EB8100BFF35B8F5C
:102C000050E8002F1A4340E800210029F8D1BFF313
:102C10005B8F7047490900EB8100DB43BFF35B8F9B
:102C200050E8002F1A4040E800210029F8D1BFF3F6
:102C30005B8F704701F01F0201239340490900EBAD
:102C40008100BFF35B8F50E8002F42EA030140E8A8
:102C5000001CBCF1000FF6D1BFF35B8F134214BF11
:102C600001200020704738B50446022142F21600C8
:102C7000F0F750F968B1054602210C3002F0A1FDD1
:102C8000238803800022294642F21600F0F782F9D9
:102C900038BD6FF06800FBE770B505460C460321B0
:102CA00040F20640F0F736F968B1064603210C30D1
:102CB00002F087FD058084700022314640F2064014
:102CC000F0F768F970BD6FF06800FBE7F8B50646ED
:102CD0000F461446062142F22200F0F71BF978B1A4
:102CE000054606210C3002F06CFD338803804780D6
:102CF00084800022294642F22200F0F74BF9F8BD09
:102D00006FF06800FBE72DE9F04107460E461546D7
:102D10001C46072142F23200F0F7FCF8A8B18046C9
:102D200007210C3002F04DFD3B8803808670C57092
:102D300004719DF81830A0F805300022414642F297
:102D40003200F0F727F9BDE8F0816FF06800FAE78C
:102D500008B5F0F709FD08BD08B5C068FFF7F8FF32
:102D600008BD028843889A4217D8052A17D9B3F5B7
:102D7000486F16D88188B1F5FA7F14D2C088A0F1C7
:102D80000A0292B240F6764C62450ED801FB03333C
:102D9000B3EB800F0BD2012070470020704700205A
:102DA00070470020704700207047002070470020C7
:102DB000704770B505460C460E2142F22000F0F730
:102DC000A9F8C0B106460E210C3002F0FAFC00232F
:102DD0000360436083608381058023884380638828
:102DE0008380A388C380E3880381314642F22000B8
:102DF000F0F7C4FF70BD6FF06800FBE710B5044644
:102E0000FAF790FE2046F1F75BF90446FAF7A2FEC6
:102E1000204610BD10B5F0F701FC044608B120466D
:102E200010BDF3F723F804460028F8D1F1F790F924
:102E3000F5E7002070470020704710B919B1084627
:102E40007047002070470020704728B139B108B59D
:102E50000846F1F761FA08BD6FF0150070476FF092
:102E600015007047A0B110B582B00446062168462F
:102E7000F8F73CFA08B102B010BD9DF8053003F038
:102E80003F038DF8053069462046FFF7DEFFF2E785
:102E90006FF01500704700B10120704700238B428E
:102EA00019D200B502E001338B4211D200EBC30E00
:102EB00030F833C040F201129445F4D1DEF804201A
:102EC000002AF0D0127812F0010FECD0012000E0BF
:102ED00000205DF804FB0020704700207047034687
:102EE00010F4004F0BD1072013F4803F01D000F005
:102EF000FD0013F4003F01D000F0FB0070470620F6
:102F0000F2E74B09BFF35B8F50F82300BFF35B8FF1
:102F100001F01F01084100F00100704738B500F1D1
:102F200010040E212046FFF7ECFF80B100250A2196
:102F30002046FFF7E6FF08B145F001050D212046C8
:102F4000FFF7DFFF08B145F00405284638BD02252C
:102F5000EDE72DE9F04182B007460D4616462021E7
:102F6000EFF7D8FF00B3804620210C3002F029FC97
:102F700004462022002106F06FFC009433462A46C6
:102F80001F21601CF1F74AFC044648B90022414663
:102F90003846EFF7FFFF0446204602B0BDE8F08157
:102FA000404602F0C6FBF7E76FF06804F4E708B5A7
:102FB00042F20800FFF7CDFF08BD08B542F2090054
:102FC000FFF7C7FF08BD2DE9F04F89B004460D4655
:102FD00016461F46DDF848809DF84CA09DF850B07D
:102FE0009DF8549000230493059306930793B9F139
:102FF000000F33D1BAF1000F02D0BBF1000F0ED198
:1030000004950596B9F1010F56D0012204A9204676
:10301000FFF7CDFF0346E8B9BBF1000F0CD00497D2
:10302000CDF81480B9F1020F4CD0012204A920463A
:10303000FFF7C3FF034668B91034BFF35B8F54E852
:10304000003F43F0040344E80032002AF7D1BFF305
:103050005B8F0023184609B0BDE8F08FF1F73CF90B
:10306000019065B10022964207D915F83230083B2D
:10307000DBB2012B0FD90132F5E7002343BB77B157
:103080000022904509D917F83230083BDBB2012BFA
:1030900010D90132F5E70123F0E70023DBB90198ED
:1030A000E9F724FA09238DF808308DF80900019B0F
:1030B00003939FE70123F1E702AB069301230793F4
:1030C0000222A3E702AB0693012307930222ADE796
:1030D0006FF01503BEE76FF01503BBE708B5436853
:1030E00013F4806F07D1026912B113F0010F04D0FD
:1030F000F1F7EEFB08BD0020FCE70020FAE701F045
:103100001F0C012303FA0CF372B1490900EB810093
:10311000BFF35B8F50E8002F1A4340E800210029DD
:10312000F8D1BFF35B8F7047490900EB8100DB43A7
:10313000BFF35B8F50E8002F1A4040E800210029C0
:10314000F8D1BFF35B8F704700B501F01F02012378
:103150009340490900EB8100D943BFF35B8F50E8EE
:10316000002F02EA010C40E800CEBEF1000FF6D1BC
:10317000BFF35B8F134214BF012000205DF804FBF6
:10318000436813F0080F0BD013F4802F0AD103F417
:10319000C063B3F5806F01D00220704701207047F3
:1031A000002070470120704770B586B005460C4678
:1031B000012142F20A00EFF7ADFED0B106469CB104
:1031C00001210C3002F00EFB0094072305F11002E0
:1031D00003A93046EFF78CFE0022314642F20A0086
:1031E000EFF7D8FE06B070BD00210C3002F0FAFAFD
:1031F000EAE76FF06800F5E708B5FFF7D5FF08BD0F
:1032000008B5183005F0E8FD08BD0B4639B1116866
:10321000196041688A4209D000231360704713681F
:10322000036041688A42F7D14360F5E74360F3E702
:1032300008B50A460368002101E019461B682BB156
:103240009342FAD1FFF7E1FF012000E0002008BD22
:1032500007280CD007D80238C0B2042801D80120B2
:10326000704700207047082803D1032070470220D0
:1032700070470020704770B504460CE083F3118856
:10328000BFF36F8FC0B145688668F1F79DFE0022DD
:1032900031462046A847EFF31183402282F312887B
:1032A000BFF36F8F206A0028E8D002682262616A4B
:1032B0008142E3D16262E1E770BD08B52838FFF7CB
:1032C000DAFF08BD70B5044608464D688E68F1F710
:1032D0007BFE6FF06D0231462046A84770BD00B5F9
:1032E00001F01F0201239340490900EB8100D943FB
:1032F000BFF35B8F50E8002F02EA010C40E800CEDC
:10330000BEF1000FF6D1BFF35B8F134214BF012053
:1033100000205DF804FB4B09BFF35B8F50F82300DE
:10332000BFF35B8F01F01F01084100F001007047FF
:1033300070B505460C46032A18D8DFE802F00215DE
:1033400002150026042104F10C0002F05BFA2B8820
:1033500043EA06330380238A043B43800223237617
:103360002046F0F701FD70BD0126EBE76FF0150078
:10337000F9E710B5044627E0013BE36182F31188C9
:10338000BFF36F8F2046F1F763FEF9F70FFF1BE0E5
:1033900082F31188BFF36F8F51B3EFF31183402293
:1033A00082F31288BFF36F8FCA68E2610022CA609D
:1033B00083F31188BFF36F8F2046FFF783FF20460A
:1033C000F1F746FEF9F7F2FEEFF31182402383F3A3
:1033D0001288BFF36F8FE369002BCDD1616900299B
:1033E000D6D00B686361A0698142D1D1A361CFE7D8
:1033F00010BD10B50446006918B102F09AF9002317
:10340000236110BD38B505460022002305F13800C0
:1034100002F054F9034660B19C6900229A61184693
:1034200002F087F9002CEFD021462846FFF74AFF2B
:10343000EAE72846FFF7DDFF0022002305F15800E8
:10344000FAF782F838BD38B5BFF35B8FD0F8C430D7
:10345000BFF35B8F63B304460D46837AB3B1A37A9F
:10346000072B28D12046F1F7F3FD034630B38168DE
:10347000A26B02B1B1B104F1380300220421284645
:1034800006F081F901232B73002038BD062104309A
:10349000FFF725FF0028E2D02046FFF7B3FF6FF0CB
:1034A0007F00F2E700220221284606F06CF9E9E7E6
:1034B0006FF07F00E9E76FF07F00E6E76FF07F00D5
:1034C000E3E770B504460D461646F1F789FD32462E
:1034D00029462046F1F7A8FE70BDBFF35B8FD0F8F8
:1034E000C430BFF35B8FEBB100B506E0BFF35B8F79
:1034F000D0F8C430BFF35B8F93B100F1C402591C04
:10350000BFF35B8F52E800CF9C4504D142E8001E18
:10351000BEF1000FF6D1BFF35B8FE7D15DF804FB7E
:103520000020FBE70020704770B582B08578C67830
:10353000C430BFF35B8F50E8003F5A1E40E80021C3
:103540000029F8D1BFF35B8F0193BFF35B8F019C20
:10355000BFF35B8F012C03D0012D04D002B070BDEE
:10356000F1F7D0FCF8E7012EF8D1012CF6D1F1F7F4
:1035700033FCF3E7F8B506460D461746002403E092
:103580006046FFF7D1FF0134AC421BD2C82000FBDC
:103590000460FFF7A2FF84460028F4D0837A012B51
:1035A00006D05AB2002AEBD0073BDBB2012BE7D89A
:1035B000BCF80030BB4201D16046F8BD6046FFF761
:1035C000B3FFE0E74FF0000CF6E710B50446F2F762
:1035D00007FD2046F1F7B4FC10BD0120704738B557
:1035E00005460C46F1F718FE034688B105722268BD
:1035F000C0F88820A188A279A0F88C1080F88E20CD
:10360000012282701822A0F8A0202822A0F8A2206F
:10361000184638BD38B5037A8B421ED1044615468C
:10362000072200F18801284606F01EF9B8B1E378B8
:103630004BB1072204F18F01284606F015F9B0FAC4
:1036400080F040090AE0072204F19601284606F0BE
:103650000BF9B0FA80F0400900E0002038BD0120ED
:10366000FCE78830704708B50B46B0F8BC200988E5
:103670008A4204D1B0F8BEC05A88944503D05A8813
:10368000FFF724FB08BD6FF07700FBE770B5054638
:103690000C460E2142F21300EFF73CFCC8B106467F
:1036A0000E210C3002F08DF8002202604260826030
:1036B00082812B8803802388438063888380A3884A
:1036C000C380E3880381314642F21300EFF762FCC6
:1036D00070BD6FF06800FBE770B504460D46B0F8AA
:1036E0009E300A88934207D34A88934204D8B0F8A0
:1036F000A4208B889A421FD0261D07213046FFF751
:103700000AFE70BB2B88A4F8A0306B88A4F8A23006
:10371000AB88A4F8A830EB88A4F8AA30BFF35B8F7D
:1037200056E8003F43F4007346E80032002AF7D120
:10373000BFF35B8F002070BDB0F8A620CB889A4203
:10374000DAD10434BFF35B8F54E8003F23F40073F5
:1037500044E80032002AF7D1BFF35B8F6FF07700A7
:10376000E9E729462046F2F73BFAE4E738B5044694
:103770000D464FF0FF324FF0FF330020F2F7E4FA2E
:10378000A37A072B05D10023836103776B7F4377EF
:1037900038BD01F0CEFF0020FAE77047704710B542
:1037A0000C4643685B699847204601F0C2FF10BD94
:1037B00038B504464568036823B16B6803B1984780
:1037C00000232360E3680BB1204698472B6A0BB1B6
:1037D0002046984738BD10B401F1080300248C60DE
:1037E000446D34B1236043650860CA605DF8044BE2
:1037F000704743650365F7E710B5006D38B10838C9
:1038000010F1080408D0846834B1083C04E0044690
:1038100002E0234620461C4640B1FFF7C9FF002CBA
:10382000F7D0A368002BF5D0083BF3E710BD08B52F
:103830000431F1F7B3FF08BDF8B505460F4614464D
:103840001E46042102F10C0001F0DCFF238A043B38
:1038500003804780069B324621462846F1F764FDE7
:10386000F8BD30B583B00C46002300930A4605210D
:10387000FFF7E2FF054610B9284603B030BD2046E9
:1038800001F057FFF8E72DE9F843804617461C463C
:103890009DF82060B21C0120F2F7DCFB88B10546E0
:1038A00000F10C090221484601F08BFF078024B18A
:1038B00032462146484601F08AFF29464046FFF736
:1038C000D0FFBDE8F883006D10B1083800E018465D
:1038D00050B1838A8B4207D010F10803F7D080687B
:1038E0000028F5D00838F3E7704770B506460C4657
:1038F000F2F7DAFA014608221220F2F7ABFB88B1A0
:10390000054608210C3001F05CFF238803806388A2
:103910004380A3888380E388C38029463046FFF72D
:10392000A0FF70BD6FF00B00FBE770470B4639B18D
:103930001168196041688A4209D0002313607047FA
:103940001368036041688A42F7D14360F5E743603A
:10395000F3E708B50A460368002101E019461B6831
:103960002BB19342FAD1FFF7E1FF012000E00020E4
:1039700008BD002070470346408D5B8B984228BFEE
:10398000184670470346006820B102681A605968FB
:10399000884200D070475A60FCE720B119B18842D4
:1039A00006D8012070470AB1002313800020704719
:1039B00002B110800020704710F1FF0F01D20E20DD
:1039C00070474042C0B270470120704710B4D468BD
:1039D00023782BB90231217001205DF8044B704728
:1039E00002318B4205D0038A023B03820020106122
:1039F000F3E70120F1E7D06803781BB904310170C7
:103A00000120704704318B4206D091680B8A043B39
:103A10000B82002010617047012070470120704721
:103A200006207047062070474068704738B5044646
:103A3000807AF5F789F90546616951B1637A13F027
:103A4000010F04D1436A1B689B68204698470023F6
:103A500063612146284604F0ADFF38BD4B09BFF332
:103A60005B8F50F82300BFF35B8F01F01F0108410B
:103A700000F00100704708B50022002301F01EFE8F
:103A800008BD38B504460D46436A43B105F18803C5
:103A9000626AC5F888206362A26A22B138BD0C3020
:103AA00004F070FFF2E7A362F8E708B503680A8A3A
:103AB000C9681868F5F720F8002008BD38B5054634
:103AC0000C4601F10C0001F0B5FE01462D68238A79
:103AD000E268286801F0D3FC002038BD70B50668A4
:103AE000736A53B1883B13F1880403D0D3F888403C
:103AF00004B1883C0022114604E01C46FAE7254642
:103B000023462C468BB1834207D05D8DA94238BF36
:103B100029465B8B9A4238BF1A46002CEFD0D4F866
:103B20008850002DECD0883DEAE7438D8B4202D8C7
:103B3000448B944209D9408B824238BF0246994255
:103B400038BF19463068F5F757F870BD2DE9F041D8
:103B500082B0064614464FF495720146206801F083
:103B60007CFB207548BB0546276831463846FFF781
:103B700055FF28B1237A33B1182B18D02B4603E018
:103B8000082323751AE00223D6F808800193638A7C
:103B90000093238AE26831463846C047002802DB9A
:103BA000238A984205D0FFF707FF207506E004231B
:103BB000EAE700232375012500E00025284602B02E
:103BC000BDE8F08101F01F0201239340490900EB99
:103BD0008100BFF35B8F50E8002F42EA030140E809
:103BE000001CBCF1000FF6D1BFF35B8F134214BF72
:103BF0000120002070472DE9F04F85B080468946AE
:103C0000144602921D4641680391FFF7B4FE234615
:103C1000002202E0198A0A445B68002BFAD1904224
:103C200004D80024204605B0BDE8F08F029801F0CA
:103C30009EFD07464FF0000A86E0198A0A445B6839
:103C4000002BFAD1841A07F10C06304601F0FEFD74
:103C5000844228D3304601F0F9FD0646002E2FD0CD
:103C6000D9F80440F9683A8A0095B3B20A44494643
:103C70000398A047041E58DB0E9B2BB10F9A2146D8
:103C800038469847002865D0A346214607F10C0026
:103C900001F097FDA2442C44A5B24046FFF76BFE0D
:103CA000029B00224AE04046FFF765FE029B00228D
:103CB00002E0198A0A445B68002BFAD1861ACDE724
:103CC000029B987AF5F740F80022002301F0F0FCFF
:103CD000074650B10146029C204601F059FD40467E
:103CE000FFF749FE3246234604E054469AE7198A14
:103CF0000A445B68002BFAD1841A07F10C0B584672
:103D000001F0A4FD844204D3584601F09FFD06460D
:103D1000A6E74046FFF72FFE029B02E01A8A1644F0
:103D20005B68002BFAD1861B9AE7BAF1000F3FF4CB
:103D300079AF544676E7198A0A445B68002BFAD1BA
:103D4000904207D9B34505D14046FFF714FE029BC8
:103D5000002275E7544665E72DE9F04182B0074639
:103D60001446D2F80080D8F804600023137395221B
:103D70000146304601F071FA207340BB05463946D2
:103D80003046FFF721FED8B14046FFF7F4FDA268A8
:103D9000138AC31A012B1BDD022102F10C0001F072
:103DA00010FD0646002301930093A388A2683946BC
:103DB0004046FFF720FF002805DB3080012507E0A3
:103DC0000823237304E0FFF7F7FD207300E00025CC
:103DD000284602B0BDE8F0812DE9F04182B00746E7
:103DE0001446D2F80080D8F804600023137395229B
:103DF0000146304601F031FA2073C8B9054639460C
:103E00003046FFF7E1FD10B90823237311E00023CA
:103E100001930093A388A26839464046FFF7EBFE62
:103E2000002801DB012504E0FFF7C6FD207300E058
:103E30000025284602B0BDE8F0812DE9F84306468A
:103E40000F461446D2F8008093684BB1A3681D78E2
:103E5000012D13D0022D2ED000252846BDE8F88371
:103E6000506801210C3001F0ACFCA06033681B7875
:103E700013B901230370E9E70223FBE7336893F8E2
:103E80000090B9F1000F01D00025E6E76068042139
:103E90000C3001F096FCE06007803268E3685288DD
:103EA0005A804046FFF767FD63681B8AC01A0428E2
:103EB000D3D84D46D1E733681B78022B01D00025BB
:103EC000CBE7606812210C3001F07BFCE0600780DA
:103ED000E3683268D2F80150D2F80500D2F8091030
:103EE000D2F80D20C3F80250C3F80600C3F80A1038
:103EF000C3F80E204046FFF73EFD63681B8AC01AD8
:103F0000122801D80025A8E70125A6E708B5F2F791
:103F100017FD08BDF8B505460C46FFF72CFDA36854
:103F2000002203E0B3F810C062445B68002BF9D1B3
:103F3000904219D3AC63A668A360F9F7F3FD31464C
:103F40002846FFF7E3FF074630B1A6600023AB63C6
:103F5000F9F700FE3846F8BD2846FFF70CFD01468C
:103F60002046F4F77DFEF3E76FF07907F2E708B536
:103F7000FFF7D0FF08BD70B5044608460021FFF7E3
:103F80006DFD28B1261F54F8043C0BB1626B02B1E1
:103F900070BD5D68002DFBD02A685A609968A942FF
:103FA0000FD029463046FFF7E2FF0028F0DA54F838
:103FB000043C5A682A605D609A68002AE8D19D60D6
:103FC000E6E79A60EDE72DE9F8430746446A8CB3CB
:103FD000883C14F1880503D0D4F8885005B1883D99
:103FE0004FF0000846462AE096B12146381DFFF7FB
:103FF000C9FC0646E0B101462046FFF7B8FF00289D
:1040000029DA7B6833607E60BB6873B1A0461AE032
:10401000B8F1000FE9D02046FFF7ABFC81464046DF
:10402000FFF7A7FC8145E0D10DE0BE60A0460AE0A5
:10403000A04608E02546D3E72B462C461D4654B142
:10404000A36B002BD0D0002DF6D0D5F88830002BF4
:10405000F3D0883BF1E7BDE8F88370B504460D4620
:1040600001462846FFF707FD68B10646014620468F
:10407000FFF74CFF044608B9204670BD314628467C
:1040800004F098FCF8E76FF00104F5E7F8B5044692
:10409000061F50F8045C00F13003BFF35B8F53E858
:1040A000001F21F0040143E80012002AF7D1BFF3FA
:1040B0005B8F3DB1636B33B104F138013046FFF7DC
:1040C000CCFFC0B9F8BD6F68002FF5D03B686B60BE
:1040D000AA68BA420DD039463046FFF71BFF0028C8
:1040E000F0DA6B683B606F60AB68002BE4D1AF60C7
:1040F000E2E7AB60EFE705F10C013046FFF7ADFFFB
:10410000E0E708B580680430FFF7C0FF08BD2DE97F
:10411000F8438146446A54B3883C14F1880503D0BF
:10412000D4F8885005B1883D002637460EE009F1E5
:104130000C012046FFF791FF0646E0B1CDB1D5F85E
:10414000883003B1883B27462C461D469CB116F1AA
:10415000020FECD1002FEAD02046FFF70AFC804680
:104160003846FFF706FC8045E1D13C46E6E72546A8
:10417000DAE72B46E7E7BDE8F88338B504460D4695
:10418000F2F7DEFB00B938BD294604F13C0001F02E
:10419000CCFAF8E730B587B00546F2F7C5FB8446A0
:1041A000EE4604460FCCAEE80F0094E803008EE81C
:1041B00003000023CCF80030CCF80430CCF80830F1
:1041C000CCF80C30CCF81030CCF814302846FFF77F
:1041D0002DFC9DF804300BB907B030BD6846F2F7EE
:1041E00017FCF9E738B505460C4601F10C0001F063
:1041F00021FB0146238AE2682868006801F03FF944
:1042000000221E212846F2F731FC18B1014628464B
:10421000FFF7B3FF002038BD01B970472DE9F04129
:10422000064615461C460F4604220121F2F71EFCE5
:10423000804658B104210C3001F0C3FA0770A0F891
:104240000150C47041463046FFF797FFBDE8F0814A
:1042500030B585B005460C4601F10C0001F0EAFAD4
:104260000346E268218A02910192002100910A46E8
:104270002846F2F7ABFC05B030BD30B585B0054639
:104280000C4601F10C0001F0D5FA0346E268218AE0
:104290000291019200220092132212212846F2F785
:1042A00095FC05B030BDF0B589B0054608460C7CDC
:1042B000043CE4B2022C01D0102C42D104210C3079
:1042C00001F0B0FA068847882246011D01A8FEF7D2
:1042D00078FBC8B30DF1160239463046FFF75DFB97
:1042E000F0B100238DF818304FF42053ADF81A3098
:1042F00006A901A8FEF747FB58B100238DF81C3032
:1043000042F60103ADF81E3007A901A8FEF73BFBFA
:1043100078B93B46324601A92846F2F731FD11E053
:104320000123BDF8162010212846FFF775FF002055
:1043300008E01023324619462846FFF76DFF00209B
:1043400000E0042009B0F0BD0E20FBE700B583B00B
:10435000CA681388528800920D220C21F2F7F2FDF0
:1043600003B05DF804FB00B583B0CB681B88002266
:1043700000920B220A21F2F7E5FD03B05DF804FB81
:10438000F0B587B0054608460C7C043CE4B2022C2C
:1043900001D0102C23D104210C3001F043FA0688FF
:1043A00047882246011D01A8FEF70BFBC8B10DF19D
:1043B000160239463046FFF7F0FA38B13B4632462E
:1043C00001A92846F2F710FE07B0F0BD0123BDF8A1
:1043D000162008212846FFF71FFF0020F4E70420DD
:1043E000F2E70E20F0E72DE9F04387B007460C46D0
:1043F000062104F10C0001F015FA05884688B0F892
:104400000480D4F80C900DF10E0231462846FFF7D7
:10441000C4FAD0B100238DF81030ADF812808DF8B9
:1044200014304FF42053ADF8163005A904A8FEF758
:10443000AAFA98B9237C00934B463246294638465F
:10444000F2F718FE07B0BDE8F0830123BDF80E2097
:1044500006213846FFF7E0FE0020F3E70A232A464C
:1044600006213846FFF7D8FE0020EBE770B582B092
:104470000446CB681D885E880DF106023146284649
:10448000FFF78BFA30B1324629462046F2F736FE66
:1044900002B070BD0123BDF8062004212046FFF7BD
:1044A000BBFE0020F4E7F8B504460D46FFF761FABD
:1044B00070BBEB681E88B3B2162B2BD903212046A4
:1044C000F2F72EFC074638B302210C3001F079F9DF
:1044D00000256FF008030370457039462046FFF74A
:1044E0004CFEF7236383668523681B680433BFF3A0
:1044F0005B8F53E8001F41F4805143E80012002A0B
:10450000F7D1BFF35B8F2046FFF7E8FA2846F8BDE6
:104510000620FCE70420FAE70E20F8E708B5F3F7D9
:10452000D7FB08BD38B5F1F7C5FEF0B1406A48B118
:10453000883810F1880403D0D0F8884004B1883C52
:10454000002504E00446FBE7234620461C4668B1EC
:10455000FFF711FAA84200D90546002CF4D0D4F890
:104560008830002BF1D0883BEFE70025284638BD86
:1045700008B500230A8AC968F2F72CFE08BD08B501
:1045800000230A8AC968F2F725FE08BD08B5002392
:104590000A8AC968F2F71EFE08BD08B500230A8A18
:1045A000C968F2F717FE08BD08B500230A8AC96872
:1045B000F2F710FE08BD08B500230A8AC968F2F7B1
:1045C00009FE08BD08B500230A8AC968F2F702FE91
:1045D00008BD08B500230A8AC968F2F7FBFD08BDCB
:1045E00008B500230A8AC968F2F7F4FD08BD08B5CA
:1045F00000230A8AC968F2F7EDFD08BD08B500235B
:104600000A8AC968F2F7E6FD08BD70B50446CE68AF
:1046100033889AB2162A0CD90D46F7224283438575
:10462000FFF75CFA00232A8A31462046F2F7D2FDD2
:1046300070BD042300221146F2F7CCFDF8E708B55F
:1046400000230A8AC968F2F7C5FD08BD10B5044603
:10465000014651F8880B2430FFF77BF902E0184639
:1046600001F067F80022002304F13C0001F026F875
:1046700003460028F3D1A36B33B16FF06703002228
:1046800011462046F2F7A6FD002344F8343BBFF361
:104690005B8F54E8003F23F0010344E80032002A16
:1046A000F7D1BFF35B8F10BD38B5044650F8045CFA
:1046B00025B10438FFF7CAFF6B6A03B138BD28463D
:1046C000F2F7DAFD2068F4F7B3FAF7E738B50C46ED
:1046D000F1F7F0FD48B1054621460C3001F025F810
:1046E0002846FFF714FD002038BD204601F021F8D0
:1046F0006FF07F00F8E738B505460C46F9F712FA77
:104700002846F1F7D7FD68B103460022226082688F
:104710006AB1146084601846FFF755FCF9F71AFA7D
:10472000002038BDF9F716FA6FF07F00F9E78460D2
:104730004460F0E758B370B50D4639B3F1F7BAFDF0
:10474000064618B3406A40B1883810F1880409D091
:10475000D0F8884034B1883C04E0044602E02346A7
:1047600020461C4658B12946F2F728FE70B9002CA5
:10477000F5D0D4F88830002BF2D0883BF0E72946FA
:10478000301DFFF7E6F82846F2F714FD70BD7047BC
:1047900010B50C46F1F78EFD014600B3436A13B124
:1047A000883B00E0883B6BB1986BC268A24216D090
:1047B00013F1880204D0D3F88830002BF2D1F2E74D
:1047C0001346F0E7486850B1C368A34207D00346D8
:1047D00000680028F7D0002BF5D11846F3E710BD8C
:1047E0000120704708B5F1F765FDB8B1436A03B120
:1047F000883B9BB103F13402BFF35B8F52E8000F9B
:1048000020F0080042E800010029F7D1BFF35B8FD8
:10481000D3F88830002BECD0883BEAE708BD08B518
:104820000421FFF750F820B103213030FFF716F9CB
:1048300008BD0020FCE770B50E4615461C46F2F791
:1048400073F8C66005610123C380047570BD0B4613
:1048500021B1096851B111601A6070470368136093
:1048600002604368002BF8D1426070470023136058
:10487000436813B11A60426070474260026070473B
:104880000B4639B11168196041688A4209D000238A
:10489000136070471368036041688A42F7D1436030
:1048A000F5E74360F3E708B50A460368002101E035
:1048B00019461B682BB19342FAD1FFF7E1FF0120A3
:1048C00000E0002008BD0023B3EB510F10D200B56B
:1048D00010F803C0CA1A013A10F802E000F803E029
:1048E00000F802C00133B3EB510FF1D35DF804FBC4
:1048F0007047B0F800C0624512D300B5B1F800E0CF
:10490000734508D9624500D202800A88934204D9CF
:104910000B80012002E0002000E001205DF804FB94
:10492000624500D202800A88934202D90B8001209E
:1049300070470120704710B5002301E001339BB29E
:10494000022B19D84FEAD30CB2EBD30F12D900EBDC
:104950000C04247A03F0070E24FA0EF414F0010F6D
:10496000ECD011F80C4024FA0EF414F0010FE5D14C
:10497000002016E0002300E00023934210D26BB920
:10498000C41894F808C011F803E00EF0070E4CEAC2
:104990000E0C84F808C001339BB2EEE7012000E062
:1049A000012010BD1060002070471060002070478B
:1049B00008B50A4600210B463BB15389994203D002
:1049C0005181D36803B1984708BD03EB830C02EB18
:1049D0004C0CBCF808C08C4500D961460133EBE7AC
:1049E000FF2801D8C0B270470E20704770B5049CF4
:1049F000A6683EB105460846FFF7F2FF024621468B
:104A00002846B047A37D013BDBB2A375E26812B133
:104A10000BB92046904770BD106091800020704710
:104A20008068B0FA80F040097047F8B50C4673B161
:104A3000054611461E4603F1180204F10800FFF76F
:104A40001FFF376800231A4631462846B8472046DC
:104A5000FFF7E6FF00B9F8BD2046F2F71FFDFAE7C1
:104A60000120704770B50446049D2E680846FFF784
:104A7000B7FF01462A462046B04770BD70B582B0E8
:104A80000446069D084679B973B1009313462A4639
:104A9000002120462E68B0472E68002100910B4669
:104AA0002A462046B04708E02E68FFF799FF0146E6
:104AB000002300932A462046B04702B070BDF0B5EF
:104AC00089B006683578002D60D107461446738892
:104AD000B3F5245F19D013D903F55643FF339BB2C6
:104AE000042B59D8ADF80A1002220DF10A01204614
:104AF000FDF768F8002839D16FF01503A36546E08B
:104B0000A3F520539BB2032B44D8ADF80A10022220
:104B10000DF10A012046FDF755F818B96FF015039D
:104B2000A36534E07388ADF80A3002220DF10A0162
:104B30002046FDF747F878B17E68002000901323E7
:104B400003AA3946B047021E0ADB03A92046FDF737
:104B500039F838B101251AE06FF01503A36516E0A6
:104B6000A26514E06FF01503A36510E07388ADF83B
:104B70000A3002220DF10A012046FDF723F808B1A0
:104B8000012504E06FF01503A36500E00125284628
:104B900009B0F0BD0125FAE70125F8E74B09BFF39D
:104BA0005B8F50F82300BFF35B8F01F01F010841BA
:104BB00000F00100704701F01F02012393404909F2
:104BC00000EB8100BFF35B8F50E8002F42EA030146
:104BD00040E8001CBCF1000FF6D1BFF35B8F13421D
:104BE00014BF0120002070474B7803B97047D0F8FC
:104BF0008830C1F80130B0F88C2090F88E30A1F8E0
:104C00000520CB71F2E700B501F01F0201239340AC
:104C1000490900EB8100D943BFF35B8F50E8002FB7
:104C200002EA010C40E800CEBEF1000FF6D1BFF35E
:104C30005B8F134214BF012000205DF804FB08B510
:104C400039B100210C30FFF7B6FF80F00100C0B28F
:104C500008BD00210C30FFF7D6FFF9E708B5FFF7D4
:104C6000EEFF08BD2DE9F8430746F2F795FC002852
:104C700042D080468468002C3AD0183C14F11805C4
:104C800002D0A56905B1183D4FF000090DE00023E1
:104C9000238223464A4641463846FFF7C6FE4DB3B7
:104CA000AB6903B1183B2C461D462CB304F1140626
:104CB000BFF35B8F56E8003F23F0080346E800325D
:104CC000002AF7D1BFF35B8F07F18801387AFEF72E
:104CD000B2F80028DBD000213046FFF75FFF002844
:104CE000D5D141463846FFF77FFF04F11809D6E7D2
:104CF0002546C9E72B46D6E7BDE8F88300230360C5
:104D000043608360704708B5F2F7FAFB08B1FFF71C
:104D1000F5FF002008BD08B5022A03D0F2F7C4FD54
:104D2000022008BD00231A4600F18801007AF2F73C
:104D30007DFCF5E700238360704738B504461546CF
:104D4000FFF74EFD48B93DB904F18801207AF2F72A
:104D5000D7FB08B1FFF7EEFF38BD2046F2F7AAFBFC
:104D60000028F0D0027A12F0010FECD00121FFF7F9
:104D700075FFE8E7994222D838B505460C469142BE
:104D80001FD3049B23B101681846FDF7FCFDD0B981
:104D9000059B2BB1EB68059A934201D0012011E0ED
:104DA000069B1B88013B069A1380089A21462846D9
:104DB000079B9847069B1B8823B9002002E0002030
:104DC0007047012038BD0120FCE738B505460C4688
:104DD0004FF470200021F2F7C5F9034608B1456091
:104DE000C460184638BD2DE9F04383B00646084636
:104DF00015461C469DF828800B9F00974346224687
:104E00002946FFF7E2FF68B381463A4641463046FD
:104E1000F1F74AFF8046B8B19DF8303000221146C4
:104E2000FFF709FDC9F808802A4639464046A047E1
:104E3000044678B949463046FFF75DFC044668B938
:104E4000204603B0BDE8F0834846F2F7B3F96FF0AF
:104E50000B04F5E74846F2F7ADF9F1E74846F2F7FB
:104E6000A9F9EDE76FF00B04EAE708B502210C3071
:104E700000F0A7FC034600206FF008021A7058707B
:104E800008BD10B5144602210C3000F09AFC2389AD
:104E90000380002010BD10B5144604210C3000F032
:104EA00090FC2389038063894380002010BDF0B506
:104EB00087B006460C9D084609B9144653B92C68BC
:104EC000FFF78EFD0146002300932A463046A04797
:104ED00007B0F0BD1A46214603A800F068FC0AE0BE
:104EE0000094831C2A46002130462F68B84721468B
:104EF00003A800F097FCBDF81030012B0AD902215D
:104F000003A800F08FFC0388BDF81040A342E7D847
:104F10001C46E5E72C68002100910B462A463046E6
:104F2000A047D5E770B506461546002408E0AB68F3
:104F300033F8141006F10C0000F05BFC0134E4B20D
:104F40006B689C42F3D3002070BD70B506461546D1
:104F5000002408E0AB6833F8141006F10C0000F0F0
:104F600048FC0134E4B26B689C42F3D3002070BD6E
:104F700038B5144600F10C050221284600F021FC4A
:104F8000E3890380218A284600F033FC1434BFF300
:104F90005B8F54E8003F43F0040344E80032002AEA
:104FA000F7D1BFF35B8F002038BD38B5144600F150
:104FB0000C050421284600F004FC23890380638942
:104FC0004380E1680B782BB94988284600F011FC32
:104FD000002038BD10220131284600F0F8FBF7E729
:104FE00070B50446F2F766FA50B1054604F188063A
:104FF0003146207AFDF71FFF18B92846F2F74EFE1A
:1050000070BDD4F88830C5F80130B288B379A5F8FE
:105010000520EB71F4E710B5BDF80810BDF810409D
:10502000A1420CD81046641AA342A8BF23469CB2E2
:105030002246039B194404F0E7FB204610BD6FF0A5
:105040000604FAE710B586B01824ADF810402824FD
:10505000ADF812400024ADF814402A24ADF81640F3
:105060000824029404AC0194BDF820400094FFF79A
:10507000D2FF06B010BDF0B587B004460D46164607
:105080001F46FDF7D6FEADF81600022302930DF180
:1050900016030193BDF8303000933B463246294653
:1050A0002046FFF7B8FF07B0F0BD2DE9F04184B00E
:1050B00004460D4616461F46EFF70EF98046E7F701
:1050C00015FA80B20290CDF80480BDF82830009324
:1050D0003B46324629462046FFF79DFF04B0BDE817
:1050E000F081F0B587B004460D4616461F460023F2
:1050F0008DF81430F2F7DEF910B1037A8DF8143020
:105100000123029305AB0193BDF8303000933B4679
:10511000324629462046FFF77EFF07B0F0BD70B546
:1051200086B0BDF82850CC68267846B101341026E8
:10513000029601940095FFF76EFF06B070BD64887B
:10514000ADF81640022402940DF116040194009566
:10515000FFF761FFF1E7F0B587B005460C4616464C
:105160001F46C968F2F7F0F990B10389ADF816301F
:10517000022302930DF116030193BDF83030009322
:105180003B46324621462846FFF745FF07B0F0BDB3
:105190000023ADF81630EBE7B8B110B582B0044685
:1051A00000238DF8043042F60303ADF8063001A960
:1051B0000068FDF7E8FB50B9E368988840B92046DD
:1051C000F2F7B4FD013080B202E000207047002009
:1051D00002B010BD2DE9F0418AB005460C461646D6
:1051E0001F46D1F80C8098F806308DF81430084628
:1051F000FFF7D2FFADF81500D8F800100B7893B97F
:105200004B88ADF817300523029305AB0193BDF829
:10521000403000933B46324621462846FFF7FBFECE
:105220000AB0BDE8F081D1F801C0D1F80500D1F88D
:105230000920D1F80D30CDF817C0CDF81B00CDF8FE
:105240001F20CDF823301323DEE708B5F2F796FED2
:1052500008BD08B5FFF766F908BD12F0010F05D0CB
:105260004B8A13F0950F11D04B688BB112F0020FDF
:1052700005D04B8A13F4957F0CD08B6863B14B8AB1
:10528000134013F4DE7F09D10020704702207047DD
:1052900002207047032070470320704705207047A5
:1052A000837A072B01D000207047F0B589B00546FE
:1052B0000C461646086800238DF8043042F60303B6
:1052C000ADF8063001A9FDF75EFB50B9E3689B79A4
:1052D00013F0300F01D109B0F0BD2046F2F71EFFE8
:1052E0000446206800238DF8083042F60213ADF81A
:1052F0000A3002A9FDF747FB002836D120680023B9
:105300008DF80C3042F60213ADF80E3003A9FDF70C
:105310003AFB78B3206800238DF8103042F603037F
:10532000ADF8123004A9FDF72EFB18B32068002356
:105330008DF814304FF42053ADF8163005A9FDF761
:1053400022FBB8B1206800238DF8183042F6010323
:10535000ADF81A3006A9FDF716FB58B12046F2F752
:10536000DDFE04460028C9D1B5E72046F2F7D6FE97
:105370000446C3E7206800238DF81C3042F6021370
:10538000ADF81E3007A9FDF7FEFA20B9E768002442
:105390001CB100209FE700209DE704EB840307EB8E
:1053A0004302013217F813102846FEF733F930B1E3
:1053B00004EB840307EB43031B8933428BD1013495
:1053C000E6E7F0B583B00546089E0846B9B91C4625
:1053D000ABB17368F3B100941346324600212846FE
:1053E0003768B847A0B1338A013B9C4218DA346869
:1053F000002100910B4632462846A04708E0346859
:10540000FFF7EEFA01460023009332462846A047F4
:1054100003B0F0BD234631462846F3F767FAF7E7B5
:1054200073891C44748131462846F3F731FA002809
:10543000EEDA34680023009332460E212846A04756
:10544000E6E770B582B004460D46F8F76BFB2946D7
:105450002046FFF79DF978B1014646682046FFF7E0
:1054600069F9F8F777FB2EB1009500231A460E2153
:105470002046B04702B070BDF8F76CFBFAE72DE9A3
:10548000F04780460F4691469A46F2F785F850B3AA
:10549000846824B3183C14F1180509D0A5693DB1FE
:1054A000183D05E0EDB1AE6906B1183E2C46354613
:1054B000CCB1A3899F42F5D121464046FFF7D0FAEF
:1054C0000028EFD0266853464A4621464046B0475A
:1054D0000028E7D121464046F3F7B6FAE2E7254631
:1054E000E6E72E46E2E7BDE8F0872DE9F041074602
:1054F0000C46F1F7DFFF002842D00646037A13F08E
:10550000010F03D101252846BDE8F08100F10C0808
:1055100000214046FFF742FB05460028F3D10CB9B5
:105520002546F0E701214046FFF76DFB0546F8B937
:105530003846FFF755F905460028E4D03846FFF70E
:105540006EF905460028DED0BFF35B8F58E8003FB8
:1055500023F0020348E80032002AF7D1BFF35B8F43
:105560003846FFF73FF901213046FFF777FBCAE7DE
:105570003846FFF737F901213046FFF76FFBC2E7E6
:105580000125C0E7F0B583B007684FF0FF324FF058
:10559000FF3300210846FEF74AF9044600F10C06E5
:1055A0000121304600F00DF9052505700121304636
:1055B00000F007F9057000230093224606213846C3
:1055C000FEF73AF910B9002003B0F0BD204600F014
:1055D000B0F8F8E76FF0850070470020704708B515
:1055E000F6F722FA08BD2038704738B50446037F25
:1055F0001B3323F00303028B521A856A03FB025507
:10560000F3F796FBA872237FEB72284638BD7047EC
:105610002DE9F04104460D4617461E46807AF3F701
:1056200093FB436A1B68D3F800803A463346294609
:105630002046C047BDE8F08138B50446807AF3F7CC
:1056400083FB0546616951B1637A13F0010F04D100
:10565000436A1B689B682046984700236361214684
:10566000284603F0A7F938BD10B50446807AF3F751
:105670006BFB037F1B3323F00303826AA41AB4FB82
:10568000F3F010BD70B504460D46807AF3F75CFB6D
:10569000436A5A689E682E6015682046FFF7E4FF4B
:1056A00000FB065070BD002303824369C36070474E
:1056B00008B5416A8968F3F74FFB08BD08B5F7F7ED
:1056C0003BFD08BDEFF31182402383F31288BFF343
:1056D0006F8F00230B60436833B11960416082F320
:1056E0001188BFF36F8F704741600160F7E7034691
:1056F000EFF31182402181F31288BFF36F8F0068AE
:1057000070B110B4016819605C68A04206D082F3E1
:105710001188BFF36F8F5DF8044B70475960F6E74F
:1057200082F31188BFF36F8F704708B503F036F925
:1057300008BD38B5044603E02046FFF77DFF2C4640
:1057400084B16568237A013BDBB2237253B9E3600D
:105750006360A07AF3F7F8FA036A002BECD02046D6
:105760009847ECE738BD027A01320272704703466F
:1057700018465B68002BFBD1704770B504460D4698
:1057800046681EB10846FFF7F2FF4660656070BDCF
:1057900038B50D4638B10446FFF7E9FF2946FFF753
:1057A000ECFF204638BD0846FFF7DDFFFAE78160D1
:1057B000016092B2C2808280704783680B440360AC
:1057C00070470268838819448180D018704738B5C3
:1057D0000D4614461146FFF7F4FF2246294604F011
:1057E00013F838BD10B50C460121FFF7EAFF04702D
:1057F00010BD10B50C460221FFF7E3FF0470240A28
:10580000447010BD03460068401A18609A880A4424
:105810009A80704703468288521A82800068084442
:1058200018607047034600689A88521A9A800144AB
:105830001960704710B503681C880221FFF7EAFF62
:10584000204610BD02688068101A704738B50446BB
:10585000C588FFF7F7FF2D1AA088281A38BD93785E
:105860001B0203F4E06392F803C04FEA0C3C0CF413
:10587000805C43EA0C0392F804C04FEA0C4C0CF431
:10588000E02C43EA0C0392F800C00CF0030C43EA4E
:105890000C0392F801C04FEA0C1C0CF0300C43EAE8
:1058A0000C0392F805C04FEA0C5C0CF4801C43EA30
:1058B0000C039279120602F08072134300EB011080
:1058C000C0F8183570474800704740B344F22802CA
:1058D000904234D844F20302904233D3A0F580437F
:1058E000033B252B31D8DFE803F01330163030307E
:1058F000301A303030301E303030302230303030DE
:1059000030303030303030303030303030303026A1
:1059100000200870704701230B700020704702239D
:105920000B700020704703230B7000207047042386
:105930000B700020704705230B70002070476FF03C
:10594000150070476FF0150070476FF01500704735
:1059500008B5BFF35B8F50E8003F5A1C40E80021B8
:105960000029F8D1BFF35B8F1BB16FF00F03036702
:1059700008BDF3F783FAFBE708B50838FFF7E8FF3F
:1059800008BD08B540304FF0FF324FF0FF33F7F756
:1059900035FC08BD10B5044658304FF0FF324FF0CB
:1059A000FF33F7F72BFC00B12067206F10BD38B52F
:1059B00084460D4600F1740E0C460FCCAEE80F0085
:1059C0002368CEF800300023CCF870302B6853B138
:1059D0000CF188040FCB84E80F00CCF8744000234E
:1059E000ACF8983018B96046F3F748FA38BD002390
:1059F000BFF35B8F5CE8002F4CE800310029F9D140
:105A0000BFF35B8F6046F3F74FFBEFE708B5836C9E
:105A100003B108BD4030F7F7C9FBFAE710B50446FB
:105A2000436F0BB30846D4F88C3043B1B4F89820D8
:105A300004F17401984701280DD002280ED0B4F863
:105A40009830B4F89420934213D20133A4F89830DC
:105A500000210B4604E00121002301E00021012385
:105A600053B1D4F8883013BB04F15800F7F79EFB0C
:105A700010BD00210123F3E72046F3F711FAD4F813
:105A800088301BB92046F3F7F9F9F1E7BFF35B8FD4
:105A900054E8003F5A1E44E800210029F8D1BFF322
:105AA0005B8F012BE4DD2046F3F7E8F9E0E704F132
:105AB000080003F0E0FCD7E7034619B101290CD038
:105AC00000207047D3F81804C0F300407AB1D3F82F
:105AD000183403F0030313607047D3F80C04C0F3C9
:105AE000004022B1D3F80C3403F001031370704767
:105AF000006901EB41018900383108447047406872
:105B000001EB410100EB810070470069C1EBC1016D
:105B100000EB8100704708B5C9B2FFF7E9FF806864
:105B200000F0070008BDEFF31182402383F31288D1
:105B3000BFF36F8F036813F0C00301D08B4207D10E
:105B400001230360002082F31188BFF36F8F704739
:105B50004FF0FF30F7E7EFF31182402383F3128811
:105B6000BFF36F8F036803F0C00C03F00703012B32
:105B700008D08C4509D04FF0FF3082F31188BFF375
:105B80006F8F704701600020F7E76FF07700F4E750
:105B9000EFF31182402383F31288BFF36F8F036802
:105BA00003F0C00343F00203036082F31188BFF3E4
:105BB0006F8F7047F8B506460C46FFF799FF0568EA
:105BC0004768002340F8083BFFF7E2FF1DB13A4663
:105BD00021463046A847F8BD70B506461546CCB2FA
:105BE0002146FFF785FF29460830FFF79CFF002874
:105BF00006DB21463046FFF782FF436898470020C6
:105C000070BD08B58022FFF7E7FF08BD2DE9F04120
:105C1000064690461F46CDB22946FFF769FF044667
:105C200006990830FFF797FF002809DBC4F80080C9
:105C3000676029463046FFF762FF036898470020F7
:105C4000BDE8F08110B582B080240094FFF7DEFF3C
:105C500002B010BD10B51446C9B2FFF756FF0021BF
:105C6000A04710BD08B50120F5F774FD08BD08B5C3
:105C7000012000F0FCFF08BD08B5002000F0F7FF90
:105C800008BD08B520EAE070C117C90341EA5041D8
:105C9000C00340F2E733C0184FF47A724FF00003AC
:105CA00041F10001D6F72CFFF8F70EF808BD08B552
:105CB0001046F7F77BFA08BD08B5F3F711FC002092
:105CC000F5F748FD08BD4278837890F803C09A1A2A
:105CD0003CEA020207D0C2185171013303EA0C03F7
:105CE0008370002070476FF06800704700230370D6
:105CF000437083700139C170027170470020704792
:105D000038B50C461546EEF7DBFA20B12946204699
:105D1000EDF7BAFC38BD6FF00A00FBE74B680344AF
:105D20004B600B6803440B608B681B1A8B607047D9
:105D300038B504460D4601F054FE002C06DBA042A7
:105D400006D9001B854205D9002000E0002038BD9F
:105D50000020FCE70120FAE770B5044601F045FE9B
:105D60000646237B0BB9002504E000F0A1FFFAE70B
:105D7000A3688BB16068F6F7DBFAA3689B1BA3608E
:105D80006368334463600135237B002BF0D02846E1
:105D9000F5F7ECFD0028EBD0A068003818BF012013
:105DA00070BD00B585B00023009301930293039367
:105DB000019002916846FFF7CFFF05B05DF804FB44
:105DC00038B50446037BCBB90125A368032B18D94A
:105DD00023681968606801F0F8FD21460420FFF788
:105DE0009DFF0135237B002BEFD02846F5F7BEFD44
:105DF0000028EAD0F3F722FD012005E000F058FF6B
:105E0000E2E7F3F71BFD002038BD00B585B0009137
:105E10000190029200238DF80C306846FFF7D0FF06
:105E200005B05DF804FB70B582B00D4616461C4601
:105E3000826800232360A36013696A4601A998471A
:105E400014E02068281AB0FBF2F01B68984228BFC3
:105E50001846236800FB02332360A3680344A36051
:105E6000019B1A68824211D808330193009B5A1E85
:105E700000923BB1019B5A686260002DE1D1A0689D
:105E8000301AE2E76FF0150002B070BD0020FBE7AA
:105E900008B513460022FFF7C6FF08BD2DE9F047FD
:105EA00086B08946904683681B6901AA05A9984770
:105EB00000242646A246019B534514D9059F07EBB3
:105EC000CA077B680393002503E0039B1C4401364B
:105ED00001353B68AB4209D902940496414602A8B9
:105EE000C8470028F1D106B0BDE8F0870AF1010AE1
:105EF000E1E70B4639B11168196041688A4209D05F
:105F00000023136070471368036041688A42F7D129
:105F10004360F5E74360F3E708B50A4603680021EC
:105F200001E019461B682BB19342FAD1FFF7E1FF5C
:105F3000012000E0002008BDF0B51C46059E069D2E
:105F400000F01F0C40092FD14FF0A04E0CF5E0736C
:105F50005EF8233059B301205AB30227384354B3B3
:105F60000C2738434EB34FF4E06738433DB34FF44A
:105F70004037384323EA000019B30B781AB312787C
:105F8000520013430CB3227892001343FEB13278CF
:105F900012021343EDB12A781204134303430CF5A4
:105FA000E07C4EF82C30F0BD4FF0000ECEE7002024
:105FB000D2E70027D2E70027D3E70027D5E700275D
:105FC000D7E70023DAE70022DBE70022DDE7002243
:105FD000DFE70022E1E770B504460D461646036888
:105FE00033B1FFF799FF70B91EB96FF0150006E0E5
:105FF00032B123682B602560636843B1002070BD17
:106000006FF01500FBE7002EF3D10020F7E7656085
:106010000020F4E770B50E461546016821B10C6802
:106020003CB131B90C4604E00C4602E0234621465F
:106030001C4671B18A682A4002D04B6830469847A6
:10604000002CF3D02368002BF1D0002CEFD1234695
:10605000EDE770BD0069003818BF0120704710F0EF
:10606000100F04D110F0200F03D10020704703203F
:1060700070470120704743685B68D3F810350B60A8
:106080000020704743685B6802EA010021EA0201D0
:10609000C3F80805C3F80C150020704743685B6817
:1060A000C3F808150020704743685B68C3F80C15F7
:1060B0000020704743685A68D2F8043521EA03008B
:1060C0000B40C2F80805C2F80C3500207047B0F547
:1060D000800F07D0B1F1C06F0DD0B1F1007F08D0B3
:1060E00001207047B1F1007F01D0052070470420E6
:1060F0007047022070470320704708B500690430DC
:10610000FFF769FF08BD10B500F01F044009F3F761
:10611000B9FC30B1014600690122A2400430FFF70A
:1061200079FF10BD10B582B0044601AA00F01CF83A
:10613000002805DB019B226819791868F3F7CAFF6C
:1061400002B010BD10B50446002201210320FBF768
:106150001FFE63680021D869FFF7E4FF002802DB17
:106160002046F3F7A5FE10BD10B44368136001E0AC
:1061700008331360136890F808C0446804EBCC0C33
:10618000634505D293F805C08C45F1D1002001E0AC
:106190006FF001005DF8044B704700B5A2F5807EFA
:1061A0004FEA9E0E4FF0010C0CFA0EFC1CEA010F98
:1061B0000DD0815809B900200AE000218150825891
:1061C0001BB11A684CEA02021A60012000E00020AC
:1061D0005DF804FB70B582B006460D4600240194BC
:1061E00009E0A20001AB02F5A07229463046FFF794
:1061F000D4FF0134E4B2032CF3D915F0010F02D01F
:10620000D6F8003143B915F0020F02D0D6F80431A8
:1062100063B9019802B070BD0023C6F80031D6F80A
:106220000031019B43F001030193ECE70023C6F822
:106230000431D6F80431019B43F002030193E8E7EF
:10624000401A20F07F40704700F150039B009BB242
:1062500003F1804303F588331868003818BF012024
:10626000704700F150039B009BB203F1804303F59C
:10627000883300221A601B68704720F07F40704707
:10628000EFF3108072B6704780F310887047F0B556
:1062900085B0044617461D46F3F7E2FF06469DF813
:1062A000303002930B9B01930A9B00933A462B4696
:1062B0002046F4F7A3F8054631462046F4F726F8C1
:1062C000284605B0F0BD08B5F4F778F808BD10B55C
:1062D00086B00092019300238DF80830089B039349
:1062E000099B049307238DF8143083689C680B4640
:1062F00002226946A04706B010BD00B585B08DF8F2
:106300000F100193009201230DF10F0281880068A4
:10631000FFF7DDFF05B05DF804FB10B588B08DF820
:1063200007200DF1070202920122039200228DF84C
:10633000102005930A9B069302228DF81C20836887
:106340009C680B4602A9A04708B010BD10B586B0E6
:106350000092019300238DF80830089B0393099B5A
:10636000049307238DF8143083689C680B4602223F
:106370006946A04706B010BD00B585B08DF80F1076
:106380000193009201230DF10F0281880068FFF74D
:10639000DDFF05B05DF804FB10B588B08DF807206F
:1063A0000DF1070202920122039200228DF81020C3
:1063B00005930A9B069302228DF81C2083689C6833
:1063C0000B4602A9A04708B010BD03783E2B03D0AE
:1063D000FF2B08D0002070478378022B01D00020CB
:1063E0007047012070478378802B01D000207047D0
:1063F0000120704738B505464FF0FF324FF0FF33AC
:106400000520EBF7DFFE04466A88043229460C308B
:10641000FFF7DDF92046FCF7F1FC38BD38B5038AFB
:1064200083B10446037E4BB1022B0ED1F4F7D8FCA6
:10643000054665B92046FFF77CF908E0F4F7EEFC65
:106440000546F6E76FF0150501E06FF015052846E3
:1064500038BD10B500F0ACFB4FF0FF304FF0FF310E
:10646000F4F7A4FB044608B1204610BDD7F76EF838
:10647000044610B9F4F7A4FBF6E7F4F7A1FBF3E741
:1064800008B5D7F787F860B9D7F798F860B9D7F7A4
:10649000A9F860B9D7F7B4F860B9D7F7BFF860B911
:1064A00008BD6FF08500FBE76FF08500F8E76FF03F
:1064B0008500F5E76FF08500F2E76FF08500EFE704
:1064C00008B5F4F7F5FD08BD0F23037004234370EE
:1064D00082700123C370818070474FF00E0C80F8EA
:1064E00000C0427001228270A0F80310437170470F
:1064F0008F230370C023037170470120704700236E
:1065000003604360037943F020030371DBB243F07F
:1065100040030371704700230380037843F00103B5
:106520000370DBB243F002030370DBB243F02003DD
:106530000370437843F001034370DBB243F002037E
:106540004370DBB243F004034370704700230360E1
:10655000037843F001030370DBB243F002030370DE
:10656000DBB243F004030370DBB243F008030370B3
:10657000DBB243F010030370DBB243F0200303707F
:10658000837843F002038370DBB243F00803837027
:10659000704708B5427810F8033B43EA02231BB268
:1065A00040F20642934205D040F21D42934204D08D
:1065B000012008BDE2F71DFDFBE7E2F71CFDF8E74F
:1065C00008B50346033093F801C01B7843EA0C2357
:1065D0001BB240F6634C63452CD001F1060116DC7A
:1065E00040F6034C634522D040F62D4C634505D15F
:1065F000137803331370E2F7B3FB07E040F6014270
:10660000934202D1E2F7A7FB00E0012008BD40F66B
:106610007B4C634511D040F67C4C634505D1137823
:1066200002331370E2F7A5FBF0E70120EEE7D7F79E
:10663000D9F8EBE7E2F796FBE8E713780433137039
:10664000E2F795FBE2E708B503460330063193F81D
:1066500001C01B7843EA0C234FF60B4C63451CD951
:106660004FF61D5C634500F28280B3F57D4F26D363
:10667000A3F57D431D2B76D8DFE803F04C54575A21
:106680005D60757575637575667575757575757508
:1066900069756F75757575757572B3F57C4F01D831
:1066A000012008BDA3F57C43013B0A2B5DD8DFE840
:1066B00003F0080F5C5C5C275C5C17202A0001205B
:1066C000EFE713780C3313700846E2F754FBE8E762
:1066D0001378403313700846FFF71DFF0020E0E7F2
:1066E0001378581C1070173313700846E2F760FBDC
:1066F000D7E71378203313700846E2F7ABFBD0E7F7
:10670000E2F754FBCDE71378013313700846E2F744
:10671000F2FBC6E71378403313700846FFF716FF05
:106720000020BEE7E2F7FDFBBBE7E2F7FCFBB8E7C2
:10673000E2F7FBFBB5E7E2F7FAFBB2E7E2F7FDFBB6
:10674000AFE7E2F7FCFBACE7E2F7FDFBA9E7137864
:1067500004331370E2F7F9FBA3E7E2F705FCA0E7C7
:10676000E2F704FC9DE701209BE7012099E7012067
:1067700097E710B504463022002103F06DF8237826
:1067800043F020032370A37843F08003A370637960
:1067900043F040036371DBB243F080036371A37A7B
:1067A00043F00403A372A37B43F00803A373DBB29B
:1067B00043F02003A373E37B43F00203E373A37D61
:1067C00043F00403A375637E43F001036376DBB2F9
:1067D00043F002036376DBB243F004036376DBB27B
:1067E00043F010036376DBB243F020036376DBB241
:1067F00043F040036376DBB243F080036376A37E0D
:1068000043F00103A376DBB243F00203A37694F8CE
:106810002D3043F0400384F82D30A37E43F0400335
:10682000A376DBB243F08003A376E37E43F001035B
:10683000E376DBB243F00203E376DBB243F010030E
:10684000E376DBB243F02003E376DBB243F04003B0
:10685000E376DBB243F08003E376237F43F0020369
:106860002377DBB243F004032377DBB243F0080362
:106870002377DBB243F010032377DBB243F020032E
:106880002377DBB243F04003237794F8203043F0C2
:10689000100384F82030DBB243F0200384F820306A
:1068A00094F8213043F0400384F82130DBB243F008
:1068B000800384F8213094F8223043F0010384F8F7
:1068C000223094F8233043F0080384F82330DBB2FD
:1068D00043F0100384F82330DBB243F0200384F844
:1068E0002330DBB243F0400384F82330DBB243F0C3
:1068F000800384F8233094F8243043F0010384F8B3
:10690000243094F8263043F0800384F8263094F83D
:10691000223043F0020384F82230DBB243F0040358
:1069200084F8223094F8293043F0040384F82930A5
:1069300010BD08B50346881D93F801C01B7843EAD3
:106940000C231BB2A3F58053013B082B20D8DFE8B2
:1069500003F0050B121F1F1F1F1F190013780833A8
:106960001370E2F705FB14E0137840331370FFF760
:1069700000FF00200DE0137808331370FFF7BFFD10
:10698000002006E0137806331370E2F7F3FA00E014
:10699000012008BD002303604360037843F0010336
:1069A0000370DBB243F004030370DBB243F008036F
:1069B0000370DBB243F010030370DBB243F020033B
:1069C0000370437843F001034370DBB243F04003AC
:1069D0004370704708B503460330063193F801C091
:1069E0001B7843EA0C231BB2A3F50053013B7B2B1E
:1069F00000F2D880DFE803F03E4148D65053565DA0
:106A00006063D6D6D6D669707376D6D6797F8288FB
:106A1000D68F959BD6D6D6D6D6A3A9B0B3B6D6D6A2
:106A2000D6D6D6D6D6D6BCC3C9CCD6D6D6D6D6D64A
:106A3000D6D6D6D6D6D6D6D6D6D6D6D6D6D6D6D6F6
:106A4000D6D6CFD6D6D6D6D6D6D6D6D6D6D6D6D6ED
:106A5000D6D6D6D6D6B9D6D6D6D6D6D6D6D6D6D6F3
:106A6000D6D6D6D6D6D6D6D6D6D6D6D6D6D6D6D6C6
:106A7000D6D6D666E2F780FA95E013780333137022
:106A80000846E2F77EFA8EE0137808331370084662
:106A9000FFF780FF002086E0E2F775FA83E0E2F777
:106AA00074FA80E01378013313700846E2F76FFA46
:106AB00079E0E2F76EFA76E0E2F76DFA73E0E2F77A
:106AC0006CFA70E0E2F793FA6DE01378013313701B
:106AD0000846E2F764FA66E0E2F763FA63E0E2F799
:106AE00062FA60E0E2F761FA5DE013780733137051
:106AF000E2F75DFA57E0E2F75CFA54E013781033FE
:106B00001370E2F758FA4EE0137808331370084612
:106B1000E2F753FA47E0137802331370E2F74FFAC3
:106B200041E0137802331370E2F74DFA3BE013783B
:106B3000083313700846FFF7DBFC002033E01378BE
:106B400002331370E2F743FA2DE013780433137025
:106B50000846E2F73EFA26E0E2F73DFA23E0F4F7D2
:106B6000DFFC20E000F025F81DE000F027F81AE037
:106B70001378083313700846E2F72FFA13E01378FE
:106B800004331370E2F72BFA0DE0E2F72AFA0AE079
:106B9000E2F729FA07E01378023313700846E2F7A8
:106BA00024FA00E0012008BD08B5F4F779FC08BD1F
:106BB000704708B50021F4F7CBFC08BD90F84010F1
:106BC000012903D808B5F4F7C3FC08BD12207047AB
:106BD00001207047684620F007018D4601B5DEF7B9
:106BE000D3FDE8F75BFFBDE8014085467047684686
:106BF00020F007018D4601B5DEF780FDBDE80140BC
:106C000085467047684620F007018D4601B5DDF7DF
:106C1000BBFFE8F743FFBDE801408546704710B56C
:106C2000F4F7CEFC044608B1204610BD0122002135
:106C30000820FBF7ADF8012200210B20FBF7A8F894
:106C4000012200211046FBF7A3F8EDE708B54FF04D
:106C5000FF304FF0FF31F3F7A9FFE5F7C5FBF3F77E
:106C6000AFFF08BD08B5E5F7ADF8002008BD012865
:106C700000D0704708B5DEF739F808BD704708B591
:106C8000DEF786F808BDEFF30580033803288CBFD4
:106C900000200120704708B5E1F768F908B9002025
:106CA00008BDFFF7F0FF08B90120F9E70020F7E77A
:106CB00070470020704710B504693B2901D00C29AA
:106CC00004D1E1F789FA2060002010BD6FF0850043
:106CD000FBE7012800D170470220FCE70020704745
:106CE0008068183820F007001038704704280AD050
:106CF000052803D1481E18BF01207047884214BFE1
:106D00000020012070470120704789B138B5144632
:106D10000D460AB9002038BDFAF767FD0023A342EB
:106D200004D2EA5C824205D10133F8E70120F2E7A0
:106D3000002070470020EEE738B505460C461146A6
:106D400001232246FAF7FAFC00280FDB0122214634
:106D50002846FFF7DAFF18B103232370002006E06E
:106D60002078FFF7B6FF2070002000E0012038BD3A
:106D700008B58268183A22F00702083AFFF7DCFFEC
:106D800008BD2DE9F04383B006460F4690461D46E8
:106D9000FAF722FD2C18013CC0F1000C04EA0C04A7
:106DA000082C04D94FF0FF3003B0BDE8F083304623
:106DB000FAF71BFD81462A464146684602F024FD4B
:106DC000621B49460DEB050002F046FD23466A466C
:106DD00039463046FAF7CDFC0028E5D00120E3E73C
:106DE00000B583B08DF80420012301AAFFF7C9FF85
:106DF00003B05DF804FB08B581681839012221F061
:106E00000701FFF7EDFF08BD08B58268183A22F0C8
:106E10000702FFF791FF08BD30B587B004460D4665
:106E20008168102302AA1039FAF788FC002839DBA0
:106E3000102202A92046FFF768FF48B303232B70F6
:106E40002046FFF74DFF014601230DF107022046C2
:106E5000FAF774FC002828DB9DF8073003F00F02D6
:106E60006A701B092B7101220DF107012046FFF703
:106E70004CFF10B96B78042B03D901236B700023EE
:106E80002B71A91C2046FFF773FF30B101200AE0E7
:106E900002A8F4F79DFD2870D2E7E91C2046FFF711
:106EA000B3FF00E0012007B030BD0120FBE710B5C3
:106EB00082B00C4601A9C0B2E8F750FA18B101241B
:106EC000204602B010BD21460198FFF7A5FF0446F9
:106ED0000198FAF732FCF3E710B582B00E2A11D808
:106EE00004460E2910D841EA02118DF80710FFF769
:106EF000F7FE014601230DF107022046FFF741FF8F
:106F000002B010BDFBF79CF8FBF79AF8F0B583B020
:106F1000044617460E4601B10F4669462046FFF764
:106F20007BFF98B99DF80050022D28D0032D0CD07E
:106F3000012D01D0FBF784F846B19DF80330032BF7
:106F400004D12046FFF757FF00E00EB103B0F0BDBB
:106F50002046F4F749FD0028F8D167B90028F5D19B
:106F600007B902252046FFF7B9FEC2B229462046DE
:106F7000FFF7B2FFEAE72046FFF73DFFEEE70EB16D
:106F80000420E3E7A26800212046FAF70DFC032065
:106F9000DCE74FF08053D3F83031B3F1FF3F03D03B
:106FA000062B06D0002070474FF0704393F8E03F67
:106FB000F6E7012070474FF0704393F8E02FD3F8C5
:106FC000E83FC3F30313062A01D000207047033BB8
:106FD000002B04D8DFE803F00100012070470020F7
:106FE00070474FF08053D3F83031B3F1FF3F03D0F7
:106FF000062B06D0002070474FF0704393F8E03F17
:10700000F6E7012070474FF0704393F8E02FD3F874
:10701000E83FC3F30313062A01D000207047033B67
:10702000002B04D8DFE803F00100012070470020A6
:1070300070474FF08053D3F83031B3F1FF3F03D0A6
:10704000062B06D0002070474FF0704393F8E03FC6
:10705000F6E7012070474FF0704393F8E02FD3F824
:10706000E83FC3F30313062A01D000207047033B17
:10707000002B04D8DFE803F0010001207047002056
:1070800070474FF0704393F8E02FD3F8E83FC3F315
:107090000313062A01D000207047033B002B04D8BD
:1070A000DFE803F0010001207047002070474FF037
:1070B0008053D3F83031B3F1FF3F07D04FF0805207
:1070C000D2F83421062B0AD0002070474FF07042CE
:1070D00092F8E03FD2F8E82FC2F30312F2E7033A46
:1070E000012A04D8DFE802F00101002070470120E6
:1070F00070474FF08053D3F83031B3F1FF3F03D0E6
:10710000062B06D0002070474FF0704393F8E03F05
:10711000F6E7012070474FF08053D3F83031B3F1D8
:10712000FF3F03D0062B06D0002070474FF070437E
:1071300093F8E03FF6E7012070474FF08053D3F813
:107140003021D3F83431062A01D000207047052BB6
:1071500003D8032B03D30020704701207047012080
:1071600070474FF08053D3F83021D3F83431062ADA
:1071700001D000207047062B03D8032B03D3002037
:107180007047012070470120704708B5FFF7E9FFFD
:1071900038B14FF01023D3F808224FF08043C3F8E2
:1071A000582508BD08B5804708BD08B501F046FA66
:1071B00008BD10B401F5A27150F8214024F4473401
:1071C00024F4407440F8214050F82140120202F4A7
:1071D000F8521B0403F440331A43144340F821408F
:1071E0005DF8044B704710B401F5A27150F82140CE
:1071F00024F4981424F4F85440F8214050F8214025
:10720000120202F4F8521B0403F440331A439DF8AF
:1072100004301B0503F480131A43144340F8214043
:107220005DF8044B704700B5A2F5807E4FEA9E0ED4
:107230004FF0010C0CFA0EFC1CEA010F0DD0815826
:1072400009B900200AE00021815082581BB11A6858
:107250004CEA02021A60012000E000205DF804FB05
:10726000F0B583B005460E4617460024019409E0A8
:10727000E2B2920001AB02F5807231462846FFF778
:10728000D2FF0134BC42F3D301AB4FF4BE7231469E
:107290002846FFF7C8FF019803B0F0BDF0B51C46C3
:1072A000059E069D00F01F0C40092FD14FF0A04E07
:1072B0000CF5E0735EF8233059B301205AB302276E
:1072C000384354B30C2738434EB34FF4E067384388
:1072D0003DB34FF44037384323EA000019B30B782D
:1072E0001AB31278520013430CB32278920013435E
:1072F000FEB1327812021343EDB12A78120413431F
:1073000003430CF5E07C4EF82C30F0BD4FF0000E3E
:10731000CEE70020D2E70027D2E70027D3E70027F7
:10732000D5E70027D7E70023DAE70022DBE70022D2
:10733000DDE70022DFE70022E1E700B585B08DF848
:107340000F100DF10F030193002100910B460A4627
:10735000FFF7A4FF05B05DF804FBC0B2704738B575
:107360000D460079F4F7E0FD04462846FFF7F5FFE7
:10737000083034F8100000F0010038BD38B50D4673
:107380000079F4F7D1FD04462846FFF7E6FF083000
:1073900034F81000C0F3401038BD38B50D46007900
:1073A000F4F7C2FD04462846FFF7D7FF083034F84B
:1073B000100010F01C0018BF012038BD38B50D4674
:1073C0000079F4F7B1FD04462846FFF7C6FF083000
:1073D00034F81000C0F3400038BD38B504460D46FF
:1073E000FFF7ECFF30B129462046FFF7C7FF18B181
:1073F000012000E0002038BD0020FCE708B5FFF7C1
:10740000DDFF80F00100C0B208BD7047704738B59D
:107410000D460079F4F788FD04462846FFF79DFFE6
:10742000083034F81000400B38BD032894BF00200A
:107430000120704770B506460D46002404E04FF069
:10744000FF33AB4211D001341F2C0CD83079F4F744
:107450006BFD04F1080330F8133013F4807FEED095
:10746000C3F34323EDE7002000E0012070BD38B5F1
:1074700004460D46FFF782FFB8B129462046FFF7C4
:10748000BDFF90B129462046FFF7C1FF22680123C6
:107490008340C2F80833226800F5A27052F8203009
:1074A00023F0030342F8203003E000212846FFF7D1
:1074B00044FF38BDF8B506460F4615460024002C9B
:1074C00003DD4FF0FF342046F8BD3079F4F72CFD92
:1074D00050F83430BB4201D00134F0E700EBC40374
:1074E0005B68AB42F8D1EEE738B50C460079F4F7AB
:1074F0001BFD05462046FFF730FF083035F81030F9
:10750000C3F38203042B11D0052B11D004F01F020A
:10751000640909D14FF0A043D3F81035D34013F0DC
:10752000010F07D0032002E00023F5E7032038BD58
:107530000220FCE70220FAE710B504460846FFF7F0
:107540000CFF083034F8103013F4807F04D0C3F3FC
:10755000432304EBC30010BD0020FCE770B50446D4
:107560000E4615460079F4F7DFFC86602079F4F7C3
:10757000DBFCC56070BD08B50079F4F7D5FC90F868
:107580006000003818BF012008BD70B504460D46E4
:1075900016460368D3F80423002A03DB4FF00042A9
:1075A000C3F8042329462046FFF7E8FE00B3294626
:1075B0002046FFF723FFD8B129462046FFF727FFD3
:1075C0002268830003F580739BB2002199509B5879
:1075D000226800F5A27152F8213043F0010342F80D
:1075E00021306EB1226801238340C2F8043307E0E2
:1075F00029462046FFF778FF01462846FFF79DFE03
:1076000070BDF8B504460D461646FFF795FF20B14C
:107610000768426831462846B847A3681BB1E2684C
:10762000314628469847F8BDF8B507460E46144639
:107630001D461046FFF7F9FE60B9022D28D0022141
:107640003046FFF77AFE032C26D0022D22D0032DE0
:1076500028D0F8BD224631463846FFF7D2FF06F063
:107660001F03720912D14FF0A04203F5E07352F8E4
:107670002330C3F301439D42EBD100213046FFF795
:107680005CFE29463046FFF758FEE2E70022ECE7B1
:107690000321D5E7012CDAD1224631463846FFF7DF
:1076A000B0FFD6E7022CD4D1F6E70023D3B10020F7
:1076B000704711F0010F0ED01AE04FF0A04CDCF82B
:1076C00020454EF8044BCCF8204501325C1CA24208
:1076D000F3D3425922B90133002BEAD0002030BD48
:1076E0000120FCE711F0010F01D10133DEE730B5D5
:1076F0009D001A4600EB830EE8E710B50C460079B2
:10770000F4F712FC21465430F4F7B2FB10BD70B50B
:1077100005460846FFF721FE04462879F4F704FCE5
:1077200004F1080330F8133013F4807F0BD0C3F357
:107730004326083423F4F85320F814303146284601
:10774000FFF778FE00B170BD2879F4F7EDFB002358
:1077500040F836302879F4F7E7FB31465830F4F733
:10776000ABFBF0E770B504460D46FFF707FE48B1E6
:10777000266829462046FFF74AFE00F5A27000233E
:1077800046F8203029462046FFF7C1FF2079F4F75C
:10779000CBFB04462846FFF7E0FD0830002324F821
:1077A000103070BD10B50C460079F4F7BDFB2146D2
:1077B0005430F4F781FB10BD70B504460D461E46EB
:1077C00004984FF0000C01E00CF1010C84450ED23E
:1077D0005FFA8CF2920002F580719208012303FA9D
:1077E00002F21542F0D0002363506358ECE7002DFD
:1077F00004DA0023C4F87C31D4F87C3144F3073038
:10780000FAF7BCFA0EB1C4F8045370BD2DE9F0418B
:1078100082B080460F4600230193C96D01A8FFF78F
:1078200044FF002676B13A6D4FF000414046FFF725
:1078300017FDF96D01A8FFF738FF0028F1D102B05C
:10784000BDE8F08197F85C3013F0010F10D10136DC
:10785000E8E7002405F5E07354F82330C3F301434F
:1078600029463846FFF7E0FE0123AB40C4F8203537
:1078700002AB03EB860353F8044C002CE7D094FAD8
:10788000A4F4B4FA84F404F01F052846FFF765FD5C
:10789000083037F81020C2F3820201AB03EB8603F5
:1078A0004FEAD40C04F0070413F80C100120A04098
:1078B00021EA000103F80C106B09CAD14FF0A04473
:1078C000C8E7F8B506460F46144618E094FAA4F344
:1078D000B3FA83F301229A4024EA020403F5A27367
:1078E00056F82350C5F3042556F82300C0F3014091
:1078F000FFF78BFD024629463846FFF782FE002C33
:10790000E4D1F8BD70B505460E46D0F80413C9B2EF
:10791000326D41F00041FFF7A3FC041E05DB224657
:1079200031462846FFF7CDFF70BD31462846FFF7A8
:107930006DFF24F00044F2E708B5F4F7D5FB08BD6D
:1079400008B5F4F7F5FA08BD08B5FFF707FE08BD5E
:1079500008B5F4F769FB08BD08B5F4F795FC08BD58
:1079600008B5FFF708FE08BD08B5F4F773FC08BDBD
:1079700008B5FFF717FF08BD08B5FFF7BEFE08BD45
:1079800008B5FFF702FE08BD08B5FFF770FD08BD9A
:107990004FF08053186970474FF080535869704713
:1079A00010B5FFF7F5FF0446FFF7F6FF04FB00F004
:1079B00010BD10B50446FFF7EBFFB4FBF0F300FB7E
:1079C0001340B0FA80F0400910BD38B504460D46AA
:1079D000F4F792FC29462046F4F79EFCF4F784FC69
:1079E00038BD08B5FFF7DCFF08BD08B5FFF7D0FFCD
:1079F00008BD08B5FFF7D0FF08BD4A6B8B6A9A42F5
:107A000007D00023C0F800350522C0F8002518462D
:107A100070470120704703464A6B886A824205D24C
:107A2000496A8A5CC3F81C250120704791F82C0034
:107A300030B90A6A12F0400F06D101205861704730
:107A40000122DA61002070470122DA6181F82D20DD
:107A5000704784464B6B8A6A934229D24A6AD0F8AF
:107A60001805D0544B6B01334B638A6A501E834216
:107A700007D093420DD0934211D00120CCF82000C2
:107A80007047086A10F0400FF3D10223CCF800329F
:107A9000F3E7086A10F0400FEDD1012070470B6A40
:107AA00013F0400FE9D0022381F82D3000207047F9
:107AB0000120704770B504460D46D0F80431CBB1B3
:107AC0000023C0F80431D0F80431012695F82F3096
:107AD00093B10023C4F82431D4F82421C4F81C3114
:107AE000D4F81C21C4F80831D4F80831002E4CD148
:107AF000012070BD0026E9E7D4F824314BB1002302
:107B0000C4F82431D4F824310123636185F82F307F
:107B1000ECE7D4F81C31DBB10023C4F81C31D4F8F5
:107B20001C316B6B01336B63D4F824314BB10023F0
:107B3000C4F82431D4F824310123636185F82F304F
:107B4000D4E729462046FFF766FF0028CED1D0E7CC
:107B5000D4F80831002BC9D00023C4F80831D4F878
:107B60000831D4F824314BB10023C4F82431D4F8BF
:107B700024310123636185F82F30B7E72946204679
:107B8000FFF767FF0028B1D1B3E7002385F82D3058
:107B900095F82F300BB10020ABE729462046FFF7C0
:107BA0002CFF80F0010085F82F00F4E770B586B057
:107BB00005460C46FFF77EFF00285ED194F82F6043
:107BC00026B9227B931EDBB2012B17D90DF1040CD1
:107BD00004F10C0EBEE80F00ACE80F00DEF8003038
:107BE000CCF80030C6B3D5F8C434C5F8C43413F0AB
:107BF000020F1FD001238DF8003030E0616AA369C5
:107C00009942E3D1E36963626369A362236AC3F3C0
:107C1000401384F82C30002384F82D30032A04D03C
:107C200021462846F4F718FC27E021462846F4F7B9
:107C3000B5FB22E013F0040F03D002238DF80030CF
:107C40000DE013F0010F03D003238DF8003006E0A0
:107C500004238DF8003002E000238DF8003000236B
:107C600084F83030236A13F0040F02D094F82F30D8
:107C70001BB1236861686846984706B070BD08B5B7
:107C8000F4F7E2FD08BD08B5FFF7F9FF002008BDD5
:107C900070B5036A9A685C68944204D30BB1012200
:107CA000DA60002070BD002202745A6801325A6006
:107CB000026A5368013B126803EBC30C034602EBF4
:107CC0008C0200F120061D685C68D3F808E0D3F848
:107CD0000CC015605460C2F808E0C2F80CC0103344
:107CE0001032B342EFD11B68136081600120D9E7E5
:107CF000F0B58BB004460D4616460DF1040C8646D1
:107D0000BEE80F00ACE80F00BEE80F00ACE80F00C3
:107D1000DEF80030CCF80030226A5168002942D0E9
:107D2000013915F0010F24D015F0040F07D11368A5
:107D300001EBC10003EB80031B7C002B39D11368DE
:107D400001EBC10103EB8103204603F12007D3F8C7
:107D500000E0D3F804C09968DA68C0F800E0C0F821
:107D600004C08160C26010331030BB42EFD11B6889
:107D7000036015F0020F03D0226A5368013B536081
:107D8000039BB3421AD815F0040F01D0019B236066
:107D900015F0080F18D0143406AB93E8070084E8F8
:107DA0000700012003E00AB10223D36000200BB0DA
:107DB000F0BD0AB10F23D3600020F8E7236A0BB1AE
:107DC0000422DA600020F2E70120F0E710B402603C
:107DD0001A44C260019B83600023037403758361AE
:107DE0000362012915D901EBC1039B00243BC21892
:107DF00002620022C250036A8C1E9C60036A5A60B1
:107E0000036ADA60036A1A74022902D9036A243009
:107E100018605DF8044B7047182871F1000312D305
:107E2000B0F5807F71F100030FD3B0F5803F71F1A1
:107E300000030CD34FF0FF3383424FF000038B411C
:107E400007D30520704701207047022070470320A8
:107E50007047092070470246002000E00130884248
:107E600002D2135C002BF9D1704717280BD9A0F16F
:107E70001803DBB2032B01D90F20704718380123F8
:107E800003FA00F07047002070470268C3689A4206
:107E900001D201207047036A0BB10822DA6000208A
:107EA000704738B504460D46FFF7EFFF48B1236829
:107EB0001B78B5EB531F04D0236A0BB10A22DA609A
:107EC000002038BD43680360836801338360036A20
:107ED00003B1D9607047002308E0A2EB030C0CF15A
:107EE000FF3C11F80CC000F803C001339342F4D3F7
:107EF000704710B50446FFF7C8FF40B123681A78F1
:107F0000FF2A05D0236A0BB10A22DA60002010BDD7
:107F100001332360FBE72DE9F84F044688461746F6
:107F2000FFF7B3FF054600B3A368CBB1D4F800A0B8
:107F30009AF8006006F01F063046FFF796FF81466C
:107F40001B2E15D8B84219D800F1010BDA44E368AA
:107F50009A4519D9236A0BB10822DA60002504E09A
:107F6000236A0BB10322DA6000252846BDE8F88FAA
:107F7000236A0BB10722DA600025F6E7236A0BB10A
:107F80000522DA600025F0E73A460021404601F07C
:107F900063FCB9F1000F09D188F8006023686360C1
:107FA0005B442360A368013BA360DEE721684A4687
:107FB00001314046FFF78FFFF0E738B505460C4624
:107FC0001146FFF76EFF00B938BD0422A1182846FC
:107FD000FFF7A1FF0028F7D02B682360F4E738B53E
:107FE00004460D46FFF7E9FF28B16A68E368216897
:107FF0005B1A9A4200D838BD08212046FFF762FF7D
:108000000020F8E738B504460D46FFF7E8FF18B141
:1080100023686A681344236038BD30B583B00446D2
:10802000FFF73FFF0346C0B12268127802F01F023B
:108030001F2A1BD16FF00F020192A26882B1216842
:10804000481C20606160013AA2601D4601992046EB
:10805000FFF71EFE0346A0B12575184603B030BDDC
:10806000236A0BB10322DA600023F6E704220DEB4A
:1080700002012046FFF74FFF03460028EDD0002500
:10808000E4E762682260A2680132A260E5E710B509
:108090000446037D3BB1FFF72CFF48B10023237555
:1080A0004FF0FF3200E0002207212046FFF720FEBC
:1080B00010BD70B504460D4616460021FFF7F1FECF
:1080C00000B970BD324629462046FFF724FFF8E785
:1080D00008B50422FFF7EDFF08BD08B50422FFF73D
:1080E000E8FF08BD08B50222FFF78CFF08BD08B500
:1080F0000322FFF787FF08BD38B504460521FFF7C7
:108100008CFF40B1257D35B9A3686FF000429342E2
:1081100002D25B00A36038BD05212046FFF7D2FEE6
:108120002846F8E7037D1BB9836853B100207047E8
:108130000368C268934206D21B78FF2B05D000204B
:10814000704701207047002070470120704708B534
:10815000FFF79DFF08BD38B504460D460721FFF720
:10816000A0FE50B123681B7803F01F03182B05D91C
:10817000236A0BB10A22DA60002038BD01222946A9
:108180002046FFF7C8FEF8E730B583B005460C4639
:108190000DF10701FFF7DFFF58B19DF80730143BE1
:1081A000DBB28DF80730012B05D8003B18BF012347
:1081B000237003B030BD0A212846FFF783FE00205C
:1081C000F7E738B504460D460621FFF76AFE00B909
:1081D00038BD042229462046FFF79DFE0028F7D02F
:1081E000A3680133A360F3E72DE9F0438DB00546A2
:1081F000FFF74BFE064618B930460DB0BDE8F083D8
:108200002B681B785C0903F01F0C00220023CDE9CA
:108210000A23AE460DF1040805F120094746DEF8B1
:108220000000DEF80410DEF80820DEF80C300FC77E
:108230000EF1100EB846CE45F0D1DEF800003860E1
:10824000062C13D1694601A8FFF7BBFF60B1019B63
:10825000049A934204D21B785C0903F01F0CEFE7E9
:108260002B6A0BB10822DA600026C5E7BCF11F0FAC
:108270001AD000231F46FBB1042C33D025D8023C72
:10828000E4B2012C0AD8019A049B9B1AD9170A98C8
:1082900083420B9B99413ED302440192019B2B6088
:1082A000AB68013BAB60A7E7231FDBB2012B01D911
:1082B0000023DFE70123DDE708220AA901A8FFF771
:1082C0002AFE0028D8D1064696E7052CE6D10A9B5F
:1082D0000B9AB3F1004F72F1000122D2DB18524128
:1082E0000A930B923FB1019B013301936FF00F0290
:1082F0000023CDE90A230A9B03938DF8187001A887
:10830000FFF710FF98B9002101A8FFF76DFF0028C3
:10831000F5D1064670E72B6A0BB10822DA60002619
:108320006AE72B6A0BB10522DA60002664E7002FAA
:10833000B4D001A8FFF7DDFD0028AFD106465BE70A
:1083400010B584B0089C0294079C0194069C00948C
:10835000FFF73CFD04B010BD0238062805D8DFE861
:1083600000F01206080A0C0E1000002070470220D0
:108370007047022070470320704703207047032096
:108380007047032070470120704738B108B5FFF7E8
:10839000E3FF00F11801C9B2084608BD084670475E
:1083A00010B40368C468A3420AD25C1C046002F0E3
:1083B0001F0242EA4111197001205DF8044B704719
:1083C000036A0BB10822DA600020F6E7F8B505462B
:1083D00016461C460368621C1344C268934205D9C2
:1083E000036A0BB10822DA600020F8BD0F4631782D
:1083F0002046FFF7CAFF024639462846FFF7D0FF5E
:108400000028F2D02B685A1E2A602B6005E0013C40
:108410002B685A1C2A60325D1A70002CF7D1AB68A9
:108420000133AB60E1E708B511461F22FFF7B8FF43
:1084300008BD08B51F220721FFF7B2FF08BD70B5C0
:1084400005460E46144619461046E4F759F8431EF1
:10845000224631462846FFF7B9FF70BD70B5054684
:108460000C4616460B6853B104216018E4F748F82F
:10847000636818442B681844EB68984206D80423B4
:10848000E21831462846FFF7DAFF70BD2B6A0BB1C0
:108490000822DA600020F8E770B504460D4601684E
:1084A000C368994209D268685B1A98420CD9236A5A
:1084B0000BB10822DA60002604E0036A0BB108223F
:1084C000DA600026304670BD29462046FFF7C6FF19
:1084D00006460028F6D020682968884202D06A68DB
:1084E00001F0A0F923686A6813442360EAE7082AC8
:1084F0000ED810B582B00C4613468A1812F9012C1A
:10850000002A1BDB00212246FFF799FF02B010BDB5
:10851000036A0BB10522DA600020704714F80CE002
:108520006FEA0E0E0CF108026A4402F808EC0CF136
:10853000010C9C45F2D36C460121E4E74FF0000C9E
:10854000F7E708B513460A460021FFF778FF08BD94
:1085500000B583B0019104220DEB0201FFF7C7FFC4
:1085600003B05DF804FB00B583B0019104220DEB6C
:108570000201FFF7E6FF03B05DF804FB00B583B02E
:10858000019104220DEB0201FFF7DBFF03B05DF860
:1085900004FB08B50222FFF77FFF08BD08B50322E0
:1085A000FFF77AFF08BD00B583B0009101926946DC
:1085B000FFF7F4FF03B05DF804FB38B505460C4641
:1085C00011462046FFF747FC024621462846FFF7A2
:1085D000EAFF38BD08B50422FFF725FF08BD08B53E
:1085E0000522FFF720FF08BD08B50422FFF721FF91
:1085F00008BD08B50522FFF71CFF08BD00B583B014
:108600008DF8071001230DF107020721FFF717FF6F
:1086100003B05DF804FB08B519B11521FFF7EEFFB3
:1086200008BD1421FAE710B584B000240294019427
:10863000069C0094FFF7CAFB04B010BD00B9704758
:1086400008B5E8F757F908BD60B1C3685A7812F069
:10865000010F03D01B781BB100207047002070472A
:108660000120704700207047EFF31183402383F30C
:108670001288BFF36F8FFEE710B5446803688BB1B3
:108680002046984730B100280ADBFF2800DDFF2094
:10869000E3681870E268537843F00103537010BD2B
:1086A0004042F2E70020F5E708B501F0D5F808BD33
:1086B00008B501F0A9F808BD10B500F10C04C460BC
:1086C0000461F8F7A0F810BD2DE9F04F89B0064617
:1086D0008A469146129D139C2A46234606A800F01E
:1086E00053FEDDE90623CDE9022306F1140BEFF377
:1086F0001181402383F31288BFF36F8F4FF000087E
:108700004746CDF814B08B4615E0DDE9022306A8F4
:1087100000F070FE069D079C0095019406F10C0286
:1087200059460598F5F73CF9EFF3118B402383F395
:108730001288BFF36F8F77B94A4651463046F7F734
:10874000D7FF074638B9254305D0B8F1000FDCD173
:108750004FF00108D9E78BF31188BFF36F8F3846CC
:1087600009B0BDE8F08F70B5044600F11406EFF3D0
:108770001185402383F31288BFF36F8FF7F768FFEB
:1087800004F10C0000F037FD20B985F31188BFF328
:108790006F8F70BD29463046F5F77AF9F9E74269DF
:1087A00083681A4312F003020DD10021C16005E075
:1087B000C1681960C36041690B440132016991428B
:1087C000F6D8002070476FF015007047F8B50446E2
:1087D0000D46EFF31186402383F31288BFF36F8FAA
:1087E000C36853B1E3682B60E560A369013BA361F3
:1087F00086F31188BFF36F8FF8BD00F1080700F012
:10880000A0FC0028EED00022C0F8B020456100F0A6
:10881000EDFB31463846F5F73BF9EDE708B5EFF3E8
:108820001183402383F31288BFF36F8FF9F7D6FAD1
:10883000F5E700BF7047884200DA014611F17F0F6B
:1088400001DB084670476FF07E00704708B580680E
:1088500090F90E308B4201D1002008BDF5F7BCF82D
:10886000FBE70B6803F003030B60426832B1136847
:1088700003F003030B4313604160704741600160E4
:10888000704708B591B18C460B6823F00301032BA8
:1088900018D9136803F003030B431360DCF80030AE
:1088A00003F003031343CCF8003008BD01681368DC
:1088B00003F003030B43136002604368002BF4D101
:1088C0004260F2E71146FFF7CCFFEEE708B5002261
:1088D000C0F8B020416100F089FB08BD2DE9F843E4
:1088E00004460E4615461F469DF8203000F1080844
:1088F000EFF31189402282F31288BFF36F8F03B127
:108900004668404600F01DFC98B9DFB900232B6093
:108910002A4631462046FFF7B4FF042104F1100037
:1089200000F04AFF49464046F5F7B2F80020BDE89E
:10893000F8832946FFF7CAFF49464046F5F7A8F8ED
:108940000020F4E708210020F5F73CFD20B1456048
:10895000012202600546DBE789F31188BFF36F8FC0
:108960006FF00B00E3E760B1036813F0030F08D06A
:1089700010B5446809B9204610BD00F03CFF204600
:10898000FAE7704700230360436000F10803836047
:10899000C36000F1100303614361704700B583B009
:1089A0000A460123009300231946FFF797FF03B0FF
:1089B0005DF804FB00B583B00A46002100910B4628
:1089C000FFF78CFF03B05DF804FB08B500210068D9
:1089D000FFF7C9FF08BD5AB18A420CD38160C2605B
:1089E0000060406000F110030361436100207047A4
:1089F0006FF0150070476FF0150070470B4621B1FE
:108A0000096851B111601A60704703681360026011
:108A10004368002BF8D1426070470023136043681D
:108A200013B11A60426070474260026070470B46A3
:108A300039B11168196041688A4209D00023136076
:108A400070471368036041688A42F7D14360F5E7D5
:108A50004360F3E708B50A460368002101E01946C0
:108A60001B682BB19342FAD1FFF7E1FF012000E030
:108A7000002008BD704708B5CB6823F00402CA6027
:108A800013F0040F00D108BDF830FFF7E3FFFAE759
:108A900010B50446C36813F0020F09D0E36813F061
:108AA0001F0004D043F00202E26040F0020010BD5B
:108AB00001468068FFF7DFFFF0E738B108B5002214
:108AC000114600F5807000F0D0FB08BD0020704713
:108AD00070B50D46C36813F0020F22D1044613F09F
:108AE000040F23D10B68ABB1E36813F0010F14D06E
:108AF000A3682B60022621462868F4F7E7FB0028CC
:108B000011DBE36843F00403E3602B68A36036B134
:108B100030460AE083680B60E6E70126EBE7304663
:108B200001E06FF00F0000232B6070BD0020FAE71A
:108B300010B582B00346EFF31184402282F312880D
:108B4000BFF36F8F0022019250F8042C22F008012D
:108B500040F8041C12F0080F05D184F31188BFF30C
:108B60006F8F02B010BD10389B69019301A9FFF708
:108B7000AFFFF2E708B5EFF31180402383F31288CB
:108B8000BFF36F8FF4F7B8FF08BD10B50246C46895
:108B900014F0020FC4F3400401D1204610BD084672
:108BA0001146F4F7D1FBF8E708B5C36823F01003CA
:108BB000C3601030F4F7FAFA08BD08B5C36823F0B3
:108BC0000802C26013F0080F01D1002008BD103068
:108BD00000F0B5FBB0FA80F04009F7E710B50446A5
:108BE000FFF7EBFF2046FFF753FF10BD00230360A4
:108BF00043608360C36041607047F8B506460D4628
:108C00001746D0F8F8304BB1AB4215D01C461B6864
:108C1000002BF8D0002CF6D12346F4E70024384688
:108C2000F4F770FC54B9D6F8F8303B60C6F8F87029
:108C3000D6F8FC304BB1F8BD0124F0E73A4629469E
:108C400006F1F800FFF7DAFEF5E7C6F8FC70F2E788
:108C500038B5C36803F00503002B14BF01240024BA
:108C600001D1204638BD85680A4601462846FFF7EF
:108C7000C4FF2846FFF721FFF3E7EFF311834022FB
:108C800082F31288BFF36F8FC06800F01F0083F378
:108C90001188BFF36F8F704710B582B001900846FE
:108CA000EFF31184402383F31288BFF36F8F01A980
:108CB000FFF70EFF84F31188BFF36F8F02B010BD72
:108CC00010B5FFF7E9FF041E01DC204610BDFFF7D9
:108CD00051FFFAE770B50D46EFF31186402383F399
:108CE0001288BFF36F8FFFF7B3FF044686F3118836
:108CF000BFF36F8F08B9204670BD05F110004FF02B
:108D0000FF324FF0FF33F4F779FAF4E710B5EFF3E1
:108D10001184402383F31288BFF36F8FFFF7B8FEEF
:108D200084F31188BFF36F8F10BD08B54FF48C72B8
:108D3000002100F091FD08BD38B504460D463022F3
:108D4000002100F089FD65604FF48073E36038BD59
:108D5000EFF31183402282F31288BFF36F8FC06854
:108D600000F01F0083F31188BFF36F8F704710B5B9
:108D700082B00190EFF31184402080F31288BFF39A
:108D80006F8FC86810F01E0F06D0002084F3118882
:108D9000BFF36F8F02B010BD01A8F4F799FBF5E7A0
:108DA000F0B583B001900C4616461D46EFF31187CF
:108DB000402383F31288BFF36F8F0846FFF7FDFE51
:108DC00032462B46214601A8F4F782FB87F311882F
:108DD000BFF36F8F03B0F0BD10B5EFF311844023E4
:108DE00083F31288BFF36F8FFFF7F8FE84F31188C7
:108DF000BFF36F8F10BDF8B50D46EFF31187402319
:108E000083F31288BFF36F8FC36803F01F03002B37
:108E100014BF0126002607D1002087F31188BFF375
:108E20006F8F48B93046F8BD0446FFF7D7FE294694
:108E30002046FFF7AAFEF0E705F108004FF0FF32E9
:108E40004FF0FF33F4F7DAF9ECE7EFF30580003881
:108E500018BF01207047F8B50546D31D23F007035E
:108E6000BF3323F07F0301F14007A3F140063F2BFE
:108E700007D8002282F31188BFF36F8F04221046B7
:108E800002DFCC1821462846E6F7F4FD073020F033
:108E90000700C5F89870C5F89C60C5F8A000201AB6
:108EA000F8BD7830704708B5F4F708FE08BD10B477
:108EB00000248460037342738173C4738461C4614A
:108EC0005DF8044B7047F0B587B00446129E139DC1
:108ED00000270597109F04970F9F03970E9F0297F7
:108EE0000D9F01970C9F0097F4F756FBB5F1FF3FDC
:108EF00008BFB6F1FF3F02D1204607B0F0BD3246B1
:108F00002B462046F4F73AFBF6E70020704742680C
:108F1000036813605A60002303604360427B22F0C1
:108F2000020242738360704708B5E7F76BF908BD2A
:108F300090F90E3091F90E00834201D0C01A7047AB
:108F40000020704770B506463468A64216D0ACB112
:108F50006268236813605A60002525606560637B42
:108F600023F002036373A56004F1180000F0E7F931
:108F7000C4F8B0502046F4F7C3FBE5E770BD70B508
:108F800005460E46F4F790FB6B7B43F002036B73D0
:108F9000FEB1AE603468A64208D1002406E06368E2
:108FA0006B602C601D60656013E0002464B1214695
:108FB0002846FFF7BDFF0028F1DC002CF6D07368CF
:108FC0009C42F2D02468F1E773682E606B601D60EC
:108FD000756070BD70B5044616461D46FFF7CFFF9D
:108FE00032462B462046F4F77BFB70BD38B504466D
:108FF0000023EFF31185402282F31288BFF36F8FB5
:1090000004E085F31188BFF36F8F012343B9204635
:10901000FFF77BFF0028F4D12046F4F771FBF0E75F
:1090200038BD10B50446183000F089F9EFF311810E
:10903000402383F31288BFF36F8F637B13F0100F0D
:1090400004D081F31188BFF36F8F10BD002220463A
:10905000F4F724FCF9E738B504460023EFF3118553
:10906000402282F31288BFF36F8F04E085F31188EA
:10907000BFF36F8F012333B9A368002BF6D02046CE
:10908000FFF745FFF2E738BD70B504460E460023F2
:10909000EFF31185402282F31288BFF36F8F07E050
:1090A0002046F4F72DFB85F31188BFF36F8F012362
:1090B000DBB9637B13F0280FF5D1A3685BB162685D
:1090C000236813605A60002323606360627B22F090
:1090D00002026273A360637B23F004026273002EBA
:1090E000DED023F014036373DAE770BD08B5012105
:1090F0001838FFF7C9FF08BD01460023EFF3118CB4
:10910000402282F31288BFF36F8F184605E00020DB
:109110008CF31188BFF36F8F01238BB908688142EC
:10912000F5D00028F4D04268036813605A60002329
:1091300003604360427B22F0020242738360E7E7F0
:10914000704770B505460023EFF31186402282F385
:109150001288BFF36F8F1C4605E0002486F3118848
:10916000BFF36F8F0123ABB92C68A542F5D0002C5B
:10917000F4D06268236813605A6000232360636040
:10918000627B22F002026273A36004F1180000F017
:10919000D6F8E3E7204670BD08B50023EFF3118150
:1091A000402282F31288BFF36F8F04E081F31188AD
:1091B000BFF36F8F01237BB98368002BF6D0426821
:1091C000036813605A60002303604360427B22F00F
:1091D000020242738360E9E7183000F0B0F808BD7E
:1091E00008B5EFF31180402383F31288BFF36F8F2C
:1091F000F4F782FC08BD38B5054600202C68A5426E
:1092000008D03CB12046FFF7C7FF2046FFF7EEFE2F
:109210000120F3E738BD031D43608360704708B544
:10922000EFF31181402383F31288BFF36F8F037B29
:1092300013F0010F08D1437B13F0080F11D081F315
:109240001188BFF36F8F0BE081F31188BFF36F8F2D
:10925000002383F31188BFF36F8F0423184602DFC6
:1092600008BD0122F4F71AFBFAE72DE9F0410546A3
:10927000884617460023EFF31186402282F31288B6
:10928000BFF36F8F184604E086F31188BFF36F8F2A
:109290000123F3B92C68A542F6D0002CF4D0C4F811
:1092A000B08067616268236813605A60002323609E
:1092B000636094F80DC02CF0020C84F80DC0A3601C
:1092C00004F1180000F03BF82046F4F719FA0120E9
:1092D000DAE7BDE8F08110B50446F4F713FE48B1B3
:1092E00002460369416920691B18606941EB00016E
:1092F000136151616268236813605A600023236020
:10930000636010BD10B5F4F7F3FD0446F4F706FEF4
:109310007CB1236962691B1A62EBE072B3F1004F02
:1093200072F1000108DA002A01DB184610BD0023A3
:10933000FBE76FF00040F9E76FF00040F6E770B52B
:1093400004460023EFF31186402282F31288BFF314
:109350006F8F6FF0150004E086F31188BFF36F8FF5
:1093600001231D463BB92368002BF5D02046FFF7AB
:10937000B2FF2846F0E770BD08B5F4F7C3FE08BD9C
:1093800008B5F4F7BFFE08BD70B50646B3F1FF3F60
:1093900008BFB2F1FF3F09D015461C4653EA02014F
:1093A0000CD100220023C0E9002305E04FF0FF327A
:1093B0004FF0FF33C0E90023304670BD6FF001016C
:1093C000891A4FF0FF3262EB0303002B02DB0160CE
:1093D0004360F1E7F4F796FE2B462246012D74F127
:1093E000000401DA01230022C01841EB02013060C1
:1093F0007160E1E7F8B50546B3F1FF3F08BFB2F190
:10940000FF3F0AD014461F4657EA02030CD1002240
:109410000023C0E900232846F8BD4FF0FF324FF08B
:10942000FF33C0E90023F6E7F4F76CFE03460A4673
:10943000A042B94105D2E61A67EB02022E606A60CB
:10944000E9E700263246F9E708B5EFF3118040233B
:1094500083F31288BFF36F8FF4F74EFB08BD0162F0
:1094600042620023036300F118028261C26103605B
:1094700043604363704710B50446FFF760FF60B96F
:10948000636A0BB12046984704F11800FFF734FED9
:1094900018B1FFF7ABFDFFF7D7FF10BD437B03F01B
:1094A0003F03013B072B26D8DFE803F01404250D0A
:1094B0002525251C03699B680BB9002070470223F2
:1094C0000B600120704703691B68B3B104230B6074
:1094D0000120704703699B680BB900207047012089
:1094E0000860704703691B6A0BB90020704710239E
:1094F0000B6001207047002070470020704708B1C2
:1095000060387047704700238360437B03F03F035C
:10951000082B0ED84FF48B7222FA03F313F0010FCD
:1095200007D003682BB1426813605A6000230360C0
:109530004360704770B50646144611E005EB8500A0
:1095400006EB8000FFF7DFFF84F31188BFF36F8F16
:10955000EFF31184402383F31288BFF36F8F294602
:109560004D1E0029EAD170BD2DE9F04105460E4699
:109570000368984215D01446436893B19868FFF782
:10958000BEFF80462046FFF7BAFF07460146404629
:10959000FFF7CEFC002804DC2C68A5420FD1002484
:1095A0000DE06B68356073601E606E60BDE8F08131
:1095B0006368736034601E606660F7E700249CB1E6
:1095C000A068FFF79CFF01463846FFF7B1FC002872
:1095D000EEDC22466B689C42F0D02468002CEED072
:1095E000002AECD11446EAE76B68356073601E60B0
:1095F0006E60DBE738B504460D46437B03F03F035E
:10960000013B072B0BD8DFE803F013040A0C0A0A0E
:109610000A1900690A4621461030FFF7A5FFA56028
:1096200038BD00690A4621461030FFF79DFFF6E776
:109630000A4601460069FFF797FFF0E700690A460E
:1096400021462430FFF790FFE9E72DE9F04F83B082
:1096500080460F4691469A460025AB460AE0BAF18D
:10966000000F02D199F8003023BB86F31188BFF3B5
:109670006F8F0135BD4224DAEFF31186402383F367
:109680001288BFF36F8F05EB850408EB840401A9F2
:109690002046FFF703FF0028E1D00021A160E36826
:1096A000C3F386320198024362F39433E36089F88E
:1096B0000010DAE749462046FFF79CFF0BF1010B4B
:1096C000D3E7584603B0BDE8F08F38B50D46806843
:1096D000FFF715FF437B13F0020F01D1002038BDC7
:1096E0000446FFF759FD082D0AD00023C4F8B03016
:1096F000637B13F01F0F08D1A36923B1002305E09A
:109700006FF00303F2E7012300E00023002BE5D014
:109710002046FFF76BFCE1E770B58468237873B1EE
:1097200054F8045C5DB1A4F1140604F11400FFF7D1
:1097300006FE0023E36231462846FFF7ADFA00201B
:1097400070BD70B504460D468668D6B17378012B9E
:109750000DD0022B12D0002030700023A360E368EC
:10976000C3F386322A4362F39433E36070BDFFF79C
:10977000ACFF002333709842EFDAF7E7FFF7CCFF36
:10978000F7E70020E9E710B40024846090F80DC0EA
:1097900061F3050C80F80DC0C16864F39431C160B9
:1097A000817B62F345118173C28964F38F12C28198
:1097B00003615DF8044B704710B50346EFF3118465
:1097C000402282F31288BFF36F8F0068834208D073
:1097D0004268036813605A60002303604360FFF728
:1097E000B0FF84F31188BFF36F8F10BD006040603D
:1097F00000238360704730B108B5011F50F8040C96
:10980000FEF7B1FF08BD70470A44914200F1FF33F3
:1098100000D1704710B511F8014B03F8014F914288
:10982000F9D110BD884210B501EB020402D984427F
:10983000234607D8431EA14208D011F8012B03F894
:10984000012FF8E7024401468A4200D110BD13F807
:10985000014D02F8014DF7E702440346934200D15F
:10986000704703F8011BF9E710B501390244904233
:1098700001D1002005E0037811F8014FA34201D087
:10988000181B10BD0130F2E710B50139044632B1A2
:1098900011F8013F00F8013B013A002BF7D10021FC
:1098A000FFF7DAFF204610BD2DE9F047C3F1370975
:1098B000074688465FFA89F903F01F0516464FF000
:1098C000000A384641462A465346D3F719F9D4B21E
:1098D000092C88BF4C443A46434688BFE4B2AA42AA
:1098E00004F1300473EB0A0306F8014B074688467F
:1098F000E7D23046BDE8F0872DE9F04F89B0061871
:10990000994604AB41EB0104009315463046D2E979
:1099100000232146DDF84CB000F0ABF806AB009315
:10992000D5E90223074688463046214600F0A1F8D3
:10993000DDE90463841951EB0306069BD5E90001B8
:109940004FF0000228BF0122D218079B43F1000309
:10995000381848EB0101B84271EB0801E96803913E
:10996000A96834BF0120002014EB010C039946EBD9
:10997000010110EB0C0041F10001A04271EB060C5B
:1099800034BF4FF0010C4FF0000CCDE90623A9F1D4
:10999000410A1CEB020243F10003CDF800A000F0E5
:1099A00083F8129BC3E90001149B012BDDE9062318
:1099B00029D1D5E90201D5E900C5201A66EB0101DC
:1099C000674578EB050534BF01250025401B61F193
:1099D0000001844276EB010534BF01250025521BAE
:1099E000CDF800A063F1000300F05EF8DDE9062386
:1099F000CBE90001CDF800A02046314600F054F834
:109A000009B0BDE8F08F17EB070E48EB080C2019E2
:109A100046EB0601BE457CEB080834BF0127002752
:109A2000C71941F10008D5E9000186457CEB010C1E
:109A3000D5E9021534BF01200020381A68F1000C66
:109A4000401A6CEB050192185B41A74278EB0605C2
:109A500034BF01250025521943F10003874278EBFA
:109A6000010834BF01250025521BA9F140050095CE
:109A7000B8E7F0B50F460446A0FB0201A7FB02526F
:109A80004919A3FB044542F10002A7FB03736118C7
:109A900045F10004D219059E43F10003121943F168
:109AA0000003C6E90023F0BDF0B5059CC4F14007F2
:109AB000C4F1200602FA06F6A4F12005BB4022FA02
:109AC00005F53343C4F120062B4301FA06F6A4F151
:109AD0002005E04021FA05F53043BA402843E14033
:109AE00010431943F0BD2DE9F04F55EC104BA4463F
:109AF000C5F30A54034644EA0C0708462946C5F351
:109B00001305302657EA05085E71E146AE4673D16B
:109B10000024A1421C716DDA01211971A0424FF09D
:109B200000041ADA204603F112060D25C2F157028D
:109B30004FF0300C07F00F013F0947EA0E774FEA6C
:109B40002E1E002940F08680A84201DB86F800C066
:109B5000013D06F1FF36EDD175E00C2867DCC0F160
:109B60000D018900012601F1FF3EA1F12108C1F19B
:109B7000210726FA07F706FA08F806FA0EF648EA69
:109B8000070816EB060A48EB080BDAF100076BEB47
:109B90004B0E1AF1FF3A4BF1FF3B0AEA0C0A0BEAB3
:109BA000050B564578EB0B0B10DBC1F1200BB1F127
:109BB000200A05FA0BFB2CFA01F141EA0B015CBF0C
:109BC00045FA0AFA41EA0A01C90724D51CEB060C3A
:109BD00045EB0805B5F5801FE1461CDB5979B4F566
:109BE000806F01F10101597127D007EA0C070EEAD5
:109BF000050E98E7002892E75CB13126C90F0028CE
:109C0000A4F2FF345E7119710FDB0C28A7DD0D2063
:109C100005E00124F2E707EA09090EEA0505B4F5B3
:109C2000806F06D04F46AE467DE70020F7E70D2057
:109C300079E759EA05051A7908D01A7942F008023D
:109C40001A714FF480641C60BDE8F08F42F004028A
:109C50001A71F8E70929D4BF30318918A842317048
:109C6000B8BF284674E7D1E9043293421EBF5A1C9C
:109C70000A611870704700000148006870470000D2
:109C8000DC380020C8EAFD7F01000000DD0802008A
:109C900000000000019502004C9D0300877C03003A
:109CA0000000000011CF02000000000035CF0200CC
:109CB00000000000419D0200609D03001F6C030036
:109CC00000000000656C030000000000FD5C030064
:109CD000889D0300D1970200749D0300A9A402008F
:109CE00000000000991F02000000000009E80100C8
:109CF00000000000B908020000000000E1B6020008
:109D00000000000095D2020000000000FD9102005A
:109D10009C9D0300599A0200B09D03004561030019
:109D2000C49D0300C5200200000000008DB00200A9
:109D300000000000B36C0300D89D03000D09020071
:109D4000000000000919020000000000ACDF030061
:109D5000DCDF0300F4DF03008B080020C43D00209B
:109D6000E4E00300F4E003000CE1030093080020AA
:109D70008C3E002010E003000000000020E0030003
:109D80008D080020183E002028E00300000000009D
:109D900038E003008F0800200000000074DF03009B
:109DA0000000000094DF030089080020000000008C
:109DB000A0E0030000000000C8E0030091080020BC
:109DC0000000000034E1030054E1030090E10300CF
:109DD00095080020DC07002048E703000000000091
:109DE00068E7030097080020FC4000207F6C030018
:109DF000A571030000000000A71D03000000000083
:109E0000A71D030069C70200A57103000000000040
:109E1000A71D030000000000A71D0300D5C202001B
:109E2000A57103009C9D03003D920200000000000C
:109E3000A71D030000000000A71D03000000000094
:109E4000A71D030000000000A71D03000000000084
:109E5000A71D0300183E00203597020000000000F7
:109E6000A71D030000000000A71D03000000000064
:109E7000A71D030000000000C1A5020000000000B3
:109E8000A71D030000000000A71D03000000000044
:109E9000A71D030000000000A71D03000000000034
:109EA000A71D030000000000A71D03000000000024
:109EB000A71D03000000000031B7020000000000F1
:109EC000A71D030000000000A71D03000000000004
:109ED000A71D030000000000A71D030000000000F4
:109EE000A71D030000000000A71D030000000000E4
:109EF000A71D030000000000A71D030000000000D4
:109F0000A71D030000000000A71D030000000000C3
:109F1000A71D030000000000A71D030000000000B3
:109F2000A71D030005000000E55E02000000000020
:109F300006000000758C0200000000000400000014
:109F40004564020000000000072903003D1A0200DA
:109F50000000000000000000000000000000000001
:109F600000000000F4DB030008000000C4DC030074
:109F70000700000094AE03001A000000D4BA0300EA
:109F800003000000F0B503000300000084DF0300BD
:109F90000300000030B703000300000098CF030067
:109FA0000300000060D103000300000068D9030033
:109FB00003000000C0D4030003000000F0C503004C
:109FC00003000000ECDB0300030000008CCE030064
:109FD00003000000B4D00300030000005CD60300BF
:109FE000030000006CE6030003000000D0E603005D
:109FF0000300000040E6030003000000CCDD030086
:10A0000003000000DCB7030003000000CCDF030006
:10A0100003000000BCE003000300000038E7030079
:10A020000300000030E103000300000044E10300EE
:10A0300003000000F0E403000300000048B8030040
:10A04000030000004CB8030003000000B4A90300A3
:10A0500003000000F0E303000300000068E80300D1
:10A06000030000000CC4030003000000A0C40300B0
:10A0700003000000CCC4030003000000FCE6030062
:10A080000300000064C1030003000000E0DD0300E2
:10A0900003000000E8DD0300030000008CE903007A
:10A0A0000300000068B4030003000000E4C10300E3
:10A0B0000300000058E70300030000005CB2030047
:10A0C000030000007CB90300983800206CB903003D
:10A0D00001000000040000000F000000010000006B
:10A0E0000800000028000000640000007400000068
:10A0F0000D0000000C0000000E00000050000000E9
:10A1000078000000AC00000008000000FFFFFFFF27
:10A1100049000000FFFFFFFF4D130200711702000E
:10A12000111F0200FFFFFFFFFFFFFFFFFFFFFFFF09
:10A13000FB00904200000000070000002003000028
:10A1400021030000000000000000000000000001EA
:10A1500000000002000000040000000800000010E1
:10A160000000002000000040000000800000001BF4
:10A17000000000360600090000002A001800280030
:10A1800000002A0080CD030088CD03008CCD0300A1
:10A1900090CD030094CD030098CD03009CCD030027
:10A1A000A0CD0300A4CD0300A8CD0300ACCD0300D7
:10A1B000B0CD0300B4CD0300B8CD030018002800D3
:10A1C00000002A000000000090E9030000010000E8
:10A1D000F401FA00960064004B0032001E001400E7
:10A1E0000A0005000200010000000000141E00002B
:10A1F0003011000001000100000101000001000118
:10A20000000001000100000001000B0002000A0034
:10A21000050009000A000800140007001E000600DF
:10A22000320005004B0004006400030096000200A9
:10A23000FA000100F40100000C0802170D010102F0
:10A24000090901010602091818030101090903039C
:10A2500005030201230202240910040405050B0B67
:10A26000040B2B1B1B151A1A1C021D161305014982
:10A270000D150500A301B103BF05EF024906A309AF
:10A28000C505F50B25120E021C045A03B406300650
:10A29000600C0000010000001011004000000000F0
:10A2A0000000000000000000000000000406080A92
:10A2B0000C0E10121416181C1E20222426282A2CDC
:10A2C0002E30323436383A3C3E40424446484A4CBE
:10A2D0004E021A5000000000280000001800000084
:10A2E00000000000141E00003011000000002CA629
:10A2F000E0A100000000000070170000A00F0000A7
:10A300000000DC05E803000000000000141E00004F
:10A3100030110000D8ECF0F4F8FC0002030405064C
:10A32000070800000000000000000000000000001E
:10A33000000000000000010101010202020203030B
:10A3400003030404040405050505060606080900C0
:10A3500000000000000000000000000000000000FD
:10A3600000000001010101020202020303030304D1
:10A370000404040505050506060708090A0B0C0D6B
:10A3800007090902030700100200FA00000000009C
:10A39000CDC40100D9C40100DDC40100E5C4010041
:10A3A000E9C40100000000000000000000000000FF
:10A3B0000338FDD8704700000100000000000000D5
:10A3C000050000000000000019000000000000006F
:10A3D0007D0000000000000071020000000000008D
:10A3E000350C000000000000093D000000000000E6
:10A3F0002D31010000000000E1F505000000000023
:10A4000065CD1D0000000000F9029500000000006D
:10A41000DD0EE90200000000514A8D0E0000000030
:10A420009573C24800000000E941CC6B01000000B8
:10A430008D49FD1A07000000C16FF286230000005D
:10A44000C52EBCA2B1000000D9E9AC2D78030000F4
:10A450003D9160E45811000031D6E275BC56000011
:10A46000F52E6E4DAEB10100C9EA2683677808006B
:10A47000ED95C28F055A2A00A1EDCCCE1BC2D300A8
:10A4800025A4000A8BCA220400000000000000007E
:10A4900000000000000000100000000000000000AC
:10A4A000B9340332B7F4AD1410DB1AB30892540E6A
:10A4B0000D307D951447BA1A66088F4D26ADC66DCE
:10A4C000F598BF85E2B74511CA96853D92BD1DEB53
:10A4D000FCA11860DCEF52163C92AE220BB8C1B45E
:10A4E000839D2D5B0562DA1C304C7E8F4E8BB25BF8
:10A4F00016F4529F8B56A512FBD4827643ED8AF058
:10A500008FE7F9311565191850F19BD94A13EEB44C
:10A51000284CF0A686C1251F035FC270CB9E49164A
:10A52000E642889C44EB2014B0650836AD6EA585E4
:10A5300085F0CA14E2FD031A0B899979D5B13D095A
:10A54000D8DA973A35EBCF10AC363F5E73BB38CFD5
:10A550003E6752FA44AFBA15010000000000000047
:10A560000000000000000020345065C05FC9A65202
:10A57000BB13CBAEC440C21806C8DF7100D5A87C9F
:10A58000F56F0FDA58FC27136E4756357D2420658A
:10A5900002C7E768E48CA41DE9E60268D7CD3961FB
:10A5A0007977FCC2405BEF16798CDE43FFA751F947
:10A5B00091F3B278F5BDBE11E857E9D6E8BEE87B65
:10A5C000B054AC8F848D751BEA23A499E9F9D38B21
:10A5D000B7A3714061DA3E15CEE33ECB73F948086C
:10A5E0008C97B427D51B7010A2BFEFB9EB8532153D
:10A5F0004DB44DB49BBB6F1996B6076CF8E7EEAD42
:10A6000036D9B4F59135AE13222218AF4E6A684D93
:10A6100091DAAA3D4F40741E9FBD9EE006A1C098EE
:10A6200057C2A7FDA40E90170E7D497173E3208FCA
:10A63000B220D87605143B12853D7434811343B0A3
:10A64000AD297A5F27F4351C4661696C6564207416
:10A650006F2073657420505047204C454420504172
:10A6600020666F72204C4544202564004661696C69
:10A67000656420746F2064697361626C652050505A
:10A6800047204C454420504120666F72204C454481
:10A690002025640044657669636520737461746580
:10A6A000206368616E67656420746F202564000014
:10A6B0004661696C656420746F2066657463682008
:10A6C00074656D70657261747572652073616D700B
:10A6D0006C652077697468206572726F72202564DA
:10A6E000000000004661696C656420746F20676536
:10A6F000742074656D706572617475726520766121
:10A700006C75652077697468206572726F72202598
:10A710006400000054656D70657261747572653A0D
:10A720002025642E25303264204300004368727374
:10A7300074732070696E206973206E6F742061637A
:10A74000746976652C206465766963652069732079
:10A750006E6F74206368617267696E670000000045
:10A760004661696C656420746F20636F6E6669670B
:10A77000757265206368727374732070696E2069E6
:10A780006E746572727570740000000043687273B5
:10A7900074732070696E20697320616374697665D3
:10A7A0002C20646576696365206973206368617233
:10A7B00067696E6700000000302E31342E300000D3
:10A7C00054474D204170706C69636174696F6E20ED
:10A7D00025730A002A2A2A204241545445525920FE
:10A7E000504F57455220454E41424C4544204F4E14
:10A7F0002050302E3130202A2A2A0A004750494F53
:10A80000206973206E6F74207265616479000000A6
:10A81000626C655F696E697428292072657475724F
:10A820006E65642025640000626174746572795FEE
:10A83000696E697428292072657475726E6564206A
:10A8400025640000626174746572795F737461726B
:10A85000745F6D6561737572656D656E742829200E
:10A8600072657475726E6564202564004661696C5A
:10A87000656420746F20656E61626C652073656E1F
:10A88000736F7220706F7765720000007070675F81
:10A89000696E697428292072657475726E6564200A
:10A8A000256400006163635F696E69742829207202
:10A8B000657475726E656420256400004661696C7C
:10A8C000656420746F20636F6E66696775726520BA
:10A8D0006368727374732070696E00004661696CFE
:10A8E000656420746F206164642063616C6C6261D4
:10A8F000636B20746F206368727374732070696E69
:10A90000000000004661696C656420746F207374F8
:10A9100061727420746865205050472073656E73AF
:10A920006F722077697468206572726F7220256477
:10A93000000000004661696C656420746F207374C8
:10A940006172742074686520616363656C65726F01
:10A950006D657465722073656E736F7220776974AC
:10A9600068206572726F72202564000054656D70F6
:10A9700065726174757265206D6F6E69746F72694E
:10A980006E67207374617274656400003D3D3D2004
:10A99000494E495449414C495A4154494F4E20432C
:10A9A0004F4D504C455445203D3D3D00609D0300BA
:10A9B000050011006D61696E000000004D545520C6
:10A9C00065786368616E67652072657475726E651F
:10A9D000642077697468206572726F7220636F6497
:10A9E00065202564000000004D5455207375636593
:10A9F000737366756C6C792073657420746F202591
:10AA000064000000436F6E6E656374696F6E207042
:10AA10006172616D657465727320757064617465CF
:10AA2000643A20696E74657276616C20252E3266F8
:10AA3000206D732C206C6174656E63792025642011
:10AA4000696E74657276616C732C2074696D656FC4
:10AA50007574202564206D73000000007075626CB1
:10AA60006963000072616E646F6D000025303258BA
:10AA70003A253032583A253032583A253032583A51
:10AA8000253032583A2530325820282573290000C5
:10AA90007075626C69632D696400000072616E6498
:10AAA0006F6D2D69640000004D5455206578636812
:10AAB000616E6765206661696C65642028657272E5
:10AAC00020256429000000004D54552065786368F6
:10AAD000616E67652070656E64696E67202E2E2E2C
:10AAE0000000000044617461206C656E677468202A
:10AAF0007570646174652072657175657374206624
:10AB000061696C65643A20256400000044617461E9
:10AB1000206C656E6774682075706461746564206C
:10AB2000746F202564000000436F6E6E6563746966
:10AB30006F6E206572726F7220256400436F6E6EB7
:10AB4000656374656420746F20646576696365204D
:10AB5000776974682061646472657373202573007B
:10AB600062745F636F6E6E5F6765745F696E666F58
:10AB700028292072657475726E6564202564000052
:10AB8000436F6E6E656374696F6E20706172616D84
:10AB900065746572733A20696E74657276616C20B3
:10ABA000252E3266206D732C206C6174656E63797E
:10ABB00020256420696E74657276616C732C207434
:10ABC000696D656F7574202564206D730000000049
:10ABD000446973636F6E6E65637465642C2072657F
:10ABE00061736F6E202564005374617274696E67BF
:10ABF000206164766572746973696E672077697421
:10AC0000682064656661756C7420706172616D6541
:10AC10007465727300000000416476657274697334
:10AC2000696E67206661696C656420746F20737457
:10AC30006172742C206572723A2025640A0000004B
:10AC40004164766572746973696E672073746172AA
:10AC50007465640A00000000426C7565746F6F745F
:10AC60006820696E6974206661696C656420286576
:10AC70007272202564290A00426C7565746F6F74C6
:10AC80006820696E697469616C697A65640A00009C
:10AC90004F72616C61626C65000000000101000090
:10ACA000340500200908000090AC0300456E616285
:10ACB0006C6564206E6F74696669636174696F6E38
:10ACC0007320666F722064657669636520737461B2
:10ACD00074757300456E61626C6564206E6F746993
:10ACE0006669636174696F6E7320666F7220777234
:10ACF0006974652070706720726567206461746193
:10AD000000000000456E61626C6564206E6F7469BE
:10AD10006669636174696F6E7320666F7220726515
:10AD200061642070706720726567206461746100DF
:10AD3000456E61626C6564206E6F746966696361FB
:10AD400074696F6E7320666F722074656D70206415
:10AD500061746100456E61626C6564206E6F746938
:10AD60006669636174696F6E7320666F72206163D8
:10AD70006320646174610000456E61626C656420EB
:10AD80006E6F74696669636174696F6E7320666F54
:10AD9000722070706720646174610000456E6162AA
:10ADA0006C6564206E6F74696669636174696F6E47
:10ADB0007320666F722062617474657279206461B9
:10ADC0007461000052656164696E6720646576692C
:10ADD000636520737461747573000000526561646B
:10ADE000696E6720626174746572792076616C7532
:10ADF0006500000052656164696E672055554944DD
:10AE00002076616C7565000057726974696E672001
:10AE100050504720726567697374657200000000C6
:10AE200052656164696E672050504720726567699A
:10AE3000737465720000000052656164696E67207A
:10AE40006669726D776172652076657273696F6E7F
:10AE50000000000053656E64696E6720737461744E
:10AE600075733A206368617267696E673D25642C6B
:10AE700020776F726E3D25642C2073746174653D7C
:10AE800025642C20626174746572793D25642525E2
:10AE90000000000058B203001F5103000000000032
:10AEA00044B203000000010040B20300D55103008A
:10AEB00000000000200600200000010018B203007E
:10AEC00015D2010000000000501900200000010010
:10AED00014B20300D5510300000000001806002042
:10AEE00000000100ECB10300E1D20100000000000D
:10AEF0002806002000000100E8B10300D55103003E
:10AF0000000000001006002000000100C0B1030096
:10AF1000B1D10100000000003C460020000001000B
:10AF2000BCB1030057510300A1760200F8050020D0
:10AF300000000300B8B10300D55103000000000079
:10AF4000F00500200000010090B1030000000000A7
:10AF50000000000028370020000001008CB1030031
:10AF600057510300A1760200D8050020000003001D
:10AF700088B10300D551030000000000D005002077
:10AF80000000010060B103000000000000000000AC
:10AF90008C360020000001005CB103005751030013
:10AFA000A1760200B80500200000030058B103009C
:10AFB000D551030000000000B00500200000010092
:10AFC00030B10300000000000000000084360020C3
:10AFD000000001002CB1030057510300A1760200CC
:10AFE000980500200000030028B10300D55103009C
:10AFF00000000000900500200000010000B10300E7
:10B0000000000000A9D201000000000000000200C2
:10B01000FCB0030057510300A17602007805002020
:10B0200000000300F8B00300D55103000000000049
:10B030007005002000000100D0B0030000000000F7
:10B040006DD201000000000000000200CCB003003F
:10B0500057510300A17602005805002000000300AC
:10B06000C8B00300D55103000000000050050020C7
:10B0700000000100A0B003006DD10100000000003D
:10B0800080360020000001009CB0030057510300EF
:10B09000A17602003805002000000300000002290C
:10B0A000028EC4D40FEE1AAF94B246C49809F00FC2
:10B0B0003A000000028EC4D40FEE1AAF94B246C418
:10B0C0009809F00F3A000000000003280000022950
:10B0D000028EC4D40FEE1AAF94B246C49808F00F93
:10B0E0003A000000028EC4D40FEE1AAF94B246C4E8
:10B0F0009808F00F3A000000000003280000022921
:10B10000028EC4D40FEE1AAF94B246C49807F00F63
:10B110003A000000028EC4D40FEE1AAF94B246C4B7
:10B120009807F00F3A0000000000032800000229F1
:10B13000028EC4D40FEE1AAF94B246C49803F00F37
:10B140003A000000028EC4D40FEE1AAF94B246C487
:10B150009803F00F3A0000000000032800000229C5
:10B16000028EC4D40FEE1AAF94B246C49802F00F08
:10B170003A000000028EC4D40FEE1AAF94B246C457
:10B180009802F00F3A000000000003280000022996
:10B19000028EC4D40FEE1AAF94B246C49801F00FD9
:10B1A0003A000000028EC4D40FEE1AAF94B246C427
:10B1B0009801F00F3A000000000003280000022967
:10B1C000028EC4D40FEE1AAF94B246C49804F00FA6
:10B1D0003A000000028EC4D40FEE1AAF94B246C4F7
:10B1E0009804F00F3A00000000000328028EC4D437
:10B1F0000FEE1AAF94B246C49806F00F3A00000062
:10B20000028EC4D40FEE1AAF94B246C49806F00F63
:10B210003A00000000000328028EC4D40FEE1AAFDB
:10B2200094B246C49805F00F3A000000028EC4D4D0
:10B230000FEE1AAF94B246C49805F00F3A00000022
:10B2400000000328028EC4D40FEE1AAF94B246C495
:10B250009800F00F3A0000000000002874676D5F4E
:10B2600073657276696365004661696C6564207414
:10B270006F2072656164205050472073656E736F54
:10B280007220726567697374657220307825303278
:10B29000580000004661696C656420746F20777205
:10B2A000697465205050472073656E736F72207209
:10B2B00065676973746572203078253032580000F4
:10B2C0004661696C656420746F207265616420500A
:10B2D00050472073656E736F72207265676973746F
:10B2E000657220307825303258206166746572208E
:10B2F00077726974696E67004661696C6564207471
:10B300006F2073656E6420505047207265676973C3
:10B310007465722076616C7565206E6F74696669FC
:10B32000636174696F6E00004661696C65642074C6
:10B330006F20726561642050504720646174610021
:10B3400049324320646576696365206E6F742072AC
:10B350006561647920647572696E6720696E6974CD
:10B3600069616C697A6174696F6E206F66205050F4
:10B37000472073656E736F72000000004750494F9D
:10B3800020646576696365206E6F74207265616400
:10B390007920647572696E6720696E697469616C81
:10B3A000697A6174696F6E206F6620505047207310
:10B3B000656E736F720000004661696C656420748D
:10B3C0006F20636F6E666967757265205050472005
:10B3D00073656E736F7220696E742070696E206180
:10B3E0007320696E707574004661696C65642074C1
:10B3F0006F206164642063616C6C6261636B2074B4
:10B400006F205050472073656E736F7220696E74A1
:10B410002070696E000000004661696C65642074EC
:10B420006F20636F6E6669677572652050504720A4
:10B4300073656E736F7220696E742070696E206917
:10B440006E74657272757074000000004661696CFC
:10B45000656420746F2073746172742050504720AB
:10B4600073656E736F720000707067004661696C7F
:10B47000656420746F207265616420616363656C2C
:10B4800065726F6D6574657220646174610000009F
:10B4900049324320646576696365206E6F7420725B
:10B4A0006561647920647572696E6720696E69747C
:10B4B00069616C697A6174696F6E206F662061637F
:10B4C00063656C65726F6D657465722073656E730C
:10B4D0006F7200004750494F2064657669636520AC
:10B4E0006E6F7420726561647920647572696E672D
:10B4F00020696E697469616C697A6174696F6E2024
:10B500006F6620616363656C65726F6D65746572EB
:10B510002073656E736F72004661696C6564207498
:10B520006F20636F6E66696775726520616363651E
:10B530006C65726F6D657465722073656E736F7282
:10B5400020696E742070696E20617320696E707559
:10B55000740000004661696C656420746F2061644A
:10B56000642063616C6C6261636B20746F20616343
:10B5700063656C65726F6D657465722073656E735B
:10B580006F7220696E742070696E00004661696C8C
:10B59000656420746F20636F6E66696775726520DD
:10B5A000616363656C65726F6D6574657220736548
:10B5B0006E736F7220696E742070696E20696E748C
:10B5C00065727275707400004661696C6564207400
:10B5D0006F20737461727420616363656C65726F50
:10B5E0006D657465722073656E736F720000000084
:10B5F000616363004661696C656420746F20656EE9
:10B6000061626C65206261747465727920766F6C1A
:10B610007461676520646976696465722C2065725F
:10B62000722025640000000041444320726561647B
:10B63000206661696C65642C206572722025640047
:10B640004144432072617720746F206D696C6C698E
:10B65000766F6C7473206661696C65642C2065720A
:10B6600072202564000000004261747465727920C4
:10B67000766F6C746167653A2025646D5600000032
:10B680004661696C656420746F2064697361626CE3
:10B6900065206261747465727920766F6C7461677D
:10B6A0006520646976696465722C20657272202554
:10B6B0006400000041444320646576696365206E40
:10B6C0006F7420726561647900000000414443207A
:10B6D0006368616E6E656C20736574757020666159
:10B6E000696C65642C20657272202564000000007E
:10B6F0004750494F2070696E20636F6E66696775A9
:10B700007265206661696C65642C20657272202503
:10B7100064000000609D03000A0000009C9D03007F
:10B720000001080400000005000000000C000000FB
:10B73000626174746572790028756E7369676E65ED
:10B7400064292063686172202A207573656420660D
:10B750006F722025257020617267756D656E742E7D
:10B760002049742773207265636F6D6D656E646523
:10B770006420746F206361737420697420746F2077
:10B78000766F6964202A206265636175736520693C
:10B7900074206D6179206361757365206D697362D2
:10B7A00065686176696F7220696E20636572746185
:10B7B000696E20636F6E66696775726174696F6E1A
:10B7C000732E20537472696E673A222573222061AA
:10B7D0007267756D656E743A2564000063627072FD
:10B7E000696E74665F7061636B616765000000007D
:10B7F0004661696C656420746F207265626F6F7456
:10B800003A207370696E6E696E6720656E646C6550
:10B8100073736C792E2E2E0A000000006C6F676720
:10B82000696E6700801A0020000100000714030001
:10B830007113030002000000A916030000000000BD
:10B8400000000000000000006C6F67006C6F675F15
:10B850006D676D74000000004D657373616765204E
:10B860002822257322292064726F7070656420621B
:10B8700065636175736520697420657863656564C7
:10B88000732073697A65206C696D69746174696F7E
:10B890006E202825752900005B2530386C755D20E9
:10B8A000000000005B253032753A253032753A25AC
:10B8B0003032752E253033752C253033755D2000E0
:10B8C0001B5B306D0000000025732E0025733A20AD
:10B8D000000000003C25733E2000000025732F006F
:10B8E000257320000D0A000025303278200000006A
:10B8F000202020007C00000025630000206D65737F
:10B9000073616765732064726F70706564202D2D9C
:10B910002D0D0A1B5B306D001B5B313B33316D2DF0
:10B920002D2D20001B5B313B33316D001B5B313B08
:10B9300033336D006572720077726E00696E660057
:10B94000646267000000000024B903002CB9030002
:10B9500000000000000000000000000034B90300F7
:10B9600038B903003CB9030040B903006C6F675F4E
:10B970006261636B656E645F7274740001F3010051
:10B98000F1F20100D9F20100DDF101000000000038
:10B99000F9F101000000000069F20100A038002068
:10B9A000B038002010000000427566666572207392
:10B9B000697A6520697320626967676572207468B7
:10B9C000616E2070616765004572726F7220256438
:10B9D000207768696C652067657474696E6720708C
:10B9E00061676520696E666F000000004572726FC6
:10B9F00072202564207768696C65206572617369BF
:10BA00006E6720706167650073747265616D5F6653
:10BA10006C6173685F65726173655F7061676520F3
:10BA2000657272202564206F66667365743D307898
:10BA30002530387A78000000666C6173685F777231
:10BA4000697465206572726F72202564206F666666
:10BA50007365743D30782530387A7800666C617390
:10BA6000682072656164206661696C65643A2025AE
:10BA70006400000063616C6C6261636B20666169E5
:10BA80006C65643A202564004275666665722073B1
:10BA9000697A65206973206E6F7420616C69676EC6
:10BAA000656420746F206D696E696D616C207772BA
:10BAB0006974652D626C6F636B2D73697A65000024
:10BAC000496E636F727265637420706172616D6537
:10BAD0007465720053545245414D5F464C41534882
:10BAE000000000002A2A2A20426F6F74696E6720C6
:10BAF0004D79204170706C69636174696F6E207656
:10BB0000302E31342E302D393037313536396133DE
:10BB1000343864202A2A2A0A000000002A2A2A200F
:10BB20005573696E67206E524620436F6E6E656373
:10BB3000742053444B2076322E372E302D356362DD
:10BB4000383535373063613433202A2A2A0A000019
:10BB50002A2A2A205573696E67205A65706879729F
:10BB6000204F532076332E362E39392D3130306226
:10BB70006566633730633734202A2A2A0A000000BA
:10BB800006000000000000000000000000C00000EF
:10BB9000B09D03000100000000C000000002000092
:10BBA000B09D03000200000000C0000000A00300E0
:10BBB000B09D03000300000000C20000009E0300CF
:10BBC000B09D03000400000000C20000009E0300BE
:10BBD000B09D0300050000000060040000A0030009
:10BBE000B09D0300637C777BF26B6FC53001672BE0
:10BBF000FED7AB76CA82C97DFA5947F0ADD4A2AF61
:10BC00009CA472C0B7FD9326363FF7CC34A5E5F16E
:10BC100071D8311504C723C31896059A071280E21C
:10BC2000EB27B27509832C1A1B6E5AA0523BD6B370
:10BC300029E32F8453D100ED20FCB15B6ACBBE39E0
:10BC40004A4C58CFD0EFAAFB434D338545F9027FCC
:10BC5000503C9FA851A3408F929D38F5BCB6DA2185
:10BC600010FFF3D2CD0C13EC5F974417C4A77E3DB1
:10BC7000645D197360814FDC222A908846EEB81407
:10BC8000DE5E0BDBE0323A0A4906245CC2D3AC62CA
:10BC90009195E479E7C8376D8DD54EA96C56F4EAD5
:10BCA000657AAE08BA78252E1CA6B4C6E8DD741FE6
:10BCB0004BBD8B8A703EB5664803F60E613557B9A9
:10BCC00086C11D9EE1F8981169D98E949B1E87E963
:10BCD000CE5528DF8CA1890DBFE6426841992D0F12
:10BCE000B054BB1672302F61313A202030782530A5
:10BCF0003878202072312F61323A20203078253078
:10BD00003878202072322F61333A20203078253065
:10BD10003878000072332F61343A20203078253093
:10BD20003878207231322F69703A202030782530EF
:10BD30003878207231342F6C723A202030782530D8
:10BD40003878000020787073723A202030782530DF
:10BD500038780000735B2532645D3A202030782506
:10BD60003038782020735B2532645D3A20203078AB
:10BD7000253038782020735B2532645D3A202030EE
:10BD800078253038782020735B2532645D3A202096
:10BD9000307825303878000066707363723A20205E
:10BDA00030782530387800004661756C74696E67AC
:10BDB00020696E737472756374696F6E2061646458
:10BDC0007265737320287231352F7063293A2030E1
:10BDD0007825303878000000556E68616E646C65B7
:10BDE00064204952516E3A20256400005350534557
:10BDF0004C20696E20746872656164206D6F6465A3
:10BE000020646F6573206E6F7420696E646963616E
:10BE100074652050535000002A2A2A2A2A2055539C
:10BE2000414745204641554C54202A2A2A2A2A00B7
:10BE300020204469766973696F6E206279207A6583
:10BE4000726F00002020556E616C69676E6564201A
:10BE50006D656D6F727920616363657373000000B7
:10BE600020204E6F20636F70726F636573736F7203
:10BE700020696E737472756374696F6E730000006D
:10BE80002020496C6C6567616C206C6F6164206F69
:10BE900066204558435F52455455524E20696E7492
:10BEA0006F205043000000002020496C6C656761E2
:10BEB0006C20757365206F6620746865204550534B
:10BEC000520000002020417474656D707420746FFE
:10BED000206578656375746520756E646566696E46
:10BEE000656420696E737472756374696F6E0000A7
:10BEF0002A2A2A2A2A204465627567206D6F6E6996
:10BF0000746F7220657863657074696F6E202A2A79
:10BF10002A2A2A0052657365727665642045786323
:10BF2000657074696F6E2028000000005370757290
:10BF3000696F757320696E746572727570742028EC
:10BF400049525120000000002A2A2A2A2A2025735B
:10BF500020256429202A2A2A2A2A00002A2A2A2A75
:10BF60002A20425553204641554C54202A2A2A2A39
:10BF70002A0000002020537461636B696E6720659E
:10BF800072726F72000000002020556E737461633E
:10BF90006B696E67206572726F72000020205072AC
:10BFA00065636973652064617461206275732065DF
:10BFB00072726F7200000000202042464152204100
:10BFC0006464726573733A2030782578000000004D
:10BFD0002020496D707265636973652064617461C6
:10BFE00020627573206572726F7200002020496EA6
:10BFF000737472756374696F6E20627573206572F5
:10C00000726F72002020466C6F6174696E672D70CC
:10C010006F696E74206C617A792073746174652025
:10C02000707265736572766174696F6E2065727285
:10C030006F7200002A2A2A2A2A204D505520464194
:10C04000554C54202A2A2A2A2A0000002020537402
:10C0500061636B696E67206572726F722028636F0F
:10C060006E746578742061726561206D69676874AB
:10C07000206265206E6F742076616C69642900000F
:10C0800020204461746120416363657373205669A5
:10C090006F6C6174696F6E0020204D4D46415220D7
:10C0A000416464726573733A20307825780000002B
:10C0B0002020496E737472756374696F6E204163DA
:10C0C000636573732056696F6C6174696F6E0000ED
:10C0D0002A2A2A2A2A2048415244204641554C54B3
:10C0E000202A2A2A2A2A000020204275732066610D
:10C0F000756C74206F6E20766563746F7220746146
:10C10000626C652072656164000000002020446557
:10C11000627567206576656E7400000020204661B8
:10C12000756C7420657363616C6174696F6E20282F
:10C130007365652062656C6F772900004152434842
:10C140005F45584345505420776974682072656193
:10C15000736F6E2025780A000000002000000000A8
:10C1600000000B066D7075004661696C6564207493
:10C170006F20616C6C6F63617465206E6577204D14
:10C18000505520726567696F6E2025750A000000A2
:10C19000506172746974696F6E2025753A207361FD
:10C1A0006E69747920636865636B206661696C658C
:10C1B000642E000002000000CCC10300464C415335
:10C1C000485F30005352414D5F30000000000000D6
:10C1D000BCC103002400020200000020C4C103000F
:10C1E0001E000B11736F63007263000067726F753E
:10C1F000700000004661696C656420746F20726590
:10C20000616420646174612066726F6D20666C6188
:10C21000736820617265613A202564004661696C2B
:10C22000656420746F206F70656E20666C61736842
:10C2300020617265612049442025753A20256400FB
:10C240004661696C656420746F2065726173652056
:10C25000666C61736820617265613A202564000034
:10C260004661696C656420746F2072656164206446
:10C270006174612066726F6D20666C6173683A202C
:10C280002564000055706C6F616420746F6F206CC2
:10C290006172676520666F7220736C6F743A202537
:10C2A00075203E2025750000736C6F74000000003F
:10C2B00076657273696F6E003C3F3F3F3E00000041
:10C2C000626F6F7461626C650000000070656E647F
:10C2D000696E6700636F6E6669726D656400000069
:10C2E00061637469766500007065726D616E656E7C
:10C2F0007400000046616C656420626F6F745F7348
:10C3000065745F6E657874207769746820636F6404
:10C31000652025642C20666F7220736C6F74202555
:10C32000642C207769746820616374697665207372
:10C330006C6F7420256420616E6420636F6E666983
:10C34000726D202564000000696D616765730000EF
:10C3500073706C697453746174757300636F6E6687
:10C3600069726D002568752E2568752E2568750023
:10C370002E2575006F666600696D616765000000B7
:10C380006C656E007368610075706772616465004A
:10C39000496D6167652075706C6F616420696E73AB
:10C3A00070656374206661696C65643A2025640079
:10C3B00049727265636F76657261626C6520657241
:10C3C000726F723A20666C61736820777269746567
:10C3D000206661696C65643A202564006D10020076
:10C3E0008911020000000000591502000000000041
:10C3F000000000000000000000000000000000003D
:10C400000000000000000000C91402006D63756D9B
:10C4100067725F696D675F67727000007175657242
:10C4200079000000626F6F746C6F61646572000068
:10C430004D4355626F6F74006D6F646500000000BE
:10C440006275665F73697A65000000006275665FF9
:10C45000636F756E74000000A5180200A518020035
:10C4600000000000000000000000000000000000CC
:10C4700000000000000000000000000000000000BC
:10C48000000000008D1802003D18020000000000AE
:10C490000000000000000000811702000000000002
:10C4A0006D63756D67725F6F735F67727000000018
:10C4B000D4DD0300BCC40300AB09000010800020E1
:10C4C0006D63756D677220736D7000006D63756DBF
:10C4D00067725F736D700000C0C40300000000004D
:10C4E0004E756C6C20637064206F626A65637420A3
:10C4F000666F7220636F6E6E656374696F6E202560
:10C5000070000000426C7565746F6F746820534D45
:10C5100050207472616E73706F72742072656769F7
:10C5200073746572206661696C6564202865727237
:10C5300020256429000000000000022900000328D3
:10C540000000002802487C997411269EAE014ECE50
:10C55000FB28782EDA0000000284AA6074528A8BCD
:10C5600086D34CB71D1DDC538D00000000FFFFFF7C
:10C57000FFFFFF000000000000000000FFFFFFFFC2
:10C58000FFFF0000000000000000000030313233E7
:10C5900034353637383961626364656600000000FF
:10C5A0004254204C572057510000000002FB349B9E
:10C5B0005F8000008000100000000000000000000C
:10C5C000D4DD0300CCC50300000100003CA700201F
:10C5D000D4DD0300DCC503002E00000054B20020AF
:10C5E000D4DD0300ECC503000800000034B30020D4
:10C5F00062745F6461746100756E6B6E6F776E005C
:10C60000546F6F20736D616C6C20282575206279E2
:10C6100074657329206576656E7420307825303214
:10C62000780000004461746120627566666572205E
:10C630006F766572666C6F7720286C696E6B2074FC
:10C640007970652030782530327829004E6F20705F
:10C65000656E64696E672070657269706865726185
:10C660006C20636F6E6E656374696F6E000000000E
:10C67000556E61626C6520746F206C6F6F6B2075F6
:10C680007020636F6E6E20776974682068616E64D5
:10C690006C65202575000000556E61626C65207424
:10C6A0006F206C6F6F6B757020636F6E6E20666F9E
:10C6B000722068616E646C65202575006576742053
:10C6C0006E756D5F68616E646C657320283D2575BD
:10C6D0002920746F6F206C61726765202825752092
:10C6E0003E202575290000004E6F20636F6E6E6539
:10C6F0006374696F6E20666F722068616E646C652A
:10C70000202575007061636B65747320636F756EAF
:10C7100074206D69736D6174636800004E6F2063EF
:10C720006F6D6D616E642073656E7420666F72202C
:10C73000636D6420636F6D706C657465203078255F
:10C74000303478004F70436F646520307825303482
:10C750007820636F6D706C6574656420696E7374A6
:10C76000656164206F662065787065637465642018
:10C770003078253034780000556E657870656374C4
:10C78000656420484F53545F4E554D5F434F4D50A5
:10C790004C455445445F5041434B45545320287306
:10C7A0007461747573203078253032782900000068
:10C7B0004861726477617265206572726F722C20B5
:10C7C000686172647761726520636F64653A2025E1
:10C7D00064000000556E68616E646C656420657667
:10C7E000656E7420307825303278206C656E202597
:10C7F000753A202573000000496E76616C696420EB
:10C80000484349206576656E742073697A652028EF
:10C8100025752900574553545F544F504449522FB2
:10C820007A65706879722F7375627379732F626C91
:10C830007565746F6F74682F686F73742F686369A0
:10C840005F636F72652E630062745F6863695F6522
:10C8500076745F6765745F666C616773286864727D
:10C860002D3E657674292026202831554C203C3CED
:10C870002028312929000000415353455254494F83
:10C880004E204641494C205B25735D204020257396
:10C890003A25640A00000000556E68616E646C659C
:10C8A000642076656E646F722D7370656369666966
:10C8B00063206576656E743A20257300436F756C4E
:10C8C00064206E6F74207375626D69742072785F76
:10C8D000776F726B3A20256400000000496E766124
:10C8E0006C6964204843492041434C207061636B6C
:10C8F00065742073697A6520282575290000000079
:10C9000041434C2064617461206C656E67746820DB
:10C910006D69736D617463682028257520213D2041
:10C9200025752900556E61626C6520746F206669FB
:10C930006E6420636F6E6E20666F722068616E6435
:10C940006C65202575000000556E6B6E6F776E204C
:10C950006275662074797065202575006D61785F59
:10C9600074785F6F6374657473206578636565645C
:10C9700073207468652076616C69642072616E67EB
:10C9800065202575000000006D61785F72785F6F2B
:10C990006374657473206578636565647320746877
:10C9A000652076616C69642072616E67652025750B
:10C9B000000000006D61785F74785F74696D6520B8
:10C9C00065786365656473207468652076616C6959
:10C9D000642072616E676520257500006D61785F67
:10C9E00072785F74696D652065786365656473202E
:10C9F0007468652076616C69642072616E67652079
:10CA000025750000657272203D3D20300000000059
:10CA100009636F6D6D616E64206F70636F64652074
:10CA20003078253034782074696D656F757420779F
:10CA3000697468206572722025640A006F70636FE4
:10CA40006465203078253034782073746174757390
:10CA500020307825303278004E6F6E2D4C452063A3
:10CA6000617061626C6520636F6E74726F6C6C656F
:10CA700072206465746563746564210056656E6434
:10CA80006F722048434920657874656E73696F6ED4
:10CA900073206E6F7420617661696C61626C6500F1
:10CAA000485720506C6174666F726D3A2025732070
:10CAB0002830782530347829000000004857205667
:10CAC000617269616E743A202573202830782530B0
:10CAD000347829004669726D776172653A20257352
:10CAE0002028307825303278292056657273696F96
:10CAF0006E2025752E2575204275696C642025757C
:10CB0000000000004661696C656420746F207265E6
:10CB1000616420737570706F727465642076656EE1
:10CB2000646F7220636F6D6D616E6473000000004E
:10CB30004661696C656420746F207265616420735E
:10CB40007570706F727465642076656E646F7220A4
:10CB500066656174757265730000000041434C2086
:10CB600042522F4544522062756666657273206E8C
:10CB70006F7420696E697469616C697A656400001C
:10CB80004661696C656420726561642072656D6FD1
:10CB90007465206665617475726573202825642943
:10CBA000000000004661696C6564204C45205365B7
:10CBB000742050485920282564290000556E657856
:10CBC0007065637465642073746174757320307864
:10CBD00025303278000000004E6F2070656E646969
:10CBE0006E6720636F6E6E20666F7220706565726F
:10CBF000202573005B305D004964656E746974794B
:10CC000025733A20257300004964656E7469747950
:10CC10005B25645D3A202573000000004843493AD3
:10CC20002076657273696F6E202573202830782511
:10CC300030327829207265766973696F6E2030789A
:10CC4000253034782C206D616E7566616374757261
:10CC50006572203078253034780000004C4D503A11
:10CC60002076657273696F6E2025732028307825D1
:10CC700030327829207375627665722030782530DD
:10CC800034780000556E61626C6520746F207365A6
:10CC90006E6420746F2064726976657220286572F4
:10CCA0007220256429000000556E61626C65207455
:10CCB0006F20616C6C6F6361746520627566666578
:10CCC00072000000556E636C65617265642070656A
:10CCD0006E64696E672073656E745F636D640000D7
:10CCE000556E6578706563746564206B5F706F6CFA
:10CCF0006C206576656E742073746174652025758B
:10CD0000000000006576745F666C61677320262002
:10CD10002831554C203C3C202830292900000000B7
:10CD2000496E76616C6964206275662074797065FD
:10CD3000202575004E6F204843492064726976654E
:10CD40007220726567697374657265640000000023
:10CD50004254205458000000425420525820575149
:10CD60000000000048434920647269766572206FB4
:10CD700070656E206661696C6564202825642900F1
:10CD8000312E306200000000312E3100312E320091
:10CD9000322E3000322E3100332E3000342E30004F
:10CDA000342E3100342E3200352E3000352E310035
:10CDB000352E3200352E3300352E34005374616E1B
:10CDC0006461726420426C7565746F6F746820636F
:10CDD0006F6E74726F6C6C657200000056656E64E5
:10CDE0006F7220737065636966696320636F6E7428
:10CDF000726F6C6C657200004669726D7761726566
:10CE0000206C6F616465720052657363756520699B
:10CE10006D61676500000000726573657276656418
:10CE2000000000006E524635317800006E524635E3
:10CE3000327800006E524635337800006E52463527
:10CE4000344878006E524635344C7800496E74652B
:10CE50006C20436F72706F726174696F6E000000B6
:10CE60004E6F726469632053656D69636F6E64759C
:10CE700063746F72000000004E58502053656D6956
:10CE8000636F6E647563746F7273000062745F68C1
:10CE900063695F636F726500BCCD0300DCCD030086
:10CEA000F8CD030008CE030018CE030024CE030003
:10CEB0002CCE030034CE03003CCE030044CE03004E
:10CEC00018CE03004CCE030060CE030078CE0300E2
:10CED0000E030000E92802000F040000C128020030
:10CEE0001A0100006124020005040000B52B0300B4
:10CEF0001301000081250200FF010000B52B020094
:10CF00003E010000C12A02000504000005250200C0
:10CF10001001000035290200011200004939020009
:10CF20000A1E0000592D030003090000F12D020024
:10CF3000040B00005D280200060A0000193E0200F2
:10CF4000070A0000152D02000C0500005125020003
:10CF5000D4DD03005CCF03004700000058B300207D
:10CF6000636D6420646973616C6C6F776564000045
:10CF70005265616420537461746963204164647212
:10CF8000657373657320636F6D6D616E64206E6F82
:10CF90007420617661696C61626C65004661696CE0
:10CFA000656420746F2072656164207374617469B4
:10CFB0006320616464726573736573004E6F2073E0
:10CFC000746174696320616464726573736573204E
:10CFD00073746F72656420696E20636F6E74726F14
:10CFE0006C6C6572000000004F6E6C792072616E8F
:10CFF000646F6D20737461746963206964656E7415
:10D0000069747920616464726573732073757070DC
:10D010006F72746564000000496E76616C6964200B
:10D02000696E70757420706172616D65746572737C
:10D03000000000004661696C656420746F207265B1
:10D040006164207075626C696320616464726573E9
:10D050007300000043616E27742073657420626F53
:10D060007468204944454E544954592026204E5254
:10D0700050410000556E61626C6520746F207365CD
:10D0800074206964656E7469747920616464726582
:10D0900073730000556E61626C6520746F20736558
:10D0A000742072616E646F6D206164647265737365
:10D0B0000000000062745F6964000000546F6F201C
:10D0C000626967206164766572746973696E67204E
:10D0D00064617461000000004661696C65642074DD
:10D0E0006F20737461727420616476657274697301
:10D0F000657200004E6F2076616C6964206C656714
:10D1000061637920616476004661696C65642074AE
:10D110006F2073746F7020616476657274697369CF
:10D120006E673A2025640000436F6E74726F6C6CFA
:10D1300065722063616E6E6F7420726573756D65C4
:10D1400020636F6E6E65637461626C6520616476E6
:10D150006572746973696E67202825642900000070
:10D1600062745F6164760000646973636F6E6E65FC
:10D170006374656400000000646973636F6E6E65BC
:10D1800063742D636F6D706C657465007363616E9D
:10D190002D6265666F72652D696E69746961746967
:10D1A0006E670000696E6974696174696E672D66E7
:10D1B000696C7465722D6C69737400006164762DFE
:10D1C000636F6E6E65637461626C65006164762D79
:10D1D0006469722D636F6E6E65637461626C650065
:10D1E000646973636F6E6E656374696E67000000D7
:10D1F00028756E6B6E6F776E29000000556E65782E
:10D20000706563746564206669727374204C324380
:10D210004150206672616D6500000000556E6578B2
:10D22000706563746564204C3243415020636F6EB7
:10D2300074696E756174696F6E0000004E6F7420C2
:10D24000656E6F75676820627566666572207370BB
:10D2500061636520666F72204C32434150206461E7
:10D2600074610000556E6578706563746564204173
:10D27000434C20666C616773202830782530327803
:10D280002900000041434C206C656E206D69736D70
:10D290006174636820282575203E202575290000CB
:10D2A00062756620676976656E20746F20636F6EA5
:10D2B0006E20686173206F74686572207265667392
:10D2C000000000006E6F7420656E6F7567682072D5
:10D2D0006F6F6D20696E20757365725F6461746134
:10D2E000202564203C20256420706F6F6C202575FC
:10D2F000000000006E6F7420636F6E6E656374656E
:10D3000064210000446973636F6E6E6563746564C5
:10D31000207768696C6520616C6C6F636174696EFD
:10D320006720636F6E746578740000006E6F207400
:10D3300072616E736974696F6E202573000000005E
:10D34000496E76616C69642028257529206F6C64AC
:10D350002073746174650000636F6E6E2025702009
:10D360006661696C656420746F2065737461626CBA
:10D370006973682E205246206E6F6973653F000006
:10D380006E6F2076616C696420282575292073747E
:10D39000617465207761732073657400696E636FD3
:10D3A0006D70617469626C652068616E646C652083
:10D3B00025750000556E61626C6520746F20616C8C
:10D3C0006C6F63617465206275666665722077694B
:10D3D0007468696E2074696D656F75740000000073
:10D3E000466F756E642076616C696420636F6E6E43
:10D3F000656374696F6E20282570292077697468C9
:10D40000206164647265737320257320696E202522
:10D4100073207374617465200000000053656E64AE
:10D42000204C4520706172616D2075706461746577
:10D43000206661696C656420286572722025642904
:10D440000000000053656E64206175746F204C45C8
:10D4500020706172616D2075706461746520666111
:10D46000696C6564202865727220256429000000BB
:10D47000574553545F544F504449522F7A65706852
:10D4800079722F7375627379732F626C7565746F1F
:10D490006F74682F686F73742F636F6E6E2E6300E6
:10D4A000D4DD0300ACD403000001000020B4002050
:10D4B000D4DD0300BCD403000001000060B60020EE
:10D4C00062745F636F6E6E00546F6F20736D616C7A
:10D4D0006C204C4520636F6E6E20706172616D2010
:10D4E000727370004E6F20617661696C61626C6569
:10D4F000204C3243415020636F6E7465787420660F
:10D500006F7220636F6E6E2025700000556E616231
:10D510006C6520746F20616C6C6F63617465204C66
:10D5200032434150206368616E6E656C204944004F
:10D53000556E61626C6520746F20616C6C6F636105
:10D5400074652062756666657220666F72206F7002
:10D550002030782530327800546F6F20736D616C05
:10D560006C204C32434150207369676E616C696E68
:10D5700067205044550000004C32434150206C65F8
:10D580006E677468206D69736D6174636820282507
:10D590007520213D2025752900000000496E766127
:10D5A0006C6964206964656E742076616C756520B1
:10D5B000696E204C32434150205044550000000019
:10D5C00052656A656374696E6720756E6B6E6F77FE
:10D5D0006E204C324341502050445520636F6465A7
:10D5E0002030782530327800546F6F20736D616C75
:10D5F0006C204C3243415020504455207265636585
:10D60000697665640000000049676E6F72696E6735
:10D61000206461746120666F7220756E6B6E6F7727
:10D620006E206368616E6E656C20494420307825F9
:10D63000303478009B3703009D3703000000000062
:10D6400000000000000000009960020000000000DF
:10D6500000000000000000000000000062745F6C29
:10D660003263617000000000415454206368616EB1
:10D670006E656C206E6F7420636F6E6E656374658B
:10D68000640000004E6F7420636F6E6E6563746596
:10D6900064000000556E61626C6520746F206669DD
:10D6A0006E6420415454206368616E6E656C0000A6
:10D6B0004E6F20617661696C61626C6520415454E3
:10D6C000206368616E6E656C20666F7220636F6E9A
:10D6D0006E202570000000004E6F20617661696C3D
:10D6E00061626C652041545420636F6E7465787478
:10D6F00020666F7220636F6E6E2025700000000040
:10D70000556E61626C6520746F206372656174652B
:10D7100020555549443A2073697A652025750000E3
:10D72000556E61626C6520746F206372656174650B
:10D7300020555549443A2073697A652025640000D4
:10D740004572726F72207369676E696E67206461DB
:10D750007461000052616E206F7574206F662054F2
:10D76000582062756666657273206F7220636F6EF3
:10D7700074657874732E0000476F74206572722090
:10D7800025642C206E6F742063616C6C696E672059
:10D790004154542063620000415454204D5455209C
:10D7A00065786365656465642C206D6178202575F6
:10D7B0002C2077616E74656420257A750000000066
:10D7C000546F6F20736D616C6C2041545420504431
:10D7D000552072656365697665640000556E686101
:10D7E0006E646C65642041545420636F646520301E
:10D7F0007825303278000000496E76616C696420CB
:10D800006C656E20257520666F7220636F646520DD
:10D8100030782530327800004E6F20415454206318
:10D8200068616E6E656C20666F72204D54552025C0
:10D830007A7500004E6F2070656E64696E672041D6
:10D8400054542072657175657374000041545420FE
:10D8500054696D656F757420666F722064657669B2
:10D86000636520257300000002020100A744030045
:10D87000040401006D44030006060100E7430300B1
:10D8800008040100814303000A020100674303000A
:10D890000C0401004D4303000E040100A56E0200BC
:10D8A00020040100056E020010040100A7420300DD
:10D8B000120201007B42030016040100213A03001A
:10D8C00018010100253A03001E0004003F46030032
:10D8D0005202000051420300010402004D72020096
:10D8E000030202000B46030005010200FD45030090
:10D8F00007040200EF45030009010200E1450300AF
:10D900000B000200D34503000D000200C5450300D3
:10D910000F000200B745030021020200A9450300E1
:10D92000110102009B450300130002008D45030016
:10D93000170402007F45030019000200714503002F
:10D940001B020300BD3A03001D020500E541030070
:10D9500023040300AB3A0300D4DD030064D90300C1
:10D9600002010000C0B9002062745F61747400009D
:10D97000756E61626C6520746F20736176652053EB
:10D98000433A206E6F20636667206C656674000002
:10D990004E6F20737061636520746F2073746F72B3
:10D9A0006520434343206366670000004E6F207389
:10D9B0007061636520746F2073746F726520436CAF
:10D9C00069656E7420537570706F7274656420465B
:10D9D000656174757265730077726974652063613F
:10D9E0006C6C6261636B206973206465707265633F
:10D9F000617465642C20757365207375627363723E
:10DA000069626520636220696E73746561640000F9
:10DA10004661696C656420746F20636C6561722077
:10DA20005343202564000000556E61626C652074CC
:10DA30006F2073657475702041455320434D4143F9
:10DA400000000000556E61626C6520746F20636198
:10DA50006C63756C61746520686173680000000018
:10DA6000556E61626C6520746F20726567697374AE
:10DA700065722068616E646C65203078253034787A
:10DA8000000000004C696E6B206973206E6F74207B
:10DA9000656E637279707465640000004465766930
:10DAA0006365206973206E6F74207375627363728F
:10DAB0006962656420746F20636861726163746574
:10DAC00072697374696300004E6F206275666665E3
:10DAD0007220617661696C61626C6520746F20737D
:10DAE000656E6420696E6469636174696F6E0000BD
:10DAF000534320726573746F726520696E64696345
:10DB00006174696F6E206661696C65640000000075
:10DB1000434343202570206E6F74207772697461CF
:10DB2000626C65004E6F2062756666657220617674
:10DB300061696C61626C6520746F2073656E64202E
:10DB40006E6F74696669636174696F6E00000000CE
:10DB5000496E76616C69642068616E646C65000072
:10DB600042616420706565723A20415454207265A8
:10DB700061642D62792D75756964207273703A2025
:10DB800048616E646C652030782530347820697384
:10DB9000206F75747369646520726571756573743F
:10DBA00065642072616E6765203078253034782D89
:10DBB0003078253034782E2041626F7274696E6738
:10DBC00020726561642E0000496E76616C69642084
:10DBD00064617461206C656E202575203E2025757A
:10DBE0000000000062742F636363000062745F676B
:10DBF00061747400C0DC03001F51030000000000CA
:10DC0000BCDC030000000100B8DC0300D5510300B8
:10DC100000000000A407002000000100B0DC0300A9
:10DC200000000000000000000000000000000000F4
:10DC3000ACDC030057510300A1760200AC070020C2
:10DC400000000300A8DC0300D55103000000000021
:10DC50009C07002000000100A0DC0300E35003004B
:10DC60006D77020000000000000003009CDC030050
:10DC7000D5510300000000009407002000000100BF
:10DC800094DC0300E57E02000000000000000000BC
:10DC90000000010000002A2B00002A2B00000328AE
:10DCA0000000292B0000292B000003280000022976
:10DCB0000000052A0000052A0000032800000118C2
:10DCC0000000002878DD03001F5103000000000061
:10DCD00074DD03000000010070DD0300D551030076
:10DCE00000000000D40700200000010068DD0300F0
:10DCF000AB50030000000000000000000000010025
:10DD000064DD0300D551030000000000CC070020B3
:10DD1000000001005CDD03007750030000000000FC
:10DD2000000000000000010058DD0300D551030091
:10DD300000000000C40700200000010050DD0300C7
:10DD4000455003000000000000000000000001003A
:10DD50000000042A0000042A000003280000012A11
:10DD60000000012A000003280000002A0000002A09
:10DD70000000032800000018000000284E6F2061FA
:10DD80007661696C61626C6520534D5020636F6EE3
:10DD90007465787420666F7220636F6E6E202570D4
:10DDA0000000000000000000000000000000000073
:10DDB0000000000000000000855503000000000086
:10DDC00000000000000000000000000062745F73AB
:10DDD0006D70000085560300000000000F56030020
:10DDE0006E65745F627566006E65745F6275665F0E
:10DDF00073696D706C650000060105010401030183
:10DE000005020201030205040101010201030104EC
:10DE100001060108010C01100118012001400180D8
:10DE200053656C6563746564204144432067616990
:10DE30006E206973206E6F742076616C69640000D7
:10DE400053656C6563746564204144432072656664
:10DE50006572656E6365206973206E6F74207661EC
:10DE60006C69640053656C65637465642041444368
:10DE7000206163717569736974696F6E2074696D6F
:10DE800065206973206E6F742076616C6964000090
:10DE9000414443207265736F6C7574696F6E2076B0
:10DEA000616C7565202564206973206E6F7420761F
:10DEB000616C6964000000004F76657273616D707B
:10DEC0006C696E6720697320737570706F7274650A
:10DED0006420666F722073696E676C652063686189
:10DEE0006E6E656C206F6E6C790000004F76657207
:10DEF00073616D706C696E672076616C7565202545
:10DF000064206973206E6F742076616C6964000010
:10DF100050726F766964656420627566666572200A
:10DF2000697320746F6F20736D616C6C2028257588
:10DF30002F25752900000000496E76616C69642008
:10DF400073656C656374696F6E206F6620636861CA
:10DF50006E6E656C730000004368616E6E656C20C8
:10DF60002575206E6F7420636F6E666967757265C4
:10DF7000640000006164634034303030373030304A
:10DF8000000000006164635F6E7266785F736161B8
:10DF900064630000C58E0200D191020058020000A7
:10DFA000CD920200AD92020000000000636C6F632E
:10DFB0006B40343030303030303000006866636C95
:10DFC0006B0000006C66636C6B000000636C6F6339
:10DFD0006B5F636F6E74726F6C00000035930200AC
:10DFE000A5930200BCDF0300B95C0300795C030069
:10DFF000C4DF0300A5940200035C0300455C03003A
:10E0000000000000175B030000000000000000009B
:10E0100072616E646F6D4034303030643030300087
:10E020007D97020085960200656E74726F70795F4D
:10E0300062745F6863690000015D03000000000016
:10E04000756E616C69676E65642061646472657386
:10E05000733A2030782530386C783A257A7500008C
:10E06000696E76616C696420616464726573733A89
:10E070002030782530386C783A257A750000000019
:10E080006E6F7420776F72642D616C69676E656462
:10E090003A2030782530386C783A257A75000000BF
:10E0A000666C6173682D636F6E74726F6C6C6572F1
:10E0B000403430303165303030000000666C6173C0
:10E0C000685F6E7266000000119A02007999020082
:10E0D000D5980200619802005198020004000000E7
:10E0E000FF0000006770696F4035303030303030ED
:10E0F00030000000FFFFFFFF0000005000000000A4
:10E10000000000000060004000000000899B020049
:10E1100077600300856003009D600300A960030031
:10E12000B5600300959A0200FB6003000000000048
:10E13000693263006932634034303030333030301C
:10E14000000000006932635F6E7266785F74776901
:10E15000000000000030004000000000000000004F
:10E16000000000000000980100000101719E020003
:10E1700074E103000030004080E103000100000072
:10E1800088E10300020000000700180012001600DA
:10E19000899F020000000000959D02000000000021
:10E1A00000000000DD9F02004661696C6564207418
:10E1B0006F20696E697469616C697A65206465763F
:10E1C0006963653A20257300756E737570706F72A0
:10E1D00074656420737065656400000031302D62E1
:10E1E0006974204932432041646472206465766911
:10E1F000636573206E6F7420737570706F727465D1
:10E200006400000000010203040506074661696C12
:10E21000656420746F20736574204649464F204121
:10E2200046554C4C207468726573686F6C640000CE
:10E230004661696C656420746F20736574204C4579
:10E24000442073657175656E636500004661696C95
:10E25000656420746F20736574204C45442072619E
:10E260006E6765004661696C656420746F20736534
:10E27000742050504720636F6E666967203100003C
:10E280004661696C656420746F207365742050501A
:10E290004720636F6E666967203200004661696CD3
:10E2A000656420746F20736574204C45442070753C
:10E2B0006C736520616D706C697475646500000035
:10E2C0004661696C656420746F20666C75736820A4
:10E2D0004649464F000000004661696C6564207441
:10E2E0006F20656E61626C65204649464F20696EFD
:10E2F00074657272757074004661696C656420742F
:10E300006F20656E61626C65205050472073656EAA
:10E31000736F7200230100004661696C65642074AC
:10E320006F2072656164204649464F206F766572A2
:10E33000666C6F7720636F756E7400004661696C60
:10E34000656420746F2072656164204649464F20E1
:10E350006461746120636F756E7400004649464FB6
:10E36000206F766572666C6F772064657465637480
:10E3700065642C2064697363617264696E672064EC
:10E38000617461202873616D706C6573203D202578
:10E39000642900004661696C656420746F207265B1
:10E3A0006164204649464F206461746100000000AA
:10E3B0004661696C656420746F20726561642072C7
:10E3C0006567697374657220307825303278000093
:10E3D0004661696C656420746F207772697465208A
:10E3E0007265676973746572203078253032780001
:10E3F0006D61786D38363136310000004661696CE8
:10E40000656420746F20736574204649464F2074FC
:10E4100068726573686F6C64000000004661696C27
:10E42000656420746F20736574204354524C360029
:10E430004661696C656420746F20726F7574652025
:10E440004649464F207468726573686F6C64206932
:10E450006E7465727275707420746F20494E5431F9
:10E46000000000004661696C656420746F20656E71
:10E4700061626C652074686520696E74657272757E
:10E48000707473004661696C656420746F20656EFA
:10E4900061626C6520616363656C65726F6D657444
:10E4A00065722073656E736F720000004661696C5F
:10E4B000656420746F2072656164204649464F2070
:10E4C00073616D706C6573004649464F206F7665C9
:10E4D00072666C6F772064657465637465642C2064
:10E4E00064697363617264696E672064617461005A
:10E4F0006C6973326474773132000000536F667454
:10E5000044657669636520436F6E74726F6C6C65E9
:10E5100072204153534552543A2025732C202564D0
:10E52000000000004E6F206576656E74206275668F
:10E5300066657220617661696C61626C65000000DD
:10E540004E6F206461746120627566666572206139
:10E550007661696C61626C6500000000556E6578DB
:10E56000706563746564206D73675F747970653A74
:10E570002025752E20546869732069662D656C739B
:10E5800065206E656564732061206E657720627218
:10E59000616E636800000000536F667444657669BD
:10E5A000636520436F6E74726F6C6C657220627568
:10E5B000696C64207265766973696F6E3A20000039
:10E5C000456E74726F707920736F75726365206425
:10E5D0006576696365206E6F742072656164790089
:10E5E0004661696C656420746F2072656769737435
:10E5F00065722072616E6420736F75726365202886
:10E6000025642900416C6C6F6361746564206D65DD
:10E610006D6F727920746F6F206C6F773A2025755B
:10E62000203C202575000000536F667444657669B0
:10E63000636520436F6E74726F6C6C6572000000CE
:10E6400062745F7364635F6863695F64726976654F
:10E650007200000028E60300000000000000000037
:10E6600059AE0200536403001D64030062745F73BB
:10E6700064635F63727970746F0000007075626C20
:10E680006963206B6579206973206E6F74207661F1
:10E690006C696420286572722025642900000000DE
:10E6A000556E6B6E6F776E20636F6D6D616E64007B
:10E6B0003F49F6D4A3C55F3874C9B3E3D2103F50C5
:10E6C0004AFF607BEB40B7995899B8A6CD3C1ABD7C
:10E6D00062745F7364635F65636468004D50534C9C
:10E6E000204153534552543A2025732C2025640071
:10E6F0004D50534C20576F726B0000006D70736C5F
:10E700005F696E69740000006D70736C5F74696D91
:10E7100065736C6F745F73657373696F6E5F6F7031
:10E72000656E206661696C65643A202564000000AE
:10E7300074696D656F757400666C6173685F737979
:10E740006E635F6D70736C0074656D704034303053
:10E75000306330303000000074656D705F6E72663B
:10E76000355F6D70736C0000000000000000000059
:10E7700000000000B76C03008DB90200000000002B
:10E78000000000007065726D000000007465737415
:10E79000000000004255473B2063616E27742068EB
:10E7A000617070656E0000007265766572740000BD
:10E7B0005365636F6E6461727920696D616765206E
:10E7C0006F6620696D616765207061697220282518
:10E7D000642E2920697320756E72656163686162B9
:10E7E0006C652E20547265617420697420617320F9
:10E7F000656D707479000000496D61676520696E10
:10E800006465783A2025642C2053776170207479F0
:10E8100070653A2025730000496D61676520696E57
:10E820006465783A2025642C2053776170207479D0
:10E8300070653A206E6F6E650000000002000000F7
:10E8400005000000040104030402040104010403A0
:10E85000010303040104000077C295F360D2EF7F47
:10E860003552500F2CB679806D6375626F6F745F8F
:10E870007574696C000000005465726D696E616C9E
:10E8800000000000000000000000545452205245D7
:10E8900047474553000000004350552065786365A5
:10E8A0007074696F6E000000556E68616E646C650F
:10E8B0006420696E7465727275707400537461635C
:10E8C0006B206F766572666C6F7700004B65726EB9
:10E8D000656C206F6F7073004B65726E656C207095
:10E8E000616E696300000000556E6B6E6F776E207D
:10E8F0006572726F7200000048616C74696E672007
:10E9000073797374656D00003E3E3E205A45504851
:10E91000595220464154414C204552524F522025D5
:10E92000643A202573206F6E2043505520256400E3
:10E930004661756C7420647572696E6720696E74C7
:10E940006572727570742068616E646C696E670AB6
:10E950000000000043757272656E74207468726501
:10E9600061643A20257020282573290069646C654C
:10E97000000000008C9C03008C9C0300DC9C0300C6
:10E98000EC9C03003C9D03004C9D03006F73000052
:10E99000737973776F726B7100000000512563FC0F
:10E9A000C2CAB9F3849E17A7ADFAE6BCFFFFFFFF0A
:10E9B000FFFFFFFF00000000FFFFFFFFAAAAAAAAB7
:10E9C000AAAAAAAAAAAAAAAA55555555555555554F
:10E9D000555555550000000055555555522563FCB9
:10E9E000C2CAB9F3849E17A7ADFAE6BCFFFFFFFFCA
:10E9F000FFFFFFFF00000000FFFFFFFF512563FC4A
:10EA0000C2CAB9F3849E17A7ADFAE6BCFFFFFFFFA9
:10EA1000FFFFFFFF00000000FFFFFFFF96C298D836
:10EA20004539A1F4A033EB2D817D0377F240A46337
:10EA3000E5E6BCF847422CE1F2D1176BF551BF3740
:10EA40006840B6CBCE5E316B5733CE2B169E0F7C13
:10EA50004AEBE78E9B7F1AFEE242E34F4B60D227E0
:10EA60003E3CCE3BF6B053CCB0061D65BC869876D6
:10EA700055BDEBB3E7933AAAD835C65AFCFFFFFF62
:10EA8000FFFFFFFFFFFFFFFF00000000000000008E
:10EA90000000000001000000FFFFFFFF0000000079
:10EAA0000000000000000000000000000000004026
:10EAB00095596959555554551555555604051541DF
:10EAC00010545540455155444045504450555545C6
:10EAD0000040004040044496655556554540455415
:10EAE000514115405591555555554051050100006E
:10EAF00054455454455505040010041014044000B6
:10EB00000000014055551541540400004400010027
:10EB10000000004041000044504445505400555509
:10EB200054556551004000400100000100050100FE
:10EB300011545151545555050000000000000000CB
:10EB400000000000D6DAC7AE08DB726F2AA32649A0
:10EB50002A4DA8B3980E077F00FFFFFFFF1F006438
:10EB60007261676F6F6E2F6C6962732F7363686574
:10EB700064756C696E672F7372632F72656D5F6861
:10EB8000616C5F6576656E745F74696D65722E6326
:10EB900000B0EA56C88D83335088D0EB895665693A
:10EBA0006D3CB0CEB9000020202020202020202065
:10EBB000282828282820202020202020202020202D
:10EBC000202020202020208810101010101010105D
:10EBD00010101010101010040404040404040404A1
:10EBE0000410101010101010414141414141010129
:10EBF0000101010101010101010101010101010105
:10EC00000101101010101010424242424242020212
:10EC100002020202020202020202020202020202D4
:10EC20000202101010102000000000000000000080
:10EC300000000000000000000000000000000000D4
:10EC400000000000000000000000000000000000C4
:10EC500000000000000000000000000000000000B4
:10EC600000000000000000000000000000000000A4
:10EC70000000000000000000000000000000000094
:10EC80000000000000000000000000000000000084
:10EC90000000000000000000000000000000000074
:10ECA00000000000000000696E66006E616E0028C2
:10ECB0006E756C6C29000000FFFFFFFFFF1F000056
:10ECC0001F000000000000005D4000000000000088
:10ECD000FFFFFFFF1F000000000000000080004059
:10ECE00000000000000000000C0000000000000018
:10ECF00000FF7F0000000000000000000000000096
:10ED0000000000000000000000000000B1FC000056
:10ED100000000000E1A5010000000000BFA5010007
:10ED200000000000C9FC00000000000009A601006E
:10ED300000000000000000000000000000000000D3
:10ED400000000000000000000000000000000000C3
:10ED500000000000000000000000000000000000B3
:10ED600000000000000000000000000000000000A3
:10ED70000000000000000000000000000000000093
:10ED80000000000000000000000000000000000083
:10ED90000000000000000000000000000000000073
:10EDA0000000000000000000000000000000000063
:10EDB0000000000000000000000000000000000053
:10EDC0000000000000000000000000000000000043
:10EDD0000000000000000000000000000000000033
:10EDE0000000000000000000000000000000000023
:10EDF0000000000000000000000000000000000013
:10EE00000000000000000000000000000000000002
:10EE100000000000000000000000000000000000F2
:10EE200000000000000000000000000000000000E2
:10EE300000000000000000000000000000000000D2
:10EE400000000000000000000000000000000000C2
:10EE500000000000000000000000000000000000B2
:10EE600000000000000000000000000000000000A2
:10EE70000000000000000000000000000000000092
:10EE80000000000000000000000000000000000082
:10EE90000000000000000000000000000000000072
:10EEA0000000000000000000000000000000000062
:10EEB0000000000000000000000000000000000052
:10EEC0000000000000000000000000000000000042
:10EED0000000000000000000000000000000000032
:10EEE0000000000000000000000000000000000022
:10EEF0000000000000000000000000000000000012
:10EF00000000000000000000000000000000000001
:10EF100000000000000000000000000000000000F1
:10EF200000000000000000000000000000000000E1
:10EF3000000000000000000084020020E9BD010084
:10EF4000EFBD01001BBE0100F3BD010025BE0100A5
:10EF5000F9BD010031BE0100FFBD010001BE01008D
:10EF600003BE010011BE010015BE010007BE010075
:10EF70000DBE010021BE01002BBE010000000000FB
:10EF8000000000002B27030000000000000100002B
:10EF90000000000000000000000000000000000071
:10EFA0000000000000000000000000000000000061
:10EFB0000000000000000000000000000000000051
:10EFC0000000000000000000000000000000000041
:10EFD0000000000000000000000000000000000031
:10EFE0000000000000000000000000000000000021
:10EFF0000000000000000000000000000000000011
:10F000000000000000000000000000000000000000
:10F0100000000000000000000000000000000000F0
:10F0200000000000000000000000000000000000E0
:10F0300000000000000000000000000000000000D0
:10F0400000000000000000000000000000000000C0
:10F0500000000000000000000000000000000000B0
:10F0600000000000000000000000000000000000A0
:10F0700000000000000000007941020000000000D4
:10F080000000000000000000000000000000000080
:10F090000000000000000000000000000000000070
:10F0A0000000000000000000000000000000000060
:10F0B0000000000000000000000000000000000050
:10F0C0000000000000000000000000000000000040
:10F0D0000000000000000000000000000000000030
:10F0E0000000000000000000000000000000000020
:10F0F0000000000000000000000000000000000010
:10F1000000000000000000000000000000000000FF
:10F1100000000000000000000000000000000000EF
:10F12000000000000000000045E1020000000000B7
:10F130000000000000000000800400208004002087
:10F1400079590300000000000000000000000000EA
:10F150000000000000000000A0040020A004002027
:10F160000000000001000000B0040020B0040020F6
:10F17000B8040020B80400200000000001000000D6
:10F18000C8040020C80400200000000000000000A7
:10F19000000000000000000000000000000000006F
:10F1A000000000000000000000000000000000005F
:10F1B000000000000000000000000000000000004F
:10F1C00000000000000000000000000067FE0200D8
:10F1D00091CD01004DCF01000000000000000000B3
:10F1E000A9CB0100000000000000000006000000A4
:10F1F00000000000000000000000000055D00100E9
:10F200000000000000000000B4B003000000120085
:10F210000000000000000000000000007DD00100A0
:10F220000000000000000000E4B00300000018002F
:10F23000000000000000000000000000A5D0010058
:10F24000000000000000000014B1030000001800DE
:10F25000000000000000000000000000CDD0010010
:10F26000000000000000000044B103000000100096
:10F27000000000000000000000000000F5D00100C8
:10F28000000000000000000074B103000000100046
:10F290000000000000000000000000001DD101007F
:10F2A0000000000000000000A4B1030000001000F6
:10F2B00000000000000000000000000045D1010037
:10F2C0000000000000000000D4B1030000001200A4
:10F2D00000B20300000002002CB203000000020094
:10F2E000302E31342E3000000000000000000000FD
:10F2F000C49D030062000000609D03001400110023
:10F30000C49D030019000000609D0300060000007A
:10F3100000000000000000003E4600200200000047
:10F32000000000009113030084BB030000000000F4
:10F33000DCC3030006000100E1120200000000002F
:10F3400058C40300090000000D270300A006002098
:10F35000040000000000000040C503001F5103002E
:10F360000000000058C50300000001003CC5030078
:10F37000D551030000000000080700200000010034
:10F3800044C5030000000000191C0200000000003A
:10F390000000020038C5030057510300A1760200A7
:10F3A000F006002000000300000000000000000044
:10F3B000000000009D1B0200000000000000000093
:10F3C00044C503000000140000000000000000001D
:10F3D00000000000000400004404002000000000C1
:10F3E000000000000000000000000000000000001D
:10F3F000000000000000000000000000000000000D
:10F400000000000000000000A52C02000000000029
:10F41000000000005C0700205C07002000000000E6
:10F420000000000045680200A9460300000000003B
:10F430000000000000000000F16A02008D4003009F
:10F44000773F0300356502000000000098DC0300F0
:10F4500000000200A4DC030000000A00B4DC03008A
:10F46000000020000000000000000000000000007C
:10F4700000000000174D03000000000054DD0300F1
:10F480000000020060DD0300000002006CDD0300EC
:10F490000000020000000000E0070020E00700205C
:10F4A0000100000001000000F0070020F00700202C
:10F4B000F8070020F807002000000000010000000D
:10F4C00008080020080800200000000000000000DC
:10F4D000000000000000000000000000000000002C
:10F4E000000000000000000000000000000000001C
:10F4F000000000000000000000000000000000000C
:10F5000000000000000000000000000000000000FB
:10F5100000000000000000000000000008000000E3
:10F52000FF000000000000000100000000000000DB
:10F53000780800207808002080080020800800203B
:10F5400003000000000000000000000000000000B8
:10F5500000FFFFFF000000000000000000000000AE
:10F56000000000000000000000000000000000009B
:10F57000000000000000000000000000000000008B
:10F58000000000000000000000000000000000007B
:10F590000000000000000000E0080020E00800205B
:10F5A00028BD002000000000010000002C00000029
:10F5B00000000000FC080020FC080020807F0020E4
:10F5C00000000000010000009000000000000000AA
:10F5D000180900201809002054BD00200000000078
:10F5E00003000000100000000000000034090020AB
:10F5F0003409002000000000000000000E000000A0
:10F600004809002048090020000000000000000018
:10F610000E0000005C0900205C09002000000000D2
:10F62000010000006C0900206C09002000000000AF
:10F63000000000007C0900207C09002084090020D3
:10F640008409002000000000000000009409002050
:10F65000940900209C0900209C090020030003005D
:10F660000800000000000000B0D4030060B90020D2
:10F670000000000000000000C0090020C0090020B8
:10F68000C8090020C809002003000300080000008A
:10F690009541030058D90300C8BC002000000000B9
:10F6A00000000000EC090020EC090020F409002013
:10F6B000F409002003000300010000000000000026
:10F6C000D0C50300E0B200200000000000000000F0
:10F6D000180A0020180A0020200A0020200A002012
:10F6E000020002000800000000000000A0D4030097
:10F6F00020B600200000000000000000440A0020A6
:10F70000440A00204C0A00204C0A0020020002009B
:10F71000010000000000000050CF0300E8B300200B
:10F720000000000000000000700A0020700A0020A5
:10F73000780A0020780A00200A000A000100000070
:10F7400000000000C0C503003CB100200000000024
:10F75000000000009C0A00209C0A0020A40A00204F
:10F76000A40A0020040004000800000000000000BB
:10F77000B0C40300BCA60020000000000000000090
:10F78000C80A0020C80A0020D00A0020D00A0020A1
:10F79000010001000100000000000000E0C50300BE
:10F7A0003CB3002015E015E007695001100020006F
:10F7B0001DF1066FEA77F6F7C75D99444472370585
:10F7C000F82366CD959634526F750305A7B436FAC3
:10F7D00001002000FC5701DC6135E1323847BDC42F
:10F7E0000F04D2E5BEE5833B23C29F93593D000140
:10F7F0008CFA9994200000015B155E03832A4BC1AB
:10F80000CEFC698B640B9BBC060818D51C4E7DB8DA
:10F8100003943C2FC985C3D0AA947543579FDB231B
:10F82000CFFE3D66E5FA20BC3C671C1D2B55469C6F
:10F8300058E35DAAF33F5324FA89B2E7DC07FAF6EE
:10F84000B0842F0778B1BF9B4B6F1D24D8DEA999D8
:10F8500074D08F410E4B8E3E594071113FDEAEA2E7
:10F86000019B51849D1F7ABCC5F3F0565D9EDCB5AB
:10F870009AF5D0449E4727A94C0C11F0E080CAEDC0
:10F880005942320F3A22D76283CC823DEBC63B937A
:10F890001E095404C685F5DF298CAEABFF625DD02E
:10F8A000CC735965A9A1A4DECD2F7396F6E7B67285
:10F8B000F428B6C0069BA43CB7ADFBE8B25665B1D0
:10F8C00075B75965494EDB0D41F499E9521DB66093
:10F8D000C763715E4AB86DDC8ECF04FA55926F5FD4
:10F8E00091193C299F60A6180EAA31DD82FB6CFCA1
:08F8F0005B50323F82FFB0645F
:00000001FF
