:100000000068002001340100B7280200ED33010030
:10001000ED330100ED330100ED330100000000007D
:100020000000000000000000000000001136010088
:10003000ED33010000000000A5350100ED330100A3
:1000400065390100776B02006539010065390100EF
:100050006539010065390100653901006539010024
:10006000476B02006539010065390100616B0200D0
:100070006539010065390100653901006539010004
:1000800065390100653901006539010065390100F4
:1000900065390100653901006539010065390100E4
:1000A00065390100653901006539010065390100D4
:1000B00065390100653901006539010065390100C4
:1000C00065390100653901006539010065390100B4
:0C00D00065390100653901006539010047
:0400DC00FFFFFFFF24
:1000E0009FED197B70B51A4A1A4D002342F2200089
:1000F0002021A972288185F82130136082F82830E8
:1001000082ED027BAB7385ED067B1C4685F82210E1
:1001100085F8203005F1280202F814300134202C33
:10012000FAD101260C48EE730BF0F0FE0B4B187061
:100130000B4B1C700BF05AFF286008F059FF85F834
:10014000236070BDAFF30080FFFFFFFFFFFFFFFFE5
:10015000F015002070160020919A00002016002053
:10016000E815002081F0004102E000BF83F0004369
:1001700030B54FEA41044FEA430594EA050F08BF42
:1001800090EA020F1FBF54EA000C55EA020C7FEA06
:10019000645C7FEA655C00F0E2804FEA5454D4EB83
:1001A0005555B8BF6D420CDD2C4480EA020281EA4D
:1001B000030382EA000083EA010180EA020281EA85
:1001C0000303362D88BF30BD11F0004F4FEA0131D7
:1001D0004FF4801C4CEA113102D0404261EB4101E6
:1001E00013F0004F4FEA03334CEA133302D052426C
:1001F00063EB430394EA050F00F0A780A4F1010428
:10020000D5F1200E0DDB02FA0EFC22FA05F2801861
:1002100041F1000103FA0EF2801843FA05F3594147
:100220000EE0A5F120050EF1200E012A03FA0EFCC6
:1002300028BF4CF0020C43FA05F3C01851EBE371F0
:1002400001F0004507D54FF0000EDCF1000C7EEB0D
:1002500000006EEB0101B1F5801F1BD3B1F5001F4B
:100260000CD349085FEA30004FEA3C0C04F101046A
:100270004FEA445212F5800F80F09A80BCF1004F93
:1002800008BF5FEA500C50F1000041EB045141EA15
:10029000050130BD5FEA4C0C404141EB0101013CDE
:1002A00028BFB1F5801FE9D291F0000F04BF0146CD
:1002B0000020B1FA81F308BF2033A3F10B03B3F19F
:1002C00020020CDA0C3208DD02F1140CC2F10C022F
:1002D00001FA0CF021FA02F10CE002F11402D8BF8D
:1002E000C2F1200C01FA02F120FA0CFCDCBF41EA59
:1002F0000C019040E41AA2BF01EB0451294330BD28
:100300006FEA04041F3C1CDA0C340EDC04F1140404
:10031000C4F1200220FA04F001FA02F340EA0300DB
:1003200021FA04F345EA030130BDC4F10C04C4F121
:10033000200220FA02F001FA04F340EA0300294601
:1003400030BD21FA04F0294630BD94F0000F83F44B
:10035000801306BF81F480110134013D4EE77FEA2E
:10036000645C18BF7FEA655C29D094EA050F08BF7A
:1003700090EA020F05D054EA000C04BF194610465B
:1003800030BD91EA030F1EBF0021002030BD5FEA9F
:10039000545C05D14000494128BF41F0004130BDC7
:1003A00014F580043CBF01F5801130BD01F000451B
:1003B00045F0FE4141F470014FF0000030BD7FEA8E
:1003C000645C1ABF194610467FEA655C1CBF0B4689
:1003D000024650EA013406BF52EA033591EA030FA0
:1003E00041F4002130BD00BF90F0000F04BF002198
:1003F000704730B54FF4806404F132044FF00005CB
:100400004FF0000150E700BF90F0000F04BF002143
:10041000704730B54FF4806404F1320410F00045A9
:1004200048BF40424FF000013EE700BF42004FEAA4
:10043000E2014FEA31014FEA02701FBF12F07F4321
:1004400093F07F4F81F06051704732F07F4208BFD8
:10045000704793F07F4F04BF41F40021704730B5DF
:100460004FF4607401F0004521F000411CE700BF2B
:1004700050EA010208BF704730B54FF000050AE0AE
:1004800050EA010208BF704730B511F0004502D5AF
:10049000404261EB41014FF4806404F132045FEAB1
:1004A000915C3FF4D8AE4FF003025FEADC0C18BF5A
:1004B00003325FEADC0C18BF033202EBDC02C2F14C
:1004C000200300FA03FC20FA02F001FA03FE40EADE
:1004D0000E0021FA02F11444BDE600BF70B54FF0E2
:1004E000FF0C4CF4E06C1CEA11541DBF1CEA1355C0
:1004F00094EA0C0F95EA0C0F00F0DEF82C4481EA28
:10050000030621EA4C5123EA4C5350EA013518BF47
:1005100052EA033541F4801143F4801338D0A0FB34
:1005200002CE4FF00005E1FB02E506F00042E0FBE1
:1005300003E54FF00006E1FB03569CF0000F18BFE7
:100540004EF0010EA4F1FF04B6F5007F64F540748F
:1005500004D25FEA4E0E6D4146EB060642EAC62122
:1005600041EA55514FEAC52040EA5E504FEACE2E8F
:10057000B4F1FD0C88BFBCF5E06F1ED8BEF1004F92
:1005800008BF5FEA500E50F1000041EB045170BD0E
:1005900006F0004646EA010140EA020081EA030152
:1005A000B4EB5C04C2BFD4EB0C0541EA045170BD4E
:1005B00041F480114FF0000E013C00F3AB8014F1C8
:1005C000360FDEBF002001F0004170BDC4F1000411
:1005D000203C35DA0C341BDC04F11404C4F1200592
:1005E00000FA05F320FA04F001FA05F240EA0200ED
:1005F00001F0004221F0004110EBD37021FA04F623
:1006000042EB06015EEA430E08BF20EAD37070BDDC
:10061000C4F10C04C4F1200500FA04F320FA05F03B
:1006200001FA04F240EA020001F0004110EBD3703D
:1006300041F100015EEA430E08BF20EAD37070BDAD
:10064000C4F1200500FA05F24EEA020E20FA04F386
:1006500001FA05F243EA020321FA04F001F0004135
:1006600021FA04F220EA020000EBD3705EEA430EA6
:1006700008BF20EAD37070BD94F0000F0FD101F0D5
:100680000046400041EB010111F4801F08BF013C0E
:10069000F7D041EA060195F0000F18BF704703F04C
:1006A0000046520043EB030313F4801F08BF013DD3
:1006B000F7D043EA0603704794EA0C0F0CEA13558F
:1006C00018BF95EA0C0F0CD050EA410618BF52EA49
:1006D0004306D1D181EA030101F000414FF000004F
:1006E00070BD50EA410606BF1046194652EA43065D
:1006F00019D094EA0C0F02D150EA013613D195EAD1
:100700000C0F05D152EA03361CBF104619460AD118
:1007100081EA030101F0004141F0FE4141F4700122
:100720004FF0000070BD41F0FE4141F4780170BD12
:1007300070B54FF0FF0C4CF4E06C1CEA11541DBF77
:100740001CEA135594EA0C0F95EA0C0F00F0A7F879
:10075000A4EB050481EA030E52EA03354FEA0131A6
:1007600000F088804FEA03334FF0805545EA1313B9
:1007700043EA12634FEA022245EA111545EA106581
:100780004FEA00260EF000419D4208BF964244F118
:10079000FD0404F5407402D25B084FEA3202B61A37
:1007A00065EB03055B084FEA32024FF480104FF40B
:1007B000002CB6EB020E75EB030E22BFB61A75467F
:1007C00040EA0C005B084FEA3202B6EB020E75EB12
:1007D000030E22BFB61A754640EA5C005B084FEA7A
:1007E0003202B6EB020E75EB030E22BFB61A754647
:1007F00040EA9C005B084FEA3202B6EB020E75EB52
:10080000030E22BFB61A754640EADC0055EA060E12
:1008100018D04FEA051545EA16754FEA06164FEA55
:10082000C30343EA52734FEAC2025FEA1C1CC0D101
:1008300011F4801F0BD141EA00014FF000004FF08E
:10084000004CB6E711F4801F04BF01430020B4F14F
:10085000FD0C88BFBCF5E06F3FF6AFAEB5EB030C07
:1008600004BFB6EB020C5FEA500C50F1000041EB04
:10087000045170BD0EF0004E4EEA113114EB5C04D1
:10088000C2BFD4EB0C0541EA045170BD41F48011A4
:100890004FF0000E013C90E645EA060E8DE60CEAAC
:1008A000135594EA0C0F08BF95EA0C0F3FF43BAFC9
:1008B00094EA0C0F0AD150EA01347FF434AF95EA80
:1008C0000C0F7FF425AF104619462CE795EA0C0F64
:1008D00006D152EA03353FF4FDAE1046194622E731
:1008E00050EA410618BF52EA43067FF4C5AE50EA0B
:1008F00041047FF40DAF52EA43057FF4EBAE12E7FB
:1009000053B94AB9002908BF00281CBF4FF0FF3176
:100910004FF0FF3000F00CB8ADF1080C6DE904CEDB
:100920000BF070FDDDF804E0DDE9022304B0704750
:10093000704700BF2DE9F00791E8F807B2E8021010
:100940005B1854EB0C04B2E802104D4156EB0C0658
:10095000B2E802104F4158EB0C08B2E8021059EB14
:1009600001095AEB0C0A80E8F80780410130BDE824
:10097000F00770472DE9F00791E8F807B2E8021098
:100980005B1A74EB0C04B2E802108D4176EB0C0696
:10099000B2E802108F4178EB0C08B2E8021079EB54
:1009A00001097AEB0C0A80E8F80780414042BDE873
:1009B000F00770472DE9F007524290E87800B1E85F
:1009C00080071740DB1918EA020854EB080419EAFB
:1009D000020955EB09051AEA020A56EB0A0678C025
:1009E00090E87800B1E8800717407B4118EA0208D8
:1009F00054EB080419EA020955EB09051AEA020A40
:100A000056EB0A0678C080410130BDE8F007704718
:100A10002DE9F007524290E87800B1E880071740CE
:100A2000DB1B18EA020874EB080419EA020975EBEB
:100A300009051AEA020A76EB0A0678C090E87800FF
:100A4000B1E880071740BB4118EA020874EB0804BC
:100A500019EA020975EB09051AEA020A76EB0A0699
:100A600078C080414042BDE8F00770472DE9F001B1
:100A700052424FF0040890E8300091E8C000A31BF8
:100A80001340E41AF618EB1B1340ED1AFF1830C0A0
:100A9000C0C1B8F10108EED1BDE8F001704700BF58
:100AA00000B592EC080AB1E8805707EE101A53EC33
:100AB000102A56EC114AA7FB0251A8FB020BE7FBD8
:100AC0006310E9FB62B041EC145AA8FB0351EAFB46
:100AD0006201E7FB64B5E7FB6605E8FB661505EE1A
:100AE00010BAA9FB03B6EAFB6316ECFB6356E8FBFE
:100AF000640BE9FB641BEAFB645BECFB646B05EED7
:100B0000900AACFB023012EE104AEEFB6250E9FB99
:100B10006460EAFB64B0E7FB6431E8FB645112EE09
:100B2000904AE8FB6461E9FB64B1EAFB640106EE0C
:100B3000103AA7FB043213EE104AE7FB6462E8FBAD
:100B400064B2E9FB6402EAFB641211EE904AE9FB2D
:100B50006453EAFB646313EE904AE7FB64B3E8FB7B
:100B60006403E9FB6413EAFB642306EE905A17EE74
:100B7000109A99E8000610EE108AA9FB0854EAFBC7
:100B800068B412EE108AECFB6804EEFB6814E9FB13
:100B90006824EAFB683410EE908AEEFB6865E9FB96
:100BA00068B5EAFB680512EE908AECFB6815EEFB6F
:100BB0006825E9FB6835EAFB684507EE106A11EE27
:100BC000108AAEFB0876E9FB6806EAFB681613EEAE
:100BD000108AECFB6826EEFB6836E9FB6846EAFB08
:100BE000685611EE908AECFB68B7EEFB6807E9FBEC
:100BF0006817EAFB682713EE908AECFB6837EEFB78
:100C00006847E9FB6857EAFB686700BD2DE9F04FCC
:100C100007EE900AFFF744FF17EE908A07EE90BAAE
:100C2000A8EC084A88E8FF00BDE8F08F00B591E81D
:100C30009857A3FB0352A3FB0401E3FB6420E3FBEF
:100C4000671042EC145AA3FB0752E3FB6802E4FB73
:100C50006415E3FB6805E3FB6925A4FB07B6E3FB2A
:100C60006926E3FB6A56E4FB670BE4FB682BE3FBB6
:100C70006A5BE3FB6C6B40EC151AA4FB0810E4FB09
:100C80006950E3FB6C60E3FB6EB0E7FB6721E4FBBC
:100C90006951E4FB6A61E3FB6EB1E4FB6E0106EEB1
:100CA000102AA7FB0832E4FB6A62E4FB6CB2E4FBA7
:100CB0006E02E7FB6E12E7FB6853E7FB6963E4FB38
:100CC0006CB3E7FB6C03E7FB6E13E8FB6E2306EEE9
:100CD000905AA7FB0954E7FB6AB4E7FB6C04E8FBF6
:100CE0006C14E8FB6E24E9FB6E34E8FB6865E7FBF7
:100CF0006AB5E8FB6A05E8FB6C15E9FB6C25E9FBC6
:100D00006E35EAFB6E4507EE106AA8FB0976E8FB34
:100D10006A06E9FB6A16E9FB6C26EAFB6C36EAFB1D
:100D20006E46ECFB6E56E8FB69B7E9FB6907E9FB29
:100D30006A17EAFB6A27EAFB6C37ECFB6C47ECFBB3
:100D40006E57EEFB6E6700BD2DE9F04F07EE900A7F
:100D5000FFF76CFF17EE908A07EE90BAA8EC084AEE
:100D600088E8FF00BDE8F08F30B44FF0000310F8C2
:100D7000014B11F8015B013A84EA050443EA0403DC
:100D8000F5D1A3F101034FEAD37030BC704700BF27
:100D90004FF0000310F8012B013943EA0203F9D1A7
:100DA000A3F101034FEAD370704700BF30B411F8CC
:100DB000014B12F8015B6C4000F8014B013BF6D18E
:100DC00030BC70472DE9F00791E8F807B2E802104F
:100DD0005B1854EB0C04B2E802104D4156EB0C06C4
:100DE000B2E802104F4158EB0C08B2E8021059EB80
:100DF00001095AEB0C0A8941B3F1FF3374F1FF3456
:100E000075F1FF3576F1000677F1000778F10008FB
:100E100079F101097AF1FF3A51F100015B184C4177
:100E20004D4156F1000657F1000758F1000859EB03
:100E3000D1795AEB010A80E8F807BDE8F00770475E
:100E40002DE9F00791E8F807B2E802105B1A74EB9D
:100E50000C04B2E802108D4176EB0C06B2E80210E9
:100E60008F4178EB0C08B2E8021079EB01097AEBBC
:100E70000C0A89415B184C414D4156F1000657F16F
:100E8000000758F1000859EBD1795AEB010A80E8C4
:100E9000F807BDE8F007704718EB040859EB05099F
:100EA0005AEB060A5BEB070B5FF0000C4CF1000CF1
:100EB00018EB050859EB06095AEB070A5BEB070B21
:100EC00050EB0C005FF0000C51EB0C0152EB0C02EC
:100ED00063414CF1000CB8EB070879F100097AF195
:100EE000000A7BEB040BA841B141A241B3416CF174
:100EF000000CBBEB050BB041B941AA41BB416CF101
:100F0000000C4CF001068CF0020718EB060859EBB8
:100F10006C095AEB6C0A7BEB6C0B70EB6C0471EB9D
:100F20006C0572EB670653EB6C076CEB6C0C18EB03
:100F30000C0059EB0C015AEB0C025BF1000354F16D
:100F4000000455F1000556EBDC7657EB0C077047B3
:100F50002DE9F04F07EE900AFFF7A2FD59EC168A33
:100F600017EE10AAFFF798FF59EC148A5BEC15AA4C
:100F7000FFF792FF17EE908A88E8FF00BDE8F08F38
:100F80002DE9F04F07EE900AFFF750FE59EC168A54
:100F900017EE10AAFFF780FF59EC148A5BEC15AA34
:100FA000FFF77AFF17EE908A88E8FF00BDE8F08F20
:100FB0001FB50B4B01934FF48C73ADF80830082329
:100FC0008DF80A3083788DF80B3001A9FF230120BA
:100FD0008DF80C3000F084FB05B05DF804FB00BF19
:100FE000FFF400001FB50A4B01934FF43673ADF8C0
:100FF000083008238DF80A3001A943788DF80B30AA
:1010000000208DF80C0000F06BFB05B05DF804FBD0
:101010008DF90000F7B504460D4641B9124B1B7817
:10102000012B04D0019101A80121FFF7F3FF2368F0
:101030000E4E0F4F0733002D23F0070323600CBF24
:101040002046002000F028FB002556F8043B0BB199
:10105000384698470135032DF7D100F091FB2368FE
:101060001844206003B0F0BDD009002040000020EB
:10107000D20900202DE9F7432A4C0190074601A828
:101080000E46FFF7C7FFA578E3784FF000091D442F
:10109000EDB2C8465FFA89F39D4238D80198033013
:1010A00020F00300002E0190414618BF002000F000
:1010B000A9FC019B21791D18019589B16379627C96
:1010C0000335002E25F003051A44D2B2A3890195F9
:1010D0000CBF2846002000F009FD019B1844019038
:1010E000A17B79B123796BB1019B073323F007030F
:1010F000002E0CBF18460020019304F0ABF8019BB2
:10110000184401900198C01B03B0BDE8F083A37A96
:10111000627A217AE0790CF009F809F1010980443A
:10112000B8E700BFD00900208FB572B6194B9D6A91
:10113000E5B9BFF34F8F1849184BCA6802F4E06253
:101140001343CB60BFF34F8F00BFFDE7B4FBF6F452
:10115000DAB20133002CF9D102F110036B440A26F4
:1011600003F80C4C32B901A8A847E2E70446002373
:101170000A26EDE7531E04AC54FA83F4DAB2C3B284
:10118000B3FBF6F706FB1733303304F80C3CB0FB27
:10119000F6F0E7E7D009002000ED00E00400FA05D2
:1011A0001FB5104B9A7A8DF809205A7A8DF80820CD
:1011B00002A81A7ADB79ADF80C20ADF80A3002F0FB
:1011C0003FFC18B1DB210320FFF7AEFF012301A88C
:1011D0008DF804300DF01CF808B1DF21F3E705B0FD
:1011E0005DF804FBD009002038B5044690B30AF03E
:1011F00019FD10B94FF0FF3038BD07F077FBB0F59F
:10120000FA7FF7D8164D1748AC6200F0E5F9164B97
:1012100028460024C3E900449C6000F8024B2622C3
:1012200021460BF07DF80123EB702B711B23EB7132
:1012300040F21B332B810223AB721F23AB810823A7
:10124000AB73EFF3108572B600F026FD2DB962B6D0
:101250002846D1E76FF01500CEE72046CCE700BF67
:10126000D0090020A11100004000002010B5002886
:1012700036D1204C2378022B2FD059B1002A32D0FE
:10128000023905292CD8DFE801F0030F1D2B20239C
:101290001378E37001210020FFF7ECFEB0F5803FEA
:1012A00024DA0123237010BD9378E3B1D378D3B14E
:1012B00013781A2B17D953781A2B14D91368C4F83A
:1012C0000730E7E713782371E4E71388A381E1E7A8
:1012D0001388FF2B07D8A373DCE74FF0FF30E2E75A
:1012E0006FF02C00DFE76FF01500DCE76FF00B000C
:1012F000D9E700BFD009002070B50D460646E8B119
:10130000E1B111F0070419D100F0A4F8C8B13046DA
:101310000AF0FCFD0C4E214686F82C002846FFF70B
:10132000A9FE0EF075FB96F82C00214602F01CFC7D
:10133000FFF736FF02233370204670BD6FF01500B3
:10134000FBE74FF0FF30F8E7D009002010B5074C5D
:101350002378022B05D102F01FFC94F82C000AF030
:10136000F1FD0BF0D0FF0020207010BDD00900204F
:1013700050B1074B03F1140253F8041B40F8041B4F
:101380009342F9D1002070476FF01500704700BFFD
:101390000CD4020010B5064B1C7834B902F0AEFB39
:1013A000044B054A5A60204610BD4FF0FF30FBE762
:1013B000D009002040000020B10F000010B5064BFE
:1013C0001C7834B902F0AEFB044B054A1A60204683
:1013D00010BD4FF0FF30FBE7D00900204000002097
:1013E000E50F000010B5054B1C781CB902F052FB4C
:1013F000204610BD4FF0FF30FBE700BFD0090020B2
:1014000010B5054B1C781CB90CF018FF204610BD18
:101410004FF0FF30FBE700BFD009002010B5054BAF
:101420001C781CB90CF00DFF204610BD4FF0FF30AA
:10143000FBE700BFD0090020024B02681A600020C1
:10144000704700BF000A0020014B1B68184700BF0F
:10145000000A0020024B1868003818BF01207047AE
:10146000000A00202DE9F341284E031D0446336095
:10147000304603F0B9F90228054607D12349204632
:101480000BF02FF9284602B0BDE8F081042836D1D0
:101490003378072B18D13E2000F04EF878B9F37856
:1014A000327901A943EA02236846ADF800300BF017
:1014B000E6FB0028DCD053210820FFF735FE05208D
:1014C00000F07AF80028EAD0314620460BF070F997
:1014D000B0F5817F01D37221EEE70028C8D02778CC
:1014E00094F80280384600F027F80028C0D03E2F3C
:1014F000C8D1404600F060F80028C3D1B8E70828FA
:10150000C0D1024920460BF01BF9BBE7040A0020BA
:10151000074B4FF0FF3141F6FF72C3E90012054956
:101520000022C1E900221F21C3E90212704700BF57
:1015300000000020480A00203F280CD801380B4B3F
:10154000C0F3421200F01F0053F8223023FA00F0DB
:1015500000F001007047FF2806D04038C0F3421267
:10156000034B00F01F00EFE7012070470000002050
:10157000480A00200146074B006849681A4603C222
:1015800040F48C221A6041F0107242F4FF625A60FB
:10159000704700BF000000200246024B00685168FF
:1015A00003C37047480A00200246024B0068516896
:1015B00003C37047080000200138064BC0F34212F5
:1015C00003EB820300F01F009B6823FA00F000F099
:1015D0000100704700000020014B1860704700BFF9
:1015E000500A002007B5FFF793FF0CF086FA044B72
:1015F0001B6813B101909847019803B05DF804FB94
:10160000500A00200B880288F0B5C3F30E049EB286
:1016100004F11803C57CC35A05352A442B4497B2FC
:1016200013FA82F3013B4288B3FBF7F313FB074342
:101630009BB29A42044A93BF22EA06033240134304
:101640009BB20B80F0BD00BF0080FFFF10B5114BB7
:1016500000EB41041A786389B3FBF2F303FB022326
:10166000013A1A44B2F5706F027928BF00231A4478
:101670008378B2FBF3F0194403FB1020091AB1FB85
:10168000F3F003FB101313446FEA43436FEA534331
:10169000638110BD540A002010B5104BC8B15A78B0
:1016A000022A04D040F22B111720FFF73DFD032240
:1016B0005A70026812F0070102D04FF49871F3E7F4
:1016C0005C685A6022440260C3E903119A60596160
:1016D00010BD0122C3E901005A70F9E7540A002045
:1016E0002DE9F041254E96F801E00EF0FD0CBCF11D
:1016F000010F04D040F245111720FFF715FD91F8B6
:101700000680B8F1080F02D940F24711F4E7CF790B
:1017100097B34546022D726838BF02257B1D5C00D9
:1017200002EB43036A1E13446D422B408D884544EF
:10173000013DC8F100022A404FF6FE75AA4202D9C7
:101740004FF4A971D8E7BEF1030F12D106EB800068
:101750001C1BC56815B140F25711CDE7C460A770D6
:10176000228084F803C0087A09682071080CE080A0
:10177000218107FB02337360BDE8F081540A002029
:101780002DE9F047364C6378012B65D0032B04D04C
:1017900040F267111720FFF7C7FCD4E901329A42E3
:1017A00002D04FF4B571F5E72546002305F80C3B50
:1017B0001E460222994655F82200013A58B190F887
:1017C00004808178B8F1FF0F2FD180F804908E4209
:1017D0003CBFCEB20123511CEDD103B126700226CD
:1017E00040F6FF6955F826709FBB013EFAD20423EC
:1017F00063700020BDE8F08755F82CE0BEF1000FC3
:1018000006D09EF804A0C24504BF9EF802E07744CB
:101810000CF1FF3CBCF1000FEEDA3944FF2907D987
:1018200003B126704FF48371B4E794460027F1E7C3
:101830000771CCE707EB41033846A3F80A90FFF79E
:1018400005FF08F10108BB785FFA88F18B42F1D8F7
:10185000CBE74FF00008F6E7022360686370C9E742
:10186000540A0020F8B54FF6FF730380184B03EBC2
:1018700081010546C868B8B186780379B3FBF6F2F2
:1018800006FB1233DBB219460A1D00EB4202B2F925
:1018900002705488002F09DB0131B1FBF6F206FB20
:1018A0001211C9B28B42EFD10020F8BDFF29FBD045
:1018B000C4F30E03C4782B8024B94FF4D9711720D8
:1018C000FFF732FC5380BDE8F8400BF00EBC00BFC0
:1018D000540A00201D4B03EB810170B5CC6805460E
:1018E00044B3030404D54FF4E0711720FFF71CFC48
:1018F000014620460BF0DBFBFF28014604D02046C2
:10190000BDE870400BF0F1BBA078B5FBF0F300FB35
:101910001353DBB219460A1D04EB4206B6F9026006
:10192000002E09DB0131B1FBF0F200FB1211C9B24C
:101930008B42F0D1002070BDFF29FBD08B4204EB1D
:1019400042021CBF0023E3705580D8E7540A0020F0
:10195000094B03EB810110B5CC68014620460BF022
:10196000A6FBFF28014604D02046BDE810400BF03E
:10197000BCBB002010BD00BF540A0020F8B5104BBE
:1019800003EB81010746CC68014620460BF08FFB34
:10199000FF28054611D0E688238953EA064606D07B
:1019A000014620460BF0A1FB01463846B0472046D1
:1019B0002946FFF74BFE0020F8BD0320FCE700BFDF
:1019C000540A002038B50E4B827903EB820304469B
:1019D000D86808B9022038BD8278E1799142F9D2FD
:1019E0004B1CE37100EB41035D89B3F90A30002B16
:1019F000F3DBA5800BF079FB20600020EBE700BF54
:101A0000540A002070B5044610F003000E4603D0BF
:101A100049211820FFF788FB0BF0EEFA054624B1A8
:101A20000348314604600BF0E7FA284670BD00BF5A
:101A30006C0A00202DE9F04F1E4C85B092462268BA
:101A4000BDF83CB098468146BDF838300D461AB90D
:101A50005B211820FFF768FB1A460A2150460393C2
:101A60000BF075F95A460646092140460BF06FF90E
:101A70003118074620680BF0E9FA039BC9F800000B
:101A800018B9286005B0BDE8F08F84192C60D9F82A
:101A900000000093524631460A230BF00AF92868E9
:101AA000CDF838B009234246394605B0BDE8F04FBD
:101AB0000BF0FFB86C0A002070B50E4604460BF020
:101AC0004FF9054630460BF04BF9044B2A182146D6
:101AD0001868BDE870400BF0E3BA00BF6C0A002044
:101AE000014B18680BF0A5BA6C0A0020F8B5114438
:101AF0001D4EC9B210F00305317003D04D210920ED
:101B0000FFF712FB1F2B19D89B009BB2033323F066
:101B100003039BB208B17060338101EB81047668E6
:101B2000E2004FF0010C00EBC404EFB2B94212D84E
:101B3000D01D03FB010020F00700F8BDFF2B4FEA8A
:101B4000430204D9FF339342DFDB93B2DEE77C2A02
:101B5000FBDC7C23DAE710B186F800C07460013545
:101B600028361C44E1E700BF700A002038B5144A4B
:101B7000147853680021C8B2844203D8A8210920F0
:101B8000FFF7D2FA1846013105782833002DF2D03C
:101B90000021817001241289447044688161C1610F
:101BA000920800F12001051D21F8022B994245F809
:101BB000044B1444F8D100234361037038BD00BFC7
:101BC000700A00202DE9F8434B7880460C4602F05D
:101BD000040602F0FB07D3B1DFB12E4BD4F804901A
:101BE0001D89B7BB01236370AD08A761E76104F1EC
:101BF00020034A46211D04F1280023F8025B984285
:101C000041F8042B2A44F8D10023636101E0002F3E
:101C1000E3D0FF23A370002E18BF0226A3191B7D5B
:101C2000032B03D1022F1CBF0136F6B2A3190122E8
:101C30001A7506F10C0204EB8606002324F8123014
:101C40007268A370C8F80020A8F804304046BDE8C8
:101C5000F883002114226170A0180AF061FBB5F529
:101C6000FF7F0FD26B08ED1AADB209EB0502C4F885
:101C700004902584A2606384C4F80C90A58422613A
:101C8000E384C6E7B5F5EE6F4FF0FF03EBD940F202
:101C90007265EAE7700A0020134B012200214FF021
:101CA000FF309A60C3F80012C3F80803C3F80015A8
:101CB000C3F804259A60C3F80803C3F80015C3F8F5
:101CC00004250A490A4A03F580334FF40040C3F85B
:101CD0000825C1F88000BFF34F8FBFF36F8FC1F8A5
:101CE0008001C3F80825704700F0004000E100E0E3
:101CF0000000F63F0A46192302F8033B0448C36874
:101D0000C1F803300369536043699360704700BFB3
:101D1000800A0020024B5A8C02435A845B6A18479F
:101D2000800A0020014B00215B6A1847800A0020CE
:101D300010B5154C05F032FF05F052FB208DFFF772
:101D4000F1FF237E6BB12246104952F80C3BE36051
:101D500063685360A368936004F1190002220CF0D9
:101D600068FF236B93F87030022B02D1084803F010
:101D700027FAA36B94F8341094F8350098470023A1
:101D800084F83C3010BD00BF800A0020F51C000024
:101D9000AC0A0020034B93F83C300BB1FFF7C8BFEF
:101DA000704700BF800A002070B51D4C256B636C26
:101DB000236495F89C30064694F848000BB1031D47
:101DC000D8B295F869102EB9FF2803D195F868307C
:101DD0008B4201D005F0A4FD95F89C30D3B1E06CA6
:101DE00006F05EF8012384F86830D5E94023E16C01
:101DF000206CC4E9182305F0A9FA16B9304606F09C
:101E00008DF895F86810002006F0D2F8022384F8C7
:101E10003C3070BD206C06F043F805F0E1FAECE7C9
:101E2000800A00202DE9FF41414C94F83C30266B9C
:101E3000012B05460F465FFA83F804D040F2754146
:101E40002720FFF771F996F88C303BB1002186F816
:101E50008C100420FFF75EFF86F88E80A16F0B7850
:101E600003F00303032B05D196F8923013B9022037
:101E7000FFF750FFA26F137803F00303032B03D087
:101E80005378002B3FD1012386F8923096F89C308E
:101E9000BBB1D6E94001236B94F848200392C4E912
:101EA00018014FF0010893F8690084F868800BF07E
:101EB0002CFA002103460091039A1E49404605F082
:101EC000FFF9DDB9D7B1E36F28469847B0B194F870
:101ED00034309BB994F88030D906C3F300125CBF4C
:101EE000636C1D78D4F884305CBFC5F30015C5F170
:101EF000010553B9B4F888303BB132B904B0BDE83C
:101F0000F041FFF715BF0223BEE7638C9A0709D59E
:101F1000A36FDB78022BF1D1002004B0BDE8F041C3
:101F2000FFF742BF002DE9D1002BF5D0E6E700BF57
:101F3000800A0020D00A002008B5094B93F83C2005
:101F4000022A04D04FF40F712720FFF7EDF8DA7A58
:101F500042F00102DA72BDE80840FFF7E9BE00BFB7
:101F6000800A0020044B93F83C2002F0FF000AB9DD
:101F7000187670470C207047800A00200A4B0B4AE5
:101F800070B506460D461A60FFF7ECFF18B1DE216A
:101F90002720FFF7C9F8064C012104F18A000CF054
:101FA00038FD6664E56470BD4C0000205C270000CD
:101FB000800A0020024B012283F8AC20704700BF4A
:101FC000800A0020F0B57F4C85B002AE86E80300A1
:101FD00094F83C100A9F01F0FF0511B90AB103B152
:101FE00027B940F24F112720FFF79EF896E803002B
:101FF00004F12C0C8CE8030084F8AC5084F83450C5
:1020000084F8AD5084F8355084F8AE506584258549
:10201000256BE3676262A76305F0C0FC05F0E0F999
:1020200095F96C0005F04CFD686A05F02BFFE86936
:1020300005F04CFD95F8AC0005F06EFD236B93F8B0
:10204000FF310BB105F098FC95F86910012005F0FF
:1020500035FE002800F0B4805B4B5C4E186805F03C
:1020600017FF2B69C4F8B0306B69C4F8B43005F5BC
:102070008C7705F5847318685968324603C20833B3
:10208000BB421646F7D1D5F81821C4F869205A6822
:102090004F4B5A60236B93F89620A2F1250101293A
:1020A00093F868100E4603D993F89700252853D16A
:1020B00093F8AE322BB1012E03D0012B14BF0226B0
:1020C000012605F13007314638460CF042FE314614
:1020D0000CF0F8FAAB8F95F86910984228BF1846B3
:1020E00084F8B80038460CF01DFE95F8691095F894
:1020F0009C70B5F84460082908BF04210CF0E2FA8E
:102100000FB9043080B2B04228BF304695F89C30F9
:10211000C6B284F8486093B1D5E9402395F86900C8
:102120000127C4E9182384F868700BF0EEF8002248
:102130000346009225493246384605F0C1F8012091
:10214000FFF732FE234BD3F8503523F00803032B5F
:102150002AD140F2F91146E7203A012A0CD8232867
:1021600093F83E210AD012F0010319D19207A8D5A5
:10217000012918BF0226A4E723280DD193F83E2198
:1021800093F86130134013F001020BD19B0798D5EF
:10219000012908BF0E46ECE7042908BF082690E78E
:1021A0001E468EE716468CE7002323606360A3601B
:1021B000B5F8903063802B88238095F8AC3023717C
:1021C00005B0F0BD800A00204C000020D00A00209D
:1021D000E90A00200010004008B50C4B93F83C20A1
:1021E0001AB9BDE80840FFF7A3BD93F83C20022AC6
:1021F00004D040F212212720FEF796FF1B6BD3F884
:102200001802BDE8084005F05DBE00BF800A00204E
:10221000014B1876704700BF800A0020014B93F8ED
:10222000AE007047800A0020024B188DC0F380205A
:10223000704700BF800A0020014B93F8AD00704743
:10224000800A00202DE9F3411E4D82072C6B0646C3
:102250000F4622D5D5F8843023B940F266412720B5
:10226000FEF762FFB5F88820296C1846033291F812
:10227000018009F0DFFF0DF1020201A92864D5F801
:10228000B4000AF0AFFE01980AF096FE0122386011
:102290004146D5F8B4000AF03BFEF3070ED5D4E969
:1022A0004032013342F10002C4E9403294F89430E4
:1022B000012B0CBF0023012384F8943002B0BDE849
:1022C000F08100BF800A00202DE9F04FA04C0023D0
:1022D00087B0CDE9043394F83C30276B022B80465D
:1022E0008A4604D04FF49D612720FEF71DFF238D01
:1022F000590606D44020FFF715FD238D43F0400317
:10230000238597F89C30B8F1000F00F01281A3B13B
:1023100005F094F805F078F878B9236C5A7862B132
:102320001B7897F89420C3F3C0039A4205D1012388
:1023300084F83530FFF7FCFC4FE1236C5978A4F8A2
:10234000881011B3D4F8B4000AF0B8FDC4F88400C2
:10235000238D97F8932043F480732385236C1B7897
:10236000C3F380039A4200F0B980256B95F8923050
:10237000002B3ED0022B12D1D4F8B00004A90AF0F1
:1023800034FD28B94FF47971AEE7C4F88410DFE763
:10239000D5E93E32013342F10002C5E93E3295F8FB
:1023A0008E30002185F8921023B185F88E10102010
:1023B000FFF7B0FC95F88D309BB1002685F88D6055
:1023C00001F0BEFD10B940F2FB318DE73146082027
:1023D000FFF7A0FCD5E93E32013342F10002C5E926
:1023E0003E3295F89330012B0CBF0023012385F872
:1023F0009330238D43F4806323854FF0000B216CD1
:1024000097F894200D78C5F3C0039A4240F0868077
:1024100005F00305032D266B62D0002D6BD196F8D5
:102420009430013B18BF012386F89430236C5B780D
:1024300033B1D6E94032013342F10002C6E94032FD
:1024400097F89B3093B1D7E93E01236BC4E918019B
:10245000002693F8680084F868600AF056FF3D494A
:1024600000960346FB22304604F02AFFBAF1000F23
:1024700072D1628C94F8AD30120703D5A26FD27876
:10248000022A69D0012B67D8E36F01209847002802
:1024900062D094F83490B9F1000F5DD1266B94F8B6
:1024A000483096F89C208DF80D90002A40F09880D6
:1024B000FF2B96F8681003D196F869308B4202D052
:1024C000FF2005F02DFA96F89230032B00F22F81B1
:1024D000DFE813F089000E0111012401C3468EE7E5
:1024E000238D012043F4006386F88C002385FFF7D9
:1024F00011FC002593E74B78002BFAD0228DD4F8FD
:10250000845042F400622285002D99D0FB2B07D81D
:1025100094F8AC305BB12020FFF704FC00258FE776
:1025200094F8343043F0100384F83430F6E745462D
:1025300075E70BB104F0B8FF94F8AD30013384F8BF
:10254000AD30238D002543F400732385AB4677E738
:10255000800A0020D00A002005F04AFD4FF0010A51
:102560001DB105A90220FFF76DFEBBF1000F0DD0D4
:10257000B4F80720B4F805301343B7F8902013439C
:102580001EBFB4F809300133A4F80930B8F1000FC8
:1025900000F0D580B4F805300133A4F805300023ED
:1025A00084F8AD30694802F0E9FD049840B10AF0C2
:1025B00003FD216B00234372072201300CF027FB3F
:1025C000059B33B1216B00221A720C2205980CF086
:1025D0001EFBBAF1000F7FF4ADAE07B0BDE8F08F7F
:1025E0000433DBB264E794F8B830ADF80E305848E5
:1025F000A6F8583001F094FC00285DD0A16F80202F
:10260000FFF788FB012386F88D3096F89330A26F90
:10261000DB0003F00801137803F0F3030B4396F893
:102620009410890001F004010B4323F0100103F022
:102630000303032B117002D1D378022B0FD0D4F8EF
:10264000B0000AF01AFC40B9A36F1B7803F0030333
:10265000032B04D001F08AFC08B94FF01009A06FD9
:10266000037849EA030980F8009096F89B30002B24
:1026700060D04378002B5DD0E06C05F011FC0023A6
:1026800084F86830D6E93E23A16FE06CC4E91823D2
:1026900004F05CFE96F86910012005F089FCA26F39
:1026A0001188A4F8801091782A4A012384F8AE306A
:1026B000917084F83C3053E7D4F8B0000DF10D026E
:1026C0000DF10E010AF06EFBA06788B196F8D730C5
:1026D00073B99DF80D302BB903808370A06F012171
:1026E0000CF097F9BDF80E10A06F0CF05FFA8CE7B4
:1026F000194BA36789E7B6F85830D4F8B000ADF8A5
:102700000E300DF10D020DF10E010AF04BFBA0672A
:1027100000287FF47AAF40F2D521E5E50C4801F0BE
:10272000FFFB00287FF471AF40F2DE21DCE540F2D0
:10273000EB21D9E505F0B4FB04F052FEAAE7B4F8AA
:1027400007300133A4F807302CE700BFAC0A0020A3
:10275000F80A0020000B00200A0B0020391F00009F
:10276000C9220000251E0000951D00000B2808B599
:1027700004D94FF452710620FEF7D6FC014B33F812
:10278000100008BD409302002DE9F04F2DED028BA3
:102790008BB0044615460293894690F869B00BF059
:1027A0009BFD064694F80002FFF7E0FF94F897308F
:1027B0000393304485F0010386B2059355BB94F82A
:1027C0004C32032B26D1039B0D2B23D1B4F8AC3212
:1027D0004B451FD1D4F85432C4F84032A369B4F841
:1027E0001E22C4F84432B4F892321344C4F848327A
:1027F000204604F085FCD4F8B032A362B4F8AE32BF
:10280000A385D4F8B432A361D4F8B832236202238A
:1028100084F84C32B4F89072B4F89080A9EB0707B2
:102820003FB204F51A73002F08EE103AB7BFD4E98F
:10283000A023029BC4E9A22301230493CD4BA9EB5F
:1028400008081B780FFA88F8B8BF474603F0FF0561
:10285000002B53D006F0CAF800286FD0B4F83432F9
:10286000012B6BD994F84C32022B67D094F862524A
:10287000002D63D194F80002FFF778FF94F84C32F2
:1028800000F5C860012B86B2D9B24AD194F89A30CB
:10289000D4F828A0032B3ED1D4F8445255443146F5
:1028A000D4F8440205F0F8FFD4F84032C4F84002EE
:1028B000A0EB030AD4F848323146284603FB0AFA53
:1028C00005F0EAFFD4F85052C4F85002451B3146D7
:1028D000A06905F0E1FFAA44B4F81E52D4F84832CA
:1028E0004544ED1BDB432B44D4F85452451B05FBF8
:1028F00003A50123C4F8540284F8623294F84C32E0
:10290000DFF870A2032B00F28081DFE813F01900DA
:1029100014016900350128460BF0FEFE00EB0A05A4
:10292000BDE7A069314605F0B7FFB4F81E52D4F8F0
:1029300054324544ED1BC31A5D43DAE70025DDE759
:10294000012100200BF0E8FE8046A06A3146404499
:1029500005F0A2FF3146C4F85002A06905F09CFFC3
:1029600007A9C4F8540208A805F04AFB079B009386
:10297000D4E9A201DDE9082309F038F8074620462A
:102980000AF009FDD4F89832A66A94F869001E444A
:1029900005F07CFCD4F85012A38D203E761AB0448A
:1029A000A8EB070800F5234030314FF47A7703EBAA
:1029B0004101A130B0FBF7F0A8EB000794F86900E3
:1029C0000AF0D6FCD4F89832FB1A2230B3F5CA7F4D
:1029D000CAF8040055D840F2F2413020FEF7A4FBBB
:1029E000A36AD4F844023146184405F055FF314635
:1029F000C4F85002A06905F04FFFC4F85402204605
:102A00000AF0C9FCB4F81E32A66AD4F84472002B4E
:102A100040F08C80029B002B00F0888094F869B015
:102A2000584605F033FC3E44D4F89C12D4F850329A
:102A300004938046203E58460E4405F01FFC049B3C
:102A4000F61A361A08F523484FF47A7708F1A108E8
:102A5000B8FBF7F8A6EB0807D4F85012D4F84032C8
:102A6000D4F8482294F86900303102FB0311A38D99
:102A700003EB41010AF07CFC0123CAF8040084F84E
:102A80004C32A669D4F85432A6F21F26F61ADAF8A8
:102A900004309E4228BF1E467423A4F87032D4E945
:102AA000A2327F1BDF1942F100024FF00008C4E997
:102AB0009E72C4F8186284F8688204F130000CF049
:102AC0002FF9B4F80812A4F89092D4E99E23A1EB50
:102AD00009090FFA89F9C145C4E9A223C8BF022335
:102AE00084F87282C8BF84F87232039B30440D2B85
:102AF000C4F86C02029B00F08B80002B40F08980B0
:102B000094F84C32002B00F0A280A169D4F8543222
:102B100018EE100AC91A0BF0A4FD80B2002800F0CC
:102B20009680169B03B118800120A0E0D4F85002D3
:102B300037443F1A90E7D4F85422A369D4F84802E6
:102B4000D4F840129B1A5F43B4F81E329844C34332
:102B50009844D4F85032303301FB0033A18D94F8FF
:102B6000690002FB083301EB43010AF001FCCAF8DB
:102B7000040086E73C0B0020A369D4F854021B1A1A
:102B80005F4394F89630252B03D094F89730252B8B
:102B90000AD1B4F8AC32A9EB03031B0404D494F8B3
:102BA000AF32002B18BF9B46049B03B3B4F81E3210
:102BB000EBB9D4F89C3213B940F244510DE794F8C4
:102BC000690005F063FBD4F89C320646203B94F87C
:102BD0006900049305F052FB049B1F44381A06F564
:102BE0002343A1334FF47A77B3FBF7F7C71BB4F84D
:102BF0001E12D4F8543241445943303149005846EA
:102C00000AF0B6FB1C4B58603BE740F25951E4E632
:102C1000EBB1B4F8341221B3B4F8362294F8383258
:102C2000A4F8362202FB0333994202F101000EDDC3
:102C300094F872325BB1002384F87232A4F8360241
:102C400001F00AFF00F00700013084F8380218EEA6
:102C5000101A94F8940207F01FFE20B940F2A35115
:102C6000BBE60A46DAE7059B84F8603200200BB029
:102C7000BDEC028BBDE8F08F3C0B00202DE9FF413D
:102C8000044618B99C213020FEF74EFA082900F2BC
:102C90002381DFE811F0090071007B007B007600E2
:102CA00021010D0115011F010023C0F89C3290F88D
:102CB0006032B0F89020002B56D0B0F85E329342CC
:102CC0004CD1B0F80C22A0F89020D31AA0F80E3204
:102CD000D4E99E232046C4E9A02304F0F5F894F833
:102CE0001332002B00F0A780A569D4F85432DFF826
:102CF000F0819D4288BFED1A98F8083098BF0025F2
:102D00001BB9236B9D4228BF1D4604F13000D4F847
:102D100018720CF005F80744022008F093FBEE1B34
:102D200026EAE676864228BF06460221304608F0AB
:102D3000D9FB00B9374440F27D22394620460CF0D9
:102D40003AF8D4F81832C8F80C00A069184408F012
:102D50001DFB00286FD140F2AA3194E79A1AA0F81F
:102D60000E22A4F89030B3E7B0F85C329A1AA0F8BB
:102D70000E22B0F85C32F4E704B0BDE8F0410CF08C
:102D800026BE04B0BDE8F04105F046B90CF0C0FE27
:102D9000D4E9A023801A61EB0301012871F100033B
:102DA00002DA4FF4C4616EE76FF0010383424FF023
:102DB00000038B4102DA40F2216164E7A3690BB1A1
:102DC000B0FBF3F394F89710B4F85E220D2935D1D7
:102DD0000132A4F85E22B4F89232B4F89050013374
:102DE000A4F89232B4F8CA301D44B4F8C830013D9A
:102DF000ED1AADB20DF10E06B4F85E126B1A1B049B
:102E000036D594F89A303549002B0CBF3E23082361
:102E100084F8B93004F1B0000BF005FF20460CF047
:102E2000D8FD002384F84C3294F8940207F000FC9B
:102E3000202384F8943204B0BDE8F081B4F89010F7
:102E40000B449BB2D11A090454BF531C01339BB2EB
:102E5000A4F85E3294F86132002BBCD1B4F80C3285
:102E6000B4F85E22934204BF0133A4F85E32B2E7A5
:102E7000002300961A462046FFF786FC0028DAD089
:102E8000012812D1B4F85E22B4F80812BDF80E3051
:102E90001344521A12049BB204D5EA1A12F4004FDA
:102EA00018BF0B46A4F85E32A6E74FF4CC61EAE601
:102EB000012005F0BBFC04B0BDE8F0410AF033BAD4
:102EC00090F84C32042B01D0C021DCE6002380F8BE
:102ED0004C32B0E7C621D6E6CA21D4E6EBEE0000BC
:102EE0003C0B002090F8E8302DE9F04104460D46F7
:102EF000164603F0FF0813B10C20BDE8F08101462F
:102F0000474807F069FB20280746F5D05022414684
:102F100004F1C80009F004FA012384F8C870C4F869
:102F2000CC5084F8E83035B101F0AEFD00F0070078
:102F3000013085F8380220460AF0F7F9002702230D
:102F4000A4F8FA30A4F8F80084F8F07005F0D4FC86
:102F5000B4F8F8509D35284485B220460CF0B4FBF7
:102F6000014668B30BF0B8F900F5CD6081B2304688
:102F700005F092FC3044C4F8F4000CF0C9FD2818A8
:102F800041F10001C4E94001012084F8D000E78448
:102F90000CF067FCDB3E361AC4F8D4604FF0FF3209
:102FA0006FF00043C4E9422394F8C80004F1F00133
:102FB00007F072FC30BB40F2EF113020FEF7B4F89E
:102FC00020460CF0A6FA174FDB30C4F8F400388A1C
:102FD00040B1E08C30B101F057FD3B8AB0FBF3F219
:102FE00002FB130005440CF093FD2D1841F1000184
:102FF000C4E94051002ED1D0751941F10001C4E956
:103000004251D1E7D4E9402300252046C4E93823C2
:10301000A4F8EA5029460CF083FB28466DE700BF70
:103020005BD400003C0B0020F0B5002385B0CDE957
:10303000003301238DF806306846FEF7C3FC70B1FB
:103040001B4E0123B3740027CDE9027702A8FEF7D7
:10305000B9FC0546A8B10020B07405B0F0BD0098D9
:103060000AF0B0FAE8E790F8940208F065FB94F8EB
:10307000940284F84C5207F0DBFA202384F894324F
:10308000E2E7029B002BE1D093F89422202ADDD0C6
:1030900018884FF6FF739842DDD02946FEF758FC9A
:1030A00004460028DFD140F229113020FEF73CF819
:1030B0003C0B0020054B002201211A7219709A74F2
:1030C00042F210721A82FFF7AFBF00BF3C0B002024
:1030D000014B1872704700BF3C0B002008B504F08C
:1030E000E1FB044BDA6882422ABF987C002080F022
:1030F000010008BD3C0B00202DE9F74F04460529CF
:1031000000F29080DFE801F003806D7D8489D0F8C3
:103110009C32002B53D090F86232002B4FD090F8A5
:103120004C32032B4BD190F869B00BF0D5F8074621
:1031300094F80002FFF71AFB814607445846D4F87A
:103140009C5205F09BF8A5EB0008584605F09EF848
:1031500000F2E7335846D4F818624FF47A7AB3FB9A
:10316000FAF3A8EB030805F089F8361A584605F07B
:103170008DF800F52340A130B0FBFAF0321A510867
:10318000A2F16003BFB209F5C86929317B431FFA78
:1031900089F9B3FBF9F360335A08A1EB530398455F
:1031A00002D31144884501D905F00CFEA0693946C7
:1031B00005F072FB0023C4F8540284F862321B4B02
:1031C0009B7C03F0FF0263B9B4F80C120092012358
:1031D0002046FFF7D9FA38B140F2DA613020FDF726
:1031E000A3FF042384F84C3204F022FD07F04CF8CE
:1031F000B4F89020A4F85E220023A4F8923284F858
:10320000613203B0BDE8F08F032380F84C32F8E759
:1032100004F042FBC4F89C02F3E703B0BDE8F04FB2
:103220000AF0B9B840F26E71D8E700BF3C0B00203D
:103230002DE9F84306460C4615468ABB04F032FBDE
:103240000121D4E94089074684F8E850D4F8CC003D
:1032500084F8D05084F8E91001F0CAF8D4F8CC0012
:10326000C0E9A08994F8C82080F89422C0E9A28916
:10327000C0F898720AF0A3F820B140F21D71302016
:10328000FDF752FF04F0D4FC06F0FEFF074994F866
:10329000C800324605F09EFA28B940F28171EEE787
:1032A0004FF4F361EBE7BDE8F88300BF7D2C00002D
:1032B000014B1882704700BF3C0B0020F0B5070C93
:1032C000A7F5AA42144B543A012A03EA90231FD9C6
:1032D00027F4004042F6AA22801A18BF01200022DB
:1032E000162116461F2487EA060562EA0505013500
:1032F00010D0DD03ADB245EA5606E503ADB20139A3
:1033000045EA52024FEA53034FEA5404EBD1F0BDB1
:103310000020E4E70020FAE7E0FF3F0010B50121BC
:103320000020FEF715FB044670B90121FEF7D2FA22
:10333000044620B940F21B313920FDF7F5FE034B5E
:1033400093F900100CF0ADF8204610BD500B002092
:10335000304BF0B55A88B0F85C70B0F85A609D8870
:10336000974228BF1746964228BF16461B2E85B0A7
:103370000C462ED0B5F5A47F2DD040F648039D42D3
:1033800001A928BF1D460AF096FABDF80A309F42EF
:1033900028BF1F46BDF80C30E780AB4228BF2B4644
:1033A0002381BDF806309E4228BF1E46BDF8083076
:1033B00066809D4228BF1D46A580FF232370E388B9
:1033C0001B3B9BB2E02B08D94FF4B7613920FDF7C6
:1033D000ABFE1B2FCED105B0F0BD63881B3B9BB26B
:1033E000E02B02D940F2BA51F0E72389A3F5A47388
:1033F0009BB2B3F5E06F02D940F2BC51E6E7A38877
:10340000A3F5A4739BB2B3F5E06FE4D940F2BE51CB
:10341000DCE700BF500B002008B50BF086F800F089
:10342000F1FE00F0E9FB0BF0F0FB01F085F801F094
:1034300023FF01F099F8084B1B224FF4A4715A8026
:103440009980064B06499A8000221960DA825A82D6
:103450001A835A7408BD00BF500B00207C0F002057
:1034600003021B00044B41F64C52C3E902221B220B
:103470001A74FFF7D1BF00BF7C0F00202DE9FF4178
:10348000364DAB68044640F8303F0AF0D1F80646A6
:1034900000F0A2FB6687324E2B7C84F8383010F0A7
:1034A000200F33681DBFAA886988A4F85A101B2210
:1034B00008BFA4F85A20A4F85C205BB1012302A83D
:1034C0008DF8083003940CF098FA336894F96C1076
:1034D00020889847AE7CEF7CB5F8148041F64C53B9
:1034E000A36116B900F07EFB064657BB00F07AFBDD
:1034F000074646B338B302A920468DF808608DF818
:103500000970ADF80A800BF003F96B7801932B7802
:1035100000936A88AB8804F1140104F11000FEF7EF
:1035200089FA236913B940F28F5114E0636913B922
:103530004FF4B2610FE0002004B0BDE8F081092033
:10354000FAE7002ED7D120880021FEF717FA0028CD
:10355000F5D040F27E513920FDF7E6FD7C0F0020CA
:1035600050000020F7B505460E460BF0CDFF0028B1
:1035700073D028460CF0A8F840B1B6F80130013BF2
:103580007F2B03D91224204603B0F0BD28460CF04F
:103590009FF808B90C24F6E728460AF009F9002834
:1035A000F8D128460BF06EFF04460028F2D12846D9
:1035B00002F020FB0028E5D0B6F80170F17842F265
:1035C0001072284657430CF06CF828460CF074F83B
:1035D000014658B93A462846FFF784FC04460028BD
:1035E000D1D041F616013920FDF79EFD21460DF19F
:1035F0000600FEF737F9064668B3214600F0F8FEEC
:10360000BDF806303380284631460CF077F828465E
:103610000CF064F898B928460CF062F80146304680
:10362000FFF72CFF04460028ADD13A463146284624
:10363000FFF758FC044620B141F63901D3E70121D8
:10364000EDE7074B9B68002B9DD0024606F599716C
:103650003046984797E70D2495E7422493E700BF4B
:10366000500B0020034B5A8802801B788370002087
:10367000704700BF7C0F002037B583781A2B0546B2
:1036800009D8042B05D9012202FA03F3134A134285
:1036900005D112241AE0292B01D03B2BF9D128881F
:1036A000B0F5706FF5D269460AF08EFF88B9019BBC
:1036B00093F8302102F0FF046AB9AA7883F8312127
:1036C000FF2283F8302168460BF07AFA204603B0D7
:1036D00030BD0224FAE70C24F8E700BF20003804CC
:1036E0000188A1F11B039BB2E02B0CD84288A2F504
:1036F000A4739BB244F24810834204D8034B0020C9
:1037000059809A8070471220704700BF500B0020EC
:10371000034B5A889B88028043800020704700BF7B
:10372000500B002038B504784278857804F0010306
:1037300052EA030104F0020401D1112038BDBCB9E2
:10374000002DFAD0002B08BF144601E000242546C6
:1037500020460AF069F80028EFD028460AF064F8FD
:103760000028EAD0054B00209C74DD749882E5E7C0
:10377000002BEBD114461D46EAE700BF7C0F00206A
:1037800013B5008869460AF01FFF18B102242046CD
:1037900002B010BD019A92F84C32DBB292F8B82018
:1037A000002AF3D113F0FB0FF0D0019890F84231CA
:1037B0000BB13A24EBE790F8E23003F0FF04002B62
:1037C000F7D190F8D9309B0706D1012380F8423118
:1037D00068460BF0F5F9DAE702490222DA300BF01D
:1037E00028FAD4E745F30000F0B50778EF2F85B04D
:1037F00004460D4603D91225284605B0F0BDB0F8A1
:103800000130ADF80C309DF80C30DA063FD49E063E
:1038100003F0030238D5002AEDD11807EBD4637802
:10382000190711D42179E278E07942EA012261791D
:1038300042EA0142A17941EA0021207A41EA0041AD
:103840008A42D8D81F2AD6D9627A013A062AD2D813
:10385000A27A032ACFD813F0040102D1023A012A36
:1038600003D8E27A012AC6D811B9A27C032AC2D8A9
:1038700013F01001227D19D0012ABCD1227E012A29
:10388000B9D8B1B91125B7E7032AC6D1B3E713F008
:10389000600FB0D103F00F0203F00703052BBED079
:1038A000931E012BBBD9002AA5D1B8E7022AE5D186
:1038B000A1E7DA071FD46378227D03F018010829F5
:1038C0001ED1022ADED11B0709D4E279A37943EA8B
:1038D0000223227A43EA0243B3F5804FD2D8BFB223
:1038E00001213846FEF734F8064678B109F060FF4A
:1038F000B8B10C2580E700F031F90028DBD1C1E731
:10390000022AE0D0A27E002ADDD0BBE701213846A2
:10391000FDF7E0FF064650B3164B93F900100BF08D
:10392000C0FD30460BF0C5FE21462870E0743046DD
:103930000BF00BFE637E0546002B3FF45DAF0028C5
:103940007FF45AAF316B02466846FEF73BF9306BA5
:103950002A46012109F02BFC316B68460422FEF750
:1039600031F9306B2A46294609F021FC44E7072546
:1039700042E700BF500B002070B50579042D8AB0D6
:10398000034658D84488B4F5804F54D82B48465D38
:10399000284400214279857AC07BADF8041042F0BA
:1039A000100242EA460242EA850242EAC00202F0FE
:1039B0001F028DF80420BDF80420ADF80D201A88F0
:1039C0008DF80F208DF81240120A240A8DF811107C
:1039D0008DF814108DF810208DF813405A7B8DF857
:1039E00015205A798DF816209A79D3F807008DF8AA
:1039F0001720B3F80B209B7B8DF81E307F238DF8AA
:103A00001F3001238DF80C1006908DF82110ADF8B1
:103A10001C208DF820308DF8223003A88DF823105B
:103A20008DF824108DF825108DF8261001A9FFF7C8
:103A3000DBFE0AB070BD1220FBE700BF64930200FA
:103A40000278034672B1427862B142881A2A09D9D3
:103A500082881A2A06D9044A006810609B889380DD
:103A600000207047122070477C0F0020024B026834
:103A70009A600020704700BF7C0F00200378A3F1FC
:103A80000A02112A9DBF024A0020137412207047B7
:103A90007C0F002008B5052000F090F803F060FBD3
:103AA000014B024A9A6008BD500B002051330000C0
:103AB00008B502F087F8FFF7FDFABDE808400148B5
:103AC00002F06AB85C0B002010B50B4C012384F89F
:103AD000023102F07FF80BF078FF0AF024FD04F2C7
:103AE00003112046FEF74AFA002009F006FBBDE864
:103AF000104000F071BE00BF5C0B002010B5064CFA
:103B0000064904F502700AF0A8FB04F503700449A5
:103B1000BDE810400AF0A1BB5C0B0020540000205F
:103B20005C00002010B5094C094904F502700AF048
:103B300094FB04F5037007490AF08FFB04F5047049
:103B40000549BDE810400AF088BB00BF5C0B0020AF
:103B50006C0000207400002064000020014B93F8EA
:103B6000020170475C0B002010B5074C00F02CFEE2
:103B7000D4F808020AF069FBFFF774FC00F09CFF20
:103B8000012384F8143210BD5C0B0020014B93F824
:103B9000140270475C0B002010B5074CD4F80C02DF
:103BA0000AF053FBD4F810020AF04FFBFFF734FC85
:103BB000002384F8143210BD5C0B0020C2080549B4
:103BC000012300F0070003FA00F08B5C18438854CF
:103BD000704700BF10000020014BD3E9000170477F
:103BE00010000020034B1868C0F30020400040F094
:103BF000010070471000002008B504F077FE084A65
:103C0000002332F82310814205D302EB83039B7813
:103C1000044A137008BD01330C2BF2D10023F7E7DF
:103C200078930200710D002010B544682388A4F831
:103C3000903194F8683084F88F11012B06D0022B54
:103C400004D040F281210620FDF76EFA84F892310B
:103C500094F86930012B01D0022BF2D184F8933112
:103C60000449022204F5C3700AF0E3FF002384F83C
:103C70003C3110BDDDE20000406808490388A0F82F
:103C8000823190F8603080F8843190F8613080F8AB
:103C9000853100F279100AF0C6BF00BFF3E20000E0
:103CA0002DE9F743456895F8973095F89680232BD2
:103CB00004460F462DD1973538460AF060FF00289C
:103CC0004DD038460AF055FF814638460AF053FF7A
:103CD00001460AF063FB6668034648B396F868201D
:103CE000904225D096F83C0101280CBF96F83E0181
:103CF00096F86400014232D0B8F1210F18D096F83E
:103D00006100014214D152B940F26D110620FDF755
:103D10000BFAB8F1210F40F0B3809635CCE7042AB6
:103D200001D0042B31D1934294BF00230123B3B9B6
:103D300048460AF033FB002849D096F869308342A0
:103D400045D096F83C31012B0CBF96F83F3196F8E0
:103D5000653019EA030F14BF01230023BBBB63685E
:103D600093F83C21012A19D11E212046FFF75CFF60
:103D7000B8F1210F1FD1FA786368182A83F821213E
:103D800010D040F26D217E20C1E7082ACBD0082B4D
:103D9000C9D093422CBF00230123C8E7002283F837
:103DA0003C21E5E7092283F8962093F8D23093BBB3
:103DB00040F27521E7E7002320462B700BF045F811
:103DC0003946204603B0BDE8F0430BF062B83046F8
:103DD00001AA39460AF0EFFAD4F804800646F8B989
:103DE00098F83C31012B18D101462046FFF71CFF03
:103DF0002E70636803F19702954202D1002283F886
:103E00009720636803F1970295424FF0000534D183
:103E100020460BF01AF8002033E088F83C01E8E770
:103E200038460AF0AAFEA8F8AC026068B0F8AC32D6
:103E3000B0F89020013B9B1A9BB247F6FD7293426B
:103E400007D9282380F8B9300F49B0300AF0EBFECB
:103E5000D7E790F897300D2B02D00A3B012B01D801
:103E60002A23EFE79DF8043080F8AE329DF8053044
:103E700080F8AF3225232B70C3E783F8D250CAE70E
:103E8000022003B0BDE8F083EBEE0000044B0022FB
:103E900083F822204FF6FF729A84DA841A857047DD
:103EA000720D0020054B9A8C824201BF002283F8DC
:103EB00022204FF6FF729A84704700BF720D0020D7
:103EC000014BD884704700BF720D0020084B998CBD
:103ED0004FF6FF72914206D193F82220012A04D0B6
:103EE000036001207047002303600020704700BF7B
:103EF000720D0020064B93F82220012A1FBF0120DB
:103F0000DA8C83F822009A8408BF0020704700BF33
:103F1000720D0020014B1885704700BF720D002004
:103F2000064A918C138D994205D192F8223013B133
:103F30000260012070470020704700BF720D002012
:103F4000094B998C1A8D914201D0002070474FF691
:103F5000FF729A8493F82220002AF6D0002283F878
:103F600022200120704700BF720D0020054B998C64
:103F70001A8D914203BF93F82200B0FA80F04009F5
:103F800001207047720D002050B90A4A13460120E3
:103F900003F8010B0868C2F801008A889A8070470C
:103FA000012805D1034B0A689A608A88D8719A81E2
:103FB000704700BF9C0D002048B90A4B187880B1AB
:103FC000D3F80120B3F805300A608B8070470128D0
:103FD00006D1044BD87920B19A680A609B89F4E72E
:103FE000002070479C0D002020B9054B187800F088
:103FF0000100704701280ABF014B0020D879F6E77D
:104000009C0D0020F7B500228B888DF80600ADF8D6
:10401000043008680C4B8DF80720019D1C78014680
:1040200003F5AC73D0B2844201D8082009E0D3E98B
:104030000076AE4208BF8F4203F1080302F101028D
:10404000F0D103B0F0BD00BFB00D002030B5094B7A
:1040500001465C78002203F58173D0B2844201D816
:10406000082005E013F8015B8D4202F10102F4D152
:1040700030BD00BFB00D0020F0B5254D95F898413A
:1040800089B0224605F29911684608F0D3F8214616
:1040900068460AF069FA0446B8B300EB4001C9B2B9
:1040A00002A8FDF7D1F9601E95F8A161C0B2012404
:1040B00095F8982105E0731CB3FBF2F102FB113374
:1040C000DEB206F120030DEB030111F8203C002BBA
:1040D000F1D100EB400220326A4406EB46032B4448
:1040E00012F8187C83F8A27112F8177C12F8162CBB
:1040F00083F8A37183F8A42101F8204C0138AB198F
:10410000C0B2FF2883F89941D2D109B0F0BD00BFF9
:10411000B00D002070B5064688B00C46002A4FD07E
:104120002A4A92F8A131D01890F8991121B94FF488
:1041300080712820FCF7F8FF03EB430111440133A1
:1041400091F8A251E57091F8A35191F8A411617111
:104150000021257180F8991192F89811B3FBF1F0C4
:1041600001FB103382F8A13192F8C23123B918490A
:1041700002F5DD700AF05AFD657905F03F0545F05E
:10418000400565710D220021684608F0C9F8E37802
:104190008DF80F3023798DF80E3004AA0423694678
:1041A00030468DF80D5007F0B1FD9DF81F3023709B
:1041B0009DF81E3063709DF81D30A37008B070BD6F
:1041C00003216018FDF740F9D6E700BFB00D0020CD
:1041D00079400000044B5A78824286BF1B1893F83E
:1041E0004A010020704700BFB00D0020044B5A78F0
:1041F000824286BF1B1893F842010020704700BF1F
:10420000B00D0020064B00224FF461711A8083F834
:10421000C32183F8C421A3F8C61183F8C2217047D3
:10422000B00D0020014B83F8C4017047B00D002091
:10423000014BB3F8C6017047B00D002030B50A4BF2
:104240005C7884420ED9184490F802012B3003EBBD
:10425000C004A5790D7053F830001060A3889380D6
:10426000012030BD0020FCE7B00D002002460748C9
:1042700010B590F8C34124B1417821B1023002F069
:1042800095FF204610BD0C46FBE700BFB00D002097
:104290002DE9F74F2F4C00921A46637883428046EF
:1042A000894654D9231893F8425185F00105E9B1A4
:1042B00093F84A31D3B945F002070135C2B9F9077D
:1042C0000BD5062101FB084104EB081001F58571AF
:1042D00082300092FFF71EFF009ABB0733D504EB34
:1042E000081049460230FFF715FF2CE02F46E5E79E
:1042F00094F8A1614FF0010A002DE0D004EB060B09
:104300009BF8991199B9009B0192D3B100F0A4FBDD
:1043100006EB460121444FEA102C81F8A201019AD4
:1043200081F8A3C1000C81F8A4018BF899A194F83D
:1043300098110136B6FBF1F001FB1066F6B2013DB3
:10434000DAE747F00407384603B0BDE8F08F0027EE
:10435000F9E700BFB00D0020074B5A78824209D917
:104360001A1892F842212AB9062202FB003000F501
:104370008570704700207047B00D0020064B5A78BA
:10438000824281BF1B1893F83A01B0FA80F04009CD
:1043900098BF0020704700BFB00D002030B500244A
:1043A000A0F85040B0F8544042F210754C43B4FBB2
:1043B000F2F4A0F85440541E05FB0343B3FBF2F3A0
:1043C000A0F85230094BB3FBF2F30133A0F8583098
:1043D000B0F84C3005FB0344436CB4FBF2F4594392
:1043E0008464B1FBF2F2426430BD00BF005A620245
:1043F00070B504460D4659BB4FF4367207F090FF76
:10440000012384F89E30492384F8E930042384F89A
:10441000EA306FF03B0384F8EB306F2384F8EC3024
:104420006FF03F0384F8ED302B2384F8E830FE234F
:1044300084F826317F2384F895301E4BC4F88030F1
:10444000202384F8EE5084F8EF5084F8943270BD45
:10445000012922D100238269A0F81E3280F813328C
:10446000154B1344B3FBF2F3C0F8C03040F6B83339
:10447000A0F8C4301146438C7830FFF78FFF0BF063
:1044800011FC30B1E069FEF719FF10B984F8FF5153
:10449000DDE7002384F8FF31D9E70229D7D1B0F84E
:1044A000BA32D0F8B4228169BDE870407830FFF7A5
:1044B00075BF00BF00E0FCFF7FC3C901034B80F85C
:1044C0006C101B680BB10088184770477C000020F7
:1044D000074B93F900301844142804DC10F17F0FC7
:1044E00003DB40B27047142070476FF07E007047C6
:1044F000780F002007B57F230DF107008DF80730F6
:1045000003F04AFD9DF9073068B10A4A50784042ED
:1045100043FA80F0142808DC10F17F0F07DB40B26B
:1045200003B05DF804FB1846FAE71420F8E76FF0D3
:104530007E00F5E7780F0020024B00221A705A70B7
:10454000704700BF780F0020054BFF221A70054A04
:10455000016811600179117100221A70704700BF63
:104560007A0F00201800002007B5064B186800904D
:104570001B798DF804306846FFF7E6FF03B05DF85D
:1045800004FB00BF21D40200437843B1C2783A2A29
:1045900007D80549885CC31A5842584170471846E5
:1045A00070470120704700BFA89302003A2908B560
:1045B000C17003D8064B5B5C437008BDFF2904D073
:1045C0004FF489612A20FCF7AFFD0123F4E700BF17
:1045D000A89302002DE9FF478A4602A9164699468C
:1045E00009F0F2FF054600283FD1039F36B90124A8
:1045F00087F89D40204604B0BDE8F087D7F81080CA
:104600003146404608F07DFB04460028F2D0194BA5
:104610005B88B3422BD3014601AA404608F0C6FC92
:10462000019B1D809D7097F89D300198002B0CBF59
:10463000514602210AF0EDF901983246494603300D
:1046400007F0F8FD3146404608F090FB044618B9E3
:104650007B212B20FCF768FD02A80AF0B1FA039B2E
:10466000A3F80A5287F89D50C4E70124C2E72C46FC
:10467000C0E700BF7C0F0020024B987DC04300F0D4
:10468000010070477C0F0020034B987D80F00200F2
:10469000C0F34000704700BF7C0F002010B5094CEC
:1046A00014220021204607F03BFE1222002104F1D3
:1046B000140007F035FE01232373231DC4E90033E2
:1046C00010BD00BF980F00207FB505460C4619B9F4
:1046D000F1211020FCF728FD03888B8000234B720A
:1046E0004669304608F054FC014608B9FA21F0E763
:1046F00001AA304608F05AFCE08008B9FF21E8E73B
:10470000FB2802D940F20111E3E701980AF089F988
:10471000012801D0022805D12072206828B94FF461
:104720008C71D6E740F21111D3E70199E288033189
:1047300007F080FD304608F041FC10B940F21D1131
:10474000C7E70021304608F075FB10B94FF49171AE
:10475000BFE70B4BDA7D82B11A8B2888013A02A998
:104760001A8309F031FF10B140F22B11B1E7039A1F
:10477000B2F8AE300133A2F8AE3004B070BD00BF65
:104780007C0F002010B520B940F21B211020FCF74F
:10479000CBFC41600272EFF3108472B6094B1A1D14
:1047A0000260596819B1097A012908BF1A601A68AC
:1047B0001060186004B962B6BDE8104093F8260096
:1047C00007F0D0BB980F0020024B83F82600FFF7BC
:1047D00065BF00BF980F0020014B024A1A60704766
:1047E00080000020C9460000F7B54F4D4F4F0646E8
:1047F0006B681B7A0C2B07D1FB7D2BB13B8B1BB954
:104800000022104603B0F0BD2B699BB11B7A8BB11F
:104810002C69002CF4D0237ADBB205222272023BF1
:104820000A2B72D8DFE803F017324671714F7171AD
:10483000717164006C68237A012BE1D0EFF310836F
:1048400072B66A6812686A6003B962B6237A002B8E
:10485000DAD02C61DFE7636823B940F2A1111020A0
:10486000FCF762FC3146204698470422EFF31083A0
:1048700072B6217A0529C8B201D000284ED1002194
:1048800021722961002B45D162B643E0636813B9F8
:104890004FF4D571E3E7314620469847C0F307232C
:1048A000012BADF80400C2B232D0022BDED10023BE
:1048B0002B612FE0636813B94FF4DA71CFE720461C
:1048C00098470022D2E763680BB9C621C7E70B22DD
:1048D00032701988A6F8031001220024B270727198
:1048E0001869B471214608F0A5FA2C61042288E702
:1048F000606810B940F2DF11B1E70D4B31461B681B
:10490000984700232B6102227BE74FF4F471A6E75E
:1049100003232372002A3FF46BAF72E7002B7FF46E
:1049200067AF62B664E700BF980F00207C0F0020DD
:10493000800000200448037F23B904490222143078
:104940000AF065B9704700BF980F002001EC000025
:104950001B234FF01B128384038482618382C26015
:10496000038539B94FF4A473034AC3844384C261F5
:10497000C3820261704700BF48014801B0F854206B
:104980000B46B0F848109142F0B528BF1146B0F878
:104990004C40B0F85620B0F84450C78FB0F8426091
:1049A000C187A24228BF2246B0F84640A0F8422064
:1049B000944238BF14468D4238BF0D468F42A0F84E
:1049C0004450A0F846402ED1B61A18BF0126B0F8C0
:1049D0004A50B0F85040B0F852E0B0F83CC0B0F8DF
:1049E0004070A54228BF2546B0F84E4085877445E3
:1049F00028BF7446AC45A0F8404002D1A74200D180
:104A00009EB10088A3F80900A3F80B50A3F80D404D
:104A1000A3F80F10A3F81120BDE8F04003490222CB
:104A200018460AF006B90126D1E7F0BD45EC0000B2
:104A30000B8BA2F80B304B8BA2F80D308B8BA2F8AE
:104A40000F30CB8BA2F809000249A2F811301046B2
:104A50000AF0E9B885EC0000094AD2E900034340B6
:104A600083EAB01181EA43214FEAF3435360054BD7
:104A7000116058434FEAF06000EB8000704700BFC0
:104A8000C00F0020BB79379E094AD2E90203434098
:104A900083EAB01181EA43214FEAF343D360054B27
:104AA000916058434FEAF06000EB8000704700BF10
:104AB000C00F0020BB79379E38B50A4C04F10805B9
:104AC00008212846FCF7C0FCD4E902231343F7D0A1
:104AD000FFF7DAFF2060FFF7D7FF2368606003432A
:104AE000F6D038BDC00F0020174B184A9A60184AFC
:104AF0005A60184A1A60184A9A62184ADA62184AC2
:104B0000DA60184A9A61184A1A63184A1A62184AEF
:104B1000DA64184A9A64184A5A62184B184A9A601A
:104B2000184A5A62184ADA62184A1A61184A5A61CF
:104B3000184A9A61184A1A63184A9A64184ADA6439
:104B4000184A9A63704700BF8400002051EF0000AC
:104B5000894D0000F54D0000EBF00000BDF10000B4
:104B600037F10000D3F10000B1500000494F0000C0
:104B7000BFF20000E7F20000A14F0000700100202A
:104B80007DEF00007FF20000F5F10000AD4E000067
:104B900019F20000E54E000063F300001FF300006F
:104BA0000DF3000059F20000044B054A5A65054B0D
:104BB000054A1A65054A5A65704700BF84000020FF
:104BC000E9EF000070010020C3EF000061F0000079
:104BD000054B064A9A65064A1A66064B064A9A65C6
:104BE000064ADA65704700BF840000204DE40000EB
:104BF000A13C00007001002077E30000F5E4000014
:104C0000252A70B505460C4618D8012A19D9023A4A
:104C1000232A16D8DFE802F01A1525242433153587
:104C2000152439444815154D242467676D741515EE
:104C3000151515151515151515808990FF2A00F005
:104C4000828040F2D6315120FCF76EFA0278436838
:104C5000012A02D193F8283101E093F83131237110
:104C600070BD4168204601F50A7109F044FF69688A
:104C7000204601F50C71BDE8704009F03EBF436865
:104C8000E8E7BDE8704000F0F7B90D230B71592338
:104C90004B7100238B71FB23CB7111230B72DFE768
:104CA000436893F82231DAE7BDE87040084600F027
:104CB000D1B90378466873B996F828315BB196F894
:104CC0002511204609F06AFF96F824112046BDE818
:104CD000704009F067BF96F82311204609F05EFF87
:104CE00096F82211F2E741682046BDE870400AF0CC
:104CF000E4B8436893F83E21227193F83F3109E00C
:104D0000436893F83C21012AF4D093F864200A7197
:104D100093F865306371A3E7104B1B68002B9FD09D
:104D200002462320BDE8704018470C4B1B68002B3F
:104D300096D002462420F5E7084B1B68002B8FD045
:104D400002462520EEE74368204693F8A722D3F8D1
:104D5000A812BDE8704009F068BE00BF5C020020E8
:104D60003A289ABF024B53F820000020704700BF3A
:104D7000840000203A289ABF024B53F820000020FC
:104D8000704700BF7001002070B5044640680D46B2
:104D900090F8972001230021783009F022FC20B3FD
:104DA0002846666809F08AFEA6F8AC026068B0F88A
:104DB000AC32B0F89010013B5B1A9BB247F6FD7124
:104DC0008B4208D9282380F8B9300949B03009F05E
:104DD0002AFF002070BD00F2AE21284609F069FECE
:104DE00063680A2283F89720F3E70120F2E700BF07
:104DF000EBEE000070B5054640680C4690F8972031
:104E000001230021783009F0ECFB002849D0002173
:104E1000204609F021FE28B921462846BDE8704009
:104E20000AF037B86868B4F80D30B0F89020A0F8F0
:104E3000AC32D24313449BB247F6FD72934208D979
:104E4000282380F8B9301849B03009F0ECFE002072
:104E500070BD204609F0F7FD6E6840F2E242504313
:104E6000C6F8B4022379C3EB431103EB810303EBD0
:104E700083035B00A6F8AE32B4F805305343C6F89E
:104E8000B032204609F0E2FDA6F8B80220466E686E
:104E900009F0DFFD6B68A6F8BA020D2283F89720AF
:104EA000D5E70120D4E700BFEBEE000008B540686D
:104EB00090F89730152B04D04FF492711F20FCF717
:104EC00033F9012380F8D730162380F89730BDE8F6
:104ED00008400349022200F52F7009F098BE00BF78
:104EE000C3F0000038B5436893F897201C2A0446A5
:104EF00004D040F271111F20FCF716F993F8D81076
:104F00001D88002283F8D72003F5F97071B10C4990
:104F100083F8D82083F8FB21A3F8FC51022209F082
:104F200076FE6368002283F8972038BD012283F85B
:104F3000FB1183F8FE210349A3F8FC510222EEE79E
:104F4000AFF0000097F00000436830B5D3F8884018
:104F500014F001001FD14D68104A8968A3F8D400ED
:104F60002A40C3F8E820C2F3076242F0080221F4A5
:104F70001E5121F0100183F8EB2093F8D62009048C
:104F8000090C013244F00104C3F8EC1083F8D62078
:104F9000C3F8884030BD0120FCE700BF2F4904F76B
:104FA00070B54468037894F896200D4604F17800B3
:104FB000072109F016FB80B36968AA68194B22F42F
:104FC0001E520B40C4F8E83022F01002C3F307630E
:104FD00043F008031204120C84F8EB300023C4F8E9
:104FE000EC2084F8D23084F8963094F89C2102F0BA
:104FF000FF06A2B92388A4F89E3184F89D616B68EE
:10500000C4F8A031AB680849C4F8A431022204F501
:10501000CA7009F0FCFD304670BD0126FBE71E4654
:10502000F9E700BF2F4904F737F20000406890F815
:105030009C315BB90388A0F89E311A2380F89D311A
:105040000349022200F5CA7009F0E1BD704700BFB4
:1050500037F2000010B50446FEF7BEFD21F41E51E4
:10506000044B21F0100109040340090C6360A160A6
:1050700010BD00BF2F4904F737B50C464568FEF751
:10508000ABFD0A4B95F8E82021F41E5121F01001E8
:10509000034009040093090C13408DF8003001917E
:1050A0006B4603CB6060A16003B030BD2F4904F7AD
:1050B00038B54468037894F896200D4604F17800DA
:1050C000082109F08EFA18B9D4F88830980744D42A
:1050D00094F8D93099071DD4284609F011FD84F8B9
:1050E000E300B5F80530A4F8E430B5F80730A4F8CB
:1050F000E63094F8D93043F0020284F8D920DA0778
:1051000002D494F842312BB11549022204F1DA009D
:1051100009F08FFD94F8D930DB0713D4D4F8883028
:1051200013F0020203D056214020FBF7FDFF43F0AD
:105130000203C4F8883094F8D630A4F8D4200133A0
:1051400084F8D63094F89630012B4FF0000003D14C
:1051500084F8960084F8D20038BD0120FCE700BF37
:1051600045F30000044B9B685843C3F580534B4301
:1051700003EB2030704700BFD00F002070B54568AA
:10518000044602F083FB85F88700FFF7B3F97F2818
:10519000014685F895000ED0D5F88000FFF7E2FFB4
:1051A000054BC5F880001B7B2BB1044B20461B68C8
:1051B000BDE87040184770BDD00F00206402002089
:1051C000014B1B68184700BF60020020F0B5204D5E
:1051D0002B7800241470CBB3013B6F68DBB21D1B2E
:1051E000012D0BDC07EBC40557F834606D688D4268
:1051F00008BF864212D114700120F0BD1D196E1037
:1052000007EBC60E57F836C0DEF804608445C5F3D8
:1052100047058E412CBF2B462C46E0E7B04271EB90
:10522000050502D214700020E7E707EBC30457F826
:10523000335064688C4208BF854201D11370DBE7AC
:10524000A842A14128BF01331370ECE71846D4E708
:10525000E00F002010F0070208B503D063214820BA
:10526000FBF762FF18B1034B197258601A70C8003F
:1052700008BD00BFE00F0020014B00221A707047EC
:10528000E00F0020014B187A704700BFE00F0020AC
:105290002DE9F7430AF097F80DF1070206460D468F
:1052A000FFF794FF98B910490A780B7A93420ED011
:1052B0004C6813466FF060479DF80700984209D389
:1052C00004EBC003C3E9006501320A70012003B09A
:1052D000BDE8F083D81904EBC000D0E90089013B98
:1052E000C0E90289DBB2E7E7E00F002037B50AF03A
:1052F0006AF80DF10702FFF769FF0446A0B10C4AF6
:105300009DF8070013785568013BDBB213701A1A39
:10531000D2B2411CD200834238BF002205EBC1014A
:1053200005EBC00006F042FF204603B030BD00BFD1
:10533000E00F002038B5074D044600F15101286800
:1053400009F0DDFA94F850102868BDE8384009F0FB
:10535000E4BA00BFEC0F0020F8B504460E4665889D
:10536000407F15F0040508BF2946134618BF04F115
:105370005F013246FEF78CFFC20705460BD50123BD
:1053800084F85030607FFEF7E7FF0368C4F85130BF
:105390008388A4F85530AB070CD5094E0127306837
:1053A00084F85E7004F15F0109F0B0FA30683946A4
:1053B00009F0BCFA85F00400C0F38000F8BD00BF1E
:1053C000EC0F002038B5C38D0E4D0133C385AB7C87
:1053D00004462BB102F0D2FD01F01AFF0023AB749A
:1053E00000232B7194F871302BB101212046BDE8C8
:1053F000384008F093B9637C13B1E28D9A42F4D23D
:105400000021F3E7EC0F002070B5294C2379012B24
:1054100007D02379022B04D040F6E2412D20FBF780
:1054200083FEA0B90125A37C1BB102F0A7FD01F00A
:10543000EFFE002D3AD0E06908F0E8F8002830D0FF
:1054400002F0ACFB236ABDE870409B6818472168F6
:10545000E26911F8095B02F15103E80992F8502062
:1054600009F064F80028DDD02068002109F083FAF3
:105470000028D7D02379E069012B05D02379022BAE
:1054800002D040F6BB41C9E72379226A03F1804389
:105490005269013B05F00F0152F823309847054649
:1054A000C1E7E069BDE87040FFF78CBF70BD00BF89
:1054B000EC0F002010B5134CA37C1BB102F05EFD75
:1054C00001F0A6FEE06908F0A1F870B12379E06967
:1054D000012B0FD12379226A03F18043D268013B6B
:1054E000BDE8104052F823301847E069BDE810408D
:1054F000FFF768BF2379022BECD040F6E7312D206F
:10550000FBF712FEEC0F002018B1084BD869FFF72B
:1055100059BF51B1054A1379116AD069096903F17C
:105520008043033B51F8233018477047EC0F0020AD
:105530002DE9F043032985B0054690467ED090F8CA
:10554000703003F0FF02002B7DD1052904D16B8858
:10555000D8075FD5002A5DD10127DFF8F09099F8D0
:105560001260B6B109F017F8082888F8000014D0C6
:1055700002AA0DF10701FEF761FE20B940F6427163
:105580002D20FBF7D1FD9DF8070002A909F027FFA8
:10559000064698F80030082B08D1D9F8001011F809
:1055A000030BC0F3801009F01AFF0646D9F800106B
:1055B00095F8572011F8030B05F15803C0F380103C
:1055C00008F0B4FFD9F80010044611F8030BC0F33B
:1055D000801008F0D6FF8146FEF7D0FE40B1B9F149
:1055E000080F1CD04846FEF7F5FD80F00100C0B260
:1055F00098F80020082A16D09CB96B7F991A4B4264
:105600004B416A88520706D420B99EB9EB7C9BB106
:10561000BB4211D00023184605B0BDE8F08300203E
:10562000E6E70123EDE714B180F00104E4B204F0F1
:105630000103E6E73346EEE70123ECE743889B07E7
:10564000E8D5022789E70529E4D180E7EC0F00209F
:105650002DE9F04F85B008230DF10702052104461E
:105660008DF80730FFF764FF064620B90026304664
:1056700005B0BDE8F08F7D4D2968EA7C11F8030B79
:1056800005F11403C0F3801008F050FF074600280E
:10569000ECD12B68216A184691F89E2010F803CBB4
:1056A00002EA5C1202F0010281F89E20D3F8032086
:1056B000C1F803208288A1F807201A46216A12F84F
:1056C0001F0BC0F38010887012798DF80C20D3F86E
:1056D0000F20D3F81F00CA615A7D0290187D120472
:1056E00042EA0022D87C02434A62B3F8192040F211
:1056F000E24808FB02F28A619A7DC2EB421002EB9B
:10570000800202EB820252008A85B3F8172008FB60
:1057100002F28A62B3F81B200A84B3F81D204A847F
:1057200093F8243003F01F0381F8AA30D4F82090B6
:1057300094F912B002A909F19E0009F036F82B681D
:1057400093F824305B0989F8003240F20113A9F87C
:1057500068304FF0FF0A89F86AA0394609F1300035
:10576000FFF7F6F859464846FEF7A8FE236A84F884
:105770007B701A88A4F87C2084F899A04FF6FF72F9
:10578000A4F89A209A69B2FBF8F2A4F892201A8C35
:10579000A4F894205A8CA4F8962093F8002284F858
:1057A0009820227F9DF8070004F186015AB394F8EF
:1057B0005020012A27D194F8562002F0C002402A36
:1057C00021D1D4F85120C4F88620B4F855208A801D
:1057D0009A7884F87F20082803F1030704F18002F7
:1057E000D3F8033004F18C0136D0C4F88C30BB8878
:1057F0008B8004F17F01FEF721FD40B94FF4446135
:105800002D20FBF791FC0022C4F88620DFE794F8F6
:105810007F3043F0020384F87F301549022204F1FF
:10582000720009F0F4F9236A12491A88A4F8B32027
:1058300093F89E3084F8B530022204F1AA0009F0F2
:10584000E6F90D4B206A1B6800222A71002B3FF4F9
:105850000EAF214698470AE7C4F88030BB88938092
:105860000023C4F88C308B80D7E700BFEC0F0020FA
:1058700021F40000F3F300006C020020032973B54B
:10588000044604D0052953D0012002B070BD08237E
:105890000DF107028DF80730FFF74AFE0028F3D01C
:1058A000237C284D0BB39DF8070094F8BE30E3B974
:1058B000237884F8BF30082804F1C10229D004F10C
:1058C000C001FEF7BBFC20B940F6BF712D20FBF7ED
:1058D0002BFC94F8C03043F0020384F8C0301A491E
:1058E000022204F1B60009F092F92B680622042680
:1058F0005A701E702046FFF71DFD94F84020E16BA2
:10590000286809F029F828682E7102F0C9FA0020E9
:10591000BBE72868034613F8031BC1F3801184F822
:10592000C010D0F80310C4F8C1109B889380D6E74C
:10593000064B1B6823B1984780F00100C0B2A4E772
:105940001846A2E7EC0F002009F4000068020020CE
:105950002DE9F04104460E4619B300F1280528460A
:1059600009F058FFA0B963881A072ED5284609F018
:1059700068FF0746284609F04DFF381AC0B209F003
:1059800070FF544A936818449060284609F01EFF3F
:10599000284609F020FF02F0BFF82179252001F008
:1059A000BFFF4C4D94F85E202868002303704370BD
:1059B0006388103B0D2B57D8DFE803F052564E0C8E
:1059C000563956565656565656392046BDE8F04179
:1059D000FFF7F8BC06234370202303702046FFF72F
:1059E000A9FC638823F008039BB2152B05D094F81B
:1059F0003820616B286808F0A0FF286802F050FA90
:105A000003232B7136B16388102B32D1217900200A
:105A100002F088F86388103B0D2B56D8DFE803F0BE
:105A200058554F4F554F555555555555554F0C23B6
:105A300043702123037042B104F15F0108F066FF57
:105A40000121286808F072FFC8E704F1580108F046
:105A50005DFF94F85710F4E7062303704370BDE729
:105A6000022303700623F9E740F255612D20FBF76E
:105A70005BFB04F128084046EF6809F0E2FE0646A9
:105A8000404609F0C7FE013E301A61882822C0B2A4
:105A900000F03EFA63881B07074406D5AB681F4435
:105AA00009F0DCFE3844C4F8D800227939460020D9
:105AB00002F06CF90028ADD140F65751D6E72179B4
:105AC0000120BDE8F04102F073BA40F66B51CDE71A
:105AD000BDE8F081EC0F002038B54388102B044658
:105AE00004D1BDE838400121FFF732BF0B4DAB7C3C
:105AF00023B101F073FB402002F034FA286802F071
:105B0000CFF9608810F0040002D1217902F050FA38
:105B1000002002F003FA01232B7138BDEC0F0020A6
:105B2000024B0121D869FFF713BF00BFEC0F002023
:105B300007B50D4B1A799AB11A79D869012A02D0A2
:105B40001A79022A07D19B7C2BB1019002F016FA38
:105B500001F05EFB019803B05DF804EBFFF732BC87
:105B600003B05DF804FB00BFEC0F002010B509483E
:105B7000037903F0FF0453B918222146043006F0DC
:105B8000CFFB02F0FBF901F043FB204610BD0C24D3
:105B9000FBE700BFEC0F002010B5094C0023237178
:105BA0002060FFF7E3FF20B140F225312D20FBF705
:105BB000BBFA236A13B94FF44A71F7E710BD00BF6F
:105BC000EC0F0020014B024A1A627047EC0F0020D4
:105BD000B85E0000034B044A1A60044B044A1A6082
:105BE000704700BF68020020515600006C02002080
:105BF000313200002DE9F041067DB31EDBB2012BEE
:105C000004468CBF4FF000084FF001087EB3B71E6A
:105C100018BF0127012B36D800F1580190F8570022
:105C200008F0AFFC082805462DD0FEF7DFFA58BB78
:105C3000657784F81C8084F85070FEF7F9FA054601
:105C400009F066FF174BA5FB0335181845EB010556
:105C50000022C4E9120584F85E2011462046FFF7B1
:105C60007BFB70B940F2C2412D20FBF75DFA37464D
:105C7000082504F151010020FEF79EF90028D7D134
:105C80000020BDE8F0810825022EF2D0E37E002B33
:105C9000F6D0D4F81530C4F85130B4F81930A4F85F
:105CA0005530C5E740420F002DE9F041634E33798E
:105CB00088B0044603F0FF0513B90378FF2B04D125
:105CC00040F6DE112D20FBF72FFA5D4B04935D4B60
:105CD00005935D4B0693336A75715B6880F871506C
:105CE00004A807933582B560B57102F0D1F801F0D0
:105CF00055FE02F043F901F08BFA544801F0E6FE3C
:105D0000534802F0BFF804F12800019009F05EFD4D
:105D1000019809F060FD01F0FFFE2179252001F0D6
:105D2000FFFD94F9120001F0CBFE2846217901F025
:105D3000C5FF0546F06030B92046FFF743FB284613
:105D400008B0BDE8F081012104F1680008F0E2FB31
:105D500004F13401206B07F047FA04F13C010746D7
:105D6000206B07F066FA05461FB194F82430002B2B
:105D70003ED10DB194F82550237F13B963885B079A
:105D80000AD5D4E912126FF000439A4208BFB1F16C
:105D9000FF3F2FD1002D35D130680330FEF766FA72
:105DA0006588B07415F0010546D00023276ACDE957
:105DB0000233FF23F37407F10A0802A8FBF702FE7F
:105DC0000028BCD1029CA742F7D07A7A607A434679
:105DD00004F10A0108F0AAFB0028EED0A378F374BE
:105DE000D4F8030070611B4BB4F807209A80A6E733
:105DF0000125C1E709F08CFED4E91223904271EB32
:105E00000303C7D3012205EA02012046FFF7A4FAE3
:105E100068B1FEF70DFA054609F07AFE0E4AA5FBB9
:105E20000232181842EB0102C4E91202B4E7002D55
:105E3000B2D040F61F2145E7012580E7EC0F002096
:105E4000B55400000954000009550000D6BE898EE3
:105E5000555555000010002040420F00024BD861FC
:105E60001B6A1B68184700BFEC0F002043881B0704
:105E700010B5044612D5036A0A493C2280F87B20FB
:105E80001B88A0F87C30FF2380F899304FF6FF7311
:105E9000A0F89A300222723008F0B9FE012384F88B
:105EA000713010BD21F400007D580000D95A000067
:105EB00081F400007BF40000E5F60000315B000097
:105EC000215B0000B45E0000AC5E0000A85E000034
:105ED0000138022808B503D9CA212F20FBF724F97D
:105EE00013290A4B05D811290CD8102907D0D8211D
:105EF000F3E71529FBD103EB4003D88801E033F821
:105F0000100008BD03EB40039889FAE7E493020010
:105F100008B5431EDBB2012B05D91D291ED0EE2189
:105F20002F20FBF701F910390D291BD8DFE801F00C
:105F3000071A11111A0C1A1A1A1A1A1A1A160B4AD7
:105F400002EB4303588A08BD084A02EB4303D88A90
:105F5000F9E7064A02EB4303588BF4E740F25A3361
:105F60005843F0E74FF48171DAE700BFE493020091
:105F700008B5084B586890F89C304BB990F89720BA
:105F800001230621783008F02CFB00F0010008BD49
:105F90000120FAE710100020F8B52D4B1A8940288F
:105FA00042EA00021A8105D158680421BDE8F84090
:105FB000FDF7A2B800F00302032A04D140F60E2137
:105FC0003120FBF7B1F810F0020418BFD960C50703
:105FD00005D5CA781961062A0DD00B2A18D02CB124
:105FE000DA68D278052A1FD00B2A2AD0820644BF4D
:105FF00008221A75F8BD5A6892F897101829EED140
:10600000002600270121C2E93E6782F89B10E6E7DF
:106010005A6892F89710122901BF002182F89B104C
:10602000012182F8D810DAE75A6892F897101629F9
:10603000DCD100240025C2E94045012182F89C10F2
:10604000D4E75A6892F897101129CFD10021F5E7CB
:106050001010002013B5044601A8FDF737FF20B942
:1060600040F2ED713120FBF75FF822220021019808
:1060700006F056F90198032108F0CBFC019803784B
:1060800023F0100303702146FEF790FA01990648A9
:106090002246FEF7B5FDFDF72DFF10B940F2F7716E
:1060A000E0E702B010BD00BF1010002070B5274C13
:1060B000636893F8AE6293F8AF52002E3FD193F825
:1060C0006810002D3DD193F8692083F8681083F89B
:1060D0006920FF2283F86A201D4B1B680BB16068A2
:1060E0009847636893F83C31012B02D056EA0503C8
:1060F00003D016480021FDF797FD6068303008F0A6
:106100000FFE0546606800F25311FEF737FC606829
:106110000521FCF7F1FF6068303008F001FE854290
:10612000044610D202F092FB0146601B322838BFB1
:10613000322005F0D7F9B0FA80F0400970BD314641
:10614000BFE72A46C1E70120F8E700BF1010002092
:1061500074020020002908BF1F21172810B503462C
:106160000BD80D280DD90E3809280AD8DFE800F021
:106170000B0909090B090B09110BA0F12303022BD1
:1061800024D9002010BDBDE810400021184609F0B8
:106190006CBB124C606890F89630212B09D12046D8
:1061A000FDF742FD6368002283F8962083F8D22031
:1061B000E7E72E2BE5D190F8972001230B217830CB
:1061C00008F00FFA0028EDD12A21E8E7044B1B68FC
:1061D000002BD6D0BDE81040184700BF101000209B
:1061E00070020020114B09790246586890F89630E9
:1061F000212B11D02E2B0FD0282B0FD0042B0FD0FA
:106200000F2B0FD01D2B0FD090F89730232B14BFDE
:10621000FE201720FFF79EBF1620FBE72320F9E79B
:106220000E20F7E71220F5E71420F3E71010002006
:1062300008B50C4B5B6893F82621FE2A04D040F287
:10624000FC713120FAF770FF83F8260111B9A3F829
:10625000D41008BD0022A3F8CE20012283F8D2205A
:10626000F7E700BF101000200D4B1A7D9AB940B916
:106270005B68B3F858109A8F91420FD81846FCF714
:106280002DBF1A89120708D55B6893F89800073864
:1062900018BF01207047002070470120704700BFE1
:1062A0001010002070B54368D3F8883013F0300F19
:1062B00086B004460D4655D1084608F03BFC30B97F
:1062C0002946204606B0BDE8704008F0E2BD2846E9
:1062D000666808F02BFC0590284608F023FC049023
:1062E000284608F025FC0390284608F01DFC3036AF
:1062F000DDE9033200900599304608F023FD1A4B82
:106300001A89920710D5DA68D278142A0CD16268FB
:10631000D2F8883043F01003C2F88830204608F0E5
:106320008AFD002006B070BD626892F896101D29A3
:10633000EDD092F83321002AE9D1626892F8322137
:10634000002AE4D16168D1F8882042F02002C1F827
:1063500088205A68114602F5B37231F8300BFEF707
:1063600067FBDBE70120DDE710100020F7B5834C69
:106370000546002840F0B28023891F0728D56368AE
:1063800093F82621FE2A04D14FF4A8613120FAF7B0
:10639000CBFEFE2283F8262193F897201A2A07D1F4
:1063A00083F8D700204608F050FD636883F89750C3
:1063B000606890F89630202B33D0332B40D0636840
:1063C00093F89820072A02BF0222627583F82621DB
:1063D0002389DE073DD42389580700F1B18099074E
:1063E00013D5E368DE780D2E00F0B280112E00F098
:1063F000B180072E00F0B0803046FEF7BBFC0346AC
:10640000002800F0AB805D4898472389DA0665D5FF
:10641000636893F897200A2A60D10B2283F89720AB
:106420005CE090F8972001230B21783008F0D9F830
:10643000636818B12E2283F89620C0E72122FAE77C
:10644000012380F8A532002380F8963080F8D230FE
:10645000B5E76068276990F89720FE780123052149
:10646000783008F0BEF858B1B31EDBB2092B00F249
:106470008180012202FA03F340F23332134279D0D1
:106480003846FEF781F820B939463C4808F001FD4E
:106490004BE0FE78012E01D9162E0FD1636893F8D8
:1064A000960008F0E7FC48B1636893F89620202A2C
:1064B00004D0212A0ED12E2283F89620112E39D015
:1064C0002AD8072E38D00D2E38D03046FEF748FC9B
:1064D000034625E0162E0CBF20250225237D1B0731
:1064E00017D56068012390F897200521783008F0CF
:1064F00078F8064600283FD1019001A90320FBF758
:10650000A1FE019B2BB11E720C226168019808F05C
:106510007EFB284603B0F0BD142ED6D1184B1B6865
:10652000002BB1D021691548984700283FF453AF9C
:106530000546D3E7134BF5E7134BF3E7134BF1E7AE
:10654000626892F89820062A04BF0122627546E725
:106550000F4B58E70F4B56E70F4B54E7FF2E06D172
:106560006268332182F8961082F8A4024DE740F267
:1065700034510BE70825B1E70825CAE710100020C1
:106580007C0200205DF90000FD650000E56100006F
:106590000FF900002DF900009D65000010B5164BA5
:1065A000DB681979436893F89620092A09D193F892
:1065B00021218A4205D1002283F8962083F8D22037
:1065C00010BDD3F8882012F0080407D022F008028A
:1065D000BDE81040C3F8882008F037BCFF2905D17A
:1065E000332283F8962083F8A442E9E740F2CE41B3
:1065F0003120FAF799FD00BF1010002010B50B797B
:106600004268172B92F8962004460CD80D2B0CD913
:10661000A3F10E01092908D8DFE801F009070707EF
:10662000090709071009232B26D0002010BD224698
:106630000121BDE81040184609F017B9212A01D000
:106640002E2AF2D1204608F0EDFB636893F89720DC
:10665000222AEAD093F8E92022F0010283F8E92007
:10666000626892F8E93023F0080382F8E9301A21D1
:106670002046FDF7D9FAD8E7282AD6D1024B1B6865
:10668000002BD2D09847D0E7780200202DE9F041C6
:10669000B04C228963680746D00555BFB3F8C820BF
:1066A00000220132A3F8C8204CBF83F81C22A3F8B3
:1066B000C8200E46FFF75CFC50B1238960681905BD
:1066C0005FD590F89C30002B5BD00023C0F8BC3025
:1066D000238903F4407333B1606890F89A30002B3B
:1066E0006CD0032B70D06168238991F89A20012A1D
:1066F00004D15A0544BF022281F89A20002F40F0AD
:10670000EB825D065DBFB1F83422013292B23A46A7
:10671000A1F8342203F00A020A2A0DD1E268D278E5
:10672000022A09D123F0080330462381FFF71EFE19
:1067300008233043C6B223813046FFF717FE3043AB
:10674000C6B2606890F82631FE2B77D1002E75D145
:10675000012390F898201946783007F042FF00286E
:106760006CD1636893F830319BB3636893F831213F
:10677000A3F8CC6083F8282101210220FFF758FDFF
:106780005CE0D0F8BC30D0F8C02001339342C0F8B0
:10679000BC3004D8E18AD51A05318D4202D80121D6
:1067A00080F8C610934293D30023C0F8BC306A49E6
:1067B000022200F5A57008F03CFA89E7012180F873
:1067C0009A10FCF799FC8EE7022380F89A30012199
:1067D000F7E76068012390F897200421783007F0EC
:1067E00000FF0546A0B1636893F89720113A0B2A81
:1067F00000F24481DFE812F004014201420142014B
:1068000007010A01420142014201420142013001F5
:106810006268D2F88830D80702D531460920ADE742
:10682000990740F1928031460C20FFF701FD626824
:1068300092F8D93043F0010382F8D9306568B5F891
:10684000103295F814820133A5F81032B8F1000F18
:1068500000F01882FBF7E8FC10B10023A5F8103215
:106860006068012390F897200021783007F0B9FE86
:1068700028B9636893F897300B2B40F01B8260684F
:10688000012390F896200021783007F0AAFE002816
:1068900000F010826068012390F898200021783081
:1068A00007F09FFE002800F00582636893F89A20A5
:1068B000022A40F0FF8193F81C22002A40F0FA815E
:1068C000186906F0D3FA002800F0F481606890F8A7
:1068D0002631FE2B40F0EE81B0F80A32012B40F257
:1068E000E981B0F8CA20B0F8C810951E0123A9426A
:1068F00080F81232BCBF02F1FF335B1AB0F81052BD
:10690000E18AB8BF9BB28D423BBF4A1C521B012299
:1069100092B2934228BF1346012B02D1002280F885
:1069200012226068B0F8902090F89A1013449BB23D
:106930000129A0F80C3240F2CD810239012940F240
:10694000C18140F66101312033E1580706D5314657
:10695000132013E710100020B1F20000190706D52C
:1069600092F8203182F828313146072006E713F0EB
:10697000300F3FD092F83331002B40F0968263689D
:1069800093F83231F3B1606890F89730252B00F519
:10699000997100F2AE222BD090F89630A3F1250C1D
:1069A000DCF1000343EB0C0308F0BEF96268D2F897
:1069B000883023F0200343F01003C2F8883000230E
:1069C00082F832316068D0F88830DB0640F16D82A1
:1069D00000F25311FDF7D2FF6368B3F85220A3F819
:1069E0002821B3F85620A3F82A2100211520C5E656
:1069F0000123D9E7590640F1588200212420BDE641
:106A000000210B20BAE600210420B7E693F8A0028B
:106A1000012808D100210520FFF70AFC6368002245
:106A200083F8A0220AE702287FF408AF93F8D85031
:106A300006221DB183F828210021EDE7A04803219B
:106A400008F012FA636893F8E83013F0040F29464F
:106A500014BF11200D20DFE7002106208EE693F8F9
:106A60003C21022A02D10021172087E693F83C211D
:106A7000012A03D193F83D31002BF4D06068012343
:106A800090F896200021783007F0ABFD78B160686F
:106A9000012390F897200421783007F0A2FD30B947
:106AA000636893F8C63013B10121122066E660686E
:106AB00090F89620092A05D190F8213180F82831E4
:106AC000012152E7002D7FF4B9AE01232946783029
:106AD00007F087FD002800F09D80636893F843214C
:106AE0003AB101210E20FFF7A3FB636883F84351FD
:106AF000A4E693F842218AB193F8D92092070DD1E8
:106B000001210C20FFF794FB636893F8D92083F8E8
:106B1000425142F0010283F8D9208FE693F83231D6
:106B200053B3636893F8333133BB606890F89730A0
:106B3000252B00F5997100F2AE221BD090F896300B
:106B4000A3F1250CDCF1000343EB0C0308F0ECF897
:106B50006368002283F8322101211420FFF768FBCB
:106B60006368B3F85220A3F82821B3F85620A3F89D
:106B70002A2163E60123E9E7626892F83C110129C2
:106B8000CBB25DD192F83D21002A59D160680B212A
:106B900090F89720783007F024FD002850D16068E5
:106BA00090F86810012906D0022904D040F2812112
:106BB0000620FAF7B9FA90F86920012A01D0022AD2
:106BC000F4D1022990F83E3118D0012B14BF0023D4
:106BD0000123ABB990F8972001230321783007F007
:106BE00000FDB8B96068012390F897200221783041
:106BF00007F0F7FC70B901211620BFE5022BE5E78D
:106C0000022A90F83F3119D0012BE3D12C48002102
:106C1000FDF70AF86068012390F89620002178308B
:106C200007F0DFFC00283FF409AE636893F8A43254
:106C3000002B3FF403AE0121FF209FE5022BE4E788
:106C4000636893F849317BB1636893F83D315BB970
:106C50006068012390F897200B21783007F0C1FC81
:106C600010B90121232089E5636893F84631002B90
:106C7000D0D001212520FFF7DBFA6368002283F8DA
:106C80004621DBE5FBF7CAFA08B1A5F81082FBF74D
:106C9000D3FA00283FF4E4AD95F81C320133DBB29F
:106CA000022B85F81C3282BF0023A5F8103285F82C
:106CB0001C32D5E56368002283F81222012330E6F6
:106CC0001010002090F89850B0F8C810072D5DD132
:106CD000022954D8A0F808322289636855065BBFA0
:106CE000B3F81E22B3F80E1200225218A3F81E2287
:106CF00093F83031002B00F081806368B3F8CC202A
:106D0000B3F80E120A44A3F8CC20636893F8D200BB
:106D100030B1B3F8CE20B3F80E120A44A3F8CE2057
:106D200093F9D6100029C1BFB3F8D420B3F80E529E
:106D30005219A3F8D42093F8B92052B9002F40F08B
:106D4000AE80627D022A65D193F82821062A18BFF9
:106D50001622636893F8B83033B96068594980F8EF
:106D6000B920B03007F05FFF606808F032FE63685A
:106D70000022BDE8F04183F81322FDF7E1B8B0F836
:106D8000CA301A440132A0F80822A5E7B0F8CA5068
:106D90004B1CAB420FDA6D1AADB2022D0BD0033D86
:106DA000ADB290F8C63043B9FFF7E2F8B0B96DB1B3
:106DB000013DADB20BE00025F3E790F896200123EA
:106DC0000921783007F00DFC0028EDD1002563681B
:106DD000B3F80C221544A3F808527DE76268D2E9A3
:106DE0002F23911C8B4207D39B1A022B04D0033B09
:106DF0009D4288BF9DB2DAE70023F9E7606801236E
:106E000090F898201946783007F0EBFB00287FF4C3
:106E100074AF7AE7012A08D193F89920002A98D113
:106E200060680021FCF768F9A1E756B1F00634D498
:106E3000310734D4B20634D4B30734D140F68D11BF
:106E400081E538B1B3F8CE00B3F8D020904201D339
:106E500022227EE7002905DDB3F8D410B3F8D02054
:106E60009142F5D2B3F8CC10B3F8CA2091420BD2BC
:106E7000636893F89A10B3F8C82051B1B3F8CA30D8
:106E80009342CDD8082264E793F83031002BDFD14C
:106E9000EEE7052AC4D93E225BE71E2259E73D22D0
:106EA00057E7232255E72A2253E7636893F8972090
:106EB000222A3FF4D4AD312A7FF4E0AD0021112025
:106EC0005CE400BFEBEE0000F7B5734C01272770C0
:106ED0000023606080F81372008823812375637536
:106EE000FCF7EEFF63681888FDF714F86368B3F8E1
:106EF0000A22264612B393F82621FE2A1ED193F8C1
:106F00003031DBB160683B4690F8982039467830E4
:106F100007F067FB054688B9636893F83121A3F849
:106F2000CC0083F8282102203946FFF781F96368F5
:106F3000022083F81252FFF78DF804E0636893F89B
:106F40002601FE28F7D1636893F81522002A4FD056
:106F500000236268E382B2F80E32B2F81012013BED
:106F600011FA83F1A2F81012B2F8C8109FB211FA08
:106F700083F3A2F8C830FEF7FBFF28B16268D2F8AD
:106F8000BC303B44C2F8BC306068B0F80A32012B18
:106F90009CBF0133A0F80A3200250FB180F81C52C3
:106FA00090F8973080F81252A3F10A02012A2AD8E9
:106FB000B0F89030B0F8AC229B1A19043DD400F21E
:106FC000AE219E3007F0F1FB636883F89750FF22F3
:106FD00083F8F0206168B1F80E2201F1780007F023
:106FE0002AFC00283FD040F615113120FAF79CF812
:106FF00093F8B03123B96268D38D128C9A42A8D32A
:1070000063681B8CA5E7252B17D1B0F8AC22B0F82C
:1070100090309B1A1A0410D480F89750FFF746F866
:107020006368014630B983F83C0103B0BDE8F04025
:10703000FFF72CBB83F83C51CCE790F8963003F077
:10704000FD03252BC6D1B0F89030B0F8AC229B1AC6
:107050001B04BFD4002380F89630FFF727F80146C1
:107060000028B7D1E1E70D4B009396E803000C4BE5
:107070000C4AFAF7A7FF6068012390F897200521D2
:10708000783007F0AEFA20B103B0BDE8F040FAF76F
:1070900091BF03B0F0BD00BF101000208D6600004E
:1070A00069620000995F000038B50446084694F80C
:1070B000A03213B10C25284638BD94F89730162B12
:1070C000F8D194F8C43203F0FF05002BF2D199B146
:1070D0000A4B5968D1F83032C4F81C3101F584727A
:1070E000052301F5087104F011FE012384F8A03294
:1070F000204608F07BFCDEE70223F7E710100020B3
:10710000D0F8B4328269934210B5044604D1D0F865
:10711000B812026A914216D02288A4F8B22140F235
:10712000E242B3FBF2F3A4F8B431B4F8B832A4F8F5
:10713000B631B4F8BA320949A4F8B831022204F5DC
:10714000D47007F076FD02212046FDF751F90023A7
:1071500084F89730032384F89A3010BD9BEF000029
:1071600008B5FDF721FD024B024A1A6008BD00BFB9
:107170007C020020A5620000064BD3F8000138B164
:10718000D3F8040120B1D3F80801B0FA80F0400927
:10719000704700BF00F00040034B00221A705A7085
:1071A00010229A70704700BF2A10002070B5064662
:1071B000022014460D4600F09BF9064B01221A707E
:1071C000054B033CC3F81045C3F80865C3F80455E4
:1071D00070BD00BF2A10002000F0004008B502205A
:1071E00000F086F9084B01221A70084B0022C3F800
:1071F0000021C3F80421C3F8082103F580334FF4BC
:107200000002C3F8042508BD2A10002000F0004049
:107210000D4A08B513787BB10C4B4FF40001C3F84D
:107220000815FFF7A9FF60B101235370084BD3F88D
:107230000034937000231370BDE80840002000F074
:1072400057B950701023F4E72A10002000F00140D5
:1072500000F000400A4B1A786AB10A4BD3F80021BB
:107260005AB1D3F8040120B1D3F80801B0FA80F084
:107270004009C0B27047587870470220704700BF7D
:107280002A10002000F0004008B5074B1A783AB1E8
:10729000FFF772FF30B1054BD3F80004C0B208BD50
:1072A0009878FCE71020FAE72A10002000F0004050
:1072B000024B00221A705A709A7070472D100020ED
:1072C0002DE9F04104461C4D01201E468846174614
:1072D00000F00EF904F003002E7140EA0643174E49
:1072E00043F08073C6F80435C6F8088508F0B0FC92
:1072F00030B9D6F8183523F0FF033B43C6F81835EC
:107300000F4B104AC3F8082514F0FB0F01BF0E4ABB
:10731000C3F89825FC3AC3F89C250122022C6A7018
:10732000EC7007D8054B2A700021C3F80011C3F890
:1073300000121A60BDE8F0812D10002000F000401E
:1073400000F001400000020200F10040214A5378A1
:1073500070B523B940F217213C20F9F7E5FE1E4B2A
:10736000C3F80C15C3F81005D57801249470C5B97D
:1073700012780AB9E621EFE7184AC3F804514FF42E
:107380000035C2F80455D3F8006116B15C60C2F84C
:1073900008550B7803704B78043343708B788370F7
:1073A00070BD042D4FF0000106D11470C3F8041114
:1073B000C3F800421C60F3E7127812B94FF48971E8
:1073C000CAE7C3F80411054B4FF00072C3F8042557
:1073D000E6E700BF2D10002000F0004000F0014063
:1073E000064B1A782AB1064A0649C2F80815002247
:1073F0001A7000225A709A70704700BF2D1000203A
:1074000000F001400000020208B50A4B1B7823B9C6
:1074100040F27D213C20F9F787FE074BD3F8042189
:1074200012B940F27E21F5E7D3F80004003818BF06
:10743000012008BD2D10002000F00040164B1B78E5
:1074400070B523B940F28E213C20F9F76DFE134C44
:10745000D4F80431BBB90223C4F80433104B114EE5
:107460001D691A6942F0100205F010051A61D4F87E
:1074700004314BB125B90A4A136923F01003136193
:107480000223C4F8083370BD4FF40043C6F88031BE
:1074900008F026FCEBE700BF2D10002000F00040B4
:1074A00000ED00E000E100E0014B01229A6070472E
:1074B00000F0004008B50B4B4FF40042C3F88020A9
:1074C000BFF34F8FBFF36F8F074B0022C3F8002528
:1074D000C3F80025FFF784FF044B4FF40002C3F804
:1074E000082508BD00E100E000F0004000F0014088
:1074F00038B5144C0023C4F80035C4F800350546EF
:10750000FFF76EFF104B4FF40002012DC3F8082562
:1075100003D0022D08D085B938BD0223C4F8003548
:107520000A4BC4F81435F7E70321C4F800150749DE
:10753000C4F81415C3F80425EEE782213D20F9F7BD
:10754000F3FD00BF00F0004000F0014032100020C9
:10755000084B0022C3F80021C3F80C21C3F8102106
:10756000C3F80421C3F81421C3F81821C3F8082173
:10757000704700BF00100040024B00221A809A7032
:107580001A7170474011002038B5134B93F83150F1
:107590000246084625B940F651013E20F9F7C4FDE0
:1075A0005AB9012DDC6A93F8301003D100F08AFE3D
:1075B000204438BD08F049FAFAE7012A0AD1012D22
:1075C000DC6A93F8301002D100F06EFEF0E708F0AC
:1075D00047FAEDE70020ECE74011002008B5094B21
:1075E000012883F82000084B06D0022808D040F676
:1075F000B9513E20F9F798FD0322C3F8102508BDC4
:107600000422FAE7401100200010004007B50B4AA1
:1076100001AB92F9212000F099FE9DF9040000F0E1
:107620003BFE9DF8050000F00BFF20B140F2CD516C
:107630003E20F9F779FD03B05DF804FB401100200E
:1076400008B503460F4863B92831C1600E4900F000
:10765000DFFE0130012814D940F224713E20F9F7F1
:1076600063FD012B0AD12931C160074900F0D6FE24
:107670000130012805D940F22E71EFE740F2327156
:10768000ECE708BD200000200494020008B5134B6D
:1076900093F83D30D9071FD59A0711D5104BD3F871
:1076A000002242F00102C3F80022D3F8503503F063
:1076B000F603022B10D140F2FC513E20F9F734FDC5
:1076C0005B0709D5074B084AC3F8AC2508F022FA36
:1076D00010B140F20361F0E708BD00BF4011002087
:1076E0000010004000F0014008100040084B1A78DC
:1076F0003AB993F83D2042F0020283F83D20FFF7AB
:10770000C5BF012AFBD193F83D2042F00402F4E703
:107710004011002008B50C4B9B78012B09D100F0DB
:1077200083FE013001280ED940F6A2013E20F9F770
:10773000FBFC022B07D100F07DFE0130012802D9AD
:1077400040F6A801F2E708BD40110020054B0344B4
:1077500000F07F001A7E044BC3F80825C3F85405D7
:10776000704700BF049402000010004038B50D4679
:107770000446FFF733FF2846FFF7E8FF2946204677
:10778000FFF744FF08F08EFA90B10A494FF080539A
:10779000D1F88825D3F82033022C0CBFC3F306633D
:1077A000C3F3062322F4FE4242EA0323C1F88835DC
:1077B00038BD00BF0010004010B50C46FFF70EFFAB
:1077C0002046FFF7C3FF0E4B5A78012A03D1D87821
:1077D0002146FFF71BFF0B4CD4F8003243F48873AB
:1077E000C4F8003208F05EFA40B908F06AFA28B925
:1077F000D4F8683543F4C023C4F8683510BD00BF21
:10780000401100200010004010B5502200211948FE
:1078100004F086FDFFF7B0FE08F0FFF960B1242206
:107820001548FF2104F07CFD4FF080430022C3F88F
:10783000082EC3F8102E10BD08F0F8F90028EED17C
:1078400008F0FDF90028EAD108F017FA08B1402243
:10785000E6E708F009FA04460028F8D1064838227D
:10786000FF2104F05DFD4FF08043C3F8084EC3F8DC
:10787000104EE0E740110020000E0040024B18447B
:10788000007E00F51660704704940200014B93F8E7
:107890003000704740110020014B986A704700BFCC
:1078A00040110020014BD86A704700BF40110020F2
:1078B000084A094B92F83010906A03EB81031A6C66
:1078C000DB6C801A03F2DB534FF47A72B3FBF2F3F2
:1078D000C01A7047401100200494020008B50E48F9
:1078E00090F83010012906D0022912D040F2AA21C6
:1078F0003E20F9F719FC40F6B833084A806A02EBDB
:107900008102126C801A4FF47A72B3FBF2F31844BE
:1079100008BD4FF4FA63F0E7401100200494020020
:1079200008B5134B012983F83C0006D002291BD06F
:1079300040F20B313E20F9F7F7FB00230D4A43F4E8
:10794000801340F0007043F4847340F44030C2F878
:107950001435C2F81805D2F8503503F0F703032B9D
:1079600005D140F22331E5E74FF08073E6E708BD2B
:10797000401100200010004008B508F093F950B104
:10798000054AD2F8743723F0807323F0010343F0E3
:107990008073C2F8743708BD00100040424B0222C9
:1079A00070B5C3F88020BFF34F8FBFF36F8F3F4C8C
:1079B0000023C4F8FC3F0123C4F8FC3F08F081F920
:1079C00028B1D4F83C3743F48063C4F83C3708F05E
:1079D0003FF958B1D4F83C3723F0004323F0FF03BC
:1079E00043F0004343F09603C4F83C3708F05AF9DB
:1079F0002E4C38B1D4F8403723F47F4343F4B053CE
:107A0000C4F840372A4BC4F8783700F029FD38B164
:107A10004FF08053D3F83033591C18BFC4F84C379B
:107A20004FF01023214C1B6E5A1C09D0D4F88C2522
:107A30001B0403F47F0322F47F021343C4F88C3544
:107A400040F20313C4F834351A4D40F25B63C4F8B6
:107A500038350123C4F8303585F820300323C4F8C5
:107A6000103540F20123C4F850360226124BC4F8F8
:107A70000062187C00F0FAFC104B4FF04062C3F833
:107A8000042500232B86EB6285F83D30064B10223F
:107A9000C3F88061C4F804231E602B6D13B1BDE8E8
:107AA0007040184770BD00BF00E100E000100040CA
:107AB0002C000089401100202000002000F001402F
:107AC000014B83F82100704740110020034B020E48
:107AD0000002C3F82425C3F81C05704700100040BD
:107AE00038B5044600680A4DFFF7F0FF094B62689D
:107AF000C3F83C25237A85F82230617AA07AFFF713
:107B00000FFF607AFFF76AFDE37A85F8213038BD10
:107B10004011002000100040014B83F82200704704
:107B20004011002070B51A4D95F83D30DA07044633
:107B3000084604D440F257713E20F9F7F5FA154E85
:107B4000D6F8002243F0020342F00102C6F80022F8
:107B500085F83D3084B995F82210FFF707FE0E4AEC
:107B60000123AB70D36433600B4B2046D3F84C1524
:107B7000BDE87040FFF764BD012CF5D195F82210E7
:107B8000FFF71AFE0223AB70034BDC647460EBE773
:107B9000401100200010004000800040214B1022C6
:107BA00013B5D3F80443C3F808230222C3F8002214
:107BB0001D4A002182F83D101C4A4FF46020C2F893
:107BC0000805D3F85025D2B204F01004DAB1FF2230
:107BD0008DF807200122C3F810111A619DF80720C3
:107BE00012B1D3F810213AB19DF807305BB940F6D5
:107BF00091013E20F9F798FA9DF80720013AD2B298
:107C00008DF80720EAE7FFF785FD06490023C1F854
:107C10001031FFF7B1FC14B11023C1F8043302B0E6
:107C200010BD00BF001000404011002000F00140D6
:107C300038B51E4D0024C5F84845C5F84445C5F87B
:107C40004045C5F84C45FFF7A9FF00F0DBFB0130CC
:107C5000012804D940F241513E20F9F765FA144B4E
:107C600014495A6B42F04462C1F80825C3E90A443A
:107C70005C631C76104BC5F848450222C5F84445A4
:107C8000C5F84045C5F84C45C5F84841C5F84441DC
:107C9000C5F84041C5F84C41C3F88020BFF34F8F71
:107CA000BFF36F8FC3F8802138BD00BF0080004054
:107CB0004011002000F0014000E100E070B52F4CC1
:107CC00094F83D3043F002030E4684F83D300546FB
:107CD00078BB94F822103046FFF748FD0123A370CB
:107CE00023782749012B01BF264AD2F8003243F0FE
:107CF0000803C2F80032636B01EB460143F48013C2
:107D00006363214BB1F858404FF48012C3F8042547
:107D100004F5FA744FF47A73B4FBF3F4FFF7E6FC5E
:107D200007F0F8FE014620B3FFF738FF0024204695
:107D300070BD01281BD194F822103046FFF73CFD9E
:107D40000223A3702378012B01BF0E4AD2F8003220
:107D500043F00403C2F80032636B43F4001363631F
:107D6000094B4FF40012C3F804252924D6E7002458
:107D7000D4E72846FFF764FCD9E700BF4011002094
:107D8000049402000010004000F001402DE9F0478B
:107D9000354C0E4615460746002848D194F8221067
:107DA0001046FFF7E3FC217801239942A37010D01D
:107DB0002E4A02EB4502B2F858304FF47A7203F5BE
:107DC000FA73B3FBF2F3F61A19B9294B294AC3F82F
:107DD000AC25DFF8AC90DFF89880274BC9F84065F8
:107DE000C8F8A835234B1022C3F80423636B4FF463
:107DF000002A43F4002363630125C8F804A5FFF7B4
:107E000075FCC9F84C50D9F84C359E4226D800254F
:107E1000C9F84055C8F8AC55636B23F4002363637D
:107E2000C8F808A5FFF7BAFE2846BDE8F087012884
:107E30000FD194F822101046FFF7BEFC0223A37066
:107E40002378012BC5D0293E002BC2D1084B0B4A09
:107E5000BDE74FF401613E20F9F766F93146384637
:107E6000FFF7EEFBE0E700BF4011002004940200A2
:107E700000F001400010004040810040041000402C
:107E800000800040014BC3F83C05704700100040E3
:107E900010B50FC8014C84E80F0010BD94110020EC
:107EA000064BC3F80405064B93F83D20986342F057
:107EB000010283F83D20FFF7E9BB00BF001000403E
:107EC0004011002008B5124BDA6A824204D340F612
:107ED00022113E20F9F728F90E4AD86101211976BE
:107EE0005164D2F84415884202D840F62B11F0E7CD
:107EF0000021C2F84411C2F844055A6B42F48002D2
:107F00005A63054B4FF48002C3F8042508BD00BF37
:107F1000401100200080004000F0014010B50F4CDF
:107F2000034694F8310094F830100222012822769A
:107F30004FF0960094F820200CD100F0D1F9084AB7
:107F4000E0610023C2F84431E36AE1690B44C2F8FE
:107F5000443510BD00F0DEF9F1E700BF401100200C
:107F600000800040044BC3F86005D3F8002242F0C3
:107F70004002C3F80022704700100040054BD3F8C0
:107F8000002222F04002C3F800220022C3F860253C
:107F9000704700BF00100040044BD3F8483503F091
:107FA0007F035B4203700120704700BF0010004058
:107FB00008B50D4B0A46D9700021197088B9012106
:107FC0005970997802290ED193F822101046FFF7C4
:107FD0001DFB064AD2F8003243F48873C2F800321F
:107FE00001E002225A7008BD40110020001000403C
:107FF000024B0022C3F84025704700BF00800040BC
:10800000044B30B5D3E910459B6CC0E900450B60CB
:1080100030BD00BF401100202DE9F843924D934C34
:108020000123EB64D5F84C7594F83C8003F008FA12
:108030000026C4E91006A764FFF76CFB8C4B626B4B
:10804000C3F808258B4A6663D2F8003223F48E7396
:1080500023F00103C2F80032237E84F83D6023B18F
:10806000D5F844319B1B18BF0123A578012D50D1B1
:10807000D2F80C31002B0CBF0025082515F00B0F92
:1080800006D17C4BD3F8103113B145F01005EDB299
:10809000FFF75EFA05F01803102B05D1A378012B2A
:1080A00004BF45F02005EDB26F4B6678D3F8482544
:1080B000E262D3F8443594F82020A362A37884F8D0
:1080C000302084F83130002E3AD1FFF755FA267669
:1080D000EF077ED5636D9847EB0601D5236E984771
:1080E000A378022B13D1237E8BB1022B5E4A40F082
:1080F000AD80E36AE1690B44C2F84435636B43F435
:10810000800363635A4B4FF48002C3F80425BDE833
:10811000F883022D12D1574AD2F80C11D2F800245C
:10812000002908BF0025D2075CBF45F00405EDB269
:10813000002BA3D045F00105EDB29FE700259DE798
:1081400015F0110F1BD1237994F80090013E18BF50
:108150000126012B17D0022B2AD073BB9621304663
:10816000FFF712FA0146FFF707FAB9F1010F29D11B
:108170003B378F4224D93F4B01261E61A8E7FFF70A
:108180000DFD0026A4E73C48FFF7AAFC94F8313027
:1081900023B940F24E713E20F8F7C6FF012B04D1FF
:1081A000FFF79CFB61690144DDE7FFF781FBF9E71D
:1081B0003148FFF795FC6169D5E740F6BF21EAE752
:1081C00084F80090E2783046FFF7E0FD0028D2D036
:1081D000D7E7A8072FD507F065FDE8B907F071FDCF
:1081E000D0B9244BD3F85034D90115D51A0705D08E
:1081F00013F0F00F02D013F4706F0DD11D4AC3F3CA
:1082000004410129D2F8542406D1012A04D0C3F331
:108210004253022B7FF65EAFA36B5B78434584BF6E
:1082200045F00405EDB285F00400A36D3146C0F3BE
:108230008000984750E715F0280F3FF44DAF85F0C8
:108240002001E36DC1F340113046F2E7012B02D06B
:1082500040F69B419FE7E369E16A8B423FF64CAFF2
:1082600040F69C4197E700BF00800040401100208D
:1082700000F001400010004048110020024B03EBC9
:108280008000006C704700BF04940200014B53F85B
:108290002000704750940200024BC0B2C3F80C0596
:1082A000704700BF00100040054B33F81130023812
:1082B0004FF47A7203F2E733B3FBF2F318447047DA
:1082C00070940200054B33F811304FF47A7203F5C5
:1082D0007A73B3FBF2F31844704700BF7094020046
:1082E00038B51D460A4B33F8111003EB82030535F0
:1082F0009C6821444FF47A7301F6B73103FB0014F4
:108300001046B4FBF3F4FFF7B9FF2C44204438BD0A
:108310007094020070B5064608461546FFF7B6FF92
:10832000094A02EB850291684FF47A7201F6B7317F
:1083300002FB0613181AB0FBF2F42846FFF79EFF63
:108340000530204470BD00BF709402002DE9F74F46
:10835000284C074698460D46164600F0A9F82378A3
:10836000BB42814611D16378AB420ED194F9023001
:10837000B3420AD1E378834207D1A388A8F800303A
:1083800094F9060003B0BDE8F08F7B1E072B13D8CD
:10839000DFE803F0170412191212121001200DF178
:1083A00007033246294600F089F8824668B13D212C
:1083B000752004E00220F2E740F2F2310620F8F7DF
:1083C000B3FE0020EBE70320E9E728469DF907B05C
:1083D000FFF754FA534602464146584600F036F835
:1083E000B8F80030A071A38027706570A67084F87B
:1083F0000390C5E738000020014B1B681B68184735
:1084000080020020014B1B685B6818478002002037
:10841000014B1B68DB68184780020020014B1B687A
:108420001B69184780020020014B1B685B691847D5
:1084300080020020014B1B689B69184780020020C6
:10844000014B1B689B6A18478002002010B4034C44
:108450002468A468A4465DF8044B604780020020AD
:10846000014B1878704700BFEC17002000220F491D
:1084700038B50446134644FA02F0C007D5B248BFE7
:10848000581C02F1010244BFCD54C3B2042AF2D1F8
:10849000064DC3F10402042BD2B24FF0FF0188BF96
:1084A0000022E81803F03CFF2C7138BDF8170020BB
:1084B000014B187D704700BFA8110020042810B59B
:1084C00011D883B104280CBF10242824A1420AD259
:1084D000064C54F8200018B141568A42A8BF0A46FB
:1084E0001A70002010BD6FF01500FBE7A8110020E6
:1084F00030B50246114890F91C3093421ADD90F9CC
:108500002430934218DAD31A856A0D4CE85C23565E
:1085100093420ED00E3400290CBF0346431CA542E3
:10852000D8B206D129B1013AD2B2012A01D801301C
:10853000C0B230BD0D20FCE70020FAE7A8110020F2
:108540008494020008B5054B93F91C30984203DA75
:10855000FFF7CEFF024B1B56184608BDA81100209E
:108560008494020010B51C4C94F82C3073B901238C
:1085700084F82C3007F063FB48B1184BA362D82372
:10858000236284F824300823A361237710BD07F009
:108590006BFB0028F1D107F070FB0028EDD107F04C
:1085A00033FB38B10E4BA362D823236284F8243006
:1085B0000423E9E707F031FB0028F3D107F036FB8D
:1085C0000028EFD107F044FB0028EBD140F2BB11AB
:1085D000742003F0E7FA00BFA8110020BF94020046
:1085E00092940200014B1879704700BFDC11002003
:1085F000054B1A79824283BF1B6800EB400003EBF6
:1086000000100020704700BFDC11002043F6095223
:10861000C0F3080302FB03F3400A03F5807302FB77
:1086200000F000EB5320704743F6095CC0F30802EA
:1086300010B50CFB02F2C0F34E24030E43EA0123F3
:108640000CFB04F0090E02F580724FEA411C00EBAE
:1086500052205A01B2EB030E4CEAD36C6CEB0104CE
:108660004FEA841C4FEA8E12B2EB0E024CEA9E6C6B
:108670006CEB040C4FEACC0C4CEA527CD200D318C1
:1086800041EB0C01DA03C903801841EA534141F17F
:10869000000110BD430B48F2376C0CFB03F34FEAAB
:1086A000134C00B5104B43F6095E0EFB1C0000FB9B
:1086B00003F35B0D0EFB03FE03EB4C230EF5745C22
:1086C0000CF1080CB0EB5C2F08D80EF5807EA0EB07
:1086D0005E20C0B20B6010705DF804FB0133002017
:1086E0000B6010705DF804FB6F0C0100F8B5274DAE
:1086F000A94246D8264E274F450F45EAC105A6FB9D
:108700000514C0F34F31A40B01EB054107FB141115
:10871000A6FB0151890B41EA04411F4C04FB1104E3
:1087200048F2376C600B0CFB00F04FEA104C43F63C
:10873000095E1A480EFB1C4505FB00F0400D0EFBC0
:1087400000FE00EB4C200EF5745C0CF1080CB5EB50
:108750005C2F12D80EF5807EA5EB5E2E5FFA8EFEA2
:10876000069D85F800E00D0628184FEA112141F119
:108770000001186059601460F8BD01304FF0000E20
:10878000EEE796219B2003F00DFA00BFFF7F841EC9
:1087900083DE1B43000024F40080841E6F0C010064
:1087A000420B48F2376303FB02F2120C43F6095CFA
:1087B000074B0CFB120101FB0333013B5B0D0CFB70
:1087C00003FC5002B1EB5C2F88BF013018447047A6
:1087D0006F0C01001F2810B59FBF054B440103EB30
:1087E0004010195196BF42600020012010BD00BF0B
:1087F000E811002070B5012504460E4685407AB187
:10880000002000F065FDE30003F1804303F5F83339
:10881000C3F81005C3F81465034BC3F8045570BDC5
:10882000014BC3F80855FAE700F0014008B5064BC4
:1088300093F80024202A03D13F21022003F0B2F94B
:1088400083F8300408BD00BFE811002008B5064BCE
:1088500093F80024202A03D14521022003F0A2F935
:1088600093F8280408BD00BFE811002010B5094A9C
:1088700092F80034202B03D15021022003F092F90A
:10888000590102EB4313BDE81040525858680421C7
:10889000104700BFE811002008B501B3F0B14FF058
:1088A000FF331A46E0FB01320E498A4203D9712197
:1088B0006D2003F077F9180D40EA0230C3F30F136F
:1088C0004FF22441B0FBF1F203EB0040064B03FBF7
:1088D0001200B0FBF1F040EA0240013008BD08464A
:1088E000FCE700BF3F420F00000024F4014B9888D2
:1088F000704700BF24160020014B5888704700BF06
:108900002416002010B5EFF3108472B6064A93794E
:108910000133DBB293719379012B01D107F016F982
:1089200004B962B610BD00BF2416002070B50C4C0F
:10893000267866B90125A0602570FFF7E3FF00F0F7
:1089400075FA30B94FF080432573C3F80453002003
:1089500070BDA368002BFAD09847A660F7E700BF68
:108960002416002038B5FFF7CDFF00F05FFA094C60
:108970004FF0804540B107F0D6F801232B61042366
:1089800063730023A37338BD032363730123C5F806
:108990000433F6E72416002010B5EFF3108472B606
:1089A0000A4B9A7922B94FF496716D2003F0FAF8C8
:1089B0009A79013AD2B29A719A791AB9DB7B0BB9DA
:1089C00000F022FA04B962B610BD00BF24160020E0
:1089D00008B5054B1A7822B100221A731A70FFF7F6
:1089E000DBFF002008BD00BF24160020024B587B8F
:1089F000003818BF012070472416002073B51B4DA6
:108A00002B7F63B9286A00F0030007F0B9F830B192
:108A1000EFF3108372B66A7B1AB103B962B602B083
:108A200070BD01226A7303B962B64FF08043082219
:108A3000C3F808234FF42073ADF80630BDF80640A4
:108A4000A4B2631E9BB2ADF80630002CF6D14FF0F5
:108A500080460748C6F80C4107F0B8F885F825406D
:108A6000FFF780FF0823C6F80433D8E72416002058
:108A7000481600202DE9F041384C94F82630002BA0
:108A800069D04FF08043D3F80071D3F8046157B137
:108A90000122C3F80823237B2BB1A368002525738B
:108AA0000BB19847A5604EB14FF080430022C3F848
:108AB00004210222C3F80823FFF7A0FF4FF08046ED
:108AC0002748D6F80C8194F82550EDB207F082F8CB
:108AD00020B140F2C5116D2003F064F847B1637B0B
:108AE000032B05D10423637307F01DF801233361C1
:108AF000B8F1000F16D04FF080430022C3F80C21CC
:108B0000637B042B02D040F2D711E4E707F0BEF8F4
:108B1000C0B14FF080430022C3F8342C02236373AA
:108B2000FFF73AFF4DB1002384F82530637B022B19
:108B300001D1FFF717FFFFF72FFFBDE8F04108480D
:108B400007F057B807F084F80028E2D107F095F84D
:108B50000028DED1E2E7BDE8F08100BF2416002046
:108B60004816002010B5044C206A00F0030007F0FE
:108B700007F80028F8D010BD24160020F8B50546E7
:108B800050B10278042A07D8437842B9013B1F2B21
:108B900002D88378212B07D96FF0150076E0002BDF
:108BA000FAD18378002BF7D1814B0127C3F880706D
:108BB000BFF34F8FBFF36F8F4FF08046C3F88071C4
:108BC0007C4C4FF0FF33C6F808330023C6F8003161
:108BD000C6F80431C6F80C31A371AB88A38006F047
:108BE000BAFF08B12770A771D6F80C24D6F80C3458
:108BF000D20303D5DF0701D500F012F940F2F55397
:108C000063802B78A9782377002222622174A273D3
:108C1000042B4ED8DFE803F005033B494B0001234A
:108C2000236206F09FFF00284ED006F0A2FF236AC1
:108C300003F00303984247D1AB79002B3ED1FFF7F5
:108C400091FF237C6BB12B785BB900F0EFF8054600
:108C500003F01EF96FF00043002D00F0A580C4E979
:108C600005034FF08043D3F80C24D3F80C34D2031F
:108C700003D5DB0701D500F0D3F84D4A01230020CE
:108C8000607384F82630C2F880311360F8BDFFF7B6
:108C900039FE4FF08043D3F80C14D3F80C24CE03E4
:108CA000F9D5D007F7D50223BAE7434BB8E7434BD2
:108CB000B6E740F216316D2002F074FF4FF08043AA
:108CC0000222C3F80423BCE74FF080430122DA609C
:108CD0000022C3F80421226AC3F8182506F094FF85
:108CE00010B34FF080534FF08042D3F84432C3F3B7
:108CF0004233C2F83C3506F087FF10B34FF0804393
:108D00000122C3F84C254FF0804301229A600222D1
:108D1000C3F80423AA79002A93D1D3F80423910736
:108D20001CD440F2CD21C6E706F077FF0028D8D149
:108D300006F07CFF0028D4D106F08AFF0028D0D1AD
:108D4000D9E706F06AFF0028D8D106F06FFF0028A7
:108D5000D4D106F07DFF0028D0D1D4E7184A166997
:108D6000116941F010011161D3F8043106F01006C9
:108D70000BB906F0B7FF4FF08047D7F8043183B145
:108D8000FFF7F0FE26B90E4A136923F010031361B2
:108D90004FF080430222C3F808230022C3F80421C5
:108DA0004FE706F09DFFE8E7C4E9053059E700BF4B
:108DB00000E100E024160020010002000100030091
:108DC00000ED00E010B50D4C04F1240006F002FFA8
:108DD00048B9637B022B01D1FFF7C4FDBDE8104009
:108DE000074806F006BF074A012384F82530BDE88E
:108DF0001040C2F80031FFF785BD00BF24160020E7
:108E00004816002000E100E04FF08042012353604B
:108E10000023C2F80031014A137070474B1600203E
:108E2000014B01221A7070474B1600204FF080430F
:108E3000D3F8003123B9034B187800F001007047D4
:108E40000120FAE74B160020094B4FF0FF32C3F820
:108E500008230022C3F84025C3F84021C3F8442565
:108E6000C3F84421C3F84825C3F84821704700BF20
:108E700000800040084B094A1B78012B16BF4FF4B5
:108E800040314FF400310023C2F84813C2F80813F0
:108E90000BB9C2F8403170475016002000B00040B6
:108EA00070B5EFF3108472B6094A0A4B0025D2F868
:108EB0000415D2F804612EB1596801315960C2F825
:108EC0000451F4E75B6804B962B6C0E9001370BDF1
:108ED00000B0004050160020094BD3F80435C01AEA
:108EE00020F07F4323F001033BB120F07F40B0F539
:108EF000000F8CBF0220002070470120704700BF88
:108F000000B00040104B4FF40062C3F88020BFF364
:108F10004F8FBFF36F8FC3F880210C4B01225A6033
:108F20009A60D3F80425002AFBD10949C3F8081335
:108F30004FF44031C3F84813C3F84021C3F844212B
:108F4000C3F80421704700BF00E100E000B000401A
:108F50000200030008B5144BD3F8042522F00302E5
:108F6000C3F80425D3F8082542F00302C3F8082506
:108F7000102292FAA2F2B2FA82F2092A04DD0B4818
:108F800040F2913102F004FEC3F810250122DA60AC
:108F9000074A9268C3F80022064B4FF48072C3F868
:108FA00080211A6008BD00BF0080004027D4020065
:108FB0005016002000E100E008B50A4B4FF4807223
:108FC000C3F88020BFF34F8FBFF36F8F0649C3F8FC
:108FD000802101204860FFF737FF044B0861002221
:108FE0001A7308BD00E100E0008000405016002028
:108FF00010B5234C0023FF224FF0FF314FF0FF301C
:10900000C4E90401237062736360FFF7D5FFFFF7C3
:1090100079FF1C4B4FF400621A60A1691A4A31B9FA
:1090200001231360184B0222C3F8042310BD174B11
:109030001748C3F8A805C3F8AC15C3F85C294FF46A
:109040000022C3F80425134A0521C2F84015012166
:109050001160D2F840110029FBD04FF40021C3F871
:10906000081501215160D1600021C2F84011C2F8F9
:109070004015C3F8A815C3F8AC15C3F8AC15D1E773
:109080005016002000E100E000B0004000F0014078
:109090004081004000800040014BD3E9040170474B
:1090A00050160020014BD3F80405704700B0004073
:1090B00013B56846FFF7F4FEDDE90004FFF7A6FAF2
:1090C000024B0021E4FB030102B010BD0080841EAE
:1090D000B1F1FF3F08BFB0F1FF3F2DE9F041424C35
:1090E00005460E463AD1414DD5F800318BB3404E7E
:1090F000404BC6F80835FFF7BDFE4FF000080123CE
:10910000A36084F80D80FFF757FFFFF723FF3A4B6A
:10911000C5F80081394FC6F8A8354FF40023C6F8CA
:10912000AC75C6F8043506F03CFDD5F800312BB11E
:109130000123C5F800817B60FB60F4E7013041F159
:1091400000010223C4E904012370FF236370BDE81A
:10915000F08106F026FDC51C41F10006D4E9047338
:10916000B34208BFAF42F2D0214B224AC3F80825D0
:10917000FFF780FE1D4A4FF4803125F07F48002321
:10918000C2F808134046C2F84813C2F84031FFF74E
:10919000A3FE20B140F226316C2002F003FDC2F89C
:1091A0004085C2F844132378012B06D127F07F476E
:1091B0003846FFF791FE0128FAD000230127637398
:1091C000A760FFF7F9FEFFF7C5FE094B27704FF0C8
:1091D0000042C3F8042504236370044BC4E9045619
:1091E000C3F84873B3E700BF5016002000B000403A
:1091F00000F001400000088000B100400080004005
:10920000032870B52D4B06D9011FC9B201292FD9EA
:1092100040F276310BE0D3E90441B1F1FF3F08BFE2
:10922000B4F1FF3F06D11B7B23B940F255316C20CE
:1092300002F0B8FC2249234D00F110040123800004
:1092400003FA04F4C5F808430B5000F1804101F51E
:109250000041D1F84005101A022805DDC1F840256B
:10926000C5F80443012002E00020C1F8400570BDAC
:109270001C782CB15B78834202D140F27231D6E780
:10928000114B124E22F07F458A0013444FF4803474
:109290008C400022C6F808432846C6F848431A60A6
:1092A000FFF71AFE40B901F5A87146F82150C6F83B
:1092B0000443C6F84443D5E71046D8E750160020CB
:1092C000408000400080004040B1004000B00040BD
:1092D00008B520B14FF461716C2002F063FC0148C5
:1092E00008BD00BF40810040032837B508D9041FDE
:1092F000E4B2012C19D940F2CA316C2002F052FCC0
:10930000234900F1100201239340C1F8083300F50E
:10931000A873002241F823201E4B81005A5053F8B5
:1093200020300093009B03B030BD1B4D2B7893B1D0
:109330006A7882420FD1194A1949C2F80815012BDF
:1093400001D1FFF739FE00232B704FF0FF324FF0B1
:10935000FF33C5E90423134A4FF48033A340C2F816
:109360000833C2F8483304F5A87352F82300FFF716
:10937000B3FD012818BF0C4B22B24FEA84041CBF76
:1093800000211951084B53F822300193019BCAE781
:1093900000800040408100405016002000F0014055
:1093A0000000088000B0004040B1004010B50A4BFA
:1093B0000446012210B1C3F8442310BDC3F848236A
:1093C000FFF7FAFD054B4FF0FF304FF0FF31C3E9D7
:1093D00004011C70F1E700BF00B0004050160020EF
:1093E0001F4A08B5D2F80433D90311D5D2F8403159
:1093F00073B10023C2F84031D2F84005FFF76CFD8D
:1094000030B14FF48033C2F80833042001F04AFE33
:10941000134AD2F804339B0311D5D2F8443173B107
:109420000023C2F84431D2F84405FFF755FD30B1AE
:109430004FF40033C2F80833052001F033FE084B27
:10944000D3F8042132B10022C3F80421054A53683D
:1094500001335360044B4FF40062C3F8802108BD10
:1094600000B000405016002000E100E038B5364C56
:10947000637BFF2B64D0237883B10122022B2273FC
:1094800019D1324B4FF40022C3F808250023237072
:109490004FF0FF324FF0FF33C4E904232C4BD3F8D5
:1094A000042310030DD5D3F84C2152B140F20F41E3
:1094B0006C2002F077FB022360782370FFF714FF23
:1094C000ECE7D3F8042351030DD5D3F8483153B159
:1094D0000220FFF709FF1F4B4FF48072C3F8802171
:1094E000022001F0DFFD1A4BD3F8042392030DD5BF
:1094F000D3F8443153B10120FFF7F6FE154B4FF47A
:109500008072C3F88021012001F0CCFD104DD5F808
:109510000433DB0316D5D5F840319BB10020FFF7AB
:10952000E3FE0C4B4FF48072C3F880210020FF2330
:109530006373A060C5F80002BDE8384001F0B2BD19
:109540000620F9E738BD00BF5016002000F00140AA
:109550000080004000E100E02DE9F04F97B01C468C
:10956000CDE90312DFF808A38046FFF795FD4FF021
:1095700080420123C2F80835DAF8002006460F467B
:10958000B8481360082101EB44121318D3E901B164
:1095900000EB441C15581C7BDA8906910CF1080C71
:1095A000597BDB68009201910793BCE80F000DF135
:1095B000380EAEE80F009CE803008EE8030025F0AB
:1095C0007F40FFF723F8009A531C1C44A64B984297
:1095D000044400F237829C4200F3E380002CC0F286
:1095E000C080FFF723FC019B012B024608D0DAE97B
:1095F0000613B3F1FF3F08BFB1F1FF3F00F0B680A3
:109600000292FFF779F940F256339842029A00F03D
:10961000D68040F2F553984200F0CE80B0F5C67F78
:1096200000F0C48000230293002103200591B7F1CC
:10963000FF3F08BFB6F1FF3F1FD0AE4277EB0B03F1
:10964000C0F08180B6EB050C67EB0B03BCF5000F97
:1096500073F1000380F00082A5EB060CBCF1000F53
:1096600033460ADD0598002800F0AC809AF8200007
:1096700000280CBF0846002000E0434615F1FF39E2
:10968000A9EB030C4BF1FF3184454B4656DB002A16
:1096900041D00993039B0891B9EB080861EB0302E1
:1096A0000392FFF729F940F2563C6045DDE90813C3
:1096B000039A00F0D48040F2F55C604500F0BD8074
:1096C000B0F5C67F14BF09201620804572F1000254
:1096D00080F0B980049A012A00F0CC80059A002A13
:1096E00072D1B7F1FF3F08BFB6F1FF3F6CD0B6EBC8
:1096F000090C67EB0102BCF1050F72F1000080F26A
:109700008481BCF1010F72F1000317DA3946334648
:10971000059FB14667E0DAE90620B0F1FF3F08BFD8
:10972000B2F1FF3FB5D0AA1A6BEB000C029882424F
:109730007CF10002ADD2019A012AAAD0002630465F
:1097400017B0BDE8F08FB5EB060C6BEB0703BCF56B
:10975000000F73F1000381D340F23171702002F0E9
:1097600021FA04F1F45404F590243AE700287FF438
:1097700047AF0290FFF7C0F840F256339842029A82
:1097800000F04C8140F2F553984200F01E81B0F594
:10979000C67F00F020810123032011460292059329
:1097A00045E704F1614404F5F7041AE700210D23AD
:1097B0000320029305913AE73223029334E71C23F6
:1097C000029331E7084659E7484605930391FFF7AE
:1097D0007FFC0399059B0027B1F1FF3F08BFB9F15A
:1097E000FF3F00F0348123F07F402A1A22F07F42AD
:1097F000013AB2F5000FA1D2069B5B191B1A23F0A8
:109800007F43B3F5000F99D80391FEF7FFFE174B86
:109810000399A4EB000898453CD3041B9C42C0F07C
:10982000E080114B984531D89C4240F22981C4F127
:10983000614404F5F704A0462DE03B20804572F119
:109840000002FFF447AF0593019B03915F1E48465A
:1098500018BF0127FFF73CFC059B0399BCE72520B7
:1098600033E700BFE8110020FF7F841E0040420F55
:1098700070160020B7F1FF3F08BFB6F1FF3F00F0C0
:10988000F58039463346B1460027ACE708F1F45875
:1098900008F5902844467D4B93F8283023B9009B67
:1098A0001E33A34280F2A580049B012B04D001202B
:1098B0000391FFF719FD0399009B4BB1A8EB03023D
:1098C000012000230391FFF79BFC0399002854D04B
:1098D0000023424618460391FFF792FC039906467F
:1098E00000284AD0019BDAF81820012BDAF81C3046
:1098F00000F08480002F44D1B3F1FF3F08BFB2F1E4
:10990000FF3F00F098800120FFF750FD9AF82030CB
:10991000002B40F08980009A1932A24280F2A18087
:109920000024A8EB020223460220FFF769FC30B1B5
:10993000DAF800301C604FF08043C3F80845069BFE
:109940001093079B119300238DF850300A934FF02A
:10995000FF324FF0FF33CDE90E5BCDE90C230AADAA
:109960000FCD4A4C0FC40FCD0FC495E80F0084E80B
:109970000F00304617B0BDE8F08F0120FFF7B4FCB0
:10998000DCE6B3F1FF3F08BFB2F1FF3F0BD001911E
:10999000FFF702F84FF0FF324FF0FF33CAE906231A
:1099A0000199002FB2D0029BB9EB030261F10003D1
:1099B0000520FFF725FC00285DD09AF82030002B09
:1099C000A9D101238AF82030A5E7322101233520CF
:1099D000029105932BE60D2101231020029105939E
:1099E00025E62A4B93F828306442A046002B7FF4EA
:1099F0005BAF4FF4F261702002F0D4F8B3F1FF3F97
:109A000008BFB2F1FF3FCCD0C1E7484608930391AD
:109A1000059FFFF75DFB0399089BDDE61C210123F1
:109A20001F200291059302E60520FFF75DFC00234D
:109A30008AF820306FE7FEF765FF06F0B2F8CAE952
:109A4000060160E740F22141702002F0ABF840F2DD
:109A50007C71702002F0A6F840F23571702002F09F
:109A6000A1F840F2BA71702002F09CF840F2A361B4
:109A7000702002F097F840F22621702002F092F850
:109A800040F65801702002F08DF800BFF01500205C
:109A90002DE9F04F8F4F97F8214004EB44033B44EE
:109AA00083B05E7A202E48D08B4BE5B26400002B49
:109AB00000F08980894BDFF82C92002B5FD006EBF9
:109AC000451207EB420A4FEA45189AF82830013B45
:109AD000DBB2052B34D8824A12F803B0BBF1090F70
:109AE0002ED0AFF30080EFF3108372B62C443C44C9
:109AF0009AF829206272A27AB24204BF2022A2728E
:109B000013B9AFF3008062B6B044730107EB4808A5
:109B100009EB4616012259F80330706888F82820AE
:109B20005946984797F8214004EB44033B44E5B27B
:109B30005E7A202E4FEA4404C1D103B0BDE8F08F15
:109B400040F26E61702002F02DF862B6B0447301ED
:109B500007EB480809EB4616012259F803307068F4
:109B600088F828205946984797F8214004EB440389
:109B70003B44E5B25E7A202E4FEA4404DDD006EB8A
:109B8000451207EB420A4FEA45189AF82830013B84
:109B9000DBB2052BD4D8524A12F803B0BBF1090F3F
:109BA000CED0AFF30080EFF3108372B62C443C4468
:109BB0009AF829206272A27A964204BF2022A272E9
:109BC000002BC3D1C1E7454BDFF814B1DFF814A176
:109BD0004FF02009002B51D006EB451207EB420253
:109BE0004FEA451892F82830013BDBB2052BA7D885
:109BF0001BF803100929A3D0EFF3108372B62C448D
:109C00003C4492F829206272A27A964208BF84F8F6
:109C10000A90002B54D0B04407EB480873010AEBBC
:109C2000461601225AF80330706888F828209847B1
:109C300097F8214004EB44033B44E5B25E7A202EC2
:109C40004FEA4404C8D178E762B6B044730107EB29
:109C500048080AEB461601225AF80330706888F863
:109C60002820984797F8214004EB44033B44E5B291
:109C70005E7A202E4FEA44043FF45FAF06EB4512B4
:109C800007EB42024FEA451892F82830013BDBB25D
:109C9000052B3FF655AF1BF8031009293FF450AFD1
:109CA000EFF3108372B62C443C4492F82920627280
:109CB000A27A964208BF84F80A90002BC5D1C3E768
:109CC0000191AFF3008062B6B044019907EB4808F8
:109CD000A4E700BF70160020000000000000000094
:109CE000F0940200E81100202DE9F04F85B00D46F8
:109CF00014461F469DF838B0FEF752FD2E6869687D
:109D0000031947F10002B342019372EB010302927F
:109D1000C0F0CA80DFF8A891DFF8A8810BEB4B03F5
:109D20004B440393DA46039B1C7A202C3BD040F231
:109D3000F5578C460FE06B7B012B02D0537D012B36
:109D400056D004EB4A1409EB440494F82940202C23
:109D500029D0D5E9006C08EB44124FEA441B916806
:109D60001369D0685B1840F100009E427CEB000351
:109D7000E1D240F2563740F2F55608EB0B0C296859
:109D8000AB68DCF808006A685B1842F10002984290
:109D9000DCF80C3093411AD39CF81530012B02D01B
:109DA0006B7B012B03D0012005B0BDE8F08F411A79
:109DB0000091FEF7A1FDB84200993FD0B04228D0F3
:109DC000B0F5C67F14BF01230E239942EBDA08EBEE
:109DD0000B032A7C197E91421FD904EB4A1409EB2C
:109DE000440494F82940202CDDD04FEA441BC4E7FA
:109DF000761AFEF781FD40F25633984220D0B842E1
:109E000009D0B0F5C67F14BF01230E239E42B0DBFC
:109E100097E73323D9E73323F8E7D3E902611C69D5
:109E20005B7DA61941F10001012B0BD0019BB342D0
:109E3000029B8B4138D3C5E9006174E71D23C4E759
:109E40001D23E3E76B7B012BF0D00091FEF754FD5F
:109E500040F25633984200992CD040F2F553984284
:109E600026D0B0F5C67F14BF01230E239C42DDDA55
:109E7000FEF742FD40F2563398421FD040F2F553B0
:109E8000984219D0B0F5C67F14BF01260E26C344F0
:109E9000DBF80830DBF80C10F618019B41F10001EB
:109EA000B342029B8B41C6D2002005B0BDE8F08FC3
:109EB0003323DBE71D23D9E73326E8E71D26E6E752
:109EC00070160020E81100202DE9F047154692F8A1
:109ED000008092F80BC0AF7A12891C4686B000232E
:109EE000E3602361C4E9003327749DF8389084F857
:109EF0000DC00646A3606361E28184F811800F46BD
:109F0000B8F1000F42D1FEF78FFBD5E904C24C4BEC
:109F1000C31841F1000E9C4572EB0E030AD3013EBB
:109F200047F1FF37C4E900674FF47A73A36006B0C6
:109F3000BDE8F087263041F10001844572EB010352
:109F4000EDD3288901300021844572EB01036AD3E7
:109F5000BCEB000062EB010104F10C03009303AAC7
:109F600004ABFEF7C3FB039B6A682889473313449D
:109F70001844FEF715FCDDE90432C01A20F07F40DA
:109F8000C4E90032A06006B0BDE8F0872D4804A9FE
:109F9000801A04F10C02FEF77DFB2B4B1B78202B63
:109FA00024D02A490B69D1E90521053342F1000A81
:109FB00013EB01084AF1000A6B68227BE089473302
:109FC00010441844C4E9008AFEF7EAFB3246A06058
:109FD0003B462869CDF800902146FFF785FE002812
:109FE000A5D1C4E9006706B0BDE8F087637B16F130
:109FF000090847F1000A012BDED0FEF717FF002801
:10A00000DAD1FEF779FC40F2563398420ED040F296
:10A01000F55398420FD0B0F5C67FCDD116F1160892
:10A0200047F1000AC8E74046414695E716F1250882
:10A0300047F1000AC0E716F13B0847F1000ABBE709
:10A040000040420FFF7F841EE8150020F01500201D
:10A050002DE9F047374DDFF8E08000EB40032B445B
:10A0600006461C7A4700FFF71DF84FF0200C4FEA18
:10A07000461E08EB44110EEB0403D1F808A00A6950
:10A08000AAEB000929F07F49B9F5000F05EB43035E
:10A090000DD812EB0A02121A22F07F42B2F5000F1D
:10A0A00005D8BCF1200F0BD12046BDE8F08793F80E
:10A0B0002930202BA4461C46DBD1BCF1200FF3D065
:10A0C000BB192B440CEB461205EB420293F80880B7
:10A0D00092F829201A72710144464FF0040E0B19B0
:10A0E00005EB430322469445204683F828E093F885
:10A0F0002940F4D1BB192B440A4493F80AE0BEF17D
:10A10000200F5FFA8EFC18BF8C443E4418BF05EB4D
:10A110004C0C05EB4202354408BF83F809804FF030
:10A12000200318BF8CF82980A87282F829302046B5
:10A13000BDE8F08770160020E81100202DE9F041FD
:10A140004E4D01EB41032B440C461E7A202E8046D7
:10A150004FEA410741D14A4B0BB1AFF3008005F004
:10A1600020FD95F82230202B0AD0464BD3E904E29B
:10A1700010F1020C41F10003E64572EB030331D309
:10A18000202E0AD042463346FFF7E6F900283FD09A
:10A1900085F822600220BDE8F081D5E90623B3F1FD
:10A1A000FF3F08BFB2F1FF3F1FD195F8203043BBFE
:10A1B0000420FFF799F805F002FD0020FFF7F6F8FC
:10A1C00029684FF08042202085F8220000230B6090
:10A1D0000120C2F80835BDE8F0810846FFF738FFD6
:10A1E0008642B8D00020BDE8F081FEF7D5FB4FF0E5
:10A1F000FF334FF0FF32C5E9062395F82030002BDE
:10A20000D6D00520FFF770F8002385F82030CFE77F
:10A210003B192B4406EB441205EB420293F808E08D
:10A2200092F829201A72610173460420CA189C46CC
:10A2300005EB4202664592F8293082F82800F5D1F4
:10A240003B192B443C44987A2028C2B218BF5218BC
:10A25000614418BF05EB420205EB4101254408BFEC
:10A2600083F809E04FF0200318BF82F829E085F851
:10A270000AC081F829300020BDE8F0817016002066
:10A2800000000000F01500202DE9F04F85B005F02A
:10A2900088FCC14E0746884605F091FCD6E90223AA
:10A2A000B3F1FF3F08BFB2F1FF3F05D04FF0FF32DF
:10A2B0004FF0FF33C6E9022396F82830ABB94FF4CC
:10A2C0000C71B069FEF7E8FA33697269B16902335B
:10A2D00042F100025B1842F10002181842F100023C
:10A2E000874278EB020380F06381AC4C4FF0FF3083
:10A2F0004FF0FF31FEF7ECFEE37B002B40F0468190
:10A30000A74991F800B00122BBF1200FE27300F0E1
:10A31000388120220A7084F82220A373336094F8D5
:10A32000213003EB430AA2445FFA83F99AF80850FC
:10A330005B009542009307D09A4B03EB45102A46E9
:10A34000407E012800F0C580009BDFF860A203EB8F
:10A350000908202DA0444FEA491708D04846FFF7C6
:10A3600077FE854203D098F80850202DF6D1BAF137
:10A37000000F01D0AFF3008005F013FC94F82230F9
:10A38000202B09D0D6E9042310F1020E41F1000C74
:10A39000724573EB0C03E6D3202D38D02B460122F7
:10A3A000FFF7DAF8002859D084F8225007EB0B03A6
:10A3B00004EB430393F82820022A1DD1009A4A4453
:10A3C0002244062183F82810917ACBB220291CBFA1
:10A3D000DB1904EB43035F4418BF83F829B0009BEB
:10A3E00008BF82F809B04B44234404EB470783F8C5
:10A3F0000AB0202387F82930FF232374009B4B44A5
:10A400001C44637A202B5DD105B0BDE8F08FD4E900
:10A410000623B3F1FF3F08BFB2F1FF3F07D0FEF7BD
:10A42000BBFA4FF0FF324FF0FF33C4E9062394F834
:10A430002030002B3FD10420FEF756FF05F0BFFB74
:10A440000020FEF7B3FF21684FF080420023202058
:10A4500084F822000B60C2F80835A7E77B1904EBEB
:10A46000430398F8080093F8293088F8083002462A
:10A4700004211346BA1804EB42029D4282F82810C8
:10A4800092F82920F5D198F80A1088F80A30CAB253
:10A4900020291CBFD21904EB42023B4404EB4303C6
:10A4A00018BF82F829004FF0200208BF88F8090081
:10A4B00083F8292057E70520FEF716FF002384F8CC
:10A4C0002030B8E7384B187805B0BDE8F04F01F000
:10A4D00049BD0978202914D0316970694F1DB169CF
:10A4E00040F10000791840F10000019003EB4213A5
:10A4F000D3E9020288420198824128BFC3E90210D1
:10A5000022E701FB053191F815C017F1090148F167
:10A510000000BCF1010F0190E8D0CDE90251FEF737
:10A5200085FCDDE902211F4B10B19AF80850DDE7E8
:10A53000CDE90221FEF7E0F940F25635A842029A31
:10A54000184B0CD040F2F555A84214D0B0F5C67F98
:10A5500003990AD0009848442044057AC6E717F1C9
:10A56000250148F100000190F4E717F1160148F1C8
:10A5700000000190EEE717F13B0148F10000019067
:10A58000E8E74FF43171702001F00CFB40F2C1217B
:10A59000702001F007FB00BFF015002070160020AE
:10A5A000E8150020E811002020160020000000001F
:10A5B000074B084A1B78580102EB43130821125835
:10A5C0005868904740F2B621702001F0EBFA00BFC6
:10A5D000E8150020E811002070B5134C0D46064622
:10A5E000FEF7C0FA94F8213004F1280CD9B20CEB34
:10A5F000831C002302E00133202B12D01CF813200F
:10A60000D8B2002AF7D103EB4111084A04EB410408
:10A61000590102EB43135650012284F828205D6053
:10A6200070BD184670BD00BF70160020E8110020F4
:10A630001F280AD80C4991F8213000EB431301EB95
:10A64000430393F82820012A01D00020704791F895
:10A65000213000EB431301EB43034FF0000C104695
:10A6600083F828C0704700BF701600200378002BC5
:10A6700040F0EF802DE9F04F804A5368C3F30803A0
:10A680008BB08246002B40F0CF80DFF804927C4FE5
:10A69000DFF800B209F1080827B1002140F2494073
:10A6A000AFF3008099F82140E4B24FF0000389F83D
:10A6B000103027B1002140F24E40AFF30080714BC3
:10A6C000661C03EB841E06F0010503EB851CBEE847
:10A6D0000F00ACE80F00BEE80F00ACE80F00BEE8CA
:10A6E0000F00ACE80F009EE80F0024B28CE80F00CA
:10A6F0002E4627B1002140F2DE30AFF3008004EB9C
:10A70000440405EB450508EB040338F804209B7866
:10A7100028F805204544AB7057B1002140F2E230E3
:10A72000AFF3008027B1002140F25340AFF3008027
:10A7300005F037FA009604AB524604460D46FFF783
:10A74000C3FB27B1002140F25A40AFF300804E4BCB
:10A750001B78202B44D0DBF81030DBF81420DBF81A
:10A760001810053342F100025B1842F10002DDE9E6
:10A770000401984271EB020C009628D3434822460C
:10A780002B4604A9FFF7B0FAC0B1DDE90401FDF7DB
:10A790004BFFBDF81E309DF81C401B1903F101034F
:10A7A0004FF000025241181842EB0101CAE90401BE
:10A7B00027B1002140F26D40AFF3008099F81030CE
:10A7C000002B7FF469AF01200BB0BDE8F08FCDE91D
:10A7D000043204A922462B462C48FFF785FAD4E719
:10A7E0009DF81D1014F1090345F100020129BED0A6
:10A7F000CDE90232FEF71AFBDDE902320028B6D1BC
:10A80000FEF77AF840F25631884232D040F2F551E4
:10A81000884229D0B0F5C67FDDE90232A7D114F114
:10A82000160345F10002A2E7103B59B2002912DBE2
:10A8300001F1604101F5614191F8000340090028F0
:10A84000C2D0DFF84C900E4FDFF848B009F108088D
:10A8500022E70020704703F00F03043B1344187EE7
:10A8600040090028EDD1AFE714F13B0345F10002A8
:10A870007DE714F1250345F1000278E700ED00E0E3
:10A880000000000098160020E81500200040420F4C
:10A8900070160020F01500202DE9F04FB04A5368E3
:10A8A00091B0C3F3080303900791002B40F03B8263
:10A8B00008230693079B1B78012B00F2DB82DFF84D
:10A8C000BCB2BBF1000F04D0002140F24350AFF303
:10A8D00000800023DFF8A8A2DFF8A88204930124F7
:10A8E000BBF1000F04D000214FF4AA60AFF3008049
:10A8F00024B99C4B0BB1AFF3008062B69AF82130BB
:10A90000DBB205934FF000028AF81020069A002A65
:10A9100040F0AD809946BBF1000F04D0002140F219
:10A920006450AFF3008005F03CF9059B0093079A53
:10A930000AAB0446FFF7C8FABBF1000F04D00021B0
:10A9400040F26C50AFF30080039B03EB49130AEB1A
:10A9500043034FEA491693F82830013B012B00F2DC
:10A960008480DDE90A3224F07F441D1B25F07F41FD
:10A9700021F00101002940F0D580039A09EB490339
:10A980005344B218997A0AEB4202042082F8280054
:10A9900020294FEA49020992CAB200F001823244EA
:10A9A000039B0AEB420282F829301A46099B4B446A
:10A9B000534416440AEB46069A72202386F829303F
:10A9C000002304930125BBF1000F04D0002140F2C5
:10A9D0007150AFF30080644B0BB1AFF30080EFF325
:10A9E0001086344672B69AF81030002B7FF478AF98
:10A9F000039B0AAF08EB43140FCF08340FC497E84A
:10AA0000030084E80300A5B1069B002B00F0B2818F
:10AA1000049B23B1554B1B78202B00F0F1819AF851
:10AA20002130DB4303F001038AF82130FF238AF849
:10AA3000103026B94B4B0BB1AFF3008062B6BBF1BF
:10AA4000000F04D000214FF4B560AFF30080002D5B
:10AA500053D1BBF1000F04D0002140F2B450AFF34A
:10AA60000080284611B0BDE8F08F0025ABE7059ABD
:10AA70003F4B551C05F0010503EB821E03EB851CC3
:10AA800017B2BEE80F00ACE80F00BEE80F00ACE85C
:10AA90000F00BEE80F00ACE80F009EE80F00A946CB
:10AAA0008CE80F002EB2BBF1000F04D0002140F261
:10AAB000DE30AFF300802F4B07EB470706EB46066F
:10AAC000DA19D95B9278995333449A70BBF1000F2D
:10AAD0000CD0002140F2E230AFF30080BBF1000F58
:10AAE00004D0002140F25A50AFF300809AF81030A1
:10AAF000002B7FF4F5AE05950DE79AF8213003EBB6
:10AB0000430353445B7A202BA3D0BBF1000F04D046
:10AB1000002140F2AF50AFF30080174B187801F0DE
:10AB200021FA96E725F07F45B5F5000F3FF625AFF2
:10AB30000C99C9180C1B24F07F44B4F5000F3FF6A4
:10AB40001CAF09EB490151440C7A4FEA4901202C12
:10AB5000099100F03A812021944604911A4627E099
:10AB600000ED00E00000000000000000E8150020FB
:10AB70009816002078160020201600200000000003
:10AB800070160020E81100209DF83510012903D02F
:10AB9000417D012900F0B18033190AEB430393F89A
:10ABA0002930202B00F02081DDE90A2C04941C467A
:10ABB00008EB4410650187680169C368C91943F14E
:10ABC000000E8A427CEB0E03DED213466246049FDF
:10ABD0000C9908EB0500C918D0F808C042F1000232
:10ABE0008C45C16871EB020275D3427D012A03D006
:10ABF0009DF83520012A59D0049B9F4200F0DF8048
:10AC0000202F00F03C81049B202B06EB07030AEB6E
:10AC1000430393F8292000F02481049BF3180AEBE6
:10AC2000430393F8294083F8292022460520B318CE
:10AC30000AEB430311468F4293F8292083F828003A
:10AC4000F5D1099B4B445344987A202808BF5C7285
:10AC5000099B4B44C1B253441CBF89190AEB410103
:10AC60009F72039B18BF81F82940F318F1190AEB72
:10AC700043030AEB4101202081F8290083F82920B1
:10AC8000049B834200F0A7801C4634440AEB440432
:10AC9000039B84F8293000230493039B1E440AEB92
:10ACA0004606032386F8283001258CE6ACEB030327
:10ACB0000893FDF721FE40F256339842089B55D089
:10ACC00040F2F55290424DD0B0F5C67F14BF01223C
:10ACD0000E229A4290DD45449DF838302A7E9A42F1
:10ACE0004FD933190AEB4303274693F82940202C08
:10ACF00061D0DDE90A3265016AE7D71BFDF7FCFD8B
:10AD000040F25633984233D040F2F55398422BD05C
:10AD1000B0F5C67F14BF01220E22BA427FF73CAFC6
:10AD2000DDE90A3253E7103B59B200293BDB01F160
:10AD3000604101F5614191F800335B090693002BF6
:10AD40007FF4B8AD534B1B78202B00F09D80079B00
:10AD50001B780693002B3FF4B2AD40F23C517020BB
:10AD600000F020FF3322B4E73322D6E71D22B0E7FC
:10AD70001D22D2E7FF238AF81030002E7FF45FAE49
:10AD800058E6099B039A4B445344B218997A0AEB4C
:10AD900042020420202982F82800CAB27FF4FFADC5
:10ADA000039A5A7202E603F00F03043B13441B7E1E
:10ADB0005B090693C3E7049B9F427FF424AF202BDB
:10ADC00011D1099B4B4453441C7A039BF3180AEBA3
:10ADD000430383F82940099B039A4B4453441A7256
:10ADE0000123049359E71C4633190AEB430393F8F4
:10ADF0002920039BF3180AEB430383F8292044E737
:10AE000005990220FFF79AF900287FF408AE9AF816
:10AE10002130039F03EB4301514407EB43128C7A2B
:10AE20000AEB42020420202C82F82800DDB24FEA0F
:10AE30004312E0B24FEA430319D011180AEB410163
:10AE400081F8297039462B4453440A440AEB4202E4
:10AE500099722023049D82F82930002E7FF4EFADF3
:10AE6000E8E5099B4B4453441C7A1A72DDE64F72A5
:10AE70003946E8E74FF4A861702000F093FE4FF4E4
:10AE8000E871702000F08EFE40F23951702000F021
:10AE900089FE00BFE81500202DE9F84F7B4CDFF854
:10AEA000008205464FF0010B04F1080AB8F1000FCB
:10AEB00004D0002140F2C650AFF30080BBF1000F78
:10AEC00004D1734B0BB1AFF3008062B64FF00003B7
:10AED0002374B8F1000F04D0002140F2CB50AFF33F
:10AEE000008094F821606B4BB146013606F00107F3
:10AEF00003EB891E03EB871CBEE80F00ACE80F00D4
:10AF0000BEE80F00ACE80F00BEE80F00ACE80F0091
:10AF10009EE80F003E468CE80F00B8F1000F04D009
:10AF2000002140F2DE30AFF3008009EB490907EB66
:10AF300047070AEB09033AF809209B782AF807200B
:10AF40005744BB70B8F1000F04D0002140F2E2304A
:10AF5000AFF30080237C03F0FF01002B40F08680DC
:10AF6000B8F1000F03D040F2D550AFF3008005EBED
:10AF7000461304EB4303770193F82820032A73D187
:10AF800006EB4602224492F808904D4578D0B9F17C
:10AF9000200F69D04B4601E0202B65D0FA1804EB56
:10AFA0004202194692F829309D42F5D1202D5BD0FE
:10AFB0007B19394404EB430304EB410193F8293036
:10AFC00081F82930B8F1000F0CD0002140F24B304D
:10AFD000AFF30080B8F1000F04D0002140F2DA5046
:10AFE000AFF300802F4404EB4707012387F8283094
:10AFF000B8F1000F04D0002140F2E350AFF300801D
:10B00000254B0BB1AFF30080EFF3108B72B6237CAE
:10B01000002B7FF44BAF4D4503D1204B1B78202BE9
:10B020001CD094F82130DB4303F0010384F8213075
:10B03000FF2323740124BBF1000F04D1144B0BB187
:10B04000AFF3008062B6B8F1000F04D0002140F2E7
:10B050000560AFF300802046BDE8F88F314602203E
:10B06000FFF76CF80028DCD10024E4E7B8F1000F0A
:10B070003FF424AF002140F2D150AFF3008015E738
:10B08000202DF1D093F8293013729BE77016002021
:10B09000000000009816002000000000E8150020C5
:10B0A0000000000070B506280DD8DFE800F01C5243
:10B0B000040C0C740D00B14A4FF08041126801235A
:10B0C000C1F80835136070BDAD4D2B78202B00F012
:10B0D0009180AC4C5A0104EB4313A2585868BDE868
:10B0E000704005211047A54CD4E90623B3F1FF3F7A
:10B0F00008BFB2F1FF3F00F0D080A34E0120FEF761
:10B1000055F9737F012B04D0FDF790FE002800F065
:10B1100030819B4D2B78202B00F09B80FF23A37365
:10B12000D6E90223B3F1FF3F08BFB2F1FF3F05D0DC
:10B130000520FEF765F8002800F016812B78914A6B
:10B14000590102EB4313BDE8704052585868012181
:10B1500010478B4D2B78202B00F0A6808A4E737FF2
:10B16000012B04D0FDF762FE002800F0F380834C31
:10B17000D4E90623B3F1FF3F08BFB2F1FF3F61D02E
:10B180002B78804A590102EB4313BDE870405258B6
:10B19000586800211047794C94F820307BB1D4E9ED
:10B1A0000623B3F1FF3F08BFB2F1FF3F00F0A280DA
:10B1B0000120FEF7FBF8002384F8203070BD704DAD
:10B1C0002A78202A00F09D806F4E4FF0FF324FF01A
:10B1D000FF33C6E90223A37B002B00F0B6802B7857
:10B1E000684A590102EB4313BDE870405258586851
:10B1F00006211047614890F8213003EB43010144D8
:10B20000DAB20B7A202B00F0AA8003EB421200EB9B
:10B21000420292F829400C72FF210174022182F847
:10B220002810584C58492B700022C27381F82820EE
:10B2300004EB4312127E002A7FF44CAF01F0DCF8DD
:10B240002B7847E7FDF75EFB04F0ABFCC4E9060191
:10B2500096E794F82130DAB203EB43032344197ADA
:10B2600020297CD001EB421204EB420292F8290023
:10B270001872FF232374434B297003EB4111002301
:10B28000097EE37386F82830022382F828300029EB
:10B290007FF444AF01F0B0F840E7FDF733FB04F072
:10B2A00080FCC4E9060128E7344A92F8213003EB18
:10B2B00043001044DBB2017A202950D001EB431344
:10B2C00002EB430393F829400472FF20107402201C
:10B2D00083F828002B4B297003EB41112A4E097E7D
:10B2E0000023D37386F8283000297FF438AF01F0AB
:10B2F00083F834E7FDF706FB04F053FCC4E90601CC
:10B3000056E794F82120D1B202EB42022244107A8F
:10B31000202824D000EB411104EB410191F8296071
:10B320001672FF222274174A287002EB4010164E44
:10B33000027EE37386F82830022381F82830002A41
:10B340007FF443AF01F058F83FE740F243617020CB
:10B3500000F028FC40F25161702000F023FC40F224
:10B360004721702000F01EFC40F22F61702000F099
:10B3700019FC40F22961702000F014FC70160020C6
:10B38000E8150020E8110020F015002070B5284BCA
:10B390001A78202A86B045D0264CD4E90213B3F19E
:10B3A000FF3F08BFB1F1FF3F37D1234D05EB4215F9
:10B3B0000646D5E90201FDF737F92B7DEA8AD21856
:10B3C00002F101024FF0000C4CEB0C0C93194CF104
:10B3D000000C18180DF10B034CEB0101009303AAAC
:10B3E00004ABFDF783F99DF80B20DDE904310F2A4A
:10B3F00094BF002201229B1841F10001C4E90231EF
:10B400000E4B9B7B13B9012006B070BDD4E902231B
:10B410000520FDF7F5FE06B070BD40F62F01702047
:10B4200000F0C0FB40F62E01702000F0BBFB00BF17
:10B43000E8150020F0150020E8110020701600200B
:10B44000FDF730BE38B5234B93F800E0BEF1200F76
:10B450003AD0214D95F8213095F821C003EB4303F4
:10B460002B445FFA8CFC1B7A202B1FD01B4C4FEA1D
:10B470004C1C06E0634405EB430393F82930202B72
:10B4800014D004EB4312117E8142F3D804EB4E1426
:10B49000D4E9021320694018D2E9021243F10003F3
:10B4A000814272EB030304D2002038BD4FF0FF301D
:10B4B00038BD0B4B081A1C68FDF7A8F804F13203DD
:10B4C0008342F1D8001B38BD40F66801702000F0BF
:10B4D00069FB00BFE815002070160020E81100206D
:10B4E000F01500202DE9F04F8D4B1E7887B0202EEF
:10B4F000019000F010818B4F8B4D97F82130286818
:10B5000003EB43033B440DF113021C7A019B1844E7
:10B510002B6903938946AB69029305A9FDF7BAF835
:10B52000019A824B323A9A4261D8DFF80882059B31
:10B53000696908EB4616B2689B1832699B182A693C
:10B540009B1A23F07F40B0F5000F50D897F821A048
:10B55000AB61202C85F820905FFA8AFA18BF4FF073
:10B56000200B00F0CB8008EB441C9B18DCF8080093
:10B5700041F100019842DCF80C308B414FEA44164F
:10B580004ED39CF81530012B02D06B7F012B32D0AB
:10B590000520FDF7A9FE97F821104FF0FF324FF07C
:10B5A000FF33BBF1200FC5E90223C9B240F0A480EC
:10B5B00001EB4101394420240B7A594A97F82110B4
:10B5C000127802EB411207EB420282F829302B6815
:10B5D000019A13442B60FF233B74202C40D0544B22
:10B5E000187800F0BFFC002007B0BDE8F08F012004
:10B5F00007B0BDE8F08FA0EB0209FDF77DF940F23E
:10B600005633984220D040F2F55398421AD0B0F504
:10B61000C67F14BF01230E234B45B9DD95F820905A
:10B620004644337E4B4511D904EB4A1307EB4303E1
:10B6300093F82930202B17D0A346D5E904211C46C6
:10B64000AB6990E73323E7E71D23E5E7DDE9023146
:10B650002A695B189B1A0220AB6107B0BDE8F08F26
:10B66000002007B0BDE8F08F0520FDF73DFE4FF04C
:10B67000FF324FF0FF3397F82110C5E90223C9B21A
:10B6800001EB41033B4404EB411207EB420293F808
:10B6900008A092F829201A724FEA410C480153463B
:10B6A0004FF0050800EB030E07EB4E0E1A469442CE
:10B6B0001E468EF828809EF82930F3D10CEB010E3F
:10B6C000BE4461449EF80A90B9F1200F5FFA89F8F0
:10B6D00018BF80443944024418BF07EB480807EB01
:10B6E00042028E724FF0200114BF88F829A08EF814
:10B6F00009A082F8291060E75C46C1E70520FDF744
:10B70000F3FD97F821104FF0FF324FF0FF33C5E9FA
:10B710000223C9B24CE74FF40961702000F042FAED
:10B72000E815002070160020F0150020CE3F420FD3
:10B7300020160020E81100202DE9F04FA64C94F8C7
:10B74000213000EB431304EB430383B093F828301C
:10B75000002B00F03C8194F82170DFF888820546C8
:10B76000FFB2B8F1000F04D0002140F6CF00AFF3D4
:10B7700000807E0105EB471704EB4707B8F1000F87
:10B7800040F0E880771904EB470797F82830012B41
:10B7900009D0043B022B40F2D08004F0A1FA97F8C4
:10B7A0002830012BF5D1DFF840B201230193ABF132
:10B7B000200AB8F1000F04D0002140F6E600AFF3F4
:10B7C0000080019B23B9854B0BB1AFF3008062B6BB
:10B7D0004FF000032374B8F1000F04D0002140F6AD
:10B7E000EB00AFF3008094F82160B1460BEB891EAB
:10B7F000BEE80F00013606F001070BEB871CACE832
:10B800000F00BEE80F00ACE80F00BEE80F00ACE888
:10B810000F009EE80F003E468CE80F00B8F1000FC5
:10B8200004D0002140F2DE30AFF3008009EB49097B
:10B8300007EB47070AEB09033AF809209B782AF837
:10B8400007205744BB70B8F1000F04D0002140F22C
:10B85000E230AFF30080237C03F0FF01002B40F0C7
:10B860008E80B8F1000F03D040F6F500AFF30080F2
:10B8700006EB460323444FEA46095F7ABD4200F0D7
:10B880009B80202F30D0700101E0202F2CD0C319D5
:10B8900004EB430339463A4693F82970BD42F4D18C
:10B8A000202D21D00144284404EB400004EB410149
:10B8B00090F8293081F82930B8F1000F06D0002126
:10B8C00040F243300192AFF30080019A09EB060386
:10B8D00023449B7A9F4260D0B8F1000F0CD0002126
:10B8E00040F24B30AFF30080B8F1000F04D00021DC
:10B8F00040F6F900AFF30080394B0BB1AFF3008095
:10B90000EFF31083019372B6227C002A7FF451AFCB
:10B9100084F82160FF22227423B9304B0BB1AFF3BE
:10B92000008062B6B8F1000F04D0002140F60B1081
:10B93000AFF3008003B0BDE8F08F731904EB43034D
:10B94000DFF8A4B0012283F8282001230193ABF192
:10B95000200A2EE797F82830012B3FF424AF043B50
:10B96000022B16D9002140F6DB00AFF3008004F073
:10B97000B7F9002140F6DF00AFF30080FEE6B8F132
:10B98000000F3FF41EAF002140F6F100AFF300803E
:10B990000FE7012387F82830EBE7B8F1000F06D056
:10B9A000002140F246300192AFF30080019A09EB8A
:10B9B000060323449A728FE7202D95D005EB46129B
:10B9C00004EB420292F829205A72202274E740F6D2
:10B9D000C601702000F0E6F870160020000000009C
:10B9E00000000000000000009816002070B586B02E
:10B9F00063BB064610460D46FCF708FE0DF10B032F
:10BA000004460093304604AB294603AAFCF76EFEB9
:10BA100003981349231A8B420BD3001B88420ED381
:10BA2000104A93420DD8904215D9C0F1614303F5F5
:10BA3000F7030A9AA2F10F00C01A06B070BD434284
:10BA4000F7E703F1F45303F59023F2E740F6111101
:10BA5000702000F0A7F840F65801702000F0A2F81E
:10BA60000040420FFF7F841EBFF34F8F0549064BF6
:10BA7000CA6802F4E0621343CB60BFF34F8F00BF8C
:10BA8000FDE700BF00ED00E00400FA05094B0122CC
:10BA90005A604FF0FF32C3F80823074B4FF480423F
:10BAA000C3F88020BFF34F8FBFF36F8FC3F880219F
:10BAB000704700BF00E0004000E100E0094B0122B8
:10BAC0005A604FF0FF32C3F80823074B4FF48052FF
:10BAD000C3F88020BFF34F8FBFF36F8FC3F880216F
:10BAE000704700BF00C0004000E100E0084B0022AA
:10BAF000C3F8FC2F0122C3F8FC2F064B0222C3F827
:10BB00008020BFF34F8FBFF36F8FC3F88021704742
:10BB10000010004000E100E0F8B51B4E3378054608
:10BB20000C4617466BBBFCF71DFD184B7760002DCC
:10BB300008BF1D4628463472FFF7D8FFFFF7BEFF47
:10BB4000FFF7A4FFFDF71AF80546C0B9F4F7C8FAE5
:10BB5000FDF708F8FCF752FF03F0C9FF002C0CDBDF
:10BB600004F01F026409A40004F1604404F5614478
:10BB700001239340C4F880312360012333702846A9
:10BB8000F8BD4FF0FF35FAE718170020F6940200D1
:10BB900008B572B6024B5B6803B19847FFF764FFC4
:10BBA000181700201FB572B6134B5D688DB9FFF7EB
:10BBB0005BFFB2FBF6F2DCB20133002AF9D104F1EB
:10BBC00010036B4403F80C2C0A2234B901A8A847CF
:10BBD000EDE7024600230A26EDE7631E04AEDCB261
:10BBE00056FA83F3B0FBF2F602FB1600303003F88E
:10BBF0000C0C3046E9E700BF18170020074B93F9FB
:10BC00000830002B09DB5A09012103F01F0301FA58
:10BC100003F34032024941F82230704718170020E0
:10BC200000E100E0014B1878704700BF18170020B2
:10BC30002DE9F84FDFF8CCA0304C314DDFF8C8903B
:10BC4000074601269AF800805FFA88F8FF238AF8F1
:10BC50000030B8F1000F01D08AF80130EFF3108204
:10BC600072B600236660C4F80031C4F80431C4F829
:10BC7000047526603AB962B605E0D4F8043133B9E8
:10BC80002B69DB0620D4D4F80031002BF5D0D4F892
:10BC90000431002BE2D1B8F1000F13D19AF8013032
:10BCA000DBB28AF8018003214FF48042C4F8081304
:10BCB000C4F80481C4F80081C9F880218AF80080A2
:10BCC000002BBFD1BDE8F88F4FF48043C9F8803115
:10BCD000EFF3108B72B60323C4F80433D4F80031A9
:10BCE00013B9D4F804311BB1BBF1000FCBD1C2E7BB
:10BCF00003F0F6FFBBF1000FC5D1BCE700E0004048
:10BD000000ED00E02417002000E100E070B51646C9
:10BD1000DA078CB01D4686468C4640F1A280C37B74
:10BD20008DF80030837B8DF80130437B8DF8023035
:10BD3000037B8DF80330C37A8DF80430837A8DF855
:10BD40000530437A8DF80630037A8DF80730C379D1
:10BD50008DF8083083798DF8093043798DF80A30F1
:10BD600003798DF80B30C3788DF80C3083784278E6
:10BD70008DF80D3003788DF80F308DF80E20CA7BCA
:10BD80008B7B8DF810208DF811304A7B0B7B8DF862
:10BD900012208DF81330CA7A8B7A8DF814208DF822
:10BDA00015304A7A0B7A8DF816208DF81730CA793B
:10BDB0008B798DF818208DF819304A790B798DF828
:10BDC0001A208DF81B30CA788B788DF81C208DF8DE
:10BDD0001D304A780B788DF81E208DF81F306C4688
:10BDE0002046FFF725FFAB0731D59DF82F009DF8C2
:10BDF0002E109DF82D209DF82C30307071709DF81C
:10BE00002B009DF82A10B270F3709DF829209DF840
:10BE10002830307171719DF827009DF82610B2719D
:10BE2000F3719DF825209DF82430307271729DF8D1
:10BE300023009DF82210B272F3729DF821209DF824
:10BE4000203030737173B273F3730CB070BD0DF1A9
:10BE5000200CBCE80F0030607160B260F3600CB081
:10BE600070BDDEF80410DEF80820DEF80C30006843
:10BE70006C46A646AEE80F00DCF80000DCF80410C3
:10BE8000DCF80820DCF80C30AEE80F00A8E700BFB3
:10BE90001B4B4FF4805270B5C3F88020BFF34F8F17
:10BEA000BFF36F8F174D184C0021C5F80011C3F870
:10BEB00080212669236943F0100323610123C5F81B
:10BEC000043306F010062B60D5F80031A3B11EB97B
:10BED000236923F0100323610A4B0122D3F80805DC
:10BEE0005A60C3F808230022C3F80021044B4FF422
:10BEF0008052C3F8802170BD03F0F2FEE4E700BF7A
:10BF000000E100E000C0004000ED00E038B50C4961
:10BF100002460520431ED8B2FF2803D148216920DC
:10BF2000FFF740FE01EBC0031D7905F0FF04002D73
:10BF3000F0D141F8302001225C719C711A7138BD3A
:10BF400028170020042808B503D94F216920FFF7DE
:10BF500029FE034B03EBC0000023037108BD00BFA3
:10BF600028170020042808B503D958216920FFF7B5
:10BF700019FE094B03EBC0000379012B01D05921B5
:10BF8000F4E7437982790133DBB29A4218BF4371F7
:10BF9000BDE80840FFF732BE2817002070B5124CEC
:10BFA00006250026013D15F0FF0500D170BD94F86F
:10BFB000281004EBC1031A79012A09D158799A791A
:10BFC000904205D05A79D2B29A7154F831309847DC
:10BFD00094F828300133DBB2042B94BF84F8283066
:10BFE00084F82860DEE700BF2817002008B503F0BA
:10BFF0000BFE70B903F011FE58B903F017FE40B9FB
:10C0000003F026FE044A054B002808BF13461846D5
:10C0100008BD024BFBE700BF00E701400C050040F4
:10C0200008B503F015FE08B3EFF3108072B6104A9E
:10C030001369116941F010011161A2F5406203F02A
:10C040001003D2F80011D2F804210A4300D040BFF7
:10C0500020BF00BF00BF00BF00BF23B9044A13695F
:10C0600023F01003136100B962B608BD20BFFCE7DE
:10C0700000ED00E0914270B53BD2B2FA82F33BB1E1
:10C08000C3F1200420FA04F49940214398409A40D7
:10C09000160CB1FBF6FC06FB1C1424041FFA82FEEE
:10C0A000030C85B204EB10400CFB0EF4844206D95D
:10C0B000201A90428CBF02200120ACEB000C03EB55
:10C0C00001410CFB1211B1FBF6F006FB101105EB60
:10C0D000014100FB0EFE8E454FEA0C4C06D9AEEB3B
:10C0E000010E96458CBF02220122801A40EA0C0004
:10C0F00070BD73219620FFF755FD00BF2DE9F84371
:10C100001C4652EA040349D0074615460E467CB940
:10C11000914208D321463046FFF7ACFF04462A4639
:10C12000384604FB1561FFF7A5FF2146BDE8F883FB
:10C13000B4FA84F9B9F11F0F34DC4FF0010808FAA2
:10C1400009F2A2FB051320FA08F002FB043226FADA
:10C1500008F140EAC670FFF78DFFC9F11F03D84010
:10C160004FF0000118D0431E8C4661EB010105FB26
:10C1700001F203FB042280461846A5FB033EFB1A8E
:10C18000724466EB02061F46AF4276EB040324BFFF
:10C1900040466146BDE8F8838446F5E7CA2196200B
:10C1A000FFF700FDE7219620FFF7FCFC30B5441AAD
:10C1B000944229D33AB34B1CC31A022B2FD9531ED6
:10C1C000072B2CD922F003058C4686460D445CF8DB
:10C1D000044B4EF8044BAC45F9D122F003039A42CC
:10C1E00002F0030400EB030501EB030C0BD0CA5C67
:10C1F000C254012C07D09CF801306B70022C02D085
:10C200009CF80230AB7030BD002AFCD08B18024481
:10C2100013F801CD02F801CD8B42F9D130BD4B1E90
:10C220000244014613F8014F01F8014B9142F9D144
:10C2300030BD00BF81EA000370B59E075DD1850760
:10C240005FD0002A58D0034601E0002A54D011F8EC
:10C2500001CB03F801CB9C0702F1FF32F5D1032A91
:10C2600029D941EA0305141F6E074FEA940E4AD1FB
:10C270002B2C48D90EF101064FEA560C03EBCC0CDF
:10C28000A1F108051C4695ED027BA4EC027B6445F8
:10C2900005F10805F7D1F50726F0010403D551F89B
:10C2A000245043F824500EF1010402F0030203EB82
:10C2B000840301EB8401FAB1541E022C1FD922F031
:10C2C00003058C460D449E465CF8044B4EF8044B27
:10C2D000AC45F9D122F00304A2422344214402F0E8
:10C2E000030509D00A781A70012D05D04A785A70D2
:10C2F000022D1CBF8A789A7070BD0346DBE7154695
:10C30000F0E70346ABE70EF1010C01EB8C0C1D1FAF
:10C310000C4654F8046B45F8046F6445F9D1C2E744
:10C320002DE9F04184075FFA81FE5FD0002A59D0E1
:10C33000034601E0002A55D003F801EB990702F10A
:10C34000FF32F7D14EEA0E24032A44EA04443ED9D0
:10C35000151FAE08172D06F10106C3F3800147D95A
:10C360009846002940D048F8044B771A03EB810C1B
:10C3700079080CEBC101CCE900440CF1080C6145D3
:10C38000F9D127F0010C08EB8C016745CCEB8C78D8
:10C3900005EB880517D02F1F032F0C6013D9A5F1CB
:10C3A0000807032F4C600ED9A5F10C07032F8C60F2
:10C3B00009D9A5F11007032FCC6004D9143D032D32
:10C3C0000C6188BF4C6102F0030203EB86034AB1A3
:10C3D000013A83F800E005D0012A83F801E018BF94
:10C3E00083F802E0BDE8F0811546BEE70346A9E701
:10C3F00019461546CFE700BF014B01229A777047D7
:10C40000901700202DE9F04786468C460846089E86
:10C41000154674461946002B40F0C2808542B2FA98
:10C4200082F245D94AB1C2F1200300FA02FC2EFA89
:10C4300003F3954043EA0C0C94404FEA154EA8B222
:10C44000BCFBFEF8230C0EFB18CC08FB00F943EAFA
:10C450000C43994528D9EB1808F1FF3704D29945C8
:10C4600002D9A8F102072B44A3EB0903A4B2B3FB42
:10C47000FEFC0EFB1C330CFB00F044EA0344A0421C
:10C4800014D92C190CF1FF3304D2A04202D9ACF11B
:10C4900002032C44241A43EA07401EB1D44000236F
:10C4A00034607360BDE8F0874746DDE76346F1E737
:10C4B00092BB431B01214FEA154EAFB2B3FBFEFC0A
:10C4C000200C0EFB1C330CFB07F840EA0343984595
:10C4D00062D9EB180CF1FF3004D2984502D9ACF1C7
:10C4E00002002B44A3EB0803A4B2B3FBFEFC0EFB3B
:10C4F0001C330CFB07F744EA0344A7424ED92C191E
:10C500000CF1FF3304D2A74202D9ACF102032C4450
:10C51000E41B43EA0040C0E7C2F1200320FA03F124
:10C52000954090402EFA03F303434FEA154EAFB205
:10C53000B1FBFEFC0EFB1C10190C0CFB07F841EACA
:10C540000041884504FA02F422D969180CF1FF3041
:10C5500004D2884502D9ACF102002944A1EB0801BC
:10C560009BB2B1FBFEFC0EFB1C110CFB07F743EA70
:10C5700001439F420ED9EB180CF1FF3104D29F42C8
:10C5800002D9ACF102012B44DB1B41EA004192E7E6
:10C590006046E3E76146F7E76046A3E76346B7E72F
:10C5A000834206D916B9002108467BE7C6E900E0B8
:10C5B000F9E7B3FA83F78FB9834201D3724508D8FC
:10C5C000BEEB020460EB030301209C461EB9002170
:10C5D00068E73846FAE7C6E9004CF8E7C7F1200CEF
:10C5E000BB4022FA0CF41C432EFA0CF120FA0CF397
:10C5F000B84001434FEA14490EFA07F5B3FBF9F8C6
:10C600001FFA84FE09FB18300B0C08FB0EFA43EAF4
:10C6100000439A4502FA07F240D9E31808F1FF30C7
:10C6200004D29A4502D9A8F102002344A3EB0A03DD
:10C6300089B2B3FBF9F809FB183308FB0EFE41EA97
:10C6400003418E452CD9611808F1FF3304D28E4581
:10C6500002D9A8F10203214443EA0040A0FB02985A
:10C66000A1EB0E014145CE46434602D306D14D45CE
:10C6700004D2B9EB020E68EB04030138002EA6D0F9
:10C68000B5EB0E0261EB030101FA0CFC22FA07F391
:10C690004CEA0303F940C6E9003198E74046C5E794
:10C6A0004346D9E71FB5014601A800F006F801A8E6
:10C6B00002F090FA05B05DF804FB0B88C3F30B039E
:10C6C00083804B88C380002242724B78C3F30113EE
:10C6D000012B02D0022B18BF1346043103720160F4
:10C6E000704710B58B880370437803F0F0034370F4
:10C6F0008A88C2F3032213434370CA888270CA88AF
:10C7000003F0CF03120A4370C2700A7A120102F0DA
:10C710003002134303F03F0343704A7A43EA821323
:10C7200043700C4609680430814205D0E288FB2A38
:10C7300028BFFB22FFF77EFDE0880430C0B210BDA9
:10C7400010B48B880370437803F0F00343708A8839
:10C75000C2F3032213434370CA888270C27802F086
:10C76000C002C270CC88C4F30524224303F0CF0377
:10C770004370C2700C7A240104F03004234303F0A8
:10C78000BF0343704C7A43EA841303F07F0302F043
:10C790003F024370C2700B680430834205D0CA88E0
:10C7A0005DF8044B1946FFF745BD5DF8044B704733
:10C7B00070B50B78013B05460C46182B00F20A8138
:10C7C000DFE813F02F0033000801A600AC00B20030
:10C7D000B800BE00C200C400D400DA00190008018D
:10C7E00008013700C800CE00DE00E400EA00F000D7
:10C7F000F600FC0002010E23B1F803200B7042F298
:10C8000083039A4209D10623637066780236324662
:10C8100021462846FFF70EFD51E03121C720F4F7ED
:10C8200083FC0C230B700823EEE71A230B70012303
:10C83000EAE72920F4F7C0FE30B13E23237022231B
:10C8400063702923A370E0E70A20F4F7B5FE3E23C6
:10C8500005F1080204F108012B7090B30A23AB70B4
:10C86000E378EB70A3882B71A3881B0A6B71A37903
:10C87000AB71E379EB71A368AB608B889380D4F8DC
:10C880000E30C5F80E30638A6B8263696B61238B4F
:10C890002B83638BAB76638B1B0AEB76A38B2B7797
:10C8A000A38B1B0A6B77E38BAB77E38B1B0AEB77CE
:10C8B00094F8203085F820301F266E7002363046FE
:10C8C00070BD0123AB70E378EB70A3882B71A38854
:10C8D0001B0A6B71A379AB71E37903F00103EB7170
:10C8E000A368AB608B889380638BAB73638B1B0AED
:10C8F000EB73A38B2B74A38B1B0A6B74E38BAB744E
:10C90000E38B1B0AEB7494F820302B751326D4E7C5
:10C910003E230B7004234B70142393E73E230B70CC
:10C920000C234B7004238DE73E230B700A234B70BE
:10C93000032387E73E230B700D234B70052381E70C
:10C940000523237004235FE70823FAE730230B70E5
:10C95000032359E73E230B700B234B70072371E72A
:10C960003E230B7006234B700C236BE713230B70D5
:10C970008B789B00013347E757230B70022343E773
:10C980003E230B7006234B7012235BE73E230B7094
:10C9900009234B70132355E73E230B7005234B707F
:10C9A00020234FE73E230B7009234B70212349E7D7
:10C9B000FF230B700B234B70A22343E7FF230B7065
:10C9C00005234B70A3233DE7FF230B700D234B7012
:10C9D000802337E740F26F2120E708B510B1FFF759
:10C9E00061FE10B96FF0150008BD0020FCE710B51E
:10C9F0000C4630B129B1F4F735FD28B12070002084
:10CA000010BD6FF01500FBE76FF02200F8E708B5E6
:10CA1000F4F7B0FD002008BD01F0C7B808B5F4F781
:10CA2000BBFD002008BD01F08EBB01F09CBB0222C3
:10CA300002708270D62242716FF0250282716FF00F
:10CA40003802C2716FF051020272082242726FF016
:10CA500024020023827272224370C3700371C27277
:10CA60001846704701F0F1B838B54FF080530446CE
:10CA7000D3F8A020D3F8A410013106D1D3F8A83000
:10CA80004FF6FF719BB28B423ED0D3073CD54FF09F
:10CA90008055D5F8A420D5F8A830A4F80530C3F304
:10CAA000072363F03F03C4F80120A371D5F8903049
:10CAB000013323D0D5F8943001331FD0D5F8983006
:10CAC00001331BD0D5F89C30013317D00020F7F785
:10CAD0008BFA98B9D5F89000D5F89410D5F898202D
:10CAE000D5F89C30C4F81330C4F80700C4F80B1014
:10CAF000C4F80F2001232370002038BD102200212C
:10CB0000E01DFFF70DFCF5E70023F4E770B54FF0EB
:10CB10008055102200210446D5F8A060FFF700FCE4
:10CB200010220021A018FFF7FBFBD5F8803001335D
:10CB30000BD1D5F88430013307D1D5F888300133D3
:10CB400003D1D5F88C3001330BD0D5F88000D5F85F
:10CB50008410D5F88820D5F88C30E36120616161BC
:10CB6000A2610020F7F740FA08B9F3071DD44FF08F
:10CB70008053D3F8902001320BD1D3F894200132A6
:10CB800007D1D3F89820013203D1D3F89C20013289
:10CB90000BD0D3F89000D3F89410D3F89820D3F8A2
:10CBA0009C30E36020606160A260002070BD10B521
:10CBB0000446FFF76DF9B0F5007F09DA10F5007F44
:10CBC00008DD031EB8BF03339B102370002010BD87
:10CBD0007F23FAE76FF07E03F7E70120704701201B
:10CBE000704701F015BB0078003818BF012001F034
:10CBF00023B9F6F73BBF8178008801F0D4BA01F081
:10CC0000F0BA37B505460C4600880DF1060101F073
:10CC100018F92B882380BDF80630638003B030BD3F
:10CC2000F6F72CBF01F00FBB00F0A8BF01F002B86F
:10CC300008B5F4F7B9FC002008BDF6F713BD01F004
:10CC400019B8F6F799BE00F0E1BF01F01ABA01F089
:10CC5000E4B901F02BBA00F055BF00F05ABF00F064
:10CC600066BF00F078BF01F016B801F0F7B800F029
:10CC7000D8BF00F094BF03880B8001F049BA038845
:10CC80000B8001F053BA01F02DB8F6F741BDF6F76D
:10CC900027BD01F055B801F063B8F6F743BD01F0C8
:10CCA000A0B800F0A2BF01F0BCBAF6F7E5BCF6F7F9
:10CCB00067BDF8B5D4181F46BDF81830053414FB0D
:10CCC00003F4A4B2054604F11B0020F0030080B277
:10CCD0008842164603D0A3211420F4F725FA15F054
:10CCE000030101D0A421F7E7B4F5004F01D9A52134
:10CCF000F2E71422281DFFF713FBEF746C802E80DF
:10CD0000F8BD70B50688C58803898E42C5F30E024A
:10CD1000C3F30E0403D2C9211420F4F705FA5D40D1
:10CD2000C5F30E030BB92D0409D4A24209D2C37C6A
:10CD3000A41A0533E41AA14203DD002383741846C4
:10CD400004E01832012381528374104470BD014401
:10CD5000053111FB02F01B3020F0030080B2704758
:10CD600040881B3020F0030080B2704738B503883C
:10CD70008B4204D240F201111420F4F7D5F9857CDE
:10CD800065B1C388C3F30E031833C25A8A4207D36E
:10CD9000C152811DF4F736FC00238374284638BD48
:10CDA0000025FBE70346F0B59C88A5B2C4F30E0648
:10CDB000DC88AC4200F1180002D10020D881F0BD1F
:10CDC0005F89DC7C855B3C4402343444ED1B2044A9
:10CDD0000C88ADB2AC4288BF0D805C89B4FA84F493
:10CDE000640914700A88DA81E9E7F8B58288C38992
:10CDF000002604460D4692B20E60CBB1C2F30E027D
:10CE00004189183287180B44825A9BB2934243815E
:10CE100004D94FF4A7711420F4F786F904D1011D49
:10CE2000F4F7F0FB46812F600023E3810120F8BD79
:10CE30001846FCE770B5044604F11806A388228959
:10CE40009BB29A420846C2F30E050DD021B1A91C2F
:10CE5000E27C3144FFF7EEF904F108012046755BEE
:10CE6000F4F7D0FB284670BD0025FBE78388C08817
:10CE70009BB2C31A584258417047828873B5C48820
:10CE800095B2AC42C2F30E0202F1180212D04189EF
:10CE9000C689835A314499420EDB0DF10601ADF883
:10CEA0000650F4F7AFFBBDF80600001B18BF0120C9
:10CEB00002B070BD0020FBE70120F9E7028970B5E0
:10CEC000C588C5F30E065540C2F30E04C5F30E0225
:10CED0000346183022B92A0402D50020188270BDFA
:10CEE000B4421D8806D9DA7CA41B0532A41AA542D7
:10CEF000A8BF25469A890AB1845B2D1BA942ECDCA8
:10CF0000DC7C1982033A0534324422441044E6E7BB
:10CF1000F8B5038A002B39D08B4237D3C488858972
:10CF200000F11803C4F30E041E1995B91D55757050
:10CF300085891E5B0D44ADB2314485811953DAB148
:10CF4000811DF4F75FFB002383810023038201200E
:10CF5000F8BD1E5BAE4204D040F201211420F4F76C
:10CF6000E3F8C57C878A033E2644053535445E19BF
:10CF70005F53857DB570DBE7C27C2C4414440234DA
:10CF80001A191B5B838293788375DEE70020DFE745
:10CF90008388C2889BB29A4206D0428922B9C3F3E1
:10CFA0000E0318331844704700207047C37C08886C
:10CFB00002330B44136070470230704738B58388E2
:10CFC000C2889BB29A4209D043893BB9C5893DB911
:10CFD000011DF4F717FBC581012038BD0020FCE7D7
:10CFE0001846FAE703881380C388C3F30E03183387
:10CFF00003440B608089704708B54B1E062B04D88C
:10D000004FF4D1711520F4F78FF819B900B1016010
:10D01000084608BD58B1B1F5803F02D34FF4DA712C
:10D02000F0E7036800225A601A1D19811A60043162
:10D03000EEE70268002322B90381031D426003600A
:10D040007047918812680B449BB2F4E703464FF691
:10D05000F672A1F10800904270B504D94FF4ED7159
:10D060001520F4F761F81868B8B1848802688C421A
:10D0700014D03AB98EB206F10805ADB2AC4204D272
:10D0800010460AE003461046EFE742501A6845187A
:10D090001268A41BAC8042501D6070BD1A60FCE792
:10D0A00000230B6003688A800B600160704730B515
:10D0B00090B18478B1FBF4F304FB131300EB43024B
:10D0C00052898A4201D1D8B230BDC27822B900F16A
:10D0D0000A03D0B2844201D8FF20F5E733F8025B9F
:10D0E000A94202F10102F4D1EEE782780388053209
:10D0F000594301EB42010844704713B50023CDE9C1
:10D10000003304468DF806006846F4F75BFC08B16E
:10D1100002B010BDBDF804002146F4F72FFC002832
:10D12000F2D040F21D211720F3F7FEFF70B50D4637
:10D130000A211E46FFF70BFE324604460921284607
:10D14000FFF705FE204470BD012303707047F8B55A
:10D1500005460846002811461E4614BF0024022436
:10D16000FF23AB702B191B7D012B04D001342B192D
:10D170001B7D012B19D105EB44073B8B3A8C981989
:10D18000904204DD2C44002038832075F8BD05EB67
:10D190008404324660681844FFF74CF83A8B164412
:10D1A0003E830023AB700120F0E70020EEE700296A
:10D1B00010B514BF00230223FF218170C1180C7D1C
:10D1C000012C07D10C3320F8132002230B75002308
:10D1D000837010BD0133C1180C7D012CF2D040F2D8
:10D1E00015110920F3F7A0FF30B5827802F0FF0394
:10D1F000EAB9027D022A18D0427D022A17D11A46C6
:10D20000012381B185180C3200242C7520F81240BE
:10D21000C2180324147500EB83020C33526830F8F3
:10D2200013300A608B80012002E00122E9E7002030
:10D2300030BD30B58378E3B9837D022B17D0C47D30
:10D24000022C16D1032381B105190C3400222A7552
:10D2500020F81420C2180324147500EB83020C3349
:10D26000526830F813300A608B80012002E00324FA
:10D27000E9E7002030BD037D012B01D1008B704711
:10D28000437D012B0CBF408B00207047837D012B19
:10D2900001D1808B7047C37D012B0CBFC08B002058
:10D2A0007047038B23B9408B003818BF01207047AB
:10D2B00001207047838B23B9C08B003818BF012031
:10D2C000704701207047027D022A01D1008B704710
:10D2D000437D022B01D1408B7047032AF6D0032BEC
:10D2E000F9D000207047827D022A01D1808B7047DF
:10D2F000C37D022B01D1C08B7047032AF6D0032BCC
:10D30000F9D000207047F4F7C7BC012808B506D053
:10D31000022806D040F2B2310620F3F705FF0020C4
:10D3200008BD0120FCE7F4F703BD37B5002305462F
:10D3300001A80193FBF760F8019B284613F0030F47
:10D340000CBF00240A2402F0C9F970B1284602F08B
:10D35000B3F938B9284602F0B3F918B904F150000E
:10D3600003B030BD04F15A00FAE704F16100F7E7B9
:10D3700070B50D460646FAF789FF04463046FAF7BF
:10D380007DFF04F5234328444FF47A72A133B3FBA5
:10D39000F2F3184470BD10B5044690F86900FAF72E
:10D3A00075FF00F55F4141314FF47A70B1FBF0F148
:10D3B000204601F24511BDE8104001F00CBD13B547
:10D3C000002380F84C32A0F890321A460093194698
:10D3D0000446F5F7D9F920B140F221213020F3F7C6
:10D3E000A3FE012284F84C22C4F84802C4F840028B
:10D3F000A4F85E02A4F85C0284F86102B4F89020FC
:10D40000A4F89202013AA4F8902002B010BDF8B539
:10D4100090F81031044603F0FF05E3B9D0E9421259
:10D420006FF000439A4208BFB1F1FF3F13D0294685
:10D43000D0E9406702F06DF8D4E94232DB309B1B43
:10D4400062EB07021B1A62F10002002A03DA20468F
:10D45000F8F70CFD01252846F8BD2DE9F0470446F4
:10D4600018B9D2213020F3F75FFE082900F2A58019
:10D47000DFE801F005123C3C38A33199A100F8F730
:10D48000EDFCD4F8F400CB38FDF780FF002840F025
:10D49000888040F28121E5E702F016F90546F8B9E7
:10D4A0000146204602F035F800F1DB06D4F8F4001E
:10D4B000B04209D2301A322838BF32200321FEF799
:10D4C00011F8051E18BF0125C4F8F460204602F0CB
:10D4D00021F9002D65D02046BDE8F04702F01EB9C5
:10D4E0000025F3E7BDE8F047FAF796BDFFF71DFF0B
:10D4F000002384F8F03084F8FB30B4F8EA30A4F864
:10D50000F800062B0BD80133A4F8EA3004F1F0053B
:10D510002846FDF7ABF858B940F29F61A2E7D4F86E
:10D52000CC301BB1012384F8FA30EFE70223FAE78D
:10D530002046FFF76CFF034694F8C80033B929462C
:10D54000FDF7AAF938B940F2A3618BE7FDF770F84F
:10D55000002384F8E830D4E94078D4E9389AB94512
:10D560007AEB08031DD2204601F0DEFF50EA0103EA
:10D5700005460E4615D0B7EB09002A4668EB0A01AE
:10D580003346FEF7BBFD05FB01F200FB0621A5FBC0
:10D5900000520A44D4E93801451942EB0102C4E9BA
:10D5A0003852BDE8F08790F8C800FDF741F8002335
:10D5B00084F8E830F5E7F22154E7F62152E7D0F895
:10D5C000CC00704790F8E83010B50446E3B1012173
:10D5D00080F8101102F0A4F894F8E830A3B194F8A0
:10D5E000C800FDF759FC94F8C800FEF7A5F894F8B8
:10D5F000C800FDF71DF820B940F20D213020F3F7E7
:10D6000093FD002384F8E830002010BD90F810212D
:10D6100010B542B990F8D02042B1D0E935319942E5
:10D6200002D9F8F723FC0022104610BD0122FBE7C7
:10D6300008B540F2C32101F0DAFB40F648039842F6
:10D6400028BF184680B208BD7FB590F81332044653
:10D6500003F0FF05002B45D190F84C32032B41D14C
:10D6600002F056FAD4E9A023801A61EB03010128E5
:10D6700071F1000336DB6FF00103834275EB0103A8
:10D6800004DA40F2D7513020F3F74EFDA269B4F826
:10D6900090300AB1B0FBF2F2013313449BB2A4F80C
:10D6A0005C32B4F85C22B4F80C329B1A1BB2002B2B
:10D6B00018DD94F89402FDF7EFFB98B1FF2384F88E
:10D6C0006132B4F8CA30B4F890501D44B4F8C83090
:10D6D000013DED1AADB20DF10E06B4F85C32EB1A55
:10D6E0001B0401D504B070BDB4F85C120096002391
:10D6F000012289B22046F5F747F80028F2D0012828
:10D7000009D1B4F85C32BDF80E2012FA83F39BB253
:10D71000A4F85C32E1E74FF4C261B4E7F8B504461F
:10D7200021B1012940D04FF4F56131E0C68C36B10A
:10D73000F7F792F9E68CB0FBF6F303FB16062046EA
:10D74000D4E9385701F0F0FE281847EB0101002317
:10D75000801941F1000184F8F0300223C4E940014E
:10D76000A4F8FA302046FFF7E0FDD4E94023A4F8FE
:10D77000F800C4E938232046FFF749FE58B994F869
:10D78000C80004F1F001FDF787F820B940F2FA6112
:10D790003020F3F7C9FC0023A4F8EA30FAF748FA7E
:10D7A000BDE8F840FCF770BD002380F8D030F5E705
:10D7B00090F8E800704713B50023CDE9003301234A
:10D7C0008DF806306846F4F7FDF808B100200AE04D
:10D7D000009C2046FFF7ECFF0028F3D0204601F024
:10D7E000A6FE0028EED002B010BD07B50023CDE99B
:10D7F000003301238DF806306846F4F7E3F808B1EA
:10D80000002004E00098FFF7D3FF0028F4D003B015
:10D810005DF804FB07B5002340F6881201A9FAF76A
:10D8200015FE03B05DF804FB10B5044638B1F6F7F9
:10D83000D9F934EA00030CBF0120002010BD0120FB
:10D84000FCE710B5F5F76AFD044601F039FF40B971
:10D85000204601F031FF80F00100C0B200F001006D
:10D8600010BD0020FAE738B5054601F04DFEF0B1D5
:10D870002846FFF79DFF08B9002038BD2846FFF76E
:10D880009EFE04462846FFF79DFE054688B9002CFB
:10D89000F2D02088F6F706FB20882946F4F76EF8C8
:10D8A0000028E9D041F65C013920F3F73DFC422025
:10D8B000E3E70C20E1E72DE9F843B0F85A60B0F84F
:10D8C0005C50804630300F46FFF7B2FE022104461E
:10D8D00000F0F8FE02218146204600F0F3FE4E459E
:10D8E00028BF4E46B6B21B2E38BF1B26FB2E28BFC4
:10D8F000FB26A84228BF284680B21B2838BF1B2021
:10D90000FB28B8F800303B8028BFFB20B4F5A47F8B
:10D9100038BF4FF4A47440F648039C4228BF1C460D
:10D920007E80F880BC803C81BDE8F8832DE9F04121
:10D9300086B0054601A9008800F046FE044600288E
:10D9400073D1029A92F86E31003B18BF01238DF813
:10D950000230D2F8883099064ABF9DF8023003465B
:10D9600083F0010303F001038DF8033092F8E830EF
:10D970009B0603D49DF80330002B5CD0EB881B3B47
:10D980009BB2E02B59D82989A1F5A4739BB244F22C
:10D990004810834251D86B881B3B9BB2E02B4CD87C
:10D9A000AA88A2F5A4739BB2834246D840F64807E2
:10D9B000B94244D8BA4242D8029E4FF0FF0886F8D6
:10D9C00033819DF80230A3BB03A93046FFF773FFF4
:10D9D0006A88BDF81230E888934228BF1346A6F83B
:10D9E0003831BDF81430AA88BB4228BF3B461946DF
:10D9F000BDF80E30834228BF0346A6F83431BDF887
:10DA000010302889BB4228BF3B46834228BF0346CB
:10DA10008A42A6F83631134628BF0B46A6F83A319B
:10DA200086F83281002386F83331204606B0BDE8FF
:10DA3000F0813A24F6E71A24F7E71224F5E71124D7
:10DA4000F3E72DE9FF4107468846008802A900F068
:10DA5000BBFD054618BB039C94F8813103F0FF051C
:10DA60001BB1B8F1020518BF012594F89730222B9D
:10DA700094F8E93043EAD3030CBFC5F10102002258
:10DA800003F00103134333D0BE7816B9F6F7AAF8B2
:10DA90000646F87870BBF6F7A5F826B9092528469A
:10DAA00004B0BDE8F0810028F8D0FF2384F83D31B0
:10DAB000E5B994F83C3103F0FF05BBB984F83F01A8
:10DAC00084F83C8184F83E613B797A798DF80500D1
:10DAD00043EA022301A920468DF80460ADF8063020
:10DAE00000F016FE002384F83D31D8E73A25F9E727
:10DAF0001A25D4E7002ED8D1D0E708B5F6F74CF8B0
:10DB0000002008BD10B50446F7F7BCFB20700020CC
:10DB100010BD10B5FFF74FFE044630B9F7F7ACFB68
:10DB20002046F6F77FFB204610BD0C20FCE710B521
:10DB30000446FFF740FE50B92078012809D8611C3F
:10DB4000F7F7A6FB002814BF0020072010BD0C200B
:10DB5000FCE71220FAE738B50546FFF72CFE04462D
:10DB600040B92878012803D8691CF7F7BFFB18B91A
:10DB7000122038BD0C20FCE72046FAE710B50D2432
:10DB8000047000236FF004011122C4705924417005
:10DB90008270047143718171C271184610BD08B55D
:10DBA0000821F3F751FC002008BD73B506460C466A
:10DBB0000088694600F008FD0546A0B9B3786BB946
:10DBC000019B93F86C30A370338894F90200238092
:10DBD000F6F77EFCA070284602B070BD7F20FFF7EC
:10DBE00019FEA070F0E70225F5E710B504466FF0C6
:10DBF0007F00FFF70FFEF6F76BFC20707F20FFF72A
:10DC000009FEF6F765FC6070002010BD10B50446F3
:10DC1000F5F784FB01F04DFDF6F75AFC207000206B
:10DC200010BD08B50A46072300F11001FEF76EF893
:10DC3000002008BD10B5014604460020F6F7BCF9E7
:10DC400008B92060A080002010BD10B50446F5F78B
:10DC50009DFF28B900202146F6F796F9002010BD57
:10DC6000FFF7C3FD0028F5D0FFF7EBFD0028F1D149
:10DC70000C20F4E710B50446FFF7B7FD28B90120E2
:10DC80002146F6F781F9002010BDFFF7DAFD0028E4
:10DC9000F5D10C20F8E7F7B50C4605466946008833
:10DCA00000F092FCA21C98B9019B03F19F0783F836
:10DCB000F00039681160397911712988218093F851
:10DCC000F06006F0FF01002EF1D1084603B0F0BD70
:10DCD0000023C4F802300221137123706370F4E74B
:10DCE000FFF724BE1FB5838844F29022934217D8D1
:10DCF00040F64802934228BF13460288ADF804203C
:10DD00004088ADF80600ADF80A000A8001A8ADF819
:10DD10000830ADF80C30FFF709FE05B05DF804FBE4
:10DD20001220FAE737B50D46694600F04DFC04466F
:10DD300018B901982946FFF7BEFD204603B030BD53
:10DD400010B500236FF004044821082204704370CA
:10DD50008170C270047143718171C271184610BD27
:10DD600037B505460C460088694600F02DFCF0B931
:10DD7000019B014683F86A1093F86820012A06D0B7
:10DD8000022A04D040F281210620F3F7CDF9A270D7
:10DD900093F86920012A01D0022AF3D1E27093F8A6
:10DDA0006A2002F0FF00002AE4D12B88238003B010
:10DDB00030BD10B58388022B044610D8C078FFF719
:10DDC00033FD08B9112010BDA078FFF72DFD002804
:10DDD000F8D020460121BDE81040FFF732BE1220E6
:10DDE000F1E713B58378C178027903F0010451EAB1
:10DDF000040C03F002031DD052EA030C1AD0002CCD
:10DE000018BF0021002B18BF00228DF803200378D3
:10DE100042788DF8021043EA0223ADF800304379CE
:10DE20008279684643EA0223ADF80430FFF7C1FF68
:10DE300002B010BD1120FBE708B5F4F7E9F90020A6
:10DE400008BD13B50C46694600F0BEFB20B9019B26
:10DE5000B3F890300133238002B010BD07B50088BD
:10DE6000694600F0B1FB38B99DF80020019B012AFA
:10DE700005D093F843216AB103B05DF804FB93F831
:10DE80004C22D2B293F8B81011B912F0FB0FF0D1B6
:10DE90000220F1E7012283F84321EDE72DE9F34168
:10DEA0000546477800780121F3F752FD0446002823
:10DEB0005FD001F0EFFBEB78984228BF1846042FA3
:10DEC00086B23DD0206BFFF7D6F9304480B21F28D0
:10DED00003D9122002B0BDE8F081FB1E012B2CD823
:10DEE000204601F0FBFB6B78032B2CD107F0FD08DB
:10DEF000B8F1010F39D1204601F0F0FB002831D1F3
:10DF0000012F08BF4FF00208216B42466846F3F725
:10DF100059FE6A68206B33460121FFF718F950B3A8
:10DF20006B78023B012B22D8206BFFF7A4F901216B
:10DF30000246206BFFF73BF919E0002ED0D1C8E76D
:10DF4000002ECDD0C5E70028C3D1042BCED120466A
:10DF5000FFF72EFC0028BCD0206BFFF7A2F90028A9
:10DF6000C4D1B6E74FF00008CEE7042FD1D100208E
:10DF7000B0E74220AEE70720ACE72DE9F743804643
:10DF80004578C77800780121F3F7E2FC0446D0B168
:10DF900001F096FB0028206B08BF0027FFF776F9F9
:10DFA000C619B6B21F2E1FFA87F910D8042D0ED04D
:10DFB000032D12D05FB12046FFF7FAFB58B10C20B9
:10DFC00002E0042212E0422003B0BDE8F0831220F8
:10DFD000FAE70720F8E7012D0CD1204601F07EFB7F
:10DFE0000028EED1012D0CBF06220522216B6846C8
:10DFF000F3F7E8FDD8F80420206B4B460021FFF72B
:10E00000A6F80028E5D0023D012D04D8206B324649
:10E010000021FFF7CCF80020D6E713B50446F5F74A
:10E020007DF94FF44073ADF8003000238DF80230D5
:10E03000684614F8013B8DF803300194FFF79DFF0B
:10E0400002B010BD38B5012105460078F3F780FC19
:10E050000446A0B1FFF7ACFB28B92046691C01F0CB
:10E060006BFA002038BD204601F02AFB08B10C20D5
:10E07000F8E7204601F020FB0028F8D1EDE7422028
:10E08000F0E713B50446F5F749F914F8013B8DF8AC
:10E0900003304FF44073ADF80030684600238DF82C
:10E0A00002300194FFF7FAFE02B010BD73B50546C9
:10E0B000F5F734F92B78044663B100230DF1010123
:10E0C00001208DF80030F5F777FF18B16846FFF7AB
:10E0D000B9FFA0B9002620468DF8006001F0F4FADF
:10E0E000B04214BF80233346ADF801302B788DF851
:10E0F0000360012B05D169462046F5F733FA02B0DB
:10E1000070BD1BB92046FFF7AEFBF8E71220F6E71B
:10E1100010B5002104460088F3F71AFC20B1A11CB9
:10E12000BDE81040F8F7C0BF022010BD08B5008858
:10E130000021F3F70DFC20B1BDE808400021F8F7FD
:10E14000B3BF022008BD37B505460C4600886946B6
:10E1500000F03AFA28B92B882380019BB3F8C43029
:10E16000638003B030BD2DE9F341438804460E4679
:10E17000BBB10088694600F027FA054668B92388D4
:10E180003380019E06F17808B769628839464046B7
:10E1900000F00BFAB369BB42F6D1284602B0BDE8E5
:10E1A000F0811225F9E710B50C460021F3F7D0FBFA
:10E1B00088B1022C11D804F00103C4F3400480F8A4
:10E1C000153280F8144223B190F812323BB1FFF7B8
:10E1D0003BFA002010BD0220FCE71220FAE71846A7
:10E1E000F8E710B504460078FF280AD00121F3F7BC
:10E1F000AFFB58B16378A27843EA0223C3840020BE
:10E2000010BDB4F80100F5F753F8F8E74220F7E73E
:10E2100008B50078003818BF0120F4F759FF002036
:10E2200008BD10B50446F5F779F86178C1F34002EE
:10E2300001F0010101F077FA002010BD0820F5F788
:10E24000BDBC01F0D8BB1220704710B5044604B91C
:10E2500010BD236898476468F9E703680BB901604B
:10E2600070471A465B6813B18A42FAD170478A42F6
:10E2700018BF5160704708B50020FEF73EFFF3F766
:10E280002FFCF5F703FEF3F76DFE20B140F2051108
:10E290000120F2F749FF08BD08B5F4F7C5FE20B12B
:10E2A00040F223110120F2F73FFFF7F75FFC10B1B6
:10E2B0004FF49471F6E7BDE808400120FEF71DBF5A
:10E2C00008B5FFF7E9FF01F07EFB20B140F23D11F8
:10E2D0000120F2F729FF08BDFAF708BB0B4612220E
:10E2E00003F8032BD0F80920C1F80320427B1A71F0
:10E2F000704730B585B004460D46F6F7BDF980B3DA
:10E300006FF4BC731C4402A92088ADF8000000F033
:10E310005BF918B12E217E20F2F706FF039B93F8DC
:10E3200064208DF80220022193F86520B3F866304E
:10E330008DF803206846ADF80430FFF782FB08B182
:10E340004421E8E78DF808009DF808308DF80900B1
:10E35000002063F307009DF8093063F30F2005B038
:10E3600030BD18232B70D4F80930C5F803300423CE
:10E370008DF80830E8E710B54468037894F89620E3
:10E38000002104F1780000F02CF918B986217E20D4
:10E39000F2F7CAFE202384F8963010BD10F0010376
:10E3A00005D1830705D410F0040318BF08231846CD
:10E3B00070470223FBE72DE9F84F074608469246CF
:10E3C000884600F0D6FB8146404600F0D4FB8346E9
:10E3D000FFF7E4FF05464846FFF7E0FF45EA000681
:10E3E000F6B2003E044618BF0126F5F7FBFB00EA33
:10E3F0000B00C3B2002B08BF0025F5F7F3FB00EAC2
:10E40000090097F86830C0B2002808BF0024AB426A
:10E4100008BF00258AF8005097F86930A34208BF6A
:10E42000002455EA04038AF801400CD1404600F06C
:10E43000A4FBB7F89030DB43184480B247F6FD7375
:10E44000984288BF00263046BDE8F88FF8B544688A
:10E4500004F1780794F8972005460E4601230B2116
:10E46000384600F0BEF8014608B12020F8BD94F807
:10E4700097200123384600F0B4F8C8B394F89630DA
:10E48000252BF2D0304600F068FB28B931462846EB
:10E49000BDE8F84000F0FDBC737903F0070384F891
:10E4A0006130337903F0070384F8603094F83D312C
:10E4B00093B994F83C31012B0ED094F8602094F875
:10E4C00069309A4210D194F8612094F868309A42E9
:10E4D0000AD1022384F83C312223284684F897305D
:10E4E00000F0A9FC0020C1E72846F5F7C5FBF3E7DB
:10E4F0000120BBE708B5436893F89720222A05D08E
:10E5000022B140F28A317E20F2F70EFE232283F8F8
:10E51000972008BD0A46437923B9016811B10079F3
:10E52000FAF768B97047F5F7B1BC704730B54240AB
:10E530000C7818785D7844404878684004449D78A9
:10E54000887868400444DD78C878684004441D79C0
:10E5500008795B794979684004444B402344D342AD
:10E560000CBF0120002030BD024600200139C9B295
:10E57000FF2900D17047535C83F001030344D8B2F4
:10E58000F4E708B5F5F73EFD082803D0BDE80840DC
:10E59000F5F75CBD08BD08B501F045FA18B1BDE856
:10E5A0000840F8F771BE082008BD10B500230C46DE
:10E5B00043644B1E42F21071A0F84C2001FB023262
:10E5C000B2FBF4F2826410BD10B50C460021F3F7E3
:10E5D000BFF9606018B101232370002010BD022034
:10E5E000FCE70C2939D8DFE801F0070B0E141619E7
:10E5F0001C252A362C2E3400B2FA82F040097047CE
:10E60000063A012A01E00A3A022A8CBF00200120C2
:10E6100070470D3AF5E7103A0C2AF6E7113A0B2A43
:10E62000F3E7A2F11003032B19D990F86000B8B1F9
:10E630001C2AEAE7042A14BF002001207047012A9F
:10E64000F9E71D3AE0E7A2F12003062B07D92E2AAD
:10E65000F1E7282AEFE70F2AEDE7002070470120B5
:10E660007047F8B5D0E9047605460C46FBF7FEFF87
:10E6700020B94FF4E5712920F2F756FDF4B1D5E940
:10E680000431DA1B61EB0603012A73F100014FF03C
:10E69000000115DB6FF00100904271EB030302DA19
:10E6A0004FF4EA71E7E7631E1344B3FBF4F35C43F2
:10E6B000E41946F10006C5E904461C462046F8BDAB
:10E6C0000C46FBE711F00C0312D001F00401002905
:10E6D0000CBF4FF41673962303F5BC730CBF402296
:10E6E0001022984212D9C01A90FBF2F080B2704703
:10E6F000022905D13C2809D93C38C0F38F00704766
:10E70000702803D97038C0F3CF00704700207047DD
:10E710000346086858667047012908B5024606D0C6
:10E7200002290CD040F245212920F2F7FDFC40F6E9
:10E73000C41340F2E240002A18BF184608BD40F654
:10E74000C410FBE7C3B293FAA3F3000A90FAA0F057
:10E750001B0E000E43EA002070470131F8B5C9B224
:10E76000821D0023012512F8010B884216D312F8EE
:10E77000066C002405FA04F737421CBF01F1FF3193
:10E78000C9B2E0B269B10134082CF3D10133DBB274
:10E79000052BE8D199214620F2F7C6FC091AC9B227
:10E7A000F4E700EBC300C0B2F8BD0B6870B5C0F869
:10E7B00001300B7903F01F03437100230446C37239
:10E7C000451C861D15F8010B00F01BFB2871E37A30
:10E7D000B5421844E072F5D170BD70B581EA1141BF
:10E7E00089B2C57A0446032682EA0100FFF7AAFF30
:10E7F000013E00EB00100A1816F0FF0690B2F5D1AA
:10E8000041402522B1FBF2F302FB1313C3F3C40210
:10E810002244D8B2567803F00703012202FA03F328
:10E820001E4207D169432046C1F30741BDE870404D
:10E83000FFF793BF70BDF8B590F831506B1E242BD5
:10E84000044658D8002A58D090F8260018B101285C
:10E8500047D01F201AE094F8331094F8323002FBAE
:10E8600003132522B3FBF2F102FB1133DBB204EBFD
:10E87000D30284F8333092F82710012603F0070200
:10E8800006FA02F2114202D084F83430F8BDB3FB2C
:10E89000F5F205FB12330133024604F12C01D8B224
:10E8A00011F8013B834219D311F8067C002306FAC4
:10E8B00003FC1CEA070F1CBF00F1FF30C0B2DDB241
:10E8C00020B905EBC20284F83420DFE70133082BBE
:10E8D000EDD10132D2B2052AE2D1BAE7C01AC0B2F4
:10E8E000F7E7228BC96904F12600FFF776FF84F869
:10E8F00034000020CAE71220C8E71046C6E70B68BC
:10E90000C0F803308B88A0F8073070470B68C0F858
:10E9100009308B88A0F80D3070470378890123F007
:10E92000400301F040010B4303707047037803F08C
:10E930007F0343EAC111017070471F2A38B50546AD
:10E94000144603D9BF212A20F2F7EEFB0930063422
:10E95000FDF770FC6C7038BD1F2A38B505461446AB
:10E9600003D9E1212A20F2F7DFFB09300634FDF755
:10E9700061FC6C7038BD30B5037803F00F03032BD6
:10E98000024640D0052B1FD1C37F90F820000343DF
:10E9900092F82100034392F82200034392F82300E7
:10E9A00020F01F0018432DD05378222B0CD1B2F841
:10E9B0001930B2F81740907D41B1B3F5506F05D9C9
:10E9C00040F607518B420ED900201BE0991F89B2F7
:10E9D00040F67A45A942F7D8411E0729F4D8834268
:10E9E000F2D9A342F0D3B2F81B30B3F5FA7FEBD2E1
:10E9F000B2F81D000A3880B240F6764398428CBFC8
:10EA00000020012030BD4078A0F10C03584258414D
:10EA1000F8E7037801F0030123F003030B430370CD
:10EA20007047007800F0030070471B2A08B504D92E
:10EA300040F252412A20F2F777FB4270BDE80840CD
:10EA40000330FDF7F7BBB0F807007047B0F80900D6
:10EA50007047B0F80B00704770B5B0F80730B0F8E9
:10EA60000950B0F805600479B0F80B0091B1B3F526
:10EA7000506F0FD940F60752934218D8B5F5FA7F78
:10EA800015D20A3880B240F6764398428CBF0020F7
:10EA9000012070BD9A1F92B240F67A418A4206D890
:10EAA000621E072A03D89C4201D29E42E5E700205D
:10EAB000EFE743680B60037A0B717047B0F8090009
:10EAC0007047007970470B6843604B6883607047FC
:10EAD00043680B6083684B60704783890B80704785
:10EAE000D0F80E300B60D0F812304B607047D0F881
:10EAF00016300B607047FFF7E6BF0B68C3607047C6
:10EB0000007970470171090A417170478171090AE2
:10EB1000C17170470172090A417270478172090A16
:10EB2000C172704780887047C088704700897047FD
:10EB30004089704703891A2B0DD94389B3F5A47F07
:10EB400009D383881A2B06D9C088B0F5A47F34BFB7
:10EB500000200120704700207047037913F007035D
:10EB600005D0407910F0070018BF01207047184603
:10EB700070470079704740797047C08870470279C4
:10EB8000437902F0070203F00703511E0A40591EA1
:10EB90000B4013430CBF01200020704701717047E8
:10EBA000007970474171704740797047FB2908B57B
:10EBB00004D940F2E5712A20F2F7B6FA417008BD97
:10EBC000406890F8123223B1002380F81232FEF729
:10EBD0003BBD704708B5017A19B101290DD000205D
:10EBE00008BD0368C28802218088F5F7F3FC00287D
:10EBF000F6D1F5F79FFE0120F2E70368C288F3E73C
:10EC000002230B7001238B707047F5F747BD08B5E1
:10EC1000037A23B14FF41A711020F2F785FABDE898
:10EC20000840F5F7AFBD0322FFF7F1BF0422FFF75D
:10EC3000EEBF30B4057A15B1027230BC704730BCFB
:10EC4000F5F7A0BD0B46112203F8032BD0F80920DD
:10EC5000C1F80320D0F80D205A60B0F811201A81B5
:10EC60007047012908B503D10E30C00080B208BD3D
:10EC7000022902D10F308000F8E740F2CF110620C0
:10EC8000F2F752FA30B587B004460D46F5F7FCFCB2
:10EC9000A0B300232372A4F5B374694624882046E8
:10ECA000FFF740F818B1D8212C20F2F73DFABDF853
:10ECB0000630ADF80E30BDF80830ADF81030BDF8B4
:10ECC0000230ADF8123003A8BDF80430ADF80C40A6
:10ECD000ADF81430FFF704F808B1E121E4E78DF84E
:10ECE0000C009DF80C308DF80D00002063F3070038
:10ECF0009DF80D3063F30F2007B030BD2B4617226F
:10ED000003F8032BD4F80920C5F80320D4F80D200C
:10ED10005A60B4F811201A8104238DF80C30E0E712
:10ED200040687047C08A704710B58A880B89CC88C4
:10ED30004988A0F85010A0F85440A0F85220A0F83C
:10ED4000563010BD8383BDF8003001834283C383F6
:10ED5000704738B5C38B458C04469D42007A28BF66
:10ED60001D46FFF77EFF6389AB4228BF2B469842C2
:10ED700038BF184680B238BDF8B50646808F1746B2
:10ED80000C46FFF76EFF2146054606F13000FFF7FF
:10ED9000E0FF854228BF05463946B6F84400FFF734
:10EDA00060FFB6F846309842ADB228BF184615FA53
:10EDB00080F09C30F8BD38B50D46144690F86810C8
:10EDC00090F86920FFF7D8FF96342044A84294BFFA
:10EDD000281A002038BD38B50D4690F8692090F803
:10EDE00068100446FFF7C8FF2844606338BD006818
:10EDF00001F19C02904283BF401A9C3840080020D9
:10EE0000704700F05503400800F05500184400F02A
:10EE10003303800800F03300184400F00F0303EBC5
:10EE2000101070474368002283F8962083F8D220A0
:10EE3000A3F8CE20704743680022A3F8D42093F8AB
:10EE4000D620013283F8D620704708B5426892F880
:10EE5000D630013B5BB2002B82F8D63003DA342186
:10EE60004A20F2F761F908BD436883F8231183F85B
:10EE700022217047A0F10A03042B08D9A0F1200336
:10EE8000062B04D9A0F12E035842584170470120A7
:10EE900070474268D2F8883010B513F008040AD1E0
:10EEA00043F00803C2F88830CB7882F82031FFF7AE
:10EEB000C2FF204610BD0120FCE738B50C460546D0
:10EEC000B1F85410FFF71EFEB4F82A112846FFF7D8
:10EED0001DFEB4F850102846FFF71CFEB4F82811A8
:10EEE0002846BDE83840FFF719BE37B530F8024C68
:10EEF0007CB100238DF804308DF805309DF8043086
:10EF0000002063F307009DF8053063F30F2003B082
:10EF100030BD30F8B05CA1F8035008230B708C7042
:10EF2000437A4B7150F89C0CFDF7A0FF18B9832170
:10EF30006320F2F7F9F82846F4F7B4FF2146284693
:10EF4000F2F71CFD04238DF804308DF80540D5E759
:10EF500038B54468037894F898200D4604F1780099
:10EF60000121FFF73EFB38B92846FFF7AAFD06232B
:10EF700084F8990084F89830002038BD10B54468B2
:10EF8000037894F89820012104F17800FFF729FB19
:10EF900010B9072384F8983010BD0B46062210B52F
:10EFA00003F8032BA0F5D4720024D485D0F80920EF
:10EFB000C1F80320D0F80D205A60427C1A72CC7040
:10EFC00010BD10B54468037894F89620002104F130
:10EFD0007800FFF706FB18B924214520F2F7A4F8C2
:10EFE0001D2384F8963010BD70B54568037895F8F8
:10EFF000962086B006460C4605F178000A21FFF7F8
:10F00000F0FA58B32046FFF795FD00B32046FFF70E
:10F010008DFD05902046FFF785FD04902046FFF703
:10F0200087FD03902046FFF77FFDDDE90332059958
:10F03000009005F13000FFF785FE7168284601F267
:10F040005311F5F79BFC70680521F4F755F8002083
:10F0500085F8D20085F8960006B070BD0120FBE768
:10F060004268D2F88830D90610B5044603D49A21F4
:10F070004520F2F759F8990601D59B21F8E723F0CE
:10F080001003C2F88830FFF7E0FE60680521BDE894
:10F090001040F4F731B809230B70437A8B70A0F558
:10F0A000F9731B88A1F80330037B4B7170470A2367
:10F0B0000B70437A8B70A0F5F9700388A1F80330C8
:10F0C000704707230B70A0F52F731B88A1F803303E
:10F0D000D0F80B30C1F80530D0F80F30C1F8093046
:10F0E000B0F81330A1F80D30704738B504464068C9
:10F0F000012390F8972000217830FFF772FA6568B5
:10F1000060B995F897200123052105F17800FFF7F4
:10F1100068FA002814BF0820012038BD95F89C002B
:10F120000028FAD02046FFF786FE6368112283F894
:10F1300097200020F1E770B5044640680D4690F82E
:10F140009720012300217830FFF74BFA666870B9E9
:10F1500096F89720132A0AD00123052106F178009A
:10F16000FFF73FFA002814BF0820012070BD96F871
:10F17000D83013B92046FFF75EFE6168284601F5D6
:10F180000871FFF7ADFC6168284601F58C71FFF747
:10F19000AEFC61680B88A1F8C532284601F2C72190
:10F1A000FFF796FC6168284601F2CF21FFF795FC36
:10F1B0006368152283F897200020D7E7436893F807
:10F1C0009720122A03BF1322002083F897200220E1
:10F1D000704710B5436893F89730182B044607D151
:10F1E000FFF733FE63681C2283F89720002010BDD0
:10F1F0000220FCE708B5436893F89720112A04D051
:10F200004FF4A8711F20F1F78FFF012283F8D72058
:10F21000122283F8972008BD08B5436893F8972019
:10F22000162A04D04FF4B0711F20F1F77DFF182289
:10F2300083F8972008BD0B46052203F8032BD0F86E
:10F240000920C1F80320D0F80D205A60B0F8112031
:10F250001A81C27C9A72704710B54468037894F89A
:10F260009620002104F17800FFF7BBF918B9AA2114
:10F270001C20F1F759FF042384F8963010BD426832
:10F28000D2F8881008B5CB0703D4B7211C20F1F7BA
:10F290004BFF92F8D630013B5BB2002B82F8D630A0
:10F2A00001DAB921F2E721F00101C2F8881008BDA6
:10F2B0000C23A0F5A5700B7003884B80704710B528
:10F2C0004468037894F89620092104F17800FFF748
:10F2D00088F930B1002384F8C63084F8D23084F83D
:10F2E0009630002010BD38B54568D5F8883013F049
:10F2F000040409D1FFF79FFDD5F8883043F00403DB
:10F30000C5F88830204638BD0120FCE74268D2F8B5
:10F31000883023F00403C2F88830FFF796BD10B59B
:10F320004468037894F89620002104F17800FFF7F0
:10F3300058F918B971214B20F1F7F6FE0F2384F824
:10F34000963010BD01230B7000238B7030F8DA3C2F
:10F35000A1F80330437A4B714389CB8083890B81B9
:10F36000704738B5446894F8D95015F0020514D1A7
:10F37000037894F89620294604F17800FFF731F9D4
:10F3800018B975214020F1F7CFFE012384F896309B
:10F3900084F8D230A4F8CE5038BDD4F88820930732
:10F3A0000DD594F8D630013B5BB2002B84F8D630F3
:10F3B00001DA8721E6E722F00202C4F88820002360
:10F3C00084F84231E8E710B50B794C790A680128D6
:10F3D00043EA042108BF41F48031104610BD07B54F
:10F3E000FFF7F1FF0DF10702F5F7F0FE03B05DF84E
:10F3F00004FB0B46042203F8032BB0F80920A1F804
:10F400000320C27A9A7070470B46142203F8032B2C
:10F41000D0F80920C1F80320D0F80D205A607047B9
:10F4200038B50B46102203F8032B0C4600F10902F5
:10F43000293052F8041B43F8041B8242F9D1127898
:10F440001A70A5880123A37100212846F2F780FADB
:10F4500090B1E27862B10088F4F724FD00212846DB
:10F46000F2F78CFA40B140F242212D20F1F75CFE18
:10F47000BDE8384000F0BABA38BD0121F6F768BAE5
:10F48000FFF7FBBF90F87A300BB10120704790F87E
:10F49000B22002F0FF03002AF7D190F8A42018460A
:10F4A000704737B504460D464FF48C720021FCF7C7
:10F4B00037FFFF2323701323638042F21073E3842A
:10F4C000F2F754FB0022014620636846F2F77AFB0C
:10F4D000206B00220121FDF76AFE216B68460422A1
:10F4E000F2F770FB0022206B1146FDF760FE04F17D
:10F4F0002800A57403B0BDE8304000F04CB9FF23EC
:10F50000086B0B70FDF720BE0078FF3818BF012094
:10F51000704710B50446283000F093F9618828221E
:10F52000BDE81040F6F7D4BCD0E902017047C07CBA
:10F53000003818BF012070470B68C0F815308B8861
:10F54000A0F819300123C37670472DE9F04F064625
:10F550000D4607460FCE91B006AC0FC40FCE0FC4B8
:10F5600096E803000DF1100884E80300404600F01F
:10F5700012F995F814906E7895F80AA095F800B0F5
:10F58000B9F1010F06F07F0607D0B9F1020F04D0E0
:10F5900040F293210620F1F7C7FD697A404600F05A
:10F5A00001F92B7DAA7E022B08BF697D02F10102C1
:10F5B00006BF0131C9B20121D2B2404600F0F4F8D1
:10F5C00016F0080363D14046019300F03AF928226F
:10F5D0003146F6F77DFC2A79EC78019B44EA022457
:10F5E0006A7940F2712144EA024400F2D6204C4389
:10F5F000B0FBF1F04843A0420BD9EC79AA7942EA7A
:10F6000004222C7A42EA044201FB02F4A04200D810
:10F6100004462A7E0393531E5A425A41A97C386BF2
:10F6200002910192FDF74FFE386BFDF75CFE039BE4
:10F63000019A0299ADF81A6008948DF828208DF887
:10F640002B108DF82CA08DF818B08DF81C90099314
:10F6500006AE0FCE3C460FC40FCE0FC496E8030093
:10F6600084E8030098E80300B862B985EB7A13F0E8
:10F67000FD0F14BF0123002387F85730EB68BB65EB
:10F680002B8AA7F85C30002011B0BDE8F08F002471
:10F690002346BEE7438813F0040F0CBF1F20002051
:10F6A00070470023C38543881D2B08BF0021417488
:10F6B000704790F912007047408800F001007047D1
:10F6C0004088C0F3400070474088C0F3C0007047D6
:10F6D00008B5006BFDF7EEFD012008BD0120704765
:10F6E0000120704710B50446F6F7DEFA28B120462F
:10F6F0000021BDE81040F6F72BB910BD90F850304E
:10F7000001624B72D0F85130C1F80A30B0F8553070
:10F71000CB81704700216830FEF7FCBEF5F752BE82
:10F7200080F87010704780F8241080F8252070470A
:10F73000C0F34002C0F38003134400F001001844FA
:10F740007047022808B507D0042807D0012807D041
:10F7500039212E20F1F7E8FC262008BD2720FCE700
:10F760002520FAE7837813F0010202D0C178C90797
:10F770000DD5990702D5C27892070AD513F0040275
:10F7800005D0C37813F0040F14BF002204221046E2
:10F7900070470222FBE70023C0F8023001234370C8
:10F7A000037070478170704710B5427001708078A7
:10F7B0001446FFF7BDFF10FB01F004FB00F2FE2A28
:10F7C00003DD5C212E20F1F7AFFC10BD0023C370D8
:10F7D00043710371704710B50446FFF7C3FF6379A7
:10F7E00062780133DBB29A4263710FD1E378A1787A
:10F7F0000343DBB29942E37008BF23794FF0000264
:10F8000008BF0133627104BFE2702371BDE810408C
:10F81000FFF797BF38B501468078FFF789FF0446A8
:10F82000C8784D78FFF784FF0B790A78D21A12FB5B
:10F8300005F212FB04F34A799B1A00FB1530C0B2A3
:10F8400038BD08B501468078FFF772FF4B780A781B
:10F8500013FB02F313FB00F0C0B208BD40F2EF202F
:10F86000704740F25A335843704713B50346104669
:10F8700052680E3B0C4692F89610092B42D8DFE8EE
:10F8800003F005414141104118414128042905D1A7
:10F890000190FFF7C7FA0198F5F7C8FB002002B006
:10F8A00010BD0F29FAD1002102B0BDE81040FFF7CA
:10F8B00006BD1D29F2D10190FFF7B4FA0198002C82
:10F8C000ECD0426892F8E83023F0200382F8E83068
:10F8D000E4E792F89730232BE0D1002482F8974098
:10F8E0000190FFF7B2FA0198436893F83C31012B7D
:10F8F00003D12146F4F798F901984368002283F870
:10F900003C21CBE74FF413713120F1F70DFC08B522
:10F91000436893F89720162A04D040F2D44131204E
:10F92000F1F702FC1A2283F8972008BD08B5436856
:10F9300093F89720312A06D1002283F89720BDE85A
:10F940000840FFF782BA162A03D11A2283F89720BB
:10F9500008BD40F2E9413120F1F7E6FB37B54268D6
:10F9600092F8E83043F0040382F8E8300446084691
:10F970000D46FFF719F901902846FFF711F9019993
:10F98000224603B0BDE83040F6F7E4BB38B50C467C
:10F990000546D1E90401F2F78FF894F89402202883
:10F9A0000BD0FBF7C9FE94F89402FAF741FE20B998
:10F9B00040F674013120F1F7B7FB28460221BDE87B
:10F9C0003840F1F7DBBF00207047F5F78DB8F2F74C
:10F9D00003BC90F813320022A0F8962080F89A20F9
:10F9E00013B10221F3F788BB0321FBE70C2100F5DB
:10F9F0000A70F1F729BDF5F7EBB842680023A2F8C9
:10FA0000443182F84631A2F8473182F849317047D3
:10FA100008B5F7F7F9FEF7F74DFDF7F7BDFBBDE8C1
:10FA20000840F7F745BC08B5C821F7F713FC0228D2
:10FA300007D1013911F0FF01F7D1FA213B20F1F78D
:10FA400073FB431E5842584108BD10B50446084692
:10FA5000F8F71CFC4FF47A73B0FBF3F0201A10BDDA
:10FA600010B504460846F8F711FC023C4FF47A73CF
:10FA700000F2E730B0FBF3F0201A10BDF8F772BDCA
:10FA800070B5841A04F307040E4660B259B21546E5
:10FA9000F8F758FD002330702844737040B270BDF1
:10FAA000002303607047002070474FF0FF3070471D
:10FAB0004FF0FF30704770477047002070474FF09D
:10FAC000FF3070470020704700207047002303700C
:10FAD00070470022FFF7D4BF002070474FF0FF307F
:10FAE00070474FF0FF3070474FF0FF30704770B5F0
:10FAF000F8F778FD002405462646E0B2854200D896
:10FB000070BDF8F775FD0134868480F82660F4E74F
:10FB1000F9F7CEBA08B50020F9F7DAFB006800382B
:10FB200018BF012008BD08B500F0B0F828B14FF0AB
:10FB300080430222C3F8342C08BD00F089F8002865
:10FB4000F5D100F09AF80028F1D1F5E74FF08043A5
:10FB500001221A6070474FF08043D3F8080400F088
:10FB6000010070474FF08043D3F8140400F0010007
:10FB700070474FF08043D3F81C0400F00300704737
:10FB80004FF08042D2F81834D2F8182413F480339E
:10FB900005D002F003031B1A58425841704718461B
:10FBA000704707B56846F9F77BF9DDE900024FF0C9
:10FBB00080730021E2FB030103B05DF804FB08B58C
:10FBC000F9F758F9BDE80840F9F73EB9002303708A
:10FBD00018467047EFF3108272B603780121DBB24A
:10FBE000017002B962B6012B0CBF6FF02200002039
:10FBF0007047EFF3108372B60022027003B962B649
:10FC000000207047FCF7CAB94FF08053D3F8300199
:10FC1000A0F10F035842584170474FF08053D3F87A
:10FC20003001A0F10A035842584170474FF0805309
:10FC3000D3F83001A0F10E035842584170474FF0FD
:10FC40008053D3F83001A0F1100358425841704757
:10FC50004FF08053D3F83001062803D0431C58429C
:10FC600058417047012070474FF08053D3F830015E
:10FC7000A0F10D035842584170474FF08053D3F81C
:10FC80003001A0F1080358425841704708B5FFF70A
:10FC9000C4FF30B14FF08053D3F83401B0FA80F094
:10FCA000400908BD08B5FFF7D3FF48B14FF08053B6
:10FCB000D3F83401063810F1080F94BF002001205A
:10FCC00008BD08B5FFF7C4FF48B14FF08053D3F823
:10FCD0003401063810F1080F8CBF0020012008BD48
:10FCE000FCF79EB9FCF79CB900280CBF6FF015001B
:10FCF00000207047002070470723037000207047E2
:10FD00000020704700207047034613F8012B002A9B
:10FD1000FBD1181A0138704730B589B004460C9DE4
:10FD20000020C4F8F800C4F8FC0004F58070C4F8A2
:10FD30000001C4F8040104F58470C4F80801C4F893
:10FD40000C011DB3287918BB0120C4F810019FEDE8
:10FD5000127B8DED067B00200490039302900190AE
:10FD600000940F4B204618F0C8F955B1296811B11D
:10FD700020460EF0A3FC6B791BB1237B43F00103FB
:10FD80002373204618F0A9F909B030BD0120DCE743
:10FD900040F20110D9E700BFFFFFFFFFFFFFFFFFA9
:10FDA00039E501000000000010B582B004460023D0
:10FDB00004320ED27BB99FED0A7B8DED007B41F0C2
:10FDC0000401204617F0B8FD08B140F8044B02B01A
:10FDD00010BD0123EEE70020F9E700BFAFF300807C
:10FDE000000000000000000008B505211A4811F0CD
:10FDF000B5F810F0FF0F17D1184A0321184812F078
:10FE000029FA1848002303740EF040FC4FF0986262
:10FE10000521114811F04BF800B908BD124A012123
:10FE20000F4812F017FAF8E7104A03210C4812F0B5
:10FE300011FA0C48012303740EF028FC4FF03072C5
:10FE40000521054811F033F80028E6D0064A0121C3
:10FE5000034812F0FFF9E0E7608F0200B897020054
:10FE60000492020088330020EC97020018980200E8
:10FE700070B504460D46604B1B78032B3DD05F4B9D
:10FE80001B78DBB29C4251D05C4B1B78DBB29C42AE
:10FE90000ED05A4B1C701B78002B55D0202100200F
:10FEA00000F0C0FF0646002847D1534B01221A70CC
:10FEB000534B1B78DBB29D4215D0514B1D701B7804
:10FEC000002B67D02021022000F0ACFF064600285E
:10FED00052D18021012000F0A5FF0646002852D112
:10FEE000454B02221A70444B1B78464A0321464870
:10FEF00012F0BAF90026304670BD404B1B78002B3B
:10FF0000BDD13F4B1B78002BB9D10521002000F05B
:10FF100089FF064618B9384B00221A70AFE7002354
:10FF20003A4A0121384812F09FF9E4E7344B1B7834
:10FF3000DBB29D42A8D10026DDE70023334A012130
:10FF4000314812F091F9D6E70021084600F06AFF27
:10FF5000064630B92A4B1B7853B1274B02221A7040
:10FF6000A6E700232A4A0121274812F07DF9C2E7BB
:10FF7000214B00221A709BE70223244A01212248C8
:10FF800012F072F9B7E70123204A19461E4812F011
:10FF90006BF9B0E70021022000F044FF064660B98B
:10FFA0000021012000F03EFF064668B9134B1B7884
:10FFB0008BB1114B01221A7095E70223144A0121DB
:10FFC000114812F051F996E70123114A19460E48DB
:10FFD00012F04AF98FE70020074B1870052100F056
:10FFE00021FF064600283FF47EAF0023084A012186
:10FFF000054812F039F97EE7980700203F400020BD
:020000021000EC
:100000003E400020909802000492020044980200B2
:100010006898020008B5034B1978007CFFF728FFA9
:1000200008BD00BF3E40002010B584B0334883684F
:10003000DB683B21984700283BD1304883681B6927
:1000400002AA0C219847034600283FD1029B039C3B
:100050002B4A82FB0412E417C4EB223403EB830324
:1000600003EB830304EB830424B2264B83FB0423BA
:10007000E217C2EB631213B2642101FB124212B207
:100080000092214A0321214812F0F9F840F6F613B4
:100090009C4227DC40F691139C4229DD204600F06B
:1000A00041FD4FF40042002319480EF0FFFA04B05E
:1000B00010BD0346174A0121144812F0D5F84FF439
:1000C0000042002312480EF0F1FAF0E7124A012133
:1000D0000E4812F0C9F84FF4004200230C480EF00D
:1000E000E5FAE4E70D4B18780121FFF7C1FED5E7EB
:1000F0000A4B18780021FFF7BBFECFE7C48F020040
:10010000AD8BDB681F85EB51109902000492020051
:1001100000180020AC980200E09802003F40002048
:1001200010B55D495D4811F038FB5D4817F0C4FB20
:10013000002865D04FF420220821594810F0CFFE46
:1001400000F016FB0446002862D1564800F076FC09
:100150005549564817F00AFF00F032FB002000F026
:100160009FFF034600285BD100F0E8FF034600280C
:100170005CD1012208214A4810F010FF04460028F3
:100180005AD140F6CD4000210EF050FE00F08EFD19
:100190000346002856D100F087FE0346002857D1B9
:1001A0004FF48031424810F0C2FE0446002855D179
:1001B0004049414B4B6020238B60394810F0FBFED7
:1001C0000446002850D13D493D4817F047FE4FF006
:1001D00098620521324810F06AFE0446002849D191
:1001E00000F0C4FD034600284AD100F0B5FE0346E6
:1001F00000284BD1002200232C480EF057FA0DE0C6
:10020000304A0121304812F025F84FF0FF3405E064
:1002100003462E4A01212C4812F026F8204610BD34
:100220002B4A0121284812F01FF89DE7294A012195
:10023000254812F019F89CE7274A0121224812F0BC
:1002400009F8EBE7254A01211F4812F00DF8A2E753
:10025000234A01211C4812F007F8A1E7214A012195
:10026000194811F0F7FFD9E71F4A0121164811F08C
:10027000F1FFD3E71D4A0121134811F0EBFFCDE751
:100280001B4A0121104811F0EFFFAEE7194A012186
:100290000D4811F0E9FFADE72899020030990200FE
:1002A000608F0200D80400202900010000180020FF
:1002B000B49A02009C330020E9FD00001500010003
:1002C00088330020449902000492020058990200E9
:1002D000709902008C990200B4990200D49902002E
:1002E000EC990200049A0200249A0200EC970200A2
:1002F0004C9A02007C9A020008B531B10B46064ABE
:100300000121064811F0B0FF08BDF723044A03217C
:10031000024811F0A9FFF7E7C49A020064910200B5
:10032000F09A0200F0B583B000AF15461C460846AF
:10033000F0F76AF80022274BF0F7D0F804EB8404BA
:100340006400A4B200220023EFF712FF41EC170B68
:100350008AB06B4613F1100235D0182172B10846ED
:10036000042901DD1C4E5E61082801DD83ED067B5A
:10037000102800DD1D62142800DD5C62172925DDD0
:1003800018243AB10621397100217971B971F971D6
:100390007868186100216FF300016FF341016FF37A
:1003A00082016FF3C501032363F38811C4F30A04C8
:1003B00064F353216FF31F510023084801F070FFCD
:1003C0000C37BD46F0BD6FF00041C7E76FF01B046E
:1003D000D7E700BF0000F43F0C9B020064910200CD
:1003E000F0B58BB004460D4616460378032B38D87B
:1003F000DFE803F002212B311D4B93E80300079047
:10040000ADF82010090C8DF8221063792279E1787B
:10041000A07867780DF11C0CCDF814C004970390F8
:10042000029101920093A379124A314628460FF0B7
:10043000F5FB0BB0F0BD104B93E803000790ADF84F
:100440002010090C8DF82210DFE70C4A07AB07CA11
:1004500003C31A80D9E70A4A07AB07CA03C31A8045
:10046000D3E7084A0A2107A80FF0D8FBCDE700BF61
:10047000649B0200749B02006C9B0200989B02002C
:10048000A49B0200D4C2020008B50949094B0B60C5
:1004900009F03CFE30B10346074A0121074811F03C
:1004A000E3FE08BD064A0321044811F0D3FEF8E735
:1004B000A8330020F9020100B09B02006491020001
:1004C000D09B020010B582B004460C4B1B68019310
:1004D00001A913F002FA50B9FB23094A0321094884
:1004E00011F0C2FE2046FFF7CFFF02B010BD034659
:1004F000054A0121034811F0B7FEF6E7B092020069
:10050000149C020064910200EC9B02002DE9F04172
:1005100094B000AF29BB044613F0DDF91E2207F1A9
:100520003001FFF75DFF6E4600233B7202237B72B2
:1005300088B06D4615F110021AD00E201AB10428A9
:1005400001DD5B4B6B6100233B7102237B71E2B1E8
:10055000082802DD07F13003AB6105F11C0300211F
:1005600011E00B46534A0121534811F07DFE8AE009
:100570006FF00040E2E701F1500CBC441CF84CCC99
:1005800003F801CB01310129F5D90D287FDD0E23B8
:1005900042B10321397200217972B9720121F972D5
:1005A000B868286100216FF300016FF341016FF318
:1005B00082016FF3C501032060F38811C3F30A03BE
:1005C00063F353216FF31F5100233B4801F068FE92
:1005D000B54607F10C01204607F0D8F810F0FF0FE0
:1005E00058D13E8C3046EFF70FFF0022334BEFF728
:1005F00075FFBB8C03EB83035B009DB200220023DD
:10060000EFF7B6FD41EC170BE8468AB06B4613F1E5
:10061000100246D0182182B10846042903DDDFF814
:10062000A4C0C3F814C0082801DD83ED067B1028A0
:1006300000DD1E62142800DD5D62172934DD1825F7
:100640003AB10621397200217972B972F972B8682B
:10065000186100216FF300016FF341016FF3820114
:100660006FF3C501032363F38811C5F30A0363F332
:1006700053216FF31F5100230F4801F011FEC546AF
:100680002046FFF71FFF5037BD46BDE8F0816FF0F1
:100690001B037DE7C3B20A4A0121074811F0E4FDBC
:1006A000F1E76FF00041B6E76FF01B05C8E700BF48
:1006B000449C0200309C0200649102000000F43F60
:1006C000689C0200889C020008B50B46044A03217E
:1006D000044811F0C9FD04480DF0D8FF08BD00BF63
:1006E000D89C020064910200AC33002010B58CB09D
:1006F0000DF11C0C174C0FCCACE80F002368CCF8A4
:1007000000300DF1080C0DF11C0EBEE80F00ACE836
:100710000F00DEF80030CCF800300F4A03210F48FC
:1007200011F098FD002300930D4B02220D4902A801
:1007300006F014F930B90C4A0321084811F08AFD7B
:100740000CB010BD0346094A0121044811F08CFD8C
:10075000F6E700BFB4920200F09C02006491020030
:10076000989D02009C9D0200489D0200209D020071
:1007700010B50D4806F026FF0C490D4817F06EFB2A
:10078000002005F03BFB044630B90A4A03210A4821
:1007900011F060FD204610BD0346084A01210648BD
:1007A00011F062FDF6E700BFE8040020ED0601004D
:1007B000AC330020809D020064910200609D020025
:1007C00008B502480DF062FF002008BDAC330020E0
:1007D00010B50C46054A0321054811F03BFD012CDC
:1007E00014BF00240124034B1C7010BDAC9D0200FB
:1007F000549202004040002010B50C46054A0321E7
:10080000054811F027FD012C14BF00240124034BDF
:100810001C7010BDDC9D020054920200414000207B
:1008200010B50C46054A0321054811F013FD012CB3
:1008300014BF00240124034B1C7010BD089E02004D
:10084000549202004340002010B50C46054A032193
:10085000054811F0FFFC012C14BF00240124034BB8
:100860001C7010BD2C9E02005492020044400020D7
:1008700010B50C46054A0321054811F0EBFC012C8C
:1008800014BF00240124034B1C7010BD509E0200B5
:10089000549202004540002010B50C46054A032141
:1008A000054811F0D7FC012C14BF00240124034B90
:1008B0001C7010BD749E0200549202004240002041
:1008C00070B51C46BDF81030022C0DD17BB91578DF
:1008D0005678084A0321084811F0BCFC31462846E6
:1008E00000F088FA204670BD6FF00C00FBE76FF057
:1008F0000600F8E79C9E02005492020038B51C46A0
:10090000BDF81030012C0BD16BB91578074A0321C3
:10091000074811F09FFC284600F050FA204638BDE9
:100920006FF00C00FBE76FF00600F8E7B49E0200E2
:10093000549202002DE9F04184B005460C4617465A
:100940001E46D1F80C80104A0321104811F082FC99
:100950000F490968A1B1CB68A3B198470D4B188026
:1009600002230293CDF80480BDF82830009333466B
:100970003A462146284614F0FCFB04B0BDE8F0815D
:100980000020FAE70020F8E7CC9E02005492020013
:10099000BC330020384000202DE9F04184B00546EA
:1009A0000C4616461F46D1F80C800E4A03210E480D
:1009B00011F050FC4FF080535A6E196E0B4B1960BA
:1009C0005A6008230293CDF80480BDF828300093C4
:1009D0003B4632462146284614F0CBFB04B0BDE826
:1009E000F08100BFE49E0200549202003018002003
:1009F0002DE9F04184B005460C4616461F46D1F855
:100A00000C800C4A03210C4811F024FC4046FFF7EF
:100A10007BF980B20290CDF80480BDF828300093B5
:100A20003B4632462146284614F0A3FB04B0BDE8FD
:100A3000F08100BFF89E02005492020008B1024A01
:100A400010600020704700BFBC33002000B583B0A9
:100A50000190084B1B784BB104230DEB03020649B0
:100A6000002010F0B6FA03B05DF804FB6FF00C0044
:100A7000F9E700BF424000208C9F020030B5BFB0B4
:100A800005460C46F422002101A817F0E5FF0D4AA7
:100A90001368591C1160019304EB4404A200294619
:100AA00002A817F0CBFF084B1B783BB1F42301AA37
:100AB0000649002010F08DFA3FB030BD6FF00C00F9
:100AC000FAE700BF5C35002045400020C89F0200C7
:100AD00030B5A9B005460C469C22002101A817F0AC
:100AE000BBFF0D4A1368591C1160019304EB4404C9
:100AF0006200294602A817F0A1FF084B1B783BB102
:100B00009C2301AA0649002010F063FA29B030BDE9
:100B10006FF00C00FAE700BF583500204440002079
:100B200004A0020008B5094B1A6801321A609880C7
:100B3000074B1B7833B10823044A0649002010F004
:100B400048FA08BD6FF00C00FBE700BFC03300207F
:100B50004340002040A0020000B583B08DF807009C
:100B6000074B1B784BB101230DF10702054900200B
:100B700010F02FFA03B05DF804FB6FF00C00F9E7FA
:100B8000414000207CA0020000B583B08DF8070032
:100B9000074B1B784BB101230DF1070205490020DB
:100BA00010F017FA03B05DF804FB6FF00C00F9E7E2
:100BB00040400020B8A0020008B5054B1B79DA4080
:100BC00012F0010F00D108BD02480DF05FFDFAE7F9
:100BD000F00500207435002010B582B00446837CF7
:100BE000A3B10DF10702017C1B480BF009FA30B9E3
:100BF0009DF80700FFF7B0FF40BB02B010BD237C9B
:100C0000164A0121164811F02FFBF6E7427C017CC1
:100C100011480BF009FA58B90DF10702217C0E4872
:100C20000BF0EEF958B99DF80700FFF7ADFFE3E7C9
:100C3000237C0C4A01210A4811F016FBDDE7237CD6
:100C4000094A0121064811F00FFBECE7074A012190
:100C5000034811F0FFFAD0E7E80500207CA202006B
:100C60003C920200A8A20200D4A202000CA302003F
:100C700000B5BFB00DF1070202A909480BF02EF92B
:100C800038B99DF8071002A8FFF7F8FE3FB05DF8ED
:100C900004FB044A0121044811F0DCFAF6E700BF26
:100CA000E80500203CA302003C92020010B5224B54
:100CB000186816F001FE10B3204B186816F0FCFD02
:100CC00028B34FF480311D4810F0D5F9044630BBED
:100CD0001A4A117901238B4019491A4848608B60E0
:100CE000106810F0D3F90446F8B91749174817F0FF
:100CF000B5F81749174817F0B1F8204610BD164A45
:100D00000121164811F0A6FA6FF01204F5E7144A13
:100D10000121124811F09EFA6FF01204EDE7114A1A
:100D200001210E4811F096FAE7E70F4A01210B481E
:100D300011F090FAE1E700BFE8050020F00500207F
:100D400084350020B90B0100710C010074350020BE
:100D5000D90B01006035002054A302003C92020030
:100D600090A30200CCA30200FCA3020010B50E4B1E
:100D7000186819794FF0B86210F03DF930B90B4896
:100D80000AF0CEFF044640B9204610BD0446084A8A
:100D90000121084811F05EFAF6E7074A01210548EB
:100DA00011F058FAF0E700BFF0050020E805002038
:100DB0002CA402003C92020060A4020030B583B073
:100DC00004460DF10702014607480BF019F90546E4
:100DD00010B9284603B030BD2346044A0121044817
:100DE00011F042FAF5E700BFE80500207CA20200FE
:100DF0003C92020038B504460A46014606480BF00C
:100E000013F9054608B9284638BD2346034A01218F
:100E1000034811F029FAF6E7E8050020A8A202002D
:100E20003C92020010B504462330C0B2FFF7E2FF47
:100E300008B9002010BD2346024A0121024811F0E2
:100E400013FAF6E7449802003C92020008B5054BFD
:100E50001B79DA4012F0010F00D108BD02480DF0F5
:100E600015FCFAE7000600209035002000B5A9B077
:100E70000DF1070202A909480BF066F938B99DF88F
:100E8000071002A8FFF724FE29B05DF804FB044A0E
:100E90000121044811F0DEF9F6E700BFF805002053
:100EA00080A402004C91020010B5204B186816F087
:100EB00003FDF0B11E4B186816F0FEFC08B34FF4AA
:100EC00080311B4810F02CF9044610BB184A1179E8
:100ED00001238B401749184848608B60106810F058
:100EE0002AF90446D8B91549154816F0B7FF204627
:100EF00010BD144A0121144811F0ACF96FF012042E
:100F0000F5E7124A0121104811F0A4F96FF012041C
:100F1000EDE70F4A01210C4811F09CF9E7E70D4A73
:100F20000121094811F096F9E1E700BFF80500201A
:100F300000060020A03500204D0E01006D0E0100BE
:100F400090350020A4A402004C910200E8A4020005
:100F50002CA5020068A5020010B50E4B186819797F
:100F60004FF0B86210F09CF830B90B480BF07AF8EB
:100F7000044640B9204610BD0446084A01210848ED
:100F800011F068F9F6E7074A0121054811F062F906
:100F9000F0E700BF00060020F8050020A0A5020031
:100FA0004C910200DCA5020010B501220A212E4856
:100FB00010F01BF9F0B9212000210DF037FF2B486C
:100FC00083685B682A499847034600B3294A012190
:100FD000294811F049F900220A21234810F005F9A7
:100FE000034600283AD14FF41602002323480DF09F
:100FF0005DFB10BD0346224A01211F4811F034F960
:101000004FF4004200231D480DF050FBF1E71D4B4B
:101010001B881D4C236021461C4810F006F92368EC
:1010200003EB830203EB4203236030B10346184A0B
:101030000121114811F018F9CDE7164A03210E4895
:1010400011F012F9104B1868FFF700FD124B1B68E6
:10105000002BC0D00C4A10689847BCE70F4A01210A
:10106000054811F001F9BEE7608F02009C8F020075
:10107000080600203CA602005C91020038180020FF
:1010800008A602003A400020B035002030A7020038
:1010900054A602007CA60200AC35002094A60200F3
:1010A00038B505461A4816F007FCD0B1194810F0BB
:1010B0004CF80446E8B9184B01225A600C221A7405
:1010C00000225A74154B1D601549164816F04EFF44
:1010D0004FF40031144810F06DF8044680B92046F2
:1010E00038BD124A0121124811F0B4F86FF0120411
:1010F000F5E703460F4A01210D4811F0B5F8EEE778
:1011000003460D4A01210A4811F0AEF8E7E700BF97
:101110009C8F020030A7020008060020AC3500209A
:10112000A90F01003818002028A70200C8A6020055
:101130005C910200E0A6020004A7020008B50022AC
:10114000002303480DF0B2FA002800DB002008BDA0
:1011500038180020014B1868704700BFB0350020D8
:101160002DE9F04F91B005920293134602F004026C
:101170000092C3F3C20310F00302019240F02C82EC
:1011800080468A460133041D00284ED0B8F1000F76
:1011900005D0A4EB08020432524500F22082029AE4
:1011A000551E019A04920692039200264FF0FF3BCF
:1011B0000427B946B8F1000F01D0029A22605A1EE6
:1011C0000792002B40F35E81059B13F0020228D0AA
:1011D0000120A4EB08018B081AB1B1F5007F80F063
:1011E000048203990F2900F20382B8F1000F00F086
:1011F0006181DBB201F140026A4402F8103C02F85E
:1012000020BC002800F0528163F07F0301F140020E
:101210006A4402F8103C049B01330493039B01339E
:1012200003930434002140463DE001F0070A544492
:10123000CAF1080AAAE7002634E0002632E00026B8
:1012400030E00827B9462DE0252B2BD10BF1010BFF
:1012500001260427B94625E0472BEED82A2B14D3C4
:101260002A3BDBB24FF0010C0CFA03F34FF6DA7CA9
:1012700013EA0C0F16D113F0625F40F0C28013F036
:10128000010F40F08D8000260CE0252B03D10BF1DF
:10129000FF3B002606E001D9002603E0202B01D009
:1012A000232BCCD115466A1C6B78002B00F01B81D8
:1012B000002EC9D07A2BBED84C2BCDD34C3B2E2B35
:1012C00062D80FF2080C5CF823F000BFA5120100F1
:1012D000891301008913010089130100891301009A
:1012E000891301008913010089130100891301008A
:1012F000891301008913010089130100991301006A
:101300008913010089130100891301008913010069
:101310008913010089130100891301008913010059
:1013200003140100891301009913010099130100AE
:10133000031401000314010003140100A5120100AD
:10134000991301004312010089130100A512010045
:10135000891301005F140100991301005F1401005B
:101360008913010089130100671401009313010020
:1013700099130100891301008913010099130100D9
:10138000891301008D13010000268BE70427B9465D
:1013900088E70427B94685E72B786C2B25D00026F3
:1013A0003C44013CB4FBF7F407FB04F4254620B1B0
:1013B000231A4B44534500F21581002958D1B9F145
:1013C000040F00F08880B9F1080F40F014811A9BD7
:1013D000073323F0070303F108051A9593ED007B0B
:1013E00008B184ED007B08345CE712F8023C6C2BFA
:1013F00003D000260427B946D2E700260827B946BD
:10140000CEE72B784C2B1AD01A9B073323F0070317
:1014100003F108061A96D3E90067073424F007049D
:1014200040B1231A0833534513D82B784C2B13D0D3
:10143000C4E90067083400260827B94632E71A9B3A
:10144000073323F0070303F108061A96D3E9006770
:10145000E3E76FF01B00BCE0C4E90067EAE70026A1
:101460000427B9469CE7314600260427B94697E78A
:101470002C4680461A9B191D1A911B680293079BE4
:10148000154697E6624B029A9A4204D3614B9A4200
:101490000AD3002300E00023002B7FF495AE059BC8
:1014A00003F00202002094E60123F5E7069B0133D6
:1014B0000693B3E610B10AF1010AAFE6009B13B13F
:1014C0000AF1020AAAE60298FEF71EFC00EB0A03E4
:1014D00003F1020AA2E61A9B1D1D1A951B6800B1B2
:1014E00023600434DEE68046231AB3F5806F80F073
:1014F000858090B1002202609B080370009B83B13D
:10150000069BC370049B88F802301BBB019DDDF86D
:101510000C90DDF810B0029F3DE05344A3F10800A9
:1015200057E0069B4370EDE701339842EED903F193
:1015300040026A4412F8101C12F9102C002AF3DA47
:1015400001F07F01A4EB08020132524559D804F89A
:10155000011BE9E7019B0398E7E7009B43B305F113
:1015600040036B4413F8203C04F8013B019EA4EBBC
:10157000080333440133534546D805F140036B4417
:1015800013F8103C04F8013B32463946204617F068
:1015900055FA34440135A94519D9BBF1000FDCD007
:1015A00005F140036B4413F9103C002BD5DAF1E749
:1015B00005F140036B4413F8103C58F823700022E7
:1015C00048F823203846FEF79FFB461CCFE7A4EBE4
:1015D000080011B0BDE8F08F6FF00D00F9E76FF073
:1015E0001B00F6E76FF01B00F3E76FF01500F0E764
:1015F0006FF01500EDE76FF01500EAE76FF01500EA
:10160000E7E76FF01B00E4E76FF01B00E1E700BFC6
:10161000A48E020080D502002DE9F04F97B000AFF4
:101620008346BA61FB60D7F88030C3F3C0033B62E6
:10163000396111B910F02BF838619BF80260B1469E
:1016400036B1D7F8803013F0010F0DD1002300E040
:1016500000239BF803207A6242B1D7F8802012F071
:10166000020F22D1002202E00123F2E7002202B998
:10167000EBB19BF80050AA00BA60DBF804207A6155
:101680000BEB8505BA69F2B1002B40F00481B9F18A
:10169000000F00F00F81D7F8803013F0040F40F0F6
:1016A0000D810020F8610646F9E00122DFE7BB6901
:1016B0001BB1FA683969584698473C6920465C373F
:1016C000BD46BDE8F08F3C69E3B94D4400233B6162
:1016D00023E00444013501364E451AD22A7800230E
:1016E0005BF822201946B8690FF0E6FFBAF1000F47
:1016F000EFD0D7F888309845EBD22AF8180008F1D7
:101700000108E6E70026C7F81C80B046D7F884A099
:10171000E2E7C7F81080D7F81C80D7F8803003F0D4
:101720000503FB604FF0000AA146C7F81CB09CE01F
:1017300000253B6A7BB9002D79D0D7F8803013F0B3
:10174000010F79D1FB68002B6FD10223A9EB0309AC
:1017500088E00125EDE7594678690FF0F3FF00288E
:10176000E9D06C46002387F82C30022387F82D300F
:101770008AB0694611F1100237D012251AB1042D32
:1017800001DDB14B4B61002387F82830022387F835
:1017900029306ABB112D45DD122362B1042087F880
:1017A0002C00002087F82D0087F82E00012087F8F4
:1017B0002F00F86A08616FF300086FF341086FF3B8
:1017C00082086FF3C508022161F38818C3F30A0386
:1017D00063F353286FF31F58002341469B4800F0E2
:1017E0005FFDA546A9F102093CE06FF00045C5E7A1
:1017F0002B46082D01DD786988610C2B01DDC1F8CD
:101800001CB001F12003002009E000F1300C07F1C9
:10181000280EF4441CF830CC03F801CB0130012829
:10182000F3D9B7E76FF01B03B7E701238EE7D7F8CB
:10183000803013F0020F15D0002322461946B869F4
:101840000FF03AFFD7F8843053B13B69D7F88820BE
:10185000934205D2D7F8842022F8130001333B616C
:10186000013881440AF1010A35467B6A9A4510D253
:101870002E4616F802BB6B78FA6952F82340744B77
:101880009C42FFF455AF734B9C42FFF462AF0025BE
:101890004FE74C4612E707F144000023FB6118B103
:1018A0004A46294617F0CAF84D444FF00008C7F8D9
:1018B00004901EE00020F8610646F0E7FE6107F1A3
:1018C00034000026EBE700253B6A33BB002D3BD0FC
:1018D000D7F8803013F0010F26D0731C06F13002C8
:1018E00007F12801561806F8149CDEB208F1010829
:1018F00025467B6A984549D22C4614F802AB95F8E8
:1019000001905BF82930524A9342DCD3514A93420A
:1019100001D30025D8E70125D6E7514678690FF0B5
:1019200011FF0028D2D0E1E7D7F8803013F0040F80
:10193000DCD0FA69531C303207F128010A4402F85E
:10194000249CDBB2FB61D1E7D7F8803013F0020FA3
:1019500009D0731C06F1300207F12801561806F869
:10196000149CDEB2C2E7F9694B1C01F1300207F1A9
:101970002800024402F824AC8A1CD2B2FA6107F1B2
:10198000580252FA83F303F8249CAFE7D7F8049087
:101990009BF8003087F854309BF80130334487F8C7
:1019A0005530D7F8803013F0020F0ED1FB69C3F326
:1019B000470387F85730D7F8803013F0010F06D16E
:1019C00013F0040F3DD1002302E00023F1E70023D0
:1019D00087F85630DBF800003863786DCBF80000EC
:1019E000D7F80CA05246B9685846BB699847041E00
:1019F000FFF664AE386BCBF800005246F96907F188
:101A00003400BB699847002857DB04EB0008B9682D
:101A10004944786A01EB400152463869411A284628
:101A2000BB699847041EFFF649AE08EB04054FF06A
:101A300000087E62C7F820B0BE69D146D7F884B0EE
:101A40001FE0FB69C4E700BF4CA70200CC91020075
:101A5000A48E020080D502004FF0000A4A46012100
:101A600007F12C00B047002829DB054453462246E5
:101A7000494630460FF020FE002822DB054408F1DD
:101A800001087B6A984511D208F1300307F128025A
:101A9000134413F8143C87F82C303A6A52F8234068
:101AA000BBF1000FD8D03BF818A0D7E7FA680021A7
:101AB0000846BB6998472C4600E60446FEE5044606
:101AC000FCE50446FAE500BF80B505460E4617461C
:101AD00098460DF0D9F9034617F0DAF90446DFF815
:101AE000189049F80030424639463046A84754F825
:101AF000090001F0F3FC00BF080000002DE9F043ED
:101B000083B0044608461546238B13F0080F05D111
:101B100003F0070600230093019354E0012909D044
:101B200043F02003238385F31188BFF36F8F03B045
:101B3000BDE8F08343F010032383F4E7204610F060
:101B400063F942E0D4F814904A466946204610F002
:101B500074F94FF00008238B03F00707B74269D0F0
:101B6000A268002A66D0012243F00803238385F38C
:101B70001188BFF36F8F002A64D1009B2BB14B46B5
:101B80003A466946204610F0D1F9B8F1000F02D06C
:101B900034492046C047EFF31185402383F3128870
:101BA000BFF36F8F238B23F008032383238B13F062
:101BB000100F4DD023F0100323830120268B06F055
:101BC00007060028AFD00228B8D00028ABD00138D3
:101BD00004282BD801A353F820F000BF451B0100B7
:101BE0002D1C0100F11B0100051C0100191C010046
:101BF0002369D3F800800621204610F0DBF84FF06F
:101C00000009A8E72369D3F804800421204610F0D6
:101C1000D1F84FF000099EE72369D3F80880052129
:101C2000204610F0C7F84FF0000994E74FF0000885
:101C3000C14690E7009A0AB1002295E7B8F1000F7B
:101C400092D1B3E74A463946204610F0BBF894E7F4
:101C500013F0200F04D023F0200323830220ADE7EC
:101C60000020ABE75B1F020038B505460B4C00E0D7
:101C700010340B4B9C420FD263685B79002BF7D07A
:101C80002946204610F03EFA0028F1D023681B6850
:101C9000294620469847EBE738BD00BF5C9202001A
:101CA0006C92020070B506460D46084C04E02A46C8
:101CB0003146204698471034054B9C4204D2236895
:101CC0009B69002BF3D1F6E770BD00BF5C92020068
:101CD0006C9202002DE9F041074605460AE007EA4A
:101CE0000807144B03EB06135B68042219682046AF
:101CF00000F0AAFAD5B195FAA5F6B6FA86F60D4C1B
:101D000004EB06140123B3406FEA030825EA030538
:101D1000237B002BEED03301064AD3581B69002BDE
:101D2000DDD0204698470028E4D1D8E73846BDE802
:101D3000F08100BF5C9202002DE9F04180460F4621
:101D4000204BBFF35B8F53E8005F6A1C43E8002120
:101D50000029F8D1BFF35B8F002D2FD11A4C00263C
:101D600007E0636804221968204600F06DFA013626
:101D70001034164B9C4213D2237B002BF7D02368E0
:101D8000DB680BB12046984723681B69002BE8D01D
:101D9000204698470028E4D00123B3401D43E6E7DE
:101DA000B8F1000F0BD055B12846FFF793FF054659
:101DB000002FF8D00A2010F0ABF9F4E700252846F0
:101DC000BDE8F081C83500205C9202006C920200F0
:101DD00008B5064B186018B1054B1B68092B00DCD1
:101DE00008BD04480CF0B8FAFAE700BFBC35002083
:101DF000C43500206808002008B502480CF0ACFA91
:101E000008BD00BF6808002030B589B000220F4926
:101E10000F4816F03EFC0F4D00220023CDE90623AB
:101E2000002404940E2303930294019400940A4B1B
:101E30004FF488620949284616F05FF90849284698
:101E40000CF03CFC204609B030BD00BFF91D01007C
:101E5000681D002068180020A1210100804000209A
:101E600004A80200014B53F82000704720A802008C
:101E700048B108B5054A1060054B1960084600F0E6
:101E800097FC002008BD6FF0150070471C0600206D
:101E9000B835002008B5054B1B781BB1034B012258
:101EA0001A7008BD02480CF057FAF7E746400020C8
:101EB000680800200D4BBFF35B8F53E8001F013112
:101EC00043E80012002AF8D1BFF35B8F00B97047D6
:101ED000074BBFF35B8F53E8001F013943E8001243
:101EE000002AF8D1BFF35B8FF1E700BFC0350020B7
:101EF000C4350020064B00200146BFF35B8F53E83A
:101F0000000F43E80012002AF9D1BFF35B8F70473E
:101F1000C035002038B5FFF7EDFF0546094C00E05D
:101F20001034094B9C420BD263685B79002BF7D0CD
:101F300023685B68002BF3D0294620469847EFE7DB
:101F400038BD00BF5C9202006C920200034B18681F
:101F50000028D4BF00200120704700BFC0350020FA
:101F600010B5044C044920460FF08BFD034B1C6058
:101F700010BD00BFA80700200CA80200B435002047
:101F800008B50023064A1370064A1360064A136018
:101F90004FF400410548FFF76BFFFFF7E1FF08BD75
:101FA00047400020C0350020C43500200921020030
:101FB00008B50146014810F0C1F808BDA807002087
:101FC00008B502480FF03EFE08BD00BFA80700207C
:101FD00008B50146024B186810F0B6F808BD00BFFE
:101FE000B435002008B5024810F0B2F808BD00BFB3
:101FF000A807002010B582B000220023CDE90023FD
:10200000284B187808B902B010BD684610F0B8F82F
:10201000044688B1244BBFF35B8F53E8001F01399E
:1020200043E80012002AF8D1BFF35B8F2046FFF788
:102030001BFE2046FFF7CCFFFFF788FF58B91B4A6D
:102040001368516813F57A7341F100011360516010
:10205000FFF7C8FFD7E716F0ADFA4A0142EAD062AF
:1020600043011B1A62EB0102920042EA93729B0049
:102070001B1842EB0102D20042EA5372C3F3103341
:1020800043EA4243D20B0948016840685B1A62EB9D
:10209000000240F2E9318B4272F10002CFD3FFF728
:1020A00039FFCCE746400020C4350020601D0020E9
:1020B0000F4B1B7803B1704710B500210120FFF7CB
:1020C0003BFE0C4C00E010340B4B9C4208D2636882
:1020D0005B79002BF7D023689B6820469847F2E78E
:1020E000FFF788FF0028FBD1014B01221A7010BDB9
:1020F000474000205C9202006C92020010B582B052
:102100001A4BBFF35B8F53E8002F511C43E80010BC
:102110000028F8D1BFF35B8F154B1B7863B9154BC3
:102120001B68B3B1BAB1092A13D1134816F0BDFA2E
:1021300012480CF011F90CE0EFF31184402383F303
:102140001288BFF36F8FFFF755FF84F31188BFF339
:102150006F8F02B010BD00220023CDE900234FF4A1
:102160000042002304480DF01BF9F2E7C4350020BB
:1021700047400020BC350020681D00206808002072
:1021800010B50446044B1B689847A06021460348DD
:102190000FF0FAFF10BD00BF1C060020A8070020AA
:1021A0002DE9F04100210846FFF7C6FD804650B1F9
:1021B00040F26766002716F06BFE154B1858FFF7C4
:1021C00007FE002515E04FF0FF364FF0FF37F2E72E
:1021D0004046FFF77FFD804670B94FF0FF364FF065
:1021E000FF3709E02C4632463B460A480CF0DCF843
:1021F0002546B8F1000FEBD1FFF7FCFE044600289E
:10220000F6D1002DEED000210846FFF74BFDEAE79E
:1022100008000000680800200248034BC01AC008EC
:10222000704700BF5C9202004C91020010B50C4652
:10223000FFF7F2FFA04203D9024B53F8340010BD60
:102240000020FCE74C91020010B5084BC31A1B118B
:1022500001334468237143689A7143681960436885
:1022600001225A71FFF716FE10BD00BF5C920200FA
:1022700000B589B0059206930023079362B1074A1F
:102280000C9B02930B9B01930A9B009305ABFFF7FA
:10229000C3F909B05DF804FB0022F1E799210200BF
:1022A0002DE9F04F8BB004AF05461E468846C1F3BA
:1022B0004A24002C00F0898091460022FA603A619D
:1022C0007A6104230293FB1801930A23009307F118
:1022D0000C0321464846FFF79FF9B0F5006F58D32D
:1022E000D9F804106D4600233B7302237B738AB038
:1022F00004AC14F1100217D012201AB1042801DD29
:102300003B4B636100233B7002237B70CAB10346E1
:10231000082800DDA1610C2B02DD40F2FF73E361B0
:1023200004F1200300210AE06FF00040E5E701F12D
:1023300018063E4416F8186C03F8016B01310129A8
:10234000F5D9112822DD122342B10421397300216D
:102350007973B9730121F973F868206100216FF373
:1023600000016FF341016FF382016FF3C501022099
:1023700060F38811C3F30A0363F353210023C1F30D
:1023800013011C480FF088FFAD462DE06FF01B03D2
:10239000DAE760F35328C0F30A0A0AEB1850173043
:1023A00020F007008008FFF703FE8346B0B1042346
:1023B0000293FB1801930A230093534600F1100285
:1023C00021464846FFF754FF08E004EB1154173448
:1023D00024F00704A008FFF7EBFD8346334642468E
:1023E000294658460FF0EEFE1C37BD46BDE8F08F7B
:1023F00040A80200F4910200406820B1034BC01ACB
:1024000040F3CF0070474FF0FF3070474C9102000F
:102410000EB400B582B0014603AB53F8042B019310
:10242000034801F0B5FB02B05DF804EB03B0704760
:10243000C323020030B585B011F0440F05D01A4B0C
:102440001C6834B9002005B030BD1849FFF7E0FF23
:10245000F9E7174B1968B2FBF1F1B1FBF4FC154A2F
:10246000A2FB0C32D20A4FF4616E0EFB12CE124B5D
:10247000A3FB0E535B0904FB1C114FF47A7C0CFB8D
:1024800001F1B1FBF4F504FB15110CFB01F1B1FBFB
:10249000F4F102910195C3EB0311AEEB81010091C0
:1024A0000649FFF7B5FFCEE7D035002080A802002F
:1024B000CC350020C5B3A291898888888CA80200F9
:1024C00061B108B52AB1064A52F8232012B9054A6B
:1024D00000E0044A0449FFF79BFF08BD704700BFB6
:1024E0002CA90200A8A80200C8B602002DE9F041FC
:1024F00005461746069EDDF81C8081B900242EB1E2
:10250000324611492846FFF783FF0444B8F1000F13
:1025100014D06FB1099B042B13D00C4909E00C4B6C
:10252000099A53F822200B49FFF772FF0446E6E7A9
:10253000064942462846FFF76BFF04442046BDE8A3
:10254000F0810549F5E700BFC4A80200B4A8020065
:1025500040A90200BCA80200B0A802002DE9F04F7B
:1025600087B005460C46049205939DF84C7001F027
:10257000020B01F0010AC1F3C00801F480790FF0E9
:1025800009FE18B3024616492846FFF741FF0646E2
:10259000BBF1000F1CD13A46514628460FF0D1FE40
:1025A000B9F1000F01D0002311930397129B0293FE
:1025B000119B0193109B00930023049A41462846E7
:1025C000FFF794FF304407B0BDE8F08F0026DFE747
:1025D000059A21462846FFF72DFF0644DBE700BF9A
:1025E000C8A8020011F0100F0BD108B511F0200F90
:1025F00003D00449FFF70CFF08BD0349FFF708FFAC
:10260000FAE7704728AA0200CCA802002DE9F041A1
:1026100005460F46164698460699FFF7E3FF002445
:10262000444505DA24492846FFF7F2FE0134F7E76E
:10263000002409E020492846FFF7EAFE0BE01F4985
:102640002846FFF7E5FE01340F2C0CDC002C02DDE0
:1026500014F0070FEED0B442F1D23A5D1849284683
:10266000FFF7D6FEEFE717492846FFF7D1FE002413
:1026700009E011492846FFF7CBFE0BE01249284636
:10268000FFF7C6FE01340F2C13DC002C02DD14F022
:10269000070FEED0B44207D23A5D0C4B9B5C13F0AF
:1026A000970FEBD12E22E9E703492846FFF7B0FE4A
:1026B000E8E7BDE8F08100BFC0A80200D8A802008A
:1026C000D0A80200DCA80200E0A802006FD402003B
:1026D0002DE9F04184B004469DF82C500C9F0E9ECD
:1026E00095B9012B1ED019484FF0000827B13B4681
:1026F000224617490EF0F6FFC6B905BB20460FF07B
:1027000053FE04B0BDE8F08103950A98029001934E
:1027100000920B4600220F992046FFF71FFF8046CC
:102720000C48E3E70B484FF00008DFE70F9B0093EE
:10273000434632460D9920460FF01BFEDDE72A4640
:102740000F9920460FF009FED8E700BFFB230200D7
:10275000913B0100C323020070B582B004460568B6
:1027600042F20F738B4228BF0B460E4A0521684682
:102770000DF054FA064663685B680B220A49284646
:102780000FF0D0FD63685B683246694628460FF05B
:10279000C9FD63685B681B22044928460FF0C2FD2F
:1027A00002B070BDE8BB020000A90200E4A802006C
:1027B000074B01221A6004E04008054A13685B00D9
:1027C0001360044B9842F7D8034B1860704700BF62
:1027D000CC35002040420F00D0350020034B0122B1
:1027E0001A70034B034A1A60704700BF484000202C
:1027F000FC35002000360020014B19600020704796
:10280000E835002008B518B9074B00221A7008BD3A
:10281000064B1B7823B141F2883015F047F8F6E7F4
:1028200005200FF02CFEF2E7484000204940002030
:1028300038B504460A4B01221A700A4B1B782BB993
:1028400038BD651E2046FFF7DDFF2C4600200BF04B
:102850006BF90028F4D0024B1B78002BF1D1EFE785
:102860004840002049400020F8B506460D460427A0
:102870000DE02A46314600200BF0EEF8044614E045
:102880003846FFF7D5FFDCB9114B1B78C3B1114BAC
:102890001B78002BEDD10BF057F92A46314600206A
:1028A0000BF0DAF804460BF05BF9002CE8D1084B8A
:1028B0001B78002BE7D0013F3846FFF7A3FFE2E784
:1028C00014B9034B1B7803B92C462046F8BD00BF52
:1028D000484000204940002008B5034B01221A70EF
:1028E00002480FF061FD08BD4940002080A90200A8
:1028F00008B50248FFF730FF08BD00BF80A90200FD
:1029000010B50C46044B1868FFF7ACFA03460F22CB
:1029100021460248984710BDE835002080A90200F2
:10292000014B03600020704790A9020008B50548DC
:102930000EF033FF04480EF030FF04480EF02DFF78
:1029400008BD00BF90A90200C8A90200FCA90200AE
:1029500070B48DB006460D460DF1040C2B4C0FCC17
:10296000ACE80F000FCCACE80F0094E807008CE84F
:102970000700002E45D03046002D44D000230FE044
:1029800015F8234005EB83014A78120442EA0462F9
:102990008C7842EA0422C9780A4340F823200133A4
:1029A000032BEDD906E0191F50F821104A4040F8DA
:1029B000232001332B2B20D85A1E50F8222013F04D
:1029C000030FF0D14FEA3262110E114C655CC2F375
:1029D0000741615C090441EA0561C2F30725655DB1
:1029E00041EA0521D2B2A25C114323F00302303246
:1029F0006A4452F82C2C4A40D5E701200DB070BC37
:102A000070470020FAE70020F8E700BFC8920200F4
:102A10002CAA020000284ED070B584B01546064698
:102A200000294AD0002A4AD010230A46194668468F
:102A30000FF03BFD294668460FF051FD002414E0DD
:102A40001DF803101F48415C0DF8031001330F2BD4
:102A5000F6D968460FF084FD68460FF0FBFD01349F
:102A600005EB041168460FF03AFD082C01D800234D
:102A7000EDE7002306E01DF8032012498A5C0DF8FB
:102A8000032001330F2BF6D968460FF069FD611C56
:102A900005EB011168460FF022FD10236A46194626
:102AA00030460FF002FD1022002168460FF00AFDAB
:102AB000012004B070BD002070470020F9E700201D
:102AC000F7E700BF2CAA02002DE9F04F87B000AF56
:102AD0008146D0F800E0D0F804C085686E468AB020
:102AE0006B4613F1100200F0878014218AB108466A
:102AF000042903DDDFF83C82C3F81480082801DDD7
:102B0000C3F818E00C2801DDC3F81CC0102800DD54
:102B10001D62132973DD14253AB105213975002191
:102B20007975B975F9757869186100216FF300013D
:102B30006FF341016FF382016FF3C501012363F36A
:102B40008811C5F30A0565F353216FF31F51002364
:102B50007348FFF7A5FBB546D9F80CE0D9F810C0CB
:102B6000D9F814506E468AB06B4613F1100249D062
:102B700014218AB10846042903DDDFF8BC81C3F8BB
:102B80001480082801DDC3F818E00C2801DDC3F823
:102B90001CC0102800DD1D62132936DD14253AB152
:102BA0000521397500217975B975F975786918614C
:102BB00000216FF300016FF341016FF382016FF3A6
:102BC000C5014FF0010868F38811C5F30A0565F3E4
:102BD00053216FF31F51524D00232846FFF760FB2E
:102BE000B546D9F81C304F4A414628460FF03CFB09
:102BF0004FF0000B5D4633E06FF0004176E76FF079
:102C00001B0589E76FF00041B3E76FF01B05C6E7CE
:102C10006FF0004046E027286BDD28213AB10A20FA
:102C2000387500207875B875F875786918616FF394
:102C300000046FF341046FF382046FF3C5040123B2
:102C400063F38814C1F30A0161F353246FF31F5433
:102C5000002321463248FFF723FBD7F80CD0043578
:102C60000F2D49D805F1080359F823A005F10108F3
:102C700005F1090359F82330BB6005F1020C05F199
:102C80000A0359F823307B6005F1030E05F10B03AD
:102C900059F823B0C7F80CD08EB06B4613F1100270
:102CA000B6D02820002AB6D00146042801DD1E4EE9
:102CB0005E61082900DD9D610C2901DDC3F81CA0BF
:102CC000102901DDC3F82080142901DDBE685E6291
:102CD000182901DDC3F828C01C2901DD7E68DE62E9
:102CE000202901DDC3F830E0242994DDC3F834B095
:102CF00091E76FF01B0191E7D9F86030084C0B4A5F
:102D0000012120460FF0B0FAD9F81830084A012105
:102D100020460FF0A9FA1C37BD46BDE8F08F00BF72
:102D2000349202008CAB02009CAB0200E0AB0200CC
:102D3000F0AB02002CAB02005CAB020038B50446DD
:102D40000D4611B10846FFF7BFFE012C04D02946FD
:102D500020460AF059FF38BDEFF30583103B034AC4
:102D6000012103480FF080FAF1E700BF20AC020018
:102D70003492020030BFFFF7FDBF00BF38B50446F4
:102D8000054D2A46054915F059FE054A00216019EE
:102D900015F062FE38BD00BF00000000B0920200D6
:102DA0000400000070B50646064D074B1D444C1B41
:102DB0002046FFF7E3FF083CC6F8A84005F10800ED
:102DC00070BD00BF0000000004000000074B9B68BE
:102DD00093F90E20002A08DB044A9269934204D03A
:102DE000034A536843F0805353607047F03F00201C
:102DF00000ED00E081690D4B5A6942F480725A611E
:102E0000BFF34F8FBFF36F8F31F8021C5A6922F462
:102E100080725A61BFF34F8FBFF36F8F4DF602730D
:102E2000994201D0002070470120704700ED00E07A
:102E30004FF0000C83F800C002F07F4CBCF17F4FD4
:102E400014D102F00C0CBCF1080F04D012F0080FE2
:102E500009D00846704708B5054A012105480FF01A
:102E6000F9F9002008BD01221A7070470020704750
:102E700034AC02003492020008B52B4A01212B48E1
:102E80000FF0E8F92A4B9B6A13F0007F21D11D2037
:102E9000274B9B6A13F0807F22D1254B9B6A13F44A
:102EA000002F24D1224B9B6A13F4802F26D1204B74
:102EB0009B6A13F4003F28D11D4B9B6A13F4803F9B
:102EC0002AD11B4A936A6FEA03436FEA1343936262
:102ED00008BD184A012115480FF0BCF91E20D7E79C
:102EE000154A012111480FF0B5F91F20D5E7134A03
:102EF00001210E480FF0AEF92120D3E7104A01213D
:102F00000A480FF0A7F92220D1E70E4A012107480D
:102F10000FF0A0F92320CFE70B4A012103480FF05F
:102F200099F92420CDE700BF60AC02003492020082
:102F300000ED00E078AC02008CAC0200A8AC02000E
:102F4000C8AC0200F0AC02000CAD020008B50023D2
:102F50000B70034A012103480FF07CF908BD00BF44
:102F600038AD02003492020090B583B000AF0F2953
:102F700023DC2F4C103900233B7102237B718AB074
:102F8000EC461CF110021AD0122022B1042802DDF6
:102F9000284BCCF8143000233B7002237B70E2B145
:102FA0000346082801DDCCF818400C2B01DDCCF8D5
:102FB0001C100CF1200300210DE01F4CDAE76FF02C
:102FC0000040E2E701F1080404EB070E1EF808ECEC
:102FD00003F801EB01310129F4D9112824DD122372
:102FE0004AB10421397100217971B9710121F97156
:102FF0007868CCF8100000216FF300016FF34101F5
:103000006FF382016FF3C501012060F38811C3F3F0
:103010000A0363F353216FF31F5100230748FFF79F
:103020003FF90C37BD4690BD6FF01B03D8E700BFDA
:103030005CAD020090AD020074AD0200349202005B
:10304000F8B505460F461446374A012137480FF0B8
:1030500001F9374B9B6A13F4805F25D11626344B58
:103060009B6A13F4006F26D1314B9B6A13F4007FE7
:1030700028D12F4B9B6A13F4806F3FD12C4B9B6A56
:1030800013F4807F41D12A4B9B6A13F4005F43D134
:10309000274A936A43F47F439362012128460FF045
:1030A00010FC20703046F8BD224A01211F480FF065
:1030B000D1F81726D3E7204A01211C480FF0CAF89F
:1030C0001826D1E71D4A012118480FF0C3F8184A05
:1030D000936B926A12F4004F01D11926C9E7184A7E
:1030E000012112480FF0C0F837B1114A936A23F456
:1030F000004393621926BCE71926BAE7114A012159
:103100000A480FF0A7F81A26B8E70F4A0121074826
:103110000FF0A0F81B26BBE70C4A012103480FF073
:1031200099F81C26B4E700BFA4AD02003492020057
:1031300000ED00E0BCAD0200D0AD0200E4AD020045
:1031400000AE020018AE020034AE02004CAE020027
:103150002DE9F04104460F461546464A01214648EE
:103160000FF078F8454B9B6A13F0100F3CD11026F6
:10317000424B9B6A13F0080F3DD1404B9B6A13F002
:10318000020F3FD16FF015083C4B9B6A13F0010F03
:1031900058D13A4B9B6A13F0200F5AD1374B9B6A98
:1031A00013F0100F04D1354B9B6A13F0020F04D0BB
:1031B000324B5B6813F4006F52D1304B9B6A13F0B3
:1031C000200F04D02D4A536A23F4005353622B4A34
:1031D000936A43F0FF039362012120460FF071FBD5
:1031E00028703046BDE8F081254A012122480FF0C1
:1031F00031F81126BCE7234A01211F480FF02AF8B5
:103200001226BAE7204A01211B480FF023F81B4B76
:10321000D3F834809B6A13F0800F03D16FF0150848
:103220001326B1E74346194A012113480FF01CF851
:1032300037B1124A936A23F0800393621326A3E7FF
:103240001326A1E7124A01210B480FF003F81426B8
:103250009FE7104A012108480EF0FCFF15269DE764
:103260002146404600F0DEFA0028A6D080F3098807
:103270000226A2E77CAE02003492020000ED00E0DC
:1032800094AE0200D0AD0200C8AE0200E0AE020073
:10329000F8AE02004CAE020070B506460D462B4A51
:1032A00001212B480EF0D6FF00232B70294BDC6A3E
:1032B00014F002040AD1274BDB6A002B0DDB254BEF
:1032C000DC6A14F080440ED1204670BD224A0121F0
:1032D0001F480EF0BFFF0024F6E7204A01211C48DA
:1032E0000EF0B8FFF0E71E4A012119480EF0B2FFB8
:1032F0003046FFF77FFD98B9164B9B6A13F0FF0F1E
:1033000016D1144B9C6A14F47F4418D1114B9B6A5C
:10331000B3F5803FD8D33046FFF7AEFD0446D3E780
:103320003368104A01210A480EF09EFF3468CBE74B
:103330002A4601213046FFF70BFF0446C4E72A4620
:1033400001213046FFF77CFE0446BDE718AF0200BE
:103350003492020000ED00E030AF020054AF0200F2
:1033600064AF020084AF020030B59DB01A4B5C68B8
:10337000C4F30804002383F31188BFF36F8F0DF1AA
:103380006E03FFF755FD05460DF16F0221460FF064
:103390009AFA9DF86F300BB11DB030BD044668221B
:1033A000294601A815F04AFB9DF86E304BB1089BE9
:1033B000C3F308025AB96FEA53236FEA4323089311
:1033C00005E0089B23F4FF7323F00103089301A990
:1033D0002046FFF7B3FCDFE700ED00E0024A536947
:1033E00043F010035361704700ED00E0EFF30880F5
:1033F000EFF3098101B57246FFF7B6FF01BD00BFCB
:10340000002013490870002080F31488BFF36F8FE9
:1034100009F030FD00200F490860BFF34F8F0E48C0
:1034200080F3088800F030F8402080F311880B48C2
:103430004FF40461401880F30988EFF314800221EF
:10344000084380F31488BFF36F8F00F04FF900003A
:103450004E40002094ED00E000680020005A00205B
:10346000084BD3F89000C0F30720002306E0054A7C
:10347000C2F898300021C2F8A01001338342F6DB75
:10348000704700BF00ED00E010B572B6002484F371
:103490001388FFF7E5FF234608E003F120010E4AF9
:1034A0004FF0FF3042F821000133DBB2072BF4D993
:1034B000002308E003F16001074A4FF0FF3042F8B3
:1034C00021000133DBB2072BF4D962B6BFF34F8F73
:1034D000BFF36F8F10BD00BF00E100E008B50A4BDD
:1034E0009B68834202D014F0B4FF08BDEFF305835C
:1034F000002BF8D0054B5A6842F080525A605A6A45
:1035000022F400425A62EEE7F03F002000ED00E0B6
:103510000A4A9368C3F8AC006FF00A01C3F8B01010
:1035200007494B6843F080534B60002383F31188B5
:10353000BFF36F8F9368D3F8B0007047F03F00205F
:1035400000ED00E010B50346134A916881F8F500DC
:10355000EFF31181402181F31288BFF36F8F9069DF
:1035600090600E4A4FF000615160D0F8A8100C4AEC
:10357000116023F0FF0390F8F52043EA0204D0F82D
:10358000AC300022C0F8AC2083F31188BFF36F8FFA
:1035900000F006FA204610BDF03F002000ED00E0EC
:1035A0001836002019498A6882F8F5E04FF030009B
:1035B0001044EFF3098C80E8F01F1EF0100F03D1C8
:1035C00002F1B40080EC108A74467046FFF7BAFF2F
:1035D000A6460E498A6886461EF0100F03D00023C7
:1035E000E1EE103A03E002F1B40090EC108AEFF340
:1035F000148323F0040383F31488BFF36F8F02F165
:10360000300090E8F01F8CF309887047F03F0020ED
:103610001EF0040F0CBFEFF30880EFF309808169FF
:1036200011F8021C0229FFD001B50FF03EF901BDCF
:10363000002807DB00F01F02400901239340024AE3
:1036400042F82030704700BF00E100E000280CDBAA
:1036500000F01F024009012393402030034A42F842
:103660002030BFF34F8FBFF36F8F704700E100E052
:10367000002808DB4901C9B200F1604000F5614053
:1036800080F80013704700F00F004901C9B2014BE8
:103690001954704714ED00E04209054B53F82220FD
:1036A00000F01F00012303FA00F01040704700BF34
:1036B00000E100E00C4BD3F8882022F47002C3F83C
:1036C0008820D3F8882042F4A002C3F8882003F5AC
:1036D00000734FF040425A63BFF34F8FBFF36F8FB9
:1036E0000023E1EE103A704700ED00E008B5094B09
:1036F00023F07F03084A9360BFF34F8FBFF36F8FB0
:10370000FFF7D8FF0AF02EFC0BF08AFC00F010F94E
:103710000AF088FC0000000000ED00E010B4017B1E
:1037200011F0020F09D0D0F898104031C0F898106D
:10373000D0F89C104039C0F89C10A2F12004154923
:1037400042F8081C21F0010142F8081C42F8203C14
:10375000019B42F81C3C029B42F8183C039B42F838
:10376000143C4FF0807342F8043C04650023C0F819
:10377000AC30C0F8F430FD2380F8F530037B13F053
:10378000020F03D04FF60853C0F8F4305DF8044B35
:10379000704700BFC91A0100037B13F0020F1ED14E
:1037A00090F8F53013F0100F19D01D4A536B23F029
:1037B00080435363D0F8F43013F0080F2DD023F07A
:1037C0000803C0F8F430D0F89830403BC0F8983087
:1037D000D0F89C304033C0F89C3040207047104AED
:1037E000536B43F080435363D0F8F43013F0080F69
:1037F0000DD143F00803C0F8F430D0F898304033CE
:10380000C0F89830D0F89C30403BC0F89C30037B27
:1038100043F002030373802070474020704700BFCD
:1038200000EF00E0164B9B68FBB1D3F8F42012F0D8
:10383000080F0FD0802210F1160F0DD010B4D3F85E
:103840009840A21A824212D8844214D98C4209D8D4
:1038500000200DE04022EEE7D3F898208A420CD8F1
:1038600000207047D3F8980002E000207047002045
:103870005DF8044B70470020FAE7D3F898007047D2
:10388000F03F0020124B9B6883421BD1EFF305836E
:10389000DBB9EFF31182402383F31288BFF36F8FFC
:1038A000037B23F002030373EFF3148323F0040379
:1038B00083F31488BFF36F8F82F31188BFF36F8F88
:1038C000002070476FF0150070476FF015007047CB
:1038D000F03F002008B505460E4614460FF033F8B9
:1038E0000C4B9D60D5F8A8200B4B1A60284600F0C1
:1038F00057F8A446644686F309884FF00000074B4A
:10390000984720464FF000014FF000024FF00003AF
:10391000034C2047F03F00201836002063290200A6
:10392000C91A0100014B10221A61704700ED00E036
:10393000002206E003F00F030949194440230B76E7
:103940000132262A0ADC53B2002BF3DB03F1604379
:1039500003F56143402183F80013F1E7704700BF8E
:10396000FCEC00E008B5EFF30583103B044A02EBE2
:10397000C301496852F833008847FFF727FA08BDAA
:10398000D88F020008B5034B034A012103480FF00A
:1039900013F908BD0000012000000020A0AF0200C4
:1039A00010B50446FFF7F8FE0346D4F89820121A23
:1039B000044802604360044B836001210FF000F96A
:1039C00010BD00BF1C36002000000B15084AC2F8CD
:1039D00098000B6823F01F03034343F01003C2F861
:1039E0009C308B6843F00103C2F8A030704700BFE1
:1039F00000ED00E010B504460A4BD3F89030C3F355
:103A00000723013B984203D8FFF7E0FF204610BD93
:103A10000346054A012105480EF026FC6FF015000B
:103A2000F5E700BF00ED00E0B0AF02001C9202001D
:103A30002DE9F04780460F469A461646002409E0D5
:103A40002946F0B20EF0C1FF064610F1160F1AD04B
:103A500001360134BC4216DA04EB440508EB850557
:103A60006A68002AF5D0BAF1000FE9D028460EF0B6
:103A70009BFF0028E4D12346044A012104480EF0AC
:103A8000F3FB6FF015063046BDE8F087D8AF0200B3
:103A90001C92020010B5034C01232278FFF7C8FFE7
:103AA000207010BD4A40002008B500230B4A127850
:103AB000FFF7BEFF10F1160F0FD0024606E0084BCD
:103AC000C3F898200021C3F8A0100132044BD3F8AA
:103AD0009030C3F307239342F1DC08BD4A40002035
:103AE00000ED00E0044B0522C3F89420BFF34F8F94
:103AF000BFF36F8F704700BF00ED00E0BFF35F8F33
:103B0000024B0022C3F89420704700BF00ED00E094
:103B100038B51C4B1D681C4BD3F89030C3F30723FA
:103B20009D422BD8FFF7EAFF002409E0154B5B68A4
:103B300004EB440103EB81012046FFF747FF01340A
:103B4000A542F3D8114805700EF05EFF10F1160F74
:103B500013D00E4B1A780C4BD3F89030C3F30723D5
:103B60009A4207DA084BC3F898200021C3F8A01046
:103B70000132F0E7FFF7B6FF002038BD4FF0FF300D
:103B8000FBE700BFFCAF020000ED00E04A40002070
:103B900030B587B00D46114600240094019402947C
:103BA00003940494059402228DF80220044A0192A1
:103BB000049005951A4668460CF0F8F807B030BD39
:103BC000C92B020008B5064921F00701C1F10052D6
:103BD00002F5803203480DF00AFD002008BD00BF49
:103BE000DF870020283600200123044AC2F8403530
:103BF0004FF08042C2F878350020704700E0014065
:103C000030B108B5034B800143F00103984708BD6C
:103C1000704700BF2095020008B5044813F04CFE21
:103C200008B1002008BD6FF01200FBE7748F02009E
:103C3000F0B58BB004460D4616460378032B38D8F2
:103C4000DFE803F002212B311D4B93E803000790BE
:103C5000ADF82010090C8DF8221063792279E178F3
:103C6000A07867780DF11C0CCDF814C00497039070
:103C7000029101920093A379124A314628460BF033
:103C8000CDFF0BB0F0BD104B93E803000790ADF8EB
:103C90002010090C8DF82210DFE70C4A07AB07CA89
:103CA00003C31A80D9E70A4A07AB07CA03C31A80BD
:103CB000D3E7084A0A2107A80BF0B0FFCDE700BF01
:103CC000649B0200749B02006C9B0200989B0200A4
:103CD000A49B0200D4C20200402928BF4021002337
:103CE0008B421CD230B410F803C04FEA1C1C5A009F
:103CF0000D4D15F80CC00D4C04F813C010F803C09E
:103D00000CF00F0C013215F80C50A55401338B4206
:103D1000E9D30648002200F8132030BC704703485E
:103D2000002200F81320704750B0020054360020E3
:103D300010B5034C1E222146FFF77AFF204610BD26
:103D40003436002070B584B002AE0024029403948F
:103D5000084B0293084D284614F001F900960A23F7
:103D60004FF4A86205492846FBF7D6FF204604B069
:103D700070BD00BF64B00200A01D002000450020FF
:103D800008B50146014814F00CF908BDA01D00203B
:103D900010B586468C460378012B18D0022B32D002
:103DA00003B110BD224C0FCCCCF80000CCF80410AD
:103DB000CCF80820CCF80C3023788CF81030BEF802
:103DC00002308CF80D301B0A8CF80E30E9E7184CE5
:103DD0000FCCCCF80000CCF80410CCF80820CCF8BC
:103DE0000C3023788CF81030DEF804308CF80D306D
:103DF000C3F307228CF80E201A0C8CF80F201B0E30
:103E00008CF81030CDE70068DEF80410DEF80820EA
:103E1000DEF80C30CCF80000CCF80410CCF8082008
:103E2000CCF80C309EF810308CF81030B9E700BF99
:103E300070B0020038B50446054811F0DDFC0546B7
:103E400020B101210C3011F05CFD2C76284638BDE4
:103E50007409002010B513280ED091B10B4811F051
:103E6000CBFC044634B1012104F10C0011F049FDF2
:103E700001232376204610BD054811F0BDFC044601
:103E8000F0E70120FFF7D6FF0446F3E7F008002033
:103E9000A009002000238BB170470C4A32F8132090
:103EA00032B940F47042094C24F81320084AD15426
:103EB0000133002BF1D05DF8044B7047034A32F810
:103EC00013200AB10133E6E710B4EAE7DC3600203C
:103ED000D836002040F4704000230BB1002070471A
:103EE000064A32F81320824201D00133F5E7034A33
:103EF000002122F81310024AD05C7047DC36002003
:103F0000D8360020C2685178084B83F87010518869
:103F1000A3F87210117983F87110B2F80710A3F8A2
:103F20007410B2F80520A3F876207047C80200206C
:103F3000C268034BD2F80100D2F8051003C37047E2
:103F4000A003002030B5C46804F1010C094D4134D0
:103F5000AE46DCF80000DCF80410DCF80820DCF8E1
:103F60000C30AEE80F000CF1100C7546A445EFD1F3
:103F700030BD00BF48030020C268034BD2F80100E7
:103F8000D2F8051003C370474003002008B5C0688D
:103F900001300EF0B4FE024BC3E9380108BD00BF8A
:103FA000C8020020032801D902487047024B53F889
:103FB00020007047BCB0020084B90200022807D17B
:103FC000052901D903487047034B53F82100704776
:103FD00000487047BCB002006CB90200032801D948
:103FE00002487047024B53F820007047BCB00200F3
:103FF0005CB90200C3681B788BB9094BBFF35B8FB8
:104000001A68BFF35B8F02F00902BFF35B8F53E8BE
:10401000001F43E800200028F9D1BFF35B8F7047F1
:104020009C03002008B5C368B3F8012091B209B120
:10403000D97801B908BD0548A0F80421D9780A4605
:1040400000F5847013F0FFFDF4E700BFC802002004
:1040500008B5C268084BB3F8043103B108BDB2F823
:1040600001300548A0F8043191880A4600F58470B3
:1040700013F0E9FDF2E700BFC802002030B583B0BD
:10408000054608464FF0000C63451AD902EBCC01F7
:1040900012F83C40AC4208D1038A4A78934207D3D5
:1040A0004B689847002003B030BD0CF1010CEBE7E2
:1040B0000095054A012105480EF0E1F86FF0150062
:1040C000F1E76FF05E00EEE7C4B0020094910200E9
:1040D00008B5C3681B78034A022103480EF0C4F8F0
:1040E00008BD00BFE8B0020094910200012801D091
:1040F0000020704708B50622074B93F86F0003F0C5
:1041000015FB00B108BD05220449034B93F86F006D
:1041100003F00CFBF6E700BFC802002030B002003D
:1041200010B502F0BDFA1030BFF35B8F50E8003FCE
:1041300023F0800340E80032002AF7D1BFF35B8F01
:1041400000210120FFF7D2FF044640B13C23437217
:10415000002102F0E9FF20460FF020FB10BD034ACA
:10416000012103480EF076F8F8E700BF10B1020015
:104170009491020038B5C368B3F801501B7803B1BD
:1041800038BD0F21284603F015F9044648B1002137
:1041900002F0CAFFA378012B0AD020460FF0FEFAE6
:1041A000EEE72B46044A012104480EF05DF8E7E7EC
:1041B00020460FF0F3FAE3E734B1020094910200D5
:1041C00010B5C368B3F801400121204603F0F2F8AE
:1041D00010B10FF0E3FA10BD2346034A0121034852
:1041E0000EF042F8F7E700BF5CB1020094910200C4
:1041F0002DE9F04383B000AFD0F80C9099F800405F
:10420000A3000133018A8B4202D84FF0000899E0E5
:104210006E468AB06D4615F110023BD0142092B163
:104220008446042803DDDFF860E1C5F814E0BCF142
:10423000080F00DDAC61BCF10C0F00DDEB61BCF1DF
:10424000100F00DD2962132827DD14233AB1052160
:10425000397100217971B971F9717868286100218B
:104260006FF300016FF341016FF382016FF3C5013A
:10427000012060F38811C3F30A0363F353216FF342
:104280001F5100233D48FEF70BF8B5460C37BD46DD
:10429000BDE8F0836FF00040C1E76FF01B03D5E786
:1042A000013BE36182F31188BFF36F8F204602F078
:1042B00007FD0AF051F824E0A16182F31188BFF3F1
:1042C0006F8F002B34D0EFF31181402282F31288DC
:1042D000BFF36F8FDA68E2610022DA601A60626A07
:1042E000002A47D01360636281F31188BFF36F8F98
:1042F00004F128000AF0CAF9204602F0E1FC0AF0B5
:104300002BF82E46751EADB2BEB1EFF311824023DD
:1043100083F31288BFF36F8FE369002BC0D1636909
:10432000002BCAD019686161A0698342C5D1C3E777
:10433000134A012111480DF08DFF20460FF02EFA8F
:1043400008F1010899F8003098459FDA09EB8803D5
:10435000B3F80150B3F803600F21284603F02AF8A0
:1043600004460028CED12B46064A012103480DF011
:104370007BFFE5E763622362B6E700BF949102002A
:10438000C8B10200ACB1020080B1020000B97047B0
:104390002DE9F04182B00E4615460746464B0022F5
:1043A000BFF35B8F53E8004F43E800210029F9D1A8
:1043B000BFF35B8FA046002C44D0204611F0F8F9E3
:1043C00000EB40003D4B03EB80035B88BB4240D1D8
:1043D000AC420ED0204611F00AFA0121217604F1F8
:1043E0000C07384611F08DFA2A8AE968384611F030
:1043F00092FA204611F0DCF900EB40002F4B03EB62
:1044000080035B680BB1002E47D0204611F0D0F935
:1044100000EB4000294B03EB80039B68A3B32046CD
:1044200011F0C6F9254D00EB400005F8206020464C
:1044300011F0BEF900EB400005EB8005A86809F01B
:104440008BFF21E03B461E4A01211E480DF00CFF68
:104450001AE0204611F0ACF900EB4000174B03EBDB
:1044600080035B8800933B46174A012115480DF0F5
:1044700006FF114BBFF35B8F53E8008F43E8004208
:10448000002AF9D1BFF35B8FB8F1000F02D040468C
:1044900011F0F3F902B0BDE8F081204611F088F97F
:1044A00000EB4000054B03EB80035B681A7A596808
:1044B00018680EF0D4FCA8E708040020E0360020BD
:1044C000E0B102009491020008B2020038B5C4685D
:1044D000B4F801500121284602F06CFF98B1034660
:1044E0002278BAB11A1DBFF35B8F52E8000F40F477
:1044F000005042E800010029F7D1BFF35B8F184656
:104500000FF04CF938BD2B46074A012107480DF042
:10451000ABFEF7E7D4F80310D4F80720C0F8AD10CD
:10452000C0F8B120DEE700BF5CB102009491020048
:1045300038B5044604210C3011F018FA45782246AB
:1045400001784088FFF722FF05B938BD014809F01E
:1045500003FFFAE7F003002038B5044603210C30CE
:1045600011F004FA0578B0F80100E368197840F614
:104570003542904204D02246FFF708FF3DB938BDCE
:104580000B46054A022105480DF06EFEF7E7044888
:1045900009F0E2FEF3E700BF3CB202009491020092
:1045A000F003002008B501210C3011F0DFF9037889
:1045B000024A012102480DF057FE08BD74B2020004
:1045C000949102002DE9F04182B000AF05460C46FF
:1045D000FFF754FD10F15F0F03D00837BD46BDE86B
:1045E000F081B4F810804146E068FFF775FB6E4635
:1045F00002233B7104237B718AB06C4614F11002D4
:104600001CD04FF0160C62B16346BCF1040F01DD03
:1046100025496161082B00DDA5610C2B01DDC4F883
:104620001C8002233B7004237B70A2B1BCF1100FED
:1046300000DD206204F1240300210AE06FF0004C49
:10464000E1E701F10800384410F8080C03F8010B09
:1046500001310129F5D9BCF1150F22DD162342B134
:104660000521397100217971B9710121F9717868D9
:10467000206100216FF300016FF341016FF38201AC
:104680006FF3C501022060F38811C3F30A0363F3DB
:1046900053216FF31F5100230448FDF701FEB54677
:1046A0009BE76FF01B03DAE798B2020094910200D7
:1046B00038B50446038A012B14D902210C3011F0BD
:1046C00055F9054600780EF035FB10F0020F12D0B8
:1046D0000423114A21462878FFF774FF204611F081
:1046E000CCF838BD0D4A01210D480DF0BDFD204626
:1046F00011F0C3F8F5E740F6FB230A4A0A490B48D4
:104700000DF059F8002383F31188BFF36F8F032353
:10471000184602DFDCE700BFBCB90200BCB20200F1
:1047200094910200D8B202000CB302003CB3020024
:1047300010B5044601210C3011F018F90723034A83
:1047400021460078FFF73EFF10BD00BFDCB9020034
:10475000B0B582B000AF0C46FFF790FC10F15F0FD0
:1047600002D00837BD46B0BD218AE068FFF7B4FA31
:104770006D4600233B7102237B7188B06C4614F1B7
:10478000100214D04FF00E0C22B1BCF1040F01DD69
:10479000224B636100233B7002237B70A2B1BCF10A
:1047A000080F00DDA06104F11C0300210AE06FF096
:1047B000004CE9E701F10800384410F8080C03F850
:1047C000010B01310129F5D9BCF10D0F22DD0E23BA
:1047D00042B10321397100217971B9710121F97157
:1047E0007868206100216FF300016FF341016FF3DE
:1047F00082016FF3C501022060F38811C3F30A033D
:1048000063F353216FF31F5100230548FDF748FD63
:10481000AD46A6E76FF01B03DAE700BF5CB302000A
:104820009491020010B5044601210C3011F09EF85D
:104830000023034A21460078FFF78AFF10BD00BF1E
:1048400014BA020008B50146074810F0DFFF074917
:10485000074813F05EFB031E00DB08BD054A01217B
:1048600005480DF001FDF8E70C0400205C0600206F
:10487000B01F002080B302009491020070B582B096
:104880000446038A032B18D904210C3011F06EF86A
:1048900042880088060BC0F30B006083FF23637619
:1048A000238A934213D00092164A012116480DF034
:1048B000E6FC204610F0E1FF07E0144A012112480F
:1048C0000DF0D2FC204610F0D8FF02B070BD0F21D1
:1048D00002F070FD054658B102F08CFD607632465C
:1048E000214628460EF027FF28460EF057FFECE73A
:1048F000638B074A012104480DF0B6FC204610F0F6
:10490000BCFFE2E7C4B3020094910200A0B302002E
:10491000E8B3020010B5144810F08DFF88B10446CA
:10492000037E012B0ED0032B0FD1FFF7A7FF0F4BF8
:10493000D3F844312BB10E490E4813F0EAFA031EA6
:104940000CDB10BDFFF7B4FEF1E70B4A01210B4869
:104950000DF08AFC204610F090FFE8E7084A01219C
:1049600006480DF081FCECE70C040020C802002092
:104970005C060020B01F00200CB4020094910200DD
:1049800080B302002DE9F84FC5682E88012130461A
:1049900002F010FDA8B30446B5F802801FFA88F3B0
:1049A000EE881FFA86FAAF881FFA87F92D891FFA59
:1049B00085FBA3F11B0292B2E02A29D8AAF11B03BE
:1049C0009BB2E02B2AD8A9F5A4739BB244F24812FB
:1049D00093422AD8ABF5A4739BB244F24812934297
:1049E0002AD8A4F8BC80A4F8BE70A4F8C060A4F8CB
:1049F000C250204602F088FD20460EF0CFFEBDE8F2
:104A0000F88F3346104A012110480DF02DFCF6E7CF
:104A10000F4A02210D480DF027FCCFE753460D4AFF
:104A200002210A480DF020FCCDE74B460A4A02213C
:104A300006480DF019FCCDE75B46084A0221034801
:104A40000DF012FCCDE700BF5CB1020094910200B2
:104A500020B402004CB4020078B40200A0B40200FA
:104A600070B582B0C568B5F801600121304602F02A
:104A7000A1FC38B304462B781A2B2AD02B78002BB4
:104A800045D1B5F80330A4F89E30B5F80530A4F848
:104A9000A430B5F80730A4F8A630231DBFF35B8F10
:104AA00053E8001F21F4807143E80012002AF7D177
:104AB000BFF35B8F204602F0D7FC20460EF06EFE5F
:104AC00002B070BD3346244A012124480DF0CCFBCE
:104AD000F6E7C378012BD1D10A2104300EF0E4F9B6
:104AE0000028CBD1B4F8A030ADF80030B4F8A23033
:104AF000ADF80230B4F8A830ADF80430B4F8AA30FC
:104B0000ADF80630694620460EF0DFFFD5E7261DDA
:104B1000082130460EF024F910B12B78202B0CD050
:104B2000BFF35B8F56E8003F23F4807346E8003202
:104B3000002AF7D1BFF35B8FBCE794F8AC30002BB1
:104B4000EED0013B84F8AC304FF42032002304F166
:104B5000580009F0A3FDADE75CB10200949102009A
:104B600010B50C460A604B609DF808300B7210F0CF
:104B70001FFE00EB4000024B03EB80035C6010BDA6
:104B8000E03600202DE9F843064688464FF0FF3214
:104B90004FF0FF33194810F02FFE044658B300F1D0
:104BA0000C070121384610F0ACFE4FF0000984F8E4
:104BB0001890204610F0FCFD114D00EB400005EB75
:104BC00080004680204610F0F3FD00EB400005EB2E
:104BD0008003C3F80890204610F0EAFD00EB400087
:104BE00005EB8005C5F804900321384610F08DFED2
:104BF000068080F802802046BDE8F883480900203E
:104C0000E0360020F0B589B0074615460C4661B382
:104C100002AE01220021304613F015F8204610F0B4
:104C2000C7FD00EB4000334B03EB80039E60204642
:104C300010F03DFE0146304810F01BFE4FF4A0225C
:104C40000023304609F0B0FB0646B0B9204610F00C
:104C5000AFFD00EB4000274B13F8206016BB002D82
:104C600040D02C60002009B0F0BDFFF78BFF044658
:104C70000028CDD16FF06800F5E740F24D131F4AD0
:104C80001F4920480CF097FD324639461E480CF06B
:104C900092FD002383F31188BFF36F8F032318461F
:104CA00002DFD3E700963B46184A022118480DF070
:104CB000E6FA204610F0E1FD093E092E0FD8DFE8A4
:104CC00006F0050E0E0B160E0E0E0E086FF06E009F
:104CD000C9E76FF01500C6E76FF00C00C3E76FF08F
:104CE0000400C0E7204610F0C8FD0020BBE76FF0CD
:104CF0000B00B8E7E036002014040020D8B2020010
:104D0000C8B402003CB30200D4B4020000B50200F3
:104D10009491020010B582B0224BD3F864319B68A5
:104D200013F0010F0DD101AA002140F60340FFF757
:104D300069FF044668B90198FFF75CF9019810F023
:104D40009CFD01AA002141F20300FFF75BFF04462E
:104D500010B1204602B010BD0198FFF70DF901987F
:104D600010F08BFD01AA002141F20100FFF74AFF7C
:104D700004460028EDD10198FFF7C4F8019810F01F
:104D80007CFD01AA002141F20200FFF73BFF04462F
:104D90000028DED10198FFF7D5F8019810F06DFDDD
:104DA000D7E700BFC802002010B5082142F2010079
:104DB000FFF7E8FE30B3044608210C3010F0A5FDE3
:104DC0000246124B93F8D83013F0020F17D10F2080
:104DD000002113F0200F01D040F040000B4B93F85E
:104DE000D93013F0090F01D040F400600DF076FFC8
:104DF0000022214642F20100FFF704FF10BD2F20E0
:104E00000021E6E76FF06800F8E700BFC802002065
:104E100010B582B0354B93F87C3013F0400F0AD0B8
:104E200001AA002142F20300FFF7ECFE034650B155
:104E3000184602B010BD2E4A01212E480DF00AFA84
:104E40006FF01203F4E70198FFF772F8019810F081
:104E500014FD01AA002142F20200FFF7D3FE03462F
:104E60000028E5D10198FFF7DDF8019810F005FD65
:104E70001E4B1F22A3F8202193F87C3013F0200F43
:104E800018D01A4B93F89C3013F0080F0ED001AADB
:104E9000002142F21C00FFF7B5FE03460028C7D1EF
:104EA0000198FFF773F8019810F0E7FCFFF77CFF1B
:104EB0000346BDE7022140F66D40FFF763FE04465E
:104EC00080B102210C3010F020FD0123037000227C
:104ED0004270214640F66D40FFF794FE03460028DD
:104EE000CFD0A5E76FF06803A2E700BFC80200209B
:104EF0001CB502009491020010B582B00B4BB3F8C0
:104F000004311BB10024204602B010BD01AA0021CB
:104F100041F20500FFF776FE04460028F3D1019820
:104F2000FFF796F8019810F0A8FCECE7C802002003
:104F300010B5082140F60140FFF724FE88B1044671
:104F400008210C3010F0E1FC024607484FF00051F8
:104F50000DF0C4FE0022214640F60140FFF752FE4C
:104F600010BD6FF06800FBE7108800022DE9F041EA
:104F700084B000AF07F10C0200214FF60140FFF7AB
:104F800041FE60BBFB68DC68B4F801603046FFF7A7
:104F900009F86D4600233B7202237B728AB0EC460F
:104FA0001CF1100221D04FF0120E2AB1BEF1040FF5
:104FB00002DDAE4BCCF8143000233B7102237B7131
:104FC00002B37346BEF1080F01DDCCF818000C2BBC
:104FD00001DDCCF81C600CF12003002110E0A44A94
:104FE0000221A4480DF036F91BE16FF0004EDCE71A
:104FF00001F11000384410F80C0C03F8010B0131DA
:105000000129F5D9BEF1110F4FDD12234AB1042158
:10501000397200217972B9720121F972B868CCF83D
:10502000100000216FF300016FF341016FF3820163
:105030006FF3C501032060F38811C3F30A0363F320
:1050400053216FF31F5100238A48FDF729F9AD461C
:10505000B4F803603146B4F80100FEF7AFFF6D46C7
:1050600000233B7202237B728AB0EC461CF11002D3
:105070001ED04FF0120E2AB1BEF1040F02DD7E4B9E
:10508000CCF8143000233B7102237B71EAB17346E4
:10509000BEF1080F01DDCCF818000C2B01DDCCF8B7
:1050A0001C600CF1200300210DE06FF01B03ADE745
:1050B0006FF0004EDFE701F11000384410F80C0CDF
:1050C00003F8010B01310129F5D9BEF1110F5ADDA9
:1050D00012234AB10421397200217972B972012177
:1050E000F972B868CCF8100000216FF300016FF37B
:1050F00041016FF382016FF3C501032060F3881152
:10510000C3F30A0363F353216FF31F51002359487C
:10511000FDF7C6F8AD4666793046FEF75FFF94F8B6
:1051200006E0B4F80710D4F809806D4600233B72FE
:1051300002237B728CB06C4614F1100226D04FF023
:105140001E0C22B1BCF1040F01DD4C4B6361002346
:105150003B7102237B7132B36346BCF1080F00DD63
:10516000A0610C2B00DDE661102B01DDC4F820E00E
:10517000142B00DD6162182B01DDC4F8288004F1D6
:105180002C0300210DE06FF01B03A2E76FF0004C31
:10519000D7E701F11000384410F80C0C03F8010BAC
:1051A00001310129F5D9BCF11D0F3EDD1E2342B1AD
:1051B0000721397200217972B9720121F972B86838
:1051C000206100216FF300016FF341016FF3820151
:1051D0006FF3C501032060F38811C3F30A0363F37F
:1051E00053216FF31F5100232248FDF759F8AD46B4
:1051F000F86810F042FB07F10C0200214FF6024064
:10520000FFF700FDA0B9F868C368B3F801301C4C83
:10521000A4F8C13010F031FB94F8C13013F0040F42
:105220000CD11037BD46BDE8F0816FF01B03BEE71F
:10523000144A02210F480DF00DF8F2E707F10C02B5
:1052400000214FF60340FFF7DDFC40B9F868C36862
:105250005A780B4B83F8C02010F00FFBE1E70A4AA5
:10526000022104480CF0F6FFDBE700BF64B5020042
:1052700040B502009491020080B5020098B502008A
:10528000C8020020C8B50200F4B5020008B5FFF757
:1052900041FD034608B1184608BDFFF7B9FD0346B6
:1052A0000028F8D1114B93F87C3013F0200F0ED06A
:1052B0000E4BB3F8043183B1FFF73AFE03460028E2
:1052C000E9D1FFF753FE01F0A7F80346E3E7FFF744
:1052D00013FE03460028EFD0DDE7054A012105480B
:1052E0000CF0B8FF6FF00403D5E700BFC802002040
:1052F00020B602009491020070B582B006460C46BA
:10530000124B93F99B30002B1DDAC4B12546082CB3
:1053100028BF082501AA002142F21800FFF772FCFD
:10532000034668B9019BD9682A460131304613F01B
:1053300085FB019810F0A1FA2E44641BE5E70023D9
:10534000184602B070BD6FF08503F9E7C80200206F
:10535000837A072B00D0704710B582B004460D2128
:1053600004300DF0FDFC60B9E3782BB1164B93F8D7
:10537000D83013F0080F04D020460DF0AEFD0346E0
:1053800058B9114B93F8D93013F0010F03D02046D0
:105390000DF0CEFC38B102B010BD0C4A01210C4812
:1053A0000CF062FFEDE70021009102231A4620462F
:1053B0000DF0E3FD03460028EDD0064A0121044824
:1053C0000CF052FFE7E700BFC802002044B602001D
:1053D0009491020068B602002DE9F04186B000AF5A
:1053E0000446B0F801603046FEF774FD237853B1EF
:1053F0003C2B05D06C4A02216C480CF035FF32E0A2
:10540000FEF78EFE2FE08046E278012A2FD022465A
:1054100007F1080107F110000DF0DAFC07F10801AF
:10542000E078FEF763FE0546E378012B23D0ADB3A9
:10543000224607F1080128460DF09FFCEB78012B6E
:1054400000F088800721284601F06EFEB8F1000FB9
:1054500040F0A28028460EF0F2F92846FFF778FFC8
:1054600028460EF09BF91837BD46BDE8F081504B39
:1054700093F86F30CBE701F013F900F11003BFF39D
:105480005B8F53E8001F21F0800143E80012002ADF
:10549000F7D1BFF35B8F0DF0EDFFC8E7201DFEF7DE
:1054A00047FC6D4600233B7102237B7188B06C463C
:1054B00014F1100214D04FF00E0C22B1BCF1040F05
:1054C00001DD3C4B636100233B7002237B70A2B182
:1054D000BCF1080F00DDA06104F11C0300210AE00B
:1054E0006FF0004CE9E701F11800384410F8180C8F
:1054F00003F8010B01310129F5D9BCF10D0F26DDAF
:105500000E2342B10321397100217971B971012152
:10551000F9717868206100216FF300016FF3410198
:105520006FF382016FF3C501012060F38811C3F3AB
:105530000A0363F353216FF31F5100231B48FCF749
:10554000AFFEAD46132130460DF0E0FC8BE76FF067
:105550001B03D6E73869C5F88F00BA8ABB7DA5F86A
:10556000932085F8953001F09BF82B7AC3EBC303A9
:105570000F4A9918D358C5F8963088888B79A5F8C2
:105580009A0085F89C30D2F8E43013F0400F3FF4D5
:1055900059AF01F059FA55E785F8098001212846ED
:1055A00001F0C2FD56E700BF80B6020094910200F0
:1055B000C80200209CB6020000B589B0C3681A7802
:1055C0008DF80020B3F80120ADF80120DA788DF8CD
:1055D0000320B3F80B20ADF81720B3F80D20ADF879
:1055E0001920B3F80F20ADF81B205A7C8DF81D2030
:1055F000586801901A899B7AADF808208DF80A3016
:10560000084B1A68CDF80B209B88ADF80F30CDF809
:105610001120ADF8153068460DF0D4FC09B05DF8E6
:1056200004FB00BF48B0020010B58EB08646EC46C1
:105630000C4C0FCCACE80F000FCCACE80F000FCC3B
:10564000ACE80F0094E803008CE80300BEF10D0FF6
:1056500002D905480EB010BD0EAB03EB8E0E5EF8FE
:10566000380CF7E7F4920200BCB002002DE9F041DB
:1056700082B000AFB54BDB79012B31D9DFF8E08286
:10568000B248FEF755FB6D4600233B7102237B7148
:105690000123BB710323FB718AB06E4616F1100221
:1056A00021D04FF0140C22B1BCF1040F01DDA84B46
:1056B000736100233B7002237B7022B1BCF1080FA1
:1056C00001DDC6F818800123BB700323FB70BAB15B
:1056D000BCF10C0F00DDF06106F1200300210DE0AC
:1056E000DFF88082CCE76FF0004CDCE701F10800C6
:1056F000384410F8080C03F8010B01310329F5D9DF
:10570000BCF1130F23DD142342B1042139710021B0
:105710007971B9710221F9717868306100216FF3F4
:1057200000016FF341016FF382016FF3C5010320A4
:1057300060F38811C3F30A0363F353216FF31F511E
:1057400000238448FCF7ACFDAD46012531E06FF045
:105750001B03D9E76FF0004C41E001233B700323AA
:105760007B70002A49D1BCF1110F59DD122342B1DF
:105770000420387100207871B8710120F8717868C0
:1057800008616FF300046FF341046FF382046FF359
:10579000C504032161F38814C3F30A0363F353249C
:1057A0006FF31F54002321466A48FCF779FDB54684
:1057B0000135664BDB79AB4235DDC5EBC500634B8C
:1057C0001844FEF7B5FA6E4601233B7103237B7143
:1057D0008AB0694611F11002BCD04FF0120C002AB9
:1057E000BBD06346BCF1040F03DDDFF87CE1C1F8F8
:1057F00014E0082BB1DD8D61AFE7BCF10C0F00DDCB
:10580000C86101F12003002007E000F1080EBE444A
:105810001EF808EC03F801EB01300128F5D9A2E7E6
:105820006FF01B03A3E7494C94F870804046FFF7E4
:10583000FBFEB4F87210B4F876C06D4600233B71DD
:1058400002237B718CB06C4614F110021DD01A2615
:105850001AB1042E01DD404B636100233B7002232B
:105860007B70FAB13346082E00DDA0610C2B01DD00
:10587000C4F81C80102B00DD2162142B01DDC4F85C
:1058800024C004F1280300210AE06FF00046DFE79E
:1058900001F10800384410F8080C03F8010B01313D
:1058A0000129F5D9192E4BDD1A2342B10621397190
:1058B00000217971B9710121F971786820610021A5
:1058C0006FF300016FF341016FF382016FF3C501C4
:1058D000032060F38811C3F30A0363F353216FF3CA
:1058E0001F5100231B48FCF7DBFCAD46174C94F816
:1058F00071603046FFF798FEB4F8741000233B71D6
:1059000002237B718AB06C4614F110021BD016255D
:105910001AB1042D01DD114B636100233B7002239A
:105920007B706AB32B46082D00DDA0610C2B00DDD7
:10593000E661102B00DD216204F1240300211DE04B
:105940006FF01B03B1E76FF00045E1E7C8020020EC
:10595000BCB6020094910200E0B6020020B702003B
:10596000B8B60200C4A90200CCB6020001F10800DA
:10597000384410F8080C03F8010B01310129F5D95E
:10598000152D24DD162342B10521397100217971CD
:10599000B9710121F9717868206100216FF300016C
:1059A0006FF341016FF382016FF3C501032060F3D0
:1059B0008811C3F30A0363F353216FF31F510023CC
:1059C0000448FCF76DFC0837BD46BDE8F0816FF078
:1059D0001B03D8E79491020008B5034BD3F8643158
:1059E0005B69984708BD00BFC802002038B504466F
:1059F0000D4651B140F635439C420ED029460F4822
:105A00000FF037FF0024204638BDFFF7BBF80546EE
:105A10000028EFD16FF06804F5E72846FFF7DCFFB8
:105A200004460028EFD00346054A012105480CF042
:105A30001BFC28460FF021FFE5E700BF14040020FF
:105A400048B702009491020070B505460C46032148
:105A500042F22100FFF796F860B1064603210C30B0
:105A60000FF053FF05808470314642F22100FFF7AA
:105A7000BDFF70BD024A012102480CF0EBFBF8E7C4
:105A80006CB702009491020030B583B0C3681C88E3
:105A90005A88ADF800209A88ADF80220DA88ADF86F
:105AA00004201B89ADF806300121204601F082FC5C
:105AB00068B10546694601F04BFD98B91E212046A4
:105AC000FFF7C2FF28460DF069FE03B030BD234644
:105AD000074A012107480CF0C7FB02212046FFF7C7
:105AE000B3FFF2E7694620460DF09DFAEAE700BFF2
:105AF0005CB102009491020038B5002200232948CD
:105B00000FF080FE044618B3274D4FF0FF324FF0E0
:105B1000FF33284608F048FCAB696BB1234A0121EA
:105B200023480CF097FBA5F59475D5F840010FF0CC
:105B3000A4FE0023C5F8403120460FF0B8FE1D4BEF
:105B4000C3F840012046FFF747FF034680B938BD40
:105B500040F60A33184A194919480BF02CFE002365
:105B600083F31188BFF36F8F0323184602DFCBE75F
:105B7000144A01210E480CF077FB0B4808F0ECFBAF
:105B800020460FF015FE00EB40000F4B03EB8003A7
:105B900022461F215888FEF7F9FB20460FF06DFEC4
:105BA000D5E700BF14040020F003002088B70200EE
:105BB00094910200C8020020D8B2020084C80200FA
:105BC0003CB3020048B70200E036002038B5044676
:105BD0000D4609E0FFF790FF04E00D4A02210D4851
:105BE0000CF042FB1434013D85B1E368C3F3863306
:105BF000022BF7D9042BF0D1237B002BEAD0012B09
:105C0000F0D12069383801F023FFEBE738BD00BF41
:105C1000A4B702009491020038B514E040F678333E
:105C2000134A144914480BF0C6FD002383F311886E
:105C3000BFF36F8F0323184602DF21460F48FFF79B
:105C4000C5FF09F05FF80D4DEB686FF39433EB601F
:105C500005F1140001F044FA441C4FF0FF324FF0FC
:105C6000FF332146284609F0DBFB0028D6D1E4E7C4
:105C7000D8B20200C8B402003CB3020020060020E3
:105C800070B582B0044600F10C0528460FF07EFE88
:105C9000ADF80400238AADF80630012B1ED902218D
:105CA00028460FF063FE064600780DF043F80546DF
:105CB00010F0010F1BD00523174A21463078FEF75C
:105CC00081FC15F0020F22D06369BDF80420134453
:105CD000E360BDF80630238202B070BD0F4A012197
:105CE0000F480CF0C1FA20460FF0C7FDF4E740F66C
:105CF00056730C4A0C490D480BF05DFD002383F3ED
:105D00001188BFF36F8F0323184602DFD3E72046C5
:105D10000FF0B3FDE0E700BF94B90200BCB202008F
:105D200094910200D8B20200C8B702003CB302004E
:105D300038B50446037E012B05D0032B19D1FEF79D
:105D400081FD002038BDC36818780CF0F3FF0546CC
:105D500010F0010F04D115F0020F05D10020F1E77A
:105D60002046FFF78DFFF6E72046FEF76BFD00208B
:105D7000E8E7054A012105480CF076FA20460FF0C5
:105D80007CFD6FF01500DDE7E4B70200949102009E
:105D90000A4BD3F8643143B9C3684BB1436953B17B
:105DA000064BC3F86401002070476FF0770070471E
:105DB0006FF0150070476FF015007047C8020020A3
:105DC00008B5084BBFF35B8F53E8001F41F0040197
:105DD00043E80012002AF7D1BFF35B8FFFF746FCC0
:105DE00008BD00BF9C03002008B50DF04DF9024B23
:105DF0001B6803B1984708BDF8360020F0B589B09C
:105E00003C4BD3F86431002B5DD005463A4BBFF3D1
:105E10005B8F53E8002F22F0020243E800210029A3
:105E2000F7D1BFF35B8FBFF35B8F53E8002F42F0D6
:105E3000010143E800100028F7D1BFF35B8F12F097
:105E4000010F53D12D4B1D602D4E012211463046BE
:105E500011F0F9FE06F1240011F0CCFE294F0022CA
:105E60000023CDE90623002404946FF00803039374
:105E7000029401940094244B4FF4C862234938469D
:105E800012F03BF92249384608F018FC214F3846F9
:105E900012F065F800946FF007034FF480621E491A
:105EA0003846F9F739FF1D49384608F007FCF36B0F
:105EB000DB689847044670B9A5B1194808F0E6FBBD
:105EC000204609B0F0BD174A012117480CF0C2F96D
:105ED0006FF01204F4E70346144A012112480CF053
:105EE000C3F9EDE70DF0D0F80446E9E76FF0770469
:105EF000E6E700BFC80200209C030020F83600201F
:105F0000F0030020B81E0020195C0100804A002028
:105F100014B80200B01F0020005100201CB802007D
:105F20008C030020F8B702009491020028B8020008
:105F3000BFF35B8F034B1868BFF35B8FC0F3800028
:105F4000704700BF9C03002000487047989D0200E6
:105F500070B50546002401E00134E4B2094BDB7959
:105F6000A3420BD92646C4EBC4010722054B1944B2
:105F7000284612F079FD0028EED101E06FF001060D
:105F8000304670BDC802002038B5044606221949C3
:105F900012F06AFD054608B9284638BD062142F2CE
:105FA0000500FEF7EFFD054600B3062221460C3042
:105FB0000FF0B1FC0022294642F20500FEF722FE56
:105FC000054650B90C4B2268C3F86920A288A3F893
:105FD0006D20012283F86820DEE710F10D0FDBD180
:105FE000064A022106480CF035F9D5E76FF068053E
:105FF000D2E700BF31030020C802002024BA02000B
:106000009C91020070B582B005460E4629B1072268
:106010001849304612F028FDE8B968460CF041FEF8
:10602000044618BB6846FFF793FF0028F5DAC5EB76
:10603000C505114AAB1800985051BDF804009DF8F1
:106040000610988099718EB1525932609A889B7966
:10605000B280B3710AE0C5EBC505074AAB183168D9
:106060005151B188B27999809A710024204602B0CA
:1060700070BD00BF38B00200C80200202DE9F04317
:1060800083B0284B93F8C24014F0010412D00546A7
:106090000E4601AA00214FF60940FEF7B3FD8446E3
:1060A00070B90198D0F80C9099F80140B44228BF1B
:1060B000344628E01C4A02211C480CF0CBF827E0AB
:1060C0001B4A022119480CF0C5F8002420E01621D3
:1060D00001FB0CF16A1809EB0103D3F802E0D3F8D5
:1060E0000680D3F80A70D3F80E6045F801E0C2F8D4
:1060F00004809760D660D3F812E0C2F810E0DB8A23
:1061000093820CF1010C6445E1DC0FF0B6FB1CB18D
:10611000204603B0BDE8F083064A022103480CF094
:1061200099F8F5E7C802002034BA02009C910200F9
:1061300060BA020080BA020070B584B000294BD169
:1061400004460E4620B10722284912F08DFC28BBD8
:10615000274BDB79012B45D0BFF35B8F254B1B68A9
:10616000BFF35B8F13F0010F0BD10023009301935A
:10617000029303933CB307221C49204612F074FC9F
:1061800008B31B4BD879421CDA71054632462146CA
:10619000FFF738FFD0B9284604B070BD2046FFF79E
:1061A000D7FE00281BDA2378012B04D1A37903F052
:1061B000C003C02BCCD0104A012110480CF04AF883
:1061C0006FF01505E7E76FF01505E4E70849CB79AF
:1061D000013BCB710546DEE76FF01505DBE76FF09D
:1061E0007705D8E76FF00B05D5E700BF38B00200A0
:1061F000C80200209C030020ACBA02009C9102005F
:10620000F0B583B0E0B1054601AA002141F20900D2
:10621000FEF7F8FCD8B9019EF7687C1C06221649E7
:10622000204612F021FC28B106221449204612F023
:106230001BFC98B930460FF020FB002003B0F0BDE6
:106240000F4A02210F480CF005F80020F6E70E4A2D
:1062500002210C480BF0FEFF0020EFE7D7F80130D9
:10626000C5F80130A388A5F8053000232B700198EC
:106270000FF003FB0120E1E748B0020040B002004C
:10628000DCBA02009C910200F8BA020000B583B0AB
:106290006846FFF7B5FF064BD87118B9002003B068
:1062A0005DF804FB002269461046FFF7ABFEF6E7F7
:1062B000C802002010B588B0184BDC7924BB01213E
:1062C00002A8FFF7DBFE154BD87101E00134E4B200
:1062D000124BDB799C4216D202AA162304FB03F36D
:1062E000D118D358CDF801308B88ADF80530012393
:1062F0008DF80030002269462046FFF783FE0346F2
:106300000028E3D005E03BB900210846FFF714FF61
:106310000346184608B010BD0023FAE7C802002063
:10632000002865D0F8B50C4617461D460346002DDB
:1063300061D0067811F4002F10D011F0040F05D1B0
:106340000CF0CAFE08B901232B70F8BD2F4A0121B9
:106350002F480BF07FFF6FF01500F6E711F0010FEB
:1063600029D042B111F0200F05D02A4A92F8D82046
:1063700012F0400F42D0C6EBC60226498A5C012AC1
:106380000ED0C6EBC606234B9B5D2B70002F38D07A
:1063900014F0200F37D043F002032B700020D4E715
:1063A000C6EBC6011B4A1144013118460CF087FEAA
:1063B0000028E6D0C9E711F0040F14D0C6EBC602DE
:1063C00014498A5C012A06D00020C6EBC606114B90
:1063D0009B5D2B70B9E7C6EBC6010E4A1144013133
:1063E0000CF06DFEF1E70CF077FE01232B70ACE7AB
:1063F0006FF0150070476FF01500A6E76FF085008D
:10640000A3E70020A1E700209FE700BF18BB020020
:106410009C910200C802002010B5154BDB792BB10E
:10642000134BDB796BB10024204610BDFFF72EFF24
:1064300004460028F4D00F4A01210F480BF00AFF50
:10644000F2E7FFF737FF044658B90C48FFF79CFD09
:1064500004460028E8D00A4A012107480BF0FAFE5A
:10646000E2E7044A012104480BF0F4FEDCE700BF38
:10647000C802002038BB02009C910200C902002023
:1064800058BB020000487047E00200202DE9F04FA1
:1064900083B00646884615469A464FF0000B5B4689
:1064A000D34544D205EBCB0955F83B700024CDF819
:1064B00000B001951DE0204A012120480BF0CAFEE2
:1064C0006FF0150003B0BDE8F08F5FFA82FB591C36
:1064D000C9B20BF1010E06F805E09D1CEDB2705437
:1064E000DCF80410701912F0A9FAAB445FFA8BF3D0
:1064F0000134D9F80420944213D207EBC40C9CF861
:10650000012017F834001D46991802314145DCD9A5
:106510009A1CA8EB02020928CDD1002ACBDD082065
:10652000D3E7DDF800B0019D0BF1010BB8E70C9A41
:1065300013700020C6E700BF80BB02006C91020010
:1065400010B504460078214BDB79984230D2C0EB7D
:10655000C00007221E491D4B184412F085FA48B3AB
:10656000636813F0010F07D1184A92F87020082AC7
:1065700002D8A2689F2A1FD913F0300F01D02269D8
:10658000E2B113F0100F08D1226932B103F4603385
:10659000B3F5603F18D001200BE0A268E1688A42A1
:1065A0000ED81F2A0ED9B1F5804FEFD9002000E098
:1065B000002010BD0020FCE70020FAE70020F8E7EB
:1065C0000020F6E70020F4E70020F2E7C8020020F0
:1065D00038B002002DE9F04105468846044614F81B
:1065E000096B194B83F86F6007221849204612F097
:1065F0003BFA70B90746164930460DF02AF90446B1
:10660000C8B1052100F090FDC8F800403846BDE84B
:10661000F0812146304601F001F878B9214628780A
:106620000DF017F9044660B1062100F07DFDC8F8B1
:1066300000400027EAE76FF00B07E7E76FF0150768
:10664000E4E76FF00B07E1E7C802002038B0020072
:1066500030B0020070B504460D4600F1090607226D
:106660000D49304612F000FA78B905220B4920781E
:1066700001F05CF804463CB165720021204600F050
:1066800053FD20460DF08AF870BD06223146207871
:1066900001F04CF80446EEE738B0020030B00200DA
:1066A00000487047E00200202DE9F04F8DB00592C0
:1066B0009846002307930E69B6EB030B18BF4FF003
:1066C000010BBFF35B8FA14B1B68BFF35B8F13F014
:1066D000040F00F0298105460C4608460CF038FEF0
:1066E000002800F0248120460CF00FFD824600288F
:1066F00000F0208105F11007072138460CF03BFD22
:106700000490002840F019810023089309930A930C
:10671000CDF82B30A368ADF82030E368ADF8223017
:10672000D4F8049048460CF014FD8DF82D0048462E
:106730000CF00DFD8DF82E00844BBFF35B8F53E8FA
:10674000002F22F4005243E800210029F7D1BFF3C3
:106750005B8F22782A7003F8652C0DF125035A46C9
:1067600061682846FFF7DCFD8146002840F0C180C3
:1067700026B323691A68C5F809209A889B79A5F879
:106780000D20EB7320460CF035FE8346636813F052
:10679000010F25D006B313F0100F19D004238DF884
:1067A000243023691A68CDF826209A889B79ADF8A1
:1067B0002A208DF82C30DDF810A019E0644B1A68FF
:1067C000C5F809209A889B79A5F80D20EB73D9E7C5
:1067D00001238DF82430E4E700238DF8243007E00E
:1067E00013F4007F01D1169B53B302238DF824309C
:1067F0000F2142F20600FEF7C5F98146002800F09D
:106800009F800F2208A90C300FF085F8002249461E
:1068100042F20600FEF7F6F98146002869D1BEB1C2
:10682000636813F0010F2BD007A92846FFF7D2FEAB
:1068300030B310F10C0F40F08680DEB1814658E095
:106840000228D2D003238DF82430DDF810A0CFE742
:10685000CDF80CB0CDF808A000230193179B00934E
:10686000169B4246059928460CF0E7FC0028D7D035
:1068700081463EE0626812F0020F0CD0814638E09B
:10688000012128460CF0F2FD0546002835D1079875
:1068900008B10CF083FF002E3ED04A4602F0010200
:1068A0000E2138460CF065FDBBF1010F14BF00222C
:1068B0000122082138460CF05CFDBBF1020F14BF29
:1068C00000220122092138460CF053FD626802F0D3
:1068D00001020A2138460CF04CFD52460B21384685
:1068E0000CF047FD6268C2F380020D2138460CF0BF
:1068F00040FD48460DB0BDE8F08F164A012116480C
:106900000BF0A8FC079828B1002100F00DFC0798B7
:106910000CF044FFA946ECE7636813F0020F01D0C6
:106920004A46BBE70122B9E76FF00A09E1E76FF0D9
:106930001509DEE76FF01509DBE76FF07709D8E797
:106940006FF06809D5E78146D3E700BF9C030020BC
:1069500038B002009CBB02006C9102002DE9F041AE
:1069600082B006460C4615461F46FFF78BFDF8B170
:106970008046089B019300972B4622463146FFF73D
:1069800093FE0646294620460CF0C2FB18B9304655
:1069900002B0BDE8F08108F118080749404611F03F
:1069A000E5FA4FF470220023404607F07FFEEEE741
:1069B0006FF00B06EBE700BF296A010038B5FFF75F
:1069C0006FFEB8B105460CF055FD05F11004BFF39C
:1069D0005B8F54E8003F23F4804344E80032002AF0
:1069E000F7D1BFF35B8F072120460CF0C4FB40B901
:1069F000002038BD0A4A01210A480BF02BFC002078
:106A0000F7E70A2120460CF0B6FB20B90021284602
:106A10000CF004FDEDE700212846FFF71BFEF5E72B
:106A2000B8BB02006C91020008B5FFF7C7FF00B9C0
:106A300008BD0346024A022102480BF015FCF7E7A5
:106A4000CCBB02006C910200F0B583B0FFF728FECA
:106A500038B1044600F110050E2128460CF08BFBDE
:106A600008B903B0F0BD072128460CF084FB0646A8
:106A70000028F6D10A2128460CF07DFB0028F0D032
:106A800001A92046FFF7A6FD0028EAD107221D49EB
:106A900004F1090011F0E8FF071E18BF0127204686
:106AA0000CF076FB01460DF103033A462046FFF752
:106AB00037FC0346B0B9012120460CF0D7FCB8B929
:106AC00001980CF06BFE002ECBD0BFF35B8F55E826
:106AD000003F43F4804345E80032002AF7D1BFF37A
:106AE0005B8FBEE7084A012108480BF0BDFBB8E701
:106AF0000021019800F018FB0E2128460CF05EFCE6
:106B00000646DDE738B00200ECBB02006C910200E3
:106B1000082816D8DFE800F0051707090B0D0F113C
:106B200013000A4870470A4870470A4870470A48E5
:106B300070470A4870470A4870470A4870470A4831
:106B400070470A4870470A48704700BF2CBC0200D3
:106B50005CBC020050BC020068BC020080BC0200A9
:106B600090BC02004CC10200A4BC0200B4BC0200F4
:106B70003CBC020010B50B4B1C6801E09847A469AF
:106B80001CB1A368002BF9D1F9E7074C00E01C34D5
:106B9000064B9C4204D2A368002BF8D09847F6E736
:106BA00010BD00BF2C370020349102003491020048
:106BB00038B505460C4B1C6803E0697A28469847AF
:106BC000A4691CB12368002BF7D1F9E7074C00E05A
:106BD0001C34074B9C4206D22368002BF8D0697AFC
:106BE00028469847F4E738BD2C370020349102003E
:106BF0003491020038B505460C4B1C6803E0697AF5
:106C000028469847A4691CB16368002BF7D1F9E7BF
:106C1000074C00E01C34074B9C4206D26368002BF3
:106C2000F8D0697A28469847F4E738BD2C37002019
:106C3000349102003491020008B5014600234360FC
:106C40008360C360014810F0E1FF08BD80080020A8
:106C500010B58AB0044612F01BF9094B1A58094BBB
:106C60009A4209D02834204607F010FD6946204694
:106C700011F059F90AB010BD20460CF036FCF9E7C6
:106C8000080000005831002008B512F001F9094B46
:106C90001A58094B9A4207D04FF0FF324FF0FF339A
:106CA000064807F01FFB08BD00220023034807F039
:106CB00019FBF8E708000000583100208008002088
:106CC000034BB3F804310BB1024870470020704702
:106CD000C8020020D00300202DE9F04104460D46F3
:106CE0008E69EFF31183402181F31288BFF36F8F18
:106CF000A6B10021316087696FB13E6086610027CF
:106D000083F31188BFF36F8F294620460CF04AFCAD
:106D100070B9BDE8F08186614661F1E7876927B106
:106D20000C37396801313960EAE700F11C07F8E7F0
:106D30000346164A012116480BF096FAEFF3118824
:106D4000402383F31288BFF36F8FBEB1314604F145
:106D500014000CF0A7FB88F31188BFF36F8F204657
:106D6000FFF7AEFF07F0F8FA66B10023AB613146DA
:106D700020460CF0E1FB6FF00400CAE73B68013BE2
:106D80003B60E8E76FF00400C3E700BF48B70200CC
:106D90007C9102002DE9F84306460D4614461F4635
:106DA000FFF78EFF0022002307F0FEFA08BBB37A3C
:106DB000072B2FD134B3194BB3F8048104F10C091C
:106DC00048460EF0E7FD404516D9144BB3F8048150
:106DD000424655F80C1F48460EF09DFD4146284698
:106DE0000EF0BCFD3A4621463046FFF775FFBDE880
:106DF000F8836FF06800FAE748460EF0CBFD1FFA03
:106E000080F8E5E70022002306F138000EF0FAFCD6
:106E10000446E7E76FF07F00E9E700BFC802002003
:106E200038B500238B4228D2C82404FB030404F1A4
:106E3000C4024FF0010CBFF35B8F52E800EFBEF1CC
:106E4000000F03D142E800C5002DF6D1BFF35B8FE0
:106E500011D174B1C4220021204611F0FDFD084972
:106E600004F1580011F082F8064904F1280010F0EE
:106E7000F5FF204638BD6344D4E70024E9E700BFAE
:106E8000C17801002F35020008B501210148FFF744
:106E9000C7FF08BDC820002070B582B004460D466B
:106EA000012A21D0022A52D103693BB1344A01217F
:106EB00034480BF0CFF920460CF0D5FB2561216951
:106EC0000B8A012B4FD9CA685078127842EA002207
:106ED000043292B29A4246D847D30023236101225A
:106EE000204600F05BFF3EE0006980B10E8AD6B11B
:106EF0000C300EF04FFD864219D820692A8AE968C5
:106F00000C300EF008FD28460EF0B7FCD7E71E4AFD
:106F100001211C480BF09EF920460CF0A4FB2846EA
:106F20000EF0ABFC1FE008460EF0A7FC1BE0174A72
:106F3000012114480BF08EF900222169204600F04F
:106F40002DFF0023236128460EF097FC0BE013462B
:106F50000F4A01210B480BF087F920460CF083FB08
:106F600028460EF08AFC02B070BD0092094A012149
:106F700004480BF084F920460CF075FBF3E700BFE2
:106F8000C0BC02007C910200E0BC020000BD020017
:106F900028BD020048BD02002DE9F04383B000AFD8
:106FA00005460C461E46097A91462AB302239942A9
:106FB00024DCE37A072B29D9AB7A072B6CD1B9F102
:106FC000000F7CD0FFF760FE804600287AD0AB7AB5
:106FD000072B69D1C0F8049086600023C360A061CC
:106FE00000262677214605F138000EF042FC304697
:106FF0000C37BD46BDE8F0830123D8E7334A0121B1
:1070000033480BF027F96FF01500F1E7A67A6C46CC
:107010008AB0694611F1100238D0142082B10546B9
:10702000042803DDDFF8B4C0C1F814C0082D00DD6A
:107030008B610C2D01DD0823CB61102D00DD0E626C
:10704000132826DD14233AB1052038710020787109
:10705000B871F8717868086100216FF300016FF36F
:1070600041016FF382016FF3C501012060F38811C4
:10707000C3F30A0363F353216FF31F510023144832
:10708000FBF70EF9A5466FF01500B1E76FF0004071
:10709000C4E76FF01B03D6E70E4A01210C480BF042
:1070A000D9F86FF07F00A3E70B4A022108480BF0E4
:1070B000D1F84046FFF7C0FD6FF07F0098E700234E
:1070C000A3618DE76FF0680092E700BF64BD020026
:1070D0007C910200B8BD0200C8BD020088BD02005C
:1070E00070B506460E4C204611F09AFC234600224D
:1070F0000121304611F061FC012500240CB1284625
:1071000070BD05EB850106EB8101C820054B00FB36
:1071100004300CF0D2FA00B901350134EEE700BFBB
:107120006C060020C8200020F0B583B000AF0D46EB
:10713000867A8E4210D00446817216B98378082B65
:1071400060D1A37A082B00F22281DFE803F07EDF12
:1071500055555555555E55000846FFF7D9FC6D4607
:1071600000233B7102237B7188B06C4614F110023E
:1071700011D00E261AB1042E01DD884B6361002365
:107180003B7002237B709AB1082E00DDA06104F1F0
:107190001C0300210AE06FF00046EBE701F1080054
:1071A000384410F8080C03F8010B01310129F5D916
:1071B0000D2E24DD0E2342B1032139710021797196
:1071C000B9710121F9717868206100216FF3000124
:1071D0006FF341016FF382016FF3C501022060F389
:1071E0008811C3F30A0363F353216FF31F51002384
:1071F0006B48FBF755F8AD460C37BD46F0BD6FF058
:107200001B03D8E70CF0A3FA9BE7A378042BF3D079
:1072100004F1380010F0EEFC0021624808F05CF93F
:10722000002323656365E378012BE5D1A378012B67
:1072300007D04FF42032002304F1580007F02EFA53
:10724000DAE7032384F8AC30F3E7A378042B08D003
:10725000082ED1D8DFE806F053092D374B4F4153A4
:10726000530020460CF09AFAC6E72046FFF7F0FCE0
:10727000A378012B11D00434BFF35B8F54E8003F97
:1072800043F0400344E80032002AF7D1BFF35B8F9C
:107290000021444808F020F9AEE704F158052846DB
:1072A00010F070FE10F00C0FE5D0284610F0AEFE86
:1072B000E1E7637A1BB920460CF070FA9CE72046A0
:1072C000FFF776FCF7E7637A1BB920460CF066FA05
:1072D00092E72046FFF76CFCF7E7637A1BB920467C
:1072E0000CF05CFA88E72046FFF762FCF7E72046DF
:1072F0000CF054FA80E720460CF050FA7CE72B465D
:10730000294A022126480AF0AFFF75E7637A3E2B2F
:1073100003D020460CF067F96EE76E4688B06B46E6
:1073200013F110022DD00C213AB10846042901DDD9
:107330001E4D5D61082800DD9C610B2924DD0C25B4
:107340003AB10321397100217971B971F971786805
:10735000186100216FF300016FF341016FF38201A7
:107360006FF3C501022363F38811C5F30A0363F3C6
:1073700053216FF31F5100230948FAF791FFB546D7
:10738000C7E76FF00041CFE76FF01B05D8E72B464A
:10739000074A022102480AF067FF2DE7F0BD02000C
:1073A0007C9102006C06002004BE02001CBE02009C
:1073B00044BE020070B504460D46024601210A484B
:1073C0000CF012FA064610B183782B4201D03046F9
:1073D00070BD2346054A022105480AF045FF3046A4
:1073E0000CF0DCF90026F2E7C820002060BE0200A5
:1073F0007C910200034BC01AC010034B03FB00F04A
:10740000C0B27047C8200020295C8FC238B504463E
:107410000D4653EA020106D011F03AFD0D49085815
:107420000D4988420BD06CB120460EF0E5F90446B8
:1074300050B1691D0C300EF064FA204638BD0022B0
:107440001346F0E7054CEFE7054A022105480AF02C
:1074500001FFF2E7080000005831002098080020E2
:1074600078BE02007C91020070B50446051D09211A
:1074700028460CF08AF878B1B4F89E30B4F8A02011
:10748000934209D3B4F8A220934205D8D4F8A4209B
:10749000D4F8A8309A4202D0184B1D6815E0BFF30B
:1074A0005B8F55E8003F23F4007345E80032002A63
:1074B000F7D1BFF35B8FEFE7B4F8A630B4F8A420A0
:1074C000B4F89E102046B047AD691DB12E69002E5C
:1074D000F2D1F9E70A4D00E01C350A4B9D420BD270
:1074E0002E69002EF8D0B4F8A630B4F8A420B4F871
:1074F0009E102046B047EFE770BD00BF2C3700203C
:10750000349102003491020038B505460D4B1C68D9
:1075100004E005F1BC0128469847A4691CB16369E1
:10752000002BF6D1F9E7084C00E01C34074B9C42D5
:1075300007D26369002BF8D005F1BC0128469847B3
:10754000F3E738BD2C37002034910200349102005B
:10755000F8B506460D4608460BF03DFD074638B324
:10756000154B1C6800E0A4696CB1E368002BFAD0ED
:10757000294630469847D0B128460BF02CFD00280C
:10758000F1D1074614E00D4C00E01C340C4B9C423A
:107590000ED2E368002BF8D029463046984748B110
:1075A00028460BF018FD0028EFD1074600E00746FB
:1075B0003846F8BD0746FBE72C370020349102001F
:1075C00034910200024B1A6882611860704700BF54
:1075D0002C370020F8B507460E46002414B10025CC
:1075E0002846F8BDC8200C4B00FB04300CF0AFF867
:1075F000054670B18378012B09D1324639460CF02B
:1076000043F90028ECD128460CF0C8F801E00CF052
:10761000C5F80134E2E700BFC8200020F0B583B010
:1076200000AF0C46FFF7D6FF18B900200C37BD4657
:10763000F0BD05462046FCF77BFB0646A87AFFF71F
:1076400067FA03466C4601223A7103227A710222DC
:10765000BA710422FA718AB0EC461CF1100225D0EE
:107660004FF0180E52B17146BEF1040F02DD2D48E5
:10767000CCF81400082901DDCCF81850012139702C
:107680000321797022B1BEF10C0F01DDCCF81C6032
:107690000221B9700421F970AAB1BEF1100F01DD09
:1076A000CCF820300CF1240300210AE06FF0004EEA
:1076B000D8E701F10800384410F8080C03F8010B72
:1076C00001310329F5D9BEF1170F27DD18234AB17F
:1076D0000521397100217971B9710221F971786838
:1076E000CCF8100000216FF300016FF341016FF33C
:1076F00082016FF3C501022060F38811C3F30A030E
:1077000063F353216FF31F5100230748FAF7C8FDB5
:10771000A54628460CF042F8012087E76FF01B03CE
:10772000D5E700BFA4BE02007C9102002DE9F04124
:1077300080460F46164600251DB100242046BDE8B0
:10774000F081C820104B00FB05300CF000F8044617
:1077500088B18378012B10D127B13A4641460CF00D
:1077600093F868B1A37AB34202D1237A4345E5D0B6
:1077700020460CF013F80135DEE70CF00FF8FAE7BD
:1077800020460CF00BF8F6E7C820002070B5044640
:107790000D4683780B70C3784B70037A8B70807AB8
:1077A0000BF090FE85F82000002685F82360204627
:1077B0000CF04DF885F8210085F82260A378012BA4
:1077C0003CD104F18803AB60237AC3EBC3031F4AA7
:1077D00013446B60E37853BB04F18F03EB6004F157
:1077E00096032B61B4F89E30AB82B4F8A430EB82E0
:1077F000B4F8A6302B8304F1BC03EB61D4F8B830A5
:1078000033B15B7B13F0100F02D0012385F82330D6
:10781000D4F8B830ABB15B7B13F0200F13D095F8E0
:10782000233043F0020385F8233000200CE004F1FC
:107830009603EB6004F18F032B61D3E76FF0150023
:1078400002E0002000E0002070BD00BFC802002060
:1078500038B504460D4608460BF0BDFB50B3174B38
:1078600093F8D83013F0020F04D094F8AD3013F031
:10787000020F13D1E378C3B9294620460CF040F833
:10788000B8B92B88A4F8A0306B88A4F8A230AB88D4
:10789000A4F8A830EB88A4F8AA300AE00A21201D39
:1078A0000BF073FE0028E5D1E6E7294620460CF0F0
:1078B0000CF938BD6FF01500FBE700BFC8020020CF
:1078C00070B584B0A0F1580510F84E3CE3B30446FF
:1078D00010F8563C012B35D1A0F154060921304651
:1078E0000BF037FE00283FD0B4F84830ADF8003038
:1078F000B4F84A30ADF80230B4F85030ADF8043086
:10790000B4F85230ADF8063069462846FFF7A0FFBC
:10791000034618BBBFF35B8F56E8003F23F4807328
:1079200046E80032002AF7D1BFF35B8FBFF35B8FCD
:1079300056E8003F43F0800346E80032002AF7D1C2
:10794000BFF35B8F04B070BD28460CF045F82846A5
:10795000FFF750F928460BF021FFF3E7124A022106
:1079600012480AF081FCE1E7114A02AB92E80300F9
:1079700083E8030019462846FFF76AFF034660B90B
:10798000BFF35B8F56E8003F43F4807346E8003254
:10799000002AF7D1BFF35B8FC8E7064A02210348EC
:1079A0000AF062FCC2E700BFE0BE02007C91020068
:1079B0002C93020008BF020008B501460148FFF7FA
:1079C00025FD08BD1C0900202DE9F04105460C46A7
:1079D0000A8A1E4BB3F804319A4201D80B7FC3B117
:1079E000237F0BBB0026228A184BB3F804319A423E
:1079F0001CD9214628460BF0A9FF074610B3334691
:107A0000024621462846FFF7C5F9804638B90126C7
:107A1000E9E702230022FFF7BDF980460FE0267751
:107A200038460DF02AFF0AE00126DCE70123237720
:107A30000323002221462846FFF7ACF98046404642
:107A4000BDE8F0816FF00B08F9E700BFC802002025
:107A500070B50446837A23B9062104300BF079FD12
:107A6000A8B904F1380010F0E8F8054698B12846A6
:107A70000DF01DFF054601462046FFF7A5FF06460F
:107A800028460DF0FAFE16F1050F14D070BD204601
:107A90000BF0F2FDFAE74FF477730D4A0D490E48EB
:107AA00009F089FE002383F31188BFF36F8F03234E
:107AB000184602DFDBE7AE690023AB6128460DF014
:107AC000DCFE002EE2D0314620460BF035FDDDE72E
:107AD00034BF020084C802003CB3020010B50C4859
:107AE00010F088F8002406E00A4901EB0411084868
:107AF00010F08CF80134022CF6D90CF0FFFD0DF0DB
:107B000016FE044608B1204610BD0BF0FEFFFAE752
:107B100080080020FC36002005490A78531CDBB29F
:107B20000B700BB902320A70014B1878704700BF16
:107B30004B40002008B50B8A012B00D908BD034A31
:107B4000012103480AF086FBF8E700BF8CBF020062
:107B5000A4910200F0B583B000AF05460020C0B389
:107B60006C4688B06B4613F1100243D00C213AB139
:107B70000846042901DD224E5E61082800DD9D6172
:107B80000B293ADD4FF00C0C3AB103213971002179
:107B90007971B971F9717868186100216FF300018A
:107BA0006FF341016FF382016FF3C501012363F3AA
:107BB0008811CCF30A0C6CF353216FF31F5100238F
:107BC0001048FAF76DFBA5466FF00B000C37BD4669
:107BD000F0BD00EB40031B010B4AD3580BB1013041
:107BE000BDE700EB4002084B03EB0213074A5A6063
:107BF0000B60EBE76FF00041B9E76FF01B0CC3E7D8
:107C0000A8BF0200A491020030370020F8C0020093
:107C100010B591B10B4610314FF0000CBFF35B8FE4
:107C200051E800EF41E800C4002CF9D1BFF35B8FAD
:107C300019460BF0C0FE012010BD034A0121034884
:107C40000AF008FB0020F7E7D0BF0200A491020071
:107C500030B583B00546194C00E00C34184B9C42FB
:107C60002AD2636801A9284698470028F5DB0199C4
:107C700023888B828B84A2682846FFF7C9FFD8B17E
:107C8000019843681B6803B19847019B1033BFF309
:107C90005B8F53E8001F41F0010143E80012002A06
:107CA000F7D1BFF35B8F01984368DB69002BD4D019
:107CB00000F110019847D0E703B030BD10910200E9
:107CC00034910200F8B504460E4615464FF4803252
:107CD0000023002108460BF09AFE074640B104211C
:107CE0000C300DF012FE0470467045803846F8BD29
:107CF0002346034A012103480AF0B6FAF6E700BF1B
:107D0000F4BF0200A491020070B582B00B8A032B6D
:107D100017D906460C46042104F10C000DF026FE8E
:107D200005464288238A934213D14378C3B103782E
:107D3000012B0BD0132B19D121463046FFF7FAFE49
:107D400004E0114A012111480AF084FA002002B02F
:107D500070BD00920E4A01210C480AF090FAF5E736
:107D60000C4A012109480AF075FAEFE70A4A022194
:107D700006480AF079FA69780022009213463068C2
:107D80000BF071FEE2E700BF1CC00200A4910200EC
:107D90003CC0020060C0020084C00200F8B50C467E
:107DA0000B8A032B11D905461646042104F10C0059
:107DB0000DF0DCFD4788394628460BF074FE68B1AB
:107DC000324621460BF0DBFDF8BD094A0121094886
:107DD0000AF040FA20460DF050FDF5E73B46064A12
:107DE000022104480AF040FA20460DF046FDEBE778
:107DF000ACC00200A4910200CCC00200522833D8CB
:107E00001B2821D3A0F11B03372B2FD8DFE803F069
:107E1000372E393B2E2A352E372E2E2E2E2E2E2E55
:107E20002E2E2E2E2E2E2E2E2E2E2E2E2E2E2E2E72
:107E30002E2E2E2E2E2E2E2E2E2E2E2E2E2E2E2E62
:107E40002E2E2E2E2E2E2E3319280FD843B26BB184
:107E500001238340104A1A40BAB9104A1A402AB185
:107E60000120704701207047D22810D010F0400F39
:107E70000FD1062070470020704702207047032072
:107E8000704705207047042070470220704700208B
:107E900070470020704700BFAAAA8A0254554501C6
:107EA0002DE9F0410346806850F8342BD2F8008069
:107EB000DD68DE881F6900210BF0C0FE10B175B1CE
:107EC00000240AE0074A012107480AF0C3F906E046
:107ED00039464046A8470134A4B2A642F8D8BDE8C6
:107EE000F08100BF2CC102007491020010B58468BB
:107EF000002104F134000BF0A1FE48B1A36B33B1B3
:107F00004FF47022002304F1580006F0CFFB10BD9F
:107F1000024A012102480AF09DF9F8E72CC102004B
:107F20007491020010B5837A072B0DD104210BF058
:107F3000BAFD044678B1002130300BF07FFE80B1ED
:107F400054F8044C204610BD094A022109480AF0A1
:107F500081F90024F6E7084A012106480AF07AF977
:107F6000F0E7064A012103480AF074F90024E9E722
:107F700048C102007491020058C102002CC10200E5
:107F8000F0B583B000AF05460E46436A03B1883BA7
:107F90007B60002202E0013205E07B607C686CB10E
:107FA0002368AB42F7D0012A77D014F18803F4D0CC
:107FB000D4F88830002BF0D0883BEEE70022002375
:107FC000391D384806F09EF830BB7C6890220021AD
:107FD000204610F041FD344BA36004F13C000FF04B
:107FE00009FE7B683433BFF35B8F53E8002F43E80F
:107FF00000610029F9D1BFF35B8F7B681D60796850
:1080000028460BF02EFE7C6820460BF0A2FD0028CF
:108010003FD0F523638341E02D686E4688B06B4600
:1080200013F110022FD00C214AB10846042903DDB8
:10803000DFF87CC0C3F814C0082800DD9D610B295F
:1080400024DD0C253AB10321397000217970B97013
:10805000F9703868186100216FF300016FF3410176
:108060006FF382016FF3C501022363F38811C5F337
:108070000A0565F353216FF31F5100230B48FAF7EC
:108080000FF9B5460AE06FF00041CDE76FF01B0530
:10809000D8E717236385638300E0002420460C376C
:1080A000BD46F0BD080800207C0600207491020047
:1080B00074C102002DE9F04182B000AF80460C4649
:1080C00000220023391D324806F01CF800BB05468B
:1080D00010F0DEFE2F4B1A582F4B1A607E682C22B0
:1080E0000021304610F0B8FCC6F800807868002106
:1080F0004160816041628162FFF742FF03460028D0
:1081000043D00433236028460837BD46BDE8F081DC
:108110006D4688B06B4613F1100230D00C2142B18D
:108120000846042901DD1D4C5C61082801DDC3F807
:1081300018800B2926DD0C243AB103213970002167
:108140007970B970F9703868186100216FF3000117
:108150006FF341016FF382016FF3C501012363F3F4
:108160008811C4F30A0464F353216FF31F510023F1
:108170000B48FAF795F8AD466FF00B05C3E76FF0C3
:108180000041CCE76FF01B04D6E76FF00B05BAE7B0
:10819000EC07002008000000A83700209CC1020066
:1081A0007491020008B5011F01480FF047FC08BD9B
:1081B000080800202DE9F04184B005460E4614461B
:1081C000176800238DF808304FF42053ADF80A30BB
:1081D00002A900680AF011FD58B100238DF80C3097
:1081E00042F60103ADF80E3003A928680AF005FD38
:1081F00050BB616828680AF000FD68BBE36893F82B
:108200000080B8F1000F07D038460BF0A4FCA3683B
:108210001B8AC01A404525DBA06804210C300DF0F4
:1082200074FB2061068023695E800194104B0093EB
:108230000023A268294638460BF0CDFD002813DB49
:1082400023699BB101200AE023691BB15A88B2421D
:1082500000D25E80012002E000232361012004B0EF
:10826000BDE8F0810020FAE70020F8E70020F6E7FB
:10827000D73B02002DE9F04383B0054688461446FB
:10828000D2F80090D9F80470516800680AF0B5FC83
:1082900020B10126304603B0BDE8F083952229467F
:1082A00038460DF084F80646207538B92946384618
:1082B0000BF07AFC48B908232375EBE7E3681B78D9
:1082C0000BB1002323750026E4E700272775A0687B
:1082D0000DF0F1FA02210C300DF017FB2061A0F82F
:1082E00000800194114B00933B46A2682946484602
:1082F0000BF071FD002808DB2369002BCAD048462B
:108300000BF029FCA368002206E00BF045FC207569
:10831000C0E7198A0A445B68002BFAD1861AE36821
:108320001B789E4294BF00260126B3E7AD3B0200B6
:108330002DE9F04F93B005460E4614461768D7F85E
:10834000048000238DF8403042F60103ADF842303E
:1083500010A900680AF051FC28B90023A36001208D
:1083600013B0BDE8F08F00238DF844304FF4205354
:10837000ADF8463011A928680AF03FFC40B93846EC
:108380000BF0E9FB0146606803464FF0000C0AE081
:10839000A3681BB15A88B24200D25E800120DFE799
:1083A0001A8A94445B68002BFAD1A1EB0C03032BCF
:1083B00001D80020D4E70DF07EFA814638460BF054
:1083C000CAFB6368002202E0198A0A445B68002B3A
:1083D000FAD1A0EB020A09F10C0B58460DF0DAFABB
:1083E00082452DD238460BF0B6FB6368002202E0CE
:1083F000198A0A445B68002BFAD1801A20B36F688F
:108400000023009310230CAA29464046B847051EB6
:10841000A3DB227CAA4227D12A460CA9E06810F0EF
:1084200023FB002899D100236374042109F10C0077
:108430000DF06BFAA0600680A3685E8001208FE7D4
:1084400058460DF0A7FAD9E76368987A02F0ECF87D
:10845000002200230DF0D0F98146002880D001468B
:1084600060680DF039FACAE7E16807A80AF0E3FB93
:1084700060B1EAB20CA902A80AF0DDFB68B102A95A
:1084800007A80AF0BAFB0028CDD066E7237C064A8D
:108490000221064809F0E8FE5FE72B46044A022164
:1084A000024809F0E1FE58E7C4C1020074910200DD
:1084B000E4C1020010B50446043804F13003BFF3F0
:1084C0005B8F53E8001F41F0010143E80012002ACE
:1084D000F7D1BFF35B8F0BF0F1FB044904F15400BB
:1084E0000FF044FD206801F0E1FF10BD518F010045
:1084F000F0B58BB004460D4616460378032B38D8EA
:10850000DFE803F002212B311D4B93E803000790B5
:10851000ADF82010090C8DF8221063792279E178EA
:10852000A07867780DF11C0CCDF814C00497039067
:10853000029101920093A379124A3146284607F02E
:108540006DFB0BB0F0BD104B93E803000790ADF846
:108550002010090C8DF82210DFE70C4A07AB07CA80
:1085600003C31A80D9E70A4A07AB07CA03C31A80B4
:10857000D3E7084A0A2107A807F050FBCDE700BF60
:10858000649B0200749B02006C9B0200989B02009B
:10859000A49B0200D4C2020008B50DF009F900EB5B
:1085A0004000024B03EBC00008BD00BF6037002055
:1085B0002DE9F04184B007460C460846FFF7ECFF72
:1085C0000546D0F80880E668002107F134000BF07A
:1085D00035FB68B3E3681B782B7100232B6033787D
:1085E000D22B2DD004F10C000DF0D0F9ADF80C0019
:1085F000238AADF80E30AF603B6818680023009303
:10860000224604210BF008FA064668B110F1690F02
:1086100027D06369BDF80C201344E360BDF80E3029
:108620002382C5F808802E60304604B0BDE8F08192
:108630000F4A01210F4809F00DFE6FF01506F3E710
:108640003B68214618680DF06FF806460028C9D02F
:10865000094A0121074809F0FDFD20460DF00DF9FA
:10866000E2E7064A0121034809F0F4FDD1E700BF23
:108670002CC102007491020004C2020018C2020060
:1086800038B504460079FFF7B9FB0546A068E0B1AC
:108690000368D3B11B68C3B123684BB90BF059FA17
:1086A00060B1052D11D8DFE805F0110D1011100D86
:1086B000084A0121084809F0D7FD06E020460BF0E2
:1086C00010FEEEE72046FFF711FC38BD2046FFF70D
:1086D000E7FBFAE73CC202007491020070B582B079
:1086E00006460C46551C0BF036FA85420BD8204640
:1086F000FFF784FB02280FD004280DD04FF0FF3283
:108700004FF0FF330BE000950346114A0221114858
:1087100009F0B5FD002511E04FF47022002300217F
:108720000D480BF074F9054658B1FFF735FF866028
:10873000012105F10C000DF0E8F80470284602B0A4
:1087400070BD2346054A0121024809F08DFDF5E779
:108750005CC2020074910200C4080020F4BF020051
:108760002DE9F04182B006460D46071F38460BF052
:108770004BFA2B8A7BB18046012105F10C000DF0EC
:10878000F5F8044698F80A30072B09D156F8043C4E
:1087900033B1002309E0244A0121244809F05AFD9D
:1087A000002002B0BDE8F08101331D2B1DD894F8E4
:1087B00000C01F4A12F833209445F5D11C4E06EB39
:1087C000C3062B8A7278934224D3736829463846AD
:1087D0009847B378012BE3D10028E1D0034600226B
:1087E000217838460BF008FEDAE72378114A022197
:1087F0000E4809F039FD24782046FFF7FFFA0028DB
:10880000CED00528CCD006230022214638460BF0D6
:10881000F3FDC5E722780092074A0121034809F0D9
:108820002EFD0420D5E700BF84C20200749102002F
:108830002CC30200A0C20200BCC202002DE9F0411C
:108840008AB0044616461D4603688846003918BF9C
:10885000012118680CF0F3FE28B175B901273846DC
:108860000AB0BDE8F081032104F134000BF09AFA5C
:1088700008B10027F3E71227F1E7002304930593DB
:1088800006930793089309933EB11A463146204652
:10889000FFF724FF059000283AD023681B68049353
:1088A0008DF81880BDF84030ADF82230119B079349
:1088B000BDF84830ADF8203001238DF8243004ABEA
:1088C0000293144B01930022009213462946284636
:1088D00000F086FF9DF8247037B905990029BED0B5
:1088E00020460BF03AFDBAE726B9B8F1180F0CD0C4
:1088F0000027B4E705980CF0C0FF9DF824302A4605
:10890000414620460BF078FDEFE79DF82470A6E77E
:108910001127A4E72D3D02002DE9F04188461746B6
:10892000FFF700FB044610B3446A1CB3883C14F103
:10893000880607D0D4F8886026B1883E02E0334626
:1089400034461E46C4B17D1C20460BF004F9854216
:1089500007D9002EF3D0D6F88830002BF0D0883B12
:10896000EEE73A4641462046FFF7B8FE0446204669
:10897000BDE8F0812646E5E77B1C034A0221034857
:1089800009F072FCF3E700BFDCC202007491020040
:10899000F8B504460F464FF47022002311480CF03E
:1089A0002BFF0646A0B120460BF0D3F8B8B9092139
:1089B00006F10C0528460CF0A4FF3046FFF7ECFD4D
:1089C0008460012128460CF0A0FF07703046F8BDF6
:1089D0003B46054A0121054809F046FCF6E70B2114
:1089E000E6E700BFC4080020F4BF02007491020053
:1089F0002DE9F0418AB00546884616461F460024F8
:108A0000059406940794089409941121FFF7C0FF78
:108A1000079050B30595CDF8188001210C300CF06B
:108A200074FF089022460470099405AB0293104B22
:108A30000193009423463946304600F0D1FE089B4E
:108A40001C7844B1079928460BF087FC0024204687
:108A50000AB0BDE8F08107980CF00FFF0A233246F8
:108A6000102128460BF0C8FCF1E71124EFE700BF06
:108A7000B581010070B588B006460D460368012136
:108A800018680CF0DCFD50B9032106F134000BF03E
:108A900089F910B1002008B070BD1220FBE7002357
:108AA000049305930693079321213046FFF770FF47
:108AB000069058B304962B8A012B21D905F10C009E
:108AC0000CF05CFF044601238DF81C3004AB0293CC
:108AD0000F4B0193002200921346014600F080FEE6
:108AE0009DF81C30002BE6D006980CF0C6FE9DF8D1
:108AF0001C302246202130460BF07EFC0020CAE7C5
:108B0000069930460BF029FC0020C4E71120C2E78B
:108B1000393F020070B588B006460D460368012152
:108B200018680CF08CFD50B9032106F134000BF0ED
:108B300039F910B1002008B070BD1220FBE7002306
:108B400004930593069307930F213046FFF720FF08
:108B5000069058B304962B8A012B21D905F10C00FD
:108B60000CF00CFF044601238DF81C3004AB02937B
:108B70000F4B0193002200921346014600F030FE95
:108B80009DF81C30002BE6D006980CF076FE9DF880
:108B90001C3022460E2130460BF02EFC0020CAE786
:108BA000069930460BF0D9FB0020C4E71120C2E73C
:108BB000B93F0200F0B589B004460F4616461D467F
:108BC0000368012118680CF03AFD20B16DB9012647
:108BD000304609B0F0BD032104F134000BF0E2F897
:108BE00008B10026F4E71226F2E700230493059368
:108BF0000693079331462046FFF7CAFE069030B32E
:108C00000494BDF83830ADF8143001238DF81C30D1
:108C100004AB02930F4B01930022009213462946A6
:108C2000284600F0DDFD9DF81C6026B90699204617
:108C30000BF093FBCCE706980CF01FFE9DF81C3060
:108C40002A46394620460BF0D7FB0026C0E71126FE
:108C5000BEE700BFB93F02002DE9F0418AB00546EA
:108C6000884616461F4600240494059406940794EB
:108C7000089409940921FFF78BFE069068B30495C8
:108C8000CDF8148001210C300CF03FFE07902246F5
:108C900004700A238DF8243004AB0293104B019327
:108CA000009423463946304600F09AFD9DF8244052
:108CB0003CB9069928460BF050FB20460AB0BDE8A7
:108CC000F08106980CF0D9FD9DF824303246082139
:108CD00028460BF091FB0024EFE71124EDE700BFDD
:108CE000758201002DE9F0418AB005460E4617460F
:108CF0009846002405940694079408940994072143
:108D0000FFF746FE069060B3059522460794CDF81E
:108D100020809DF840308DF824300A238DF82530CE
:108D200005AB0293104B019300942346394630461D
:108D300000F056FD9DF825403CB9069928460BF0F9
:108D40000CFB20460AB0BDE8F08106980CF095FDBA
:108D50009DF825303246062128460BF04DFB0024B5
:108D6000EFE71124EDE700BF3183010070B588B053
:108D700004460E4615460023049305930693079375
:108D80000521FFF705FE0590F8B1049404AB0293AA
:108D90000F4B01930022009213462946304600F003
:108DA0001FFD069B33B1059920460BF0D6FA002033
:108DB00008B070BD05980CF060FD0A23324604210E
:108DC00020460BF019FB0020F2E71120F0E700BF6E
:108DD0001B40020000B583B002460B460021019102
:108DE00010F056F80C4909580C48006888420DD01C
:108DF00001A90B4805F086F958B9019800230360D2
:108E000043608360C36003B05DF804FB0022134637
:108E1000EEE70020F7E700BF08000000A8370020B9
:108E20002408002010B50446806818B10CF025FD18
:108E30000023A360214602480EF000FE10BD00BFD3
:108E4000240800202DE9F04782B004460F469146E1
:108E50001E4658300FF0DAF8A06BF0B1144B984270
:108E600022D045684FF0000AC0F804A0A06BD0F8EB
:108E70000C80FFF7D7FFC4F838A020680BF093F9F7
:108E80003DB123681868CDF800804B463A4631461C
:108E9000A847002002B0BDE8F087064A0221064834
:108EA00009F0D8F90025E8E70025A563E5E700BF4C
:108EB000AC370020F8C202007491020008B5CA68FD
:108EC000836B4BB107498B4208D0D37843B1002262
:108ED0001146FFF7B7FF08BD0E23F8E70E23F6E7AC
:108EE0000E23F4E7AC37002070B582B0054602E0EF
:108EF00018460CF0C2FC0022002305F10C000CF017
:108F000081FC03460028F3D10CE0AB6011E0E3687C
:108F1000009300231A466FF067012868B047204687
:108F2000FFF780FF6C6844B123686B60AA68A242B7
:108F3000EBD06668002EEAD1F1E700232B602946CA
:108F400002480EF07BFD02B070BD00BFEC070020B0
:108F5000B0B58AB000AF044650F8583C18680AF023
:108F6000BAFC1E2207F10801FFF7C2FA6D46002382
:108F70003B7102237B7188B0EC461CF1100215D0C6
:108F80000E2022B1042802DD264BCCF81430002339
:108F90003B7002237B70B2B1082803DD07F10803A0
:108FA000CCF818300CF11C0300210AE06FF00040EF
:108FB000E7E701F1280EBE441EF828EC03F801EBA8
:108FC00001310129F5D90D2829DD0E234AB10321EC
:108FD000397100217971B9710121F9717868CCF882
:108FE000100000216FF300016FF341016FF3820164
:108FF0006FF3C501012060F38811C3F30A0363F323
:1090000053216FF31F5100230748F9F749F9AD4683
:10901000A4F154000BF012FC2837BD46B0BD6FF030
:109020001B03D3E710C302007491020008B5836BE1
:109030008B4201D0002008BD034B83630846FFF735
:10904000F1FE0120F7E700BFAC3700208068034B3A
:10905000984214BF00200120704700BF8592010094
:10906000064B1A68C0F801209A889B79A0F8052061
:10907000C371002303700381704700BF38B0020042
:10908000044B1A68C0F801209A889B79A0F8052043
:10909000C371704738B0020070B50646002414B1A1
:1090A0000025284670BD0D4D05EB041566B1230162
:1090B0000A4901EB04120132C95C30460AF0E4FBB4
:1090C0000028EED10134EAE728460722044901309E
:1090D0000FF0CAFC0028F5D1E3E700BFD837002025
:1090E00038B0020070B506460D4600240CB10020D1
:1090F00070BD04EB44030C4A12F823309E4201D0A9
:109100000134F3E704EB440302EB83000722294612
:1091100001300FF0A9FC0028F2D104EB440402480E
:1091200000EB8400E4E700BFE8370020F8B507460D
:109130000D46002414B100263046F8BD04EB840629
:1091400005EB460667B104EB84033246013215F89D
:10915000131038460AF098FB0028EDD10134E9E7F6
:1091600004EB840005EB40000722034901300FF0B7
:109170007BFC0028F2D1DFE738B0020070B506466C
:10918000002414B10025284670BD0D4D05EB0415D3
:1091900066B123010A4901EB04120132C95C304671
:1091A0000AF072FB0028EED10134EAE728460722D4
:1091B000044901300FF058FC0028F5D1E3E700BF67
:1091C0000038002038B002000D4BBFF35B8F53E82E
:1091D000002F42F0020143E800100028F7D1BFF34E
:1091E0005B8F12F0020F0AD1064B05E05A68064960
:1091F000088802440A800833044A9342F6D3704731
:10920000F4370020349102003C4000204C910200D1
:10921000F8B506460F4615461C46FFF763FF844621
:1092200070B1BCF8083013B9BCF80A30F3B123466A
:109230002A460CF10A010CF108000BF00BFCF8BDFA
:109240000D49FFF74FFF844650B1034603F8016B09
:109250003A68C0F80120B988BA7999809A71E0E734
:10926000064A0121064808F0F5FFE8E7ACF8085087
:10927000ACF80A40E3E700BF38B0020034C4020093
:109280008C9102002DE9F8431C46BDF82030CF68D0
:10929000002B50D181460E46631E9BB2012B4DD848
:1092A000012C1DD95378157845EA032539464846DF
:1092B000FFF73CFF8046A8B13B6943B12A463146DF
:1092C00048469847002809DB0138012839D8A8F812
:1092D00008507B899D4225D14DB32046BDE8F883D7
:1092E0001578E3E70DB92046F8E739460020FFF787
:1092F0001DFF804670B1D9F88830C0F80130B9F848
:109300008C2099F88E30A0F80520C37199F80830A8
:109310000370D1E70C4A02210C4808F09BFF6FF064
:109320001000DBE7394630460BF0F0FBD4E740464F
:10933000FFF796FED1E76FF00600CFE76FF00C0065
:10934000CCE76FF00D00C9E754C402008C91020015
:109350002DE9F0411E46BDF81830012B30D80446E7
:109360001746B0463344012B2DD8FFF795FE05462E
:10937000C8B13246394628460BF08EFB30B3D4F8DC
:109380008830C5F80130B4F88C2094F88E30A5F8F8
:109390000520EB71237A2B70012128460BF00CFD80
:1093A0004046BDE8F081FFF777FE05460028E0D192
:1093B000084A0221084808F04DFF6FF01008EFE757
:1093C0006FF00608ECE76FF00C08E9E76FF01208A1
:1093D000E6E700BF70C402008C910200F8B50746B2
:1093E0000E46069D05F11403BFF35B8F53E8001F83
:1093F00021F0040143E80012002AF7D1BFF35B8F8C
:109400008EB92B8A23B92C681A4629463846A047BC
:1094100030460BF093FB04466B6823B32A460146A3
:1094200038469847F8BD3846FFF7A8FE01460028A1
:10943000F8D0836813B11C6800220AE01C46FBE7E1
:109440002B4638460BF09FFBE2E720461A462346A0
:109450000446002BDCD005F1180C9C45F0D0002C04
:10946000F3D02068F2E7AB68002BDBD0054A02217D
:10947000054808F0EFFEAB680022214638469847C1
:10948000D0E700BF9CC402008C91020038B50446AE
:1094900000F188052946007A09F007FE38B9294607
:1094A000207AFFF71FFE08B10BF0D6FC38BD294625
:1094B000207A0BF0D6FC03460028F7D0024A01219F
:1094C000024808F0D1FEF1E7D4C402008C910200FA
:1094D00010B50446164BBFF35B8F53E8002F22F004
:1094E000020243E800210029F7D1BFF35B8FBFF3ED
:1094F0005B8F1B68BFF35B8F13F0010F04D1204615
:109500000BF038FA30B910BD00220023094805F0ED
:10951000CDF8F4E72046FFF7BFFD0028F3D0027A2C
:1095200012F0010FEFD001210BF046FCEBE700BF7A
:1095300048220020182200202DE9F04F83B0054674
:109540001646FFF783FD009078B1EF687B8963B121
:109550000024A1466CB1B9F1000F06D100237B8134
:10956000FB6813B1002128469847012003B0BDE8ED
:10957000F08F04EB840807EB4808B8F80830CBB14B
:1095800004EB840308F1010A524617F81310304621
:109590000AF07AF998B904EB8403514617F81300DE
:1095A000FEF718F8034628B1827A072A04D0184635
:1095B0000AF0F4F80134CDE7DDF80090F7E706F1A2
:1095C000880301931946307A09F06FFD50B90B4BAF
:1095D0009F4203D04046FFF743FDEBE73046FFF7DD
:1095E00055FFF7E7D6F88830C8F80130019B9A8814
:1095F0009B79AAF804208AF80630DBE7BC06002035
:1096000000B585B00A460123029304230193082381
:109610000093034B03490BF094FC05B05DF804FB89
:10962000075102001755020000B585B00A464B6885
:10963000012102918B40019320230093034B0449A5
:109640000BF07FFC05B05DF804FB00BF8150020009
:109650000B50020000B585B00A464B68012102910B
:109660008B4001930E230093034B04490BF069FCDC
:1096700005B05DF804FB00BFA7500200D94B020003
:1096800000B585B00A4601230293042301930C23FD
:109690000093034B03490BF054FC05B05DF804FB49
:1096A000F34F02001755020000B585B08C461146F5
:1096B0000CF11403BFF35B8F53E800EF4EF0080E7C
:1096C00043E800E2002AF7D1BFF35B8F0123029346
:1096D0000423019312230093034B62460BF031FCE9
:1096E00005B05DF804FB00BFCD5002000B4B1A68BB
:1096F000C0F801209A889B79A0F80520C371002347
:1097000003720C30BFF35B8F50E8002F40E800314C
:109710000029F9D1BFF35B8F704700BF38B002005A
:10972000114BBFF35B8F53E8002F42F0010143E878
:1097300000100028F7D1BFF35B8F12F0010F00D0AB
:10974000704710B5FFF740FD084C094920460EF060
:109750000DFC4FF4A47200232046FAF711FB0549D3
:1097600005480EF003FC10BDF4370020A0210020B6
:10977000A7530200059C01001822002028B384464C
:10978000008A38BB70B4144D012203E06B681344A7
:109790009AB20835114B9D421AD22C686445F5D80F
:1097A0006E6806EB86039B00143B23446345EDD3B0
:1097B00000239E42EDD903EB830104EB8101614557
:1097C00005D00133013292B2F3E700207047104612
:1097D00070BC7047704700BF349102004C9102008A
:1097E0002DE9F04F89B08246079190469946139F24
:1097F000DDF850B0BDF848301BB94FF6FF73ADF837
:1098000048301C4B1B8853452CD209B0BDE8F08F63
:109810008CB20836184B9E42F7D27368E118B942F1
:10982000F6D3002506977368AB4219D905EB85007E
:10983000CDF810B0CDF80CA012AB0293CDF8049087
:10984000CDF80080079B069A2146376807EB800019
:109850000BF03EFB0028D8D001350134A4B2E2E77A
:10986000069FD6E7054E012413975746DDF84CA016
:10987000D0E700BF3C4000204C9102003491020030
:1098800010B5CCB00023489349934A934B931CAA3C
:1098900048A904A808F036FF18B304AC0294174B8B
:1098A00001930022009213464FF6FF710120FFF74B
:1098B00097FF2146124808F0C2FFC0B1102110489E
:1098C0000BF0B2F80F4BBFF35B8F53E8001F41F072
:1098D000080143E80012002AF7D1BFF35B8F4CB0B8
:1098E00010BD094A0121094808F0B4FCF7E7084A0D
:1098F0000121064808F0AEFCF1E700BF1B4C020056
:109900009021002048220020ECC402008C9102002B
:1099100008C502002DE9F04184B004460D46164604
:109920001F461F49A1F130000EF07FFBBFF35B8F94
:109930001C4B1B68BFF35B8F13F0080F17D020463A
:10994000FFF7AAFB18B1027A12F0010F12D110230F
:109950000293154B0193BDF8283000933B463246E5
:10996000294620460BF005FC04B0BDE8F081FFF766
:1099700087FFE4E700F10C08002140460BF0BCF93A
:109980000028E4D1BFF35B8F58E8003F43F00203A7
:1099900048E80032002AF7D1BFF35B8FD7E700BF5A
:1099A000D0210020482200209021002008B5BFF3DC
:1099B0005B8F054B1B68BFF35B8F13F0080F00D064
:1099C00008BDFFF75DFFFBE74822002010B584B01B
:1099D00004460A46002303600290074901910121D1
:1099E00000914FF6FF718088FFF7FAFE206800387B
:1099F00018BF012004B010BD754B020010B586B031
:109A000000240594FFF7BAFE013080B205AB029343
:109A1000054B01930094234622460146FFF7E0FEE2
:109A2000059806B010BD00BF074B02002DE9F047B6
:109A300082B005460F4614465668942231460BF014
:109A4000B6FC00283CD10222314628460BF0D2FC5D
:109A500000283DD0A68A023600961D23002221460A
:109A600028480BF060FA8146002848D032461D2174
:109A70002846FEF751FF804690B30123002211468D
:109A80000AF0A3FF08F10C0A022150460BF03DFF3B
:109A9000064626F8027BA18A50460BF036FFA28AC2
:109AA000216930460EF0CAFFC9F8088049462846A9
:109AB0000AF0EBFE0446F0B9204602B0BDE8F0879C
:109AC000114A0221114808F0C5FB4FF0FF34F3E7BB
:109AD0000F4A02210D4808F0BDFB6FF01504EBE7BB
:109AE0000C4A0221094808F0B5FB4846FFF79AF9ED
:109AF0006FF00B04E0E74846FFF794F9DCE76FF0FE
:109B00000B04D9E7494B020024C502008C910200E6
:109B10003CC5020068C50200BFF35B8F374B1B6872
:109B2000BFF35B8F13F0040F5ED030B58DB00546E8
:109B30000C4610B1837A072B59D160680590FFF766
:109B40001DFEADF81800216841B305A8FFF73EFFE0
:109B500000284FD0059B6360059B186800238DF893
:109B60002C3042F60303ADF82E300BA909F045F86E
:109B700048B90598C3689B7913F0200F13D00BF0F8
:109B8000B9FBADF818008DB10123A3752246BDF8CD
:109B900018102846FFF74AFF0DB030BD0028DBD172
:109BA0006FF00100F8E76FF01500F5E76FF07F0345
:109BB00007930223ADF8203009940023A3758DF894
:109BC000283042F60212ADF82A2005AA02920C4A69
:109BD0000192012200920AAA4FF6FF71BDF8180007
:109BE000FFF7FEFD0798D7E76FF00A0070476FF0A8
:109BF0007F00D1E76FF00100CEE700BF9C0300209B
:109C0000919F010010B582B0034630F8082CADF8E2
:109C1000042030F8062CADF80620A0F1200100F158
:109C20003004BFF35B8F54E8002F22F0010244E8B8
:109C300000200028F7D1BFF35B8F002023F8080C29
:109C400023F8060C0E4A43F81C2C0E4A43F8182C35
:109C500001AA43F8102C042223F80C2CFFF75CFF18
:109C600008B102B010BDBFF35B8F54E8003F43F072
:109C7000020344E80032002AF7D1BFF35B8FF0E71C
:109C8000BCC60200D194010038B5044600F1880139
:109C9000007AFFF727FA00B3054603890BB9438919
:109CA000DBB12046FDF7A6FB2B890F4A22F82030B6
:109CB0006B8902EB800253800C4D00EB400305EBF7
:109CC000C3030B4959600B4999601A6104229A82B7
:109CD00019462046FFF720FF00B938BD064A01218A
:109CE000064808F0B7FAF8E7BC370020C037002074
:109CF000BCC60200974E020090C502008C91020083
:109D00002DE9F04782B000AF0646D2F80080FFF799
:109D10009DF918B1D6F80C90002424B10120083721
:109D2000BD46BDE8F08704EB840309EB43031B89C0
:109D3000002B54D004EB840309EB4302013219F8E1
:109D40001310404609F0A0FD002848D04FF495724A
:109D5000314640460BF02BFB08B103280AD0494698
:109D600030460AF0D3FE224B9945D7D14046FFF743
:109D70008BFFD3E7EA4688B06B4613F1100230D070
:109D80000C214AB10846042903DDDFF86CC0C3F892
:109D900014C0082800DD9E610B2925DD0C213AB195
:109DA0000320387100207871B871F87178681861F3
:109DB0006FF300056FF341056FF382056FF3C5057F
:109DC000022363F38815C1F30A0161F353256FF38E
:109DD0001F55002329460748F8F762FAD546013493
:109DE0009BE76FF00041CCE76FF01B01D7E700BFA6
:109DF000BC0600208C910200B0C502002DE9F8439A
:109E000005460F4614465668942231460BF0CFFAA9
:109E100058BB0122314628460BF0ECFA68B3A28900
:109E200002321B212846FEF777FD804668B300F119
:109E30000C09022148460BF068FD064626F8027B15
:109E4000A18948460BF061FDA289A16830460EF059
:109E5000F5FD01236269216940460AF0B6FD4146DD
:109E600028460AF0FDFCBDE8F8830C4A02210C48A4
:109E700008F0F0F94FF0FF30F5E70A4A02210848F0
:109E800008F0E8F96FF01500EDE7074A02210448F1
:109E900008F0E0F96FF00B00E5E700BF24C5020011
:109EA0008C9102003CC50200C4C50200BFF35B8F69
:109EB000354B1B68BFF35B8F13F0040F5AD030B5DE
:109EC0008DB005460C4610B1837A072B55D16068DA
:109ED0000590FFF753FCADF81800216831B305A8D1
:109EE000FFF774FD00284BD0059B6360059B186845
:109EF00000238DF82C3042F60303ADF82E300BA969
:109F000008F07BFE48B90598C3689B7913F0100FE1
:109F100011D00BF0EFF9ADF818007DB12246BDF875
:109F200018102846FFF76AFF0DB030BD0028DDD1BC
:109F30006FF00100F8E76FF01500F5E76FF07F03B1
:109F400007930122ADF82020099400238DF82830D2
:109F500042F60211ADF82A1005A902910B490191B0
:109F600000920AAA4FF6FF71BDF81800FFF738FCFF
:109F70000798D9E76FF00A0070476FF07F00D3E7CA
:109F80006FF00100D0E700BF9C030020919F01000B
:109F90002DE9F04707461646FFF758F8002800F06D
:109FA000A780FD68544B9D422DD0002464E03369A6
:109FB0001A6904EB4400538812884146DFF83CC11B
:109FC0001CF82000FFF724F90134002CEDD104EB3C
:109FD00044024A4B03EB820808F101080722484972
:109FE00040460EF041FD0028EED004EB440307226A
:109FF0004146424810F82300FDF798FB0028D6D0D0
:10A0000009F0CCFBE0E70024DFE709F0C7FB32E012
:10A01000404609F0C3FB2EE03A4A02213A4808F0D4
:10A0200019F9404609F0BAFB25E004EB840205EB80
:10A030004202128912F0020F49D03269B1884046BB
:10A04000FFF7F4FC814670B93269937D0133937553
:10A0500009E004EB840305EB43031B8913F0010FB4
:10A060003AD14FF00009404609F098FBC6F8089035
:10A07000B9F1000F39DB0134002C34D104EB840337
:10A0800005EB4303B3F808C0B3899C45F3D104EB57
:10A09000840305EB4301013115F81300FDF79AFA2B
:10A0A00080460028E7D0837A072BAED16B691BB1BD
:10A0B000394698470028ABD09422394640460BF0E9
:10A0C00076F982460028A7D1B389022BADD0012BA7
:10A0D000BFD04FF00009C6E73269B1884046FFF7AC
:10A0E0008DFE8146BFE74FF0010A5046BDE8F0877C
:10A0F0004FF0010AF9E700BFBC060020E837002056
:10A1000038B0020024C502008C910200837A072B2C
:10A1100023D170B584B004460D46061D0C2130468F
:10A120000AF0F7FDE0B901230293022301930093A3
:10A130000D4B2A460D4920460AF003FF58B1BFF3E4
:10A140005B8F56E8003F23F4805346E80032002A34
:10A15000F7D1BFF35B8F04B070BD6FF07F00704725
:10A160006FF07700F7E700BFC74F0200C14B020056
:10A17000837A072B23D100B585B04B6843B1012BFF
:10A180000CD90B7B3BB1FFF74FFA05B05DF804FB30
:10A19000FFF736FAF9E7FFF75DFAF6E74B895BB9A7
:10A1A00001230293022301930A230093054B0A46DD
:10A1B00005490AF0C6FEE8E7FFF762FAE5E76FF047
:10A1C0007F007047DF4F0200175502002DE9F04F66
:10A1D00087B002AF78600D469046B1F808A0B1F89C
:10A1E0000AB05C1EA4B2561C25E04C4A01214C4822
:10A1F00008F030F870E0023B9BB2514528D3594536
:10A2000026D82A81D5F800900093B31C2A46002155
:10A210007868C84700285FD098F800309C426DD31A
:10A220002B896A89934261D001332B8198F80030E1
:10A23000E41AA4B21E44002C60D0328891B20029E6
:10A24000D3D098F80030A342D5D9A31E9BB2D4E74F
:10A250006C468AB002AB13F1100241D014208AB1CF
:10A260000646042803DDDFF8BCC0C3F814C0082E7E
:10A2700000DD99610C2E01DDC3F81CA0102E01DD5C
:10A28000C3F820B013282EDD14263AB10521397306
:10A2900000217973B973F973F868186100216FF3BD
:10A2A00000016FF341016FF382016FF3C5010223D7
:10A2B00063F38811C6F30A0666F353216FF31F5147
:10A2C00000231748F7F7ECFFA5462C6800230093FE
:10A2D0002A460E217868A0471437BD46BDE8F08FA6
:10A2E0006FF00040BBE76FF01B06CEE72C68002143
:10A2F00000910B462A467868A047EDE729467E681C
:10A300003046FFF735FF0028E6DA2C68002300937B
:10A310002A460E213046A047DEE700BFF0C5020006
:10A320008C91020000C60200F8B5837A072B45D154
:10A3300005460C46FEF722FF0746002841D08368F9
:10A3400003B1183B0020064603E001209B6903B1DE
:10A35000183B3BB1A342F8D09989A2899142F5D12B
:10A360000126F3E780B3022104F114000AF0C4FCD3
:10A37000D8B93EB900232382164A21462846FFF762
:10A3800093F988B904F1180107F108000AF03CFBC1
:10A3900038460AF0F3FB68B9CEB1266800231A46A6
:10A3A00021462846B0470020F8BD214628460BF03C
:10A3B000F2F8DEE73846FEF763FEEDE76FF07F0068
:10A3C000F2E76FF01500EFE76FF01500ECE7002003
:10A3D000EAE700BFDD9301002DE9F04F89B00646A2
:10A3E0000C461546FEF7CAFE70B107462A462146BE
:10A3F00005A80BF080FAB04635E000955B46294A87
:10A400000121294807F03BFF09B0BDE8F08FFEB1FC
:10A41000B36903B1183B34461E46FCB1A389994584
:10A42000F5D1214640460AF0C9FB0028EFD05B4633
:10A430000AF10402214640462568A8470028E6D1D3
:10A4400021464046FFF770FFE1E726460395E4E723
:10A450003346E0E70395E0E70395DEE7039D5946C1
:10A4600005A80BF083FABDF81830042BCCD90421D1
:10A4700005A80BF07BFA8246B0F80090B0F802B065
:10A48000BDF818305B45B8D3BC68002CDDD0183C53
:10A4900014F11806DED0A669002EDDD0183E039513
:10A4A000BBE700BF68C602008C91020000B587B010
:10A4B000049001208DF8140004AB0293054B019326
:10A4C0000022009213464FF6FF71FFF789F907B09B
:10A4D0005DF804FB019D0100F8B505460E461746E0
:10A4E0000A4B1C6804B1043C74B1236843B13A467A
:10A4F0003146284698476468002CF5D0043CF3E7C1
:10A50000231DF8D11C46EFE7F8BD00BFF837002047
:10A5100010B584B004460290084B019300220092CB
:10A5200013464FF6FF710120FFF75AF920460AF053
:10A5300047FC20460AF002FE04B010BD3995010028
:10A540004268034B9A4200D07047C3681982FBE708
:10A5500017550200F0B583B000AF05460020C0B328
:10A560006C4688B06B4613F1100243D00C213AB10F
:10A570000846042901DD224E5E61082800DD9D6148
:10A580000B293ADD4FF00C0C3AB10321397100214F
:10A590007971B971F9717868186100216FF3000160
:10A5A0006FF341016FF382016FF3C501012363F380
:10A5B0008811CCF30A0C6CF353216FF31F51002365
:10A5C0001048F7F76DFEA5466FF00B000C37BD463F
:10A5D000F0BD00EB40031B010B4AD3580BB1013017
:10A5E000BDE700EB4002084B03EB0213074A5A6039
:10A5F0000B60EBE76FF00041B9E76FF01B0CC3E7AE
:10A600001CC80200C49102001038002044C8020097
:10A61000034BC01A8010034B03FB00F0704700BFD0
:10A6200098080020A38B2EBA2C22024B02FB00308C
:10A63000704700BF980800202DE9F04385B005461B
:10A64000039116461C4668460DF0B8FFDDE9008907
:10A65000EFF31183402181F31288BFF36F8F698B71
:10A66000D9B11F462B8B99420BD2002200232846DA
:10A6700003F038FE044620B187F31188BFF36F8FD3
:10A6800020E0698B4B1E6B8387F31188BFF36F8FBC
:10A6900028460BF04EF8044614E083F31188BFF30C
:10A6A0006F8F54EA060306D00EF0F2FB1A4B1A58CD
:10A6B0001A4B9A4218D032462346284603F012FE1F
:10A6C000044668B1039B93B900236361012323729D
:10A6D000002363726360039B638220460BF087F85C
:10A6E000204605B0BDE8F08300263446E3E7424645
:10A6F0004B4668460DF098FFDDE9002303A920468C
:10A700000BF02AF8054660610028DFD120460BF0E7
:10A7100037F82C46E4E700BF08000000583100205D
:10A72000132810D80C4B13F810307BB10A4A02EBF7
:10A73000400252786AB1086800FB03F393FBF2F31E
:10A740000B60002070476FF0150070476FF0150028
:10A7500070476FF01500704798C80200074B012240
:10A76000C3F8002590F8863013B1044BDA607047C7
:10A77000024B01221A605A60704700BF007000400F
:10A7800069B938B5064CD4F82C56D4F8341689B2C9
:10A7900074300BF03CF90544C4F82C5638BD7047B2
:10A7A00000700040F0B583B000230093CDF8033073
:10A7B0000C7904F01F048E79072C66D80D460B78AF
:10A7C0000B2B2FD8DFE803F00906161A2E1E2E2EAB
:10A7D00022262E2A01238DF802306B78032B29D0F4
:10A7E000042B2AD02A4A01212A4807F033FD6FF0B2
:10A7F00015073FE002238DF80230EEE703238DF8C2
:10A800000230EAE704238DF80230E6E705238DF8ED
:10A810000230E2E706238DF80230DEE707238DF8E9
:10A820000230DAE71C4A01211A4807F013FD6FF0E5
:10A8300015071FE001238DF8033001A968880BF08C
:10A84000E8F80746C8B92B79C3F340138DF80530F3
:10A850006A79124B234483F8A020114D6A462146A1
:10A8600028460BF0A0F85134230105EB0414666070
:10A870000022EA50384603B0F0BD0A4A01210548DB
:10A8800007F0E8FC6FF01507F4E76FF01507F1E744
:10A89000E0C8020054910200C0C802003004002049
:10A8A0000070004004C9020008B5037CA3F108024F
:10A8B000062A0DD8DFE802F0140C160C040C0A006E
:10A8C0000222094BC3F8F025002008BD0322F8E757
:10A8D000064A0121064807F0C7FC6FF01500F4E7AF
:10A8E0000022EEE70122ECE70070004030C90200D0
:10A8F0005491020008B5012901D9437C4BB9437C2E
:10A90000082B0ED8DFE803F01515151515151515CC
:10A9100015000A4A01210A4807F09CFC6FF0150057
:10A920000BE0084A0121064807F09EFC6FF0150075
:10A9300003E0054AC2F8F435002008BD58C90200FA
:10A94000549102008CC902000070004010B582B022
:10A9500004460BF05CF8236813B19B8903FB0000ED
:10A96000E368834202D3002002B010BD0090044A85
:10A970000121044807F083FC6FF00B00F4E700BFEF
:10A98000B0C902005491020010B582B000F1080471
:10A99000D0F88800410CC003084BC018084A4FF09B
:10A9A000000341F10001E5F7ABFF009001910022A7
:10A9B0000023204604F0F4FC02B010BD3F420F001B
:10A9C00040420F00F8B54E68731EFE2B03D80D46AB
:10A9D00000231C4619E0314A0121314807F03AFCB6
:10A9E0006FF0150339E02F4A01212D4807F03CFC98
:10A9F0006FF0150331E003F1510212012A490020E2
:10AA000088500133DBB2072B22D81A4626FA03F10D
:10AA100011F0010FEFD02549194491F8A070002FD3
:10AA2000E1D0697C003918BF0121DFF87CC00CEB54
:10AA3000031EDEF8180520F0807040EA0160CEF8B1
:10AA40001805513212014CF802700134E4B2D8E713
:10AA50002846FFF729FF034608B11846F8BD2146EE
:10AA60002846FFF747FF03460028F6D1214628462F
:10AA7000FFF76CFF03460028EFD1AA680A4BC3F822
:10AA80002C26C3F83046094C294620460BF033F8F3
:10AA900020460BF023F80346DFE700BFD8C90200C9
:10AAA00054910200F8C902000070004030040020F8
:10AAB00070B504460D46084E0022114630460BF094
:10AAC00004F829462046FFF77DFF044606F14000C2
:10AAD00003F042FC204670BD3004002010B50D4B41
:10AAE0000024C3F80441D3F80421C3F81041D3F87B
:10AAF00010211222C3F80423072007F009FF224681
:10AB00000121072007F00EFF03480BF023F8204631
:10AB100010BD00BF007000403004002008B5114B8C
:10AB2000D3F8043173B90F4BD3F810314BB10D4B3F
:10AB30000022C3F81021D3F8102101229A601A6074
:10AB40005A6008BD074B0022C3F80421D3F8041152
:10AB500001219960C3F80025014603480BF002F873
:10AB6000EFE700BF0070004030040020004870474D
:10AB700094380020034BC01A8010034B03FB00F0F5
:10AB8000704700BF54380020B76DDBB638B50546B6
:10AB90000C46FFF7EFFF0146402203480BF0C0F8D8
:10ABA00001462846A04738BD4C8F020030B583B01F
:10ABB00005460C46FFF7DEFF01464023009323467F
:10ABC000054A06480BF0C6F8011E01DB03B030BD94
:10ABD0002846A047FAE700BF9D5D02004C8F0200A7
:10ABE00008B510B101280DD008BD002108480BF0B0
:10ABF00023F8836813F0070FF6D1002104480BF007
:10AC00007DF8F1E7012102480BF078F8ECE700BF8E
:10AC10004C8F020010B582B0EFF31184402383F310
:10AC20001288BFF36F8F154A136843F00201116059
:10AC300013F0010F09D1002384F31188BFF36F8F44
:10AC4000B3B90BF0B3F802B010BD0DF1070201214A
:10AC50004FF080400AF0D4FF9DF80730012B01D05F
:10AC60000023E9E7FFF782FF0BF036F80123E3E763
:10AC7000002103480BF042F8E5E700BFA4380020AC
:10AC80004C8F020010B5EFF31184402383F3128838
:10AC9000BFF36F8F074A136823F00201116013F0AE
:10ACA000010F04D084F31188BFF36F8F10BD0BF038
:10ACB00082F8F7E7A438002070B582B00546012875
:10ACC00007D14FF08043D3F81C3403F00303012B6A
:10ACD0004BD00DF0D4F9044618B9284B1B78002B43
:10ACE00038D1EFF31186402383F31288BFF36F8FBF
:10ACF000012424B94FF080430222C3F8082301AA9B
:10AD000000214FF080400AF07BFF20B1019B012B16
:10AD100026D0012D24D0FCB1304607F036FE4FF08E
:10AD20008043D3F81835002BE9D14FF08043D3F896
:10AD30000431002BE3D04FF080430022C3F80421FC
:10AD4000D3F804210122C3F818250D49C1F8802148
:10AD50009A60D4E70026CCE701200BF036F8DEE756
:10AD60002CB186F31188BFF36F8F02B070BD4FF026
:10AD700080430222C3F80423F7E700BF4E400020BF
:10AD800000E100E000B587B0CDF800D0CDF804D0E8
:10AD9000002302930123039304AB049305936B46B2
:10ADA000064A0AF0F3FF002805DB4FF48042002337
:10ADB000684603F0F9FA07B05DF804FBF75D02009E
:10ADC00008B5064B1B7803B108BD4FF4A5700CF015
:10ADD0006DFD024B01221A70F6E700BF4C400020C7
:10ADE00070B5064600220121104607F09BFD114870
:10ADF00001F0F2FF104B984219D10BF0F8FE00243D
:10AE0000012C12D8214630460AF016FF054621468D
:10AE100030460AF01EFF094907F0ADF8002805DBAF
:10AE20000123AB601C44E4B2EAE7002070BD6FF080
:10AE30000400FBE7E1AB01000000AD0B40CA0200DB
:10AE400010B50446104B0121BFF35B8F53E8002F70
:10AE500043E800100028F9D1BFF35B8F1AB1631EDD
:10AE6000012B0DD910BD09480AF0F3FE0849002353
:10AE70004B608B60CB6001238B6007F099F8EEE7A5
:10AE80002046FFF719FFEDE7503800204C8F0200F5
:10AE900040380020EFF31182402383F31288BFF380
:10AEA0006F8F0A4BD3F800316BB1084BD3F808050C
:10AEB000C0B20021C3F80011D3F8003182F3118829
:10AEC000BFF36F8F70476FF00A00F7E700D00040C4
:10AED000F0B586468578C478EFF3118C402383F370
:10AEE0001288BFF36F8F067833464778AD1B254035
:10AEF000AA4200D9AAB2B01820408EF800008CF304
:10AF00001188BFF36F8F084607E00EEB03025279FA
:10AF100000F8012B01332340624602F1FF3C1FFA87
:10AF20008CFC002AF1D1BE420ED1EFF311834022F6
:10AF300082F31288BFF36F8F9EF800208EF80120F5
:10AF400083F31188BFF36F8F401A80B22D1A9EF8D9
:10AF50000430AB4202D3024B01221A60F0BD00BFA5
:10AF600000D00040F8B50D46144613F0010F03D190
:10AF70002548FFF7ADFFF8BD0AB92046FBE7EFF320
:10AF80001186402383F31288BFF36F8F0D20F8F7EB
:10AF900083FB07460D2007F0C0FC86F31188BFF342
:10AFA0006F8F1A4B0022C3F80021D3F80021012231
:10AFB0001A60174B4FF40052C3F8802126460AE06E
:10AFC000EFF31180402383F31288BFF36F8F07F0F4
:10AFD000DCFC00E08EB10D4BD3F80031002BEFD03C
:10AFE000FFF758FF0A4B4FF40052C3F880210028A6
:10AFF000F0DB013EB6B2A855ECE7002FBDD00D2026
:10B0000007F086FCB9E700BFD838002000D0004028
:10B0100000E100E010B5FFF73DFF002806DBC4B2F9
:10B0200021460A480AF0F3FE002800DB10BD214645
:10B0300007480AF0ECFE002803DB064803F08CF911
:10B04000F4E7054B01225A60F7E700BFD83800202B
:10B05000ED380020C038002000D00040F8B50F4681
:10B06000144607E04FF0FF324FF0FF3306F11800AF
:10B0700003F09AF9BCB10D4E4FF0FF324FF0FF33A1
:10B08000304603F091F92246394606F14500FFF7B4
:10B090001FFF0546304603F05FF9002DE2D0641B28
:10B0A000A4B22F44E6E70020F8BD00BFA838002076
:10B0B00010B5184C0122114620460CF0C4FD0122A7
:10B0C000002104F118000CF0BEFD0422082104F157
:10B0D00045000AF0AFFE0C22102104F130000AF006
:10B0E000A9FE0D4BD3F8042522F00102C3F8042574
:10B0F0000024C3F80041D3F800210121C3F8041350
:10B10000196022460D2007F00DFC0D2007F000FC11
:10B11000204610BDA838002000D0004008B90248E1
:10B1200070470020704700BF608F02002DE9F04794
:10B1300086B0884615469946446801F01F06237B71
:10B1400046EA431620460AF03EFF00285DD0B5F5DA
:10B15000001F2AD00DF10C0A0027039704974946D7
:10B1600028460AF06DFF8DF80C00009701970297B2
:10B17000CDF804A0A36823FA08F313F0010F02D15D
:10B18000B5F1A07F18D010346A46314620460CF045
:10B1900016FA214B98423BD10122314620460CF051
:10B1A00032FA002006B0BDE8F087314604F1100005
:10B1B0000CF02DFA0020F5E706F01F03720917D1F5
:10B1C0004FF0A04203F5E07352F8233013F0010F63
:10B1D000D9D104F110050DF11702314628460CF0C3
:10B1E000FAF90E4B984205D00DF117030493CAE704
:10B1F0003A46E7E70DF1170128460CF000FA064B36
:10B200009842F1D06FF00B00CCE76FF08500C9E7F2
:10B210006FF01500C6E700BF0000AD0B0400AD0BDA
:10B22000F0B589B00F461446456801F01F062B7B28
:10B2300046EA431610460AF0CBFE8DF81E0040F297
:10B2400006332340B3F5837F54D016D8062B4DD058
:10B2500006D9B3F5807F0DD101238DF81D3024E090
:10B2600003B3022B03D104238DF81D301DE06FF0D2
:10B27000150039E06FF0150036E040F202229342EB
:10B280003CD0B3F5407F03D103238DF81D300CE093
:10B29000B3F5007F03D102238DF81D3005E06FF078
:10B2A000150021E000238DF81D3014F4002F29D063
:10B2B0006A680123BB40C2F8083528460AF083FEBD
:10B2C00048B310350DF11F02314628460CF083F9C2
:10B2D000074614F4403F37D1314628460CF087F931
:10B2E0003C4B9F426ED0002009B0F0BD06238DF884
:10B2F0001D30DAE707238DF81D30D6E705238DF8DA
:10B300001D30D2E714F4802FD7D06A680123BB40E8
:10B31000C2F80C35D1E7C4F340438DF8083014F47B
:10B32000803F0CBF012300238DF8103000240194CE
:10B330000DF11D0300930DF11E0304AA02A930466E
:10B340000AF0B3FD2046CFE702AA0023029303933D
:10B35000049305930693059204AA314628460CF0FF
:10B360002EF91C4B98421DD114F4003F1DD09DF8BE
:10B370001D308DF8103014F4803F0CBF01230023E2
:10B380008DF811309DF81E308DF81230002304AA7C
:10B39000314628460CF017F90E4B9842A0D06FF0BA
:10B3A0001500A1E76FF015009EE7002304930593B5
:10B3B00006930DF11E03049304AA314628460CF0AF
:10B3C000FEF8E9E79DF81F1028460CF014F900205C
:10B3D0008AE700BF0000AD0B10B5446820460AF0B4
:10B3E000F2FD08B9002010BD103420460CF0FBF827
:10B3F00008B10020F7E7002120460CF0F0F8094BD7
:10B4000098420BD10022084920460CF0E0F80022B7
:10B410000521062007F086FA0020E4E76FF004001B
:10B42000E1E700BF0000AD0B796002002DE9F04FAD
:10B4300085B080460D461646994644680294D0F879
:10B4400010A00AF10403184603934FF0FF324FF0A7
:10B45000FF3302F0A9FF0AF11C0B0022002358461B
:10B4600002F0A2FF204602F017FA002423464F46BE
:10B470001CE0002304EB440205EB820101930097DA
:10B480004B6855F82220097A404600F007F9B0BB16
:10B490004FF480420023584602F086FF0346B8B9B5
:10B4A000DAF83410174A91421BD10134A6421BD955
:10B4B000731EA342DDD9631C03EB430305EB830337
:10B4C0001B7A13F0040F01D00023D3E70123D1E747
:10B4D000029802F0F1F9404600F0CCF86FF0040752
:10B4E00003E06FF0040700E01F46029802F0E4F961
:10B4F000039802F031FF384605B0BDE8F08F0746EB
:10B50000F3E700BF0000AD0B08B50B690278012A14
:10B510000CD0022A0DD012B1074A5A6301E0074A43
:10B520005A6303F11C0002F017FF08BD044A5A6376
:10B53000F7E7044A5A63F4E70100AD0B0000AD0BD6
:10B540000100AE0B0200AE0BB0B582B000AF0446F6
:10B5500040682346826900F1080102F037F92D4B5B
:10B56000984203D100200837BD46B0BD21686D4622
:10B5700000233B7102237B7188B06C4614F11002EA
:10B5800011D00E201AB1042801DD234B6361002382
:10B590003B7002237B709AB1082800DDA16104F1A1
:10B5A0001C0300210AE06FF00040EBE701F1080CFA
:10B5B000BC441CF808CC03F801CB01310129F5D9B2
:10B5C0000D2824DD0E2342B1032139710021797148
:10B5D000B9710121F9717868206100216FF30001D0
:10B5E0006FF341016FF382016FF3C501012060F336
:10B5F0008811C3F30A0363F353216FF31F51002330
:10B600000648F6F74DFEAD466FF00F00ABE76FF062
:10B610001B03D8E70000AD0BA4CB0200E4910200AD
:10B6200010B54468026911F0010F1BD1C1F3420348
:10B63000012B09D0022B0FD00C4A01210C4806F037
:10B6400009FE6FF0150006E023684FF0CC70C3F8D8
:10B6500024051160002010BD23684FF0CD60C3F8B1
:10B660002405F6E76FF01500F5E700BFC4CB020034
:10B67000E491020008B543681B68D3F80805D3F8C5
:10B680000C1502F051F9044B984201D1002008BD7D
:10B690006FF00F00FBE700BF0000AD0B30B587B0C7
:10B6A0009DF82C5040680024019402940394049463
:10B6B000059401F001048DF80440BDF828C08DF810
:10B6C00005C00293049211F0080F06D111F0020F89
:10B6D0000BD165B9CCB920220AE0104A01211048EB
:10B6E00006F0B8FD6FF085000DE0002200E040227A
:10B6F00001A902F0FFF80B4B984209D00B33984296
:10B7000008D16FF00F0007B030BD6FF08500FAE789
:10B710000020F8E76FF00400F5E700BFD8CB020087
:10B72000E49102000000AD0B30B500F01F0C4009A1
:10B7300017D14FF0A04E0CF5E0705EF820500A4C87
:10B740002C4041EA420141EA83039DF80C2043EA80
:10B7500002239DF8102043EA024323434EF8203091
:10B7600030BD4FF0000EE6E7F0F8FCFFF0B583B017
:10B7700005460E46174600241AE04FF0FF302EE033
:10B78000C7F80805D1B3B0F1FF3F0FD055F80E3020
:10B7900013F4004F00D001224FF0000CCDF804C08C
:10B7A0000091C3F341236146FFF7BEFF0134E4B2C9
:10B7B000B44225D24FEA840E55F82430C3F3C72C87
:10B7C000C3F3C321C3F308001CF008021AD1DFF849
:10B7D0003CC01CF8011040F2FF1C6045CDD05B0C52
:10B7E0000B2BCDD00C2B03D06FF0850003B0F0BD38
:10B7F000C7F80C050029C6D10621C4E70621C2E717
:10B800000020F3E76FF01500F0E700BF00CC020066
:10B8100021F07F4100F5A870014B43F820107047DC
:10B82000001001404FF480338340024AC2F8443391
:10B83000704700BF001001404FF480338340024A3C
:10B84000C2F84833704700BF00100140014BD3F8E5
:10B8500004057047001001402DE9F843054689466C
:10B860009046FFF7E9FF28460AF0B4FC4E4603274E
:10B8700010E0FFF7EBFF044649460AF09AFCB0F5EA
:10B88000000F26D928460AF0A5FCB8F1000F22D1F6
:10B890003E19013731462846FFF7BAFF2846FFF721
:10B8A000C1FFFFF7D3FF0446C11C30460AF081FCFC
:10B8B0000A4B98420AD928460AF07FFC0028D8D1C2
:10B8C000B8F1000FE4D06FF0150000E00020BDE8F3
:10B8D000F8830020FBE76FF01500F8E7FDFF7F001D
:10B8E000034B044AC3F80823C3F84823704700BF3A
:10B8F0000010014003000F0010B5012383406FEAE0
:10B90000030C0E4ABFF35B8F52E8001F01EA0C0ED6
:10B9100042E800E4002CF7D1BFF35B8F4FF4803294
:10B9200082400748C0F80823BFF35F8FBFF36F8FD3
:10B930000B4214BF0120002010BD00BF0C390020B5
:10B94000001001404FF480338340144AD2F804239E
:10B95000134201D10020704710B5044601238340F3
:10B96000DB430F49BFF35B8F51E8002F02EA03006E
:10B9700041E8000CBCF1000FF6D1BFF35B8F22FA57
:10B9800004F313F0010F03D120460AF016FC18B19E
:10B9900020460AF01FFC012010BD00BF001001402E
:10B9A0000839002001B9704701238340114ABFF3D1
:10B9B0005B8F52E800CF4CEA030C42E800C100293B
:10B9C000F7D1BFF35B8F4FF4803383400A4AC2F84C
:10B9D0000433BFF35B8F094B1B68BFF35B8FC3401E
:10B9E00013F0010FDFD0064B4FF40032C3F80021F3
:10B9F000D9E700BF0C3900200010014008390020B1
:10BA000000E100E038B51446104619460AF0EEFB96
:10BA100002460D490B68E01A1B184C6844F10004FB
:10BA20000B604C60A2F50013B3F5400F09D2074B31
:10BA30001B68190A1B06D41841F10005044BC3E921
:10BA4000004503F0AFFB38BD602200201039002014
:10BA50006822002038B50D4B1C68250A2406BFF368
:10BA60005F8FFFF7F3FE0346001945F10001B3F5C0
:10BA7000801F0AD2064BD3E90023904271EB0303E7
:10BA800003D210F1807041F1000138BD103900205F
:10BA9000682200202DE9F041064614461D469DF817
:10BAA0002080104619460AF0A1FB0746FFF7D2FF97
:10BAB000A04271EB050319D2201A65EB01011D4B61
:10BAC000984271F100012FD21B4B03EB0613D3E90F
:10BAD0000223AB4208BFA24201D1002018E0424637
:10BAE00039463046FFF7B8FE90B11BE0B8F1000FC1
:10BAF0001DD10123B340114ABFF35B8F52E8000F01
:10BB0000184342E800010029F8D1BFF35B8F002001
:10BB1000094B320103EB0616C6E902450699995016
:10BB2000079B7360BDE8F0816FF01500FAE76FF0D6
:10BB30001500F7E70100800050220020083900209E
:10BB400030B585B0FFF7CCFE00231E4AC2F8083599
:10BB5000002B25DD1B4C0225C4F804531A4B4FF46F
:10BB60000032C3F8802100220121112006F0DAFE04
:10BB7000112006F0CDFE0123A3602360134A136059
:10BB8000002402940194124B0093124A0023204691
:10BB90000AF036FB2846FFF753F9204605B030BDC2
:10BBA0000D4A02EB03124FF0FF304FF0FF31C2E9B4
:10BBB00002014FF480329A400249C1F80423013354
:10BBC000C6E700BF0010014000E100E00C39002092
:10BBD00005BA0100FFFF7F00502200202DE9F04749
:10BBE00082B00446FFF7AEFE10B902B0BDE8F087A0
:10BBF000FFF730FF82460D460AF0FBFA0646154B6A
:10BC000003EB0413D3E90289C24575EB09050BD296
:10BC1000002530460AF0F1FA002DE6D000974246A2
:10BC20004B462046A847E0E70A4A230102EB0411ED
:10BC3000D5584F680020D0504FF0FF324FF0FF33FF
:10BC4000C1E902232046FFF7F7FD20460AF0C2FAB9
:10BC5000DFE700BF5022002010B50D4BD3F80433AE
:10BC600013F0020F03D10024002C0BDD10BD0221C4
:10BC700007480AF068FA0028F5D0064A136801332D
:10BC80001360F0E72046FFF7A9FF0134ECE700BF9F
:10BC9000001001401039002010B584B0B0F1FF3F12
:10BCA00018D001281BDD154B9842A8BF1846044642
:10BCB000134B01221A70FFF7CDFE124B1A685B6816
:10BCC000801AB0F5000F0CD20444B4F5000F09D36C
:10BCD0000A4C07E00A4B00221A70084CEBE70124DB
:10BCE000E6E7064C002012190290019006490091E7
:10BCF00043F100030AF084FA04B010BDFFFF7F0097
:10BD00004D4000206022002005BA010008B5FFF771
:10BD1000A1FE024B1B68C01A08BD00BF60220020B4
:10BD200010B588B0044644238DF81F3001230093DA
:10BD30000DF11F030922818800680AF0A7FA002884
:10BD40007DD15A4B1B68ADF81C301B0C8DF81E3092
:10BD50000323009307AB2022A18820680AF096FAFB
:10BD6000002872D10023ADF818300223009306ABEF
:10BD70002A22A18820680AF089FA00286BD11723AB
:10BD80008DF81730012300930DF117031122A188BC
:10BD900020680AF07BFA002863D108238DF816305A
:10BDA000012300930DF116031222A18820680AF0E6
:10BDB0006DFA00285BD13E4B1B68ADF810301B0CB0
:10BDC0008DF812300323009304AB2322A18820684E
:10BDD0000AF05CFA002850D1022303AA0021204671
:10BDE0000AF044FA1A238DF80B30012300930DF169
:10BDF0000B030A22A18820680AF048FA002842D1E1
:10BE000080238DF80A30012300930DF10A030222EA
:10BE1000A18820680AF03AFA00283AD10C238DF85C
:10BE20000930012300930DF109030D22A188206838
:10BE30000AF02CFA002832D1002008B010BD1D4AAB
:10BE400001211D4806F006FA7BE71C4A01211A4829
:10BE500006F000FA86E71A4A0121174806F0FAF9B7
:10BE60008DE7184A0121144806F0F4F995E7164ABF
:10BE70000121114806F0EEF99DE7144A01210E4810
:10BE800006F0E8F9A8E7124A01210B4806F0E2F9AA
:10BE9000B6E7104A0121084806F0DCF9BEE70E4A71
:10BEA0000121054806F0D6F9C6E700BF10CD020013
:10BEB0003493020008CC02000C9202002CCC020049
:10BEC00048CC020060CC02007CCC020098CC02007E
:10BED000BCCC0200D4CC0200F4CC02002DE9F0412D
:10BEE00082B000AF80460D4616460123FA1D06219A
:10BEF0000AF0BCF900BB0123BA1D072140460AF035
:10BF0000B5F9F8B9BB793C2B22D8BB7903EB4303D5
:10BF1000DA1D02F4FF62ADEB020D6C466A460821A1
:10BF200040460AF0A3F9D8B9BB792F4AA2FB0323F4
:10BF30005B08337000214FE02C4A01212C4806F0A9
:10BF400089F9D8E72B4A0121294806F083F9DCE773
:10BF5000294A0221264806F087F93C23BB71D4E721
:10BF6000264A0121224806F075F9DDE701EB41037D
:10BF70005A0014F81300531CE35C1B0243EA00430D
:10BF8000901C205C034301EB410C05EB8C00C3F3D8
:10BF9000120345F82C30D31C14F803C0131DE35CC6
:10BFA0001B0243EA0C4302F1050C14F80CC043EAEF
:10BFB0000C03C3F312034360013101EB410314F896
:10BFC00013C0D31DE35C1B0243EA0C430832A25C9E
:10BFD0001343C3F31203836033789942C6DB002016
:10BFE0000837BD46BDE8F081ABAAAAAA14CD02006D
:10BFF0000C92020038CD020058CD020090CD020014
:10C0000038B50C4601230AF031F9054608B928462F
:10C0100038BD2346024A0121024806F025F9F6E719
:10C02000ACCD02000C92020030B585B00C468DF804
:10C030000F20012300930DF10F030A468188006849
:10C040000AF024F9054610B9284605B030BD23464C
:10C05000024A0121024806F007F9F5E7CCCD0200BB
:10C060000C92020010B584B0044639238DF80F30CD
:10C07000012300930DF10F032E22818800680AF03E
:10C0800044F9002835D104238DF80E3001230093A4
:10C090000DF10E032522A18820680AF036F970BB45
:10C0A00002238DF80D30012300930DF10D0323229F
:10C0B000A18820680AF029F938BB20238DF80C30BC
:10C0C0000123009303AB3F22A18820680AF01DF9E9
:10C0D00008BB43238DF80B30012300930DF10B03B4
:10C0E0002022A18820680AF010F9D0B9002004B0FD
:10C0F00010BD0F4A01210F4806F0ACF8C3E70E4A05
:10C1000001210C4806F0A6F8CAE70C4A01210948AB
:10C1100006F0A0F8D1E70A4A0121064806F09AF88D
:10C12000D7E7084A0121034806F094F8DEE700BF8C
:10C13000F8CD0200EC91020018CE02002CCE0200D5
:10C1400060CE020080CE02002DE9F04383B000AF44
:10C1500081460D4616460123FA1D2F210AF0C5F827
:10C16000D0B997F8078018F0400F1BD108F03F08AE
:10C1700008EB48035B00DBB2DA1D02F4FC72ADEBA6
:10C18000020D6C466A46282148460AF0AEF888B986
:10C1900086F80080002031E01C4A01211C4806F08E
:10C1A00059F8DEE71B4A0221194806F053F84FF010
:10C1B0001908DDE7184A0121154806F04BF8E7E7B2
:10C1C00000EB40035B005A1CA15CE25C00EB400CFE
:10C1D00005EB4C0C42EA0122EA52DA1CA15C9A1CE3
:10C1E000A25C42EA0122ACF802205A1DA25C043390
:10C1F000E35C43EA0223ACF8043001303378984220
:10C20000DEDB00200C37BD46BDE8F083A8CE02007F
:10C21000EC910200C4CE020090CD020008B50246A7
:10C220000B46024801F0A0FF08BD00BF40080020F7
:10C2300008B5024802F018F808BD00BF4008002009
:10C2400010B503460A46034881680C681946A047A2
:10C2500010BD00BF748F020090B583B000AF6C4674
:10C2600000233B7102237B718AB0EC461CF1100263
:10C270001BD04FF0120E2AB1BEF1040F02DD2B4B82
:10C28000CCF8143000233B7002237B70D2B173468C
:10C29000BEF1080F01DDCCF818000C2B01DDCCF845
:10C2A0001C100CF1200300210AE06FF0004EE2E7C1
:10C2B00001F10800384410F8080C03F8010B0131B3
:10C2C0000129F5D9BEF1110F2DDD12234AB1042148
:10C2D000397100217971B9710121F9717868CCF84F
:10C2E000100000216FF300016FF341016FF3820131
:10C2F0006FF3C501012060F38811C3F30A0363F3F0
:10C3000053216FF31F5100230948F5F7C9FFA546D4
:10C31000002383F31188BFF36F8F0323184602DFD6
:10C320000C37BD4690BD6FF01B03CFE7F8CE02007F
:10C33000BC91020070B504460AF000F8034620786C
:10C340001D4683B1002200232946F7F783FD0646E8
:10C3500070B16278023221460C3009F0DCFA3046C6
:10C3600006F086FE70BD4FF0FF324FF0FF33EBE773
:10C37000002DF7D1024A0121024805F06BFFF1E7D9
:10C3800020CF0200BC91020038B504464FF0FF32C6
:10C390004FF0FF330320F7F74DFD50B1054662889B
:10C3A000043221460C3009F0B6FA284606F060FE49
:10C3B00038BD034A0121034805F04CFFF8E700BFF0
:10C3C0003CCF0200BC91020030B583B004464FF070
:10C3D000FF304FF0FF31FFF721FF10B1002003B015
:10C3E00030BD0DF10701204600F0A2FA0546FFF727
:10C3F0001FFF002DF2D19DF80730042B0AD0022B2D
:10C400000DD0082B10D00B4A01210B4805F02CFF52
:10C410000120E4E72046FFF78DFF0120DFE72046FB
:10C42000FFF7B2FF0120DAE7204609F09CFF012068
:10C43000D5E700BF58CF0200BC91020008B5024901
:10C4400002480BF066FD08BD143A0020502E002073
:10C4500038B504464FF0FF304FF0FF31FFF7DEFEF6
:10C46000054608B1284638BDE068F0F7B6FA05463B
:10C47000FFF7DEFE002DF5D0024903480BF049FD21
:10C48000F0E700BF143A0020502E002038B50546D2
:10C490004FF0FF304FF0FF31FFF7C0FE044608B108
:10C4A000204638BDE86800F02FFA0446FFF7C0FECA
:10C4B000002CF5D1024903480BF02BFDF0E700BF3B
:10C4C000143A0020502E002090B589B000AF544996
:10C4D00054480BF0C3FC00F051FB07F10C00E4F7EB
:10C4E00047FF6C4600233B7102237B7188B0EC460A
:10C4F0001CF1100214D00E2022B1042802DD4A4B98
:10C50000CCF8143000233B7002237B70AAB10828BA
:10C5100002DD464BCCF818300CF11C0300210AE078
:10C520006FF00040E8E701F1200EBE441EF820EC59
:10C5300003F801EB01310129F5D90D283CDD0E236B
:10C540004AB10321397100217971B9710121F97161
:10C550007868CCF8100000216FF300016FF34101FF
:10C560006FF382016FF3C501032060F38811C3F3F9
:10C570000A0363F35321142363F31F5107F10C03E0
:10C580002B48F5F78DFEA5462A480BF095F9B0B17A
:10C59000294BBB6007F10800E4F74EFF0346B0B932
:10C5A0004FF0FF304FF0FF31FFF738FE0446B0B1D7
:10C5B00020462437BD4690BD6FF01B03C0E71F4ADD
:10C5C00001211B4805F046FE6FF01204F0E71C4AFB
:10C5D0000121174805F048FE6FF01504E8E71949F6
:10C5E0001948E4F789FE044678B941F64C537B605C
:10C5F000381DF0F7FEFA58B901233B703846F0F7C2
:10C60000F0FA50B9FFF714FED2E7FFF711FECFE7BB
:10C61000FFF70EFE6FF08504CAE7FFF709FEF9E7A2
:10C6200033640200143A0020C8B6020094CF02001E
:10C63000BC910200748F020041C20100BCCF020015
:10C64000DCCF0200702200203DC4010000B587B09D
:10C6500001238DF80C3003AA02210020E4F706FE26
:10C66000002833DB0823ADF80C3003AA0721002093
:10C67000E4F7FCFD002829DBFB238DF80D308DF855
:10C680000C3002238DF80F3003218DF80E1003AA11
:10C690000020E4F7EBFD002818DB01238DF80C30B7
:10C6A00003AA04210020E4F7E1FD00280EDB1F238C
:10C6B000ADF80C3003AA06210020E4F7D7FD0028CE
:10C6C00004DB40F6D933984203D8002007B05DF868
:10C6D00004FB0090074A0121074805F0D0FD002324
:10C6E00083F31188BFF36F8F0423184602DF6FF0C6
:10C6F0000B00EBE700D00200BC91020008B5064831
:10C70000F9F746FB0548E4F76FFD09F072FE00B14A
:10C7100008BDFFF79BFFFBE750D0020059C20100A4
:10C7200008B50548FFF750FE00B908BD03490448A5
:10C730000BF0EFFBF9E700BF14390020143A00209A
:10C74000502E002042F24403984239D842F243036B
:10C75000984255D242F22603984229D842F20D035C
:10C76000984218D240F2064398424BD040F21D4303
:10C77000984201D00120704700207047A0F5015079
:10C78000283880B2224BC34013F0010F01D10120A1
:10C79000704700207047A0F500500D3880B21D4B47
:10C7A000C34013F0010F01D10120704700207047F2
:10C7B00042F23203984201D00120704700207047B6
:10C7C00042F2850398420FD842F268039842D5D2CC
:10C7D00042F26403984217D042F26603984201D0B5
:10C7E00001207047002070474FF6025398420DD049
:10C7F0004FF60A53984201D001207047002070473D
:10C8000000207047002070470020704700207047CC
:10C810002F80002041120003F0B583B007460E467A
:10C820004378057845EA032504238DF80630354B17
:10C830001C683CB10DF107030DF10602A047044648
:10C84000012821D1AB0AB5F5105F0BD21AB2002A2C
:10C850004BD0013B072B4AD8DFE803F02249272FB2
:10C860003749493F3F2B07D10DF106023146384683
:10C8700009F0A2FE044600E001242846FFF762FF0B
:10C8800080F001008DF807009DF807300BB9012CEE
:10C890002FD122462946304609F0CFFD03B0F0BD26
:10C8A000384609F02FFE0446E7E70DF1060231464F
:10C8B000384609F03EFE0446DFE70DF10602314638
:10C8C000384609F0EFFF0446D7E70DF1060231467E
:10C8D000384609F0CBFD0446CFE70DF1060231469C
:10C8E00038460AF030F80446C7E70124C5E70124BA
:10C8F000C3E723469DF806202946304609F0A6FDE9
:10C90000CCE700BF243A0020074B1B784BB910B589
:10C91000064C2146FFF780FF012304F8013C00206C
:10C9200010BD4FF0FF307047283A0020293A002010
:10C9300038B50C46084B1B7813B9F0F758F838BDDA
:10C94000054DAA780232691C0CF078F80020287096
:10C9500004232370F3E700BF283A002038B50546CA
:10C960000C4609480AF0A8FF80F0010313F0FF0FFE
:10C9700006D1A2B2044883681B682946984738BD8F
:10C980006FF01200FBE700BF748F020008B502E0F1
:10C990004FF0FF3090B120210948FFF7DFFF60B969
:10C9A0002022084906480CF05FF80028F0D004491E
:10C9B00001F1200002F0CCFDECE71F2008BD00BF14
:10C9C000843A0020ACD0020070B5FFF7DFFF0546C7
:10C9D0004FF0FF324FF0FF330120F7F72BFA0446F8
:10C9E00000F10C060221304608F08FFF3E23037051
:10C9F000422343700121304608F087FF082303706B
:10CA00004121304608F081FF05701DB9421C0E4BD4
:10CA100020210AE04022002101300CF01DF811E035
:10CA200013F801C902F801CB01390029F8D12130EE
:10CA3000064B202204E013F8011900F8011B013A0B
:10CA4000002AF8D1204670BDC33A0020E33A002006
:10CA500008B540B108490948024602F08DFD034679
:10CA600018B9002008BD0649F5E7064A0121064825
:10CA700005F0FAFB1220F5E7ACD00200A43A002042
:10CA8000843A002078D00200B491020070B5FFF71C
:10CA9000DFFF05464FF0FF324FF0FF330120F7F77D
:10CAA000C9F9044600F10C060221304608F02DFFBA
:10CAB0003E230370222343700121304608F025FFF6
:10CAC000092303702121304608F01FFF05701DB9AE
:10CAD0000130094B20220AE02022FF2101300BF017
:10CAE000BBFF06E013F8011900F8011B013A002A08
:10CAF000F8D1204670BD00BFC33A002008B50249F6
:10CB000002480BF006FA08BD703A0020502E0020B3
:10CB100008B5BFF35B8F164B1B68BFF35B8F022B0F
:10CB20001DD0042B1FD0012B06D0124A022112481F
:10CB300005F090FB002001E0FFF746FF0C4B0022C0
:10CB4000BFF35B8F53E8001F43E8002CBCF1000FDC
:10CB5000F8D1BFF35B8F08B106F08AFA08BD002058
:10CB6000FFF794FFEAE70120FFF790FFE6E700BF39
:10CB7000803A00209CD00200B491020008B502491E
:10CB800002480BF06BF908BD1B6B0200703A0020E5
:10CB900008B50A4B0122BFF35B8F53E8001F002941
:10CBA00003D143E800200028F7D1BFF35B8F03D106
:10CBB000FFF7A4FF002008BD0C20FCE7803A00200E
:10CBC00008B5A1B10422174BBFF35B8F53E8001FD8
:10CBD000002904D143E8002CBCF1000FF6D1BFF3CB
:10CBE0005B8F1CD100F11F020F4B202106E00222B7
:10CBF000E9E712F801C903F801CB01390029F8D19E
:10CC00003F300A4B202204E010F8011903F8011B01
:10CC1000013A002AF8D1FFF771FF002008BD0C206F
:10CC2000FCE700BF803A0020A43A0020C43A00206C
:10CC300000B583B009F085FF8DF800003223ADF810
:10CC4000043000238DF806308DF801308DF8023065
:10CC5000034A19216846EEF75FFF03B05DF804FB55
:10CC600065CC010090B583B000AF6C4600233B71EA
:10CC700002237B718AB0EC461CF110021BD04FF0EE
:10CC8000120E2AB1BEF1040F02DD2B4BCCF814308A
:10CC900000233B7002237B70D2B17346BEF1080FB4
:10CCA00001DDCCF818000C2B01DDCCF81C100CF1C8
:10CCB000200300210AE06FF0004EE2E701F10800D6
:10CCC000384410F8080C03F8010B01310129F5D99B
:10CCD000BEF1110F2DDD12234AB10421397100215B
:10CCE0007971B9710121F9717868CCF810000021CF
:10CCF0006FF300016FF341016FF382016FF3C50120
:10CD0000012060F38811C3F30A0363F353216FF327
:10CD10001F5100230948F5F7C3FAA546002383F302
:10CD20001188BFF36F8F0323184602DF0C37BD460F
:10CD300090BD6FF01B03CFE7D8D002001492020021
:10CD400030B583B00D4D002400946FF009034FF40B
:10CD500088620B492846F2F7DFFF0A49284601F0AE
:10CD6000ADFC094909480BF079F822460421192045
:10CD700005F0D8FD204603B030BD00BF502E002086
:10CD800080550020ECD00200BF6B0200E43A002086
:10CD900008B5024902480BF0BCF808BDE43A00208F
:10CDA000502E002008B5024B1B680020984708BD94
:10CDB000F43A002008B528B1012802D10448EBF765
:10CDC000B5FD08BD034B1B6801209847F9E700BF7C
:10CDD000A5CD0100F43A0020014B186001487047CE
:10CDE000F43A00200000AD0B03690C2919D110B4EE
:10CDF000196881EAE173A3EBE173980803F0030378
:10CE0000094C04FB03F3002905DB1060536000208C
:10CE10005DF8044B7047404210605B425360002055
:10CE2000F6E76FF08500704790D00300BFF34F8F97
:10CE30000549CA6802F4E062044B1343CB60BFF3B8
:10CE40004F8F00BFFDE700BF00ED00E00400FA05D2
:10CE5000024BD3F80034002BFAD0704700E00140B9
:10CE600008B5034BC3F80405FFF7F2FF08BD00BF88
:10CE700000E0014038B509F0CFFE40B14FF08053DB
:10CE8000D3F82433C3F304237D4AC2F8403509F0B4
:10CE9000D5FE10B17B4B7C4A5A6709F0E5FE48B1DC
:10CEA0004FF08053D3F84432C3F342334FF0804203
:10CEB000C2F83C3509F0EAFE30B1744AD2F8FC30D1
:10CEC00023F08073C2F8FC3009F0F6FE40B14FF059
:10CED00080430022C3F80C21C3F81021C3F8382581
:10CEE00009F0FCFE20B14FF080430322C3F8A025D7
:10CEF00009F00AFF60B1664B0522C3F81026012233
:10CF0000C3F888260022C3F818263F22C3F8142647
:10CF100009F010FF002846D04FF08052D2F80414D8
:10CF20005C4BC3F82015D2F80814C3F82415D2F8C6
:10CF30000C14C3F82815D2F81014C3F82C15D2F825
:10CF40001414C3F83015D2F81814C3F83415D2F8F5
:10CF50001C14C3F84015D2F82014C3F84415D2F8B5
:10CF60002414C3F84815D2F82814C3F84C15D2F885
:10CF70002C14C3F85015D2F83014C3F85415D2F855
:10CF80003414C3F86015D2F83814C3F86415D2F815
:10CF90003C14C3F86815D2F84014C3F86C15D2F8E5
:10CFA0004424C3F8702509F0E7FE48B14FF08053E0
:10CFB000D3F8583203F04F034FF08042C2F8E43EFA
:10CFC00009F0ECFE60B14FF08043D3F8003413F069
:10CFD000010F05D04FF080436FF00102C3F8002429
:10CFE00009F0EEFE30B12C4AD2F83C3743F48063AE
:10CFF000C2F83C37254AD2F8883043F47003C2F8AF
:10D000008830BFF34F8FBFF36F8F09F001FF4FF0F0
:10D010001023D3F80C3213F0010F0CD14FF0102372
:10D02000D3F80032002B18DB4FF01023D3F8043272
:10D03000002B12DB38BD0120FFF712FF4FF010224A
:10D04000D2F80C3223F00103C2F80C32FFF700FFD4
:10D050000020FFF705FFFFF7E9FE0120FFF700FFC3
:10D060004FF010241525C4F80052FFF7F1FEC4F864
:10D070000452FFF7EDFE0020FFF7F2FEFFF7D6FEA9
:10D080000030014000C007400DF0ADBA00ED00E0F7
:10D090000050004000C000400010004010B504687F
:10D0A000CCB1B4FA84F3C3F11F03DBB201229A407E
:10D0B00024EA0202BFF35B8F50E800CFA44504D1FD
:10D0C00040E8002EBEF1000FF6D1BFF35B8FE6D132
:10D0D0000B70024810BD0248FCE700BF0000AD0B1A
:10D0E0000200AD0B0368CB4013F0010F15D100B562
:10D0F000026801238B401343BFF35B8F50E800CFDE
:10D10000944504D140E8003EBEF1000FF6D1BFF3D4
:10D110005B8FEDD102485DF804FB0248704700BF09
:10D120000000AD0B0400AD0B00F01F0240090CD154
:10D130004FF0A04102F5E07251F82200044B034089
:10D1400043F0020341F8223070470021F2E700BFAC
:10D15000F0F8FCFF00487047240700202DE9F0415B
:10D1600084B005460C4616461F46084609F038FFAF
:10D17000804656B32146284609F083FF28B1214650
:10D18000284609F03EFF002841D12146284609F0F3
:10D1900047FF10B17378012B39D001238DF80F3080
:10D1A000002301930096B31C721C0DF10F01204661
:10D1B00009F0B7FE2879FFF7CDFF08F1080230F833
:10D1C000123043F0030320F81230002F39D02146EB
:10D1D000284609F056FF002835D13E782B6806F521
:10D1E000A272002143F822102879FFF7B3FF08F15B
:10D1F000080230F8123023F02003DB04DB0C20F8A7
:10D2000012307B782BB9114804B0BDE8F08110488A
:10D21000FAE7BA78009222463146286809F026FEDD
:10D220002879FFF797FF024608F1080032F810301E
:10D230007603B6B2334343F0200322F8103003489C
:10D24000E2E70248E0E70248DEE700BF0000AD0B7E
:10D250000400AD0B70B506460D46144609F0D1FE2C
:10D2600068B13079FFF776FF0646284609F0B8FE28
:10D27000083036F810305B0B2370024870BD02484E
:10D28000FCE700BF0000AD0B0400AD0B2DE9F04141
:10D2900082B00546884616461F460AF07BF8AEB3B4
:10D2A0003A463146284609F048FF041E20DB28791B
:10D2B000FFF750FF40F834602879FFF74BFF00EB91
:10D2C000C40047602879FFF745FF0546404609F04E
:10D2D00087FE083035F81030E4B26402A4B223436C
:10D2E00043F4807325F81030094802B0BDE8F0819E
:10D2F0002879FFF72FFF0DF107015830FFF7CEFE19
:10D30000034B9842F1D19DF80740D0E70048ECE785
:10D310000000AD0B2DE9F04385B004460D461746DD
:10D32000084609F05DFE0646D7F80080B8F1000F08
:10D3300028D02946204609F093FE00284FD100232B
:10D340008DF80E308DF80F300193009343460DF1A8
:10D350000F020DF10E01284609F0E3FD2079FFF7D9
:10D36000F9FE06F1080830F8183023F0020320F81F
:10D3700018302079FFF7EEFE30F8183043F0010343
:10D3800020F818307B68F3B193F80080D3F804904C
:10D390002946204609F055FE18B3B9F1000F65D1B2
:10D3A0002079FFF7D7FE083630F8163023F01C033B
:10D3B00020F816302079FFF7CDFE30F8163043EA1A
:10D3C000880320F81630BA68002A53D053681268D0
:10D3D00029462046FFF75AFF05B0BDE8F0832648EE
:10D3E000FAE72079FFF7B6FE06F1080230F81230AE
:10D3F00023F02003DB04DB0C20F81230B9F1000F1E
:10D40000CED0B8F1030F33D87B685B6893F80090F7
:10D41000B8F1000F06D1236809F5A279002243F87C
:10D420002920BDE7404609F034FE0346216809F58E
:10D43000A27C51F82C2022F0030241F82C202A462D
:10D440004946206809F0F8FC2079FFF783FE06F1D1
:10D45000080230F812304FEA49391FFA89F943EAD5
:10D46000090343F0200320F8123099E70248B3E79C
:10D470000148B1E70148AFE70400AD0B0000AD0B78
:10D4800038B505460C4609F0ADFD08B9074838BD6A
:10D490002146284609F02EFE2146284609F0A5FF20
:10D4A0002046FFF741FE0248F1E700BF0400AD0B44
:10D4B0000000AD0B70B582B005460E460079FFF74F
:10D4C00049FE90F8603013B10B4802B070BD0446BD
:10D4D0004022002110300BF0BFFA236D009300238F
:10D4E00032464FF00041286809F0A9FF012384F873
:10D4F0006030A3650148E8E70C00AD0B0000AD0B00
:10D5000008B5024902480AF040F808BD2407002087
:10D5100000600040034610F0010F08D1064813F0E8
:10D52000020F00D0054813F0040F02D170470448E1
:10D53000F5E70448FAE700BF0100AD0B0100AE0BB0
:10D540000000AE0B0200AE0B30B583B004460D46B2
:10D55000294B01930023C0F80431D0F80421C0F80E
:10D560002431D0F82421C0F81C31D0F81C21C0F897
:10D570000831D0F80821C0F800324B6381F82F3011
:10D580000123036291F82D30012B01D00123836028
:10D59000294620460AF04DF82B685BB140F28623FD
:10D5A000AB60AB68C4F80433144803B030BD019BD2
:10D5B000013B0193019B002B05DD294620460AF023
:10D5C00087F80028F3D195F82F303BB1D4F8C40484
:10D5D000C4F8C40470B1FFF79DFF00E00748019B49
:10D5E000002BE2DC0023C4F800350523C4F8003525
:10D5F0000348DAE70248F2E7A08601000000AD0B1D
:10D600000100AD0B30B583B004460D462D4B0193A0
:10D610000023C0F80431D0F80421C0F82431D0F838
:10D620002421C0F81C31D0F81C21C0F80831D0F8F2
:10D6300008214B6381F82F308B6A012B15D0012311
:10D64000C4F800320123236295F82D30022B01D05B
:10D65000012323602B689BB140F28623AB60AB684B
:10D66000C4F80433184803B030BD0B6A13F0400F00
:10D67000E5D10223C0F80032E4E7019B013B0193AE
:10D68000019B002B05DD294620460AF021F80028E1
:10D69000F3D195F82F303BB1D4F8C404C4F8C404D6
:10D6A00070B1FFF737FF00E00748019B002BDADC81
:10D6B0000023C4F800350523C4F800350348D2E739
:10D6C0000248F2E7A08601000000AD0B0100AD0B9F
:10D6D000F8B507460C4694461E4691F82D30012BAE
:10D6E0002CD0022B2FD0274BC7F8083394F83030BA
:10D6F0007BBB16F0040F0CBF0123002384F83030ED
:10D70000266204F10C0E65460FCDAEE80F002B68C3
:10D71000CEF80030DCF80430A362DCF80C30636231
:10D720009CF80130C7F888359CF80030012B21D0D7
:10D73000A3B916F0200F1BD0012310E01278012AA4
:10D74000CFD1114813E09CF80030012BCBD00E480C
:10D750000DE0A368C7F804330C4808E0012384F8FF
:10D760002C3021463846FFF7EFFE23683BB1F8BD69
:10D770000023F4E721463846FFF744FFF5E784F835
:10D780003030F4E7864204000500AD0B0B00AD0B12
:10D7900010B5CB7B33B903684A680C68C3F80845F9
:10D7A000C3F80C2503688A68C3F824250379C3EB02
:10D7B0000313054A52F8233023B1006840F30730C1
:10D7C00005F0A6F810BD00BFFC3A002070B5047942
:10D7D000C4EB041C2C4D05EB8C0C9CF82E50002D3A
:10D7E0004FD1294EC4EB041C06EB8C0546F82C20C7
:10D7F0006B600023AB6085F82D3085F8313085F8FB
:10D80000303081B34D7B06EB8C0383F838508A7B34
:10D8100083F839202ABB0B6803F01F025B092CD167
:10D820004FF0A04502F5E07255F82260174B3340E7
:10D8300043F4C16343F0040345F822304B6803F01E
:10D840001F025B091BD14FF0A04502F5E07255F8AD
:10D8500022600E4B334043F4C16343F0040345F8A8
:10D860002230FFF795FFC4EB0414074B03EB84034E
:10D87000012283F82E20064870BD0025D2E700253E
:10D88000E3E70448F8E700BFFC3A0020F0F8FCFFAB
:10D890000000AD0B0C00AD0B037902680521C2F846
:10D8A0000015C3EB0313034A02EB8303022283F840
:10D8B0002E207047FC3A0020037902680B49C2F819
:10D8C0000813D2F8001221F00301C2F80012002060
:10D8D000C2F80005064AC3EB031102EB81014FF0C9
:10D8E000010C81F82EC081F8300070478642040098
:10D8F000FC3A002008B5134690F804C0CCEB0C1C91
:10D900000A46034901EB8C010068FFF7E1FE08BD00
:10D91000FC3A002008B50249024809F055FF08BD4D
:10D92000FC3A0020003000402DE9F84300F01F03CE
:10D9300040093ED14FF0A04501269E40C5F808653C
:10D9400001F01F08490936D14FF0A0474FF00109F7
:10D9500009FA08F9C7F8089503F5E07355F823208C
:10D960002148024040F20D610A4345F8232008F5A2
:10D97000E07257F8223003400B4347F8223004206E
:10D9800009F056FA0024082C17D8D7F8103523FAD6
:10D9900008F313F0010F10D1C5F80C65042009F04D
:10D9A00047FAC5F80865042009F042FA0134E4B2E8
:10D9B000E9E70025C0E70027C8E7C7F80C95042071
:10D9C00009F036FAC7F80895042009F031FAD7F8BB
:10D9D000103523FA08F313F0010F02D00348BDE815
:10D9E000F8830348FBE700BFF0F8FCFF0000AD0B35
:10D9F0000100AD0B10B5134CA822002120460BF0FE
:10DA00002BF80323236163610F4AA2610F4BE3618B
:10DA10004FF4806323620023A3626362E3622266A1
:10DA20000B4A62661022A2662367E366636706E01C
:10DA3000C3F10F020749895C024AD15401330F2B0D
:10DA4000F6D910BD483F002040D10200483B0020DD
:10DA5000383B00204CD102002DE9F84304460E4625
:10DA60001546304B00EB400003EBC000826A476A6A
:10DA7000601C00EB400003EBC00358683844BA4216
:10DA80003CD804EB4401274B03EBC103D3F82080BF
:10DA9000A8EB070909F1FF339D4204D913449D42C5
:10DAA0000ED900202FE02A4631460AF0C7FF2F4446
:10DAB00004EB44041B4B03EBC4035F62012022E030
:10DAC0004A4631460AF0BAFFA7EB080818EB0505ED
:10DAD00007D104EB4404134B03EBC4035D62012044
:10DAE00011E0631C03EB43030E4A02EBC3032A4617
:10DAF00006EB090158680AF0A1FFEAE7D21B013AD8
:10DB0000AA4202D20020BDE8F8832A460AF096FF16
:10DB10002F4404EB4404034B03EBC4035F62012076
:10DB2000F1E700BF483F0020064B00EB400203EB4B
:10DB3000C202926A00EB400003EBC003586A801AED
:10DB4000704700BF483F002008B54FF0FF324FF04C
:10DB5000FF33024800F008FB08BD00BF5408002056
:10DB600008B5024800F080FB08BD00BF5408002043
:10DB7000034B00E01433034A9342FBD3704700BFCA
:10DB80004C8F0200D88F020004280CD8DFE800F088
:10DB9000030D050709000648704706487047064808
:10DBA000704706487047064870470648704700BFF0
:10DBB00060D1020084D1020094D10200A0D1020001
:10DBC000B0D1020070D1020030B108B50AF083FA7A
:10DBD00020B1037823B108BD024870470148FAE735
:10DBE0000048F8E7BCB0020010B50446F4F760FA4C
:10DBF000034A0121034804F02DFB204609F06CFE86
:10DC0000C0D10200349202002DE9F04782B000AF8B
:10DC100005460C46EFF31188402383F31288BFF3C7
:10DC20006F8FDFF8D091D9F80860FFF7ADFF99F852
:10DC30001010E94601233B7103237B718AB0EC4647
:10DC40001CF1100221D04FF0160E5AB17346BEF1EE
:10DC5000040F03DDDFF8A0A1CCF814A0082B01DD30
:10DC6000CCF8185001233B7003237B70D2B173466C
:10DC7000BEF10C0F01DDCCF81C00102B01DDCCF83F
:10DC800020100CF1240300210AE06FF0004EDCE7C5
:10DC900001F10800384410F8080C03F8010B0131B9
:10DCA0000129F5D9BEF1150F50DD16234AB1052122
:10DCB000397100217971B9710121F9717868CCF855
:10DCC000100000216FF300016FF341016FF3820137
:10DCD0006FF3C501012060F38811C3F30A0363F3F6
:10DCE00053216FF31F5100233F48F4F7D9FACD4673
:10DCF0001CB1E369C3F308035BBB3046FFF764FF65
:10DD0000E94601233B7103237B718AB0EC461CF189
:10DD1000100224D04FF0120E52B17346BEF1040F20
:10DD200002DD3249CCF81410082B01DDCCF8186064
:10DD300001233B7003237B70F2B1BEF10C0F01DDB8
:10DD4000CCF81C000CF12003002113E06FF01B0342
:10DD5000ACE7274A0121244804F07CFACDE76FF0B4
:10DD6000004ED9E701F10800384410F8080C03F818
:10DD7000010B01310129F5D9BEF1110F31DD12235B
:10DD80004AB10421397100217971B9710121F97108
:10DD90007868CCF8100000216FF300016FF34101A7
:10DDA0006FF382016FF3C501012060F38811C3F3A3
:10DDB0000A0363F353216FF31F5100230A48F4F75A
:10DDC0006FFACD4621462846FFF70EFF88F31188EB
:10DDD000BFF36F8F3046F5F781FB0837BD46BDE8CE
:10DDE000F0876FF01B03CBE7349202001CD20200D5
:10DDF000F8D10200F03F0020D0D1020038B505462E
:10DE00000A4B53F8204002E02368984708346B1C03
:10DE1000064A52F82330A34206D96368002BF3D098
:10DE2000204609F061FDF1E738BD00BF3CD2020099
:10DE3000F0B587B0C0EB4016104D05EBC60600EB01
:10DE400040000F4B03EBC0030E4A059201220492DF
:10DE50000F22039200220292019200930A4B4FF488
:10DE6000A0720A4901EBC011304600F047FC737BF9
:10DE700023F00403737307B0F0BD00BF682F0020C8
:10DE8000F03F002034D202008D7A02008062002030
:10DE900008B553EA020102D10AF01FF908BD024990
:10DEA000183001F0F9F8F9E72183020010B586B0C7
:10DEB000184C14E0636A0593236A0493E36903939F
:10DEC000A36902936369019323690093E368A268DD
:10DED0006168206800F012FC23685C6530340E4BEA
:10DEE0009C42E7D300F0D0FE0A4C00E030340A4BED
:10DEF0009C420BD2A26AE36AB3F1FF3F08BFB2F1C2
:10DF0000FF3FF3D02068FFF7C3FFEFE700F0D4FE38
:10DF100006B010BD109102001091020008B50A4B26
:10DF200001221A700320FFF769FFF4F7FFFC0420B9
:10DF3000FFF764FFFFF7BAFFF2F7F2F8034A137B2B
:10DF400023F00103137308BD4E4000206030002011
:10DF500008B50146014A0248F5F7BCFC1DDF010087
:10DF60006030002008B50348034A121A002109F066
:10DF7000D3FC08BDD00900205040002010B5044655
:10DF8000FFF756FFC4EB44130B4901EBC3010B4AE7
:10DF900004EB440302EBC303D9601C7404EB0411CB
:10DFA000074B03EBC11303F5086304EB440402EBD6
:10DFB000C402536010BD00BF682F0020F03F002056
:10DFC000005A002070B586B000F094FE104D114B41
:10DFD0009D61114B05930123049300240394029443
:10DFE000019400940D4B4FF480620D49284600F0D7
:10DFF00085FB06466B7B23F004036B7328460AF00F
:10E000000FF92046FFF7BAFF304606B070BD00BFDB
:10E0100060300020F03F0020BC9A02001DDF0100AC
:10E020000064002008B50020FFF7E8FE1F4B83F3D3
:10E0300008881F4C636943F400736361E02384F82C
:10E0400022302023E377002525766576A57684F8AF
:10E050002050636A43F4E023636284F82350F5F7A9
:10E06000BDF9F5F75FFC4FF0FF33A362E362F5F70C
:10E070004FFDF5F787FCF3F783FF0E4B01245C732C
:10E080001C73C3F89850C3F89C50C3F8A4500A4AB4
:10E090009360FFF76DFD2046FFF7B0FE0220FFF70B
:10E0A000ADFEFFF78FFFFFF753FF00BF8062002038
:10E0B00000ED00E070320020F03F002010B5064C6B
:10E0C00005E0A2686168204609F02EFC1434034B79
:10E0D0009C42F6D3002010BD4008002040080020DC
:10E0E00010B5064C002000E01C34054B9C4204D2C5
:10E0F000204609F08CFC0028F6DA10BDEC07002061
:10E100004008002030B583B00D46EFF31181402464
:10E1100084F31288BFF36F8FC46864B12C602368E6
:10E12000C360836901338361002081F31188BFF3E9
:10E130006F8F03B030BD00F1080C53EA020404D124
:10E1400000232B606FF00B00EFE700920193024673
:10E15000604600F0D7FC0028EBD1024B9B685B695E
:10E160002B60E6E7F03F00202DE9F04182B0044645
:10E17000EFF31187402181F31288BFF36F8FC168DD
:10E1800099B9002950D1364B9B6893F90E30236121
:10E190000131E160324B9B68A36087F31188BFF3C4
:10E1A0006F8F002002B0BDE8F08116461D468268E0
:10E1B0002B4B9B689A42E4D055EA060136D092F97F
:10E1C0000E80414693F90E0009F06DFC804534DC69
:10E1D0004FF000080096019522463946214800F08C
:10E1E00091FC0028DED0EFF31185402383F31288E1
:10E1F000BFF36F8FA36843B323689C4223D013B34C
:10E20000216993F90E0009F04EFC0146204609F001
:10E2100055FCE8B9B8F1000F1AD185F31188BFF3A6
:10E220006F8F6FF00A00BDE72369B0E787F31188AD
:10E23000BFF36F8F6FF00F00B4E70146204609F07F
:10E240003DFC8046C6E72169E0E7B8F1000FE4D065
:10E250002946044800F0CEFC6FF00A00A2E700BF98
:10E26000F03F00201C40002038B583687BB3044693
:10E270001A4A926893422DD1C368012B03D9013BFE
:10E28000C360002038BDEFF31185402383F312886B
:10E29000BFF36F8F016909F011FC20460AF06BF89B
:10E2A000A06068B190F90E3023610024C0F8B0403E
:10E2B00009F0B6FF29460A4800F09CFC2046E1E739
:10E2C0000020E06085F31188BFF36F8FDAE76FF00D
:10E2D0001500D7E74FF0FF30D4E700BFF03F002034
:10E2E0001C40002010B582B001468446EFF3118433
:10E2F000402080F31288BFF36F8F5CF8080B88B161
:10E30000036823F003030B604A68904208D00121A0
:10E3100009F061FC84F31188BFF36F8F02B010BD68
:10E320004B60F4E753EA02010BD00092019362467E
:10E330002146604600F0E6FB48B9064B9B685869E9
:10E34000ECE784F31188BFF36F8F0020E6E700202D
:10E35000E4E700BFF03F002038B50446EFF3118535
:10E36000402383F31288BFF36F8F0AF004F848B19B
:10E370000022C0F8B02009F053FF2946094800F0F8
:10E3800039FC38BDA368E268934208D001221344E7
:10E39000A360022104F110000AF028FBEDE700223F
:10E3A000F5E700BF1C40002010B582B0EFF31181EB
:10E3B000402484F31288BFF36F8F846844B1013C1A
:10E3C000846081F31188BFF36F8F002002B010BD0D
:10E3D00053EA020406D0009201930246054800F079
:10E3E00091FBF3E781F31188BFF36F8F6FF00F009C
:10E3F000ECE700BF1C40002000B585B0094A02AB25
:10E4000092E8030083E8030000934FF0FF334FF4DA
:10E41000046205490548F1F77FFC002005B05DF86E
:10E4200004FB00BF389302008068002058310020B0
:10E4300070B338B50D4604461B4B9B6883421BD016
:10E4400000231A46D4F81031C3F38001C3F3C0008F
:10E4500013F0010F1FD001B102B300B109B30023C3
:10E460002B60D4F8FC3073B11D60C4F8FC5020461A
:10E4700009F05BFC012038BD09F001FE08B9012359
:10E48000DFE70023DDE7C4F8FC50C4F8F850EEE7FE
:10E490006FF0150070476FF01200ECE76FF00F009F
:10E4A000E9E76FF00F00E6E7F03F002038B50446DB
:10E4B0000D4608300122002109F0C5FB65600023EC
:10E4C0002360054B5B681BB11C60034B5C6038BD6F
:10E4D000014B5C601C60FAE71C40002010B5C3686B
:10E4E00023F00203C360134B1C687CB1236803B1A3
:10E4F0000CB100210FE02346FBE722460D4809F04E
:10E50000CEFB04F10800FFF727FF10BD2346F0E71C
:10E510001A461C461346002CF7D062688242ECD0A3
:10E520002146002BF4D01A68002AF2D0002BF0D13B
:10E530001A46EEE71C40002070B584B0054616E090
:10E54000D5F8103123F00402C5F8102113F0040FA0
:10E550005BD1002302934FF0FF324FF0FF33CDE940
:10E56000002305F580723146314800F093FCEFF34B
:10E570001186402383F31288BFF36F8FD5F8F840DC
:10E58000002CDDD02368C5F8F830D5F8FC20944283
:10E5900038D0D5F8103143F00203C5F81031E368E4
:10E5A00043F00102E26023F0040343F00103E3605F
:10E5B000636886F31188BFF36F8F20469847EFF3A7
:10E5C0001186402383F31288BFF36F8FE36823F033
:10E5D0000103E36013F0100F21D1E36813F0020F81
:10E5E00021D1D5F8103123F00203C5F81031C3F35F
:10E5F000002386F31188BFF36F8F002BB7D100F093
:10E6000081FBB4E7C5F8FC30C3E705F5847400224C
:10E610000121204609F043FF0028F8D199E7204660
:10E6200009F0FAFBD9E72046FFF758FFD9E700BF0A
:10E630002440002008B58446084653EA02010CD065
:10E64000C16841F00801C160DCF800108162054931
:10E65000103000F021FD012008BD614609F070FB7B
:10E66000FAE700BFA17D020010B504461030012278
:10E67000002109F0E8FA0449204609F0EFFBE368BD
:10E6800043F01003E36010BDE57C020008B50146CD
:10E69000014809F03EFC08BD5831002008B501468C
:10E6A000014809F07EFC08BD5831002008B501463C
:10E6B000014809F08FFC08BD5831002010B5044610
:10E6C00040B11F2204F178000AF0DEF9002084F83E
:10E6D000970010BD014B9C68F3E700BFF03F00209E
:10E6E00008B553EA020102D109F0F7FC08BD02495E
:10E6F000183000F0D1FCF9E7218302002DE9F04F3A
:10E7000085B004460F4615461E46DDF838A0DDF8F4
:10E710003C90DDF84080DDF84CB000F15803836593
:10E72000C365129B0422119909F0DBFC2A46394685
:10E73000204609F0AAFC0546CDF80880CDF80490E3
:10E74000CDF800A03346024639462046F4F7E6FFEE
:10E75000002363656666C4F868A0C4F86C90C4F8CA
:10E760007080EFF31182402383F31288BFF36F8F21
:10E77000124B996A61679C6282F31188BFF36F8FB5
:10E78000BBF1000F13D01F22594604F178000AF0A4
:10E790007BF9002384F89730084B9B685BB1D3F872
:10E7A000A430C4F8A430284605B0BDE8F08F00239B
:10E7B00084F87830F0E7C4F8A430F4E7F03F0020A4
:10E7C00010B5114B53F81C4F9C420FD074B180B957
:10E7D0000D4B9B685A7B12F01F0F0AD1A26942B9F8
:10E7E000DA897F2A05D9084A93610BE0064BDC6879
:10E7F000EDE7054B9B68A34202D0204600F092FB58
:10E80000014B9C6110BD00BFF03F002008B5437B69
:10E8100090F90D20002A08DB094B9B68834214BF46
:10E8200000200120FFF7CCFF08BD03F07F034373F6
:10E830004268036813605A60002303604360EBE79B
:10E84000F03F0020B3F1FF3F08BFB2F1FF3F00D11E
:10E85000704708B50249183000F01EFC08BD00BF23
:10E8600021830200427B90F90D30002B33DB70B521
:10E87000044612F01F0F01D1866906B170BD62F027
:10E880007F024273144B53F81C5F9D4208D13546FA
:10E8900006E06B68636025601C606C6017E03546BD
:10E8A0006DB12946204609F05DFC0028F1DC002D01
:10E8B000F6D0094B1B6A9D42F1D02D68F0E7064B5C
:10E8C0001A6A03F11C012160626014601C6200205E
:10E8D000FFF776FFD2E77047F03F0020437B0B4203
:10E8E0005FD170B504460D460B43437313F0800FA0
:10E8F00022D1082D2BD000260120FFF761FF102D1B
:10E9000048D02046F4F7BEFF204600F06BFB66B10E
:10E91000244B01225A731A730022C3F89820C3F8BB
:10E920009C20C3F8A420204A9360BFF35F8F637BD1
:10E9300023F06003637370BD03F07F034373426889
:10E94000036813605A60002303604360D1E7A36843
:10E950005BB16268236813605A60002323606360C0
:10E96000627B22F002026273A36004F1180009F0D6
:10E9700000FE04F1580009F0FFFB0B4B9B68A3421B
:10E9800001D00026B8E7EFF305830BB90026B3E703
:10E990000126B1E7BFF35F8F637B23F060036373EE
:10E9A000C9E7704770320020F03F002038B50546B7
:10E9B0000C46124B9868437B13F0600F05D013F0A0
:10E9C000200F07D00821FFF789FF84F31188BFF3D8
:10E9D0006F8F0EE01021F6E7EFF31184402383F3ED
:10E9E0001288BFF36F8F09F05CF884F31188BFF3CE
:10E9F0006F8F6B7B13F0600FEED138BDF03F0020BE
:10EA0000F8B504460E46154600F1580709F097FB85
:10EA1000B8B1637B55B1202213436373EFF30583D1
:10EA200033B131462046FFF7C1FF17E04022F3E73C
:10EA30003946104B986809F0BCFB304609F08EFB54
:10EA40000CE065B108212046FFF748FF094B9B68A1
:10EA5000A34206D086F31188BFF36F8FF8BD102153
:10EA6000F1E7EFF30583002BF4D1304609F076FB94
:10EA7000F4E700BFF03F002038B50546437B90F92E
:10EA80000D20002A0ADB6B7B63F07F036B731C4B4A
:10EA900053F81C4F9C4213D1002411E003F07F0374
:10EAA00043734268036813605A6000230360436045
:10EAB000E9E763686B602C601D60656017E0002407
:10EAC0006CB12146284609F04DFB0028F1DC002CF2
:10EAD000F6D00B4B1B6A9C42F1D02468F0E7084B40
:10EAE0001A6A03F11C0129606A6015601D62044BFB
:10EAF0009868A84214BF00200120FFF761FE38BDCE
:10EB0000F03F002010B50C4611460A4882680A4BB7
:10EB10001A60EFF31183402383F31288BFF36F8FE2
:10EB2000DDE90223806809F06FFB2046F4F7F0FC72
:10EB300010BD00BFF03F0020244000202DE9F0412F
:10EB400005460F460023EFF31186402282F3128818
:10EB5000BFF36F8F184629E063686B602C601D60FF
:10EB6000656017E044466CB12146284609F0FAFA80
:10EB70000028F1DC002CF6D01D4B1B6A9C42F1D022
:10EB80002468F0E71A4B1A6A03F11C0129606A60D5
:10EB900015601D620120FFF713FE012001E0AF7335
:10EBA000002086F31188BFF36F8F0123F3B96B7BCD
:10EBB00013F01F0FF3D1D5F81880B8F1000FEED184
:10EBC00003F07F036B736A682B6813605A6000233D
:10EBD0002B606B60AF736B7B63F07F036B73044BD5
:10EBE00053F81C4F9C42BED14446BCE7BDE8F081BF
:10EBF000F03F002008B50B4659B9EFF3058242B942
:10EC0000064A90699268904203D00846F4F780FC67
:10EC100003E083F31188BFF36F8F08BDF03F00203E
:10EC200010B5EFF31184402383F31288BFF36F8F85
:10EC3000437B13F0040F04D184F31188BFF36F8F6B
:10EC400010BD23F004034373FFF70CFE2146024876
:10EC5000FFF7D0FFF4E700BF2440002008B50346CB
:10EC600050B9EFF305823AB9064A91699268914228
:10EC700002D0F4F74DFC03E083F31188BFF36F8FEC
:10EC800008BD00BFF03F00200023EFF311814022B8
:10EC900082F31288BFF36F8F09E0064B9A68D37B2B
:10ECA000013BD37381F31188BFF36F8F0123002BD6
:10ECB000F3D07047F03F002010B50023EFF311842C
:10ECC000402282F31288BFF36F8F0CE0084B9A68E2
:10ECD000D37B0133D3730020FFF772FD84F31188D7
:10ECE000BFF36F8F0123002BF0D009F093FB10BD11
:10ECF000F03F002008B5024809F0A7FB08BD00BF9F
:10ED00000840002070B5EFF31186402383F312888A
:10ED1000BFF36F8F1E4B9A68517B01F07F015173D7
:10ED200050681168016048600021116051609D6861
:10ED30006A7B62F07F026A7353F81C4F9C4208D1D1
:10ED4000002406E063686B602C601D60656017E05E
:10ED500000246CB12146284609F004FA0028F1DCB1
:10ED6000002CF6D00A4B1B6A9C42F1D02468F0E7D5
:10ED7000074B1A6A03F11C0129606A6015601D6265
:10ED80000120FFF71DFD3046F4F7C2FB70BD00BF48
:10ED9000F03F00202DE9F04150EA010337D004464E
:10EDA0000E466FF001031B1A4FF0FF3262EB0102B7
:10EDB000012B72F100022EDB6FF001052D1AEFF32B
:10EDC0001188402383F31288BFF36F8F144FB86804
:10EDD000144B1860FFF71AFDB868224633461249F3
:10EDE000183000F059F9BA68537B43F0100353739D
:10EDF0004046F4F78DFB09F0D9FB281A63EB0303B7
:10EE0000012873F1000300DA0020BDE8F081FFF76C
:10EE100079FF0020F9E709F0C9FB0519CFE700BF2A
:10EE2000F03F0020244000202183020008B5B1F10A
:10EE3000FF3F08BFB0F1FF3F1DD0FFF7ABFFC21788
:10EE4000510141EAD06143011B1A61EB02018900C3
:10EE500041EA93719B001B1842EB0102D20042EA87
:10EE60005372DB0047F6FF71581842F10002C00BE5
:10EE700040EA424008BD034B986809F0ECF94FF0B6
:10EE8000FF30F7E7F03F0020014B9868704700BF64
:10EE9000F03F002010B582B0069C9DED047B8DED07
:10EEA000007BFFF72FFE1CB1024B9B685B69236060
:10EEB00002B010BDF03F0020044BC01AC010044B3C
:10EEC00003FB00F0034B01221A5470476833002003
:10EED000ABAAAAAA28400020C3897F2B11D80E4BC9
:10EEE0001B687BB190F90E200C4B1B689A420CDB1F
:10EEF000437B13F01F0F0AD1094B984209D001231D
:10EF000000E0002303F0010070470023FAE700232C
:10EF1000F8E70023F6E700BF304000202C40002037
:10EF2000682F002070B505460D4B1E7C06EB46038E
:10EF30000C4C04EBC304204609F01BFB0A4B0022D7
:10EF40009A552846FFF7C8FF00B970BD074B1A68ED
:10EF5000013AD3170649204600F09EF8F5E700BFB6
:10EF6000F03F00206833002028400020304000207F
:10EF7000B9EE010038B5EFF31185402383F3128811
:10EF8000BFF36F8F144B9C68144B1B68A34217D0C0
:10EF9000124B00221A60104B1B7C114AD35C53B1F8
:10EFA0002046FFF799FF30B1637B13F01F0F0FD09E
:10EFB0002046FFF7B7FF85F31188BFF36F8F38BD89
:10EFC0002046FFF7AFFF85F31188BFF36F8FF6E799
:10EFD0002046FFF751FDEBE7F03F002024400020E2
:10EFE00028400020EFF31181402383F31288BFF300
:10EFF0006F8F0A4B9B6A834204D15A6F074B9A6208
:10F0000007E0134613B15A6F8242FAD10BB1426F37
:10F010005A6781F31188BFF36F8F7047F03F00206C
:10F0200008B50648064A121A064908F079FC064A4D
:10F030000649074808F074FC08BD00BF0000002026
:10F04000CC09002080D502000000000080D502001D
:10F0500000000020034B1868984200D07047002041
:10F06000FCE700BF8807002030B1044A5268904294
:10F0700001D0006870470020704700BF880700205B
:10F0800008B5044B1B680BB1002008BDFCF73EFE21
:10F09000FBE700BF34400020B3F1FF3F08BFB2F1EF
:10F0A000FF3F77D02DE9F047044692461D46816028
:10F0B0000023EFF31187402282F31288BFF36F8F92
:10F0C00026E01AF1010845F10009FFF7D9FF18EB16
:10F0D000000349EBE070236160613BE0521A66EB8C
:10F0E0000303026143614368636020601C60446005
:10F0F00005E0294B5A682360626014605C60FFF78A
:10F10000A9FF84423AD087F31188BFF36F8F0123A0
:10F11000002B3DD153466FF00101B1EB0A014FF0D6
:10F12000FF3060EB0502002ACBDB1C4A11685268F5
:10F130005B1842EB05026FF00101C91A60EB020394
:10F1400008461A46012973F1000301DA0120002262
:10F1500020616261FFF77EFF0028CAD0026946691C
:10F1600021696369914273EB060EB7DB891A63EB81
:10F17000060321616361FFF777FFEDE7084B1B682A
:10F18000002BC0D109F0D8F90021FCF785FDBAE7C2
:10F19000BDE8F087704700BF88070020803300205B
:10F1A0003440002070B5EFF31186402383F31288BA
:10F1B000BFF36F8F2A4B1860FFF74CFF044623E024
:10F1C000284A136851685B1941EBE571136051607F
:10F1D00000220023C4E90423204609F096F986F3AF
:10F1E0001188BFF36F8FA36820469847EFF311860D
:10F1F000402383F31288BFF36F8F194A13685B1B98
:10F200001360FFF727FF04463CB125696169144B81
:10F210001A68D317AA428B41D2DA44B123696269D2
:10F220000F4909685B1A62EBE172236162610D4A62
:10F230000B4D2868136851681B1841EBE07113608F
:10F24000516000242C6009F077F92146FCF724FD79
:10F2500086F31188BFF36F8FFFF78CFE70BD00BF80
:10F26000344000208033002010B50022EFF31184D9
:10F27000402383F31288BFF36F8F134611460CE0CF
:10F28000FFF7FEFE074A13685168C31841EBE071AF
:10F2900084F31188BFF36F8F0122002AF0D0184643
:10F2A00010BD00BF80330020F8B5EFF3118340227A
:10F2B00082F31288BFF36F8F026822B183F3118843
:10F2C000BFF36F8FF8BD04461D46826AC36A52EAD7
:10F2D000030105D0B3F1FF3F08BFB2F1FF3F27D1D3
:10F2E000236B01332363236A6BB185F31188BFF36A
:10F2F0006F8F236A20469847EFF31185402383F3ED
:10F300001288BFF36F8F04F11803A469A3423FD0A2
:10F31000002C3DD0204608F0B8FF0023C4F8B030E0
:10F3200085F31188BFF36F8F204608F079FFC9E796
:10F3300016461F46012A73F1000301DA0126002751
:10F34000013E47F1FF3709F035F9013041F1000185
:10F35000801947EB0101012871F1000108DA6FF013
:10F3600001024FF0FF330D492046FFF795FEB7E746
:10F3700009F020F9013041F10001801947EB010348
:10F380006FF00102121A4FF0FF3161EB0303EAE75D
:10F3900085F31188BFF36F8F94E700BFA9F20100D6
:10F3A000F8B51D46EFF31187402383F31288BFF3AE
:10F3B0006F8FB5F1FF3F08BFB2F1FF3F1FD0064688
:10F3C000144629466FF00102121B4FF0FF3262EB28
:10F3D0000502002A18DB304609F0CBF8DDE90623E8
:10F3E000C6E90A230023336322462B460B493046E5
:10F3F000FFF752FE87F31188BFF36F8FF8BD87F3D5
:10F400001188BFF36F8FF9E7012C71F1000101DA68
:10F4100001240025013C45F1FF35DCE7A9F201009C
:10F420002DE9F04383B0074616461D46274B9C68DE
:10F43000012384F8603084F8613055EA02030CBF80
:10F440000123002304F1600209F019FA8046EFF36A
:10F450001189402383F31288BFF36F8F94F86030D3
:10F460000BB3002384F8603055EA060326D00096DB
:10F470000195174A49461748FFF744FB0446EFF346
:10F480001182402383F31288BFF36F8F15464146E4
:10F49000384609F069F985F31188BFF36F8F20466C
:10F4A00003B0BDE8F0834A460146384609F05CF9EE
:10F4B00089F31188BFF36F8F0024F0E789F3118877
:10F4C000BFF36F8F6FF00A04E9E700BFF03F002041
:10F4D000900700203840002038B50346EFF311852F
:10F4E000402282F31288BFF36F8FC16001228260D5
:10F4F0000068834210D04268036813605A6000239A
:10F5000003604360012109F036FA044629460548A4
:10F51000FFF770FB204638BD85F31188BFF36F8F6E
:10F520000024F7E73840002038B504460D4608F0BF
:10F53000A6FD48B9054B9B68D3F8A40018B12A462C
:10F540002146F0F731FC38BD0020FCE7F03F0020F9
:10F5500030B599B00546684600F028F8694604467B
:10F5600008A800F053FA08A90443284600F08AF9D5
:10F57000204619B030BD00BF70B598B0054668464A
:10F58000164600F013F83146044608A800F046F984
:10F5900008A96A460443084600F082F908A9044312
:10F5A000284600F06DF9204618B070BD70B50B68A4
:10F5B000124E1BBAC3614B681BBA83618B681BBABE
:10F5C0004361CB681BBA03610B691BBAC3604B690B
:10F5D0001BBA83608B691BBA4360CB691BBA324686
:10F5E000036001460446E1F7C5F931460546024687
:10F5F0002046E1F7DFF9681E70BD00BF64D202004B
:10F600002DE9F04188B00C46064602F1200168461B
:10F6100006F120079046E1F7B3FC6A466946684662
:10F62000E1F7D0FB69463846E1F7AAFC3A4639468D
:10F63000384604F12005E1F7C5FB6A46694668468D
:10F64000E1F7C0FB41462846E1F79AFC6A4641468D
:10F650003046E1F77DFC2A4629466846E1F7B2FBD1
:10F660002A4669466846E1F7ADFB124A6946684694
:10F67000E1F7A8FB69462046E1F782FC32462146C5
:10F680002046E1F7DDFB324621462046E1F7D8FB74
:10F69000224631462846E1F7D3FB6A4629462846EA
:10F6A000E1F756FC3A4629462846E1F7C9FB08B07F
:10F6B000BDE8F08144D30200F0B599B004460D4690
:10F6C0000A4601466846E1F7BBFB69466846E1F732
:10F6D00057FC6A46214608A805F1200604F12007D8
:10F6E000E1F736FC6A4629466846E1F731FC3246C6
:10F6F000394610A8E1F766FB324639463046E1F755
:10F700009FFB31462846E1F73BFC6A4608A92046A4
:10F71000E1F758FB224629462846E1F791FB6A4665
:10F7200008A96846E1F78CFB6A4639463846E1F796
:10F730000FFC2A4608A96846E1F782FB6A46314673
:10F740003046E1F705FC3A4631463046E1F778FBB2
:10F7500010A96846E1F714FC224669462046E1F705
:10F760006FFB08A922460846E1F76AFB10A908AA20
:10F770000846E1F7EDFB3A4610A93846E1F760FB91
:10F7800019B0F0BD2DE9F04188B00C460546904611
:10F790000A4601466846E1F753FB69466846E1F7C9
:10F7A000EFFB6A462946284604F12006E1F7D0FB24
:10F7B00005F120076A4621466846E1F7C9FB324653
:10F7C00039463046E1F73CFB31462046E1F7D8FBAD
:10F7D0002A4621462046E1F733FB6A462146204669
:10F7E000E1F72EFB6A4629464046E1F729FB4246EF
:10F7F00039463846E1F7ACFB224629466846E1F730
:10F800001FFB6A4631463046E1F7A2FB3A463146D5
:10F810003046E1F715FB08B0BDE8F08170B500F1A6
:10F82000200690B00D46044600F014F905F12001C1
:10F83000304600F00FF9214608A8E1F7A1FB08A91E
:10F8400008460D4AE1F7BEFA08A922460846E1F744
:10F850007FFB08A9094A0846E1F7B4FA3146684631
:10F86000E1F78EFB202269460DEB0200E1F77CFAFE
:10F87000013810B070BD00BF44D3020024D3020091
:10F8800000F002B938B504460D4600F0FDF805F168
:10F89000200104F12000BDE8384000F0F5B800BFB9
:10F8A0002DE9F0471346B8B0544A894680461946B8
:10F8B00010A8E1F75FF85249024610A8E1F77AF87C
:10F8C000179E4E4900EAD6760746C6F1010210A8F7
:10F8D000E1F770F8179B4A466FEA030A28A918A8AF
:10F8E000FFF78EFE4FEADA7A20A9CAF10102084634
:10F8F00000F092F8C7F10107FE246A4618A928A86B
:10F90000FFF740FF631138AA02EB830304F01F02E4
:10F9100053F8A03CD340554603F0010A8AEA050596
:10F920002A4628A918A8E1F7A1F82A4630A920A854
:10F93000E1F79CF8013C28A918A8FFF7BDFE631C5D
:10F94000DBD1CAF1010220A908A800F065F886EA17
:10F950000A066A4618A928A8FFF714FF28A9324604
:10F9600018A8E1F783F8324630A920A8E1F77EF81D
:10F9700008A96A460846E1F7EBFA08A9084600F02C
:10F980009DF808A908F1200409F120020846E1F7D2
:10F99000DFFA20A908AA2046E1F7DAFA08AA18A98E
:10F9A0006846E1F7D5FA69466846E1F7E9FA18AA28
:10F9B000694608A8E1F7CCFA21466846E1F7E0FA83
:10F9C00008AA69461046E1F73BFA0E4A08A96846BC
:10F9D000E1F736FA20462021E1F7DAF908A90246D4
:10F9E00044426846E1F742F84046074A6946E1F773
:10F9F000AFFA3C43204638B0BDE8F087A4D20200FD
:10FA0000C4D2020024D3020084D202000A46014973
:10FA1000FFF746BFE4D2020070B588B004460D4639
:10FA2000164600212022684609F016F800232946D0
:10FA300020222046009309F001F82A4669466846CC
:10FA4000E1F7FEF9324669462046E1F70FF808B0C3
:10FA500070BD00BF0B681BBAC3614B681BBA8361E2
:10FA60008B681BBA4361CB681BBA03610B691BBA75
:10FA7000C3604B691BBA83608B691BBA4360CB6957
:10FA80001BBA0360704700BFCB691BBA03608B6968
:10FA90001BBA43604B691BBA83600B691BBAC36016
:10FAA000CB681BBA03618B681BBA43614B681BBAF6
:10FAB00083610B681BBAC361704700BF70B598B013
:10FAC0000D46064610A8E1F75BFA2A4610A96846DB
:10FAD000E1F73EFA694610A8E1F752FA10A9084684
:10FAE000E1F74EFA6A4610A908A8E1F731FA08A929
:10FAF00010A8E1F745FA10A90846E1F741FA10A964
:10FB00000846E1F73DFA10A90846E1F739FA10A9CD
:10FB100008AA0846E1F71CFA10A90846E1F730FAEE
:10FB200010A90846E1F72CFA10A96A4608A8E1F7DF
:10FB30000FFA052408A910A8E1F722FA10A908462F
:10FB4000E1F71EFA013C10A9F5D108AA0846E1F731
:10FB5000FFF9052410A90846E1F712FA10A9084692
:10FB6000E1F70EFA013CF5D110A908AA0846E1F721
:10FB7000EFF910A908A8E1F703FA08A90846E1F788
:10FB8000FFF908A96A466846E1F7E2F910246946D8
:10FB900010A8E1F7F5F910A90846E1F7F1F9013CE1
:10FBA00010A9F5D12A460846E1F7D2F9402410A958
:10FBB0000846E1F7E5F910A90846E1F7E1F9013C4B
:10FBC000F5D110A96A460846E1F7C2F9102410A938
:10FBD0000846E1F7D5F910A90846E1F7D1F9013C4B
:10FBE000F5D110A96A460846E1F7B2F9102410A928
:10FBF0000846E1F7C5F910A90846E1F7C1F9013C4B
:10FC0000F5D110A908AA0846E1F7A2F92A4610A9D9
:10FC10003046E1F79DF918B070BD00BF0CB430B5A7
:10FC200089B005460C461C22002101A808F014FFEB
:10FC300002238DF806300E4B0293059523462CB116
:10FC4000B4F1004F28BF4FF00043013B1D440DAA03
:10FC50000C99069501A8009200F0A8F814B1059B34
:10FC600000221A7009B0BDE8304002B0704700BFF2
:10FC70007F8E02002DE9F04101260746B24201DCE9
:10FC8000BDE8F0813B461F4613F8014B002CF7D02E
:10FC9000252CF8D11C78252C07F10207F2D000237F
:10FCA000DFF804819C461D461F2D18D8A4F1200EB4
:10FCB000BEF1100F09D9A4F1300EBEF1090F1ED804
:10FCC0000A2404FB03E3202504E028FA0EFE1EF0BC
:10FCD000010F06D017F8014B002CE5D128E07F2D4D
:10FCE0001CD8A4F1300EBEF1090FE9D9242C10D193
:10FCF000BCF1000F46D0B34246D00023EAE724F01F
:10FD0000040EBEF12A0FF8D06C2C09D145F0800505
:10FD1000E0E724F0040EBEF12A0FEED06C2C22D0C6
:10FD20006C2C1BD8682C23D06A2C28D04C2C26D0C5
:10FD3000BCF1000FA4D0B445A0D144F02007A7F136
:10FD4000650CBCF1020F0B6801D9612F1ED107337E
:10FD500023F0070308330B6001368EE7742CB9D00B
:10FD60007A2CB7D0E4E72C0648BF45F40075CDE700
:10FD7000EC0548BF45F4007545F48075AAE745F4E5
:10FD80002075A7E79C46B8E76324D6E7692C02D024
:10FD900007D8632C03D02F0601D5AC05D7D4043384
:10FDA000D9E7732CF6E700BF892801002DE9F04F51
:10FDB00093B043680193837880469807CDE9061293
:10FDC00017D50B920B4600251F78A7B1252F16D00B
:10FDD00001330593019B414638469847002805F1B9
:10FDE000010580F2528498F8023043F0040388F849
:10FDF00002304FF0FF35284613B0BDE8F08F5F7832
:10FE00009A1C252F0592E5D000242646A246A3463B
:10FE1000BBF11F0F32D8A7F12003102B0AD8DFE85F
:10FE200003F02409092A0909091B090909220927DC
:10FE300009091900A7F13003092B2DD92A2F39D12F
:10FE400054B90B9B1BF0400F53F8042B0B9329D094
:10FE5000164601E04BF0010B059B13F8017B05935F
:10FE6000002FD5D15BE04BF0020B4BF0040BF3E716
:10FE70004BF0080BF0E74BF0100BEDE7BBF17F0FF9
:10FE80003FD8A7F13003092BD8D81BF0400F03D07F
:10FE90000A2202FB0636DFE70A2202FB0A3A4BF08F
:10FEA000200BD9E7B2F1000AF9DACAF1000A4BF0E7
:10FEB000280BD1E72E2F05D11BF0400F9BD14BF023
:10FEC000400BC9E7242F1CD1002C00F04381079B75
:10FED0000B931BF0400F0AD1524606980BA9FFF76F
:10FEE000C9FE0B9B1A1DD3F800A00B92B4E7324653
:10FEF00006980BA9FFF7BEFE0B9B1A1D1E680B92FE
:10FF0000AAE76C2F00F0138100F20A81682F00F03D
:10FF100016816A2F00F01B814C2F00F0188134B13C
:10FF2000079B06980B9322460BA9FFF7A3FE002E12
:10FF300047F02003B8BF2BF0400B0293A3F16503F9
:10FF4000BCBF1FFA8BFB0026022B40F20881029BEC
:10FF5000612B40F08382FF4307F0200304930B9B47
:10FF6000073323F0070303F108021BF0400F93ED62
:10FF7000000B0B9218BF3146049A08BF4FF0FF31B7
:10FF80000CA808F0BCFE431CDBB24BF4C054039336
:10FF9000DDF8309070230646A3460127029309F14D
:10FFA0000903122B0CD909F16303C62B40F211810E
:10FFB00009F2E73340F2CE72934294BF032704273D
:10FFC0009DF8342002F00C0312F0010240F01C8175
:10FFD0001BF0020F40F015811BF0040400F0FB80C1
:10FFE000002B40F0148120231BF4405F21D1039AA1
:10FFF0004832002E6A4408BF0126133A039921B102
:020000022000DC
:1000000012F8011D302900F039811BF0100F039AFE
:1000100018BF324619F1040FC0F23581B14580F2A4
:1000200032814A454BF4005B40F32F8109F1010610
:10003000961B1BF40052089200F0298129EAE9740A
:10004000013403B10134002E00F02881721C1444E5
:10005000A245CCBFAAEB040400241BF0090F04D175
:100060002C44A54240F01F81002443B1184641466C
:10007000019B9847002805F10105FFF6B4AE1BF47B
:10008000006F13D0019B4146302098470028FFF6AF
:10009000AAAE049BC3F178004146019B00F0F80032
:1000A0009847002805F10205FFF69DAE1BF0080FEA
:1000B00005D12C44AC4240F0028125460024089B27
:1000C000002B00F02C8129EAE97AA9EB0A0276429A
:1000D000039B0292934284BF0CABD3180AF1FF3A00
:1000E0008CBF58793020564505F1010700F3F180A7
:1000F000019B41469847029A002802F10102FFF64F
:1001000072AEBAF1FF3F09D1019B029241462E2007
:1001100098470028FFF667AE029AAF1C3D46D7E726
:10012000742F3FF499AE7A2F3FF496AEF7E61BF0AA
:10013000800F18BF4BF4007B4BF0800B8CE61BF458
:10014000807F18BF4BF4007B4BF4807B84E64BF43C
:10015000207B81E62646B3465446B2467CE6FF4302
:1001600007F0200304930B9B073323F0070303F1ED
:10017000080293ED000B029B0B921BF0400F08BF8F
:100180000626652B11D1711C0022C9B24BF4805B8D
:100190001346112928BF11210CA800F015FBC3B28A
:1001A000DDF8309003930227F9E6029B662B05D118
:1001B0004BF4005B334601221121EAE7F1B2012939
:1001C0004FF000024FF0650038BF01211346029046
:1001D000DFE70227F4E6002B3FF406AFBAF1030F86
:1001E0003BDC9DF834309B4E13F0080F9A4B08BF50
:1001F0001E46B1464F4619F8010BB0BBAE1B374443
:1002000088E033BB2B23EFE62BBB2D23ECE620222B
:10021000BAF1040F13DD1BF0080FAAF104040FD18B
:100220002C44019B0292414620209847002805F16A
:100230000105FFF6D8ADA542029AF2D19AB1002489
:10024000019B414610469847002805F10105C8DA90
:10025000C9E52B22DCE72D22DAE71BF0080FAAF113
:100260000304BED1DCE71446BBE7049BC01A414639
:10027000019BC0B298470028BCDAB4E50399013964
:10028000C9B20391BAE6561ED3E60026D1E61BF4A6
:10029000006F0CBF032405243C44D2E61BF0100F72
:1002A00018BF0134D4E609934146019B20209847AA
:1002B0000028099B05F10105BFF6D3AE93E5019B2C
:1002C000414630209847002805F10105BFF6F2AEFF
:1002D00089E5D1450AD19DF83530352B1DD805D19A
:1002E0009DF8343013F0100F08BF3120019B4146B8
:1002F00098470028FFF677AD1BF0100F0AD0BAF12F
:10030000FF3F07D1AF1C41462E20019B9847002894
:10031000FFF669AD3D463C443EE23120E6E79DF8FC
:10032000350031281EBF9DF8343023F010038DF8BE
:1003300034304146019B98470028FFF654AD002E0B
:100340006BDD019B41462E2098470028FFF64BAD00
:100350004FF0010A039B9A45BBBF0CAB53443020BE
:100360005879019B414698470028D346FFF63BAD9C
:100370000AF1010A5645EDDA02355D44029B049A02
:10038000981A4146019BC0B298470028FFF62BAD52
:10039000B9F1000F04DB4ED19DF83430DB064AD5AD
:1003A000C9F100092D20019B414698470028FFF61E
:1003B0001AAD042F41D14FF47A7799FBF7F606F185
:1003C0003000019B4146C0B29847002805F1030563
:1003D000FFF609AD07FB1699642799FBF7F606F1BE
:1003E0003000019B4146C0B29847002805F1010545
:1003F000FFF6F9AC07FB16990A2799FBF7F606F109
:100400003000019B4146C0B29847002805F1010524
:10041000FFF6E9AC07FB169915E01BF0100F01D1B0
:100420000135ABE7019B41462E209847002805F196
:100430000205A3DAD7E42B20B5E7032F05F1020567
:10044000CAD0012FD8D109F130006F1C4146C0B28B
:100450005BE700BF73D502006FD50200A7F163030D
:10046000122B00F2FB80DFE813F013005300F900B9
:10047000F900F900F9005300F900F900F900F9005A
:10048000F9001301F400F900F9002800F900B500A3
:100490000B9B1A1D1B680B928DF8303001240CAF9A
:1004A0001BF0080F2AD007EB04093E464E4527D122
:1004B000EF1B3744AAEB04042CE70B9B1A1D0B928D
:1004C0001F68AB4B002F08BF1F461BF0400F14BF27
:1004D00031464FF0FF31384608F0E6FA0446DFE7D0
:1004E000019B4146202098470028FFF67CAC013E46
:1004F000B442F5D35544AD1BB246D4E75646F7E7B0
:1005000016F8010B019B414698470028CEDA6AE4B1
:100510001BF0800F0B9B35D01BF4007F2DD00733D1
:1005200023F00703D3E9000103F108020B922BF03B
:10053000100900291FFA89F936DA404261EB4101BE
:1005400049F480690DF1300B0A235A4608F0B8FAD5
:1005500019F0400FA0EB0B0B65D029F001025E45AE
:1005600092B240F3B280002F00F0A98019F010037E
:100570003446914626D002345CE01A1D18680B926E
:10058000C117D4E71A1D1BF4807F19680B9201D1A3
:100590000846F5E71BF4007F15BF48B208B241F3E7
:1005A000C01141F3C031C2E750EA0103CAD11BF0C8
:1005B000400FC7D0002EC5D12BF0110B1FFA8BF9BD
:1005C0003446B34640F2064319EA03031CBF013424
:1005D00000232FE02BF0100B1FFA8BFB0A231BF0DC
:1005E00080040B9A57D01BF400711DBF073222F014
:1005F000070202F10801101D19BF0B91D2E9000199
:100600000B90106850EA010252D12BF016091BF032
:10061000400F1FFA89F94FD0002E4DD12BF0170B48
:100620001FFA8BF9B34619F0100352D0002F4ED1A8
:100630000BF1010419F0080F5ED119F0010F06D07B
:10064000A2456DDDAAEB040404EB0B0654462246DA
:100650004DE04BF0100B10237827C0E7029B782B5E
:1006600004D1C7F1780343F01003B8E7019B41467A
:10067000252098470028FFF6B6AB019B4146384637
:1006800098470028FFF6AFAB0235059BFFF79CBBF0
:1006900008230027A3E7111D0B911BF4807110683C
:1006A000B0D01BF400711ABFC0B2214680B2A9E7D6
:1006B0002BF0060B1FFA8BF90DF1300B45E729F0F3
:1006C00011091FFA89F934467CE79146ABE75C468D
:1006D00051E75C4676E7CDE902234146019B2020A5
:1006E00098470028FFF67FAB029A039B01329245A0
:1006F000F1DC2C1BA5181446EBB1019B41463020C0
:1007000098470028FFF66FAB67B901352F462E4496
:10071000F31B5B4521DC5D460CAE5DBB5F44C9E667
:100720005E4694E7023541463846019B98470028CB
:10073000ECDAFFF758BB40F2064319EA030FE5D0A5
:1007400019F0020F14BF2B20202019F4806F05F13F
:100750000105414618BF2D20E7E7019B41463020A7
:100760009847002807F10107D2DAFFF73CBB00BF2A
:1007700077D50200013D019B705D414698470028F6
:10078000CBDAFFF730BB019B414620209847002879
:1007900005F10105FFF627AB631B002BF3DC74E7C3
:1007A0001FB502AB0093074A4FF0CC3308F06DFA47
:1007B000DDE90201C00840EA4170C90805B05DF8F2
:1007C00004FB00BFCDCCCCCC2DE9F04F55EC104B49
:1007D0009DB0CDE90B122A460D93290DC5F31303E5
:1007E000D20FC5F30A5507908DED050A0A9275B927
:1007F00022461A431BD1302343710A9B056043F004
:1008000002030371012738461DB0BDE8F08F40F2A6
:10081000FF7295424DD1059A13430A9B079A14BF64
:1008200043F0080343F0040313710027EBE7059A34
:10083000B24D02F001020992059A4FEA830848EA94
:100840009278970001229A461646C5F1000B584649
:10085000089200F015FAB5F1FF3FACBF8146A0F158
:100860000109ABEB090B09EB05035846069300F0B1
:100870000DFA18A9A0F17D05584600F027FA14AB2F
:10088000089A0193A9EB050512AB02920093059813
:100890002B4618AA514608F03BF9B9F1010F04465E
:1008A0000D4600F2D880099B002B40F0CB80012739
:1008B0006FE0059A02F001020992059A43F4801A4A
:1008C0004FEA8A081343A5F2354548EA92784FEA81
:1008D00082074BD140F2FE7319420CBF012600265D
:1008E000002D3246B1DB284600F0C4F90346032D43
:1008F000C8BF013B1846069300F0C8F9069B7C3040
:100900005D1B054418A9184600F054FA14AB019376
:1009100012AB0093059802962B4618AA514608F090
:10092000F7F8069B152B04460D4600F2888016AB9F
:10093000734A009338464FF0CC33414608F0A5F98E
:10094000169B179A9B0843EA827303EB8303BB420F
:10095000DDE9129A0CD13846414600F09FF9069B1A
:1009600083428CBF00270127002612E00126B7E74B
:10097000099B002B53D1013F48F1FF31B81B61F1B6
:10098000000100F08BF9069B099F83428CBF002673
:1009900001260C9B002B40F09280DDF82CB04FF02C
:1009A0000008CDF82080CDF814804FF00A0ADDE968
:1009B0001201FFF7F5FE149B1093CDE90E011846C6
:1009C0001599FFF7EDFE0E9B0F9A119198420B4679
:1009D0009341814680F08D8020462946FFF7E0FE56
:1009E000109A0AFB09F3934214BF002606F0010691
:1009F0000E9B12930F9BCDE91339119B1593089B06
:100A0000B8F1000F14BF002707F0010701330AFBFC
:100A100010485FFA88F8089304460D46C7E7B81CEB
:100A200048F1000100F03AF9069B83428CBF002098
:100A30000120B9EB00006AF10002CDE912020027A3
:100A40003E46A6E7129B139A013B42F1FF32CDE9E5
:100A50001232012788E7B9F13E0FF0D84FF0FF338B
:100A6000A9F1200003FA09F203FA00F0C9F120010C
:100A700023FA01F102430A4303FA09F327EA0307C1
:100A800028EA020857EA08070CBF012700276BE78E
:100A900000FB02FCA1FB0012013362448C4275EBA7
:100AA000020CF5D2069A13440D9A1344012B0B9AAB
:100AB000B8BF01239A42A8BF1A4693466FE70A219E
:100AC000002201230846E9E70AFB03F0A2FB0A2300
:100AD00001310344944275EB0300F5D2594511DD11
:100AE000BBF1000F02D154EA05030BD0012305939B
:100AF00072E70A2200230121ECE700BFCCFBFFFFD5
:100B0000CDCCCCCC7EB34FF00A0A149B15990F9331
:100B10001846FFF745FE0F9B0E910AFB00F29A4222
:100B2000814620D1DDE91201FFF73AFE10900F91C6
:100B300020462946FFF734FE0F9B109A1292CDE90A
:100B400013390E9B1593089BB8F1000F14BF0027B3
:100B500007F0010701330AFB10485FFA88F8089391
:100B600004460D46D1E7069B089A13449946002F88
:100B700058D0B8F1050F55D114F0010348D1059AAA
:100B800032B9DDE914239D4208BF94425DD0059B34
:100B900018194FF00A0445F10001002201262546EC
:100BA000A04271EB020753D2E3B1B3451ADA0C9BB2
:100BB00063B10D9A06EB09031A4422EAE2730B9A19
:100BC0009A42A8BF1A46964293460BDD05304FF075
:100BD0000A024FF0000341F10001DFF791FE09F135
:100BE0000109013E5E45A8BF5E4637B20FFA89F99A
:100BF000079B09FA86F607F10508013E98444FF075
:100C00000009B9452BDB079B0A9A1E601A71FAE5A9
:100C1000059B2BB9DDE914239D4208BF944209D0FE
:100C20000123B5E7059B53B9DDE914239D4208BFB5
:100C3000944204D1099B002BF2D1002EF0D0B8F1E0
:100C4000040F94BF00230123A2E74FF00408F1E74B
:100C500005FB02F7A4FB054201363A44A0E70A224D
:100C60000023DFF74DFE303208F8012D09F10109AC
:100C7000C7E700BF014B5843800C70474134010067
:100C8000014B5843000D7047FB2E0B00024B58439D
:100C9000C00C0130704700BF4F9312000A4A70B574
:100CA00003464FF0CC3600204FF0333506FB03F4FB
:100CB00002FB0144A3FB023121449D4275EB010478
:100CC00001D30130F2E770BDCDCCCCCC2DE9F04F93
:100CD0001A23354EB0FBF3FA03FB1A0389B004461E
:100CE0000D4606EB0A1653B9D6E90023C1E90023E5
:100CF000D6E90201C5E9020109B0BDE8F08F2B4A2F
:100D000002EBC303D3E9008904AB0093D6E90223C5
:100D10004046494607F0B9FF06AB0093D6E90023E9
:100D200083460F464046494607F0AFFFDDE90662BD
:100D300016EB0B0652EB07084FF0000328BF012308
:100D4000814633B1049B059A013342F10002CDE99B
:100D5000043220460391FFF799FF07461A2000FB53
:100D60000AF0FFF793FF3F1A324643460399009774
:100D7000484607F0A5FF4FEA141C0D4A640004F032
:100D80001E0352F82C40DC4004F00304241841F107
:100D90000001C5E90041DDE90423009730464146E2
:100DA00007F08EFFA6E700BFF89502002895020025
:100DB00064D302002DE9F04F1A27DFF8ECA000F110
:100DC0001905B5FBF7F56F433A1A4FEA051B89B0D1
:100DD00004460E460AEB05150AD1D5E90023C1E900
:100DE0000023D5E90201C6E9020109B0BDE8F08F90
:100DF0002B4B03EBC203D3E9008904AB0093D5E985
:100E000002234046494607F040FF5AF80B206B6822
:100E1000013ACDE9020106A963F1000300914046C1
:100E2000494607F032FFDDE906528A4602996D18FD
:100E3000039952EB01084FF0000328BF01238146BC
:100E400033B1049B059A013342F10002CDE904322B
:100E50003846FFF71BFF07462046FFF717FF3F1AEC
:100E60002A46434600974846514607F029FF4FEA75
:100E7000141C0C4A640004F01E0352F82C40DC40A1
:100E800004F003040134241841F10001C6E90041D3
:100E9000DDE9042300972846414607F011FFA2E749
:100EA00028950200B8D30200C8960200704738B5F2
:100EB000836805699C697CB112F4000F06D02D6827
:100EC00001238B401D4201D082F0C06202F0B0537A
:100ED00002F0B072A04738BD6FF05700FBE738B59D
:100EE00013468568046912F4801F07D012F4402F5E
:100EF00004D012F0010F01D082F4402323F48012B9
:100F000013F0010F0AD023684FF0010C0CFA01FC1A
:100F100043EA0C0323602B68984738BD23684FF0E1
:100F2000010C0CFA01FC23EA0C032360F3E708B57B
:100F300003468C4600681979DA8842EA0C02FFF70A
:100F4000CEFF08BD38B50C46056983685B689847D5
:100F500018B923682A685340236038BD10B582B0A1
:100F60000C4601A9FFF7EEFF30B90123A340019A17
:100F7000134214BF0120002002B010BD08B532B1E9
:100F8000012303FA01F18368DB68984708BD012358
:100F900003FA01F183681B699847F7E710B5036905
:100FA0001C6801238B401C4202D0B2FA82F2520923
:100FB000FFF7E4FF10BD08B58368DB6913B10122B8
:100FC000984708BD6FF05700FBE708B5F0F7C2F887
:100FD00008BD10B586B000240094019402940394D7
:100FE0000494059401910292ADF80C306946F8F72B
:100FF0005DFF06B010BD38B5836805699C697CB19A
:1010000012F4000F06D02D6801238B401D4201D041
:1010100082F0C06202F0B05302F0B072A04738BD57
:101020006FF05700FBE738B513468568046912F482
:10103000801F07D012F4402F04D012F0010F01D00E
:1010400082F4402323F4801213F0010F0AD02368A6
:101050004FF0010C0CFA01FC43EA0C0323602B68EF
:10106000984738BD23684FF0010C0CFA01FC23EAC5
:101070000C032360F3E708B503468C460068197932
:10108000DA8842EA0C02FFF7CEFF08BD08B5836894
:10109000DB6913B10122984708BD6FF05700FBE7E9
:1010A00038B5836805699C697CB112F4000F06D0DD
:1010B0002D6801238B401D4201D082F0C06202F0F6
:1010C000B05302F0B072A04738BD6FF05700FBE795
:1010D00038B513468568046912F4801F07D012F4EE
:1010E000402F04D012F0010F01D082F4402323F4EA
:1010F000801213F0010F0AD023684FF0010C0CFA94
:1011000001FC43EA0C0323602B68984738BD236831
:101110004FF0010C0CFA01FC23EA0C032360F3E707
:1011200008B503468C4600681979DA8842EA0C0251
:10113000FFF7CEFF08BD08B58368DB6913B1012254
:10114000984708BD6FF05700FBE708B5437933B106
:10115000014651F8060B83681B68984708BD6FF07D
:101160008500FBE738B513468568046912F4801FD3
:1011700007D012F4402F04D012F0010F01D082F4F6
:10118000402323F4801213F0010F0AD023684FF09C
:10119000010C0CFA01FC43EA0C0323602B6898470E
:1011A00038BD23684FF0010C0CFA01FC23EA0C0354
:1011B0002360F3E708B503468C4600681979DA889E
:1011C00042EA0C02FFF7CEFF08BD08B532B1012399
:1011D00003FA01F18368DB68984708BD012303FA2D
:1011E00001F183681B699847F7E710B503691C682C
:1011F00001238B401C4202D0B2FA82F25209FFF75F
:10120000E4FF10BD30B583B08446084615461C4641
:101210001B680CFB03F3019301A9F9F781FA10B9DC
:10122000019B2B41236003B030BD4279C2B108B5A8
:1012300084460B46C279042A0ED0C0899CF810203F
:101240009CF80A1011F0200F01D0013AD2B29CF89C
:101250000610FFF7D7FF08BD026892681089EDE716
:101260006FF085007047C9000431084470474FEAA9
:10127000C10C00EBC103DB8899420CD08444BCF85C
:101280000410043240F82230CA0006328352DB00D8
:101290000433C1527047C3680121914023EA01031E
:1012A000C3600432002340F82230704710B5131D8C
:1012B00050F8234074B9C368012494402343C360A9
:1012C000043240F82210CB001A1D89B28152063335
:1012D000C15210BDE2000432835A4FEAC10C0CF136
:1012E000040E20F80E300CF1060C20F80C40DB0048
:1012F000063389B2C1528152EBE700B5CB0002330D
:1013000030F803E0A2EB010C891A01EB5E014FEA11
:101310004C0E20F803E04FEA410ED300023320F8D0
:1013200003E020F832C0C35A02EB530220F8321017
:101330005DF804FB00B5C900023130F801E04FEA66
:10134000C20C0CF1020C30F80C305B0803EB5E03AE
:101350004FEA430E20F801E030F80C1002EB510286
:1013600020F832305DF804FB0439081AC0087047D1
:1013700008B500EBC1035A885208B2FA82F2C2F1F2
:101380001F02FFF774FF08BD08B500EBC1035A88C0
:101390005208B2FA82F2C2F11F02FFF787FF08BDBE
:1013A000F8B504460D46CE00B71CC15B05EB5101F4
:1013B00000EBC1035B8813F0010F0CD0A15B691A2D
:1013C00004EBC1035B8813F0010F0ED029462046C1
:1013D000FFF7DAFFF8BDFFF7CBFFE25B05EB520248
:1013E00029462046FFF7A6FFE8E72046FFF7C0FFA3
:1013F000A15B2A46691A2046FFF79CFFA35BED1A02
:10140000E4E770B5B1FA81F3C3F1230450F8245036
:10141000CDB1C3F11F024FF0030E141D50F824404C
:101420004FEAC40C00EBC4067688B1EB560F14D912
:101430008444BCF80640161D40F82640BEF1010E5B
:1014400001D0A542E9D1C468C3F120020123934031
:101450005B421C4005D1204670BD2146FFF707FFC7
:10146000F9E794FAA4F2B2FA82F2131D50F823407D
:101470002146FFF7FCFEEEE779B110B5046820467F
:10148000FFF772FF014604EBC002538823F001030B
:1014900053802046FFF784FF10BD7047F8B50568FC
:1014A00041B30B46AA68B2EBD10F25D90B33DC0848
:1014B00021462846FFF7A5FF0746F8B1C60005EB11
:1014C000C0035B88B4EB530F09D3AB195A8842F0C1
:1014D00001025A8039462846FFF7C5FEF8BD04448C
:1014E000224601462846FFF708FF21462846FFF717
:1014F0004BFFEAE70020F1E70020EFE70020EDE7EF
:101500002DE9F843154606684B420B4001F1FF39BF
:1015100019EA010904D0032B48D84C46994603E048
:101520000C4604293DD90423002D57D0B268B2EBF4
:10153000D50F56D96119C91A0B31C9083046FFF7C2
:1015400060FF074600284FD001463046FFF78BFE6C
:1015500000EB0908A04408F1FF38B8FBF4F804FBDD
:1015600008F8A8EB090808EB0504073424F0070481
:1015700041463046FFF7F8FE0546A41BE4108742BB
:1015800018D3EF0006EBC5035B8805EB53039C42C1
:101590001AD33E44738843F0010373804046BDE88C
:1015A000F8831146FFF77AFF8046F7E74C469946E5
:1015B0000423B9E7024639463046FFF79EFE394616
:1015C0003046FFF7E1FEDCE7224629463046FFF7CA
:1015D00094FE21463046FFF7D7FEDAE74FF00008C9
:1015E000DCE74FF00008D9E74FF00008D6E770B508
:1015F0000346043AC81D20F007000A4422F00702FF
:10160000121AD508186085600023C360B5FA85F109
:10161000C1F1200EC1F124018900CE1DF10805E0C1
:1016200003F1040C002440F82C4001337345F7DB30
:101630004C00A4B244804FF0000CA0F800C044F06D
:10164000010444806B1A4FEA430E26F00704A51CE0
:1016500020F805E0015322F00704951C20F805C08E
:1016600002440353538843F001035380FFF78CFE79
:1016700070BD10B50C4611461A46029BA04710BD1E
:101680004038C0B23A288CBF002001207047F8B51E
:10169000064603784578847804EB830404440027E5
:1016A00006E001342046EEF72FFB013004440137F9
:1016B000AF42F6D3A01BF8BD70B5144668B10D4615
:1016C000194606462BB91046EEF71EFB83B20133CE
:1016D00099B22A462046B04770BD1046EEF714FB7B
:1016E0000130F9E75BB32DE9F04782B00746884641
:1016F00091461D461A785E789C78DB7804EB82046C
:1017000004EB43042C444FF0000A0AE014F8013BB8
:1017100045F823402046EEF7F7FA013004440AF179
:10172000010AB245F2D305F1080300936B684A46FB
:1017300041463846FFF79DFF02B0BDE8F0876FF0E5
:10174000150070472DE9F0410446884600273E46C3
:1017500007E0702D18D02846FFF792FFB8B9252D65
:101760000ED014F8015B75B1002EF8D04745F0D0CB
:101770002846FFF785FF0028F1D001370026EEE765
:1017800086F00106EDE700263046BDE8F081002630
:10179000FAE708B500F0E0FC08BD0FB400B583B06F
:1017A00004A951F8040B0191FFF7F3FF03B05DF8B2
:1017B00004EB04B070470FB400B583B004A951F82E
:1017C000040B0191FFF7E5FF03B05DF804EB04B0F3
:1017D0007047036913F0080F08D1C3680268934289
:1017E00007D8036A9B1A0B6001207047002008602D
:1017F00070479B1A0B6000207047036913F0080FB5
:1018000007D1826843689A4203D89B1A0B60002074
:101810007047036A82689B1A0B600120704710B5FD
:1018200082B0044601A9FFF7D4FF20B1E368019A12
:101830001344013B0193206A019BC01A013802B096
:1018400010BD38B5036913F0040F00D138BD04464C
:10185000456AFFF7E4FF854202D9606A6062F5E7F6
:101860002046FFF7DCFFF9E7C3681944036913F06A
:10187000010F04D1026A914204D3891A02E0026A7C
:10188000013A1140C16023F008030361704710B4AE
:1018900000236FF3000343F0020361F39F03C26967
:1018A000046842F8243003680B44026912F0010F07
:1018B00004D1046AA34204D31B1B02E0046A013C66
:1018C00023400360C4689C420AD0436819440369FA
:1018D00013F0010F08D1036A994208D3C91A06E030
:1018E00042F008020261F0E7036A013B19404160DF
:1018F0005DF8044B70472DE9F04F83B00446019129
:1019000017469846C569C66805EB860B15F826305C
:1019100003F00303022B24D0002100233B60C8F80E
:10192000003019BB236913F0020F73D0A369584626
:101930009847824615F8269019F001096CD015F8E1
:10194000263013F0020F39D0019BBBB962685244B4
:10195000236913F0010016D1216A8A4216D3521A64
:1019600014E055F82610C1F39D01D6E72046FFF795
:101970007BFFE368A3604FF001094DE01946204664
:10198000FFF785FFE2E7216A01390A406260E168FA
:10199000A268914206D0A2682260E26043F0080388
:1019A000236139E0524420B9216A8A4204D3521A91
:1019B00002E0216A01390A40A260ECE701462046B4
:1019C000FFF752FFE368A360019B23B1E36922683C
:1019D000002143F82210019B5344C8F800302268CC
:1019E0001344226912F0010F04D1216A8B4204D3FF
:1019F0005B1A02E0216A01390B40236042F00802C1
:101A0000226115F826306FF3000305F82630C7F879
:101A100000B001E04FF00009484603B0BDE8F08F88
:101A200030B45318046914F0010F04D1056AAB42B5
:101A300004D35B1B02E0056A013D2B4005689D4213
:101A400014D000236FF3000343F0020362F39F03FB
:101A5000C46944F8213043681344026912F0010F4D
:101A600009D1026A934209D39B1A07E0016024F06E
:101A70000804046103E0026A013A1340436030BC89
:101A8000704708B50023036043608360C36003614F
:101A900043618361CA6882618A6842610A68C2617F
:101AA0004A68026243620B6903612AB1511E0A420D
:101AB00002D143F00103036128300122002106F026
:101AC000C2F808BD2DE9F04F87B09A460023059370
:101AD0000393036A8B42C0F087800446894693468D
:101AE000002301930126009341E001992046FFF76E
:101AF00097FF0023039345E0E369226803EB82012B
:101B0000009113F822106FF3000103F82210C9B2FC
:101B10006FF3410103F8221023684B44226912F04D
:101B2000010F04D1216A8B4204D35B1A02E0216ABF
:101B300001390B402360E168994201D0002608E09A
:101B400042F008022261002603E02046FFF79FFED4
:101B50002E4687F31188BFF36F8F059929B163690A
:101B60000BB12046984700230593002E3ED0EFF39B
:101B70001188402383F31288BFF36F8F4746039A7F
:101B8000002AB2D104A92046FFF723FE0546049996
:101B90004945B1D20028D8D15AEA0B030BD1002E07
:101BA000D7D02368019303AB05AA04992046FFF719
:101BB000A2FE0646CDE706F062FA0028EFD188F3D0
:101BC0001188BFF36F8F04F128005A465346FCF783
:101BD000EBFBEFF31187402383F31288BFF36F8F82
:101BE000B0FA80F67609B4E700230093009807B0B6
:101BF000BDE8F08F70B504460D46836908469847E6
:101C0000EFF31186402383F31288BFF36F8F2B7895
:101C100043F001032B7063681844236913F0010F2C
:101C200004D1236A984204D3C01A02E0236A013B1C
:101C3000184060602046FFF704FE86F31188BFF36A
:101C40006F8F70BDF0B583B004462EE053F82200CC
:101C500080084DD143E0226A013A1340A360204638
:101C6000FFF702FE01231BE013F8221041F00201EE
:101C700003F82210A768A3693046984738442369BF
:101C800013F0010F04D1236A984204D3C01A02E072
:101C9000236A013B1840A060002301E000231E4698
:101CA00085F31188BFF36F8F8BB3EFF3118540235A
:101CB00083F31288BFF36F8F01A92046FFF79DFDC4
:101CC000E369A26803EB820601990029E6D013F8C4
:101CD000221011F0030117D00229B7D0002013F809
:101CE000221011F0010FBFD110B9A36930469847F7
:101CF000A36801460344226912F0010FABD1226AA6
:101D00009342ABD39B1AA9E700231E46C8E730468F
:101D100003B0F0BD70B504460D4683690846984788
:101D20000146EFF31186402383F31288BFF36F8FD0
:101D30002B786FF300032B70236913F0020F0AD086
:101D4000E369E26803EB8203AB4204D02B6860F3E3
:101D50009F032B600AE02B786FF341032B70E2683E
:101D6000A3689A420BD02046FFF77EFD86F31188C8
:101D7000BFF36F8F04F12800FCF7EEFA70BD0B443F
:101D8000226912F0010F04D1226A934204D39B1AF4
:101D900002E0226A013A1340A360E4E700B583B091
:101DA00001A9FFF72AFD0198003818BF012003B0F0
:101DB0005DF804FB01F00701038B23F007030B43DD
:101DC000038370472DE9F04106460F46904681682F
:101DD00021B10C683CB131B90C4604E00C4602E07C
:101DE000234621461C4669B14D6843463A46304673
:101DF000A847002CF4D02368002BF2D0002CF0D19F
:101E00002346EEE7BDE8F081038B13F0070303D10F
:101E100002680AB103207047022B03D0012B06D0C1
:101E200000207047428B002AF8D1042070470368D5
:101E30000BB1052070470020704710B504468C4652
:101E4000038B002A07DB03F007035A1F012A0ED970
:101E5000042B36D010BDD0E900018CE8030000232C
:101E60002360636001212046FFF7A4FFF2E7D0E979
:101E700000018CE80300002222606260062B1BD167
:101E8000DCF8003053B1628B013262831A461B6862
:101E9000002BF7D0002AF5D11346F3E702212046A4
:101EA000FFF788FF2046FFF7AFFF0028D2D0238B33
:101EB00043F020032383CDE700212046FFF77AFF7C
:101EC000F0E70021FFF776FF2046FFF79DFF00288F
:101ED000C0D0238B43F020032383BBE750B110B560
:101EE0000C4651B1081D00F0C2F810B9A368032BCD
:101EF00006D810BD6FF0150070476FF01500F8E7B9
:101F00006FF01500F5E72DE9F04107460C4616463F
:101F10001D461946201D00F0C9F828B180462B4601
:101F2000324621463846C047BDE8F0812DE9F041F0
:101F300080460C4617461E4604E033463A46404665
:101F4000FFF7E1FF216831B10D68256063688B42BE
:101F5000F3D16560F1E7BDE8F08108B5EFF31182D8
:101F60004FF0400C8CF31288BFF36F8F4161012159
:101F7000EFF7C4FD08BD034670B181B10A688AB1AC
:101F80004A6892B10020186058609860D860186163
:101F900058619861196170476FF0150070476FF0D4
:101FA000150070476FF0150070476FF0150070470F
:101FB00070B505460E46FFF791FF041E2EDBEFF3CA
:101FC0001182402383F31288BFF36F8FB5F818C0D6
:101FD0000CF0070C6B8B4FF6FF718B422CD06446D4
:101FE000BCF1020F08D0BCF1060F19D8DFE80CF0E5
:101FF0001E1818181E2A1E0001336B8301230021AE
:10200000084628B100203060686808B306606E603A
:1020100009BB82F31188BFF36F8F0BBB204670BDE5
:102020006FF00404002319461846EAE7BCFA8CF165
:10203000490900230120E4E76FF00A040023194650
:102040001846DEE76FF08504002319461846D8E7E6
:102050006E602E60DCE702212846EFF74FFDDDE7DA
:102060000023624631462846FFF74DFFD6E7024679
:10207000B0B1436803F00303022B0BD0032B04D051
:10208000012B04D06FF01500704703685BB100208E
:10209000906070470368002BF9D16FF0150070470E
:1020A0006FF0150070476FF01500704710B50346CC
:1020B000426802F003028160022A04D0032A05D19B
:1020C0000468002004E00068002401E000242046A9
:1020D00000225A6008B1FDF7FFF9204610BD704795
:1020E000037813F0040F01D0002070470368C3F396
:1020F0004A2000EB1350173020F00700800870478B
:10210000002070470120704708B504F095F808BD1D
:1021100008B520EAE070C117C90341EA5041C00385
:1021200040F2E733C0184FF47A724FF0000341F1E8
:102130000001DEF7E5FBFCF779FE08BD08B50022DB
:102140000023FFF7BFFC08BD08B5FFF7E3FD08BD9E
:1021500008B5FFF723FE08BD00B585B003910290D6
:1021600000200190009003460246014600F098F8D6
:1021700005B05DF804FB08B50120EFF79BFE08BD34
:1021800008B5EFF71DFF08BD08B5FFF733FDEFF702
:10219000B5FF08BD0020704770B5536896689B1B5B
:1021A0008B420CD30C46154613680A460146981913
:1021B00006F044FCAB682344AB60204670BD6FF072
:1021C0001B00FBE770B588B10E461446194605465C
:1021D00033B11030C2F34A23120D184406F02EFC1E
:1021E0002C606E602846EFF7CBFF70BDEFF762FE04
:1021F000FBE72DE9F04383B006460F4615461C4623
:1022000003F101094FEA890808F1170020F00700DF
:102210008008EFF7CDFE002201928DF8049068B19E
:1022200000F1140C019B0361964605E055F82E3031
:102230004CF8043B0EF1010EA645F7D3002267F3DC
:10224000881268F3532200233146FFF7BBFF03B027
:10225000BDE8F08300B583B00192012301AAFFF726
:10226000C8FF03B05DF804FB00B583B00092019392
:1022700002236A46FFF7BDFF03B05DF804FB00B51B
:1022800085B001920293069B0393032301AAFFF7F3
:10229000B0FF05B05DF804FB08B5F0F701F808BD24
:1022A0002DE9F04F85B081460D4690461E46DDF87B
:1022B00038B0109FA7B3119B039300933B460F9A2E
:1022C00010210020EEF74CFF824600EB0B03173382
:1022D00023F0070300246FF300046FF341046FF34E
:1022E000820469F3C50468F3881460F353246BF324
:1022F0001F549808EFF75CFE804640B1103037B1AC
:10230000119B00933B460F9A5146EEF729FF334647
:10231000224629464046FFF755FF05B0BDE8F08F3D
:102320000020D1E7F8B507460D4614461E4605E0E5
:10233000324621462846B847241A0544002CF7D1D6
:10234000F8BD08B513460122F0F7BAF808BD08B584
:1023500013460022F0F7B4F808BD38B505460C4620
:1023600001F00101FFF7F3FF21462846F0F73AF9A3
:1023700038BD2DE9F04383B080460E4615461F4612
:10238000DDF828902C46102D28BF1024CDF80090A1
:102390003B46224631464046F0F738F926442D1B8D
:1023A000F0D103B0BDE8F08310B50446426853682D
:1023B000126881680068FFF7B5FF636800221A6041
:1023C00010BD38B505460C464B681A68CB689A4272
:1023D0000FD06368BFF35B8F53E8002F511C43E8B5
:1023E00000100028F8D1BFF35B8FA3689D54002034
:1023F00038BD0846FFF7D8FFEBE738B504460D4671
:102400000A2805D029462046FFF7DBFF002038BD0B
:102410000D20FFF7D6FFF5E72DE9F04387B006461C
:102420000C469046D1F808900F88C7F382170878B9
:10243000C0F3C2050846EFF7DFFF011E1ADA0023DA
:10244000214651F8105BC5F34A256288C2F30B128E
:10245000481905B90021CDF8148004920390029127
:1024600001970022009249463046F0F731F907B053
:10247000BDE8F0832846EFF7D9FE0346E0E708B54C
:1024800020EAE070C117C90341EA5041C00340F29D
:10249000E733C0184FF47A724FF0000341F10001A6
:1024A000DEF72EFAFCF7C2FC08BD8B4201D90020F2
:1024B000704710B594461C461A46614606F0BEFAAF
:1024C000204610BD08B506F0C7FA08BDC30903EBE6
:1024D000430303EBC30383EA4000C0B270470378B1
:1024E000CA785340037043788A78534043708378A6
:1024F0004A7853408370C3780A785340C370037995
:10250000CA795340037143798A795340437183797F
:102510004A7953408371C3790A795340C371037A6E
:10252000CA7A53400372437A8A7A53404372837A59
:102530004A7A53408372C37A0A7A5340C372037B48
:10254000CA7B53400373437B8A7B53404373837B33
:102550004A7B53408373C37B0A7B5340C3737047EA
:1025600000B585B002788DF8002042798DF8012001
:10257000827A8DF80220C27B8DF8032002798DF8D3
:102580000420427A8DF80520827B8DF80620C278DF
:102590008DF80720027A8DF80820427B8DF80920FB
:1025A00082788DF80A20C2798DF80B20027B8DF895
:1025B0000C2042788DF80D2082798DF80E20C37A98
:1025C0008DF80F3010236A461946FFF76EFF05B0ED
:1025D0005DF804FB70B506460C460878FFF776FFF9
:1025E00005466078FFF772FF6178A278E37848408B
:1025F00045406A405340337025786078FFF766FFA6
:102600004540EDB2A078FFF761FFA278E378504033
:1026100045406B407370257863785D40A078FFF784
:1026200055FF4540EDB2E078FFF750FFE3785840A2
:102630004540B5702078FFF749FF22786378A57888
:10264000504043405D40EDB2E078FFF73FFF45402A
:10265000F57070BD10B584B0044601466846FFF7BA
:10266000B9FF211D01A8FFF7B5FF04F1080102A879
:10267000FFF7B0FF04F10C0103A8FFF7ABFF102335
:102680006A4619462046FFF710FF04B010BD0B46FE
:1026900013F90F2B002A04DB4FF0000C00F10F029E
:1026A00006E04FF0870CF9E713F801094FEAD01C58
:1026B00018788CEA400002F801098B42F4D1704787
:1026C00030B108B558220021FFF7FCFE012008BDFB
:1026D00000207047A0B110B5044610220021FFF77A
:1026E000F1FE1022002104F13000FFF7EBFE002381
:1026F000636400224FF48033C4E91423012010BD29
:102700000020704738B370B50D461646044621B315
:1027100058220021FFF7D6FEA66429463046F0F77E
:1027200017F9102200212046FFF7CCFEA26C2146AB
:102730002046F0F76FF904F1100521462846FFF70F
:10274000A6FF294604F12000FFF7A1FF2046FFF76E
:10275000C1FF012070BD002070470020FAE700286B
:1027600064D02DE9F0410D4616460446002A5FD09C
:10277000002960D0036D426D53EA02015DD0013B38
:1027800042F1FF3203654265476C002F3DD0C7F12F
:10279000100846450DD307F1300043462A4641460E
:1027A0002044FFF782FE103F3E444544002363640B
:1027B00013E007F1300033462A4631462044FFF744
:1027C00074FE636C33446364012032E0E25CE11820
:1027D00091F830104A40E25401330F2BF6D9A26C25
:1027E00021462046F0F716F90FE0E05C15F803C02B
:1027F00080EA0C00E05401330F2BF6D9A26C21467D
:102800002046F0F707F91035103E102E01D90023AD
:10281000F2E70EB901200CE033462A46314604F1B6
:102820003000FFF742FE6664012002E0002070479E
:102830000120BDE8F0810020FBE70020F9E780B32C
:1028400038B50C46054671B34A6C102A03D101F124
:10285000100C002319E002F13000C2F11002002137
:102860002044FFF72FFE636C2344802283F830203E
:1028700004F1200CEDE7E25CE11891F830001CF85F
:10288000031048404240E25401330F2BF3D9A26CAD
:1028900021462846F0F7BEF82046FFF711FF012039
:1028A00038BD002070470020FAE708B501460068EF
:1028B000F0F744FA08BD08B5F0F75CFAF0F786FACD
:1028C00008BD0020704708B500231370CB1E092BEC
:1028D0001AD8DFE803F005090D111919191919148F
:1028E0001146F0F7D9FC08BD0021F0F731FCFAE7FA
:1028F0000021F0F7A5FBF6E7F0F7BEFAF3E7114683
:10290000F0F724FB0020EEE7F0F72EFB0020EAE7CB
:1029100008B540B2F0F78CFE08BD08B540B2F0F73C
:1029200095FE08BD08B512F0010F04D1023140B286
:10293000F0F79EFE08BD0021F9E708B5002101204F
:10294000F0F7FCF908BD0023E1EE103AEFF3148331
:1029500023F0040383F31488BFF36F8FBFF36F8FEB
:10296000704761B662B680F31188BFF36F8F70470E
:1029700072B6002383F31188BFF36F8FBFF34F8FBD
:1029800030BF62B6BFF36F8F704772B6002383F318
:102990001188BFF36F8FBFF34F8F20BF80F3118873
:1029A000BFF36F8F62B6704743685A1E134206D159
:1029B0001F2B06D903681A4205D00020704700205B
:1029C0007047002070470120704700B585B00B6844
:1029D00001934B688A68202B12D9B3F1004F11D8AC
:1029E000013BB3FA83F3C3F11F035B0003F03E0323
:1029F0001343039301A9F0F7FDFF05B05DF804FB55
:102A00000823F5E73E23F3E7F0B585B0054603A8B4
:102A1000EFF786FF0646002424E0B3F5801F20D19F
:102A2000576809589368202B64D9B3F1004F63D8D5
:102A3000013BB3FA83F3C3F11F035B0003F03E03D2
:102A400043F0885343F43023009701910293694681
:102A50002878F0F7CFFF0028C0F2A8802B78013348
:102A60002B700134B44280F0A4802001039901EB63
:102A70000412D3681B0D1B05B3F5000F5ED01DD8E3
:102A8000B3F5001F3AD0B3F5800FC6D15768095887
:102A90009368202B4ED9B3F1004F4DD8013BB3FAC8
:102AA00083F3C3F11F035B0003F03E0343F0E063D5
:102AB00043F40033009701910293C8E7B3F1807F9C
:102AC00056D0B3F1007FCCD1576809589368202BBA
:102AD00068D9B3F1004F67D8013BB3FA83F3C3F170
:102AE0001F035B0003F03E0343F480230097019132
:102AF0000293ACE70823A3E73E23A1E757680958F0
:102B00009368202B12D9B3F1004F11D8013BB3FACF
:102B100083F3C3F11F035B0003F03E0343F08853CC
:102B200043F4002300970191029390E70823F5E70F
:102B30003E23F3E70823B9E73E23B7E75768095870
:102B40009368202B10D9B3F1004F0FD8013BB3FA93
:102B500083F3C3F11F035B0003F03E0343F0827372
:102B600000970191029372E70823F7E73E23F5E708
:102B7000576809589368202B10D9B3F1004F0FD82C
:102B8000013BB3FA83F3C3F11F035B0003F03E0381
:102B900043F0887300970191029358E70823F7E701
:102BA0003E23F5E708239FE73E239DE76FF01500DE
:102BB00000E0002005B0F0BD08B5F0F76BFF08BDE0
:102BC00008B5F0F771FF08BD08B50B69496998476A
:102BD000002008BD10B58AB00C4605A9F1F7D8F859
:102BE00069462046F1F7D4F810220DF101010DF1EC
:102BF000150005F039FF0AB010BD08B503780A7852
:102C0000934207D1012B0CD0022B0ED02BB16FF0C9
:102C1000150008BDFFF7DEFFFBE740884B88C01AB0
:102C2000F7E740684B68C01AF3E710220131013022
:102C300005F01AFFEDE700B50346042A0FD0102A6D
:102C40001DD0022A02D000205DF804FB0022027091
:102C500048780A7842EA00225A800120F4E70120ED
:102C60001870CA7891F802C04CEA022C91F801E081
:102C70000A7842EA0E2242EA0C425A60E4E702462F
:102C8000022002F8010BD1F800E0D1F804C08868F6
:102C9000C968C3F801E0C2F804C09060D1600120A7
:102CA000D2E710B50446012300F8013B0621F9F7ED
:102CB00055FE18B9A37963F03F03A37110BD0B68EB
:102CC00003608A888B7982808371037823F0020302
:102CD000037070470078C0F3400070471070C0F375
:102CE00007235370030C9370000ED0701171C1F361
:102CF000072353710B0C9371090ED171704700B506
:102D0000C379817941EA03214279037943EA0223B5
:102D1000C27890F802C04CEA022C90F801E00278E8
:102D200042EA0E2242EA0C4043EA01415DF804FB0C
:102D300000207047053815280ED8DFE800F00B0D8D
:102D40000D0D0D0D0D0D0D0F0F0D0D0D0F0D0D0DAD
:102D50000D0D0D0F032070470220704701207047B2
:102D60004B09BFF35B8F50F82300BFF35B8F01F07B
:102D70001F01084100F001007047B2F801C003468E
:102D800023F888CBD1F800C0C0F888C0B1F804C0DF
:102D90008979A3F804C09971B2F81730A0F89E3071
:102DA000B2F81930A0F8A430B2F81B30A0F8A63061
:102DB000D378C370002343721B22A0F8BC204FF4C9
:102DC000A473A0F8BE30A0F8C020A0F8C2307047AD
:102DD0002DE9F04104460E4615469846171D384623
:102DE000FFF778FF78B139463046FFF768FFD5F82E
:102DF0001130C4F80130B5F81530A4F805300123BE
:102E00002370BDE8F0813946404600F050F9036870
:102E1000336082888379B280B3716B682360BA882B
:102E2000BB79A280A371ECE770B5C468B4F8016007
:102E3000237803B170BD0F213046F4F7BBFA054685
:102E400040B1E37843720121F4F76EF9284600F0AF
:102E5000A5FCEFE7E1783046F1F71CF8EAE701F06E
:102E60001F0C012303FA0CF372B1490900EB810036
:102E7000BFF35B8F50E8002F1A4340E80021002980
:102E8000F8D1BFF35B8F7047490900EB8100DB434A
:102E9000BFF35B8F50E8002F1A4040E80021002963
:102EA000F8D1BFF35B8F704701F01F0201239340FD
:102EB000490900EB8100BFF35B8F50E8002F42EA25
:102EC000030140E8001CBCF1000FF6D1BFF35B8F9B
:102ED000134214BF01200020704738B50446022178
:102EE00042F21600F1F74EFE68B1054602210C30A1
:102EF00002F00BFD238803800022294642F21600CF
:102F0000F1F780FE38BD6FF06800FBE770B505464D
:102F10000C46032140F20640F1F734FE68B1064644
:102F200003210C3002F0F1FC058084700022314650
:102F300040F20640F1F766FE70BD6FF06800FBE7F7
:102F4000F8B506460F461446062142F22200F1F774
:102F500019FE78B1054606210C3002F0D6FC338804
:102F60000380478084800022294642F22200F1F744
:102F700049FEF8BD6FF06800FBE72DE9F041074618
:102F80000E4615461C46072142F23200F1F7FAFDC3
:102F9000A8B1804607210C3002F0B7FC3B880380C3
:102FA0008670C57004719DF81830A0F805300022B5
:102FB000414642F23200F1F725FEBDE8F0816FF0A4
:102FC0006800FAE708B5F2F707FA08BD08B5C06867
:102FD000FFF7F8FF08BD028843889A4217D8052AF0
:102FE00017D9B3F5486F16D88188B1F5FA7F14D296
:102FF000C088A0F10A0292B240F6764C62450ED823
:1030000001FB0333B3EB800F0BD20120704700208C
:103010007047002070470020704700207047002054
:1030200070470020704770B505460C460E2142F2ED
:103030002000F1F7A7FDC0B106460E210C3002F0CA
:1030400064FC0023036043608360838105802388E0
:10305000438063888380A388C380E38803813146EB
:1030600042F22000F2F7C2FC70BD6FF06800FBE78F
:1030700010B50446FBF708FE2046F2F759FE044659
:10308000FBF71AFE204610BD10B5F2F7FFF8044614
:1030900008B1204610BDF4F721FD04460028F8D100
:1030A000F2F78EFEF5E7002070470020704710B958
:1030B00019B108467047002070470020704728B1BA
:1030C00039B108B50846F2F75FFF08BD6FF015008B
:1030D00070476FF015007047A0B110B582B004467C
:1030E00006216846F9F73AFC08B102B010BD9DF818
:1030F000053003F03F038DF8053069462046FFF7A1
:10310000DEFFF2E76FF01500704700B10120704755
:1031100000238B4219D200B502E001338B4211D259
:1031200000EBC30E30F833C040F201129445F4D1E5
:10313000DEF80420002AF0D0127812F0010FECD053
:10314000012000E000205DF804FB00207047002013
:103150007047034610F4004F0BD1072013F4803F53
:1031600001D000F0FD0013F4003F01D000F0FB009F
:1031700070470620F2E74B09BFF35B8F50F823003E
:10318000BFF35B8F01F01F01084100F001007047A1
:1031900038B500F110040E212046FFF7ECFF80B196
:1031A00000250A212046FFF7E6FF08B145F001059A
:1031B0000D212046FFF7DFFF08B145F00405284642
:1031C00038BD0225EDE72DE9F04182B007460D46F6
:1031D00016462021F1F7D6FC00B3804620210C30A2
:1031E00002F093FB04462022002105F035FC0094F8
:1031F00033462A461F21601CF3F748F9044648B9B4
:10320000002241463846F1F7FDFC0446204602B054
:10321000BDE8F081404602F030FBF7E76FF068044C
:10322000F4E708B542F20800FFF7CDFF08BD08B586
:1032300042F20900FFF7C7FF08BD2DE9F04F89B042
:1032400004460D4616461F46DDF848809DF84CA002
:103250009DF850B09DF85490002304930593069375
:103260000793B9F1000F33D1BAF1000F02D0BBF1CF
:10327000000F0ED104950596B9F1010F56D0012229
:1032800004A92046FFF7CDFF0346E8B9BBF1000FC4
:103290000CD00497CDF81480B9F1020F4CD0012264
:1032A00004A92046FFF7C3FF034668B91034BFF3F3
:1032B0005B8F54E8003F43F0040344E80032002AE7
:1032C000F7D1BFF35B8F0023184609B0BDE8F08F3C
:1032D000F2F73AFE019065B10022964207D915F83F
:1032E0003230083BDBB2012B0FD90132F5E7002366
:1032F00043BB77B10022904509D917F83230083B1B
:10330000DBB2012B10D90132F5E70123F0E70023EE
:10331000DBB90198ECF7F8FC09238DF808308DF83B
:103320000900019B03939FE70123F1E702AB06939A
:10333000012307930222A3E702AB0693012307931D
:103340000222ADE76FF01503BEE76FF01503BBE790
:1033500008B5436813F4806F07D1026912B113F006
:10336000010F04D0F3F7ECF808BD0020FCE70020C3
:10337000FAE701F01F0C012303FA0CF372B14909BB
:1033800000EB8100BFF35B8F50E8002F1A4340E849
:1033900000210029F8D1BFF35B8F7047490900EB8A
:1033A0008100DB43BFF35B8F50E8002F1A4040E8F9
:1033B00000210029F8D1BFF35B8F704700B501F001
:1033C0001F0201239340490900EB8100D943BFF359
:1033D0005B8F50E8002F02EA010C40E800CEBEF1FE
:1033E000000FF6D1BFF35B8F134214BF0120002002
:1033F0005DF804FB436813F0080F0BD013F4802F23
:103400000AD103F4C063B3F5806F01D00220704786
:1034100001207047002070470120704770B586B0CA
:1034200005460C46012142F20A00F1F7ABFBD0B190
:1034300006469CB101210C3002F078FA0094072373
:1034400005F1100203A93046F1F78AFB002231464C
:1034500042F20A00F1F7D6FB06B070BD00210C3035
:1034600002F064FAEAE76FF06800F5E708B5FFF7E5
:10347000D5FF08BD08B5183004F0C8FD08BD0B46DF
:1034800039B11168196041688A4209D0002313607C
:1034900070471368036041688A42F7D14360F5E7DB
:1034A0004360F3E708B50A460368002101E01946C6
:1034B0001B682BB19342FAD1FFF7E1FF012000E036
:1034C000002008BD07280CD007D80238C0B2042855
:1034D00001D80120704700207047082803D103203D
:1034E0007047022070470020704770B504460CE01A
:1034F00083F31188BFF36F8FC0B145688668F3F717
:103500009BFB002231462046A847EFF3118340225F
:1035100082F31288BFF36F8F206A0028E8D0026818
:103520002262616A8142E3D16262E1E770BD08B55F
:103530002838FFF7DAFF08BD70B5044608464D6825
:103540008E68F3F779FB6FF06D0231462046A8478D
:1035500070BD00B501F01F0201239340490900EB43
:103560008100D943BFF35B8F50E8002F02EA010CC2
:1035700040E800CEBEF1000FF6D1BFF35B8F1342DF
:1035800014BF012000205DF804FB4B09BFF35B8FE3
:1035900050F82300BFF35B8F01F01F01084100F0DA
:1035A0000100704770B505460C46032A18D8DFE8BD
:1035B00002F0021502150026042104F10C0002F0AD
:1035C000C5F92B8843EA06330380238A043B4380F2
:1035D000022323762046F2F7FFF970BD0126EBE7C0
:1035E0006FF01500F9E710B5044627E0013BE361F1
:1035F00082F31188BFF36F8F2046F3F761FBFAF770
:10360000ABFE1BE082F31188BFF36F8F51B3EFF372
:103610001183402282F31288BFF36F8FCA68E26180
:103620000022CA6083F31188BFF36F8F2046FFF733
:1036300083FF2046F3F744FBFAF78EFEEFF3118287
:10364000402383F31288BFF36F8FE369002BCDD142
:1036500061690029D6D00B686361A0698142D1D12C
:10366000A361CFE710BD10B50446006918B102F0A0
:1036700004F90023236110BD38B50546002200235C
:1036800005F1380002F0BEF8034660B19C690022E3
:103690009A61184602F0F1F8002CEFD02146284636
:1036A000FFF74AFFEAE72846FFF7DDFF0022002385
:1036B00005F15800FAF7FAFF38BD38B5BFF35B8F54
:1036C000D0F8C430BFF35B8F63B304460D46837AF2
:1036D000B3B1A37A072B28D12046F3F7F1FA0346BA
:1036E00030B38168A26B02B1B1B104F1380300229A
:1036F0000421284605F061F901232B73002038BD11
:1037000006210430FFF725FF0028E2D02046FFF70E
:10371000B3FF6FF07F00F2E700220221284605F098
:103720004CF9E9E76FF07F00E9E76FF07F00E6E72B
:103730006FF07F00E3E770B504460D461646F3F7D9
:1037400087FA324629462046F3F7A6FB70BDBFF341
:103750005B8FD0F8C430BFF35B8FEBB100B506E0F0
:10376000BFF35B8FD0F8C430BFF35B8F93B100F130
:10377000C402591CBFF35B8F52E800CF9C4504D1B3
:1037800042E8001EBEF1000FF6D1BFF35B8FE7D118
:103790005DF804FB0020FBE70020704770B582B0A5
:1037A0008578C678C430BFF35B8F50E8003F5A1E5F
:1037B00040E800210029F8D1BFF35B8F0193BFF3EC
:1037C0005B8F019CBFF35B8F012C03D0012D04D0D4
:1037D00002B070BDF3F7CEF9F8E7012EF8D1012C55
:1037E000F6D1F3F731F9F3E7F8B506460D4617467B
:1037F000002403E06046FFF7D1FF0134AC421BD246
:10380000C82000FB0460FFF7A2FF84460028F4D024
:10381000837A012B06D05AB2002AEBD0073BDBB2E9
:10382000012BE7D8BCF80030BB4201D16046F8BD9F
:103830006046FFF7B3FFE0E74FF0000CF6E710B586
:103840000446F4F705FA2046F3F7B2F910BD01205B
:10385000704738B505460C46F3F716FB034688B1AA
:1038600005722268C0F88820A188A279A0F88C107F
:1038700080F88E20012282701822A0F8A020282231
:10388000A0F8A220184638BD38B5037A8B421ED165
:1038900004461546072200F18801284605F0E4F8A1
:1038A000B8B1E3784BB1072204F18F01284605F047
:1038B000DBF8B0FA80F040090AE0072204F1960133
:1038C000284605F0D1F8B0FA80F0400900E0002069
:1038D00038BD0120FCE78830704708B50B46B0F8CA
:1038E000BC2009888A4204D1B0F8BEC05A889445E9
:1038F00003D05A88FFF724FB08BD6FF07700FBE781
:1039000070B505460C460E2142F21300F1F73AF964
:10391000C8B106460E210C3001F0F7FF002202600C
:103920004260826082812B88038023884380638881
:103930008380A388C380E3880381314642F2130069
:10394000F1F760F970BD6FF06800FBE738B5044629
:103950000D464FF0FF324FF0FF330020F4F72CF804
:10396000A37A072B05D10023836103776B7F43770D
:1039700038BD01F082FF0020FAE77047704710B5AC
:103980000C4643685B699847204601F076FF10BDFE
:1039900038B504464568036823B16B6803B198479E
:1039A00000232360E3680BB1204698472B6A0BB1D4
:1039B0002046984738BD10B401F1080300248C60FC
:1039C000446D34B1236043650860CA605DF8044B00
:1039D000704743650365F7E710B5006D38B10838E7
:1039E00010F1080408D0846834B1083C04E00446AF
:1039F00002E0234620461C4640B1FFF7C9FF002CD9
:103A0000F7D0A368002BF5D0083BF3E710BD08B54D
:103A10000431F3F7FBFC08BDF8B505460F46144624
:103A20001E46042102F10C0001F090FF238A043BA2
:103A300003804780069B324621462846F3F7ACFABE
:103A4000F8BD30B583B00C46002300930A4605212B
:103A5000FFF7E2FF054610B9284603B030BD204607
:103A600001F00BFFF8E72DE9F843804617461C46A6
:103A70009DF82060B21C0120F4F724F988B10546B6
:103A800000F10C090221484601F03FFF078024B1F4
:103A900032462146484601F03EFF29464046FFF7A0
:103AA000D0FFBDE8F883006D10B1083800E018467B
:103AB00050B1838A8B4207D010F10803F7D0806899
:103AC0000028F5D00838F3E7704770B506460C4675
:103AD000F4F722F8014608221220F4F7F3F888B12F
:103AE000054608210C3001F010FF2388038063880D
:103AF0004380A3888380E388C38029463046FFF74C
:103B0000A0FF70BD6FF00B00FBE770470B4639B1AB
:103B10001168196041688A4209D000231360704718
:103B20001368036041688A42F7D14360F5E7436058
:103B3000F3E708B50A460368002101E019461B684F
:103B40002BB19342FAD1FFF7E1FF012000E0002002
:103B500008BD002070470346408D5B8B984228BF0C
:103B6000184670470346006820B102681A60596819
:103B7000884200D070475A60FCE720B119B18842F2
:103B800006D8012070470AB1002313800020704737
:103B900002B110800020704710F1FF0F01D20E20FB
:103BA00070474042C0B270470120704710B4D468DB
:103BB00023782BB90231217001205DF8044B704746
:103BC00002318B4205D0038A023B03820020106140
:103BD000F3E70120F1E7D06803781BB904310170E5
:103BE0000120704704318B4206D091680B8A043B58
:103BF0000B82002010617047012070470120704740
:103C000006207047062070474068704738B5044664
:103C1000807AF6F709FD0546616951B1637A13F0C0
:103C2000010F04D1436A1B689B6820469847002314
:103C300063612146284603F0F5FF38BD4B09BFF309
:103C40005B8F50F82300BFF35B8F01F01F01084129
:103C500000F00100704708B50022002301F0D2FDFA
:103C600008BD38B504460D46436A43B105F18803E3
:103C7000626AC5F888206362A26A22B138BD0C303E
:103C800003F0B8FFF2E7A362F8E708B503680A8A11
:103C9000C9681868F6F7A0FB002008BD38B50546CE
:103CA0000C4601F10C0001F069FE01462D68238AE3
:103CB000E268286801F08DFC002038BD70B5066808
:103CC000736A53B1883B13F1880403D0D3F888405A
:103CD00004B1883C0022114604E01C46FAE7254660
:103CE00023462C468BB1834207D05D8DA94238BF55
:103CF00029465B8B9A4238BF1A46002CEFD0D4F885
:103D00008850002DECD0883DEAE7438D8B4202D8E5
:103D1000448B944209D9408B824238BF0246994273
:103D200038BF19463068F6F7D7FB70BD2DE9F04172
:103D300082B0064614464FF495720146206801F0A1
:103D400036FB207548BB0546276831463846FFF7E5
:103D500055FF28B1237A33B1182B18D02B4603E036
:103D6000082323751AE00223D6F808800193638A9A
:103D70000093238AE26831463846C047002802DBB8
:103D8000238A984205D0FFF707FF207506E0042339
:103D9000EAE700232375012500E00025284602B04C
:103DA000BDE8F08101F01F0201239340490900EBB7
:103DB0008100BFF35B8F50E8002F42EA030140E827
:103DC000001CBCF1000FF6D1BFF35B8F134214BF90
:103DD0000120002070472DE9F04F85B080468946CC
:103DE000144602921D4641680391FFF7B4FE234634
:103DF000002202E0198A0A445B68002BFAD1904243
:103E000004D80024204605B0BDE8F08F029801F0E8
:103E100052FD07464FF0000A86E0198A0A445B68A3
:103E2000002BFAD1841A07F10C06304601F0B2FDDE
:103E3000844228D3304601F0ADFD0646002E2FD037
:103E4000D9F80440F9683A8A0095B3B20A44494661
:103E50000398A047041E58DB0E9B2BB10F9A2146F6
:103E600038469847002865D0A346214607F10C0044
:103E700001F04BFDA2442C44A5B24046FFF76BFE77
:103E8000029B00224AE04046FFF765FE029B0022AB
:103E900002E0198A0A445B68002BFAD1861ACDE742
:103EA000029B987AF6F7C0FB0022002301F0A4FCE5
:103EB000074650B10146029C204601F00DFD4046E8
:103EC000FFF749FE3246234604E054469AE7198A32
:103ED0000A445B68002BFAD1841A07F10C0B584690
:103EE00001F058FD844204D3584601F053FD0646C4
:103EF000A6E74046FFF72FFE029B02E01A8A16440F
:103F00005B68002BFAD1861B9AE7BAF1000F3FF4E9
:103F100079AF544676E7198A0A445B68002BFAD1D8
:103F2000904207D9B34505D14046FFF714FE029BE6
:103F3000002275E7544665E72DE9F04182B0074657
:103F40001446D2F80080D8F8046000231373952239
:103F50000146304601F02BFA207340BB0546394636
:103F60003046FFF721FED8B14046FFF7F4FDA268C6
:103F7000138AC31A012B1BDD022102F10C0001F090
:103F8000C4FC0646002301930093A388A268394627
:103F90004046FFF720FF002805DB3080012507E0C1
:103FA0000823237304E0FFF7F7FD207300E00025EA
:103FB000284602B0BDE8F0812DE9F04182B0074605
:103FC0001446D2F80080D8F80460002313739522B9
:103FD0000146304601F0EBF92073C8B90546394671
:103FE0003046FFF7E1FD10B90823237311E00023E9
:103FF00001930093A388A26839464046FFF7EBFE81
:10400000002801DB012504E0FFF7C6FD207300E076
:104010000025284602B0BDE8F0812DE9F8430646A8
:104020000F461446D2F8008093684BB1A3681D7800
:10403000012D13D0022D2ED000252846BDE8F8838F
:10404000506801210C3001F060FCA06033681B78DF
:1040500013B901230370E9E70223FBE7336893F800
:104060000090B9F1000F01D00025E6E76068042157
:104070000C3001F04AFCE06007803268E368528847
:104080005A804046FFF767FD63681B8AC01A042800
:10409000D3D84D46D1E733681B78022B01D00025D9
:1040A000CBE7606812210C3001F02FFCE060078044
:1040B000E3683268D2F80150D2F80500D2F809104E
:1040C000D2F80D20C3F80250C3F80600C3F80A1056
:1040D000C3F80E204046FFF73EFD63681B8AC01AF6
:1040E000122801D80025A8E70125A6E708B5F4F7AE
:1040F0005FFA08BDF8B505460C46FFF72CFDA3682E
:10410000002203E0B3F810C062445B68002BF9D1D1
:10411000904219D3AC63A668A360FAF7B5FD3146A7
:104120002846FFF7E3FF074630B1A6600023AB63E4
:10413000FAF7C2FD3846F8BD2846FFF70CFD0146E8
:104140002046F6F7FDF9F3E76FF07907F2E708B5D7
:10415000FFF7D0FF08BD70B5044608460021FFF701
:104160006DFD28B1261F54F8043C0BB1626B02B1FF
:1041700070BD5D68002DFBD02A685A609968A9421D
:104180000FD029463046FFF7E2FF0028F0DA54F856
:10419000043C5A682A605D609A68002AE8D19D60F4
:1041A000E6E79A60EDE72DE9F8430746446A8CB3E9
:1041B000883C14F1880503D0D4F8885005B1883DB7
:1041C0004FF0000846462AE096B12146381DFFF719
:1041D000C9FC0646E0B101462046FFF7B8FF0028BB
:1041E00029DA7B6833607E60BB6873B1A0461AE051
:1041F000B8F1000FE9D02046FFF7ABFC81464046FE
:10420000FFF7A7FC8145E0D10DE0BE60A0460AE0C3
:10421000A04608E02546D3E72B462C461D4654B160
:10422000A36B002BD0D0002DF6D0D5F88830002B12
:10423000F3D0883BF1E7BDE8F88370B504460D463E
:1042400001462846FFF707FD68B1064601462046AD
:10425000FFF74CFF044608B9204670BD314628469A
:1042600003F0E0FCF8E76FF00104F5E7F8B5044669
:10427000061F50F8045C00F13003BFF35B8F53E876
:10428000001F21F0040143E80012002AF7D1BFF318
:104290005B8F3DB1636B33B104F138013046FFF7FA
:1042A000CCFFC0B9F8BD6F68002FF5D03B686B60DC
:1042B000AA68BA420DD039463046FFF71BFF0028E6
:1042C000F0DA6B683B606F60AB68002BE4D1AF60E5
:1042D000E2E7AB60EFE705F10C013046FFF7ADFF19
:1042E000E0E708B580680430FFF7C0FF08BD2DE99E
:1042F000F8438146446A54B3883C14F1880503D0DE
:10430000D4F8885005B1883D002637460EE009F103
:104310000C012046FFF791FF0646E0B1CDB1D5F87C
:10432000883003B1883B27462C461D469CB116F1C8
:10433000020FECD1002FEAD02046FFF70AFC80469E
:104340003846FFF706FC8045E1D13C46E6E72546C6
:10435000DAE72B46E7E7BDE8F88338B504460D46B3
:10436000F4F726F900B938BD294604F13C0001F004
:1043700080FAF8E730B587B00546F4F70DF98446C2
:10438000EE4604460FCCAEE80F0094E803008EE83A
:1043900003000023CCF80030CCF80430CCF808300F
:1043A000CCF80C30CCF81030CCF814302846FFF79D
:1043B0002DFC9DF804300BB907B030BD6846F4F70A
:1043C0005FF9F9E738B505460C4601F10C0001F03C
:1043D000D5FA0146238AE2682868006801F0F9F8F6
:1043E00000221E212846F4F779F918B10146284623
:1043F000FFF7B3FF002038BD01B970472DE9F04148
:10440000064615461C460F4604220121F4F766F9BC
:10441000804658B104210C3001F077FA0770A0F8FB
:104420000150C47041463046FFF797FFBDE8F08168
:1044300030B585B005460C4601F10C0001F09EFA3E
:104440000346E268218A02910192002100910A4606
:104450002846F4F7F3F905B030BD30B585B0054610
:104460000C4601F10C0001F089FA0346E268218A4A
:104470000291019200220092132212212846F4F7A1
:10448000DDF905B030BDF0B589B0054608460C7CB5
:10449000043CE4B2022C01D0102C42D104210C3097
:1044A00001F064FA068847882246011D01A8FEF73C
:1044B000C2FBC8B30DF1160239463046FFF75DFB6B
:1044C000F0B100238DF818304FF42053ADF81A30B6
:1044D00006A901A8FEF791FB58B100238DF81C3006
:1044E00042F60103ADF81E3007A901A8FEF785FBCF
:1044F00078B93B46324601A92846F4F779FA11E02B
:104500000123BDF8162010212846FFF775FF002073
:1045100008E01023324619462846FFF76DFF0020B9
:1045200000E0042009B0F0BD0E20FBE700B583B029
:10453000CA681388528800920D220C21F4F73AFBC6
:1045400003B05DF804FB00B583B0CB681B88002284
:1045500000920B220A21F4F72DFB03B05DF804FB57
:10456000F0B587B0054608460C7C043CE4B2022C4A
:1045700001D0102C23D104210C3001F0F7F906886A
:1045800047882246011D01A8FEF755FBC8B10DF171
:10459000160239463046FFF7F0FA38B13B4632464C
:1045A00001A92846F4F758FB07B0F0BD0123BDF878
:1045B000162008212846FFF71FFF0020F4E70420FB
:1045C000F2E70E20F0E72DE9F04387B007460C46EE
:1045D000062104F10C0001F0C9F905884688B0F8FD
:1045E0000480D4F80C900DF10E0231462846FFF7F6
:1045F000C4FAD0B100238DF81030ADF812808DF8D8
:1046000014304FF42053ADF8163005A904A8FEF776
:10461000F4FA98B9237C00934B4632462946384633
:10462000F4F760FB07B0BDE8F0830123BDF80E206E
:1046300006213846FFF7E0FE0020F3E70A232A466A
:1046400006213846FFF7D8FE0020EBE770B582B0B0
:104650000446CB681D885E880DF106023146284667
:10466000FFF78BFA30B1324629462046F4F77EFB3D
:1046700002B070BD0123BDF8062004212046FFF7DB
:10468000BBFE0020F4E7F8B504460D46FFF761FADB
:1046900070BBEB681E88B3B2162B2BD903212046C2
:1046A000F4F776F9074638B302210C3001F02DF902
:1046B00000256FF008030370457039462046FFF768
:1046C0004CFEF7236383668523681B680433BFF3BE
:1046D0005B8F53E8001F41F4805143E80012002A29
:1046E000F7D1BFF35B8F2046FFF7E8FA2846F8BD05
:1046F0000620FCE70420FAE70E20F8E708B5F5F7F6
:104700000FF808BD08B500230A8AC968F4F79AFBB8
:1047100008BD08B500230A8AC968F4F793FB08BDF1
:1047200008B500230A8AC968F4F78CFB08BD08B5F0
:1047300000230A8AC968F4F785FB08BD08B5002381
:104740000A8AC968F4F77EFB08BD08B500230A8A07
:10475000C968F4F777FB08BD08B500230A8AC96861
:10476000F4F770FB08BD08B500230A8AC968F4F79E
:1047700069FB08BD08B500230A8AC968F4F762FB23
:1047800008BD08B500230A8AC968F4F75BFB08BDB9
:1047900008B500230A8AC968F4F754FB08BD70B550
:1047A0000446CE6833889AB2162A0CD90D46F722F1
:1047B00042834385FFF782FA00232A8A3146204646
:1047C000F4F740FB70BD042300221146F4F73AFBD6
:1047D000F8E708B500230A8AC968F4F733FB08BD77
:1047E00010B50446014651F8880B2430FFF7A1F9B3
:1047F00002E0184601F041F80022002304F13C00D9
:1048000001F000F803460028F3D1A36B33B16FF039
:104810006703002211462046F4F714FB002344F8F6
:10482000343BBFF35B8F54E8003F23F0010344E8BF
:104830000032002AF7D1BFF35B8F10BD38B50446B4
:1048400050F8045C25B10438FFF7CAFF6B6A03B166
:1048500038BD2846F4F748FB2068F5F759FEF7E71E
:1048600038B50C46F3F75EFB48B1054621460C30DF
:1048700000F0FFFF2846FFF73AFD002038BD204634
:1048800000F0FBFF6FF07F00F8E738B505460C46F7
:10489000FAF7FAF92846F3F745FB68B10346002218
:1048A000226082686AB1146084601846FFF77BFC5E
:1048B000FAF702FA002038BDFAF7FEF96FF07F0030
:1048C000F9E784604460F0E758B370B50D4639B33A
:1048D000F3F728FB064618B3406A40B1883810F158
:1048E000880409D0D0F8884034B1883C04E00446FC
:1048F00002E0234620461C4658B12946F4F796FBB1
:1049000070B9002CF5D0D4F88830002BF2D0883B59
:10491000F0E72946301DFFF70CF92846F4F782FA34
:1049200070BD704710B50C46F3F7FCFA014600B3B2
:10493000436A13B1883B00E0883B6BB1986BC26857
:10494000A24216D013F1880204D0D3F88830002B8D
:10495000F2D1F2E71346F0E7486850B1C368A342CA
:1049600007D0034600680028F7D0002BF5D1184681
:10497000F3E710BD0120704708B5F3F7D3FAB8B1DB
:10498000436A03B1883B9BB103F13402BFF35B8FF1
:1049900052E8000F20F0080042E800010029F7D19A
:1049A000BFF35B8FD3F88830002BECD0883BEAE76D
:1049B00008BD08B50421FFF776F820B10321303097
:1049C000FFF73CF908BD0020FCE770B50E46154620
:1049D0001C46F3F7E1FDC66005610123C380047541
:1049E00070BD0B4639B11168196041688A4209D01F
:1049F0000023136070471368036041688A42F7D14F
:104A00004360F5E74360F3E708B50A460368002111
:104A100001E019461B682BB19342FAD1FFF7E1FF81
:104A2000012000E0002008BD0023B3EB510F10D29D
:104A300000B510F803C0CA1A013A10F802E000F8F5
:104A400003E000F802C00133B3EB510FF1D35DF87E
:104A500004FB7047B0F800C0624512D300B5B1F84E
:104A600000E0734508D9624500D202800A8893426B
:104A700004D90B80012002E0002000E001205DF855
:104A800004FB624500D202800A88934202D90B805F
:104A9000012070470120704710B5002301E0013369
:104AA0009BB2022B19D84FEAD30CB2EBD30F12D919
:104AB00000EB0C04247A03F0070E24FA0EF414F031
:104AC000010FECD011F80C4024FA0EF414F0010F91
:104AD000E5D1002016E0002300E00023934210D22D
:104AE0006BB9C41894F808C011F803E00EF0070E73
:104AF0004CEA0E0C84F808C001339BB2EEE70120AB
:104B000000E0012010BD10600020704708B50A4683
:104B100000210B463BB15389994203D05181D368A0
:104B200003B1984708BD03EB830C02EB4C0CBCF8B7
:104B300008C08C4500D961460133EBE7FF2801D856
:104B4000C0B270470E20704770B5049CA6683EB195
:104B500005460846FFF7F2FF024621462846B047C1
:104B6000A37D013BDBB2A375E26812B10BB920460D
:104B7000904770BD10609180002070478068B0FA47
:104B800080F040097047F8B50C4673B105461146F0
:104B90001E4603F1180204F10800FFF722FF3768F0
:104BA00000231A4631462846B8472046FFF7E6FF5D
:104BB00000B9F8BD2046F4F763FAFAE70120704720
:104BC00070B50446049D2E680846FFF7B7FF0146FE
:104BD0002A462046B04770BD70B582B00446069D97
:104BE000084679B973B1009313462A46002120463E
:104BF0002E68B0472E68002100910B462A462046B9
:104C0000B04708E02E68FFF799FF014600230093A4
:104C10002A462046B04702B070BDF0B589B006689C
:104C20003578002D60D1074614467388B3F5245FAC
:104C300019D013D903F55643FF339BB2042B59D82F
:104C4000ADF80A1002220DF10A012046FDF787FD9A
:104C5000002839D16FF01503A36546E0A3F5205372
:104C60009BB2032B44D8ADF80A1002220DF10A01C1
:104C70002046FDF774FD18B96FF01503A36534E005
:104C80007388ADF80A3002220DF10A012046FDF7C3
:104C900066FD78B17E6800200090132303AA394690
:104CA000B047021E0ADB03A92046FDF758FD38B1C4
:104CB00001251AE06FF01503A36516E0A26514E064
:104CC0006FF01503A36510E07388ADF80A30022277
:104CD0000DF10A012046FDF742FD08B1012504E06F
:104CE0006FF01503A36500E00125284609B0F0BD6B
:104CF0000125FAE70125F8E74B09BFF35B8F50F870
:104D00002300BFF35B8F01F01F01084100F0010099
:104D1000704701F01F0201239340490900EB810015
:104D2000BFF35B8F50E8002F42EA030140E8001C0C
:104D3000BCF1000FF6D1BFF35B8F134214BF01200B
:104D4000002070474B7803B97047D0F88830C1F81D
:104D50000130B0F88C2090F88E30A1F80520CB718E
:104D6000F2E700B501F01F0201239340490900EB6F
:104D70008100D943BFF35B8F50E8002F02EA010C9A
:104D800040E800CEBEF1000FF6D1BFF35B8F1342B7
:104D900014BF012000205DF804FB08B539B10021E3
:104DA0000C30FFF7B6FF80F00100C0B208BD002153
:104DB0000C30FFF7D6FFF9E708B5FFF7EEFF08BDA7
:104DC0002DE9F8430746F4F7D9F9002842D0804688
:104DD0008468002C3AD0183C14F1180502D0A5695B
:104DE00005B1183D4FF000090DE000232382234652
:104DF0004A4641463846FFF7C6FE4DB3AB6903B19C
:104E0000183B2C461D462CB304F11406BFF35B8FF0
:104E100056E8003F23F0080346E80032002AF7D1A5
:104E2000BFF35B8F07F18801387AFEF73EF900285F
:104E3000DBD000213046FFF75FFF0028D5D1414687
:104E40003846FFF77FFF04F11809D6E72546C9E782
:104E50002B46D6E7BDE8F8830023036043608360F8
:104E6000704708B5F4F73EF908B1FFF7F5FF0020E9
:104E700008BD08B5022A03D0F4F708FB022008BDDC
:104E800000231A4600F18801007AF4F7C1F9F5E72A
:104E900000238360704738B504461546FFF76AFD66
:104EA00048B93DB904F18801207AF4F71BF908B13B
:104EB000FFF7EEFF38BD2046F4F7EEF80028F0D0FB
:104EC000027A12F0010FECD00121FFF775FFE8E73D
:104ED000994222D838B505460C4691421FD3049B0F
:104EE00023B101681846FDF788FED0B9059B2BB1A8
:104EF000EB68059A934201D0012011E0069B1B88C4
:104F0000013B069A1380089A21462846079B98473A
:104F1000069B1B8823B9002002E000207047012077
:104F200038BD0120FCE738B505460C464FF470202B
:104F30000021F3F74FFF034608B14560C4601846EF
:104F400038BD2DE9F04383B00646084615461C4699
:104F50009DF828800B9F0097434622462946FFF77D
:104F6000E2FF68B381463A4641463046F3F7D4FC47
:104F70008046B8B19DF8303000221146FFF725FD7C
:104F8000C9F808802A4639464046A047044678B901
:104F900049463046FFF779FC044668B9204603B01D
:104FA000BDE8F0834846F3F73DFF6FF00B04F5E7EB
:104FB0004846F3F737FFF1E74846F3F733FFEDE7ED
:104FC0006FF00B04EAE708B502210C3000F09DFCFD
:104FD000034600206FF008021A70587008BD10B523
:104FE000144602210C3000F090FC2389038000203D
:104FF00010BD10B5144604210C3000F086FC238946
:10500000038063894380002010BDF0B587B0064659
:105010000C9D084609B9144653B92C68FFF78EFD5C
:105020000146002300932A463046A04707B0F0BD52
:105030001A46214603A800F05EFC0AE00094831C97
:105040002A46002130462F68B847214603A800F0C1
:105050008DFCBDF81030012B0AD9022103A800F005
:1050600085FC0388BDF81040A342E7D81C46E5E75D
:105070002C68002100910B462A463046A047D5E710
:1050800070B506461546002408E0AB6833F81410E6
:1050900006F10C0000F051FC0134E4B26B689C4254
:1050A000F3D3002070BD70B506461546002408E015
:1050B000AB6833F8141006F10C0000F03EFC01342C
:1050C000E4B26B689C42F3D3002070BD38B514463F
:1050D00000F10C050221284600F017FCE38903804B
:1050E000218A284600F029FC1434BFF35B8F54E872
:1050F000003F43F0040344E80032002AF7D1BFF335
:105100005B8F002038BD38B5144600F10C05042132
:10511000284600F0FAFB2389038063894380E16815
:105120000B782BB94988284600F007FC002038BDD1
:1051300010220131284600F0EEFBF7E770B5044677
:10514000F3F7AAFF50B1054604F188063146207AEC
:10515000FDF7ABFF18B92846F4F7C8FA70BDD4F8CC
:105160008830C5F80130B288B379A5F80520EB7115
:10517000F4E710B5BDF80810BDF81040A1420CD8F6
:105180001046641AA342A8BF23469CB22246039B42
:10519000194403F053FC204610BD6FF00604FAE7F3
:1051A00010B586B01824ADF810402824ADF8124090
:1051B0000024ADF814402A24ADF8164008240294C7
:1051C00004AC0194BDF820400094FFF7D2FF06B074
:1051D00010BDF0B587B004460D4616461F46FDF7D4
:1051E00062FFADF81600022302930DF1160301933E
:1051F000BDF8303000933B46324629462046FFF743
:10520000B8FF07B0F0BD2DE9F04184B004460D466B
:1052100016461F46F0F798FE8046EAF775FD80B205
:105220000290CDF80480BDF8283000933B4632460A
:1052300029462046FFF79DFF04B0BDE8F081F0B598
:1052400087B004460D4616461F4600238DF81430DD
:10525000F3F722FF10B1037A8DF814300123029383
:1052600005AB0193BDF8303000933B4632462946EA
:105270002046FFF77EFF07B0F0BD70B586B0BDF8E1
:105280002850CC68267846B1013410260296019445
:105290000095FFF76EFF06B070BD6488ADF816404C
:1052A000022402940DF1160401940095FFF761FFAA
:1052B000F1E7F0B587B005460C4616461F46C968AB
:1052C000F3F734FF90B10389ADF81630022302934F
:1052D0000DF116030193BDF8303000933B46324682
:1052E00021462846FFF745FF07B0F0BD0023ADF883
:1052F0001630EBE7B8B110B582B0044600238DF844
:10530000043042F60303ADF8063001A90068FDF74A
:1053100074FC50B9E368988840B92046F4F72EFA37
:10532000013080B202E000207047002002B010BDC2
:105330002DE9F0418AB005460C4616461F46D1F8C5
:105340000C8098F806308DF814300846FFF7D2FF2D
:10535000ADF81500D8F800100B7893B94B88ADF86C
:1053600017300523029305AB0193BDF8403000933D
:105370003B46324621462846FFF7FBFE0AB0BDE811
:10538000F081D1F801C0D1F80500D1F80920D1F899
:105390000D30CDF817C0CDF81B00CDF81F20CDF88B
:1053A00023301323DEE708B5F4F700FB08BD12F045
:1053B000010F05D04B8A13F0950F11D04B688BB1BC
:1053C00012F0020F05D04B8A13F4957F0CD08B6836
:1053D00063B14B8A134013F4DE7F09D1002070477C
:1053E0000220704702207047032070470320704757
:1053F00005207047837A072B01D000207047F0B555
:1054000089B005460C461646086800238DF804301E
:1054100042F60303ADF8063001A9FDF7EEFB50B9E3
:10542000E3689B7913F0300F01D109B0F0BD20463D
:10543000F4F7E4FA0446206800238DF8083042F6B9
:105440000213ADF80A3002A9FDF7D7FB002836D1C8
:10545000206800238DF80C3042F60213ADF80E30B0
:1054600003A9FDF7CAFB78B3206800238DF810303C
:1054700042F60303ADF8123004A9FDF7BEFB18B3E2
:10548000206800238DF814304FF42053ADF8163007
:1054900005A9FDF7B2FBB8B1206800238DF81830DC
:1054A00042F60103ADF81A3006A9FDF7A6FB58B184
:1054B0002046F4F7A3FA04460028C9D1B5E72046F0
:1054C000F4F79CFA0446C3E7206800238DF81C30EB
:1054D00042F60213ADF81E3007A9FDF78EFB20B986
:1054E000E76800241CB100209FE700209DE704EB43
:1054F000840307EB4302013217F813102846FEF726
:10550000C3F930B104EB840307EB43031B89334237
:105510008BD10134E6E7F0B583B00546089E084616
:10552000B9B91C46ABB17368F3B100941346324667
:10553000002128463768B847A0B1338A013B9C4216
:1055400018DA3468002100910B4632462846A047FD
:1055500008E03468FFF7F2FA014600230093324670
:105560002846A04703B0F0BD234631462846F4F74D
:105570002DFEF7E773891C44748131462846F4F701
:10558000F7FD0028EEDA34680023009332460E213E
:105590002846A047E6E770B582B004460D46F9F705
:1055A00073FB29462046FFF7BDF978B101464668EE
:1055B0002046FFF789F9F9F77FFB2EB1009500230C
:1055C0001A460E212046B04702B070BDF9F774FBB1
:1055D000FAE72DE9F04780460F4691469A46F3F7E1
:1055E000CDFD50B3846824B3183C14F1180509D0DC
:1055F000A5693DB1183D05E0EDB1AE6906B1183EB3
:105600002C463546CCB1A3899F42F5D12146404670
:10561000FFF7D4FA0028EFD0266853464A462146C1
:105620004046B0470028E7D121464046F4F77CFECB
:10563000E2E72546E6E72E46E2E7BDE8F0872DE9FA
:10564000F04107460C46F3F727FD002842D00646F6
:10565000037A13F0010F03D101252846BDE8F0813C
:1056600000F10C0800214046FFF746FB05460028E4
:10567000F3D10CB92546F0E701214046FFF771FB55
:105680000546F8B93846FFF775F905460028E4D015
:105690003846FFF78EF905460028DED0BFF35B8F52
:1056A00058E8003F23F0020348E80032002AF7D10F
:1056B000BFF35B8F3846FFF75FF901213046FFF7F4
:1056C0007BFBCAE73846FFF757F901213046FFF761
:1056D00073FBC2E70125C0E7F0B583B007684FF060
:1056E000FF324FF0FF3300210846FEF790F90446E1
:1056F00000F10C060121304600F007F90525057080
:105700000121304600F001F9057000230093224684
:1057100006213846FEF780F910B9002003B0F0BD2D
:10572000204600F0AAF8F8E76FF0850070470020E7
:10573000704738B50446037F1B3323F00303028B05
:10574000521A856A03FB0255F4F762FFA872237FA1
:10575000EB72284638BD70472DE9F04104460D46EE
:1057600017461E46807AF4F75FFF436A1B68D3F83A
:1057700000803A46334629462046C047BDE8F081BE
:1057800038B50446807AF4F74FFF0546616951B198
:10579000637A13F0010F04D1436A1B689B682046AB
:1057A0009847002363612146284602F03BFA38BD42
:1057B00010B50446807AF4F737FF037F1B3323F0DC
:1057C0000303826AA41AB4FBF3F010BD70B504465B
:1057D0000D46807AF4F728FF436A5A689E682E6067
:1057E00015682046FFF7E4FF00FB065070BD00235C
:1057F00003824369C360704708B5416A8968F4F75A
:105800001BFF08BD08B5F8F76DFD08BDEFF3118269
:10581000402383F31288BFF36F8F00230B6043682C
:1058200033B11960416082F31188BFF36F8F704705
:1058300041600160F7E70346EFF31182402181F3F5
:105840001288BFF36F8F006870B110B401681960DF
:105850005C68A04206D082F31188BFF36F8F5DF8B9
:10586000044B70475960F6E782F31188BFF36F8FDE
:10587000704708B502F0CAF908BD38B5044603E020
:105880002046FFF77DFF2C4684B16568237A013BF3
:10589000DBB2237253B9E3606360A07AF4F7C4FE0D
:1058A000036A002BECD020469847ECE738BD027A1B
:1058B000013202727047034618465B68002BFBD129
:1058C000704770B504460D4646681EB10846FFF79E
:1058D000F2FF4660656070BD38B50D4638B10446CC
:1058E000FFF7E9FF2946FFF7ECFF204638BD0846E1
:1058F000FFF7DDFFFAE78160016092B2C28082802B
:10590000704783680B4403607047026883881944BA
:105910008180D018704738B50D4614461146FFF700
:10592000F4FF2246294603F089F838BD10B50C462D
:105930000121FFF7EAFF047010BD10B50C460221EB
:10594000FFF7E3FF0470240A447010BD03460068AB
:10595000401A18609A880A449A80704703468288E1
:10596000521A828000680844186070470346006835
:105970009A88521A9A8001441960704710B50368DA
:105980001C880221FFF7EAFF204610BD02688068EC
:10599000101A704738B50446C588FFF7F7FF2D1A6F
:1059A000A088281A38BD93781B0203F4E06392F8AC
:1059B00003C04FEA0C3C0CF4805C43EA0C0392F801
:1059C00004C04FEA0C4C0CF4E02C43EA0C0392F8B0
:1059D00000C00CF0030C43EA0C0392F801C04FEA3C
:1059E0000C1C0CF0300C43EA0C0392F805C04FEA93
:1059F0000C5C0CF4801C43EA0C039279120602F052
:105A00008072134300EB0110C0F81835704748004E
:105A1000704740B344F22802904234D844F2030263
:105A2000904233D3A0F58043033B252B31D8DFE8E8
:105A300003F0133016303030301A303030301E3032
:105A40003030302230303030303030303030303064
:105A5000303030303030302600200870704701235D
:105A60000B700020704702230B7000207047032347
:105A70000B700020704704230B7000207047052333
:105A80000B70002070476FF0150070476FF0150025
:105A900070476FF01500704708B5BFF35B8F50E893
:105AA000003F5A1C40E800210029F8D1BFF35B8F6A
:105AB0001BB16FF00F03036708BDF4F74FFEFBE760
:105AC00008B50838FFF7E8FF08BD08B540304FF0CB
:105AD000FF324FF0FF33F8F767FC08BD10B50446FE
:105AE00058304FF0FF324FF0FF33F8F75DFC00B154
:105AF0002067206F10BD38B584460D4600F1740E46
:105B00000C460FCCAEE80F002368CEF8003000231F
:105B1000CCF870302B6853B10CF188040FCB84E8BB
:105B20000F00CCF874400023ACF8983018B96046E8
:105B3000F4F714FE38BD0023BFF35B8F5CE8002F41
:105B40004CE800310029F9D1BFF35B8F6046F4F7D0
:105B50001BFFEFE708B5836C03B108BD4030F8F7D1
:105B6000FBFBFAE710B50446436F0BB30846D4F8C5
:105B70008C3043B1B4F8982004F17401984701289F
:105B80000DD002280ED0B4F89830B4F89420934287
:105B900013D20133A4F8983000210B4604E0012110
:105BA000002301E00021012353B1D4F8883013BB56
:105BB00004F15800F8F7D0FB10BD00210123F3E7F2
:105BC0002046F4F7DDFDD4F888301BB92046F4F701
:105BD000C5FDF1E7BFF35B8F54E8003F5A1E44E870
:105BE00000210029F8D1BFF35B8F012BE4DD2046B3
:105BF000F4F7B4FDE0E704F1080002F056FDD7E742
:105C0000034619B101290CD000207047D3F81804BD
:105C1000C0F300407AB1D3F8183403F003031360E3
:105C20007047D3F80C04C0F3004022B1D3F80C3411
:105C300003F0010313707047006901EB4101890013
:105C4000383108447047406801EB410100EB8100A6
:105C500070470069C1EBC10100EB8100704708B5D6
:105C6000C9B2FFF7E9FF806800F0070008BDEFF355
:105C70001182402383F31288BFF36F8F036813F000
:105C8000C00301D08B4207D101230360002082F3BF
:105C90001188BFF36F8F70474FF0FF30F7E7EFF3D6
:105CA0001182402383F31288BFF36F8F036803F0E0
:105CB000C00C03F00703012B08D08C4509D04FF02E
:105CC000FF3082F31188BFF36F8F704701600020AF
:105CD000F7E76FF07700F4E7EFF31182402383F3E7
:105CE0001288BFF36F8F036803F0C00343F0020311
:105CF000036082F31188BFF36F8F7047F8B50646D3
:105D00000C46FFF799FF05684768002340F8083BF9
:105D1000FFF7E2FF1DB13A4621463046A847F8BDDD
:105D200070B506461546CCB22146FFF785FF2946D9
:105D30000830FFF79CFF002806DB21463046FFF7BE
:105D400082FF43689847002070BD08B58022FFF7A6
:105D5000E7FF08BD2DE9F041064690461F46CDB24B
:105D60002946FFF769FF044606990830FFF797FFB9
:105D7000002809DBC4F80080676029463046FFF739
:105D800062FF036898470020BDE8F08110B582B03B
:105D900080240094FFF7DEFF02B010BD10B514465A
:105DA000C9B2FFF756FF0021A04710BD08B501207A
:105DB000F7F700F808BD08B5012000F011FF08BD95
:105DC00008B5002000F00CFF08BD08B520EAE0701F
:105DD000C117C90341EA5041C00340F2E733C0187C
:105DE0004FF47A724FF0000341F10001DAF788FDB9
:105DF000F9F71CF808BD08B51046F8F7ADFA08BD6C
:105E000008B5F4F7DDFF0020F6F7D4FF08BD4278AF
:105E1000837890F803C09A1A3CEA020207D0C218AD
:105E20005171013303EA0C038370002070476FF057
:105E30006800704700230370437083700139C1709C
:105E4000027170470020704738B50C461546F0F7D0
:105E50006FF820B129462046EFF74EFA38BD6FF0B3
:105E60000A00FBE70B4639B11168196041688A42A4
:105E700009D00023136070471368036041688A42A9
:105E8000F7D14360F5E74360F3E708B50A460368D6
:105E9000002101E019461B682BB19342FAD1FFF7AC
:105EA000E1FF012000E0002008BDF0B51C46059E82
:105EB000069D00F01F0C40092FD14FF0A04E0CF5AD
:105EC000E0735EF8233059B301205AB302273843F8
:105ED00054B30C2738434EB34FF4E06738433DB317
:105EE0004FF44037384323EA000019B30B781AB354
:105EF0001278520013430CB3227892001343FEB180
:105F0000327812021343EDB12A781204134303438B
:105F10000CF5E07C4EF82C30F0BD4FF0000ECEE7D3
:105F20000020D2E70027D2E70027D3E70027D5E7F4
:105F30000027D7E70023DAE70022DBE70022DDE7CE
:105F40000022DFE70022E1E770B504460D46164661
:105F5000036833B1FFF799FF70B91EB96FF01500F0
:105F600006E032B123682B602560636843B10020EE
:105F700070BD6FF01500FBE7002EF3D10020F7E7AE
:105F800065600020F4E770B50E461546016821B142
:105F90000C683CB131B90C4604E00C4602E02346E3
:105FA00021461C4671B18A682A4002D04B683046AF
:105FB0009847002CF3D02368002BF1D0002CEFD1B0
:105FC0002346EDE770BD0069003818BF0120704717
:105FD00010F0100F04D110F0200F03D100207047F3
:105FE000032070470120704743685B68D3F8103581
:105FF0000B600020704743685B6802EA010021EAF9
:106000000201C3F80805C3F80C1500207047436867
:106010005B68C3F808150020704743685B68C3F8E5
:106020000C150020704743685A68D2F8043521EAFD
:1060300003000B40C2F80805C2F80C350020704779
:10604000B0F5800F07D0B1F1C06F0DD0B1F1007F76
:1060500008D001207047B1F1007F01D005207047C2
:1060600004207047022070470320704708B500697C
:106070000430FFF769FF08BD10B500F01F044009A8
:10608000F5F74CF830B1014600690122A240043016
:10609000FFF779FF10BD10B582B0044601AA00F0E9
:1060A0001CF8002805DB019B226819791868F5F7B0
:1060B0005DFB02B010BD10B5044600220121032093
:1060C000FCF730FC63680021D869FFF7E4FF002883
:1060D00002DB2046F5F738FA10BD10B443681360B0
:1060E00001E008331360136890F808C0446804EBBB
:1060F000CC0C634505D293F805C08C45F1D1002046
:1061000001E06FF001005DF8044B704700B5A2F5A7
:10611000807E4FEA9E0E4FF0010C0CFA0EFC1CEA3A
:10612000010F0DD0815809B900200AE000218150EB
:1061300082581BB11A684CEA02021A60012000E082
:1061400000205DF804FB70B582B006460D460024C1
:10615000019409E0A20001AB02F5A0722946304685
:10616000FFF7D4FF0134E4B2032CF3D915F0010F8B
:1061700002D0D6F8003143B915F0020F02D0D6F89C
:10618000043163B9019802B070BD0023C6F8003134
:10619000D6F80031019B43F001030193ECE70023A3
:1061A000C6F80431D6F80431019B43F00203019391
:1061B000E8E7401A20F07F40704700F150039B0051
:1061C0009BB203F1804303F588331868003818BF89
:1061D0000120704700F150039B009BB203F1804304
:1061E00003F5883300221A601B68704720F07F4057
:1061F0007047EFF3108072B6704780F310887047D5
:10620000F0B585B0044617461D46F5F775FB064602
:106210009DF8303002930B9B01930A9B00933A4602
:106220002B462046F5F736FC054631462046F5F765
:10623000B9FB284605B0F0BD08B5F5F70BFC08BD65
:1062400010B586B00092019300238DF80830089BAA
:106250000393099B049307238DF8143083689C688B
:106260000B4602226946A04706B010BD00B585B0B6
:106270008DF80F100193009201230DF10F02818818
:106280000068FFF7DDFF05B05DF804FB10B588B0CE
:106290008DF807200DF107020292012203920022DD
:1062A0008DF8102005930A9B069302228DF81C207E
:1062B00083689C680B4602A9A04708B010BD10B5C2
:1062C00086B00092019300238DF80830089B039359
:1062D000099B049307238DF8143083689C680B4650
:1062E00002226946A04706B010BD00B585B08DF802
:1062F0000F100193009201230DF10F0281880068B5
:10630000FFF7DDFF05B05DF804FB10B588B08DF830
:1063100007200DF1070202920122039200228DF85C
:10632000102005930A9B069302228DF81C20836897
:106330009C680B4602A9A04708B010BD03783E2B0D
:1063400003D0FF2B08D0002070478378022B01D0A8
:1063500000207047012070478378802B01D00020F7
:1063600070470120704738B505464FF0FF324FF0B7
:10637000FF330520EDF75EFD04466A8804322946A6
:106380000C30FFF7C8FA2046FCF772FE38BD38B56E
:10639000038A83B10446037E4BB1022B0ED1F6F77C
:1063A00057F8054665B92046FFF767FA08E0F6F7A3
:1063B0006DF80546F6E76FF0150501E06FF015057D
:1063C000284638BD10B500F0ACFB4FF0FF304FF061
:1063D000FF31F5F723FF044608B1204610BDDAF778
:1063E000B5FF044610B9F5F723FFF6E7F5F720FFF0
:1063F000F3E708B5DAF7CEFF60B9DAF7DFFF60B987
:10640000DAF7F0FF60B9DAF7FBFF60B9DBF706F8FF
:1064100060B908BD6FF08500FBE76FF08500F8E715
:106420006FF08500F5E76FF08500F2E76FF085000B
:10643000EFE708B5F6F774F908BD0F2303700423DE
:10644000437082700123C370818070474FF00E0C3F
:1064500080F800C0427001228270A0F803104371DE
:1064600070478F230370C02303717047012070476A
:10647000002303604360037943F020030371DBB220
:1064800043F040030371704700230380037843F017
:1064900001030370DBB243F002030370DBB243F08D
:1064A00020030370437843F001034370DBB243F0F1
:1064B00002034370DBB243F00403437070470023D0
:1064C0000360037843F001030370DBB243F002037F
:1064D0000370DBB243F004030370DBB243F0080344
:1064E0000370DBB243F010030370DBB243F0200310
:1064F0000370837843F002038370DBB243F0080338
:106500008370704708B5427810F8033B43EA0223D2
:106510001BB240F20642934205D040F21D42934224
:1065200004D0012008BDE6F7C0FBFBE7E6F7BFFBA0
:10653000F8E708B50346033093F801C01B7843EA37
:106540000C231BB240F6634C63452CD001F10601CD
:1065500016DC40F6034C634522D040F62D4C6345D3
:1065600005D1137803331370E6F756FA07E040F6C7
:106570000142934202D1E6F74AFA00E0012008BD49
:1065800040F67B4C634511D040F67C4C634505D109
:10659000137802331370E6F748FAF0E70120EEE7CC
:1065A000DBF720F8EBE7E6F739FAE8E7137804338E
:1065B0001370E6F738FAE2E708B503460330063110
:1065C00093F801C01B7843EA0C234FF60B4C63454C
:1065D0001CD94FF61D5C634500F28280B3F57D4FF8
:1065E00026D3A3F57D431D2B76D8DFE803F04C546A
:1065F000575A5D60757575637575667575757575D2
:10660000757569756F75757575757572B3F57C4FB0
:1066100001D8012008BDA3F57C43013B0A2B5DD8BE
:10662000DFE803F0080F5C5C5C275C5C17202A0045
:106630000120EFE713780C3313700846E6F7F7F9FB
:10664000E8E71378403313700846FFF71DFF00207A
:10665000E0E71378581C1070173313700846E6F7FC
:1066600003FAD7E71378203313700846E6F74EFA9B
:10667000D0E7E6F7F7F9CDE7137801331370084652
:10668000E6F795FAC6E71378403313700846FFF72C
:1066900016FF0020BEE7E6F7A0FABBE7E6F79FFA91
:1066A000B8E7E6F79EFAB5E7E6F79DFAB2E7E6F750
:1066B000A0FAAFE7E6F79FFAACE7E6F7A0FAA9E79A
:1066C000137804331370E6F79CFAA3E7E6F7A8FA09
:1066D000A0E7E6F7A7FA9DE701209BE7012099E7ED
:1066E000012097E710B504463022002102F0B4F9EA
:1066F000237843F020032370A37843F08003A37032
:10670000637943F040036371DBB243F0800363714C
:10671000A37A43F00403A372A37B43F00803A3739B
:10672000DBB243F02003A373E37B43F00203E37384
:10673000A37D43F00403A375637E43F001036376F6
:10674000DBB243F002036376DBB243F0040363760B
:10675000DBB243F010036376DBB243F020036376D1
:10676000DBB243F040036376DBB243F08003637631
:10677000A37E43F00103A376DBB243F00203A376CA
:1067800094F82D3043F0400384F82D30A37E43F07D
:106790004003A376DBB243F08003A376E37E43F0AD
:1067A0000103E376DBB243F00203E376DBB243F0AE
:1067B0001003E376DBB243F02003E376DBB243F071
:1067C0004003E376DBB243F08003E376237F43F0BC
:1067D00002032377DBB243F004032377DBB243F0F9
:1067E00008032377DBB243F010032377DBB243F0D7
:1067F00020032377DBB243F04003237794F8203063
:1068000043F0100384F82030DBB243F0200384F817
:10681000203094F8213043F0400384F82130DBB27B
:1068200043F0800384F8213094F8223043F00103D0
:1068300084F8223094F8233043F0080384F823309E
:10684000DBB243F0100384F82330DBB243F02003C3
:1068500084F82330DBB243F0400384F82330DBB20A
:1068600043F0800384F8233094F8243043F001038C
:1068700084F8243094F8263043F0800384F82630DE
:1068800094F8223043F0020384F82230DBB243F064
:10689000040384F8223094F8293043F0040384F888
:1068A000293010BD08B50346881D93F801C01B7838
:1068B00043EA0C231BB2A3F58053013B082B20D8DD
:1068C000DFE803F0050B121F1F1F1F1F19001378AD
:1068D00008331370E6F7A8F914E013784033137007
:1068E000FFF700FF00200DE0137808331370FFF767
:1068F000BFFD002006E0137806331370E6F796F923
:1069000000E0012008BD002303604360037843F0EA
:1069100001030370DBB243F004030370DBB243F006
:1069200008030370DBB243F010030370DBB243F0E3
:1069300020030370437843F001034370DBB243F05C
:1069400040034370704708B503460330063193F89F
:1069500001C01B7843EA0C231BB2A3F50053013B93
:106960007B2B00F2D880DFE803F03E4148D650533D
:10697000565D6063D6D6D6D669707376D6D6797FE3
:106980008288D68F959BD6D6D6D6D6A3A9B0B3B6D5
:10699000D6D6D6D6D6D6D6D6BCC3C9CCD6D6D6D6DB
:1069A000D6D6D6D6D6D6D6D6D6D6D6D6D6D6D6D687
:1069B000D6D6D6D6CFD6D6D6D6D6D6D6D6D6D6D67E
:1069C000D6D6D6D6D6D6D6B9D6D6D6D6D6D6D6D684
:1069D000D6D6D6D6D6D6D6D6D6D6D6D6D6D6D6D657
:1069E000D6D6D6D6D666E6F723F995E013780333E4
:1069F00013700846E6F721F98EE013780833137018
:106A00000846FFF780FF002086E0E6F718F983E0EC
:106A1000E6F717F980E01378013313700846E6F7BC
:106A200012F979E0E6F711F976E0E6F710F973E08C
:106A3000E6F70FF970E0E6F736F96DE01378013309
:106A400013700846E6F707F966E0E6F706F963E033
:106A5000E6F705F960E0E6F704F95DE0137807333F
:106A60001370E6F700F957E0E6F7FFF854E0137803
:106A700010331370E6F7FBF84EE013780833137009
:106A80000846E6F7F6F847E0137802331370E6F7A6
:106A9000F2F841E0137802331370E6F7F0F83BE0C8
:106AA0001378083313700846FFF7DBFC002033E04F
:106AB000137802331370E6F7E6F82DE01378043309
:106AC00013700846E6F7E1F826E0E6F7E0F823E081
:106AD000F6F75EF820E000F025F81DE000F027F85A
:106AE0001AE01378083313700846E6F7D2F813E07B
:106AF000137804331370E6F7CEF80DE0E6F7CDF81F
:106B00000AE0E6F7CCF807E0137802331370084682
:106B1000E6F7C7F800E0012008BD08B5F5F7F8FF73
:106B200008BD704708B50021F6F74AF808BD90F88F
:106B30004010012903D808B5F6F742F808BD122025
:106B4000704701207047684620F007018D4601B567
:106B5000E2F78CFCECF73AF9BDE801408546704756
:106B6000684620F007018D4601B5E2F739FCBDE823
:106B7000014085467047684620F007018D4601B503
:106B8000E1F774FEECF722F9BDE801408546704755
:106B900010B5F6F74DF8044608B1204610BD0122A5
:106BA00000210820FBF7BEFE012200210B20FBF78D
:106BB000B9FE012200211046FBF7B4FEEDE708B54F
:106BC0004FF0FF304FF0FF31F5F728FBE9F71AF8E7
:106BD000F5F72EFB08BD08B5E8F750FF002008BD0B
:106BE000012800D0704708B5E1F7F2FE08BD7047F4
:106BF00008B5E1F73FFF08BD0020704710B50469F4
:106C00003B2901D00C2904D1E5F742F9206000208E
:106C100010BD6FF08500FBE74FF08053D3F83031A3
:106C2000B3F1FF3F03D0062B06D0002070474FF092
:106C3000704393F8E03FF6E7012070474FF0704350
:106C400093F8E02FD3F8E83FC3F30313062A01D0EB
:106C500000207047033B002B04D8DFE803F001005D
:106C600001207047002070474FF08053D3F8303137
:106C7000B3F1FF3F03D0062B06D0002070474FF042
:106C8000704393F8E03FF6E7012070474FF0704300
:106C900093F8E02FD3F8E83FC3F30313062A01D09B
:106CA00000207047033B002B04D8DFE803F001000D
:106CB00001207047002070474FF08053D3F83031E7
:106CC000B3F1FF3F03D0062B06D0002070474FF0F2
:106CD000704393F8E03FF6E7012070474FF07043B0
:106CE00093F8E02FD3F8E83FC3F30313062A01D04B
:106CF00000207047033B002B04D8DFE803F00100BD
:106D000001207047002070474FF0704393F8E02F48
:106D1000D3F8E83FC3F30313062A01D000207047DD
:106D2000033B002B04D8DFE803F00100012070478B
:106D3000002070474FF08053D3F83031B3F1FF3F5C
:106D400007D04FF08052D2F83421062B0AD0002011
:106D500070474FF0704292F8E03FD2F8E82FC2F34C
:106D60000312F2E7033A012A04D8DFE802F0010136
:106D700000207047012070474FF08053D3F8303126
:106D8000B3F1FF3F03D0062B06D0002070474FF031
:106D9000704393F8E03FF6E7012070474FF08053CF
:106DA000D3F83031B3F1FF3F03D0062B06D00020DB
:106DB00070474FF0704393F8E03FF6E701207047CB
:106DC0004FF08053D3F83021D3F83431062A01D064
:106DD00000207047052B03D8032B03D300207047F6
:106DE00001207047012070474FF08053D3F83021C5
:106DF000D3F83431062A01D000207047062B03D87F
:106E0000032B03D3002070470120704701207047F7
:106E100008B5FFF7E9FF38B14FF01023D3F8082287
:106E20004FF08043C3F8582508BD08B5804708BD1A
:106E300008B500F03BFD08BD10B401F5A27150F893
:106E4000214024F4473424F4407440F8214050F8A1
:106E50002140120202F4F8521B0403F440331A4397
:106E6000144340F821405DF8044B704710B401F51D
:106E7000A27150F8214024F4981424F4F85440F8F6
:106E8000214050F82140120202F4F8521B0403F48E
:106E900040331A439DF804301B0503F480131A4352
:106EA000144340F821405DF8044B704700B5A2F54B
:106EB000807E4FEA9E0E4FF0010C0CFA0EFC1CEA8D
:106EC000010F0DD0815809B900200AE0002181503E
:106ED00082581BB11A684CEA02021A60012000E0D5
:106EE00000205DF804FBF0B583B005460E4617465A
:106EF0000024019409E0E2B2920001AB02F5807235
:106F000031462846FFF7D2FF0134BC42F3D301AB30
:106F10004FF4BE7231462846FFF7C8FF019803B010
:106F2000F0BDF0B51C46059E069D00F01F0C400903
:106F30002FD14FF0A04E0CF5E0735EF8233059B31B
:106F400001205AB30227384354B30C2738434EB3B9
:106F50004FF4E06738433DB34FF44037384323EAFA
:106F6000000019B30B781AB31278520013430CB314
:106F7000227892001343FEB1327812021343EDB12E
:106F80002A781204134303430CF5E07C4EF82C30AE
:106F9000F0BD4FF0000ECEE70020D2E70027D2E789
:106FA0000027D3E70027D5E70027D7E70023DAE754
:106FB0000022DBE70022DDE70022DFE70022E1E735
:106FC00000B585B08DF80F100DF10F03019300216E
:106FD00000910B460A46FFF7A4FF05B05DF804FBDD
:106FE000C0B2704738B50D460079F6F7B3F80446DD
:106FF0002846FFF7F5FF083034F8100000F00100D4
:1070000038BD38B50D460079F6F7A4F80446284691
:10701000FFF7E6FF083034F81000C0F3401038BD29
:1070200038B50D460079F6F795F804462846FFF77F
:10703000D7FF083034F8100010F01C0018BF0120F2
:1070400038BD38B50D460079F6F784F80446284671
:10705000FFF7C6FF083034F81000C0F3400038BD19
:1070600038B504460D46FFF7ECFF30B129462046FF
:10707000FFF7C7FF18B1012000E0002038BD002055
:10708000FCE708B5FFF7DDFF80F00100C0B208BDE6
:107090007047704738B50D460079F6F75BF804463F
:1070A0002846FFF79DFF083034F81000400B38BD2C
:1070B000032894BF00200120704770B506460D4696
:1070C000002404E04FF0FF33AB4211D001341F2CF9
:1070D0000CD83079F6F73EF804F1080330F8133095
:1070E00013F4807FEED0C3F34323EDE7002000E0EC
:1070F000012070BD38B504460D46FFF782FFB8B1D8
:1071000029462046FFF7BDFF90B129462046FFF7EC
:10711000C1FF226801238340C2F80833226800F5CA
:10712000A27052F8203023F0030342F8203003E02D
:1071300000212846FFF744FF38BDF8B506460F4644
:1071400015460024002C03DD4FF0FF342046F8BD27
:107150003079F5F7FFFF50F83430BB4201D00134ED
:10716000F0E700EBC4035B68AB42F8D1EEE738B55B
:107170000C460079F5F7EEFF05462046FFF730FF95
:10718000083035F81030C3F38203042B11D0052BDF
:1071900011D004F01F02640909D14FF0A043D3F8C5
:1071A0001035D34013F0010F07D0032002E0002375
:1071B000F5E7032038BD0220FCE70220FAE710B50E
:1071C00004460846FFF70CFF083034F8103013F47B
:1071D000807F04D0C3F3432304EBC30010BD002021
:1071E000FCE770B504460E4615460079F5F7B2FF88
:1071F00086602079F5F7AEFFC56070BD08B50079EF
:10720000F5F7A8FF90F86000003818BF012008BD0E
:1072100070B504460D4616460368D3F80423002AC9
:1072200003DB4FF00042C3F8042329462046FFF752
:10723000E8FE00B329462046FFF723FFD8B12946D0
:107240002046FFF727FF2268830003F580739BB277
:10725000002199509B58226800F5A27152F8213004
:1072600043F0010342F821306EB1226801238340CC
:10727000C2F8043307E029462046FFF778FF0146AD
:107280002846FFF79DFE70BDF8B504460D4616462C
:10729000FFF795FF20B10768426831462846B84796
:1072A000A3681BB1E268314628469847F8BDF8B597
:1072B00007460E4614461D461046FFF7F9FE60B914
:1072C000022D28D002213046FFF77AFE032C26D06B
:1072D000022D22D0032D28D0F8BD22463146384653
:1072E000FFF7D2FF06F01F03720912D14FF0A04240
:1072F00003F5E07352F82330C3F301439D42EBD111
:1073000000213046FFF75CFE29463046FFF758FE65
:10731000E2E70022ECE70321D5E7012CDAD122468F
:1073200031463846FFF7B0FFD6E7022CD4D1F6E756
:107330000023D3B10020704711F0010F0ED01AE0E6
:107340004FF0A04CDCF820454EF8044BCCF820451B
:1073500001325C1CA242F3D3425922B90133002B03
:10736000EAD0002030BD0120FCE711F0010F01D16F
:107370000133DEE730B59D001A4600EB830EE8E7E7
:1073800010B50C460079F5F7E5FE21465430F5F7C7
:1073900085FE10BD70B505460846FFF721FE044680
:1073A0002879F5F7D7FE04F1080330F8133013F409
:1073B000807F0BD0C3F34326083423F4F85320F81E
:1073C000143031462846FFF778FE00B170BD2879A9
:1073D000F5F7C0FE002340F836302879F5F7BAFEFD
:1073E00031465830F5F77EFEF0E770B504460D469D
:1073F000FFF707FE48B1266829462046FFF74AFEF8
:1074000000F5A270002346F8203029462046FFF7F9
:10741000C1FF2079F5F79EFE04462846FFF7E0FD00
:107420000830002324F8103070BD10B50C460079E8
:10743000F5F790FE21465430F5F754FE10BD70B5B7
:1074400004460D461E4604984FF0000C01E00CF176
:10745000010C84450ED25FFA8CF2920002F5807125
:107460009208012303FA02F21542F0D00023635080
:107470006358ECE7002D04DA0023C4F87C31D4F81B
:107480007C3144F30730FBF743FA0EB1C4F80453E0
:1074900070BD2DE9F04182B080460F460023019374
:1074A000C96D01A8FFF744FF002676B13A6D4FF091
:1074B00000414046FFF717FDF96D01A8FFF738FFBF
:1074C0000028F1D102B0BDE8F08197F85C3013F0EC
:1074D000010F10D10136E8E7002405F5E07354F8F8
:1074E0002330C3F3014329463846FFF7E0FE01236A
:1074F000AB40C4F8203502AB03EB860353F8044CD1
:10750000002CE7D094FAA4F4B4FA84F404F01F0534
:107510002846FFF765FD083037F81020C2F38202D5
:1075200001AB03EB86034FEAD40C04F0070413F815
:107530000C100120A04021EA000103F80C106B0997
:10754000CAD14FF0A044C8E7F8B506460F46144626
:1075500018E094FAA4F3B3FA83F301229A4024EAE0
:10756000020403F5A27356F82350C5F3042556F818
:107570002300C0F30140FFF78BFD02462946384641
:10758000FFF782FE002CE4D1F8BD70B505460E462B
:10759000D0F80413C9B2326D41F00041FFF7A3FCEB
:1075A000041E05DB224631462846FFF7CDFF70BD9D
:1075B00031462846FFF76DFF24F00044F2E708B596
:1075C000F5F7A8FE08BD08B5F5F7C8FD08BD08B574
:1075D000FFF707FE08BD08B5F5F73CFE08BD08B586
:1075E000F5F768FF08BD08B5FFF708FE08BD08B548
:1075F000F5F746FF08BD08B5FFF717FF08BD08B54A
:10760000FFF7BEFE08BD08B5FFF702FE08BD08B5CE
:10761000FFF770FD08BD4A6B8B6A9A4207D00023C2
:10762000C0F800350522C0F8002518467047012033
:10763000704703464A6B886A824205D2496A8A5C6F
:10764000C3F81C250120704791F82C0030B90A6A54
:1076500012F0400F06D10120586170470122DA6113
:10766000002070470122DA6181F82D20704784469E
:107670004B6B8A6A934229D24A6AD0F81805D054D3
:107680004B6B01334B638A6A501E834207D093428F
:107690000DD0934211D00120CCF820007047086A29
:1076A00010F0400FF3D10223CCF80032F3E7086A60
:1076B00010F0400FEDD1012070470B6A13F0400F1E
:1076C000E9D0022381F82D30002070470120704757
:1076D00070B504460D46D0F80431CBB10023C0F894
:1076E0000431D0F80431012695F82F3093B10023EE
:1076F000C4F82431D4F82421C4F81C31D4F81C2156
:10770000C4F80831D4F80831002E4CD1012070BDE6
:107710000026E9E7D4F824314BB10023C4F8243122
:10772000D4F824310123636185F82F30ECE7D4F8D5
:107730001C31DBB10023C4F81C31D4F81C316B6B55
:1077400001336B63D4F824314BB10023C4F82431E6
:10775000D4F824310123636185F82F30D4E729461A
:107760002046FFF766FF0028CED1D0E7D4F80831D5
:10777000002BC9D00023C4F80831D4F80831D4F85C
:1077800024314BB10023C4F82431D4F8243101232F
:10779000636185F82F30B7E729462046FFF767FF7A
:1077A0000028B1D1B3E7002385F82D3095F82F30AC
:1077B0000BB10020ABE729462046FFF72CFF80F0F5
:1077C000010085F82F00F4E770B586B005460C4639
:1077D000FFF77EFF00285ED194F82F6026B9227B48
:1077E000931EDBB2012B17D90DF1040C04F10C0E22
:1077F000BEE80F00ACE80F00DEF80030CCF8003037
:10780000C6B3D5F8C434C5F8C43413F0020F1FD082
:1078100001238DF8003030E0616AA3699942E3D119
:10782000E36963626369A362236AC3F3401384F864
:107830002C30002384F82D30032A04D0214628461A
:10784000F5F7E0FE27E021462846F5F77DFE22E029
:1078500013F0040F03D002238DF800300DE013F075
:10786000010F03D003238DF8003006E004238DF8C8
:10787000003002E000238DF80030002384F830301F
:10788000236A13F0040F02D094F82F301BB1236841
:1078900061686846984706B070BD08B5F6F7AAF863
:1078A00008BD08B5FFF7F9FF002008BD00B9704713
:1078B00008B5ECF7A5F908BD60B1C3685A7812F0B5
:1078C000010F03D01B781BB10020704700207047C8
:1078D0000120704700207047EFF31183402383F3AA
:1078E0001288BFF36F8FFEE710B5446803688BB151
:1078F0002046984730B100280ADBFF2800DDFF2032
:10790000E3681870E268537843F00103537010BDC8
:107910004042F2E70020F5E708B501F09DF808BD08
:1079200008B501F08BF808BD10B500F10C04C46077
:107930000461F9F75CFE10BD2DE9F04F89B00646F1
:107940008A469146129D139C2A46234606A800F0BB
:1079500035FEDDE90623CDE9022306F1140BEFF332
:107960001181402383F31288BFF36F8F4FF000081B
:107970004746CDF814B08B4615E0DDE9022306A892
:1079800000F052FE069D079C0095019406F10C0242
:1079900059460598F7F7B6F8EFF3118B402383F3B8
:1079A0001288BFF36F8F77B94A4651463046F9F7D0
:1079B000A7FD074638B9254305D0B8F1000FDCD143
:1079C0004FF00108D9E78BF31188BFF36F8F38466A
:1079D00009B0BDE8F08F70B5044600F11406EFF36E
:1079E0001185402383F31288BFF36F8FF9F744FDAD
:1079F00004F10C0000F019FD20B985F31188BFF3E4
:107A00006F8F70BD29463046F7F7F4F8F9E7426901
:107A100083681A4312F003020DD10021C16005E012
:107A2000C1681960C36041690B4401320169914228
:107A3000F6D8002070476FF015007047F8B504467F
:107A40000D46EFF31186402383F31288BFF36F8F47
:107A5000C36853B1E3682B60E560A369013BA36190
:107A600086F31188BFF36F8FF8BD00F1080700F0AF
:107A700082FC0028EED00022C0F8B020456100F062
:107A8000CFFB31463846F7F7B5F8EDE708B5EFF329
:107A90001183402383F31288BFF36F8FFAF768FFD7
:107AA000F5E700BF7047884200DA014611F17F0F09
:107AB00001DB084670476FF07E00704708B58068AC
:107AC00090F90E308B4201D1002008BDF7F736F84F
:107AD000FBE70B6803F003030B60426832B11368E5
:107AE00003F003030B431360416070474160016082
:107AF000704708B591B18C460B6823F00301032B46
:107B000018D9136803F003030B431360DCF800304B
:107B100003F003031343CCF8003008BD0168136879
:107B200003F003030B43136002604368002BF4D19E
:107B30004260F2E71146FFF7CCFFEEE708B50022FE
:107B4000C0F8B020416100F06BFB08BD2DE9F8439F
:107B500004460E4615461F469DF8203000F10808E1
:107B6000EFF31189402282F31288BFF36F8F03B1C4
:107B70004668404600F0FFFB98B9DFB900232B6050
:107B80002A4631462046FFF7B4FF042104F11000D5
:107B900000F02CFF49464046F7F72CF80020BDE8DE
:107BA000F8832946FFF7CAFF49464046F7F722F80F
:107BB0000020F4E708210020F7F7B6FC20B145606B
:107BC000012202600546DBE789F31188BFF36F8F5E
:107BD0006FF00B00E3E760B1036813F0030F08D008
:107BE00010B5446809B9204610BD00F01EFF2046BC
:107BF000FAE7704700230360436000F108038360E5
:107C0000C36000F1100303614361704700B583B0A6
:107C10000A460123009300231946FFF797FF03B09C
:107C20005DF804FB00B583B00A46002100910B46C5
:107C3000FFF78CFF03B05DF804FB08B50021006876
:107C4000FFF7C9FF08BD5AB18A420CD38160C260F8
:107C50000060406000F11003036143610020704741
:107C60006FF0150070476FF0150070470B4621B19B
:107C7000096851B111601A607047036813600260AF
:107C80004368002BF8D142607047002313604368BB
:107C900013B11A60426070474260026070470B4641
:107CA00039B11168196041688A4209D00023136014
:107CB00070471368036041688A42F7D14360F5E773
:107CC0004360F3E708B50A460368002101E019465E
:107CD0001B682BB19342FAD1FFF7E1FF012000E0CE
:107CE000002008BD704708B5CB6823F00402CA60C5
:107CF00013F0040F00D108BDF830FFF7E3FFFAE7F7
:107D000010B50446C36813F0020F09D0E36813F0FE
:107D10001F0004D043F00202E26040F0020010BDF8
:107D200001468068FFF7DFFFF0E738B108B50022B1
:107D3000114600F5807000F0B2FB08BD00207047CE
:107D400070B50D46C36813F0020F22D1044613F03C
:107D5000040F23D10B68ABB1E36813F0010F14D00B
:107D6000A3682B60022621462868F6F761FB0028ED
:107D700011DBE36843F00403E3602B68A36036B1D2
:107D800030460AE083680B60E6E70126EBE7304601
:107D900001E06FF00F0000232B6070BD0020FAE7B8
:107DA00010B582B00346EFF31184402282F31288AB
:107DB000BFF36F8F0022019250F8042C22F00801CB
:107DC00040F8041C12F0080F05D184F31188BFF3AA
:107DD0006F8F02B010BD10389B69019301A9FFF7A6
:107DE000AFFFF2E708B5EFF31180402383F3128869
:107DF000BFF36F8FF6F732FF08BD10B50246C468B7
:107E000014F0020FC4F3400401D1204610BD08460F
:107E10001146F6F74BFBF8E708B5C36823F01003EB
:107E2000C3601030F6F798FA08BD08B5C36823F0B0
:107E30000802C26013F0080F01D1002008BD103005
:107E400000F097FBB0FA80F04009F7E710B5044660
:107E5000FFF7EBFF2046FFF753FF10BD0023036041
:107E600043608360C36041607047F8B506460D46C5
:107E70001746D0F8F8304BB1AB4215D01C461B6802
:107E8000002BF8D0002CF6D12346F4E70024384626
:107E9000F6F7EAFB54B9D6F8F8303B60C6F8F8704C
:107EA000D6F8FC304BB1F8BD0124F0E73A4629463C
:107EB00006F1F800FFF7DAFEF5E7C6F8FC70F2E726
:107EC00038B5C36803F00503002B14BF0124002458
:107ED00001D1204638BD85680A4601462846FFF78D
:107EE000C4FF2846FFF721FFF3E710B582B00190E9
:107EF0000846EFF31184402383F31288BFF36F8F9A
:107F000001A9FFF71DFF84F31188BFF36F8F02B043
:107F100010BD10B5FFF7E9FF041E01DC204610BDBF
:107F2000FFF760FFFAE770B50D46EFF311864023C7
:107F300083F31288BFF36F8FFFF7C2FF044686F307
:107F40001188BFF36F8F08B9204670BD05F110008E
:107F50004FF0FF324FF0FF33F6F726FAF4E708B59B
:107F60004FF48C72002100F077FD08BD38B504464F
:107F70000D463022002100F06FFD65604FF48073E4
:107F8000E36038BDEFF31183402282F31288BFF320
:107F90006F8FC06800F01F0083F31188BFF36F8FED
:107FA000704710B582B00190EFF31184402080F348
:107FB0001288BFF36F8FC86810F01E0F06D0002024
:107FC00084F31188BFF36F8F02B010BD01A8F6F7DC
:107FD00031FBF5E7F0B583B001900C4616461D461F
:107FE000EFF31187402383F31288BFF36F8F0846A6
:107FF000FFF71BFF32462B46214601A8F6F71AFB76
:1080000087F31188BFF36F8F03B0F0BD10B5EFF3A6
:108010001184402383F31288BFF36F8FFFF716FF9D
:1080200084F31188BFF36F8F10BDF8B50D46EFF3E1
:108030001187402383F31288BFF36F8FC36803F067
:108040001F03002B14BF0126002607D1002087F351
:108050001188BFF36F8F48B93046F8BD0446FFF76B
:10806000F5FE29462046FFF7C8FEF0E705F10800B7
:108070004FF0FF324FF0FF33F6F796F9ECE7EFF3EE
:108080000580003818BF01207047F8B50546D31D9C
:1080900023F00703BF3323F07F0301F14007A3F16F
:1080A00040063F2B07D8002282F31188BFF36F8F61
:1080B0000422104602DFCC1821462846EAF772FE59
:1080C000073020F00700C5F89870C5F89C60C5F827
:1080D000A000201AF8BD7830704708B5F6F7A0FD6B
:1080E00008BD10B400248460037342738173C473A9
:1080F0008461C4615DF8044B7047F0B587B00446F5
:10810000129E139D00270597109F04970F9F0397BA
:108110000E9F02970D9F01970C9F0097F6F7EEFABE
:10812000B5F1FF3F08BFB6F1FF3F02D1204607B0CF
:10813000F0BD32462B462046F6F7D2FAF6E700208D
:1081400070474268036813605A600023036043600D
:10815000427B22F0020242738360704708B5EBF75E
:10816000D7F908BD90F90E3091F90E00834201D085
:10817000C01A70470020704770B506463468A642A2
:1081800016D0ACB16268236813605A600025256080
:108190006560637B23F002036373A56004F118003C
:1081A00000F0E7F9C4F8B0502046F6F75BFBE5E7CE
:1081B00070BD70B505460E46F6F728FB6B7B43F0A5
:1081C00002036B73FEB1AE603468A64208D100248E
:1081D00006E063686B602C601D60656013E000243E
:1081E00064B121462846FFF7BDFF0028F1DC002CD2
:1081F000F6D073689C42F2D02468F1E773682E6071
:108200006B601D60756070BD70B5044616461D46F6
:10821000FFF7CFFF32462B462046F6F713FB70BD23
:1082200038B504460023EFF31185402282F312880B
:10823000BFF36F8F04E085F31188BFF36F8F0123C5
:1082400043B92046FFF77BFF0028F4D12046F6F71C
:1082500009FBF0E738BD10B50446183000F089F985
:10826000EFF31181402383F31288BFF36F8F637B99
:1082700013F0100F04D081F31188BFF36F8F10BD7E
:1082800000222046F6F7BCFBF9E738B50446002388
:10829000EFF31185402282F31288BFF36F8F04E061
:1082A00085F31188BFF36F8F012333B9A368002BC7
:1082B000F6D02046FFF745FFF2E738BD70B504461B
:1082C0000E460023EFF31185402282F31288BFF39C
:1082D0006F8F07E02046F6F7C5FA85F31188BFF3E4
:1082E0006F8F0123DBB9637B13F0280FF5D1A368EF
:1082F0005BB16268236813605A6000232360636087
:10830000627B22F002026273A360637B23F00402AB
:108310006273002EDED023F014036373DAE770BDBE
:1083200008B501211838FFF7C9FF08BD0146002331
:10833000EFF3118C402282F31288BFF36F8F18463F
:1083400005E000208CF31188BFF36F8F01238BB9F8
:1083500008688142F5D00028F4D0426803681360B1
:108360005A60002303604360427B22F002024273A2
:108370008360E7E7704770B505460023EFF3118689
:10838000402282F31288BFF36F8F1C4605E0002461
:1083900086F31188BFF36F8F0123ABB92C68A54218
:1083A000F5D0002CF4D06268236813605A60002373
:1083B00023606360627B22F002026273A36004F1B7
:1083C000180000F0D6F8E3E7204670BD08B500239A
:1083D000EFF31181402282F31288BFF36F8F04E024
:1083E00081F31188BFF36F8F01237BB98368002B62
:1083F000F6D04268036813605A600023036043604C
:10840000427B22F0020242738360E9E7183000F0F9
:10841000B0F808BD08B5EFF31180402383F312884C
:10842000BFF36F8FF6F71AFC08BD38B5054600207C
:108430002C68A54208D03CB12046FFF7C7FF204674
:10844000FFF7EEFE0120F3E738BD031D43608360B4
:10845000704708B5EFF31181402383F31288BFF30F
:108460006F8F037B13F0010F08D1437B13F0080FCC
:1084700011D081F31188BFF36F8F0BE081F3118866
:10848000BFF36F8F002383F31188BFF36F8F042333
:10849000184602DF08BD0122F6F7B2FAFAE72DE925
:1084A000F0410546884617460023EFF31186402227
:1084B00082F31288BFF36F8F184604E086F31188A9
:1084C000BFF36F8F0123F3B92C68A542F6D0002CBF
:1084D000F4D0C4F8B08067616268236813605A60A2
:1084E00000232360636094F80DC02CF0020C84F824
:1084F0000DC0A36004F1180000F03BF82046F6F729
:10850000B1F90120DAE7BDE8F08110B50446F6F7CD
:10851000ABFD48B102460369416920691B186069D7
:1085200041EB0001136151616268236813605A6076
:1085300000232360636010BD10B5F6F78BFD044681
:10854000F6F79EFD7CB1236962691B1A62EBE0724B
:10855000B3F1004F72F1000108DA002A01DB18467E
:1085600010BD0023FBE76FF00040F9E76FF000401B
:10857000F6E770B504460023EFF31186402282F33C
:108580001288BFF36F8F6FF0150004E086F3118837
:10859000BFF36F8F01231D463BB92368002BF5D035
:1085A0002046FFF7B2FF2846F0E770BD08B5F6F7A2
:1085B0005BFE08BD08B5F6F757FE08BD70B5064668
:1085C000B3F1FF3F08BFB2F1FF3F09D015461C468B
:1085D00053EA02010CD100220023C0E9002305E088
:1085E0004FF0FF324FF0FF33C0E90023304670BD3B
:1085F0006FF00101891A4FF0FF3262EB0303002B89
:1086000002DB01604360F1E7F6F72EFE2B462246BF
:10861000012D74F1000401DA01230022C01841EB9E
:10862000020130607160E1E7F8B50546B3F1FF3F44
:1086300008BFB2F1FF3F0AD014461F4657EA0203B3
:108640000CD100220023C0E900232846F8BD4FF0DA
:10865000FF324FF0FF33C0E90023F6E7F6F704FEE0
:1086600003460A46A042B94105D2E61A67EB020268
:108670002E606A60E9E700263246F9E708B5EFF3B5
:108680001180402383F31288BFF36F8FF6F7E6FA69
:1086900008BD016242620023036300F11802826197
:1086A000C261036043604363704710B50446FFF73F
:1086B00060FF60B9636A0BB12046984704F1180067
:1086C000FFF734FE18B1FFF7ABFDFFF7D7FF10BD82
:1086D000437B03F03F03013B072B26D8DFE803F081
:1086E0001404250D2525251C03699B680BB9002062
:1086F000704702230B600120704703691B68B3B108
:1087000004230B600120704703699B680BB90020AC
:10871000704701200860704703691B6A0BB900208D
:10872000704710230B600120704700207047002025
:10873000704708B160387047704700238360437BFF
:1087400003F03F03082B0ED84FF48B7222FA03F389
:1087500013F0010F07D003682BB1426813605A6011
:10876000002303604360704770B50646144611E06D
:1087700005EB850006EB8000FFF7DFFF84F311882F
:10878000BFF36F8FEFF31184402383F31288BFF39D
:108790006F8F29464D1E0029EAD170BD2DE9F041A9
:1087A00005460E460368984215D01446436893B1B7
:1087B0009868FFF7BEFF80462046FFF7BAFF0746DE
:1087C00001464046FFF7CEFC002804DC2C68A54299
:1087D0000FD100240DE06B68356073601E606E6021
:1087E000BDE8F0816368736034601E606660F7E71F
:1087F00000249CB1A068FFF79CFF01463846FFF7B4
:10880000B1FC0028EEDC22466B689C42F0D0246864
:10881000002CEED0002AECD11446EAE76B683560F4
:1088200073601E606E60DBE738B504460D46437B1F
:1088300003F03F03013B072B0BD8DFE803F01304E1
:108840000A0C0A0A0A1900690A4621461030FFF785
:10885000A5FFA56038BD00690A4621461030FFF724
:108860009DFFF6E70A4601460069FFF797FFF0E72C
:1088700000690A4621462430FFF790FFE9E72DE919
:10888000F04F83B080460F4691469A460025AB468E
:108890000AE0BAF1000F02D199F8003023BB86F349
:1088A0001188BFF36F8F0135BD4224DAEFF31186D3
:1088B000402383F31288BFF36F8F05EB850408EB29
:1088C000840401A92046FFF703FF0028E1D000211E
:1088D000A160E368C3F386320198024362F39433E4
:1088E000E36089F80010DAE749462046FFF79CFF6D
:1088F0000BF1010BD3E7584603B0BDE8F08F38B554
:108900000D468068FFF715FF437B13F0020F01D17E
:10891000002038BD0446FFF759FD082D0AD000237A
:10892000C4F8B030637B13F01F0F08D1A36923B1E3
:10893000002305E06FF00303F2E7012300E00023CA
:10894000002BE5D02046FFF76BFCE1E770B58468AB
:10895000237873B154F8045C5DB1A4F1140604F1FA
:108960001400FFF706FE0023E36231462846FFF7B6
:10897000BCFA002070BD70B504460D468668D6B1BD
:108980007378012B0DD0022B12D000203070002301
:10899000A360E368C3F386322A4362F39433E3604F
:1089A00070BDFFF7ACFF002333709842EFDAF7E7B2
:1089B000FFF7CCFFF7E70020E9E710B4002484605C
:1089C00090F80DC061F3050C80F80DC0C16864F328
:1089D0009431C160817B62F345118173C28964F374
:1089E0008F12C28103615DF8044B704710B50346D6
:1089F000EFF31184402282F31288BFF36F8F006877
:108A0000834208D04268036813605A600023036001
:108A10004360FFF7B0FF84F31188BFF36F8F10BD81
:108A20000060406000238360704730B108B5011FCB
:108A300050F8040CFEF7CFFF08BD70470A4491427E
:108A400000F1FF3300D1704710B511F8014B03F866
:108A5000014F9142F9D110BD02440346934200D127
:108A6000704703F8011BF9E710B501390244904241
:108A700001D1002005E0037811F8014FA34201D095
:108A8000181B10BD0130F2E710B50139044632B1B0
:108A900011F8013F00F8013B013A002BF7D100210A
:108AA000FFF7DAFF204610BD10B5024601448A42A6
:108AB000134603D01C780132002CF8D1181A10BDCF
:108AC0002DE9F047C3F13709074688465FFA89F96F
:108AD00003F01F0516464FF0000A384641462A4665
:108AE0005346D7F70DFFD4B2092C88BF4C443A4601
:108AF000434688BFE4B2AA4204F1300473EB0A0390
:108B000006F8014B07468846E7D23046BDE8F087B5
:108B10002DE9F04F89B00618994604AB41EB0104EA
:108B2000009315463046D2E900232146DDF84CB0CB
:108B300000F0ABF806AB0093D5E902230746884660
:108B40003046214600F0A1F8DDE90463841951EBB9
:108B50000306069BD5E900014FF0000228BF012261
:108B6000D218079B43F10003381848EB0101B842C3
:108B700071EB0801E9680391A96834BF0120002066
:108B800014EB010C039946EB010110EB0C0041F1D1
:108B90000001A04271EB060C34BF4FF0010C4FF006
:108BA000000CCDE90623A9F1410A1CEB020243F1B6
:108BB0000003CDF800A000F083F8129BC3E9000188
:108BC000149B012BDDE9062329D1D5E90201D5E962
:108BD00000C5201A66EB0101674578EB050534BF37
:108BE00001250025401B61F10001844276EB01055F
:108BF00034BF01250025521BCDF800A063F100030E
:108C000000F05EF8DDE90623CBE90001CDF800A015
:108C10002046314600F054F809B0BDE8F08F17EB5C
:108C2000070E48EB080C201946EB0601BE457CEB0D
:108C3000080834BF01270027C71941F10008D5E90A
:108C4000000186457CEB010CD5E9021534BF0120FB
:108C50000020381A68F1000C401A6CEB05019218DC
:108C60005B41A74278EB060534BF01250025521968
:108C700043F10003874278EB010834BF012500254A
:108C8000521BA9F140050095B8E7F0B50F46044620
:108C9000A0FB0201A7FB02524919A3FB044542F1C4
:108CA0000002A7FB0373611845F10004D219059E69
:108CB00043F10003121943F10003C6E90023F0BD9C
:108CC000F0B5059CC4F14007C4F1200602FA06F68F
:108CD000A4F12005BB4022FA05F53343C4F1200678
:108CE0002B4301FA06F6A4F12005E04021FA05F530
:108CF0003043BA402843E14010431943F0BD2DE909
:108D0000F04F55EC104BA446C5F30A54034644EA11
:108D10000C0708462946C5F31305302657EA05080F
:108D20005E71E146AE4673D10024A1421C716DDA3A
:108D300001211971A0424FF000041ADA204603F114
:108D400012060D25C2F157024FF0300C07F00F014B
:108D50003F0947EA0E774FEA2E1E002940F0868031
:108D6000A84201DB86F800C0013D06F1FF36EDD1D7
:108D700075E00C2867DCC0F10D018900012601F1C6
:108D8000FF3EA1F12108C1F1210726FA07F706FAF3
:108D900008F806FA0EF648EA070816EB060A48EB4A
:108DA000080BDAF100076BEB4B0E1AF1FF3A4BF1AF
:108DB000FF3B0AEA0C0A0BEA050B564578EB0B0B56
:108DC00010DBC1F1200BB1F1200A05FA0BFB2CFAE4
:108DD00001F141EA0B015CBF45FA0AFA41EA0A01D6
:108DE000C90724D51CEB060C45EB0805B5F5801F1B
:108DF000E1461CDB5979B4F5806F01F1010159712D
:108E000027D007EA0C070EEA050E98E7002892E73C
:108E10005CB13126C90F0028A4F2FF345E711971CC
:108E20000FDB0C28A7DD0D2005E00124F2E707EA9F
:108E300009090EEA0505B4F5806F06D04F46AE4627
:108E40007DE70020F7E70D2079E759EA05051A7953
:108E500008D01A7942F008021A714FF480641C603D
:108E6000BDE8F08F42F004021A71F8E70929D4BF77
:108E700030318918A8423170B8BF284674E7D1E96B
:108E8000043293421EBF5A1C0A61187070470000DA
:0C8E900001480068704700001836002000
:088E9C006835FE7F01000000B3
:108EA400E93B010000000000E1AD01004C8F02002D
:108EB400A378020000000000BDE0010000000000F3
:108EC400E1E0010000000000D9B30100608F02005E
:108ED400916B020000000000D76B0200000000004C
:108EE400455E0200888F0200B1B00100748F020059
:108EF40041BB010000000000193C0100000000001B
:108F0400091E010000000000C53B01000000000034
:108F140041CD010000000000F9E301000000000061
:108F2400DDAA01009C8F0200B7600200B08F02002E
:108F3400453D010000000000FDC6010000000000E6
:088F4400F96B0200C48F02006A
:108F4C004CCA02007CCA020094CA02009B07002093
:108F5C0054380020E0CA0200F0CA020008CB02001C
:108F6C00A1070020FC380020B0CA0200000000005D
:108F7C00C0CA02009D070020A8380020C8CA020001
:108F8C0000000000D8CA02009F070020000000006B
:108F9C0014CA02000000000034CA02009907002025
:108FAC000000000030CB020050CB02008CCB020042
:108FBC00A3070020EC06002004D1020000000000F2
:0C8FCC0024D10200A5070020F83A002084
:108FD800F16B02002B6E0200000000003B2902002A
:108FE800000000003B29020015D901002B6E020089
:108FF800000000003B290200000000003B2902009D
:1090080001D501002B6E02009C8F02001DAB0100F0
:10901800000000003B290200000000003B2902007C
:10902800000000003B290200000000003B2902006C
:10903800000000003B290200A838002015B00100FC
:10904800000000003B290200000000003B2902004C
:10905800000000003B2902000000000059BC01008C
:10906800000000003B290200000000003B2902002C
:10907800000000003B290200000000003B2902001C
:10908800000000003B290200000000003B2902000C
:10909800000000003B2902000000000091CD010003
:1090A800000000003B290200000000003B290200EC
:1090B800000000003B290200000000003B290200DC
:1090C800000000003B290200000000003B290200CC
:1090D800000000003B290200000000003B290200BC
:1090E800000000003B290200000000003B290200AC
:1090F800000000003B290200000000003B2902009C
:08910800000000003B290200F9
:1091100005000000557B0100000000000600000073
:1091200055A501000000000004000000B58001000A
:04913000000000003B
:1091340094C602000800000064C702000700000093
:08914400149F02001700000057
:10914C0004A602000300000024CA02000300000071
:10915C0044A70200030000005CBA020003000000F8
:10916C0024BC0200030000002CC402000300000019
:10917C0084BF020003000000B4B002000300000032
:10918C008CC602000300000050B90200030000006E
:10919C0078BB02000300000020C1020003000000A5
:1091AC0068D0020003000000CCD0020003000000D5
:1091BC003CD00200030000006CC802000300000059
:1091CC00F0A70200030000006CCA020003000000BC
:1091DC002CCB02000300000040CB02000300000077
:1091EC00ECCE02000300000030A8020003000000D7
:1091FC0034A8020003000000BC9A02000300000027
:10920C00ECCD020003000000F8D0020003000000C7
:10921C00ACAF02000300000080C802000300000095
:10922C0088C802000300000054D2020003000000B2
:10923C007CA40200030000002CB00200030000001C
:10924C0014D102000300000070A202000300000011
:10925C0064A90200D435002054A9020001000000CA
:10926C00040000000F0000000100000008000000D6
:10927C002800000064000000740000000D000000D5
:10928C000C0000000E0000005000000078000000F0
:10929C00AC00000008000000FFFFFFFF49000000C9
:0492AC00FFFFFFFFC2
:1092B000FB009042000000000700000020030000B7
:1092C0002103000000000000000000000000000179
:1092D0000000000200000004000000080000001070
:1092E0000000002000000040000000800000001B83
:1092F0000000003644B802004CB8020050B802002A
:1093000054B8020058B802005CB8020060B802000D
:1093100064B8020068B802006CB8020070B80200BD
:1093200074B8020078B802007CB802001800280067
:1093300000002A000000000058D2020000010000D6
:10934000F401FA00960064004B0032001E00140085
:109350000A0005000200010000000000141E0000C9
:1093600030110000010001000001010000010001B6
:10937000000001000100000001000B0002000A00D3
:10938000050009000A000800140007001E0006007E
:10939000320005004B000400640003009600020048
:1093A000FA000100F40100000C0802170D0101028F
:1093B000090901010602091818030101090903033B
:1093C00005030201230202240910040405050B0B06
:1093D000040B2B1B1B151A1A1C021D161305014921
:1093E0000D150500A301B103BF05EF024906A3094E
:1093F000C505F50B25120E021C045A03B4063006EF
:10940000600C00000100000010110040000000008E
:109410000000000000000000000000000406080A30
:109420000C0E10121416181C1E20222426282A2C7A
:109430002E30323436383A3C3E40424446484A4C5C
:109440004E021A5000000000280000001800000022
:1094500000000000141E00003011000000002CA6C7
:10946000E0A100000000000070170000A00F000045
:109470000000DC05E803000000000000141E0000EE
:1094800030110000D8ECF0F4F8FC000203040506EB
:1094900007080000000000000000000000000000BD
:1094A00000000000000001010101020202020303AA
:1094B000030304040404050505050606060809005F
:1094C000000000000000000000000000000000009C
:1094D0000000000101010102020202030303030470
:1094E0000404040505050506060708090A0B0C0D0A
:1094F00007090902030700100200FA00000000003B
:10950000E9FC0000F5FC0000F9FC000001FD000092
:1095100005FD000000000000000000000000000049
:109520000338FDD870470000010000000000000073
:10953000050000000000000019000000000000000D
:109540007D0000000000000071020000000000002B
:10955000350C000000000000093D00000000000084
:109560002D31010000000000E1F5050000000000C1
:1095700065CD1D0000000000F9029500000000000C
:10958000DD0EE90200000000514A8D0E00000000CF
:109590009573C24800000000E941CC6B0100000057
:1095A0008D49FD1A07000000C16FF28623000000FC
:1095B000C52EBCA2B1000000D9E9AC2D7803000093
:1095C0003D9160E45811000031D6E275BC560000B0
:1095D000F52E6E4DAEB10100C9EA2683677808000A
:1095E000ED95C28F055A2A00A1EDCCCE1BC2D30047
:1095F00025A4000A8BCA220400000000000000001D
:10960000000000000000001000000000000000004A
:10961000B9340332B7F4AD1410DB1AB30892540E08
:109620000D307D951447BA1A66088F4D26ADC66D6C
:10963000F598BF85E2B74511CA96853D92BD1DEBF1
:10964000FCA11860DCEF52163C92AE220BB8C1B4FC
:10965000839D2D5B0562DA1C304C7E8F4E8BB25B96
:1096600016F4529F8B56A512FBD4827643ED8AF0F6
:109670008FE7F9311565191850F19BD94A13EEB4EB
:10968000284CF0A686C1251F035FC270CB9E4916E9
:10969000E642889C44EB2014B0650836AD6EA58583
:1096A00085F0CA14E2FD031A0B899979D5B13D09F9
:1096B000D8DA973A35EBCF10AC363F5E73BB38CF74
:1096C0003E6752FA44AFBA150100000000000000E6
:1096D0000000000000000020345065C05FC9A652A1
:1096E000BB13CBAEC440C21806C8DF7100D5A87C3E
:1096F000F56F0FDA58FC27136E4756357D24206529
:1097000002C7E768E48CA41DE9E60268D7CD396199
:109710007977FCC2405BEF16798CDE43FFA751F9E5
:1097200091F3B278F5BDBE11E857E9D6E8BEE87B03
:10973000B054AC8F848D751BEA23A499E9F9D38BBF
:10974000B7A3714061DA3E15CEE33ECB73F948080A
:109750008C97B427D51B7010A2BFEFB9EB853215DB
:109760004DB44DB49BBB6F1996B6076CF8E7EEADE0
:1097700036D9B4F59135AE13222218AF4E6A684D32
:1097800091DAAA3D4F40741E9FBD9EE006A1C0988D
:1097900057C2A7FDA40E90170E7D497173E3208F69
:1097A000B220D87605143B12853D7434811343B042
:1097B000AD297A5F27F4351C436872737473207087
:1097C000696E206973206E6F7420616374697665B9
:1097D0002C20646576696365206973206E6F742040
:1097E0006368617267696E67000000004661696CBA
:1097F000656420746F20636F6E666967757265209B
:109800006368727374732070696E20696E74657218
:109810007275707400000000436872737473207076
:10982000696E206973206163746976652C206465B4
:1098300076696365206973206368617267696E6722
:10984000000000004661696C656420746F207365D8
:109850007420505047204C454420504120666F7280
:10986000204C4544202564004661696C6564207481
:109870006F2064697361626C6520505047204C45CD
:109880004420504120666F72204C454420256400DE
:1098900044657669636520737461746520636861EB
:1098A0006E67656420746F20256400004661696CF2
:1098B000656420746F2066657463682074656D70DC
:1098C000657261747572652073616D706C65207767
:1098D000697468206572726F722025640000000050
:1098E0004661696C656420746F20676574207465D7
:1098F0006D70657261747572652076616C75652036
:1099000077697468206572726F72202564000000A8
:1099100054656D70657261747572653A2025642EA8
:109920002530326420430000302E31332E300000C9
:1099300054474D204170706C69636174696F6E208B
:1099400025730A004750494F206973206E6F7420B9
:109950007265616479000000626C655F696E6974AC
:1099600028292072657475726E6564202564000074
:10997000626174746572795F696E697428292072F6
:10998000657475726E65642025640000626174748C
:109990006572795F73746172745F6D6561737572FE
:1099A000656D656E7428292072657475726E6564C4
:1099B000202564004661696C656420746F20656EC3
:1099C00061626C652073656E736F7220706F77656E
:1099D000720000007070675F696E697428292072D8
:1099E000657475726E656420256400006163635F51
:1099F000696E697428292072657475726E656420B9
:109A0000256400004661696C656420746F20636F93
:109A10006E6669677572652063687273747320700F
:109A2000696E00004661696C656420746F20616432
:109A3000642063616C6C6261636B20746F20636887
:109A4000727374732070696E000000004661696C67
:109A5000656420746F20737461727420746865206B
:109A60005050472073656E736F7220776974682059
:109A70006572726F72202564000000004661696C97
:109A8000656420746F20737461727420746865203B
:109A9000616363656C65726F6D6574657220736573
:109AA0006E736F722077697468206572726F7220AE
:109AB00025640000608F0200050011006D61696E71
:109AC000000000004D54552065786368616E67653D
:109AD0002072657475726E6564207769746820659C
:109AE00072726F7220636F6465202564000000004D
:109AF0004D54552073756365737366756C6C79206E
:109B000073657420746F202564000000436F6E6ECF
:109B1000656374696F6E20706172616D65746572E2
:109B20007320757064617465643A20696E7465723F
:109B300076616C20252E3266206D732C206C61744A
:109B4000656E637920256420696E74657276616C38
:109B5000732C2074696D656F7574202564206D7396
:109B6000000000007075626C6963000072616E64D1
:109B70006F6D0000253032583A253032583A253082
:109B800032583A253032583A253032583A25303258
:109B900058202825732900007075626C69632D694F
:109BA0006400000072616E646F6D2D6964000000D6
:109BB0004D54552065786368616E676520666169FC
:109BC0006C656420286572722025642900000000FD
:109BD0004D54552065786368616E67652070656EC9
:109BE00064696E67202E2E2E0000000044617461AF
:109BF000206C656E6774682075706461746520728E
:109C0000657175657374206661696C65643A2025B9
:109C10006400000044617461206C656E67746820A4
:109C20007570646174656420746F202564000000A1
:109C3000436F6E6E656374696F6E206572726F72CA
:109C400020256400436F6E6E656374656420746FD5
:109C5000206465766963652077697468206164644F
:109C6000726573732025730062745F636F6E6E5F3D
:109C70006765745F696E666F2829207265747572F6
:109C80006E65642025640000436F6E6E65637469C1
:109C90006F6E20706172616D65746572733A2069D0
:109CA0006E74657276616C20252E3266206D732C81
:109CB000206C6174656E637920256420696E74651B
:109CC0007276616C732C2074696D656F75742025D4
:109CD00064206D7300000000446973636F6E6E65ED
:109CE000637465642C20726561736F6E2025640057
:109CF0005374617274696E67206164766572746909
:109D000073696E6720776974682064656661756C35
:109D10007420706172616D6574657273000000007B
:109D20004164766572746973696E67206661696CF7
:109D3000656420746F2073746172742C2065727274
:109D40003A2025640A0000004164766572746973E4
:109D5000696E6720737461727465640A00000000A4
:109D6000426C7565746F6F746820696E69742066E3
:109D700061696C65642028657272202564290A0077
:109D8000426C7565746F6F746820696E697469617F
:109D90006C697A65640A000054474D0001010000B7
:109DA0000405002009030000989D0200456E6162D1
:109DB0006C6564206E6F74696669636174696F6E47
:109DC0007320666F722077726974652070706720E7
:109DD000726567206461746100000000456E616215
:109DE0006C6564206E6F74696669636174696F6E17
:109DF0007320666F722072656164207070672072D4
:109E00006567206461746100456E61626C65642001
:109E10006E6F74696669636174696F6E7320666FD3
:109E2000722074656D70206461746100456E6162BA
:109E30006C6564206E6F74696669636174696F6EC6
:109E40007320666F72206163632064617461000037
:109E5000456E61626C6564206E6F746966696361EA
:109E600074696F6E7320666F722070706720646112
:109E700074610000456E61626C6564206E6F746988
:109E80006669636174696F6E7320666F72206261C8
:109E9000747465727920646174610000577269742A
:109EA000696E6720505047207265676973746572E8
:109EB0000000000052656164696E672050504720C1
:109EC00072656769737465720000000052656164B1
:109ED000696E6720626174746572792076616C7551
:109EE0006500000052656164696E672055554944FC
:109EF0002076616C7565000052656164696E67204B
:109F00006669726D776172652076657273696F6ECE
:109F1000000000006CA202007B5202000000000062
:109F200058A202000000010054A2020031530200B6
:109F300000000000D0050020000001002CA202005B
:109F40009909010000000000301800200000010005
:109F500028A202003153020000000000C8050020C2
:109F60000000010000A20200F10901000000000051
:109F7000D805002000000100FCA1020031530200BE
:109F800000000000C005002000000100D4A1020074
:109F900035090100000000003840002000000100E9
:109FA000D0A10200B352020085920100A805002052
:109FB00000000300CCA102003153020000000000A9
:109FC000A005002000000100A4A102000000000084
:109FD000000000006434002000000100A0A1020085
:109FE000B3520200859201008805002000000300A2
:109FF0009CA10200315302000000000080050020F7
:10A000000000010074A10200000000000000000038
:10A01000C83300200000010070A10200B35202000A
:10A020008592010068050020000003006CA1020079
:10A030003153020000000000600500200000010014
:10A0400044A102000000000000000000C033002016
:10A050000000010040A10200B352020085920100FD
:10A0600048050020000003003CA10200315302001B
:10A0700000000000400500200000010014A10200C3
:10A0800000000000FD0801000000000000000200C8
:10A0900010A10200B35202008592010028050020A1
:10A0A000000003000CA10200315302000000000078
:10A0B0002005002000000100E4A0020000000000D4
:10A0C000C10801000000000000000200E0A0020042
:10A0D000B352020085920100080500200000030031
:10A0E00000000229028EC4D40FEE1AAF94B246C407
:10A0F0009808F00F3A000000028EC4D40FEE1AAF99
:10A1000094B246C49808F00F3A00000000000328FB
:10A1100000000229028EC4D40FEE1AAF94B246C4D6
:10A120009807F00F3A000000028EC4D40FEE1AAF69
:10A1300094B246C49807F00F3A00000000000328CC
:10A1400000000229028EC4D40FEE1AAF94B246C4A6
:10A150009803F00F3A000000028EC4D40FEE1AAF3D
:10A1600094B246C49803F00F3A00000000000328A0
:10A1700000000229028EC4D40FEE1AAF94B246C476
:10A180009802F00F3A000000028EC4D40FEE1AAF0E
:10A1900094B246C49802F00F3A0000000000032871
:10A1A00000000229028EC4D40FEE1AAF94B246C446
:10A1B0009801F00F3A000000028EC4D40FEE1AAFDF
:10A1C00094B246C49801F00F3A0000000000032842
:10A1D00000000229028EC4D40FEE1AAF94B246C416
:10A1E0009804F00F3A000000028EC4D40FEE1AAFAC
:10A1F00094B246C49804F00F3A000000000003280F
:10A20000028EC4D40FEE1AAF94B246C49806F00F73
:10A210003A000000028EC4D40FEE1AAF94B246C4C6
:10A220009806F00F3A00000000000328028EC4D404
:10A230000FEE1AAF94B246C49805F00F3A00000032
:10A24000028EC4D40FEE1AAF94B246C49805F00F34
:10A250003A00000000000328028EC4D40FEE1AAFAB
:10A2600094B246C49800F00F3A00000000000028A5
:10A2700074676D5F73657276696365004661696CCA
:10A28000656420746F2072656164205050472073AC
:10A29000656E736F722072656769737465722030C2
:10A2A00078253032580000004661696C656420747E
:10A2B0006F207772697465205050472073656E7304
:10A2C0006F7220726567697374657220307825300B
:10A2D000325800004661696C656420746F207265B5
:10A2E0006164205050472073656E736F72207265F1
:10A2F0006769737465722030782530325820616642
:10A300007465722077726974696E67004661696C62
:10A31000656420746F2073656E642050504720720E
:10A32000656769737465722076616C7565206E6F00
:10A3300074696669636174696F6E00004661696C77
:10A34000656420746F2072656164205050472064FA
:10A350006174610049324320646576696365206EEB
:10A360006F7420726561647920647572696E67200C
:10A37000696E697469616C697A6174696F6E206F66
:10A3800066205050472073656E736F7200000000A6
:10A390004750494F20646576696365206E6F74206D
:10A3A000726561647920647572696E6720696E698F
:10A3B0007469616C697A6174696F6E206F66205090
:10A3C00050472073656E736F720000004661696CC0
:10A3D000656420746F20636F6E66696775726520AF
:10A3E0005050472073656E736F7220696E742070D1
:10A3F000696E20617320696E707574004661696CC6
:10A40000656420746F206164642063616C6C6261B8
:10A41000636B20746F205050472073656E736F72AA
:10A4200020696E742070696E000000004661696CDE
:10A43000656420746F20636F6E666967757265204E
:10A440005050472073656E736F7220696E74207070
:10A45000696E20696E746572727570740000000018
:10A460004661696C656420746F2073746172742036
:10A470005050472073656E736F72000070706700F4
:10A480004661696C656420746F2072656164206147
:10A490006363656C65726F6D657465722064617469
:10A4A0006100000049324320646576696365206E6F
:10A4B0006F7420726561647920647572696E6720BB
:10A4C000696E697469616C697A6174696F6E206F15
:10A4D0006620616363656C65726F6D65746572207B
:10A4E00073656E736F7200004750494F2064657644
:10A4F000696365206E6F742072656164792064758C
:10A5000072696E6720696E697469616C697A6174D9
:10A51000696F6E206F6620616363656C65726F6D35
:10A52000657465722073656E736F72004661696C45
:10A53000656420746F20636F6E666967757265204D
:10A54000616363656C65726F6D65746572207365B8
:10A550006E736F7220696E742070696E2061732053
:10A56000696E7075740000004661696C65642074E2
:10A570006F206164642063616C6C6261636B207442
:10A580006F20616363656C65726F6D6574657220C1
:10A5900073656E736F7220696E742070696E00004F
:10A5A0004661696C656420746F20636F6E666967CD
:10A5B00075726520616363656C65726F6D65746546
:10A5C000722073656E736F7220696E742070696E8D
:10A5D00020696E7465727275707400004661696CF2
:10A5E000656420746F2073746172742061636365A5
:10A5F0006C65726F6D657465722073656E736F72D2
:10A6000000000000616363004661696C656420744A
:10A610006F20656E61626C65206261747465727929
:10A6200020766F6C74616765206469766964657211
:10A630002C206572722025640000000041444320F4
:10A6400072656164206661696C65642C2065727254
:10A65000202564004144432072617720746F206D8F
:10A66000696C6C69766F6C7473206661696C656483
:10A670002C20657272202564000000004261747411
:10A6800065727920766F6C746167653A2025646D18
:10A69000560000004661696C656420746F2064692F
:10A6A0007361626C65206261747465727920766F83
:10A6B0006C7461676520646976696465722C2065D5
:10A6C000727220256400000041444320646576696D
:10A6D0006365206E6F74207265616479000000000C
:10A6E000414443206368616E6E656C2073657475C8
:10A6F00070206661696C65642C2065727220256427
:10A70000000000004750494F2070696E20636F6E53
:10A71000666967757265206661696C65642C206581
:10A720007272202564000000608F02000A000000A1
:10A730009C8F0200000108040000000500000000DA
:10A740000C000000626174746572790028756E7384
:10A7500069676E6564292063686172202A207573B9
:10A76000656420666F722025257020617267756DA3
:10A77000656E742E2049742773207265636F6D6D4A
:10A78000656E64656420746F2063617374206974FE
:10A7900020746F20766F6964202A2062656361757A
:10A7A0007365206974206D6179206361757365201C
:10A7B0006D69736265686176696F7220696E206386
:10A7C00065727461696E20636F6E66696775726128
:10A7D00074696F6E732E20537472696E673A222506
:10A7E000732220617267756D656E743A256400008E
:10A7F00063627072696E74665F7061636B616765D6
:10A80000000000006C6F6767696E670060190020C8
:10A810000001000077210200E12002000200000098
:10A8200019240200000000000000000000000000E9
:10A830006C6F67006C6F675F6D676D740000000080
:10A840004D65737361676520282225732229206472
:10A85000726F7070656420626563617573652069ED
:10A860007420657863656564732073697A65206C0C
:10A87000696D69746174696F6E20282575290000FF
:10A880005B2530386C755D20000000005B253032A0
:10A89000753A253032753A253032752E25303375AC
:10A8A0002C253033755D20001B5B306D00000000EF
:10A8B00025732E0025733A20000000003C25733ECE
:10A8C0002000000025732F00257320000D0A0000D2
:10A8D0002530327820000000202020007C0000007D
:10A8E00025630000206D6573736167657320647272
:10A8F0006F70706564202D2D2D0D0A1B5B306D006F
:10A900001B5B313B33316D2D2D2D20001B5B313B0B
:10A9100033316D001B5B313B33336D006572720068
:10A9200077726E00696E6600646267000000000066
:10A930000CA9020014A902000000000000000000A1
:10A94000000000001CA9020020A9020024A90200A6
:10A9500028A902006C6F675F6261636B656E645F5C
:10A960007274740001290100F1280100D928010046
:10A97000DD27010000000000F927010000000000B1
:10A9800069280100DC350020EC35002010000000B3
:10A990002A2A2A20426F6F74696E67204D79204100
:10A9A00070706C69636174696F6E2076302E31331C
:10A9B0002E302D3837303364646562653062632031
:10A9C0002A2A2A0A000000002A2A2A205573696EC2
:10A9D00067206E524620436F6E6E65637420534449
:10A9E0004B2076322E372E302D3563623835353791
:10A9F0003063613433202A2A2A0A00002A2A2A20B6
:10AA00005573696E67205A6570687972204F5320BC
:10AA100076332E362E39392D313030626566633704
:10AA200030633734202A2A2A0A000000637C777BAF
:10AA3000F26B6FC53001672BFED7AB76CA82C97D3A
:10AA4000FA5947F0ADD4A2AF9CA472C0B7FD9326CB
:10AA5000363FF7CC34A5E5F171D8311504C723C3CF
:10AA60001896059A071280E2EB27B27509832C1A13
:10AA70001B6E5AA0523BD6B329E32F8453D100ED6D
:10AA800020FCB15B6ACBBE394A4C58CFD0EFAAFB51
:10AA9000434D338545F9027F503C9FA851A3408F19
:10AAA000929D38F5BCB6DA2110FFF3D2CD0C13EC31
:10AAB0005F974417C4A77E3D645D197360814FDCC6
:10AAC000222A908846EEB814DE5E0BDBE0323A0AAA
:10AAD0004906245CC2D3AC629195E479E7C8376D2E
:10AAE0008DD54EA96C56F4EA657AAE08BA78252E53
:10AAF0001CA6B4C6E8DD741F4BBD8B8A703EB566DC
:10AB00004803F60E613557B986C11D9EE1F89811CC
:10AB100069D98E949B1E87E9CE5528DF8CA1890DBB
:10AB2000BFE6426841992D0FB054BB1672302F61B9
:10AB3000313A2020307825303878202072312F614A
:10AB4000323A2020307825303878202072322F6138
:10AB5000333A2020307825303878000072332F6166
:10AB6000343A2020307825303878207231322F69FD
:10AB7000703A2020307825303878207231342F6CAC
:10AB8000723A2020307825303878000020787073B1
:10AB9000723A20203078253038780000735B2532F7
:10ABA000645D3A20203078253038782020735B258A
:10ABB00032645D3A20203078253038782020735B6D
:10ABC0002532645D3A202030782530387820207393
:10ABD0005B2532645D3A20203078253038780000DB
:10ABE00066707363723A2020307825303878000020
:10ABF0004661756C74696E6720696E7374727563F3
:10AC000074696F6E20616464726573732028723199
:10AC1000352F7063293A20307825303878000000CD
:10AC2000556E68616E646C6564204952516E3A20BD
:10AC300025640000535053454C20696E207468729F
:10AC4000656164206D6F646520646F6573206E6F4D
:10AC50007420696E6469636174652050535000000C
:10AC60002A2A2A2A2A205553414745204641554C35
:10AC700054202A2A2A2A2A002020446976697369E6
:10AC80006F6E206279207A65726F00002020556E09
:10AC9000616C69676E6564206D656D6F72792061A6
:10ACA000636365737300000020204E6F20636F7034
:10ACB000726F636573736F7220696E7374727563FC
:10ACC00074696F6E730000002020496C6C656761C9
:10ACD0006C206C6F6164206F66204558435F52455D
:10ACE0005455524E20696E746F205043000000008E
:10ACF0002020496C6C6567616C20757365206F66F8
:10AD00002074686520455053520000002020417493
:10AD100074656D707420746F2065786563757465F3
:10AD200020756E646566696E656420696E73747201
:10AD3000756374696F6E00002A2A2A2A2A204465E6
:10AD4000627567206D6F6E69746F722065786365D8
:10AD50007074696F6E202A2A2A2A2A005265736548
:10AD60007276656420457863657074696F6E20281B
:10AD70000000000053707572696F757320696E74FE
:10AD800065727275707420284952512000000000CD
:10AD90002A2A2A2A2A20257320256429202A2A2AB9
:10ADA0002A2A00002A2A2A2A2A20425553204641CC
:10ADB000554C54202A2A2A2A2A00000020205374A5
:10ADC00061636B696E67206572726F7200000000CC
:10ADD0002020556E737461636B696E6720657272B3
:10ADE0006F72000020205072656369736520646192
:10ADF000746120627573206572726F7200000000CA
:10AE000020204246415220416464726573733A20A7
:10AE100030782578000000002020496D707265634D
:10AE20006973652064617461206275732065727254
:10AE30006F7200002020496E737472756374696FBD
:10AE40006E20627573206572726F72002020466CEE
:10AE50006F6174696E672D706F696E74206C617AB2
:10AE600079207374617465207072657365727661A0
:10AE700074696F6E206572726F7200002A2A2A2A26
:10AE80002A204D5055204641554C54202A2A2A2A22
:10AE90002A0000002020537461636B696E6720658F
:10AEA00072726F722028636F6E746578742061729D
:10AEB0006561206D69676874206265206E6F74201B
:10AEC00076616C696429000020204461746120412E
:10AED00063636573732056696F6C6174696F6E008C
:10AEE00020204D4D46415220416464726573733A8F
:10AEF00020307825780000002020496E7374727528
:10AF00006374696F6E204163636573732056696F64
:10AF10006C6174696F6E00002A2A2A2A2A2048412F
:10AF20005244204641554C54202A2A2A2A2A0000FD
:10AF30002020427573206661756C74206F6E2076D8
:10AF40006563746F72207461626C65207265616400
:10AF50000000000020204465627567206576656EFC
:10AF60007400000020204661756C74206573636175
:10AF70006C6174696F6E20287365652062656C6F03
:10AF800077290000415243485F45584345505420BB
:10AF90007769746820726561736F6E2025780A0086
:10AFA000000000200000000000000B066D7075001E
:10AFB0004661696C656420746F20616C6C6F6361BD
:10AFC0007465206E6577204D505520726567696FF6
:10AFD0006E2025750A000000506172746974696FF3
:10AFE0006E2025753A2073616E69747920636865F7
:10AFF000636B206661696C65642E000002000000CE
:10B0000014B00200464C4153485F30005352414D4A
:10B010005F3000000000000004B0020024000207BE
:10B02000000000200CB002001E000B11736F6300C3
:10B0300000FFFFFFFFFFFF00000000000000000016
:10B04000FFFFFFFFFFFF0000000000000000000006
:10B05000303132333435363738396162636465668E
:10B06000000000004254204C5720575100000000BF
:10B0700002FB349B5F800000800010000000000095
:10B080000000000074C8020090B00200000100003F
:10B090009071002074C80200A0B002002E000000D1
:10B0A000A87C002074C80200B0B0020008000000B4
:10B0B000887D002062745F6461746100756E6B6EE0
:10B0C0006F776E00546F6F20736D616C6C20282554
:10B0D0007520627974657329206576656E742030F9
:10B0E0007825303278000000446174612062756612
:10B0F000666572206F766572666C6F7720286C6962
:10B100006E6B207479706520307825303278290094
:10B110004E6F2070656E64696E672070657269702D
:10B12000686572616C20636F6E6E656374696F6EC3
:10B1300000000000556E61626C6520746F206C6FBA
:10B140006F6B20757020636F6E6E20776974682056
:10B1500068616E646C65202575000000556E616243
:10B160006C6520746F206C6F6F6B757020636F6EF1
:10B170006E20666F722068616E646C6520257500B4
:10B18000657674206E756D5F68616E646C657320A2
:10B19000283D25752920746F6F206C6172676520CA
:10B1A000282575203E202575290000004E6F20635C
:10B1B0006F6E6E656374696F6E20666F7220686172
:10B1C0006E646C65202575007061636B6574732017
:10B1D000636F756E74206D69736D617463680000D0
:10B1E0004E6F20636F6D6D616E642073656E7420A9
:10B1F000666F7220636D6420636F6D706C6574653B
:10B2000020307825303478004F70436F64652030EB
:10B21000782530347820636F6D706C6574656420B8
:10B22000696E7374656164206F662065787065630C
:10B23000746564203078253034780000556E657868
:10B2400070656374656420484F53545F4E554D5F7D
:10B25000434F4D504C455445445F5041434B45543A
:10B2600053202873746174757320307825303278D8
:10B27000290000004861726477617265206572720E
:10B280006F722C20686172647761726520636F64ED
:10B29000653A202564000000556E68616E646C6537
:10B2A00064206576656E7420307825303278206CA5
:10B2B000656E2025753A202573000000496E766181
:10B2C0006C696420484349206576656E7420736913
:10B2D0007A65202825752900574553545F544F50EF
:10B2E0004449522F7A65706879722F737562737949
:10B2F000732F626C7565746F6F74682F686F7374E9
:10B300002F6863695F636F72652E630062745F68A4
:10B3100063695F6576745F6765745F666C616773A8
:10B32000286864722D3E65767429202620283155C0
:10B330004C203C3C20283129290000004153534532
:10B340005254494F4E204641494C205B25735D20A5
:10B35000402025733A25640A00000000556E68619C
:10B360006E646C65642076656E646F722D737065B3
:10B370006369666963206576656E743A202573009B
:10B38000436F756C64206E6F74207375626D6974A1
:10B390002072785F776F726B3A202564000000009E
:10B3A000496E76616C6964204843492041434C20D2
:10B3B0007061636B65742073697A6520282575292F
:10B3C0000000000041434C2064617461206C656E94
:10B3D000677468206D69736D6174636820282575D2
:10B3E00020213D2025752900556E61626C65207411
:10B3F0006F2066696E6420636F6E6E20666F7220C8
:10B4000068616E646C65202575000000556E6B6E7A
:10B410006F776E20627566207479706520257500DF
:10B420006D61785F74785F6F63746574732065789D
:10B430006365656473207468652076616C69642057
:10B4400072616E6765202575000000006D61785F90
:10B4500072785F6F63746574732065786365656483
:10B4600073207468652076616C69642072616E6710
:10B4700065202575000000006D61785F74785F7449
:10B48000696D6520657863656564732074686520FF
:10B4900076616C69642072616E67652025750000B5
:10B4A0006D61785F72785F74696D6520657863653A
:10B4B000656473207468652076616C6964207261CC
:10B4C0006E67652025750000657272203D3D203055
:10B4D0000000000009636F6D6D616E64206F706322
:10B4E0006F6465203078253034782074696D656F1D
:10B4F00075742077697468206572722025640A006B
:10B500006F70636F646520307825303478207374F1
:10B510006174757320307825303278004E6F6E2D4F
:10B520004C452063617061626C6520636F6E74725C
:10B530006F6C6C657220646574656374656421006A
:10B5400056656E646F722048434920657874656E55
:10B5500073696F6E73206E6F7420617661696C61C0
:10B56000626C6500485720506C6174666F726D3A6A
:10B5700020257320283078253034782900000000F9
:10B5800048572056617269616E743A2025732028ED
:10B5900030782530347829004669726D776172659C
:10B5A0003A202573202830782530327829205665B6
:10B5B0007273696F6E2025752E2575204275696C32
:10B5C00064202575000000004661696C6564207484
:10B5D0006F207265616420737570706F727465643A
:10B5E0002076656E646F7220636F6D6D616E64733B
:10B5F000000000004661696C656420746F2072650C
:10B60000616420737570706F727465642076656E06
:10B61000646F722066656174757265730000000066
:10B6200041434C2042522F45445220627566666564
:10B630007273206E6F7420696E697469616C697AC7
:10B64000656400004661696C656420726561642010
:10B6500072656D6F746520666561747572657320BF
:10B6600028256429000000004661696C6564204C4F
:10B67000452053657420504859202825642900002E
:10B68000556E657870656374656420737461747554
:10B690007320307825303278000000004E6F207023
:10B6A000656E64696E6720636F6E6E20666F7220D0
:10B6B00070656572202573005B305D004964656EBE
:10B6C0007469747925733A20257300004964656EA6
:10B6D000746974795B25645D3A202573000000006D
:10B6E0004843493A2076657273696F6E202573204E
:10B6F0002830782530327829207265766973696F31
:10B700006E203078253034782C206D616E7566613E
:10B7100063747572657220307825303478000000CB
:10B720004C4D503A2076657273696F6E20257320F8
:10B73000283078253032782920737562766572203A
:10B740003078253034780000556E61626C65207465
:10B750006F2073656E6420746F2064726976657201
:10B76000202865727220256429000000556E6162F0
:10B770006C6520746F20616C6C6F6361746520620E
:10B780007566666572000000556E636C6561726572
:10B79000642070656E64696E672073656E745F63A4
:10B7A0006D640000556E6578706563746564206B28
:10B7B0005F706F6C6C206576656E74207374617455
:10B7C00065202575000000006576745F666C616712
:10B7D000732026202831554C203C3C202830292934
:10B7E00000000000496E76616C6964206275662015
:10B7F00074797065202575004E6F20484349206498
:10B8000072697665722072656769737465726564C2
:10B8100000000000425420545800000042542052BE
:10B82000582057510000000048434920647269764F
:10B830006572206F70656E206661696C6564202892
:10B8400025642900312E306200000000312E3100C5
:10B85000312E3200322E3000322E3100332E3000A5
:10B86000342E3000342E3100342E3200352E30008C
:10B87000352E3100352E3200352E3300352E340072
:10B880005374616E6461726420426C7565746F6F8D
:10B89000746820636F6E74726F6C6C657200000068
:10B8A00056656E646F7220737065636966696320A4
:10B8B000636F6E74726F6C6C657200004669726DB6
:10B8C00077617265206C6F616465720052657363A5
:10B8D000756520696D6167650000000072657365BC
:10B8E00072766564000000006E52463531780000C3
:10B8F0006E524635327800006E524635337800007D
:10B900006E524635344878006E524635344C7800D5
:10B91000496E74656C20436F72706F726174696FE9
:10B920006E0000004E6F726469632053656D696339
:10B930006F6E647563746F72000000004E58502083
:10B9400053656D69636F6E647563746F7273000025
:10B9500062745F6863695F636F72650080B802003C
:10B96000A0B80200BCB80200CCB80200DCB80200EB
:10B97000E8B80200F0B80200F8B8020000B902000E
:10B9800008B90200DCB8020010B9020024B90200B4
:10B990003CB902000E030000594501000F040000ED
:10B9A000314501001A010000D140010005040000EA
:10B9B000292E020013010000F1410100FF010000E7
:10B9C000254801003E010000314701000504000048
:10B9D0007541010010010000A545010001120000A1
:10B9E000B95501000A1E0000CD2F02000309000016
:10B9F000614A0100040B0000CD440100060A00006A
:10BA0000895A0100070A0000854901000C05000061
:10BA1000C141010074C8020020BA020047000000C2
:10BA2000AC7D0020636D6420646973616C6C6F771A
:10BA30006564000052656164205374617469632019
:10BA400041646472657373657320636F6D6D616EBD
:10BA500064206E6F7420617661696C61626C650050
:10BA60004661696C656420746F207265616420733F
:10BA700074617469632061646472657373657300D3
:10BA80004E6F2073746174696320616464726573BE
:10BA90007365732073746F72656420696E20636FC1
:10BAA0006E74726F6C6C6572000000004F6E6C7982
:10BAB0002072616E646F6D207374617469632069B4
:10BAC00064656E746974792061646472657373204F
:10BAD000737570706F72746564000000496E7661F2
:10BAE0006C696420696E70757420706172616D6537
:10BAF00074657273000000004661696C65642074AF
:10BB00006F2072656164207075626C696320616486
:10BB1000647265737300000043616E27742073655F
:10BB20007420626F7468204944454E54495459202A
:10BB300026204E5250410000556E61626C652074A3
:10BB40006F20736574206964656E7469747920610F
:10BB50006464726573730000556E61626C65207475
:10BB60006F207365742072616E646F6D2061646410
:10BB7000726573730000000062745F696400000006
:10BB8000546F6F20626967206164766572746973AF
:10BB9000696E672064617461000000004661696C31
:10BBA000656420746F2073746172742061647665BB
:10BBB00072746973657200004E6F2076616C6964FF
:10BBC000206C656761637920616476004661696C09
:10BBD000656420746F2073746F7020616476657281
:10BBE000746973696E673A2025640000436F6E7450
:10BBF000726F6C6C65722063616E6E6F742072651B
:10BC000073756D6520636F6E6E65637461626C65DC
:10BC1000206164766572746973696E672028256493
:10BC20002900000062745F616476000064697363D8
:10BC30006F6E6E6563746564000000006469736311
:10BC40006F6E6E6563742D636F6D706C65746500E7
:10BC50007363616E2D6265666F72652D696E6974BE
:10BC6000696174696E670000696E697469617469FD
:10BC70006E672D66696C7465722D6C697374000053
:10BC80006164762D636F6E6E65637461626C6500CE
:10BC90006164762D6469722D636F6E6E6563746185
:10BCA000626C6500646973636F6E6E656374696E60
:10BCB0006700000028756E6B6E6F776E29000000BC
:10BCC000556E657870656374656420666972737417
:10BCD000204C32434150206672616D6500000000C7
:10BCE000556E6578706563746564204C32434150CD
:10BCF00020636F6E74696E756174696F6E00000009
:10BD00004E6F7420656E6F75676820627566666534
:10BD10007220737061636520666F72204C324341FC
:10BD20005020646174610000556E657870656374BD
:10BD300065642041434C20666C616773202830782D
:10BD4000253032782900000041434C206C656E207C
:10BD50006D69736D6174636820282575203E202508
:10BD60007529000062756620676976656E20746FBC
:10BD700020636F6E6E20686173206F746865722037
:10BD800072656673000000006E6F7420656E6F75DB
:10BD9000676820726F6F6D20696E20757365725FC2
:10BDA00064617461202564203C20256420706F6FDD
:10BDB0006C202575000000006E6F7420636F6E6E3E
:10BDC0006563746564210000446973636F6E6E651A
:10BDD00063746564207768696C6520616C6C6F635F
:10BDE0006174696E6720636F6E746578740000001B
:10BDF0006E6F207472616E736974696F6E20257343
:10BE000000000000496E76616C6964202825752960
:10BE1000206F6C642073746174650000636F6E6ED4
:10BE2000202570206661696C656420746F206573DD
:10BE30007461626C6973682E205246206E6F69735C
:10BE4000653F00006E6F2076616C6964202825755F
:10BE500029207374617465207761732073657400A1
:10BE6000696E636F6D70617469626C652068616E84
:10BE7000646C652025750000556E61626C652074E8
:10BE80006F20616C6C6F63617465206275666665B6
:10BE9000722077697468696E2074696D656F757456
:10BEA00000000000466F756E642076616C69642046
:10BEB000636F6E6E656374696F6E2028257029202C
:10BEC00077697468206164647265737320257320D8
:10BED000696E202573207374617465200000000072
:10BEE00053656E64204C4520706172616D207570E1
:10BEF00064617465206661696C656420286572728E
:10BF0000202564290000000053656E64206175746B
:10BF10006F204C4520706172616D20757064617492
:10BF200065206661696C65642028657272202564ED
:10BF300029000000574553545F544F504449522F35
:10BF40007A65706879722F7375627379732F626C7A
:10BF50007565746F6F74682F686F73742F636F6E7D
:10BF60006E2E630074C8020070BF02000001000062
:10BF7000747E002074C8020080BF0200000100002F
:10BF8000B480002062745F636F6E6E00546F6F2028
:10BF9000736D616C6C204C4520636F6E6E20706118
:10BFA00072616D20727370004E6F20617661696CF2
:10BFB00061626C65204C3243415020636F6E746542
:10BFC000787420666F7220636F6E6E20257000009B
:10BFD000556E61626C6520746F20616C6C6F63617B
:10BFE0007465204C32434150206368616E6E656C0D
:10BFF00020494400556E61626C6520746F20616C4D
:10C000006C6F636174652062756666657220666F29
:10C0100072206F702030782530327800546F6F2096
:10C02000736D616C6C204C32434150207369676EB4
:10C03000616C696E67205044550000004C324341EA
:10C0400050206C656E677468206D69736D617463F0
:10C05000682028257520213D202575290000000035
:10C06000496E76616C6964206964656E74207661DE
:10C070006C756520696E204C324341502050445508
:10C080000000000052656A656374696E6720756E12
:10C090006B6E6F776E204C324341502050445520D8
:10C0A000636F64652030782530327800546F6F20DC
:10C0B000736D616C6C204C324341502050445520CC
:10C0C00072656365697665640000000049676E6F9C
:10C0D00072696E67206461746120666F7220756E8C
:10C0E0006B6E6F776E206368616E6E656C2049447D
:10C0F00020307825303478007B3902007D39020009
:10C10000000000000000000000000000097D0100A8
:10C11000000000000000000000000000000000001F
:10C1200062745F6C326361700000000041545420FF
:10C130006368616E6E656C206E6F7420636F6E6EE7
:10C1400065637465640000004E6F7420636F6E6EEB
:10C150006563746564000000556E61626C652074EF
:10C160006F2066696E6420415454206368616E6E6E
:10C17000656C00004E6F20617661696C61626C6570
:10C1800020415454206368616E6E656C20666F7246
:10C1900020636F6E6E202570000000004E6F2061DE
:10C1A0007661696C61626C652041545420636F6EE6
:10C1B0007465787420666F7220636F6E6E202570D0
:10C1C00000000000556E61626C6520746F20637220
:10C1D0006561746520555549443A2073697A652034
:10C1E00025750000556E61626C6520746F20637266
:10C1F0006561746520555549443A2073697A652014
:10C20000256400004572726F72207369676E696EF3
:10C21000672064617461000052616E206F75742044
:10C220006F662054582062756666657273206F725F
:10C2300020636F6E74657874732E0000476F7420EE
:10C240006572722025642C206E6F742063616C6CA3
:10C25000696E6720415454206362000041545420A9
:10C260004D54552065786365656465642C206D6167
:10C27000782025752C2077616E74656420257A7589
:10C2800000000000546F6F20736D616C6C2041548E
:10C2900054205044552072656365697665640000DA
:10C2A000556E68616E646C65642041545420636F00
:10C2B000646520307825303278000000496E766160
:10C2C0006C6964206C656E20257520666F72206332
:10C2D0006F64652030782530327800004E6F204141
:10C2E0005454206368616E6E656C20666F72204DD9
:10C2F000545520257A7500004E6F2070656E646974
:10C300006E67204154542072657175657374000026
:10C310004154542054696D656F757420666F7220A6
:10C3200064657669636520257300000002020100E0
:10C3300087460200040401004D4602000606010083
:10C34000C745020008040100614502000A0201001D
:10C35000474502000C0401002D4502000E040100B7
:10C36000158B010020040100758A010010040100F2
:10C3700087440200120201005B440200160401001F
:10C38000013C020018010100053C02001E000400EF
:10C39000D3470200520200003144020001040200AF
:10C3A000BD8E0100030202009F470200050102004A
:10C3B00091470200070402008347020009010200BE
:10C3C000754702000B000200674702000D000200E3
:10C3D000594702000F0002004B47020021020200F1
:10C3E0003D470200110102002F4702001300020026
:10C3F000214702001704020013470200190002003F
:10C40000054702001B0203009D3C02001D020500BF
:10C41000C5430200230403008B3C020074C80200E1
:10C4200028C40200020100001484002062745F61CD
:10C4300074740000756E61626C6520746F207361A6
:10C4400076652053433A206E6F20636667206C65E3
:10C45000667400004E6F20737061636520746F20F6
:10C4600073746F7265204343432063666700000066
:10C470004E6F20737061636520746F2073746F72E8
:10C480006520436C69656E7420537570706F7274AB
:10C4900065642046656174757265730077726974AE
:10C4A000652063616C6C6261636B206973206465F5
:10C4B00070726563617465642C2075736520737593
:10C4C0006273637269626520636220696E7374656A
:10C4D000616400004661696C656420746F20636C60
:10C4E000656172205343202564000000556E61622F
:10C4F0006C6520746F2073657475702041455320FE
:10C50000434D414300000000556E61626C6520742C
:10C510006F2063616C63756C61746520686173681A
:10C52000000000004C696E6B206973206E6F7420F0
:10C53000656E6372797074656400000044657669A5
:10C540006365206973206E6F742073756273637204
:10C550006962656420746F206368617261637465E9
:10C5600072697374696300004E6F20627566666558
:10C570007220617661696C61626C6520746F2073F2
:10C58000656E6420696E6469636174696F6E000032
:10C59000534320726573746F726520696E646963BA
:10C5A0006174696F6E206661696C656400000000EB
:10C5B000434343202570206E6F7420777269746145
:10C5C000626C65004E6F20627566666572206176EA
:10C5D00061696C61626C6520746F2073656E6420A4
:10C5E0006E6F74696669636174696F6E0000000044
:10C5F000496E76616C69642068616E646C650000E8
:10C6000042616420706565723A204154542072651D
:10C6100061642D62792D75756964207273703A209A
:10C6200048616E646C6520307825303478206973F9
:10C63000206F7574736964652072657175657374B4
:10C6400065642072616E6765203078253034782DFE
:10C650003078253034782E2041626F7274696E67AD
:10C6600020726561642E0000496E76616C696420F9
:10C6700064617461206C656E202575203E202575EF
:10C680000000000062742F636363000062745F67E0
:10C690006174740060C702007B5202000000000059
:10C6A0005CC702000000010058C7020031530200BD
:10C6B00000000000B40600200000010050C7020086
:10C6C000000000000000000000000000000000006A
:10C6D0004CC70200B352020085920100BC06002044
:10C6E0000000030048C702003153020000000000B0
:10C6F000AC0600200000010040C702003F520200CB
:10C700005193010000000000000003003CC702003C
:10C710003153020000000000A406002000000100C8
:10C7200034C702001599010000000000000000005D
:10C730000000010000002A2B00002A2B0000032823
:10C740000000292B0000292B0000032800000229EB
:10C750000000052A0000052A000003280000011837
:10C760000000002818C802007B52020000000000F0
:10C7700014C802000000010010C80200315302007A
:10C7800000000000E40600200000010008C80200CC
:10C79000075202000000000000000000000001003D
:10C7A00004C802003153020000000000DC06002033
:10C7B00000000100FCC70200D3510200000000008D
:10C7C0000000000000000100F8C702003153020021
:10C7D00000000000D406002000000100F0C70200A5
:10C7E000A151020000000000000000000000010054
:10C7F0000000042A0000042A000003280000012A87
:10C800000000012A000003280000002A0000002A7E
:10C810000000032800000018000000284E6F20616F
:10C820007661696C61626C6520534D5020636F6E58
:10C830007465787420666F7220636F6E6E20257049
:10C8400000000000000000000000000000000000E8
:10C850000000000000000000D956020000000000A7
:10C8600000000000000000000000000062745F7320
:10C870006D700000CD570200000000005757020005
:10C880006E65745F627566006E65745F6275665F83
:10C8900073696D706C6500000601050104010301F8
:10C8A0000502020103020504010101020103010462
:10C8B00001060108010C011001180120014001804E
:10C8C00053656C6563746564204144432067616906
:10C8D0006E206973206E6F742076616C696400004D
:10C8E00053656C65637465642041444320726566DA
:10C8F0006572656E6365206973206E6F7420766162
:10C900006C69640053656C656374656420414443DD
:10C91000206163717569736974696F6E2074696DE4
:10C9200065206973206E6F742076616C6964000005
:10C93000414443207265736F6C7574696F6E207625
:10C94000616C7565202564206973206E6F74207694
:10C95000616C6964000000004F76657273616D70F0
:10C960006C696E6720697320737570706F7274657F
:10C970006420666F722073696E676C6520636861FE
:10C980006E6E656C206F6E6C790000004F7665727C
:10C9900073616D706C696E672076616C75652025BA
:10C9A00064206973206E6F742076616C6964000086
:10C9B00050726F7669646564206275666665722080
:10C9C000697320746F6F20736D616C6C20282575FE
:10C9D0002F25752900000000496E76616C6964207E
:10C9E00073656C656374696F6E206F662063686140
:10C9F0006E6E656C730000004368616E6E656C203E
:10CA00002575206E6F7420636F6E66696775726539
:10CA100064000000616463403430303037303030BF
:10CA2000000000006164635F6E7266785F7361612D
:10CA300064630000A5A70100B1AA0100580200002C
:10CA4000ADAB01008DAB010000000000636C6F63B3
:10CA50006B40343030303030303000006866636C0A
:10CA60006B0000006C66636C6B000000636C6F63AE
:10CA70006B5F636F6E74726F6C00000015AC010029
:10CA800085AC01005CCA0200015E0200C15D0200CB
:10CA900064CA020085AD01004B5D02008D5D02009D
:10CAA000000000005F5C02000000000000000000C9
:10CAB00072616E646F6D40343030306430303000FD
:10CAC0005DB0010065AF0100656E74726F70795FD3
:10CAD00062745F6863690000495E02000000000044
:10CAE0006770696F403530303030303030000000D2
:10CAF000FFFFFFFF000000500000000000000000EA
:10CB0000006000400000000021B20100E95F020067
:10CB1000F75F02000F6002001B6002002760020046
:10CB20002DB101006D600200000000006932630059
:10CB30006932634034303030333030300000000030
:10CB40006932635F6E7266785F7477690000000017
:10CB50000030004000000000000000000000000065
:10CB6000000098010000010109B5010070CB02002E
:10CB7000003000407CCB02000100000084CB0200AA
:10CB800002000000070018001200160021B6010084
:10CB9000000000002DB401000000000000000000B3
:10CBA00075B601004661696C656420746F20696E1A
:10CBB000697469616C697A65206465766963653A50
:10CBC00020257300756E737570706F7274656420C4
:10CBD000737065656400000031302D62697420490E
:10CBE0003243204164647220646576696365732012
:10CBF0006E6F7420737570706F72746564000000DE
:10CC000000010203040506074661696C656420742F
:10CC10006F20736574204649464F204146554C4C61
:10CC2000207468726573686F6C6400004661696C9B
:10CC3000656420746F20736574204C4544207365CF
:10CC40007175656E636500004661696C656420748A
:10CC50006F20736574204C45442072616E676500D7
:10CC60004661696C656420746F2073657420505050
:10CC70004720636F6E666967203100004661696C0A
:10CC8000656420746F207365742050504720636F73
:10CC90006E666967203200004661696C65642074C5
:10CCA0006F20736574204C45442070756C7365204B
:10CCB000616D706C69747564650000004661696C33
:10CCC000656420746F20666C757368204649464F12
:10CCD000000000004661696C656420746F20656E19
:10CCE00061626C65204649464F20696E74657272B8
:10CCF000757074004661696C656420746F20656EA0
:10CD000061626C65205050472073656E736F7200CE
:10CD1000230100004661696C656420746F207265B0
:10CD20006164204649464F206F766572666C6F7766
:10CD300020636F756E7400004661696C65642074D1
:10CD40006F2072656164204649464F2064617461BA
:10CD500020636F756E7400004649464F206F7665FC
:10CD600072666C6F772064657465637465642C20EB
:10CD700064697363617264696E67206461746120C1
:10CD80002873616D706C6573203D20256429000057
:10CD90004661696C656420746F2072656164204629
:10CDA00049464F2064617461000000004661696C6F
:10CDB000656420746F2072656164207265676973B1
:10CDC0007465722030782530327800004661696CD5
:10CDD000656420746F207772697465207265676975
:10CDE0007374657220307825303278006D61786D0B
:10CDF00038363136310000004661696C6564207454
:10CE00006F20736574204649464F207468726573BD
:10CE1000686F6C64000000004661696C6564207492
:10CE20006F20736574204354524C36004661696C20
:10CE3000656420746F20726F757465204649464F93
:10CE4000207468726573686F6C6420696E746572B3
:10CE50007275707420746F20494E543100000000C8
:10CE60004661696C656420746F20656E61626C65F3
:10CE70002074686520696E746572727570747300D1
:10CE80004661696C656420746F20656E61626C65D3
:10CE900020616363656C65726F6D65746572207384
:10CEA000656E736F720000004661696C6564207482
:10CEB0006F2072656164204649464F2073616D7032
:10CEC0006C6573004649464F206F766572666C6FDD
:10CED000772064657465637465642C20646973638A
:10CEE000617264696E672064617461006C69733299
:10CEF0006474773132000000536F6674446576695C
:10CF0000636520436F6E74726F6C6C657220415361
:10CF1000534552543A2025732C202564000000000C
:10CF20004E6F206576656E74206275666665722048
:10CF3000617661696C61626C650000004E6F20640F
:10CF40006174612062756666657220617661696CE4
:10CF500061626C6500000000556E657870656374F1
:10CF60006564206D73675F747970653A2025752E4E
:10CF700020546869732069662D656C7365206E6541
:10CF80006564732061206E6577206272616E6368EC
:10CF900000000000536F6674446576696365204342
:10CFA0006F6E74726F6C6C6572206275696C642050
:10CFB0007265766973696F6E3A200000456E74720F
:10CFC0006F707920736F757263652064657669632D
:10CFD00065206E6F74207265616479004661696CCA
:10CFE000656420746F20726567697374657220725E
:10CFF000616E6420736F7572636520282564290053
:10D00000416C6C6F6361746564206D656D6F7279DE
:10D0100020746F6F206C6F773A202575203C202597
:10D0200075000000536F667444657669636520433C
:10D030006F6E74726F6C6C657200000062745F7367
:10D0400064635F6863695F6472697665720000009B
:10D0500024D002000000000000000000C9C401004C
:10D06000C56302008F63020062745F7364635F6371
:10D07000727970746F0000007075626C6963206B68
:10D080006579206973206E6F742076616C69642005
:10D09000286572722025642900000000556E6B6EB1
:10D0A0006F776E20636F6D6D616E64003F49F6D4DB
:10D0B000A3C55F3874C9B3E3D2103F504AFF607B09
:10D0C000EB40B7995899B8A6CD3C1ABD62745F730E
:10D0D00064635F65636468004D50534C2041535353
:10D0E0004552543A2025732C202564004D50534C52
:10D0F00020576F726B0000006D70736C5F696E6912
:10D100007400000074656D7040343030306330302E
:10D110003000000074656D705F6E7266355F6D7013
:10D12000736C000000000000000000000000000020
:10D13000FD6B0200E9CD01000000000000000000CE
:10D140005465726D696E616C0000000000000000A3
:10D1500000005454522052454747455300000000F8
:10D1600043505520657863657074696F6E000000E8
:10D17000556E68616E646C656420696E7465727268
:10D1800075707400537461636B206F766572666CA2
:10D190006F7700004B65726E656C206F6F70730067
:10D1A0004B65726E656C2070616E696300000000F3
:10D1B000556E6B6E6F776E206572726F7200000035
:10D1C00048616C74696E672073797374656D0000D3
:10D1D0003E3E3E205A455048595220464154414C0B
:10D1E000204552524F522025643A202573206F6EFD
:10D1F00020435055202564004661756C7420647589
:10D2000072696E6720696E746572727570742068D9
:10D21000616E646C696E670A00000000437572728B
:10D22000656E74207468726561643A2025702028E8
:10D230002573290069646C6500000000A48E02005B
:10D24000A48E0200F48E0200048F02004C8F0200B4
:10D250004C8F02006F730000737973776F726B717C
:10D2600000000000512563FCC2CAB9F3849E17A7D1
:10D27000ADFAE6BCFFFFFFFFFFFFFFFF000000006D
:10D28000FFFFFFFFAAAAAAAAAAAAAAAAAAAAAAAAAA
:10D290005555555555555555555555550000000092
:10D2A00055555555522563FCC2CAB9F3849E17A73C
:10D2B000ADFAE6BCFFFFFFFFFFFFFFFF000000002D
:10D2C000FFFFFFFF512563FCC2CAB9F3849E17A775
:10D2D000ADFAE6BCFFFFFFFFFFFFFFFF000000000D
:10D2E000FFFFFFFF96C298D84539A1F4A033EB2D7C
:10D2F000817D0377F240A463E5E6BCF847422CE168
:10D30000F2D1176BF551BF376840B6CBCE5E316BAB
:10D310005733CE2B169E0F7C4AEBE78E9B7F1AFE6F
:10D32000E242E34F4B60D2273E3CCE3BF6B053CCBB
:10D33000B0061D65BC86987655BDEBB3E7933AAA57
:10D34000D835C65AFCFFFFFFFFFFFFFFFFFFFFFFBF
:10D3500000000000000000000000000001000000CC
:10D36000FFFFFFFF000000000000000000000000C1
:10D37000000000000000004095596959555554556A
:10D380001555555604051541105455404551554401
:10D390004045504450555545004000404004449697
:10D3A0006555565545404554514115405591555583
:10D3B0005555405105010000544554544555050448
:10D3C00000100410140440000000014055551541A0
:10D3D00054040000440001000000004041000044EB
:10D3E0005044455054005555545565510040004037
:10D3F000010000010005010011545151545555051B
:10D40000000000000000000000000000D6DAC7AEF7
:10D4100008DB726F2AA326492A4DA8B3980E077F0E
:10D4200000FFFFFFFF1F00647261676F6F6E2F6C5C
:10D430006962732F7363686564756C696E672F73B7
:10D4400072632F72656D5F68616C5F6576656E747F
:10D450005F74696D65722E6300B0EA56C88D8333C0
:10D460005088D0EB895665696D3CB0CEB90000207C
:10D470002020202020202020282828282820202084
:10D480002020202020202020202020202020208834
:10D490001010101010101010101010101010100498
:10D4A00004040404040404040410101010101010E8
:10D4B00041414141414101010101010101010101DC
:10D4C00001010101010101010101101010101010F2
:10D4D00042424242424202020202020202020202AC
:10D4E00002020202020202020202101010102000C8
:10D4F000000000000000000000000000000000002C
:10D50000000000000000000000000000000000001B
:10D51000000000000000000000000000000000000B
:10D5200000000000000000000000000000000000FB
:10D5300000000000000000000000000000000000EB
:10D5400000000000000000000000000000000000DB
:10D5500000000000000000000000000000000000CB
:10D560000000000000000000000000000000006952
:10D570006E66006E616E00286E756C6C290000008E
:10D58000FFFFFFFFFF1F00001F0000000000000062
:10D590005D40000000000000FFFFFFFF1F000000D3
:10D5A00000000000008000400000000000000000BB
:10D5B0000C0000000000000000FF7F0000000000E1
:10D5C000000000000000000000000000000000005B
:10D5D00000000000B13A00000000000099E20000E5
:10D5E0000000000077E2000000000000C93A0000DF
:10D5F00000000000C1E20000000000000000000088
:10D60000000000000000000000000000000000001A
:10D61000000000000000000000000000000000000A
:10D6200000000000000000000000000000000000FA
:10D6300000000000000000000000000000000000EA
:10D6400000000000000000000000000000000000DA
:10D6500000000000000000000000000000000000CA
:10D6600000000000000000000000000000000000BA
:10D6700000000000000000000000000000000000AA
:10D68000000000000000000000000000000000009A
:10D69000000000000000000000000000000000008A
:10D6A000000000000000000000000000000000007A
:10D6B000000000000000000000000000000000006A
:10D6C000000000000000000000000000000000005A
:10D6D000000000000000000000000000000000004A
:10D6E000000000000000000000000000000000003A
:10D6F000000000000000000000000000000000002A
:10D700000000000000000000000000000000000019
:10D710000000000000000000000000000000000009
:10D7200000000000000000000000000000000000F9
:10D7300000000000000000000000000000000000E9
:10D7400000000000000000000000000000000000D9
:10D7500000000000000000000000000000000000C9
:10D7600000000000000000000000000000000000B9
:10D7700000000000000000000000000000000000A9
:10D780000000000000000000000000000000000099
:10D790000000000000000000000000000000000089
:10D7A0000000000000000000000000000000000079
:10D7B0000000000000000000000000000000000069
:10D7C0000000000000000000000000000000000059
:10D7D0000000000000000000000000000000000049
:10D7E0000000000000000000000000000000000039
:10D7F0000000000000000000000000000000000029
:10D8000084020020A1FA0000A7FA0000D3FA000069
:10D81000ABFA0000DDFA0000B1FA0000E9FA0000FE
:10D82000B7FA0000B9FA0000BBFA0000C9FA00001C
:10D83000CDFA0000BFFA0000C5FA0000D9FA0000D6
:10D84000E3FA0000000000000000000000000000FB
:10D8500000000000000000000000000000000000C8
:10D8600000000000000000000000000000000000B8
:10D8700000000000000000000000000000000000A8
:10D880000000000000000000000000000000000098
:10D890000000000000000000000000000000000088
:10D8A0000000000000000000000000000000000078
:10D8B0000000000000000000000000000000000068
:10D8C0000000000000000000000000000000000058
:10D8D0000000000000000000000000000000000048
:10D8E0000000000000000000000000000000000038
:10D8F0000000000000000000000000000000000028
:10D900000000000000000000000000000000000017
:10D91000E95D0100000000000000000000000000C0
:10D9200000000000000000000000000000000000F7
:10D9300000000000000000000000000000000000E7
:10D9400000000000000000000000000000000000D7
:10D9500000000000000000000000000000000000C7
:10D9600000000000000000000000000000000000B7
:10D9700000000000000000000000000000000000A7
:10D980000000000000000000000000000000000097
:10D990000000000000000000000000000000000087
:10D9A0000000000000000000000000000000000077
:10D9B0000000000000000000000000000000000067
:10D9C000A9F20100000000000000000000000000BB
:10D9D0005004002050040020C15A02000000000042
:10D9E0000000000000000000000000000000000037
:10D9F00070040020700400200000000001000000FE
:10DA00008004002080040020880400208804002076
:10DA1000000000000100000098040020980400208D
:10DA200000000000000000000000000000000000F6
:10DA300000000000000000000000000000000000E6
:10DA400000000000000000000000000000000000D6
:10DA500000000000000000000000000000000000C6
:10DA600000000000CB0F02000D050100C9060100F7
:10DA7000000000000000000025030100000000007D
:10DA80000000000006000000000000000000000090
:10DA900000000000D10701000000000000000000AD
:10DAA000F8A00200000018000000000000000000C4
:10DAB00000000000F9070100000000000000000065
:10DAC00028A1020000001800000000000000000073
:10DAD000000000002108010000000000000000001C
:10DAE00058A102000000100000000000000000002B
:10DAF00000000000490801000000000000000000D4
:10DB000088A10200000010000000000000000000DA
:10DB1000000000007108010000000000000000008B
:10DB2000B8A102000000100000000000000000008A
:10DB30000000000099080100000000000000000043
:10DB4000E8A102000000120014A20200000002007E
:10DB500040A2020000000200302E31332E300000BF
:10DB60000000000000000000B08F02006200000012
:10DB7000608F020014001100B08F02001900000035
:10DB8000608F02000600000000000000000000009E
:10DB90003A400020020000000000000001210200C5
:10DBA0000000000000000000000000000004000071
:10DBB000140400200000000000000000000000002D
:10DBC0000000000000000000000000000000000055
:10DBD0000000000000000000000000000000000045
:10DBE0001549010000000000000000006C06002044
:10DBF0006C0600200000000000000000B584010059
:10DC00003D4802000000000000000000000000008D
:10DC1000618701006D42020057410200A5810100A9
:10DC20000000000038C702000000020044C70200E4
:10DC300000000A0054C7020000002000000000009D
:10DC4000000000000000000000000000734E020011
:10DC500000000000F4C702000000020000C802003B
:10DC6000000002000CC802000000020000000000DA
:10DC7000F0060020F0060020010000000100000076
:10DC800000070020000700200807002008070020E8
:10DC90000000000001000000180700201807002005
:10DCA0000000000000000000000000000000000074
:10DCB0000000000000000000000000000000000064
:10DCC0000000000000000000000000000000000054
:10DCD0000000000000000000000000000000000044
:10DCE0000000000000000000000000000000000034
:10DCF0000000000008000000FF000000000000001D
:10DD000001000000000000008807002088070020B4
:09DD100090070020900700200399
:0EDD19000000000000000000000000000000FC
:01DD2700FFFC
:10DD280000000000000000000000000000000000EB
:10DD380000000000000000000000000000000000DB
:10DD480000000000000000000000000000000000CB
:10DD580000000000000000000000000000000000BB
:04DD680000000000B7
:10DD6C00EC070020EC0700207C870020000000005E
:10DD7C00010000002C00000000000000080800203A
:10DD8C0008080020007100200000000001000000C5
:10DD9C00900000000000000024080020240800204F
:10DDAC00A887002000000000030000001000000005
:04DDBC000000000063
:10DDC0004008002040080020000000000000000083
:10DDD0000E0000005408002054080020000000003D
:08DDE000000000000E0000002D
:10DDE800680800206808002000000000010000000A
:08DDF8007808002078080020E3
:10DE000000000000000000008808002088080020B2
:08DE100090080020900800209A
:10DE18000000000000000000A0080020A00800206A
:10DE2800A8080020A808002003000300080000003C
:10DE38000000000074BF0200B4830020000000004E
:10DE480000000000CC080020CC080020D4080020E6
:10DE5800D4080020030003000800000075430200F6
:10DE68001CC402001C870020000000000000000005
:10DE7800F8080020F8080020000900200009002008
:10DE880003000300010000000000000094B002003D
:10DE9800347D00200000000000000000240900205C
:10DEA800240900202C0900202C090020020002006F
:10DEB800080000000000000064BF02007480002019
:10DEC8000000000000000000500900205009002058
:10DED8005809002058090020020002000100000033
:10DEE8000000000014BA02003C7E00200000000080
:10DEF800000000007C0900207C0900208409002023
:10DF0800840900200A000A00010000000000000047
:10DF180084B00200907B0020000000000000000098
:10DF2800A8090020A8090020B0090020B009002095
:10DF3800010001000100000000000000A4B0020080
:04DF4800907D0020A8
:04DF4C0015E015E0E7
:0400000310003401B4
:00000001FF
