:020000040000FA
:1000000040440020A12100005D5900008D21000026
:100010008D2100008D2100008D21000000000000D6
:100020000000000000000000000000007D22000031
:100030008D210000000000008D2100008D210000B6
:10004000E9230000E9230000E9230000E923000080
:10005000E9230000E9230000E9230000E923000070
:10006000E9230000E9230000E9230000E923000060
:10007000E9230000E9230000E9230000E923000050
:10008000E9230000E9230000E9230000E923000040
:10009000E9230000E9230000E9230000E923000030
:1000A000E9230000E9230000E9230000E923000020
:1000B000E9230000E9230000E9230000E923000010
:1000C000E9230000E9230000E9230000E923000000
:1000D000E9230000E9230000E923000053B94AB9ED
:1000E000002908BF00281CBF4FF0FF314FF0FF3040
:1000F00000F00CB8ADF1080C6DE904CE00F008F882
:10010000DDF804E0DDE9022304B07047704700BF6A
:100110002DE9F04786468C460846089E15467446EB
:100120001946002B40F0C2808542B2FA82F245D9CE
:100130004AB1C2F1200300FA02FC2EFA03F3954003
:1001400043EA0C0C94404FEA154EA8B2BCFBFEF8F3
:10015000230C0EFB18CC08FB00F943EA0C4399452D
:1001600028D9EB1808F1FF3704D2994502D9A8F134
:1001700002072B44A3EB0903A4B2B3FBFEFC0EFB66
:100180001C330CFB00F044EA0344A04214D92C19A0
:100190000CF1FF3304D2A04202D9ACF102032C448B
:1001A000241A43EA07401EB1D44000233460736030
:1001B000BDE8F0874746DDE76346F1E792BB431BA6
:1001C00001214FEA154EAFB2B3FBFEFC200C0EFB33
:1001D0001C330CFB07F840EA0343984562D9EB183F
:1001E0000CF1FF3004D2984502D9ACF102002B4447
:1001F000A3EB0803A4B2B3FBFEFC0EFB1C330CFB09
:1002000007F744EA0344A7424ED92C190CF1FF33F7
:1002100004D2A74202D9ACF102032C44E41B43EA06
:100220000040C0E7C2F1200320FA03F1954090405E
:100230002EFA03F303434FEA154EAFB2B1FBFEFCB7
:100240000EFB1C10190C0CFB07F841EA0041884515
:1002500004FA02F422D969180CF1FF3004D288455F
:1002600002D9ACF102002944A1EB08019BB2B1FB19
:10027000FEFC0EFB1C110CFB07F743EA01439F42F7
:100280000ED9EB180CF1FF3104D29F4202D9ACF128
:1002900002012B44DB1B41EA004192E76046E3E7A1
:1002A0006146F7E76046A3E76346B7E7834206D9AE
:1002B00016B9002108467BE7C6E900E0F9E7B3FA82
:1002C00083F78FB9834201D3724508D8BEEB02048D
:1002D00060EB030301209C461EB9002168E7384605
:1002E000FAE7C6E9004CF8E7C7F1200CBB4022FA58
:1002F0000CF41C432EFA0CF120FA0CF3B840014325
:100300004FEA14490EFA07F5B3FBF9F81FFA84FE19
:1003100009FB18300B0C08FB0EFA43EA00439A4520
:1003200002FA07F240D9E31808F1FF3004D29A45E7
:1003300002D9A8F102002344A3EB0A0389B2B3FB5C
:10034000F9F809FB183308FB0EFE41EA03418E451C
:100350002CD9611808F1FF3304D28E4502D9A8F1D7
:100360000203214443EA0040A0FB0298A1EB0E01E6
:100370004145CE46434602D306D14D4504D2B9EBA2
:10038000020E68EB04030138002EA6D0B5EB0E0276
:1003900061EB030101FA0CFC22FA07F34CEA0303B8
:1003A000F940C6E9003198E74046C5E74346D9E73A
:1003B000F0B52E4B2E4AC3F800262E48C3F804266B
:1003C00085B0C3F808264921C3F80C26C3F81026C7
:1003D000C3F81426C3F81826C3F81C2605F038FA0B
:1003E00003F0B0FF01A800F091FC234B1B6883428F
:1003F00004D02248452105F02BFAFEE7039A204855
:10040000492105F025FA1F48492105F021FA4FF44A
:100410004041002005F08BFC044620B11A484521DC
:1004200005F016FAFEE769469DF8080000F030F87E
:10043000009B039D1D44019B1E8902F077FEAF19AE
:1004400001F06AF901F03EF901F0D4FEAB5983F3F3
:10045000088884F31488BFF36F8FBFF36F8F7B68B6
:1004600098470A48452105F0F3F9FEE700000140EE
:100470003546526E0066000030010020196600000B
:100480003C6600006B66000090660000C3660000DA
:1004900008B5024638B105480023452105F0D8F9D2
:1004A0006FF0150008BD0860FCE700BFE6660000BD
:1004B00021B1012906D06FF015007047044B53F8A5
:1004C00030007047024B03EBC0035868704700BF11
:1004D000A86200002DE9F04FD9B0DDE96489DFF8AA
:1004E000D4A1669FDAF8005038A816461C4601F0E1
:1004F000BDF8B8F1000F07D0B9F1000F04DD4A468E
:10050000414638A805F037F833897289D6F80CB01F
:1005100013449B444FF00008C3453AD838A90CA8AF
:1005200005F04FF827B120220CA9384605F067FAEC
:100530000023009322464FF6FF73314606A803F0CE
:1005400002FF804610BB20460B9E00F07BF98642DE
:100550001CD8DFF864914FF0FF370DF1120304AAA5
:1005600005A906A803F03DFF00280FDB40F09A80A4
:10057000059906A803F081FF10BBBDF812004F4A91
:100580004FF6FF7132F8023B8B4217D1DAF8005078
:100590008CE0639B629AABEB0809994528BF9946AA
:1005A0004B464146204605F061F90028EED162999C
:1005B0004A4638A804F0DFFFC844ADE79842E1D1CD
:1005C000BDF81230102B17D1BDF81060202EDDD1F0
:1005D0000599334638AA204605F048F90028D5D1B8
:1005E000324638A90CA803F082FF354B1B688342C2
:1005F000CCD14FF00108B0E7012B32D1BDF810305B
:10060000202BC3D8059938AA204605F02FF90746B4
:100610000028BBD19DF810B0BBF1200F02D94FF0DC
:10062000FF379AE7D9F80030264E0393039B9F4289
:10063000F5DA1CA801F01AF8726856F8081B12685F
:100640001CA804F098FF1CA914A804F0BAFF5A468D
:1006500038A914A805F0C3F900283FF47EAF01378C
:10066000E4E7222B7FF479AF7B1C3FF476AFD9F817
:100670000030BB42D3DDBDF81030802B86D8059901
:1006800038AA204605F0F2F800287FF47FAFFFB2C9
:10069000BDF81030009738AA20210CA800F014F8FB
:1006A0000546BCE7B8F1000F3FF470AF284659B0DB
:1006B000BDE8F08F04000020B0620000D4650000A7
:1006C00030010020B46200002DE9F04798B01646D2
:1006D0001D469DF88020394BDFF8E48053F8321036
:1006E000039103EBC20307465B68D8F800901868D3
:1006F00004AA0144302303A804F0F5F8002849D1E6
:10070000DDE903431C4405AA08AB214603A804F015
:1007100012F900283ED1069A072A3BD129490798A9
:1007200005F05DF9002835D1099A082A32D1264909
:100730000A9805F054F968BB04AA214603A804F0FE
:10074000E6F838BBDDE903A30AEB0302944221D1AA
:10075000412B1FD13544302305AA294604A804960D
:1007600004F0C1F8A0B9DDE9043213449D420FD36F
:100770002A4604A908A803F08EFE48B92A4604A90F
:1007800010A803F088FE18B99AF80030042B05D0A1
:10079000D8F80090484618B0BDE8F08700F07AFE1F
:1007A00008AB0090202239460AF1010004F080FDD8
:1007B0000128EDD1054BD3F80090EBE7B4620000BF
:1007C00004000020156700000C67000030010020C5
:1007D000094A0B78400052F820108B4209D00130B2
:1007E00052F82000834214BF4FF0FF304FF4C07026
:1007F00070474FF4C0707047BC6200001FB50F4BCC
:1008000013F830000C4601F00DFB50B920688168E8
:1008100010236A46103905F029F828B1206805F040
:1008200024F84FF0FF3006E005491022684605F035
:10083000D6F80028F2D104B010BD00BFBC620000A1
:10084000F065000013B5044603F058FE6A46014601
:10085000204603F05EFD30B10448452104F0F8FF66
:10086000002002B010BD0098FBE700BF1D6700002C
:100870002DE9F041364B88B0064600200D461C6835
:10088000FFF716FE06A9C0B201F0CCFA002858D135
:100890002946FFF70DFE2C2407A9C0B204FB05640E
:1008A00001F0C0FA002833D02C276F4306EB07086D
:1008B000069BD8F8101011F0100138D14FF4807257
:1008C0000192244A0092CDE9031122460291084682
:1008D000FFF700FE0446204BF25906989A420CD1CD
:1008E000D8F80C20B8F808309B1806D282689342DA
:1008F00003D21A4B1B68A34220D035B38268002173
:1009000004F0DEFF164A1748452104F0A1FF13E06A
:10091000079804F0F0FF0746079804F0A6FF631E4F
:10092000E21C13F8011FB942BED19342F9D11DB1A7
:100930000699304603F0CCFE0B4B1C68069804F079
:1009400094FF204608B0BDE8F081084ADBE700BF0D
:1009500004000020D40E00203DB8F39630010020A2
:10096000606700006A670000000000205867000010
:100970007FB50D46044600212846CDE9021103F05B
:1009800066FE28B32368194EB34203D103AA20465A
:1009900003F0F2FDE36AB34204D102AA012120462A
:1009A00003F0EAFDDDE90232934288BF0393039B23
:1009B000AB60039A2946204600F0A8FB0C4B1A684E
:1009C000002A03DD0B48572104F042FF04B070BD3C
:1009D00001A9FFF713FF019805F1080103F099FD44
:1009E000AB680198039304F040FFE2E73DB8F3964B
:1009F000940D0020926700002DE9F84FDFF870B0E9
:100A00001C4C1D4D884691469A4600260B9B9E42E3
:100A100001D300200FE00B9B154A9F1BB7F5806F99
:100A200028BF4FF480673B4606EB0A01404604F0BE
:100A30001DFF10B10120BDE8F88F0A993B465A46C8
:100A40007118484604F027FF0028F3D1C4F8005677
:100A50003E44C4F80456C4F80856C4F80C56C4F80A
:100A60001056C4F81456C4F81856C4F81C56CDE7EE
:100A700034090020000001403546526EF0B5994B14
:100A800043620E46984B0365002189B00446084630
:100A9000FFF70EFD04F120010546C0B201F0C2F9D6
:100AA0000346E8B90121FFF703FD04F14C010546B7
:100AB000C0B201F0B7F90346E0B9204603F09DFD4E
:100AC0000546C8B900221146204603F03FFD054601
:100AD00060B386480022572104F0BAFE01239CE04F
:100AE0000022CDE90023824800232A46452104F054
:100AF000AFFEFEE70122F4E77E488022572104F092
:100B0000A7FE01239D4284F85830DBD194F8583079
:100B10008DF81730042B00F28380012B00F28780C0
:100B200000F09A80FF2384F8583095E0204600F0CA
:100B3000FFF90028D2D004A803F080FD014620462A
:100B400003F01BFE18B16C482A465721C4E704A8DD
:100B500003F07DFD80F0010104AAC9B2204603F034
:100B6000F5FC02460028B4D104A803F070FD054648
:100B700060BB04A92046FFF7FBFE9DF8173084F800
:100B80005830033B012B06D8284600F0E5F810B199
:100B9000FF2384F858309DF81730023B022B0BD806
:100BA000002000F0C3F838B1FF2384F858305348D0
:100BB000452104F04DFEFEE794F85830FF2BF6D0A7
:100BC00004AA0021204603F0C1FC87E79DF81770B6
:100BD000012F17D1104602F037FB831E022B05466A
:100BE0000DD839462046FFF743FE454B1B68984217
:100BF00005D0444B1D68A84214BF0525012584F883
:100C0000585083E701212046FFF732FE3C4B1B681A
:100C100098420CBF9DF81730052384F8583075E7CB
:100C2000052B7FF47FAF002000F096F811E004A9B7
:100C30002046FFF79DFE94F85830DA1E012A14D89A
:100C4000002000F089F800287FF46CAF002000F04D
:100C50006DF800287FF466AF94F85830FF2B07D169
:100C60002648452104F0F4FDFEE7022BF4D1EDE720
:100C70000022012B244D039214D01146204603F08C
:100C800065FC78B12D68102200210DEB020004F004
:100C9000C1FEE06C04F0E9FD206A04F0E6FD2846A0
:100CA00009B0F0BD00212046FFF7E2FD144F3B687C
:100CB0009842E7D12B689842E4D0124B1B689842C7
:100CC000E0D0039B01330393039B012B00D0FEE78D
:100CD000206A03F01CFB3071236A5B6834603D6856
:100CE000B360D0E7340500203401002050680000D4
:100CF000C16700000E6800007C680000A668000064
:100D000030010020000000200400002038B5064D0E
:100D1000044660220021284604F07CFE2146284635
:100D2000FFF7ACFE38BD00BF340D002013B5094BF2
:100D300001A913F8300001F075F848B9019805F0E1
:100D4000E4F80446019804F090FD204602B010BD7E
:100D50000124FAE7C46200001FB50F4B01A913F884
:100D6000300001F05FF8A8B9019802A902F016FA64
:100D7000044668B99DF80B30032B03D1019805F0A8
:100D800092F80446019804F070FD204604B010BDAE
:100D90000124F7E70124F8E7C46200002DE9F341DC
:100DA00006460C4617461D460BB9002628E0184695
:100DB00003F04DFC0028F8D16946FFF71FFD0098AD
:100DC00038B90124009804F050FD204602B0BDE877
:100DD000F08101A903F09DFB0028F2D1009804F0F6
:100DE00044FD3046019903F015FD736A5E686B7926
:100DF000012B21D1002CD8D12B68834298BF00262B
:100E000021460020FFF754FB6946C0B201F00AF802
:100E10000028D6D1009820233A46314604F026FD1A
:100E200004460028CDD1002DCCD03C680D4BE41AEF
:100E300018BF4FF0FF34C5E7022BB6D12B68012B4A
:100E400005D98342B1D8B4FA84F46409ADE7ACD1D2
:100E5000002CD5D0012CA8D12C79023C18BF01243C
:100E6000A3E700BF3DB8F3962DE9F04F074685B0E4
:100E70000C46014600201646FFF7AAFC051E50DB73
:100E80003846E46D03F03AFB5FFA84F96B1E09FB08
:100E900003084FF0000A4FF0010B4FF0FF349DB9EB
:100EA000BAF1010F03DD2148452104F0D1FC631C98
:100EB00006D07F2C2ADC013440F201133460B38069
:100EC000284605B0BDE8F08F6B1E00930DF10F02B0
:100ED00001234146384604F0C9FC031E019322DB7E
:100EE00001220DF10F01384604F078FF019B40B15B
:100EF0005B4501D00AF1010A009DA8EB09089B4659
:100F0000CDE7B4F1FF3F08BF2C46F5E70223803C54
:100F10007371631004F001040133013433603471E0
:100F2000CEE70725CCE70125CAE700BFB26800007D
:100F300070B5866A456D044603F05BFCAE420AD08C
:100F40006B1CB34207D0834205D01448572104F0EC
:100F50007FFC002070BD802E1CD911485721F6E778
:100F6000626A216D02EBC30201EBC301526849685A
:100F7000914202D00B485721E9E701339D42EFD15E
:100F8000AE4205D9636A03EBC5035B689342F1D1B6
:100F90000120DFE700231A46F0E700BFD568000014
:100FA0000D6900003C69000000B589B004A9022069
:100FB00004F086FF9DF81020012A41D0254B2649D8
:100FC000032A08BF0B469DF8132002929DF81220B9
:100FD00001929DF81120214800924921204A04F0F5
:100FE00037FC06A9052004F06BFF9DF81820012AA4
:100FF00028D0184B1849032A08BF0B469DF81B2020
:1010000002929DF81A2001929DF81920009213482F
:10101000144A492104F01CFC9DF81030012B13D117
:101020009DF81230032B0FD19DF81830012B0BD0F7
:101030000D48492104F00CFC022009B05DF804FBC6
:101040000A4BC0E7094BD9E70948492104F000FCE5
:101050000020F2E7686900007169000085690000FE
:1010600077690000C6690000D66900006C6900005D
:10107000F569000070B54B6814461E4A03F0FF2363
:10108000934286B006460D462FD10B68012B2CD11A
:1010900004A9204602F082F89DF81020012A26D0EB
:1010A000154B1649032A08BF0B469DF813200292E0
:1010B0009DF8122001929DF8112000921048114ACB
:1010C000492104F0C5FB9DF81030032B0DD12146BA
:1010D000304603F0FDFA204604F0E5FEA9682046FC
:1010E00003F025FA204602F039F806B070BD064B31
:1010F000DBE700BF000100046869000071690000BF
:1011000085690000C66900006C6900002DE9F04F98
:10111000164689B005460C467448492104F098FBF0
:101120003146284603F076FB6B6A824620465E68AD
:1011300003F08DFAE8B1E86D03F0DBF9AF6A002344
:10114000013F3344834201D2013FFAE7BA4510D34D
:101150006748572104F07CFB07FB06F365480AFB50
:101160000662572104F074FB0123E37109B0BDE866
:10117000F08F06A9022000F055FE07A9052000F017
:1011800051FE079A21462846FFF774FF6379012B29
:101190004BD1DFF864B1574641E02268C2F1010348
:1011A00053449F423AD86B6A196853F8370003EBEF
:1011B000C703012A53F8083CA3EB0103A0EB010984
:1011C000049311D1079B0393E368022B08D0414697
:1011D000284603F07DFA22464146284603F0AEFA3F
:1011E0000399284603F074FA32464946404603F014
:1011F0006DFA049B42464146CDE900962846FFF72A
:10120000FBFB2146284603F02FFA236801332360B5
:1012100020B1DBF800300133CBF80030013FDDF8BE
:101220001880002FB9D101232360022363710127A5
:10123000BA45DDF8189006D2484604F016FB079828
:1012400004F013FB92E723689F424DD36A6ADDF8EE
:101250001CB052F837100491FB00083B1168039151
:10126000D1582A6DD0581368A0EB03082379012BBD
:1012700038D1039B3246C91A4846059103F026FA35
:101280000599009143464A46594601962846FFF77C
:10129000B3FB2146284603F0E7F90223237118B176
:1012A000154A13680133136032464146584603F02D
:1012B0000DFADDE9032349469B1ACDE900865A461B
:1012C0002846FFF799FB2146284603F0CDF923680D
:1012D000013323600123237130B1074A13680133BE
:1012E000136001E0022BDFD00137A1E70C6A000098
:1012F000356A0000646A0000940D00200A4619B1A6
:10130000024B00211B681847704700BF08000020EF
:10131000F0B5082289B003F04AFCCB6A03930B6B4B
:1013200004934B6B05938B6B0693CB6B0793134620
:101330006A460C460646002711461046CDE901775D
:10134000009703F042FB31460546304603F03DFB73
:10135000216B0391616B0491A16B0591E16B0544D5
:10136000CDE906171046114603F02FFB3146054420
:10137000304603F02AFB0544206A0090606A019021
:10138000A06A0290A06B0690E06B07903046CDE912
:101390000477039703F019FB0544606A0090A06A84
:1013A000D4F838C00190E06A0290CDF810C0606BAC
:1013B000D4F83CC00390CDE905C0206A07903046C0
:1013C00003F003FB0544E06A0090206B0190606B22
:1013D0000290206A0690A06A07903046CDE9047713
:1013E000039703F017FC236B0093636B0193A36BCC
:1013F0000293E36B0393636A0693E36A07932D1AE0
:101400000823304603F006FC636B0093A36B019343
:10141000E36B0293236A0393636A0493A36ACDE99F
:101420000537236B07932D1A0823304603F0F2FB90
:10143000A36B0093E36BCDE90137636A0393A36A5F
:101440000493E36A0593636B07932D1A08233046D0
:1014500003F0E0FB2D1A10D40D4C35B908223146AB
:10146000204603F0B0FB01280FD008232246314666
:10147000304603F0CFFB2D1AEFE7054A082331462B
:10148000304603F0A2FA2D18F8D409B0F0BD00BF21
:10149000D062000000487047CC6200002DE9F04F98
:1014A0009DB0036802934368039383680493C36801
:1014B0000593036906934369079383690893C36996
:1014C0000993DDE9062CDDE904BEDDE90246984614
:1014D000DFF890A1089B00930027CD595AF8049B90
:1014E0000CAB2DBADD514FEAF223A94483EAB213C3
:1014F000009D83EA72634B4425EA020502EA0C0967
:1015000085EA09052B44434486EA0B054FEA743803
:1015100088EAB408254006EA0B0985EA090588EA45
:10152000B4580437A844402F03EB0E054344DE466D
:10153000DDF8008040F087804B490A914FF0100A97
:1015400051460AF1010A0DF1700E0AF00F070EEB79
:10155000870701F00F0957F8407C01974FEAB74819
:1015600088EAF71801F10E0707F00F070EEB87075F
:10157000093157F8407C4FEAF74E8EEA774ECDF8A6
:101580002CE001F00F010DF1700E0EEB81010EEB5E
:10159000890951F8401C59F840EC7144DDF804E029
:1015A00088EADE08DDF82CE041448EEA972E71448B
:1015B00005EA02084FEAF52E2CEA050787EA080734
:1015C0008EEAB51EDDF8288049F8401C8EEA756E5B
:1015D000774458F804EFCDF8288077440F440099F9
:1015E000CDF800C039444FEA733E84EA06078EEA1C
:1015F000B30E1F4004EA06088EEAB35E87EA0807C6
:101600007744BAF1400F01EB0B0E0F44B34622D1E1
:1016100002993944016003991944049B41602344B1
:101620008360059B3344C360069B73440361079B3F
:101630002B444361089B13448361099B6344C3614A
:101640001DB0BDE8F08FCDF800C0B34694462646E5
:101650002A461C4641E7944626462A461C467546BD
:101660003B466DE77C630000B863000010B504469C
:10167000C8B17022002104F002F80B4B0B4A0C4950
:101680000C48C4E900230C4BC4E902130B4BC4E91A
:1016900004030B4BA36103F17453A3F52303A3F6D7
:1016A0009243E361012010BD85AE67BB67E6096A1E
:1016B00072F36E3C7F520E513AF54FA58C68059B34
:1016C000ABD9831FBFF36F8F72B6124B4FF0FF324F
:1016D000C3F88020C3F88420C3F88820C3F88C2086
:1016E000C3F89020C3F89420C3F89820C3F89C2036
:1016F000C3F88021C3F88421C3F88821C3F88C2162
:10170000C3F89021C3F89421C3F89821C3F89C2111
:10171000704700BF00E100E01A4B70B54FF0FF3496
:1017200001265E60C3F84843C3F8084303F5C0438D
:10173000154D5E60C3F84843C3F8084303F598337A
:1017400002205E60C3F84843C3F80843C5F8084365
:1017500000F0B2FD00236E60C5F84C31D5F84C2185
:10176000C5F81031D5F81021C5F84431D5F8442119
:10177000C5F80035054BC3F808454FF08043C3F862
:10178000084370BD00B000400020004000F0014060
:10179000014B1B68184700BF0C00002007B50B4623
:1017A000002102460091034800F006F803B05DF8FE
:1017B00004FB00BF911700002DE9F04F8DB01D46CE
:1017C000531E8246019103934FF00009039B587802
:1017D000252803F1010419D11E4600204FF0FF38DF
:1017E000023603460290444631780396392954D88C
:1017F0001F2914D8002900F0EE8101992520D04737
:1018000001993078D04709F10209DFE7002800F09C
:10181000E2810199D04709F101090394D6E7A1F1CA
:101820002002192AE9D801A757F822F095180000DC
:10183000FB170000FB17000095180000FB170000C5
:1018400015190000FB170000FB170000FB17000034
:10185000FB1700006119000095180000FB1700003D
:101860007519000021190000FB1700002F19000056
:101870004F1900004F1900004F1900004F190000C8
:101880004F1900004F1900004F1900004F190000B8
:101890004F19000008460136A6E7582900F0EB80F2
:1018A000A1F16302D7B2172FA7D8172AA5D801A78D
:1018B00057F822F01D1B00009B190000FB170000C9
:1018C000FB170000FB1700007B1900009B190000AC
:1018D000FB170000FB1700007B190000FB1700003E
:1018E000FB170000FB170000511A0000FB17000057
:1018F000FB170000F11A0000FB1700009B19000005
:10190000FB170000FB170000511A0000FB17000036
:101910007B19000001992520D04709F1010955E7FD
:10192000029A02F0FE0202924FF00008B3E7002C88
:101930000DDAB8F1000F0DDA029A002A00F04381A7
:1019400024EAE4740A2202FB0414303CA3E7B8F151
:10195000000FF5DB0A2202FB0812A2F130089AE719
:10196000B8F1000F55F8042B80F22F81002A80F285
:101970002E815442022202928DE7682903D1682BFE
:1019800006D1482387E76C2902D16C2B00F0218116
:10199000002B7FF432AF0B467DE77A2B06D17529F9
:1019A00055F8046B14D14FF0000B0CE06C2BF6D003
:1019B0004C2BF4D1073525F007037529D3E9006BCB
:1019C00003F1080506D120283BD1854F013C09E0F1
:1019D0004FEAE67BBBF1000FF5DA7642814F6BEB05
:1019E0004B0B013C0DF12D0305930023049330466E
:1019F00059460A220023FEF771FB059B303203F89B
:101A0000012DB4460593049B5A46BCF10A0F8B4640
:101A100072F1000203F1FF3106460491E7D2C3F1EF
:101A2000010B30330DEB0306B8F1000FA6F10406ED
:101A30006DDA029BD9077DD4A8EB0B03A4EB0B0452
:101A400013E02B280ABF684F684F04F1FF34C9E741
:101A500070290FD155F8042B0023FAB9634F644E57
:101A6000053C6FF004034FF0050B029A920770D407
:101A7000A04666E078216C2B03D155F8042B002397
:101A800008E04C2BF9D1073525F007031D465B68AC
:101A900055F8082B232825D1880621D5554F023C1F
:101AA00001F06001A1F1390B0DF12D0E002602F0BD
:101AB0000F01092988BF594430310EF8011D102A41
:101AC0004FEA121141EA03714FEA131C73F100034C
:101AD00006F1FF3008D2C6F1010B06F13003A1E791
:101AE000454FDCE7414FDBE706460A466346DEE743
:101AF00055F8046B304603F06BFFB8F1000F8346D6
:101B000002DB4045A8BFC346384F4FF00008A8EBA2
:101B10000B03002B92DDA4EB0804A6E755F8043B69
:101B20008DF81830314F013C4FF0FF334FF0010B6F
:101B300006AE9AE7A046EAE7029301992020D04733
:101B4000029BB8F10108F7D524EAE472013C914404
:101B5000A41AB84606E0049302920199D047029A6B
:101B6000049B9046424612F8010B0028F3D11A4616
:101B7000013A15D5002BACBFC7EB03077F425B468C
:101B8000013B15D5BBF1000FA8BF5F444F4426466B
:101B9000013E14D5002CA8BF3F1907EB080915E634
:101BA0000493029201993020D047049B029ADFE708
:101BB0000293019916F8010BD047029BE0E70199C7
:101BC0002020D047E4E70122D5E6904663E614469C
:101BD00061E64C235FE648460DB0BDE8F08F00BFDC
:101BE000F26A0000F06A0000F46A0000B1680000C8
:101BF000FC6A0000F66A0000F96A00002DE9F0476F
:101C0000058B04462807904611D4022905F00705E4
:101C100040F0CC80204603F043FD78B10138218BA1
:101C2000042811D8DFE800F0C2106D859500012965
:101C30000CBF45F0100545F02005258388F3118879
:101C4000BFF36F8FBDE8F08701F0070AAA4500F0E7
:101C5000A5800027B9463E46A368002B00F0BC8053
:101C600041F00801218388F31188BFF36F8FA168C9
:101C7000002900F0BA800D68002900F0B680D1F884
:101C80000480334652462046C047002D76D02B684C
:101C900029461D46F0E701F007035A1F012A1BD809
:101CA000002221F00701062B276889B2C4E900222F
:101CB00009D13B4603E0628B013262831B68002B33
:101CC000F9D141F002012183204603F0E9FC00280C
:101CD0007AD041F0200176E0042B0AD121F00701EF
:101CE00089B22183204603F0DBFC10B141F02001D2
:101CF0002183218B01F0070AAA454FD00027B9465E
:101D0000AAE7236921F0070141F00601062DD3F867
:101D1000009021832DD1B9F1000F3FD041F008018F
:101D2000218388F31188BFF36F8F3A492046C84753
:101D300029E021F00701236941F0040189B2042D53
:101D4000D3F804902183E6D000273E464FF0040AE2
:101D500082E721F00701236941F0050189B2052DD1
:101D6000D3F808902183D6D000273E464FF0050ACD
:101D700072E700273E464FF0060A6DE72B4687E7DD
:101D8000B9F1000FD1D1EFF31188202383F312882A
:101D9000BFF36F8F238B23F008032383258BEA0681
:101DA0002ED525F01003238305F007056669218BE6
:101DB000002EBFF670AF00232768C4E9003321F07E
:101DC000070141F001012183218B01F0070AAA4597
:101DD0004FF000097FF440AF002F9CD041F0080184
:101DE000218388F31188BFF36F8F002FC8D03D681F
:101DF000394633465246204603F07EFC2F46F4E730
:101E0000AB067FF51BAF25F02003238305F0070504
:101E100000E700BF25570000014B0360002070471A
:101E20008064000070B5114B1C680D46DCB1104B8E
:101E3000196800238B4202DB6FF0010070BD22465F
:101E400012F8106B864202D001331446F2E7E068C4
:101E500010B96FF01200F1E704F000F90028F8D093
:101E60002C600020EAE76FF00C00E7E7100000208C
:101E70008064000070B588B005460C46C0B2694663
:101E80001646FFF7CFFF00281BDB0098C8B1436858
:101E90000293836822680195CDE903360023CDE9DA
:101EA00006230593C56803F0E0FC6DB12846084998
:101EB00001AA03F0AFFE079808B9059B236008B09C
:101EC00070BD6FF01500FAE76FF01200F7E700BF82
:101ED0000559000008B5054803F0D5FB044803F098
:101EE000D2FBBDE80840034803F0CDBB026B000005
:101EF000336B0000666B000030BFFFF7FDBF00BF13
:101F000070B5264B15469A6A12F0100F9A6A14BFE4
:101F10001124102412F0080F9A6A18BF1224920795
:101F200006460AD5586B9A6A140634D519B19A6ACE
:101F300022F080029A62132401E06FF01500174B23
:101F40009A6A12F0010F9A6A18BF142412F0200F37
:101F50009A6A18BF1524D20602D49B6A9B070AD539
:101F60000E4B5B68190506D5314600F0FBF910B140
:101F700080F309880224094B9A6A920642BF5A6A82
:101F800022F400525A629A6A42F0FF029A620023D7
:101F90002B70204670BD6FF01500CCE700ED00E01F
:101FA000134B9A6A12F0007F9A6A14BF1E201D20FC
:101FB00012F0807F9A6A18BF1F2012F4002F9A6ACD
:101FC00018BF212012F4802F9A6A18BF222012F421
:101FD000003F9A6A18BF232012F4803F9A6A6FEA82
:101FE00002426FEA12429A6218BF2420704700BF73
:101FF00000ED00E010B5194B0246986A9C6A10F497
:10200000805F14BF1720162014F4006F9C6A18BF5D
:102010001820A40509D5986B986A000404D51AB154
:102020009A6A22F400429A6219200C4B9A6A12F4BE
:10203000806F9A6A18BF1A20D2050CD49B6A13F4D9
:10204000005F18BF1C20054A936A43F47F439362E4
:1020500000230B7010BD1B20F5E700BF00ED00E072
:1020600070B5454B5B688AB00546C3F3080300268C
:1020700086F31188BFF36F8F02F07F40B0F17F4F7E
:1020800011D102F00C0008280DD010074CBF0D46EE
:1020900001260022033B8DF80720032B05D8DFE83B
:1020A00003F01E5D615A3546F3E700249DF80730C2
:1020B0009BB92022294602A803F0A1FC099B002E0F
:1020C00054D0C3F3080222B96FEA53236FEA4323C3
:1020D000099302A9204603F037FC0AB070BD264BD5
:1020E000DA6A9107E1D4DA6A002ADEDBDA6A5200A2
:1020F000DBD55A69A96942F480725A61BFF34F8FE8
:10210000BFF36F8F5A6931F8021C22F480725A6152
:10211000BFF34F8FBFF36F8F4DF6027291420AD01B
:102120009A6AD2B24AB10DF1070201212846FFF79F
:10213000E7FE0446BAE72C68B8E79A6A12F47F4FC4
:1021400005D00DF107010120FFF754FFF1E79B6A6D
:10215000B3F5803FA9D3FFF723FFEAE70DF10702AC
:102160000021E3E70DF107010020EDE723F4FF7301
:1021700023F00103ACE700BF00ED00E0024A536921
:1021800043F010035361704700ED00E0EFF3088067
:10219000EFF3098101B57246FFF762FF01BD00BF91
:1021A000002080F31488BFF36F8F01F0FBF800204C
:1021B0000D490860BFF34F8F0C4880F3088800F08A
:1021C0002BF8202080F3118809484FF4046140184F
:1021D00080F30988EFF314800221084380F3148808
:1021E000BFF36F8F00F0A2F894ED00E040440020B0
:1021F000001400200749D1F890200023C2F30722E1
:102200001846934200DB7047C1F89830C1F8A0002F
:102210000133F6E700ED00E008B572B6002383F362
:102220001388FFF7E7FF144B4FF0FF32C3F880200D
:10223000C3F88420C3F88820C3F88C20C3F890200A
:10224000C3F89420C3F89820C3F89C20C3F88021D9
:10225000C3F88421C3F88821C3F88C21C3F89021E6
:10226000C3F89421C3F89821C3F89C2162B6BFF348
:102270004F8FBFF36F8F08BD00E100E01EF0040F29
:102280000CBFEFF30880EFF30980816911F8021C9D
:102290000229FFD001B503F05DFB01BD40B200286B
:1022A00007DB044A4109012300F01F00834042F884
:1022B0002130704700E100E040B200280CDB430908
:1022C000064900F01F0020330122824041F82320FC
:1022D000BFF34F8FBFF36F8F704700BF00E100E087
:1022E000054B420900F01F0053F82220012303FA96
:1022F00000F01040704700BF00E100E040B200284D
:10230000A8BF00F1604001F10101B8BF064B4FEAE0
:102310004111ACBF00F5614000F00F00C9B2B4BF7D
:10232000195480F80013704714ED00E00B4A08B50B
:102330000B4B22F07F029A60BFF34F8FBFF36F8F7A
:10234000D3F8882022F47002C3F8882001F0D0FE70
:1023500001F016FF00F03CF801F0D6FE000000008E
:1023600000ED00E010F1160F074B08D0984208D39B
:102370004033834205D98B4203D904487047403328
:10238000F9E70020704700BF401C0020801C00209F
:1023900080B584460C4615461E46074F87F30988CC
:1023A0004FF0000005498847204629463246E0475D
:1023B00003488047FEE700BF8044002075590000B5
:1023C00083590000014B10221A61704700ED00E0B4
:1023D000044800232021C2180133272B82F8001360
:1023E000F9D1704700E100E008B5EFF30583064A34
:1023F000103B02EBC30152F8330049688847BDE83F
:10240000084003F0B2BA00BF60610000024B034A0B
:102410000348022100F066B80000012000000020FF
:10242000E4640000084AC2F898000B6823F01F0318
:10243000034343F01003C2F89C308B6843F0010360
:10244000C2F8A030704700BF00ED00E02DE9F04376
:10245000DFF8608085B00E461F4604464FF0000945
:10246000B14523DA6068D8B13FB1411E08421BD1A3
:102470001F2819D92368194216D12368019303F044
:1024800097FAA36803430393D8F89050C5F3072540
:10249000D0B2013DA84207D801A9FFF7C3FF421CF3
:1024A00009F101090C34DBE76FF01502104605B0A5
:1024B000BDE8F08300ED00E0044B0522C3F8942052
:1024C000BFF34F8FBFF36F8F704700BF00ED00E089
:1024D000BFF35F8F024B0022C3F89420704700BF08
:1024E00000ED00E010B5034C01232278FFF7AEFFAA
:1024F000207010BDD40F00202DE9F043534B544CF5
:10250000D3F890302568C3F307239D4285B000F2CD
:102510009A80FFF7DDFF00200C2685421AD14D4C32
:102520004D4F25706846FFF777FCDFF82081DFF814
:102530002C9106460025AE4213D123784349002052
:10254000D1F89020C2F30722934276DBFFF7B4FF65
:10255000002042E0616806FB0011FFF763FF0130D5
:10256000DBE7009800EB05114FEA051CCB683B4008
:10257000B3F5000F48D00AD8B3F5001F30D0B3F53B
:10258000800F36D0B3F5801F10D00135D3E7B3F1FB
:10259000807F42D0B3F1007FF7D150F80C308868CB
:1025A0004A6803F005FA40F4802009E050F80C3046
:1025B00088684A6803F0FCF940F0885040F4302005
:1025C000CDE901230390D8F890302078C3F3072396
:1025D000013B98422AD96FF0150005B0BDE8F083A1
:1025E00050F80C3088684A6803F0E2F940EA0900C4
:1025F000E6E750F80C3088684A6803F0D9F940F0F3
:10260000007040F40030DBE750F80C3088684A680E
:1026100003F0CEF940F08270D2E750F80C308868B1
:102620004A6803F0C5F940F08870C9E701A9FFF7CF
:10263000F9FE237801332370A7E7C1F89830C1F879
:10264000A00001337CE74FF0FF30C6E700ED00E06B
:10265000FC640000D40F00200000F0FF000008110F
:10266000044A0123C2F840354FF080420020C2F8EE
:102670007835704700E0014020B1034B800143F002
:1026800001031847704700BFA0620000084B70B5F7
:10269000C31A0D4607499B10044659430648402279
:1026A00003F0CAF92B4601462046BDE870401847A2
:1026B000AC0D0020B76DDBB62461000073B50C4C87
:1026C0000C4A4023041B00930D460B460A49A410F4
:1026D00061430646094803F0DAF9011E05DA30467F
:1026E0002B4602B0BDE87040184702B070BD00BF75
:1026F000AC0D0020FD5A0000B76DDBB62461000070
:10270000002270B5012104461046FFF7F7FD0F487F
:1027100001F034F80E4B984215D101F03FF82669CC
:102720000C49304603F00BF800280BDB012535641B
:102730002469084904F11C0003F001F8002801DBBA
:10274000E564002070BD6FF00400FBE77528000011
:102750000000AD0B1C65000010B5074C23782BB9A9
:102760004FF4A57003F075FC01232370BDE8104001
:10277000002001F025B800BFD50F002010B5EFF301
:102780001184202383F31288BFF36F8F074A1368E5
:1027900023F00201DB07116002D4012003F0CEFB1D
:1027A00084F31188BFF36F8F10BD00BFFC0D0020B4
:1027B00030B4104B0C2202FB003301460020D3E959
:1027C0000E529863EFF31180202484F31288BFF334
:1027D0006F8F1C6C04F0C00444F002041C6480F38E
:1027E0001188BFF36F8F1DB12B46034830BC1847CB
:1027F00030BC7047AC0D00202461000010B4EFF332
:102800001182202383F31288BFF36F8F174801686A
:1028100041F002040460C80707D482F31188BFF3B3
:102820006F8F012010BC00F0CBBF4FF08041D1F87A
:102830000C04D1F80C14C907EFD5EFF3118083F322
:102840001288BFF36F8F0A490B6C03F0C00343F08B
:1028500002030B6480F31188BFF36F8F82F311883A
:10286000BFF36F8F002010BCFFF7A2BFFC0D00204C
:10287000AC0D002010B1012804D07047034B1B6C35
:102880005B0701D1FFF794BF704700BFAC0D00207C
:102890002DE9F8433649BFF35B8F0746012251E823
:1028A000003F41E800200028F9D1BFF35B8F33B926
:1028B000304931484B60CB608A6002F053FF7B1E89
:1028C000012B2DD8012F07D14FF08043D3F81C34B2
:1028D00003F00303012B23D003F001FC054608BBE2
:1028E000264B1B78F3B14FF080430222C3F8082334
:1028F0000646DFF88C904FF080444FF00108D4F882
:102900001824D4F81834D20315D503F00303012B8F
:1029100001D0012F0FD125B386F31188BFF36F8F3C
:10292000BDE8F883EFF31186202383F31288BFF309
:102930006F8F0125DDE7304603F02BF8D4F818350A
:10294000002BDCD1D4F80421002AD8D0C4F80431FB
:10295000D4F80431C4F81885C9F88081C4F8088017
:10296000CDE74FF080430222C3F80423D8E700BF2D
:10297000A80D0020980D0020C80D0020E6130020AF
:1029800000E100E0024B0B6001231360704700BFC1
:10299000000E0020004870477065000010B503F07D
:1029A0004DFB034C206003F045FB6060002010BD30
:1029B000000E0020F8B50E463046194617461D4653
:1029C00003F0A8F8B8B146EA050414F0030412D1E4
:1029D0004DB12B19032BA6EB040006D8074AD2F8F9
:1029E0000034DB07FBD50020F8BD3B1B043C196815
:1029F00001F00EFBEDE76FF01500F5E700E0014098
:102A000038B545682B69B3B11035284601F0C4F9D3
:102A1000044680B90146284601F08AF9084B9842DD
:102A20000BD108492246284601F06AF922460521C1
:102A30000620FFF763FC002038BD6FF00400FBE7C1
:102A40000000AD0B492A0000430970B507D10B4BBC
:102A5000596821B101250C68094E854001B970BD46
:102A60008A682A4002D04B68304698471CB12368D8
:102A700021461C46F2E72346FAE700BF080E002075
:102A8000386100002DE9F043476840F20636D00671
:102A90003B7B87B002EA060654BFC2F34010032016
:102AA00001F01F05B6F5837F144645EA43158DF8FE
:102AB000030042D00FD8062E18D007D8B6B1022E88
:102AC0003DD06FF0150007B0BDE8F083B6F5807F0C
:102AD000F7D101260AE040F20222964231D0B6F543
:102AE000407F30D0B6F5007FEBD1022622032CD5F3
:102AF0007A6801238B40C2F808353B696BBB05F04F
:102B00001F026D0976D1920002F1A04284F4803157
:102B1000D2F80037C1F30041C4F3404423F4E16329
:102B200044EA410423F007031C4344EA800444EAD6
:102B30000624C2F800470020C5E70726D6E704268A
:102B4000D4E70526D2E70326D0E7630341BF01237C
:102B50007A688B40C2F80C35CFE710370DF10202CE
:102B60002946384601F0D2F814F4403F80460CD193
:102B70002946384603F054FA214B9845DBD19DF89D
:102B80000210384601F012F9D5E701AB4FF0000909
:102B900003AA29463846CDE90439CDE90199CDF893
:102BA0000C9000F087FF164B98428AD114F4003342
:102BB00015D09DF803308DF80E3084F48034C4F3C2
:102BC00000444B4603AA294638468DF80C608DF820
:102BD0000D4001F01FF80A4B9842CDD071E7CDE9C6
:102BE000043303AA0DF1030329463846039300F08A
:102BF00061FFF0E702F5E07253F82230FFDE00BF1C
:102C00000000AD0BF0B54068057B01F01F0444EAFD
:102C10004514056987B0002D60D0B2F5001F00F1A2
:102C2000100506D12146284603F0FCF9002007B024
:102C3000F0BD01AE0027B2F5800F0197776038D163
:102C4000B3F1007F14BF052304238DF80430002363
:102C5000CDE904630393836823FA01F111F00101C4
:102C600019D1B2F1A07F16D104F01F03620903F558
:102C7000E07339D14FF0A04252F82330DB070AD479
:102C80000DF1030632462146284601F03FF8184B65
:102C9000984219D0029603AA2146284600F00AFF5E
:102CA000144B98421DD101222146284601F08AF892
:102CB000BCE7B3F1C06F05D0B3F1007F14BF0123AF
:102CC0000223C2E70323C0E73146284601F074F827
:102CD000084B9842DED06FF00B00A8E76FF085003C
:102CE000A5E76FF01500A2E751F82330FFDE00BF23
:102CF0000400AD0B0000AD0B70B5012383400E4AFC
:102D0000BFF35B8FDC4352E8001F01EA040542E891
:102D10000056002EF7D1BFF35B8F4FF48032824014
:102D20000648C0F80823BFF35F8FBFF36F8F0B42D5
:102D300014BF0120002070BD180E002000100140BB
:102D400070B40E49D1E90034D01AC31844F100041C
:102D500022F07F46C1E90034A6F50013B3F5400F19
:102D600009D2074B1B681A0A1B069C19054B42F136
:102D70000005C3E9004570BC01F062BA980000206C
:102D80001C0E0020A000002011B3BFF35B8F0123B5
:102D9000104A834052E800CF4CEA030C42E800C1DD
:102DA0000029F7D1BFF35B8F0B4A4FF48033834088
:102DB000C2F80433094BBFF35B8F1B68BFF35B8F13
:102DC000C340DB0742BF064B4FF40032C3F800217B
:102DD000704700BF180E002000100140140E0020A4
:102DE00000E100E00D4B1868010A0006BFF35F8F99
:102DF0000B4BD3F80435181841F10001B3F5801FCF
:102E00000AD2084BD3E90023904271EB030303D2AB
:102E100010F1807041F10001704700BF1C0E0020CE
:102E200000100140A00000202DE9F04F85B01646AB
:102E30001F469DF840A00446FFF75EFF0190FFF794
:102E4000D1FFB04271EB070354D23E4B301A67EB0F
:102E50000101984271F100014FD23B4B03EB041387
:102E6000D3E902239F4208BF96425ED037494FF410
:102E7000803804F1500508FA04F8AD00C1F8488321
:102E80002046ADB202F047FF26F07F4B05F18045AA
:102E900004F5A87305F58835DC464FF00309029365
:102EA000029A2CF07F4341F82230C1F84483D1F8D4
:102EB0000435274A6FF00200C01A604420F07F40BA
:102EC000904232D9286868B1D1F804350393A3EB56
:102ED0000B0020F07F40B0F5000F26D9204602F00D
:102EE0001AFF039BBAF1000F07D109EB030C09F19C
:102EF0000109D5E7BAF1000F09D06FF0150520469A
:102F00000199FFF741FF284605B0BDE8F08F012386
:102F1000104ABFF35B8FA34052E8000F184342E80A
:102F200000010029F8D1BFF35B8F07490E982301F8
:102F300001EB0412C8500F9B5360C2E902670025E1
:102F4000DDE700BF01008000880000200010014084
:102F5000FDFF7F00140E00207FB51C4C1C4BC4F8F5
:102F60000833C4F848331B4B00254FF0FF304FF0B7
:102F7000FF31C4F80855C3E902014FF48033C4F8A7
:102F80000433154B02264FF400320121C4F80463C8
:102F90001120C3F880212A46FFF7B0F91120FFF76E
:102FA0007DF90E4A0123A360236013600C4B0D4A88
:102FB0000093CDE9015500232846FFF735FF304641
:102FC000FFF766FC284604B070BD00BF001001404A
:102FD00003000F008800002000E100E0180E002030
:102FE000412D0000FFFF7F002DE9F7432F4CD4F85F
:102FF000043399070BD5D4F8043143B12C4A00238C
:10300000C4F80431D4F80431136801331360D4F8E0
:103010000433DA0329D5BFF35B8F264B53E8002F27
:1030200022F0010143E800100028F7D1BFF35B8FC5
:10303000D30702D4D4F84031BBB10025C4F84051C5
:10304000D4F84031FFF7CEFEEFF31182202383F353
:103050001288BFF36F8F184BD3E90267B042B941B2
:1030600006D282F31188BFF36F8F03B0BDE8F083FF
:103070004FF0FF384FF0FF39C3E90289D3E9001060
:103080001D604FF48033C4F84833C4F84051D4F87D
:10309000403182F31188BFF36F8F0029E5D0009093
:1030A00032463B4628468847DFE700BF0010014014
:1030B0001C0E0020140E00208800002030B5431C98
:1030C000124C85B005D08442A8BF0446012CB8BF7D
:1030D0000124FFF787FE0E4B0C4DD3E90013401A75
:1030E000B0F5000F10D22218AA4228BF2A46521863
:1030F0004FF0000007490091CDE9010043F10003C2
:10310000FFF792FE05B030BD2A46F0E7FFFF7F00D3
:1031100098000020412D000008B5FFF763FE024B28
:103120001B68C01A08BD00BF9800002010B5084CED
:10313000012363601120FFF7BFF8064BC4F8083382
:10314000C4F84833044B4FF40032C3F8802110BD5B
:103150000010014003000F0000E100E030B581687D
:1031600085B0103921F00704054602F0C4FB102297
:103170000146684602F04EFC07491022684602F0FC
:103180003EFC10236A462146284602F084FB0038A4
:1031900018BF012005B030BDF065000030B50D4608
:1031A000816887B0102302AA1039044602F05EFB42
:1031B000002802DA012007B030BD102202A9204603
:1031C00002F00CFE00283AD11E49102202A802F09B
:1031D00006FC00280CBF012302232B70204602F0BE
:1031E000E9FD012301460DF10702204602F03EFBF6
:1031F0000028DFDB9DF8073003F00F021B096A701F
:103200002B7101220DF10701204602F0E7FD10B9F4
:103210006B78042B03D901236B7000232B71A268F8
:10322000183A22F00702083AA91C204602F0E9FDEC
:103230000028BFD1E91C204602F03CFEBBE7032377
:10324000CBE700BFF0650000F0B5354F460085B014
:103250000546694657F8260002F032FE044610B1D2
:10326000FF2005B0F0BD013602A957F8260002F094
:1032700027FE012837D12B482A46492102F0E8FAD7
:10328000294B02938DF80C409DF800609DF8087062
:10329000264C00222078314602F092FD50B360782F
:1032A000394602F08DFD28B3A378042B03D09DF896
:1032B000031099421ED1E378042B03D09DF80B1024
:1032C000994217D12379042B10D16279022A1DD19A
:1032D000174B18482A46492102F0BAFA6079831E32
:1032E000022BBED9BCE70028CED0B9E79DF802106A
:1032F0009942EAD00132032A04F10604CAD10E48E9
:103300002A46492102F0A4FA0120AAE7032A05D09F
:103310000A4B0B49042A08BF0B46DAE7094BD8E7EA
:10332000B4650000096C0000030103039E6C0000FB
:10333000EB6B0000546C0000786C0000F06B000038
:10334000026C0000E66B0000BFF34F8F0549064B8F
:10335000CA6802F4E0621343CB60BFF34F8F00BF33
:10336000FDE700BF00ED00E00400FA054FF07043F8
:1033700093F8E02F062A09D1D3F8E83FC3F30313EB
:10338000033B042B02D8024AD05C704700207047F0
:10339000BF6C0000024AD2F80034002BFBD070470B
:1033A00000E0014010B502F0B8FD40B14FF080538D
:1033B000944AD3F82433C3F30423C2F84035FFF70B
:1033C000D5FF10B1904B914A5A6702F0A6FD48B163
:1033D0004FF080534FF08042D3F84432C3F342336E
:1033E000C2F83C35FFF7C2FF30B1894AD2F8FC3051
:1033F00023F08073C2F8FC3002F08FFD40B14FF033
:1034000080430022C3F80C21C3F81021C3F83825EB
:10341000FFF7ACFF20B14FF080430322C3F8A02593
:10342000FFF7A4FF60B17B4B0522C3F810260122F1
:10343000C3F888260022C3F818263F22C3F81426B2
:103440004FF08053D3F83021511C09BF4FF0704327
:10345000D3F8343193F8E02FD3F8E83F08BFC3F333
:103460000313062A4DD1033B042B03D86A4AD35CCD
:10347000002B46D04FF08052684BD2F80414C3F8AA
:103480002015D2F80814C3F82415D2F80C14C3F888
:103490002815D2F81014C3F82C15D2F81414C3F858
:1034A0003015D2F81814C3F83415D2F81C14C3F828
:1034B0004015D2F82014C3F84415D2F82414C3F8E8
:1034C0004815D2F82814C3F84C15D2F82C14C3F8B8
:1034D0005015D2F83014C3F85415D2F83414C3F888
:1034E0006015D2F83814C3F86415D2F83C14C3F848
:1034F0006815D2F84014C3F86C15D2F84424C3F808
:10350000702502F00AFD48B14FF080534FF0804221
:10351000D3F8583203F04F03C2F8E43E02F0FDFC4A
:1035200048B14FF08043D3F80024D20744BF6FF076
:103530000102C3F800244FF08053D3F83021062A4B
:1035400026D1D3F83431033B042B02D8344AD35C60
:1035500063B1344AD2F83C3743F48063C2F83C3755
:103560004FF08053D3F83031062B11D14FF08053F8
:10357000D3F83431033B042B02D82B4AD35C3BB144
:103580004FF01023D3F808224FF08043C3F858259A
:103590004FF01021D1F80C32DB0714D5234801235A
:1035A000C0F80435FFF7F6FED1F80C3223F0010322
:1035B000C1F80C32FFF7EEFE0023C0F80435FFF728
:1035C000E9FEFFF7C1FED1F80032002B03DBD1F892
:1035D0000432002B14DA154901234FF01020C1F8F2
:1035E00004351524FFF7D6FEC0F80042FFF7D2FEDF
:1035F000C0F80442FFF7CEFE0023C1F80435DEE731
:1036000010BD00BF0030014000C007400DF0ADBA52
:1036100000ED00E000500040BA6C000000C0004027
:10362000B56C000000100040B06C000000E00140EC
:1036300030B50468CCB1BFF35B8FB4FA84F3C3F147
:103640001F03DBB201229A4024EA020250E8005F25
:10365000A54204D140E8002CBCF1000FF6D1BFF325
:103660005B8FE6D102480B7030BD0248FCE700BF1B
:103670000000AD0B0200AD0B10B50368CB40DB07BB
:1036800014D401238B400268BFF35B8F43EA02012D
:1036900050E8004F944204D140E8001CBCF1000FF8
:1036A000F6D1BFF35B8FEED1014810BD0148FCE7B6
:1036B0000000AD0B0400AD0BF7B5044618B10128AE
:1036C00023D003B0F0BD4FF080430222C3F808239B
:1036D0000122DA60C3F80401D3F80431064601235D
:1036E0008DF8073042F210754FF08047D4B1012CAD
:1036F000E7D1D7F80C3403F48033AEBB83B3012099
:1037000002F01AFC013DF4D12AE04FF08043002280
:10371000C3F808035860C3F80021D3F800310DF155
:103720000706DCE7D7F8183403F480333EB9002BE2
:10373000C7D0012002F000FC013DF3D1C1E7D7F86A
:10374000182402F003023260002BBAD09DF8070063
:10375000012803D102F0F0FB013DC7D1012CB0D10B
:10376000054B00225A71ACE7D7F80C2402F0010295
:103770003270002BEAD1F3E7200E0020044B1A79B7
:1037800022B9012218609A800248704702487047A7
:10379000200E00200000AD0B0C00AD0B08B5074B50
:1037A0001B682BB10020FEF79BFD08B9FEF776FDE4
:1037B0004FF080430022C3F8182508BD200E0020DA
:1037C00038B5B0B1012855D14FF080420023C2F87E
:1037D0000031D2F80021304A03F180430121196001
:1037E0002E4B1B68002B50D04FF08043C3F80403CE
:1037F00040E04FF08043D3F81814D3F81824C803DE
:103800002AD502F00303012B04D013B10020FFF7E7
:1038100053FF00234FF08042C2F818350023C2F84E
:103820000431D2F804311E4AD2F8FC0040F0807313
:10383000C2F8FC301B4B1C6844F0010119605D6844
:103840005968491BB1F50A5FFAD31C60C2F8FC0045
:103850000823154A0220BFE7D3F81424D107D8D58E
:10386000D3F81C249207D1D40C4A12681AB1022250
:10387000C3F8042338BDD3F80421002AFBD000226A
:10388000C3F80421D3F80431F4E71368002BFCD00B
:10389000002313601368EDE700010040200E0020B4
:1038A00000ED00E0001000E00401004010B54FF012
:1038B0008043D3F800216AB10022C3F80021D3F875
:1038C00000210122C3F80823114B587910B95A710D
:1038D0001B6898474FF08043D3F8042172B100224F
:1038E000C3F80421D3F80421D3F81824D3F81824FA
:1038F000920704D10122C3F818259A6010BD022254
:10390000C3F80823024BBDE810401B68012018478C
:10391000200E002070B500F108030C4C34F8133071
:10392000DA0505460E4607D5C3F3432304EBC3026D
:1039300054F8333052689847A3682BB1E268314697
:103940002846BDE87040184770BD00BF1400002035
:1039500010B4C0B2114A083032F81030D9051BD566
:10396000C3F3432123F4F85322F8103002F10E047C
:10397000002034F8023F13F4807F03D0C3F34323C5
:10398000994209D001302028F3D1002342F8313088
:10399000034810BCFFF770BE10BC70471400002035
:1039A0006C000020F0B505460020044601260746BD
:1039B0008C420BD1114BD3F87C2132B10022C3F8D9
:1039C0007C21D3F87C3140F00040F0BDE3B29B0095
:1039D00003F580729B0806FA03F31D420BD002F137
:1039E000804202F5C042D2F800C0BCF1000F02D004
:1039F0001760126818430134DAE700BF0060004026
:103A0000CBB20246083308460C4931F81330990608
:103A100011D599070FD410685B0B01219940C0F8AC
:103A20000813126802EB8303D3F8102522F0030277
:103A3000C3F810257047002102F0D5BA1400002009
:103A4000F7B5CDB2174E0835074636F81530DB0707
:103A50000C4624D5FFF7D4FF36F815309A0606D564
:103A60005B0B3A6803F5A273002142F8231020464D
:103A7000FFF76EFF002301A826F81530019402F02D
:103A80005FFA019B00EB8300074BD0F8002713403F
:103A900043F00203C0F80037044803B0F0BD044807
:103AA000FBE700BF14000020F0F8FCFF0000AD0BA6
:103AB0000400AD0B2DE9FF41136807460C4615467F
:103AC000FBB1CEB2DFF83C81083638F8162002F0A0
:103AD0002202222A22D00022CDE900228DF80E20D7
:103AE0008DF80F200DF10E010DF10F02204602F0AE
:103AF00031FA38F8163023F0020343F0010328F8B6
:103B000016306B684BB393F800C05A683D4EE3B271
:103B1000083336F81310880702D5B2B13A481FE0CF
:103B200021F02001C904C90C26F813106AB1BCF1B8
:103B3000030FF3D86A68386852681278BCF1000F36
:103B400011D102F5A27240F822C036F8132022F0FB
:103B50001C0242EA8C0226F81320AB6843BB2B48B8
:103B600004B0BDE8F08100EB820041EA4231D0F8B8
:103B700010E52EF0030EC0F810E53F6807EB820752
:103B800041F02001D7F8100526F8131020F4473033
:103B900020F44070C7F810052002D7F810E500F4B3
:103BA000F85040EA0C4040EA0E00C7F81005CCE798
:103BB000D3E900672046FFF7CBFE002ECFD0114D92
:103BC000D5E90023964203D19F4201D1002209E0AA
:103BD0000F480DF10F01FFF72BFD0C4B9842BFD1A1
:103BE0009DF80F2045F83260E4B205EBC2030834BB
:103BF0005F6035F8143043EA422343F4807325F8BC
:103C00001430ACE7140000200400AD0B0000AD0B35
:103C10006C0000202DE9FF4107460C461E4612B3FA
:103C2000CDB2DFF8D080083538F81530980701D4C8
:103C3000990621D413F01C0F02D05378012B1BD00E
:103C400001238DF80F300023CDE900230DF10F0182
:103C5000931C2046013202F07DF938F8153043F00C
:103C6000030328F81530002E42D0E1B2214D08316F
:103C700035F81120930703D41F4804B0BDE8F08144
:103C800096F800E0D7F800C022F020020EF5A270EE
:103C9000D2040023D20C4CF8203025F8112096F8DD
:103CA00001C0BCF1000F23D03868B67800EB8E005D
:103CB0004FEA0C4CD0F8103523F4981323F4F85342
:103CC000C0F81035230203F4F8530CF4403C3605D9
:103CD000D0F8107543EA0C0306F4801642EA4E321F
:103CE000334342F020023B4325F81120C0F8103541
:103CF0000248C2E7140000200400AD0B0000AD0B29
:103D0000014BC3E90212704714000020C9B2083108
:103D1000044B33F81130990643BF5B0B0248137014
:103D200002487047140000200000AD0B0400AD0BEA
:103D300070B5164D95F8604006462CBB21464022D2
:103D400005F1100001F066FE30682E6D21468E42AE
:103D50000ED10023C0F87C31D0F87C3140F307301D
:103D6000FEF79CFA01230A4885F86030AB6570BD08
:103D7000CBB29B0003F580727C2B08BF845001F10D
:103D8000010108BF8358E2E70248F0E71400002071
:103D90000000AD0B0C00AD0B034B93F86000003836
:103DA00018BF0120704700BF140000200148FFF732
:103DB00063BC00BF680000200148FFF739BC00BFAA
:103DC0006800002073B503680C46D3F8041300297B
:103DD000A4BF4FF00041C3F80413E3B21D490833F8
:103DE00031F8133099061AD513F0020617D15B0B80
:103DF0009C00056804F580716E5069580168214483
:103E0000D1F8104544F00104C1F810452AB1016809
:103E1000012202FA03F3C1F8043302B070BDC3F308
:103E20008203042B12D0052B12D001A8019402F0BA
:103E300087F8019AD0F81035D34003F00103991C9C
:103E4000204602B0BDE8704002F0CDB80321F7E78C
:103E50000221F5E7140000202DE9F347544B554F9C
:103E6000D3F80403396DC0B240F00040FFF79AFD6B
:103E7000051E18DA0023F96D0093684602F0C2F8B7
:103E80004FF0010897F85C30DA075AD4396D4FF0DB
:103E90000040FFF787FDF96D684602F0B3F800288F
:103EA000F0D125F000450124002D69D102B0BDE814
:103EB000F08794FAA4F4B4FA84F4E00804F1080357
:103EC00004F0070237F813901DF80030019408FA47
:103ED00002F223EA02030DF8003001A802F030F8E4
:103EE000019B03F5E0734FEA990150F82360C9F391
:103EF000820A4B07D146C6F3014626D520465146D5
:103F0000FFF708FD01A8019402F01AF8019B03F5E0
:103F1000E073F6B250F82330C3F301439E4207D159
:103F20000021204602F05FF83146204602F05BF89F
:103F300001A8019402F004F8019B08FA03F3C0F809
:103F40002035009C002CB4D1A0E7022E0CD1032117
:103F5000204602F048F80AF00503012BE8D1494653
:103F60002046FFF7D7FCE3E70221204602F03BF8AA
:103F7000BAF1030FF3D0032EDAD1BAF1020FEDE755
:103F800095FAA5F3B3FA83F304FA03F29B0003F165
:103F9000804303F5C04325EA0205D3F81005D3F8A2
:103FA0001015C0F30420C1F30141FFF7B3FC7BE718
:103FB0000060004014000020044AD2F80034DB07FF
:103FC000FBD50160BFF35F8F704700BF00E0014089
:103FD0004FF080531A69B0FBF2F302FB130373B97D
:103FE000084B0222C3F80425C3F80805D3F80024BF
:103FF000D207FBD500220448C3F8042570470348C4
:10400000704700BF00E001400000AD0B0A00AD0B9F
:1040100010B5054C0123C4F80435FFF7CDFF00238C
:10402000C4F8043510BD00BF00E0014010B5144CC9
:10403000A8220021204601F0EDFC03232361114A50
:104040006361114BA261E3614FF48063236200233B
:10405000A3626362E36222660C4A62661022A26671
:104060002367E3666367BFF35F8F094A12F8011D98
:10407000E1540133102BF9D1BFF35F8F10BD00BFA6
:10408000280E0020C46C0000E60F0020D60F002090
:10409000DD6C000038B5094B53F82040013053F86F
:1040A0002050A54200D838BD636823B1204601F0F6
:1040B000FAFF0834F5E723689847FAE7BC65000083
:1040C00008B5094B012203201A70FFF7E3FFFDF743
:1040D00001FF0420FFF7DEFFFCF76AF9034A137BB8
:1040E00023F00103137308BDE6130020A80000208D
:1040F00008B50348034A0021121A01F0ECFF08BD7D
:1041000088000020E813002008B50020FFF7C2FF58
:10411000184B83F30888184C636943F40073636198
:104120000025E02384F82230E57725766576A576AC
:1041300084F82050636A43F4E023636284F82350D8
:10414000FEF71CF8FEF73EF94FF0FF33A362E3627F
:10415000FEF7D2F9FEF75AF901F07FFF0120FFF7D1
:1041600099FF0220FFF796FF04482B462A4629466E
:10417000FEF70EF9401C002000ED00E0C1400000F9
:1041800008B50648064A0749121A01F0A6FFBDE81D
:104190000840054A0549064801F09FBF000000207D
:1041A00086000020E06C000000000000E06C0000D1
:1041B00000000020034B1B680BB9FEF7ADBF0020C9
:1041C000704700BFD00E002030B570B10B4B5B685C
:1041D00098420AD0036843B1D3E90421D0E90445E9
:1041E000121941EB0501C3E90421D0E90032136043
:1041F0005A600023C0E9003330BD00BF78000020C2
:1042000010B50E4B1C689C4204D1FFF7D3FF6FF032
:10421000004010BDFFF7CEFF002CF8D0D4E90432E7
:104220001B1A62EBE072B3F1004F72F10001EEDA9B
:10423000002AACBF18460020EBE700BF7800002042
:104240002DE9F84FEFF3118C202383F31288BFF38D
:104250006F8FDFF8ACA0DFF8AC902B4FC9F80000EF
:10426000DAF800000024504508BF00200025D7E9F7
:104270000021D9F80030E04678B3D0E9046C4FEA69
:10428000E37EB3427EEB0C0B05DAF61A6CEB0E0400
:10429000C0E9046421E0B21841EBE671C0E90445CD
:1042A000C7E90021FFF790FF88F31188BFF36F8FF4
:1042B00083689847EFF31188202383F31288BFF3B4
:1042C0006F8FD9F80030DAF800009B1B5045C446C8
:1042D000C9F80030CBD1D7E900219A1841EBE3733C
:1042E0000024C7E90023C9F80040FFF789FF2146F1
:1042F000FEF7E4FE88F31188BFF36F8FBDE8F88FF7
:1043000078000020D00E00202801002070470020F7
:10431000704730B583688B4285B0044615460ED988
:104320006368C068194401AA01F070FC28B962688A
:10433000019B9B1A2B60029B6B6005B030BD6FF038
:104340002100FAE770472DE9F7430E4617469946D4
:10435000044628B94FF0FF38404603B0BDE8F0836B
:104360000029F7D0002AF5D0CB680D891D4404231D
:104370000DEB03022946384601F078FA8046002802
:10438000E8D1BDF80410738946F60812914225D190
:10439000BDF806109942DDD104230DEB0302294438
:1043A000384601F063FA0028D4D1BDF8042046F65F
:1043B00007139A42CED1C4E900679DF82830A4F8CB
:1043C0000890A3727389BDF806202B44E3607389BB
:1043D00013442B44043563612561BDE7002BE4D011
:1043E000B8E72DE9F3410E4617461D46044620B9AD
:1043F0004FF0FF3002B0BDE8F0810368002BF7D02A
:104400004368002BF4D04FF6FF78D4E904239A4296
:1044100016D223685B8923B1E368934204BF043357
:1044200023610423216960680DEB030201F01EFA89
:104430000028DDD1A37A2BB1D4E903329A4201D30B
:104440000120D7E72389BDF80610434501F1040296
:1044500003D0BDF804C09C450BD115B1BDF80430A4
:104460002B8023690433336039802369134423612B
:10447000C0E7236913442361C7E748B103683BB130
:1044800043682BB1C068884294BF00200120704768
:104490004FF0FF30704773B50C46064611460223B5
:1044A00001AA204600F01FFA0546E8B9019A1F2A22
:1044B0000ED92368A2F1200119442022304601F0D0
:1044C0009EFA2368019A13442360284602B070BD07
:1044D0000146C2F12002304601F09CFA019A21689F
:1044E000C2F120003044EAE76FF00205EDE701F089
:1044F00076BA4FF4C07358433030704710B5044655
:1045000001F0F2F9A3684FF4C072303B02FB1030A7
:1045100010BD70B50D46044601F04CFC2A46A0F1D2
:10452000080104232046BDE8704001F09FB913B58F
:104530000446019101F03EFC0423A0F108010DEBBB
:104540000302204601F079FC02B010BD70B513469D
:104550000E461546002102460446FCF71FFC50B9E2
:104560002B4604F12C0201212046FCF717FC10B168
:10457000002E08BF002070BD73B5044600200D4614
:104580001646FBF795FF6946C0B2FDF74BFC30BB02
:104590002C2303FB05440098E36825891D4404236C
:1045A0000DEB0302294601F061F9C0B9BDF8042002
:1045B0006489009846F608139A4215D1BDF8063072
:1045C0009C420CD104230DEB0302611901F04EF95A
:1045D00028B9BDF8042046F607139A4207D0009880
:1045E00001F043F902B070BD002CF2D0F7E7BDF83E
:1045F0000610214429443160F1E737B50446426A88
:10460000802501A902200195FDF734FC58B9019BD2
:10461000226DA36201A905200195FDF72BFC05463B
:1046200028B1092500E00125284603B030BD019BD3
:10463000206A636501F058F9E065F5E7012303603E
:1046400003F1012343600023C0E90233704743793B
:10465000012B07D10368012B04D10079431E584276
:1046600058417047002070477FB506460D4602202E
:1046700001A9FDF7D7FB38BB0198FFF73FFFF16DAC
:104680000446284600F0D0F80444019801F02CF9C3
:104690000646019801F02FF9082201460DEB0200B1
:1046A00001F0B8F92B798DF808302146019833468E
:1046B00002AA01F0F0F8041E019818BF012401F0CD
:1046C000D4F8204604B070BD0124FAE701F0F8B830
:1046D0002DE9F8430E46002107460846FBF7E8FEA1
:1046E000012104460020FBF7E3FE33789C4221D0F1
:1046F000984221D101252C2303FB0575F86DAC6A86
:10470000FFF7F7FE013C07464FF000086B6A03EB2A
:10471000C40253F83410D2F804901B684A46C91AF0
:104720003046C844FFF7D2FFB84504F1FF34EDD35B
:10473000BDE8F8830025DEE70120F9E737B5154627
:104740000C460520694601F0BBFBE979012903D03D
:104750000022204601F0C8FB9DF80330012B02D156
:10476000204601F0A0FBA9682046FFF7E0FE2046A6
:10477000FEF7F4FC002003B030BD73B50D460646CD
:10478000FCF712FC0446E86050B302282DD101A9C1
:10479000FDF748FB58BB01982A463146FCF764FBFD
:1047A0000446D0B9019801F005FB012301460DF143
:1047B0000302019801F05AF80446A0B901980122B9
:1047C0000DF1030101F00AFB10B101238DF8033054
:1047D0009DF8033003F00F03EB71019801F045F8E9
:1047E000204602B070BD0124F7E70724F8E7012452
:1047F000F6E738B5436A0446C06D5D68FFF779FE99
:104800000246A06A002301382B449A4201D901389C
:10481000FAE738BD436A00205A68034613448B42C6
:1048200000F10100FAD3704710B543790279012BEA
:1048300014BFCB01002302F1FF3201FB02330268F7
:1048400014BF4C000C46013A04FB023010BD70B599
:104850000368CD1A002D02DC6FF05F0070BD93F984
:1048600000601C78002E0ADB5C1C04601B7813605F
:104870000368C91A13688B42EED80020EEE704F0F3
:104880007F04013C032C2BD8DFE804F0020A14213A
:10489000012DE1D05B781360036802330360E7E722
:1048A000022DD9DDB3F801305BBA9BB21360036807
:1048B0000333F3E7032DCFDD9C785D78DB782402AA
:1048C00044EA05442343136003680433E6E7042DF8
:1048D000C2DDD3F801301BBA136003680533DDE78E
:1048E0006FF06300BAE770B404680E1B002E07DD9A
:1048F00026789E4208D10134046070BCFFF7A7BF40
:104900006FF05F0070BC70476FF06100FAE738B578
:1049100003230446FFF7E7FF18B9136813B96FF0D4
:10492000670038BD013B136023681A78002AF6D16E
:1049300001332360F5E72DE9F34190461F4601AAB4
:10494000302305460E46FFF7CEFF0446F0B92B682C
:10495000F61A002E34DD42461B7842F8043B019BD8
:104960002E681E44314606232846FFF7BCFF044646
:1049700060B92B68D8F80420C8F808309918B142FB
:10498000296007D10C213846FCF7B8FC204602B05C
:10499000BDE8F0819B5C3A46314642F8043B2B6807
:1049A00001332B602846FFF752FF60B92B687A6805
:1049B000BB601344B3422B6018BF6FF06504E5E79A
:1049C0006FF05F04E2E70446E0E7F0B50024064636
:1049D000204665B2AB4200DCF0BD51F8247052F8BD
:1049E00024503D440544AF4200F0010018BF0020B0
:1049F00046F8245088BF40F001000134E9E700EB9D
:104A000081010023884200D3704751F8042D43EA06
:104A100052030B60D307F5E770B50368DB07054663
:104A2000144604D4BDE870401146FFF7E8BF1346B2
:104A30000A460146FFF7C9FF214606462846FFF70A
:104A4000DEFF46B104F18044013C55F8243043F0C8
:104A5000004345F8243070BD4FF0000C2DE9F74FAE
:104A6000654664464FFA8CF94B4516DC4FF0FF362D
:104A700006EB430601964FF00008019F53FA88FEAB
:104A80004FFA8EFEBE455FFA88F628DB00EBC300C6
:104A900040F8044C03B0BDE8F08F4FF0000E02EB7D
:104AA0008C0AF04651F82E705AF80469A6FB076785
:104AB00036190EF1010E6F4134464FFA8EF64FF063
:104AC000000B28BF4FF0010B4E45D8443D46E9DDB1
:104AD00040F82C4045460CF1010C3C46C2E701363B
:104AE000A94676B202EB8E0A002577B2BB4205DCFE
:104AF00040F82E4008F101084C46BEE76FF003076E
:104B0000774351F826C05AF80770A7FB0C7C3F1971
:104B10005CEB090C4FF0000B28BF4FF0010B5D441C
:104B2000E1463C460136E0E7002310B51C465AB288
:104B3000914200DC10BD40F823400133F7E710B587
:104B400000231A465CB2A14203DCB2FA82F04009AB
:104B500010BD50F8234001332243F3E74A110123EB
:104B600050F8220001F01F018B40184070474B1E87
:104B700010B55BB2041D1A0603D45A1E54F8221055
:104B800071B101335BB283B103F18042013A50F855
:104B90002210002231B9013B02EB431210B210BDCA
:104BA0001346E8E749080132F4E71846F7E710B57D
:104BB00000235CB2A24200DC10BD51F8234040F853
:104BC00023400133F5E710B5013A52B2130601D57F
:104BD000002010BD50F8224051F822309C4205D8E8
:104BE00002F1FF32F2D24FF0FF30F2E70120F0E79E
:104BF00030B5013A52B20023140603D5181E18BF6F
:104C0000012030BD50F8224051F822506C4023431F
:104C1000013AF1E7F0B5002406469C46204665B20D
:104C2000654500DBF0BD51F8247052F824303D1A80
:104C3000ED1AAF4200F0010018BF002046F82450E2
:104C400038BF40F001000134E9E770B59DF910600C
:104C50001D4633460446FFF7B8FE30B932462146BA
:104C60002846FFF7B0FF012807D033462A462146E1
:104C70002046BDE87040FFF7CDBF70BD70B59DF90F
:104C800010601D4633460446FFF7C4FF38B1334673
:104C90002A4621462046BDE87040FFF796BE70BD0B
:104CA0002DE9F04FA5B01D4614ABCDE902310190BE
:104CB000294610461746FFF75AFFC0EB851424B269
:104CC000002C2146B8BF04F11F01634203F01F030B
:104CD00041F3471104F01F0604A858BF5E42FFF7D6
:104CE00023FF002E4FEA81002DDD04AB0022184483
:104CF000C6F1200E13469D421AD804AB03EB850380
:104D000000936F1E24AB4FEA45084FEA8509012640
:104D100003EB8707002C53DA24AB03EB86060198DC
:104D200056F8881C2A46FFF742FF25B0BDE8F08FF1
:104D300057F823C00CFA06F10A4340F8042B01335C
:104D40002CFA0EF2D7E704AB2A4639461844FFF78F
:104D50002EFFD2E75AF8883C53F8202024AB03EB0F
:104D600080030CF1010C53F8803C0B44D31A34BF80
:104D70004FF0010B4FF0000B9A425EF8882C42F87E
:104D8000203018BF59464FFA8CF04045E2DB731AC9
:104D90005E42294604A85E41FFF731FE09F1900307
:104DA0006B44009853F8802C57F8803C294643EA1E
:104DB000C273013C47F8803C24B2FFF720FEA9E70C
:104DC00024AB4FF0000CC6F1010E614603EB860ADE
:104DD00003EB8E0ED7E730B591B004461D4668460A
:104DE0009DF95030FFF738FE2A4669462046FFF706
:104DF00057FF11B030BD30B51C4691B0054693F950
:104E000000306846FFF728FED4F8AC3069462846E3
:104E1000984711B030BD13460A46FFF7ECBF2DE9A5
:104E2000F04793F9006092B0044689461046314637
:104E300015461F46FFF783FE002840F091803A4652
:104E4000494602A8FFF7E7FF3B4602AA21460AA807
:104E5000FFF7D1FF02A908463A46FFF7DCFF3B46C1
:104E60002A4649464846FFF7C6FF07F104083A4676
:104E700029462846FFF7CFFF43462A4621462046CB
:104E80000096FFF7E2FE43462A462946284600964A
:104E9000FFF7DBFE43462A46214628460096FFF7E9
:104EA000EDFE3B462A4621462046FFF7A4FF434637
:104EB0002246214628460096FFF7C7FE4346009645
:104EC0002A4621462046FFF7C0FE2368DB074AD565
:104ED0003346424621462046FFF777FD314682465B
:104EE0002046FFF78CFD06F18043013B54F8232058
:104EF00042EACA7244F823203A4621462846FFF780
:104F00008AFF43460AAA294628460096FFF7B6FEBE
:104F100043460AAA294628460096FFF7AFFE0AA98B
:104F2000084643462A460096FFF7A8FE3B460AAAD3
:104F300021462046FFF75FFF02AA4346104621465E
:104F40000096FFF79BFE324629462046FFF72FFECC
:104F500049462846FFF72BFE02A94846FFF727FEE1
:104F600012B0BDE8F08731462046FFF748FDC3E7A1
:104F70002DE9F04115468AB004460E461C22002158
:104F800003A800F047FD2F1D95F9008003232A4652
:104F9000314620460293FFF73EFF3B4602AA2146D8
:104FA0002046CDF80080FFF769FE2B4632462146A9
:104FB0002046FFF720FFCDF800803B4605F1840234
:104FC00021462046FFF741FE0AB0BDE8F081F0B56A
:104FD0000F46A1B006461946384615461C46FFF74F
:104FE000AEFD28B1304621B0BDE8F040FFF79CBDD2
:104FF000224639466846FFF7DAFD294608A8FFF73A
:10500000D6FD10A82146FFF78FFD012318A81093A5
:10501000FFF78AFD224608A96846FFF7D4FD30B99C
:10502000224610A93046FFF7C2FD21B0F0BD009B1B
:10503000DA0709D421466846FFF7E1FC22462946F3
:1050400010A8FFF7E9FCE5E7089BDB0707D421463A
:1050500008A8FFF7D4FC2246294618A8F1E7002843
:1050600023461CDD08AA69466846FFF7D3FD2146A2
:105070006846FFF7C4FC224618A910A8FFF7A3FD55
:10508000002805DA10A923462A460846FFF79DFCAA
:1050900010A9234618AA0846FFF7BCFDCEE76A46CA
:1050A00008A8FFF7B7FD214608A8FFF7A8FC22468D
:1050B00010A918A8FFF787FD002805DA18A92346CC
:1050C0002A460846FFF781FC18A9234610AA08467D
:1050D000FFF7A0FDBFE7F0B5154689B01C460746AF
:1050E0000E461A4629466846FFF795FE23466A464D
:1050F00039463846FFF77FFE23462A46694668460A
:10510000FFF779FE23466A4631463046FFF773FEC5
:1051100009B0F0BD2DE9F0478AB01446DDF848A08B
:1051200055461F4615F9046B0096804689462B4666
:105130000246214602A8FFF7A1FD02A952460846F1
:10514000FFF769FE534602AA41464046FFF753FE69
:10515000534602AA21462046FFF74DFE2B464A46FB
:10516000394638460096FFF789FD5246394602A86F
:10517000FFF751FE02A92B46424608460096FFF76C
:105180007DFD02A92B46224608460096FFF776FDD4
:105190002B464246214620460096FFF76FFD5346B8
:1051A000224649464846FFF726FE2B4602AA4146BC
:1051B00020460096FFF762FD5346224639463846A0
:1051C000FFF719FE2B464A46394638460096FFF748
:1051D00055FD324602A92046FFF7E9FC0AB0BDE8BA
:1051E000F087F8B50E46D11C48BF911D41F38701E9
:1051F0001446FFF799FC0025671E6AB2A24205F12A
:10520000010500DBF8BDBB1A23F00301B25C03F01B
:105210000303DB009A40435813434350EDE72DE965
:10522000F0471F46B3F9023013F11F0448BF03F1E2
:105230003E046511DC1D48BF03F10E04E4109442E6
:105240004FFA85F928BF1446064688464946FFF7B7
:105250006BFC224641463046FFF7C3FFB7F90220F8
:10526000B2EBC40F4FEAC40320D29B1A06EB8504AD
:105270000021C3F12005A6420FD324374A46314608
:105280003846FFF7A0FC012810D04B463A4631467D
:105290003046BDE8F047FFF7BDBC54F8040D20FAD6
:1052A00003F20A43226000FA05F1E4E7BDE8F08763
:1052B0002DE9F04FFDB01F46869D0792B5F90230EB
:1052C00095F90040049113F11F0648BF03F13E0613
:1052D00046F3471606F1FF3B7CAA02EB8B02002344
:1052E0000DF1900842F8C03C42F8A03C014695F907
:1052F000012048F82B3081466CA8FFF772FFA3000D
:1053000095F9012006936CAB03EB8403184609EB77
:1053100002010393FFF765FF95F9012039464CA878
:10532000FFF75FFF95F9012054A8B918FFF759FF5F
:1053300021464CA8FFF703FC18B100207DB0BDE862
:10534000F08F214654A8FFF7FAFB02900028F4D111
:1053500005F1240A32464CA95046FFF734FC0128D7
:10536000EBD1324654A95046FFF72DFC0128059099
:10537000E3D10CAF3346524654A91CA8FFF727FED1
:10538000029B47F82B303846079A04992B46FFF7C3
:1053900046FF3946384653461CAA0096FFF71BFDC8
:1053A0000DF5B87953461CAA4CA914A80096FFF72E
:1053B00012FD484622466CA9FFF7F9FBA30009EB52
:1053C000030B584603992246FFF7F1FB05F144030E
:1053D0001946224634A80393FFF7E9FB039BA1007B
:1053E000591822463CA8FFF7E2FB2B1D494634AA78
:1053F0001CA800940493FFF741FC5B464A463CA975
:1054000034A80095FFF786FE1CA9084623462A1DEE
:10541000FFF7DDFD1CAA594648462B46FFF75BFE09
:10542000029B0893039B099331466CAB3846CDE948
:105430000A39FFF79CFB3146814614A8FFF797FB1A
:105440008145B8BF81461FFA89F909F1FF3109B2D8
:1054500038460291FFF782FB0299074614A8FFF72E
:105460007DFB003818BF0120003F18BF012747EA25
:1054700040070DF1200B22465BF827704046394665
:10548000FFF795FBA300F91822462CA8FFF78FFB26
:1054900021461CA8FFF748FB059B1C93A9F10209B4
:1054A0000FFA89F9B9F1000F21DA1CA90846049A0C
:1054B0002346FFF78CFD2B461CAA2CA94046FFF77C
:1054C0000AFE324641465046FFF77DFB012805D0D3
:1054D0003346524641464046FFF79CFB22464CA9C4
:1054E0004046FFF785FBB0FA80F0400926E72B46DF
:1054F0001CAAD5F8A4702CA94046B84749460CA868
:10550000FFF72CFB4946074614A8FFF727FB003896
:1055100018BF0120003F18BF012747EA400708AB2A
:1055200053F8277027B32246394634A8FFF73FFBCC
:10553000069B2246F9183CA8FFF739FB2B461CAA0C
:105540003CA934A8FFF7C7FD049B009434AA414648
:1055500044A8FFF793FB2CAB42463CA934A8009526
:10556000FFF7D8FD1CA92B4644AA0846FFF743FCC9
:1055700009F1FF3994E7F8B50C4610B1F9B10AB951
:105580000120F8BD8D1800F128060027836E5A1CF3
:105590008266034414F8011B83F828103F2A0BD9B4
:1055A0003146FBF77BFFD0E9083213F5007342F177
:1055B0000002C0E908328766A542E7D1E0E7084665
:1055C000DFE7F8B50C460546002855D0002954D031
:1055D0008B6ED1E90821D800121841F10001581C46
:1055E0002344C4E9082138284FF08002A0664FF018
:1055F000000783F8282004F128060AD9C0F14002E8
:105600003946304400F03BF831462046FBF746FF70
:10561000A766A06E0021C0F13802304400F02FF8D8
:10562000236A1ABA636A62661A0A84F8633084F8D5
:1056300062201A0C1B0E84F86030314684F8612019
:105640002046FBF72BFF2B1D211F243551F8042F7B
:1056500003F8012C100E03F8040C100C03F8030CD3
:10566000100A03F8020C0433AB42EFD1204670223B
:10567000002100F004F80120F8BD0846FCE700F026
:10568000C9B9002070470FB407B504A951F8040B3D
:105690000191FCF783F803B05DF804EB04B07047A8
:1056A000038B13F0070305D10368002B0CBF002008
:1056B00003207047022B05D1408BB0FA80F04009DF
:1056C00080007047012B05D10368002B0CBF002020
:1056D000052070470020704710B50C4600B111B985
:1056E0006FF0150010BD081D00F093F80028F9D1E7
:1056F000A368032BF6D9F3E72DE9F0410D460746E1
:105700001946281D90461E4600F094F8044638B10C
:105710003346424629463846A446BDE8F041604734
:10572000BDE8F08110B4EFF31182202484F31288D5
:10573000BFF36F8F416110BC0121FCF75FBA38B530
:105740000C46054658B151B10B6843B14B6833B1B3
:105750001C22002100F05EF92C61002038BD6FF0A2
:105760001500FBE770B505460E46FFF7B5FF041EB2
:1057700014DBEFF31182202383F31288BFF36F8FC2
:105780006B8B2C8B4FF6FF718B4204F0070407D113
:1057900082F31188BFF36F8F6FF00A04204670BD4B
:1057A000022C0CD101336B8382F31188BFF36F8F0E
:1057B0000023224631462846FFF79EFFEEE7062CDF
:1057C00014D8DFE804F004131313041A04000023B0
:1057D00033606B683BB9C5E90066ACB90221284665
:1057E000FCF70CFADAE71E606E60F6E782F31188C8
:1057F000BFF36F8F6FF00404D0E782F31188BFF31B
:105800006F8F6FF08504C9E782F31188BFF36F8F44
:10581000C4E7034658B1426802F00302012A03D0EC
:10582000032A04D1026812B10020986070476FF01B
:10583000150070474268816002F00302032A4FF0AE
:10584000000203460CBF006810465A60704770475C
:105850000FB407B504A951F8040B0191FBF79EFFA3
:1058600003B05DF804EB04B070477047002930B412
:10587000044618460BDBA5680844A84207D8E06830
:105880006468214484682468A44630BC60476FF093
:10589000150030BC7047002930B4044618460BDBB5
:1058A000A5680844A84207D8E06864682144846871
:1058B0006468A44630BC60476FF0150030BC704788
:1058C0000029034610B410460ADB9C680844A04235
:1058D00006D8D8685B681944836810BC9B68184771
:1058E0006FF0150010BC704708B5C0688368DB68AE
:1058F0009847006808BD08B5C0688368DB689847AA
:10590000007908BD70B54C680368A34201D201203C
:1059100070BD8A682244934201D30020F8E7D1E9A0
:1059200003254E69B54203D36FF00B038B61F4E797
:105930001B1B42F835304368086902EBC002536014
:105940000B6901330B61E2E7012801D1EFF3058315
:1059500000F09ABB01460068FFF7F6BF08B5FCF7F8
:10596000CBFABDE8084000F000B8704700210120E4
:10597000FFF7EABF61B662B680F31188BFF36F8F9D
:105980007047EFF31180202383F31288BFF36F8FEA
:10599000704772B6002383F31188BFF36F8FBFF394
:1059A0004F8F20BF80F31188BFF36F8F62B67047AF
:1059B000202809D9B0F1004F08D80138B0FA80F09A
:1059C000C0F11F0040007047082070473E2070471C
:1059D000034600201A5C02B970470130FAE710B59F
:1059E0005AB10139841810F8012B11F8013FA04277
:1059F00001D09A42F7D0D01A10BD1046FCE710B57E
:105A0000431E0A44914200D110BD11F8014B03F826
:105A1000014FF7E7C9B202440346934200D17047F1
:105A200003F8011BF9E70369C9B20C2201FB023339
:105A3000186C00F00700704770B5C9B20369EFF346
:105A40001185202484F31288BFF36F8F0C2606FB88
:105A50000134246C14F0C00408D0A24206D085F3AF
:105A60001188BFF36F8F4FF0FF3070BD71430B444F
:105A700001221A6485F31188BFF36F8F43680B44CA
:105A80005B6898470020F0E78022FFF7D5BFF8B5A4
:105A9000069F0469C9B2EFF31186202585F31288A9
:105AA000BFF36F8F0C2569430C44256C05F0070C80
:105AB000BCF1010F0BD1276486F31188BFF36F8F00
:105AC000C4E90E2343685B5898470020F8BD05F0F1
:105AD000C005AF4286F31188BFF36F8F0CBF6FF024
:105AE00077004FF0FF30F1E713B580240094FFF703
:105AF000CEFF02B010BD6FF08500704710B4006992
:105B0000CBB21C2403FB0400002110BC1047002072
:105B100000F014BA38B505460C4600F085FA002DA1
:105B200007DBA84205D9401B84428CBF002001201E
:105B300038BD0020FCE770B50C46154600F07AFA37
:105B4000294606462046FFF7E5FFB8B1B4FBF6F359
:105B500006FB134393B9B5FBF6F306FB13536BB97E
:105B6000AE4201D9002070BD00F064FA064620461E
:105B7000FEF72EFAAD1B3444F9D1F3E76FF01500B0
:105B8000F1E770B50D462846194616461C46FFF744
:105B9000C1FF38B124B1224629463046FFF72FFF16
:105BA000002070BD6FF01500FBE7F7B51C461646E8
:105BB000002382682360A36013690D4601AA694629
:105BC0009847019B5A1E01921BB96FF0150003B054
:105BD000F0BD0098A26847682168676085B9B31A6C
:105BE000D0F800C0634528BF63461A4403FB071181
:105BF0002160A26002689A4206D808300090E0E76F
:105C00006B1AB3FBF7F3EBE70020E0E71346002243
:105C1000FFF7CBBF2DE9F047836886B01B69884644
:105C2000914601A902AA98470024A2462546029B54
:105C3000AB4202D806B0BDE8F087019F07EBC5076D
:105C400000267B6804933A68B2420AEB060302D846
:105C500001359A46EBE703940593494603A8C047EC
:105C60000028E7D0049B01361C44ECE743685B68DE
:105C7000D3F810350B600020704743685B6802EA78
:105C8000010021EA0201C3F80805C3F80C15002041
:105C9000704743685B680020C3F808157047436885
:105CA0005B680020C3F80C15704743685A68D2F847
:105CB000043521EA03000B40C2F80805C2F80C3590
:105CC0000020704710B503695868F8B1884219D1AF
:105CD0009C6808685860A14200D198600020086064
:105CE0002AB15A680A609A68596002B9996000201E
:105CF00010E0814206D10868206098688142EDD1A9
:105D00009C60EBE7044600680028F2D1002AE8D145
:105D10006FF0150010BD00F150039B009BB203F122
:105D2000804303F5883300221A601B6870472DE911
:105D3000F0434FF080430446884685B0012744EA8B
:105D4000080400EB0109C3F80876050B10220021B6
:105D50006846C4F30B04FFF75DFE4FEA193624B919
:105D6000B9F5012F01D2B54210D96FF015001EE030
:105D70006A0904AB03EB820205F01F0352F8101C02
:105D800007FA03F30B4342F8103C0135B542EFD15B
:105D90004FF08043009AC3F80026019AC3F8042606
:105DA000029AC3F81026039AC3F81426002005B0FF
:105DB000BDE8F0838068183820F00700103870477D
:105DC000042809D0052803D1481E18BF01207047B8
:105DD000431A5842584170470120704738B515465C
:105DE0000C4661B15AB1FFF786FD2544214611F8F2
:105DF000013B834203D1A942F9D1012038BD0020E3
:105E0000FCE738B50C460123114622460546FFF74C
:105E10002DFD00280FDB012221462846FFF7DEFF7B
:105E200038B92378012B14BF0223012323700020EB
:105E300038BD0323FAE70120FAE72DE9F7431D46B1
:105E400006460F469046FFF74FFD6C1E0444404245
:105E50000440082C1AD83046FFF74DFD2A468146EB
:105E600041466846FFF7CBFD621B49460DEB050036
:105E7000FFF7D0FD23466A4639463046FFF70BFD53
:105E8000003818BF012003B0BDE8F0834FF0FF30A9
:105E9000F9E707B501238DF8042001AAFFF7CDFF2C
:105EA00003B05DF804FB81681839012221F0070175
:105EB000FFF7EFBF8268183A22F00702FFF7A1BF91
:105EC00013B50C46C0B201A9FBF7ACFF50B921468F
:105ED0000198FDF763F904460198FFF7C6FC2046D8
:105EE00002B010BD0124FAE713B541EA02110446DD
:105EF0008DF80710FFF75EFF012301460DF1070241
:105F00002046FFF79AFF02B010BD8168183921F0D2
:105F1000070101220839FFF7BCBF4FF08053D3F8C7
:105F20003001421C04BF4FF0704393F8E00F831F11
:105F3000584258417047004700F08BB8FDF7BCBB92
:105F4000036803F01F025B0902600CBF4FF0A04022
:105F500000207047F7B5019001A8DDE90847164613
:105F60001D46FFF7EDFF019BB6F1000C18BF4FF087
:105F7000010C00EB83000B1E18BF0123002D43EA28
:105F80004C0314BF4FF00C0C4FF0000C002C43EAF4
:105F90000C0314BF4FF4E06C4FF0000C002F43EAE9
:105FA0000C03D0F8002714BF4FF4403C4FF0000C16
:105FB00043EA0C0322EA030301B109780EB13678F3
:105FC000760019430DB12D78AD0031430CB1247822
:105FD000240229430FB13F783F040C433C43C0F8EF
:105FE000004703B0F0BD1FB50DF10F03019300236F
:105FF0008DF80F1000931A461946FFF7ABFF05B056
:106000005DF804FB024611F0010007D04FF0A041FB
:10601000D1F820351360C1F8203503B9002070474E
:10602000FDF70EBDFDF7ECBC4FF080531A695869BF
:10603000504370474FF08053186970474FF08053BA
:1060400058697047FDF7F2BF08B5FFF7FBFF002066
:1060500008BD08B1FCF710BB7047704740B1C3687A
:10606000587810F001001EBF1878B0FA80F040098F
:106070007047EFF31183202383F31288BFF36F8FF0
:10608000FEE708B5FFF7F5FF10B5EFF31184202305
:1060900083F31288BFF36F8FFFF7F3FF84F3118848
:1060A000BFF36F8F10BD10B5D0E9003433B90020B5
:1060B000E268537843F00103537010BD20469847BF
:1060C0000028F4D00028B8BF4042E368FF28A8BFEA
:1060D000FF201870ECE7FFF79DBCFFF790BCEFF3D3
:1060E0000580003818BF01207047000024A0FF7F02
:1060F00001000000612600000000000001270000F0
:10610000246100004960000000000000012A000036
:1061100038610000592F0000000000009D29000098
:106120004C610000A36B0000286500004065000082
:1061300080000020AC0D0020D86B000078650000C6
:106140009065000084000020080E0020BE6B000057
:10615000000000005C6500008200002000000000DC
:10616000AD380000375F0000000000006D590000EE
:10617000000000006D590000000000006D59000093
:10618000000000006D590000000000006D59000083
:10619000593E0000375F0000000000006D5900000C
:1061A000000000006D590000000000006D59000063
:1061B000000000006D590000000000006D59000053
:1061C000000000006D590000000000006D59000043
:1061D000000000006D590000000000006D59000033
:1061E000000000006D59000000000000E92F0000D1
:1061F000000000006D590000000000006D59000013
:10620000000000006D590000000000006D59000002
:10621000000000006D590000000000006D590000F2
:10622000000000006D590000000000006D590000E2
:10623000000000006D590000000000006D590000D2
:10624000000000006D590000000000006D590000C2
:10625000000000006D590000000000006D590000B2
:10626000000000006D590000000000006D590000A2
:10627000000000006D590000000000006D59000092
:10628000000000006D590000000000006D59000082
:10629000000000006D590000DE66000003000000F1
:1062A0000338FDD870470000020000000500000020
:1062B00001000000956A00007C64000002000000FC
:1062C0000500000002000000050000000820000199
:1062D000FFFFFFFFFFFFFFFFFFFFFFFF00000000CA
:1062E000000000000000000001000000FFFFFFFFB1
:1062F000512563FCC2CAB9F3849E17A7ADFAE6BC68
:10630000FFFFFFFFFFFFFFFF00000000FFFFFFFF99
:1063100096C298D84539A1F4A033EB2D817D03773F
:10632000F240A463E5E6BCF847422CE1F2D1176BDA
:10633000F551BF376840B6CBCE5E316B5733CE2BAD
:10634000169E0F7C4AEBE78E9B7F1AFEE242E34FDC
:106350004B60D2273E3CCE3BF6B053CCB0061D6519
:10636000BC86987655BDEBB3E7933AAAD835C65AA2
:106370001F4E0000714F000011130000982F8A4239
:1063800091443771CFFBC0B5A5DBB5E95BC2563987
:10639000F111F159A4823F92D55E1CAB98AA07D89F
:1063A000015B8312BE853124C37D0C55745DBE72C2
:1063B000FEB1DE80A706DC9B74F19BC1C1699BE442
:1063C0008647BEEFC69DC10FCCA10C246F2CE92DD2
:1063D000AA84744ADCA9B05CDA88F97652513E98F6
:1063E0006DC631A8C82703B0C77F59BFF30BE0C6FD
:1063F0004791A7D55163CA0667292914850AB7278B
:1064000038211B2EFC6D2C4D130D385354730A6527
:10641000BB0A6A762EC9C281852C7292A1E8BFA2FE
:106420004B661AA8708B4BC2A3516CC719E892D166
:10643000240699D685350EF470A06A1016C1A419E9
:10644000086C371E4C774827B5BCB034B30C1C39E8
:106450004AAAD84E4FCA9C5BF36F2E68EE828F74A7
:106460006F63A5781478C8840802C78CFAFFBE90C1
:10647000EB6C50A4F7A3F9BEF27871C65B00000084
:1064800006000000000000000000000000C0000046
:106490004C6100000100000000C00000000200008C
:1064A0004C6100000200000000C0000000A00300DA
:1064B0004C6100000300000000C20000009E0300C9
:1064C0004C6100000400000000C20000009E0300B8
:1064D0004C610000050000000060040000A0030003
:1064E0004C610000000000200000000000000B06CE
:1064F000401C00204000000000000B1502000000BE
:106500000465000000000000946B000024000202FB
:10651000000000209C6B00001E000B11BD26000037
:106520008D26000000000000FD2700007D270000F0
:10653000B26B0000592700000F5B0000B86B000031
:10654000F75A0000895A0000E95A000000000000D4
:10655000275A00000000000000000000835B0000DC
:10656000B5290000375B000095290000852900004F
:1065700004000000FF000000FFFFFFFF00000050CC
:10658000000000000000000000600040000000006B
:10659000852A00006D5C00007B5C0000935C0000BD
:1065A0009F5C0000AB5C0000052C0000C55C000097
:1065B000000000000200000005000000F460000080
:1065C000F4600000146100001C6100002461000000
:1065D00024610000010002001000110020002100D1
:1065E0002200230024003000310032003300FFFF7E
:1065F00077C295F360D2EF7F3552500F2CB6798079
:1066000025633A205374617274696E6720626F6FFC
:10661000746C6F616465720A0025633A20556E617F
:10662000626C6520746F2066696E6420626F6F749F
:1066300061626C6520696D6167650A0025633A20B7
:10664000426F6F746C6F6164657220636861696E1C
:106650006C6F61642061646472657373206F666639
:106660007365743A20307825780A0025633A204A09
:10667000756D70696E6720746F2074686520666937
:1066800072737420696D61676520736C6F740A00A2
:1066900025633A2050726F74656374206D63756270
:1066A0006F6F7420666C617368206661696C6564E5
:1066B0002C2063616E63656C2073746172747570F5
:1066C0002E0A0025633A204E657665722073686F46
:1066D000756C642067657420686572650A006D6377
:1066E00075626F6F740025633A20696E76616C691C
:1066F0006420666C6173682049442025643B2065F2
:10670000787065637465642025640A002A8648CE23
:106710003D030107002A8648CE3D02010025633A69
:1067200020556E61626C6520746F206465746572BB
:106730006D696E6520666C61736820736563746F44
:1067400072206F662074686520696D6167652074CA
:106750007261696C65720A007072696D61727900AC
:106760007365636F6E646172790025633A20496DC9
:1067700061676520696E2074686520257320736CDD
:106780006F74206973206E6F742076616C69642168
:106790000A0025633A2025642073746174757320A0
:1067A0007772697465206661696C732070657266C2
:1067B0006F726D696E672074686520737761700A07
:1067C0000025633A204661696C656420746F206F10
:1067D00070656E20666C6173682061726561204926
:1067E000442025642028696D616765202564207335
:1067F0006C6F74202564293A2025642C2063616E17
:106800006E6F7420636F6E74696E75650A00256320
:106810003A204661696C65642072656164696E67DF
:1068200020736563746F72733B20424F4F545F4D0A
:1068300041585F494D475F534543544F52533D259F
:1068400064202D20746F6F20736D616C6C3F0A00A3
:1068500025633A204661696C6564207265616469EC
:106860006E6720696D616765206865616465727334
:106870003B20496D6167653D25750A0025633A2017
:106880004661696C65642072656164696E67206247
:106890006F6F74207374617475733B20496D616709
:1068A000653D25750A0025633A2070616E69632194
:1068B0000A0025633A204465746563746564206941
:1068C0006E636F6E73697374656E74207374617434
:1068D0007573210A0025633A2043616E6E6F742040
:1068E000757067726164653A206E6F742061206311
:1068F0006F6D70617469626C6520616D6F756E7427
:10690000206F6620736563746F72730A0025633AA3
:106910002043616E6E6F7420757067726164653AB2
:10692000206D6F726520736563746F727320746875
:10693000616E20616C6C6F7765640A0025633A2094
:1069400043616E6E6F7420757067726164653A2082
:106950006E6F742073616D6520736563746F722050
:106960006C61796F75740A0062616400676F6F64AF
:1069700000756E736574005072696D61727920697B
:106980006D6167650025633A2025733A206D616764
:1069900069633D25732C20737761705F747970652E
:1069A0003D307825782C20636F70795F646F6E6559
:1069B0003D307825782C20696D6167655F6F6B3D90
:1069C000307825780A005365636F6E6461727920B0
:1069D000696D6167650025633A20426F6F742073AB
:1069E0006F757263653A207072696D617279207398
:1069F0006C6F740A0025633A20426F6F7420736FC6
:106A0000757263653A206E6F6E650A0025633A20E1
:106A10005374617274696E67207377617020757347
:106A2000696E67206D6F766520616C676F7269743F
:106A3000686D2E0A0025633A204E6F7420656E6FD4
:106A40007567682066726565207370616365207480
:106A50006F2072756E207377617020757067726138
:106A600064650A0025633A20726571756972656410
:106A700020256420627974657320627574206F6EBE
:106A80006C792025642061726520617661696C6192
:106A9000626C650A003059301306072A8648CE3DDD
:106AA000020106082A8648CE3D030107034200047E
:106AB0002ACB403CE8FEED5BA44995A1A91DAEE8B8
:106AC000DBBE1937CD14FB2F245737E5953988D90C
:106AD00094B9D65AEBD7CDD5308AD6FE48B24A6A99
:106AE000810EE5F07D8B6834CC3A6AFC538EFAC196
:106AF0002D0020002B00307800305800286E696C83
:106B000029002A2A2A20426F6F74696E67204D433C
:106B100055626F6F742076322E312E302D6465767B
:106B20002D646166323934366130663037202A2A66
:106B30002A0A002A2A2A205573696E67206E524657
:106B400020436F6E6E6563742053444B2076322E63
:106B5000372E302D35636238353537306361343345
:106B6000202A2A2A0A002A2A2A205573696E6720B9
:106B70005A6570687972204F532076332E362E393D
:106B8000392D313030626566633730633734202AFF
:106B90002A2A0A00464C4153485F30005352414D67
:106BA0005F3000636C6F636B4034303030303030B6
:106BB00030006866636C6B006C66636C6B00666CBF
:106BC0006173682D636F6E74726F6C6C65724034A4
:106BD00030303165303030006770696F40353030AB
:106BE0003030303030007065726D00746573740041
:106BF0004255473B2063616E277420686170706561
:106C00006E007265766572740025633A2053656381
:106C10006F6E6461727920696D616765206F6620AF
:106C2000696D6167652070616972202825642E296D
:106C300020697320756E726561636861626C652E90
:106C400020547265617420697420617320656D70D1
:106C500074790A0025633A20496D61676520696E81
:106C60006465783A2025642C20537761702074790C
:106C700070653A2025730A0025633A20496D6167E3
:106C80006520696E6465783A2025642C205377610D
:106C90007020747970653A206E6F6E650A00040189
:106CA00004030402040104010403010303040104B6
:106CB00000000000010000000101000001010101CD
:106CC000000000005465726D696E616C0000000088
:106CD00000000054545220524547474553000000DD
:106CE00001000000FFFFFFFF155A0000835600005F
:106CF00084640000000000000000000000000000AC
:106D00000000000000000000000000000000000083
:106D10000000000000000000000000000000000073
:106D20000000000000000000000000000000000063
:106D30000000000000000000000000000000000053
:106D40000000000008000000FF000000000000003C
:106D50000100000000000000780000207800002002
:0A6D600000000000000015E015E03F
:10C000003DB8F39600000000000200002874030011
:10C0100000000000010043000000000000000000DC
:10C02000FFFFFFFFFFFFFFFFFFFFFFFFFFFFFFFF20
:10C03000FFFFFFFFFFFFFFFFFFFFFFFFFFFFFFFF10
:10C04000FFFFFFFFFFFFFFFFFFFFFFFFFFFFFFFF00
:10C05000FFFFFFFFFFFFFFFFFFFFFFFFFFFFFFFFF0
:10C06000FFFFFFFFFFFFFFFFFFFFFFFFFFFFFFFFE0
:10C07000FFFFFFFFFFFFFFFFFFFFFFFFFFFFFFFFD0
:10C08000FFFFFFFFFFFFFFFFFFFFFFFFFFFFFFFFC0
:10C09000FFFFFFFFFFFFFFFFFFFFFFFFFFFFFFFFB0
:10C0A000FFFFFFFFFFFFFFFFFFFFFFFFFFFFFFFFA0
:10C0B000FFFFFFFFFFFFFFFFFFFFFFFFFFFFFFFF90
:10C0C000FFFFFFFFFFFFFFFFFFFFFFFFFFFFFFFF80
:10C0D000FFFFFFFFFFFFFFFFFFFFFFFFFFFFFFFF70
:10C0E000FFFFFFFFFFFFFFFFFFFFFFFFFFFFFFFF60
:10C0F000FFFFFFFFFFFFFFFFFFFFFFFFFFFFFFFF50
:10C10000FFFFFFFFFFFFFFFFFFFFFFFFFFFFFFFF3F
:10C11000FFFFFFFFFFFFFFFFFFFFFFFFFFFFFFFF2F
:10C12000FFFFFFFFFFFFFFFFFFFFFFFFFFFFFFFF1F
:10C13000FFFFFFFFFFFFFFFFFFFFFFFFFFFFFFFF0F
:10C14000FFFFFFFFFFFFFFFFFFFFFFFFFFFFFFFFFF
:10C15000FFFFFFFFFFFFFFFFFFFFFFFFFFFFFFFFEF
:10C16000FFFFFFFFFFFFFFFFFFFFFFFFFFFFFFFFDF
:10C17000FFFFFFFFFFFFFFFFFFFFFFFFFFFFFFFFCF
:10C18000FFFFFFFFFFFFFFFFFFFFFFFFFFFFFFFFBF
:10C19000FFFFFFFFFFFFFFFFFFFFFFFFFFFFFFFFAF
:10C1A000FFFFFFFFFFFFFFFFFFFFFFFFFFFFFFFF9F
:10C1B000FFFFFFFFFFFFFFFFFFFFFFFFFFFFFFFF8F
:10C1C000FFFFFFFFFFFFFFFFFFFFFFFFFFFFFFFF7F
:10C1D000FFFFFFFFFFFFFFFFFFFFFFFFFFFFFFFF6F
:10C1E000FFFFFFFFFFFFFFFFFFFFFFFFFFFFFFFF5F
:10C1F000FFFFFFFFFFFFFFFFFFFFFFFFFFFFFFFF4F
:10C20000007A0020A5310200734C03009131020036
:10C2100091310200913102009131020000000000D2
:10C22000000000000000000000000000D933020000
:10C2300091310200000000006D33020091310200D4
:10C240002D370200299A03002D3702002D370200F6
:10C250002D3702002D3702002D3702002D37020046
:10C26000F99903002D3702002D370200139A0300BD
:10C270002D3702002D3702002D3702002D37020026
:10C280002D3702002D3702002D3702002D37020016
:10C290002D3702002D3702002D3702002D37020006
:10C2A0002D3702002D3702002D3702002D370200F6
:10C2B0002D3702002D3702002D3702002D370200E6
:10C2C0002D3702002D3702002D3702002D370200D6
:10C2D0002D3702002D3702002D370200FFFFFFFF30
:10C2E0009FED197B70B51A4A1A4D002342F22000C7
:10C2F0002021A972288185F82130136082F8283026
:10C3000082ED027BAB7385ED067B1C4685F822101F
:10C3100085F8203005F1280202F814300134202C71
:10C32000FAD101260C48EE730BF0C0FF0B4B1870CE
:10C330000B4B1C700CF02AF8286009F013F885F8F4
:10C34000236070BDAFF30080FFFFFFFFFFFFFFFF23
:10C3500040170020C0170020055E01007017002064
:10C360003817002081F0004102E000BF83F0004355
:10C3700030B54FEA41044FEA430594EA050F08BF80
:10C3800090EA020F1FBF54EA000C55EA020C7FEA44
:10C39000645C7FEA655C00F0E2804FEA5454D4EBC1
:10C3A0005555B8BF6D420CDD2C4480EA020281EA8B
:10C3B000030382EA000083EA010180EA020281EAC3
:10C3C0000303362D88BF30BD11F0004F4FEA013115
:10C3D0004FF4801C4CEA113102D0404261EB410124
:10C3E00013F0004F4FEA03334CEA133302D05242AA
:10C3F00063EB430394EA050F00F0A780A4F1010466
:10C40000D5F1200E0DDB02FA0EFC22FA05F280189F
:10C4100041F1000103FA0EF2801843FA05F3594185
:10C420000EE0A5F120050EF1200E012A03FA0EFC04
:10C4300028BF4CF0020C43FA05F3C01851EBE3712E
:10C4400001F0004507D54FF0000EDCF1000C7EEB4B
:10C4500000006EEB0101B1F5801F1BD3B1F5001F89
:10C460000CD349085FEA30004FEA3C0C04F10104A8
:10C470004FEA445212F5800F80F09A80BCF1004FD1
:10C4800008BF5FEA500C50F1000041EB045141EA53
:10C49000050130BD5FEA4C0C404141EB0101013C1C
:10C4A00028BFB1F5801FE9D291F0000F04BF01460B
:10C4B0000020B1FA81F308BF2033A3F10B03B3F1DD
:10C4C00020020CDA0C3208DD02F1140CC2F10C026D
:10C4D00001FA0CF021FA02F10CE002F11402D8BFCB
:10C4E000C2F1200C01FA02F120FA0CFCDCBF41EA97
:10C4F0000C019040E41AA2BF01EB0451294330BD66
:10C500006FEA04041F3C1CDA0C340EDC04F1140442
:10C51000C4F1200220FA04F001FA02F340EA030019
:10C5200021FA04F345EA030130BDC4F10C04C4F15F
:10C53000200220FA02F001FA04F340EA030029463F
:10C5400030BD21FA04F0294630BD94F0000F83F489
:10C55000801306BF81F480110134013D4EE77FEA6C
:10C56000645C18BF7FEA655C29D094EA050F08BFB8
:10C5700090EA020F05D054EA000C04BF1946104699
:10C5800030BD91EA030F1EBF0021002030BD5FEADD
:10C59000545C05D14000494128BF41F0004130BD05
:10C5A00014F580043CBF01F5801130BD01F0004559
:10C5B00045F0FE4141F470014FF0000030BD7FEACC
:10C5C000645C1ABF194610467FEA655C1CBF0B46C7
:10C5D000024650EA013406BF52EA033591EA030FDE
:10C5E00041F4002130BD00BF90F0000F04BF0021D6
:10C5F000704730B54FF4806404F132044FF0000509
:10C600004FF0000150E700BF90F0000F04BF002181
:10C61000704730B54FF4806404F1320410F00045E7
:10C6200048BF40424FF000013EE700BF42004FEAE2
:10C63000E2014FEA31014FEA02701FBF12F07F435F
:10C6400093F07F4F81F06051704732F07F4208BF16
:10C65000704793F07F4F04BF41F40021704730B51D
:10C660004FF4607401F0004521F000411CE700BF69
:10C6700050EA010208BF704730B54FF000050AE0EC
:10C6800050EA010208BF704730B511F0004502D5ED
:10C69000404261EB41014FF4806404F132045FEAEF
:10C6A000915C3FF4D8AE4FF003025FEADC0C18BF98
:10C6B00003325FEADC0C18BF033202EBDC02C2F18A
:10C6C000200300FA03FC20FA02F001FA03FE40EA1C
:10C6D0000E0021FA02F11444BDE600BF70B54FF020
:10C6E000FF0C4CF4E06C1CEA11541DBF1CEA1355FE
:10C6F00094EA0C0F95EA0C0F00F0DEF82C4481EA66
:10C70000030621EA4C5123EA4C5350EA013518BF85
:10C7100052EA033541F4801143F4801338D0A0FB72
:10C7200002CE4FF00005E1FB02E506F00042E0FB1F
:10C7300003E54FF00006E1FB03569CF0000F18BF25
:10C740004EF0010EA4F1FF04B6F5007F64F54074CD
:10C7500004D25FEA4E0E6D4146EB060642EAC62160
:10C7600041EA55514FEAC52040EA5E504FEACE2ECD
:10C77000B4F1FD0C88BFBCF5E06F1ED8BEF1004FD0
:10C7800008BF5FEA500E50F1000041EB045170BD4C
:10C7900006F0004646EA010140EA020081EA030190
:10C7A000B4EB5C04C2BFD4EB0C0541EA045170BD8C
:10C7B00041F480114FF0000E013C00F3AB8014F106
:10C7C000360FDEBF002001F0004170BDC4F100044F
:10C7D000203C35DA0C341BDC04F11404C4F12005D0
:10C7E00000FA05F320FA04F001FA05F240EA02002B
:10C7F00001F0004221F0004110EBD37021FA04F661
:10C8000042EB06015EEA430E08BF20EAD37070BD1A
:10C81000C4F10C04C4F1200500FA04F320FA05F079
:10C8200001FA04F240EA020001F0004110EBD3707B
:10C8300041F100015EEA430E08BF20EAD37070BDEB
:10C84000C4F1200500FA05F24EEA020E20FA04F3C4
:10C8500001FA05F243EA020321FA04F001F0004173
:10C8600021FA04F220EA020000EBD3705EEA430EE4
:10C8700008BF20EAD37070BD94F0000F0FD101F013
:10C880000046400041EB010111F4801F08BF013C4C
:10C89000F7D041EA060195F0000F18BF704703F08A
:10C8A0000046520043EB030313F4801F08BF013D11
:10C8B000F7D043EA0603704794EA0C0F0CEA1355CD
:10C8C00018BF95EA0C0F0CD050EA410618BF52EA87
:10C8D0004306D1D181EA030101F000414FF000008D
:10C8E00070BD50EA410606BF1046194652EA43069B
:10C8F00019D094EA0C0F02D150EA013613D195EA0F
:10C900000C0F05D152EA03361CBF104619460AD156
:10C9100081EA030101F0004141F0FE4141F4700160
:10C920004FF0000070BD41F0FE4141F4780170BD50
:10C9300070B54FF0FF0C4CF4E06C1CEA11541DBFB5
:10C940001CEA135594EA0C0F95EA0C0F00F0A7F8B7
:10C95000A4EB050481EA030E52EA03354FEA0131E4
:10C9600000F088804FEA03334FF0805545EA1313F7
:10C9700043EA12634FEA022245EA111545EA1065BF
:10C980004FEA00260EF000419D4208BF964244F156
:10C99000FD0404F5407402D25B084FEA3202B61A75
:10C9A00065EB03055B084FEA32024FF480104FF449
:10C9B000002CB6EB020E75EB030E22BFB61A7546BD
:10C9C00040EA0C005B084FEA3202B6EB020E75EB50
:10C9D000030E22BFB61A754640EA5C005B084FEAB8
:10C9E0003202B6EB020E75EB030E22BFB61A754685
:10C9F00040EA9C005B084FEA3202B6EB020E75EB90
:10CA0000030E22BFB61A754640EADC0055EA060E50
:10CA100018D04FEA051545EA16754FEA06164FEA93
:10CA2000C30343EA52734FEAC2025FEA1C1CC0D13F
:10CA300011F4801F0BD141EA00014FF000004FF0CC
:10CA4000004CB6E711F4801F04BF01430020B4F18D
:10CA5000FD0C88BFBCF5E06F3FF6AFAEB5EB030C45
:10CA600004BFB6EB020C5FEA500C50F1000041EB42
:10CA7000045170BD0EF0004E4EEA113114EB5C040F
:10CA8000C2BFD4EB0C0541EA045170BD41F48011E2
:10CA90004FF0000E013C90E645EA060E8DE60CEAEA
:10CAA000135594EA0C0F08BF95EA0C0F3FF43BAF07
:10CAB00094EA0C0F0AD150EA01347FF434AF95EABE
:10CAC0000C0F7FF425AF104619462CE795EA0C0FA2
:10CAD00006D152EA03353FF4FDAE1046194622E76F
:10CAE00050EA410618BF52EA43067FF4C5AE50EA49
:10CAF00041047FF40DAF52EA43057FF4EBAE12E739
:10CB000053B94AB9002908BF00281CBF4FF0FF31B4
:10CB10004FF0FF3000F00CB8ADF1080C6DE904CE19
:10CB20000BF040FEDDF804E0DDE9022304B07047BD
:10CB3000704700BF2DE9F00791E8F807B2E802104E
:10CB40005B1854EB0C04B2E802104D4156EB0C0696
:10CB5000B2E802104F4158EB0C08B2E8021059EB52
:10CB600001095AEB0C0A80E8F80780410130BDE862
:10CB7000F00770472DE9F00791E8F807B2E80210D6
:10CB80005B1A74EB0C04B2E802108D4176EB0C06D4
:10CB9000B2E802108F4178EB0C08B2E8021079EB92
:10CBA00001097AEB0C0A80E8F80780414042BDE8B1
:10CBB000F00770472DE9F007524290E87800B1E89D
:10CBC00080071740DB1918EA020854EB080419EA39
:10CBD000020955EB09051AEA020A56EB0A0678C063
:10CBE00090E87800B1E8800717407B4118EA020816
:10CBF00054EB080419EA020955EB09051AEA020A7E
:10CC000056EB0A0678C080410130BDE8F007704756
:10CC10002DE9F007524290E87800B1E8800717400C
:10CC2000DB1B18EA020874EB080419EA020975EB29
:10CC300009051AEA020A76EB0A0678C090E878003D
:10CC4000B1E880071740BB4118EA020874EB0804FA
:10CC500019EA020975EB09051AEA020A76EB0A06D7
:10CC600078C080414042BDE8F00770472DE9F001EF
:10CC700052424FF0040890E8300091E8C000A31B36
:10CC80001340E41AF618EB1B1340ED1AFF1830C0DE
:10CC9000C0C1B8F10108EED1BDE8F001704700BF96
:10CCA00000B592EC080AB1E8805707EE101A53EC71
:10CCB000102A56EC114AA7FB0251A8FB020BE7FB16
:10CCC0006310E9FB62B041EC145AA8FB0351EAFB84
:10CCD0006201E7FB64B5E7FB6605E8FB661505EE58
:10CCE00010BAA9FB03B6EAFB6316ECFB6356E8FB3C
:10CCF000640BE9FB641BEAFB645BECFB646B05EE15
:10CD0000900AACFB023012EE104AEEFB6250E9FBD7
:10CD10006460EAFB64B0E7FB6431E8FB645112EE47
:10CD2000904AE8FB6461E9FB64B1EAFB640106EE4A
:10CD3000103AA7FB043213EE104AE7FB6462E8FBEB
:10CD400064B2E9FB6402EAFB641211EE904AE9FB6B
:10CD50006453EAFB646313EE904AE7FB64B3E8FBB9
:10CD60006403E9FB6413EAFB642306EE905A17EEB2
:10CD7000109A99E8000610EE108AA9FB0854EAFB05
:10CD800068B412EE108AECFB6804EEFB6814E9FB51
:10CD90006824EAFB683410EE908AEEFB6865E9FBD4
:10CDA00068B5EAFB680512EE908AECFB6815EEFBAD
:10CDB0006825E9FB6835EAFB684507EE106A11EE65
:10CDC000108AAEFB0876E9FB6806EAFB681613EEEC
:10CDD000108AECFB6826EEFB6836E9FB6846EAFB46
:10CDE000685611EE908AECFB68B7EEFB6807E9FB2A
:10CDF0006817EAFB682713EE908AECFB6837EEFBB6
:10CE00006847E9FB6857EAFB686700BD2DE9F04F0A
:10CE100007EE900AFFF744FF17EE908A07EE90BAEC
:10CE2000A8EC084A88E8FF00BDE8F08F00B591E85B
:10CE30009857A3FB0352A3FB0401E3FB6420E3FB2D
:10CE4000671042EC145AA3FB0752E3FB6802E4FBB1
:10CE50006415E3FB6805E3FB6925A4FB07B6E3FB68
:10CE60006926E3FB6A56E4FB670BE4FB682BE3FBF4
:10CE70006A5BE3FB6C6B40EC151AA4FB0810E4FB47
:10CE80006950E3FB6C60E3FB6EB0E7FB6721E4FBFA
:10CE90006951E4FB6A61E3FB6EB1E4FB6E0106EEEF
:10CEA000102AA7FB0832E4FB6A62E4FB6CB2E4FBE5
:10CEB0006E02E7FB6E12E7FB6853E7FB6963E4FB76
:10CEC0006CB3E7FB6C03E7FB6E13E8FB6E2306EE27
:10CED000905AA7FB0954E7FB6AB4E7FB6C04E8FB34
:10CEE0006C14E8FB6E24E9FB6E34E8FB6865E7FB35
:10CEF0006AB5E8FB6A05E8FB6C15E9FB6C25E9FB04
:10CF00006E35EAFB6E4507EE106AA8FB0976E8FB72
:10CF10006A06E9FB6A16E9FB6C26EAFB6C36EAFB5B
:10CF20006E46ECFB6E56E8FB69B7E9FB6907E9FB67
:10CF30006A17EAFB6A27EAFB6C37ECFB6C47ECFBF1
:10CF40006E57EEFB6E6700BD2DE9F04F07EE900ABD
:10CF5000FFF76CFF17EE908A07EE90BAA8EC084A2C
:10CF600088E8FF00BDE8F08F30B44FF0000310F800
:10CF7000014B11F8015B013A84EA050443EA04031A
:10CF8000F5D1A3F101034FEAD37030BC704700BF65
:10CF90004FF0000310F8012B013943EA0203F9D1E5
:10CFA000A3F101034FEAD370704700BF30B411F80A
:10CFB000014B12F8015B6C4000F8014B013BF6D1CC
:10CFC00030BC70472DE9F00791E8F807B2E802108D
:10CFD0005B1854EB0C04B2E802104D4156EB0C0602
:10CFE000B2E802104F4158EB0C08B2E8021059EBBE
:10CFF00001095AEB0C0A8941B3F1FF3374F1FF3494
:10D0000075F1FF3576F1000677F1000778F1000839
:10D0100079F101097AF1FF3A51F100015B184C41B5
:10D020004D4156F1000657F1000758F1000859EB41
:10D03000D1795AEB010A80E8F807BDE8F00770479C
:10D040002DE9F00791E8F807B2E802105B1A74EBDB
:10D050000C04B2E802108D4176EB0C06B2E8021027
:10D060008F4178EB0C08B2E8021079EB01097AEBFA
:10D070000C0A89415B184C414D4156F1000657F1AD
:10D08000000758F1000859EBD1795AEB010A80E802
:10D09000F807BDE8F007704718EB040859EB0509DD
:10D0A0005AEB060A5BEB070B5FF0000C4CF1000C2F
:10D0B00018EB050859EB06095AEB070A5BEB070B5F
:10D0C00050EB0C005FF0000C51EB0C0152EB0C022A
:10D0D00063414CF1000CB8EB070879F100097AF1D3
:10D0E000000A7BEB040BA841B141A241B3416CF1B2
:10D0F000000CBBEB050BB041B941AA41BB416CF13F
:10D10000000C4CF001068CF0020718EB060859EBF6
:10D110006C095AEB6C0A7BEB6C0B70EB6C0471EBDB
:10D120006C0572EB670653EB6C076CEB6C0C18EB41
:10D130000C0059EB0C015AEB0C025BF1000354F1AB
:10D14000000455F1000556EBDC7657EB0C077047F1
:10D150002DE9F04F07EE900AFFF7A2FD59EC168A71
:10D1600017EE10AAFFF798FF59EC148A5BEC15AA8A
:10D17000FFF792FF17EE908A88E8FF00BDE8F08F76
:10D180002DE9F04F07EE900AFFF750FE59EC168A92
:10D1900017EE10AAFFF780FF59EC148A5BEC15AA72
:10D1A000FFF77AFF17EE908A88E8FF00BDE8F08F5E
:10D1B0001FB50B4B01934FF48C73ADF80830082367
:10D1C0008DF80A3083788DF80B3001A9FF230120F8
:10D1D0008DF80C3000F092FB05B05DF804FB00BF49
:10D1E0009FB801001FB50A4B01934FF43673ADF899
:10D1F000083008238DF80A3001A943788DF80B30E8
:10D2000000208DF80C0000F079FB05B05DF804FB00
:10D210002DBD0100F7B504460D4641B9124B1B78F0
:10D22000012B04D0019101A80121FFF7F3FF23682E
:10D230000E4E0F4F0733002D23F0070323600CBF62
:10D240002046002000F036FB002556F8043B0BB1C9
:10D25000384698470135032DF7D100F09FFB23682E
:10D260001844206003B0F0BD200B002040000020D7
:10D27000220B00202DE9F7432A4C0190074601A814
:10D280000E46FFF7C7FFA578E3784FF000091D446D
:10D29000EDB2C8465FFA89F39D4238D80198033051
:10D2A00020F00300002E0190414618BF002000F03E
:10D2B000B7FC019B21791D18019589B16379627CC6
:10D2C0000335002E25F003051A44D2B2A389019537
:10D2D0000CBF2846002000F017FD019B1844019068
:10D2E000A17B79B123796BB1019B073323F007034D
:10D2F000002E0CBF18460020019304F0D7F8019BC4
:10D30000184401900198C01B03B0BDE8F083A37AD4
:10D31000627A217AE0790CF0D9F809F101098044A8
:10D32000B8E700BF200B00208FB572B6194B9D6A7D
:10D33000E5B9BFF34F8F1849184BCA6802F4E06291
:10D340001343CB60BFF34F8F00BFFDE7B4FBF6F490
:10D35000DAB20133002CF9D102F110036B440A2632
:10D3600003F80C4C32B901A8A847E2E704460023B1
:10D370000A26EDE7531E04AC54FA83F4DAB2C3B2C2
:10D38000B3FBF6F706FB1733303304F80C3CB0FB65
:10D39000F6F0E7E7200B002000ED00E00400FA05BE
:10D3A0001FB5104B9A7A8DF809205A7A8DF808200B
:10D3B00002A81A7ADB79ADF80C20ADF80A3002F039
:10D3C00057FC18B1DB210320FFF7AEFF012301A8B2
:10D3D0008DF804300DF0ECF808B1DF21F3E705B06B
:10D3E0005DF804FB200B002038B5044690B30AF02A
:10D3F000E9FD10B94FF0FF3038BD07F031FCB0F552
:10D40000FA7FF7D8164D1748AC6200F0F3F9164BC7
:10D4100028460024C3E900449C6000F8024B262201
:10D4200021460BF04DF90123EB702B711B23EB719F
:10D4300040F21B332B810223AB721F23AB810823E5
:10D44000AB73EFF3108572B600F034FD2DB962B600
:10D450002846D1E76FF01500CEE72046CCE700BFA5
:10D46000200B0020A1D300004000002010B50028B0
:10D4700036D1204C2378022B2FD059B1002A32D03C
:10D48000023905292CD8DFE801F0030F1D2B2023DA
:10D490001378E37001210020FFF7ECFEB0F5803F28
:10D4A00024DA0123237010BD9378E3B1D378D3B18C
:10D4B00013781A2B17D953781A2B14D91368C4F878
:10D4C0000730E7E713782371E4E71388A381E1E7E6
:10D4D0001388FF2B07D8A373DCE74FF0FF30E2E798
:10D4E0006FF02C00DFE76FF01500DCE76FF00B004A
:10D4F000D9E700BF200B002070B50D460646E8B105
:10D50000E1B111F0070419D100F0B2F8C8B130460A
:10D510000AF0CCFE0C4E214686F82C002846FFF778
:10D52000A9FE0EF045FC96F82C00214602F034FCD2
:10D53000FFF736FF02233370204670BD6FF01500F1
:10D54000FBE74FF0FF30F8E7200B002010B5074C49
:10D550002378022B05D102F037FC94F82C000AF056
:10D56000C1FE0CF0A0F80020207010BD200B0020A0
:10D5700050B1074B03F1140253F8041B40F8041B8D
:10D580009342F9D1002070476FF01500704700BF3B
:10D590009429040010B5064B1C7834B902F0C6FB80
:10D5A000044B054A5A60204610BD4FF0FF30FBE7A0
:10D5B000200B002040000020B1D1000010B5064B28
:10D5C0001C7834B902F0C6FB044B054A1A602046A9
:10D5D00010BD4FF0FF30FBE7200B00204000002083
:10D5E000E5D1000010B5054B1C781CB902F06AFBB0
:10D5F000204610BD4FF0FF30FBE700BF200B00209E
:10D6000010B5054B1C781CB90CF0E8FF204610BD86
:10D610004FF0FF30FBE700BF200B002010B5054B9B
:10D620001C781CB90CF0DDFF204610BD4FF0FF3018
:10D63000FBE700BF200B002008B5054B1B78022B31
:10D6400003D002F01DF9002008BD4FF0FF30FBE7CA
:10D65000200B0020024B02681A600020704700BFB8
:10D66000500B0020014B1B68184700BF500B0020D7
:10D67000024B1868003818BF01207047500B00207B
:10D680002DE9F341284E031D04463360304603F074
:10D69000D7F90228054607D1234920460BF0F1F9B6
:10D6A000284602B0BDE8F081042836D13378072B34
:10D6B00018D13E2000F04EF878B9F378327901A9FC
:10D6C00043EA02236846ADF800300BF0A8FC0028BE
:10D6D000DCD053210820FFF727FE052000F07AF860
:10D6E0000028EAD0314620460BF032FAB0F5817FAF
:10D6F00001D37221EEE70028C8D0277894F8028081
:10D70000384600F027F80028C0D03E2FC8D1404648
:10D7100000F060F80028C3D1B8E70828C0D102495A
:10D7200020460BF0DDF9BBE7540B0020074B4FF010
:10D73000FF3141F6FF72C3E9001205490022C1E939
:10D7400000221F21C3E90212704700BF0000002021
:10D75000980B00203F280CD801380B4BC0F3421225
:10D7600000F01F0053F8223023FA00F000F001000F
:10D770007047FF2806D04038C0F34212034B00F038
:10D780001F00EFE70120704700000020980B0020E9
:10D790000146074B006849681A4603C240F48C22D0
:10D7A0001A6041F0107242F4FF625A60704700BF85
:10D7B000000000200246024B0068516803C3704716
:10D7C000980B00200246024B0068516803C3704763
:10D7D000080000200138064BC0F3421203EB82031D
:10D7E00000F01F009B6823FA00F000F00100704772
:10D7F00000000020014B1860704700BFA00B002004
:10D8000007B5FFF793FF0CF048FB044B1B6813B1FF
:10D8100001909847019803B05DF804FBA00B00202D
:10D820000B880288F0B5C3F30E049EB204F118030E
:10D83000C57CC35A05352A442B4497B213FA82F3A8
:10D84000013B4288B3FBF7F313FB07439BB29A42B9
:10D85000044A93BF22EA0603324013439BB20B8073
:10D86000F0BD00BF0080FFFF10B5114B00EB41047D
:10D870001A786389B3FBF2F303FB0223013A1A44DB
:10D88000B2F5706F027928BF00231A448378B2FB87
:10D89000F3F0194403FB1020091AB1FBF3F003FB6A
:10D8A000101313446FEA43436FEA5343638110BD7F
:10D8B000A40B002010B5104BC8B15A78022A04D02E
:10D8C00040F22B111720FFF72FFD03225A70026838
:10D8D00012F0070102D04FF49871F3E75C685A60C8
:10D8E00022440260C3E903119A60596110BD01220C
:10D8F000C3E901005A70F9E7A40B00202DE9F041BB
:10D90000254E96F801E00EF0FD0CBCF1010F04D09D
:10D9100040F245111720FFF707FD91F80680B8F196
:10D92000080F02D940F24711F4E7CF7997B3454683
:10D93000022D726838BF02257B1D5C0002EB430399
:10D940006A1E13446D422B408D884544013DC8F149
:10D9500000022A404FF6FE75AA4202D94FF4A9717F
:10D96000D8E7BEF1030F12D106EB80001C1BC5687F
:10D9700015B140F25711CDE7C460A770228084F83A
:10D9800003C0087A09682071080CE080218107FB38
:10D9900002337360BDE8F081A40B00202DE9F0474D
:10D9A000364C6378012B65D0032B04D040F267110D
:10D9B0001720FFF7B9FCD4E901329A4202D04FF4A4
:10D9C000B571F5E72546002305F80C3B1E460222FB
:10D9D000994655F82200013A58B190F804808178B0
:10D9E000B8F1FF0F2FD180F804908E423CBFCEB229
:10D9F0000123511CEDD103B12670022640F6FF69C8
:10DA000055F826709FBB013EFAD2042363700020B4
:10DA1000BDE8F08755F82CE0BEF1000F06D09EF867
:10DA200004A0C24504BF9EF802E077440CF1FF3C1D
:10DA3000BCF1000FEEDA3944FF2907D903B1267093
:10DA40004FF48371B4E794460027F1E70771CCE700
:10DA500007EB41033846A3F80A90FFF705FF08F1EA
:10DA60000108BB785FFA88F18B42F1D8CBE74FF021
:10DA70000008F6E7022360686370C9E7A40B002082
:10DA8000F8B54FF6FF730380184B03EB8101054691
:10DA9000C868B8B186780379B3FBF6F206FB123397
:10DAA000DBB219460A1D00EB4202B2F9027054883B
:10DAB000002F09DB0131B1FBF6F206FB1211C9B2EE
:10DAC0008B42EFD10020F8BDFF29FBD0C4F30E0339
:10DAD000C4782B8024B94FF4D9711720FFF724FCA8
:10DAE0005380BDE8F8400BF0D0BC00BFA40B002071
:10DAF0001D4B03EB810170B5CC68054644B30304AC
:10DB000004D54FF4E0711720FFF70EFC01462046C4
:10DB10000BF09DFCFF28014604D02046BDE8704074
:10DB20000BF0B3BCA078B5FBF0F300FB1353DBB2F2
:10DB300019460A1D04EB4206B6F90260002E09DB05
:10DB40000131B1FBF0F200FB1211C9B28B42F0D1EE
:10DB5000002070BDFF29FBD08B4204EB42021CBFAA
:10DB60000023E3705580D8E7A40B0020094B03EB9A
:10DB7000810110B5CC68014620460BF068FCFF28F7
:10DB8000014604D02046BDE810400BF07EBC0020CA
:10DB900010BD00BFA40B0020F8B5104B03EB8101B2
:10DBA0000746CC68014620460BF051FCFF2805468D
:10DBB00011D0E688238953EA064606D0014620465E
:10DBC0000BF063FC01463846B04720462946FFF774
:10DBD0004BFE0020F8BD0320FCE700BFA40B002093
:10DBE00038B50E4B827903EB82030446D86808B936
:10DBF000022038BD8278E1799142F9D24B1CE37161
:10DC000000EB41035D89B3F90A30002BF3DBA580FB
:10DC10000BF03BFC20600020EBE700BFA40B0020D2
:10DC200070B5044610F003000E4603D049211820B9
:10DC3000FFF77AFB0BF0B0FB054624B103483146F1
:10DC400004600BF0A9FB284670BD00BFBC0B002090
:10DC50002DE9F04F1E4C85B092462268BDF83CB0CD
:10DC600098468146BDF838300D461AB95B21182018
:10DC7000FFF75AFB1A460A21504603930BF037FA76
:10DC80005A460646092140460BF031FA311807463C
:10DC900020680BF0ABFB039BC9F8000018B92860A3
:10DCA00005B0BDE8F08F84192C60D9F8000000930E
:10DCB000524631460A230BF0CCF92868CDF838B02B
:10DCC00009234246394605B0BDE8F04F0BF0C1B913
:10DCD000BC0B002070B50E4604460BF011FA054649
:10DCE00030460BF00DFA044B2A1821461868BDE89F
:10DCF00070400BF0A5BB00BFBC0B0020014B1868A7
:10DD00000BF067BBBC0B0020F8B511441D4EC9B227
:10DD100010F00305317003D04D210920FFF704FBFB
:10DD20001F2B19D89B009BB2033323F003039BB234
:10DD300008B17060338101EB81047668E2004FF036
:10DD4000010C00EBC404EFB2B94212D8D01D03FBA2
:10DD5000010020F00700F8BDFF2B4FEA430204D971
:10DD6000FF339342DFDB93B2DEE77C2AFBDC7C23CC
:10DD7000DAE710B186F800C07460013528361C441B
:10DD8000E1E700BFC00B002038B5144A147853688F
:10DD90000021C8B2844203D8A8210920FFF7C4FAA1
:10DDA0001846013105782833002DF2D0002181700A
:10DDB00001241289447044688161C161920800F1B4
:10DDC0002001051D21F8022B994245F8044B14440B
:10DDD000F8D100234361037038BD00BFC00B0020A1
:10DDE0002DE9F8434B7880460C4602F0040602F019
:10DDF000FB07D3B1DFB12E4BD4F804901D89B7BB1C
:10DE000001236370AD08A761E76104F120034A466E
:10DE1000211D04F1280023F8025B984241F8042BED
:10DE20002A44F8D10023636101E0002FE3D0FF23EF
:10DE3000A370002E18BF0226A3191B7D032B03D14C
:10DE4000022F1CBF0136F6B2A31901221A7506F182
:10DE50000C0204EB8606002324F812307268A370CB
:10DE6000C8F80020A8F804304046BDE8F883002137
:10DE700014226170A0180AF023FCB5F5FF7F0FD2C1
:10DE80006B08ED1AADB209EB0502C4F804902584C5
:10DE9000A2606384C4F80C90A5842261E384C6E781
:10DEA000B5F5EE6F4FF0FF03EBD940F27265EAE78C
:10DEB000C00B0020134B012200214FF0FF309A606D
:10DEC000C3F80012C3F80803C3F80015C3F804250B
:10DED0009A60C3F80803C3F80015C3F804250A497B
:10DEE0000A4A03F580334FF40040C3F80825C1F80F
:10DEF0008000BFF34F8FBFF36F8FC1F88001C3F86D
:10DF00000825704700F0004000E100E00000F63F07
:10DF10000A46192302F8033B0448C368C1F80330DA
:10DF20000369536043699360704700BFD00B0020C2
:10DF3000024B5A8C02435A845B6A1847D00B00206C
:10DF4000014B00215B6A1847D00B002010B5154C1F
:10DF500005F050FF05F070FB208DFFF7F1FF237EE9
:10DF60006BB12246104952F80C3BE3606368536082
:10DF7000A368936004F1190002220DF02AF8236BC4
:10DF800093F87030022B02D1084803F045FAA36BD6
:10DF900094F8341094F835009847002384F83C3006
:10DFA00010BD00BFD00B002011DF0000FC0B0020D3
:10DFB000034B93F83C300BB1FFF7C8BF704700BF6D
:10DFC000D00B002070B51D4C256B636C236495F855
:10DFD0009C30064694F848000BB1031DD8B295F862
:10DFE00069102EB9FF2803D195F868308B4201D013
:10DFF00005F0C2FD95F89C30D3B1E06C06F07CF8DA
:10E00000012384F86830D5E94023E16C206CC4E931
:10E01000182305F0C7FA16B9304606F0ABF895F8A4
:10E020006810002006F0F0F8022384F83C3070BD40
:10E03000206C06F061F805F0FFFAECE7D00B002049
:10E040002DE9FF41414C94F83C30266B012B0546ED
:10E050000F465FFA83F804D040F275412720FFF79E
:10E0600063F996F88C303BB1002186F88C100420BF
:10E07000FFF75EFF86F88E80A16F0B7803F0030335
:10E08000032B05D196F8923013B90220FFF750FF09
:10E09000A26F137803F00303032B03D05378002BF4
:10E0A0003FD1012386F8923096F89C30BBB1D6E977
:10E0B0004001236B94F848200392C4E918014FF003
:10E0C000010893F8690084F868800BF0EEFA0021EB
:10E0D00003460091039A1E49404605F01DFADDB93A
:10E0E000D7B1E36F28469847B0B194F834309BB964
:10E0F00094F88030D906C3F300125CBF636C1D78BE
:10E10000D4F884305CBFC5F30015C5F1010553B9DF
:10E11000B4F888303BB132B904B0BDE8F041FFF744
:10E1200015BF0223BEE7638C9A0709D5A36FDB787E
:10E13000022BF1D1002004B0BDE8F041FFF742BF4F
:10E14000002DE9D1002BF5D0E6E700BFD00B002071
:10E15000200C002008B5094B93F83C20022A04D07B
:10E160004FF40F712720FFF7DFF8DA7A42F001024F
:10E17000DA72BDE80840FFF7E9BE00BFD00B00200F
:10E18000044B93F83C2002F0FF000AB91876704760
:10E190000C207047D00B00200A4B0B4A70B5064686
:10E1A0000D461A60FFF7ECFF18B1DE212720FFF7BC
:10E1B000BBF8064C012104F18A000CF0FAFD6664FC
:10E1C000E56470BD4C00002078E90000D00B002011
:10E1D000024B012283F8AC20704700BFD00B002017
:10E1E000F0B57F4C85B002AE86E8030094F83C1091
:10E1F0000A9F01F0FF0511B90AB103B127B940F236
:10E200004F112720FFF790F896E8030004F12C0C3B
:10E210008CE8030084F8AC5084F8345084F8AD5096
:10E2200084F8355084F8AE5065842585256BE36706
:10E230006262A76305F0DEFC05F0FEF995F96C005B
:10E2400005F06AFD686A05F049FFE86905F06AFDB6
:10E2500095F8AC0005F08CFD236B93F8FF310BB102
:10E2600005F0B6FC95F86910012005F053FE002872
:10E2700000F0B4805B4B5C4E186805F035FF2B69ED
:10E28000C4F8B0306B69C4F8B43005F58C7705F587
:10E29000847318685968324603C20833BB42164675
:10E2A000F7D1D5F81821C4F869205A684F4B5A6045
:10E2B000236B93F89620A2F12501012993F86810A9
:10E2C0000E4603D993F89700252853D193F8AE3220
:10E2D0002BB1012E03D0012B14BF0226012605F11C
:10E2E0003007314638460CF004FF31460CF0BAFBDB
:10E2F000AB8F95F86910984228BF184684F8B8008B
:10E3000038460CF0DFFE95F8691095F89C70B5F86A
:10E310004460082908BF04210CF0A4FB0FB90430A5
:10E3200080B2B04228BF304695F89C30C6B284F81F
:10E33000486093B1D5E9402395F869000127C4E905
:10E34000182384F868700BF0B0F90022034600929D
:10E3500025493246384605F0DFF80120FFF732FE46
:10E36000234BD3F8503523F00803032B2AD140F276
:10E37000F91146E7203A012A0CD8232893F83E21C8
:10E380000AD012F0010319D19207A8D5012918BFAC
:10E390000226A4E723280DD193F83E2193F861309B
:10E3A000134013F001020BD19B0798D5012908BF38
:10E3B0000E46ECE7042908BF082690E71E468EE7C4
:10E3C00016468CE7002323606360A360B5F89030A5
:10E3D00063802B88238095F8AC30237105B0F0BDA5
:10E3E000D00B00204C000020200C0020390C002015
:10E3F0000010004008B50C4B93F83C201AB9BDE85A
:10E400000840FFF7A3BD93F83C20022A04D040F255
:10E4100012212720FEF788FF1B6BD3F81802BDE8F6
:10E42000084005F07BBE00BFD00B0020014B1876E2
:10E43000704700BFD00B0020014B93F8AE0070472F
:10E44000D00B0020024B188DC0F38020704700BF16
:10E45000D00B0020014B93F8AD007047D00B00208B
:10E460002DE9F3411E4D82072C6B06460F4622D53F
:10E47000D5F8843023B940F266412720FEF754FFD7
:10E48000B5F88820296C1846033291F801800AF00B
:10E49000A1F80DF1020201A92864D5F8B4000AF030
:10E4A00071FF01980AF058FF012238604146D5F803
:10E4B000B4000AF0FDFEF3070ED5D4E94032013373
:10E4C00042F10002C4E9403294F89430012B0CBFB1
:10E4D0000023012384F8943002B0BDE8F08100BF2E
:10E4E000D00B00202DE9F04FA04C002387B0CDE9E0
:10E4F000043394F83C30276B022B80468A4604D0C4
:10E500004FF49D612720FEF70FFF238D590606D497
:10E510004020FFF715FD238D43F04003238597F836
:10E520009C30B8F1000F00F01281A3B105F0B2F8F1
:10E5300005F096F878B9236C5A7862B11B7897F891
:10E540009420C3F3C0039A4205D1012384F83530E7
:10E55000FFF7FCFC4FE1236C5978A4F8881011B345
:10E56000D4F8B4000AF07AFEC4F88400238D97F83A
:10E57000932043F480732385236C1B78C3F38003BB
:10E580009A4200F0B980256B95F89230002B3ED06E
:10E59000022B12D1D4F8B00004A90AF0F6FD28B974
:10E5A0004FF47971AEE7C4F88410DFE7D5E93E3265
:10E5B000013342F10002C5E93E3295F88E30002168
:10E5C00085F8921023B185F88E101020FFF7B0FC6B
:10E5D00095F88D309BB1002685F88D6001F0C8FD5F
:10E5E00010B940F2FB318DE731460820FFF7A0FC5F
:10E5F000D5E93E32013342F10002C5E93E3295F8D9
:10E600009330012B0CBF0023012385F89330238D19
:10E6100043F4806323854FF0000B216C97F894201E
:10E620000D78C5F3C0039A4240F0868005F00305DB
:10E63000032D266B62D0002D6BD196F89430013BF0
:10E6400018BF012386F89430236C5B7833B1D6E988
:10E650004032013342F10002C6E9403297F89B3064
:10E6600093B1D7E93E01236BC4E91801002693F862
:10E67000680084F868600BF018F83D49009603467E
:10E68000FB22304604F048FFBAF1000F72D1628CD1
:10E6900094F8AD30120703D5A26FD278022A69D060
:10E6A000012B67D8E36F01209847002862D094F8C7
:10E6B0003490B9F1000F5DD1266B94F8483096F88C
:10E6C0009C208DF80D90002A40F09880FF2B96F842
:10E6D000681003D196F869308B4202D0FF2005F014
:10E6E0004BFA96F89230032B00F22F81DFE813F0FB
:10E6F00089000E0111012401C3468EE7238D0120FC
:10E7000043F4006386F88C002385FFF711FC002595
:10E7100093E74B78002BFAD0228DD4F8845042F442
:10E7200000622285002D99D0FB2B07D894F8AC30DD
:10E730005BB12020FFF704FC00258FE794F834300C
:10E7400043F0100384F83430F6E7454675E70BB123
:10E7500004F0D6FF94F8AD30013384F8AD30238D4A
:10E76000002543F400732385AB4677E7D00B0020E8
:10E77000200C002005F068FD4FF0010A1DB105A92D
:10E780000220FFF76DFEBBF1000F0DD0B4F807209B
:10E79000B4F805301343B7F8902013431EBFB4F804
:10E7A00009300133A4F80930B8F1000F00F0D5802A
:10E7B000B4F805300133A4F80530002384F8AD30F7
:10E7C000694802F007FE049840B10AF0C5FD216BCC
:10E7D00000234372072201300CF0E9FB059B33B1A3
:10E7E000216B00221A720C2205980CF0E0FBBAF1A2
:10E7F000000F7FF4ADAE07B0BDE8F08F0433DBB29D
:10E8000064E794F8B830ADF80E305848A6F85830A0
:10E8100001F09EFC00285DD0A16F8020FFF788FBEF
:10E82000012386F88D3096F89330A26FDB0003F059
:10E830000801137803F0F3030B4396F89410890052
:10E8400001F004010B4323F0100103F00303032B39
:10E85000117002D1D378022B0FD0D4F8B0000AF097
:10E86000DCFC40B9A36F1B7803F00303032B04D037
:10E8700001F094FC08B94FF01009A06F037849EA41
:10E88000030980F8009096F89B30002B60D0437805
:10E89000002B5DD0E06C05F02FFC002384F868307D
:10E8A000D6E93E23A16FE06CC4E9182304F07AFE98
:10E8B00096F86910012005F0A7FCA26F1188A4F852
:10E8C000801091782A4A012384F8AE30917084F840
:10E8D0003C3053E7D4F8B0000DF10D020DF10E01FC
:10E8E0000AF030FCA06788B196F8D73073B99DF86C
:10E8F0000D302BB903808370A06F01210CF059FA01
:10E90000BDF80E10A06F0CF021FB8CE7194BA3672C
:10E9100089E7B6F85830D4F8B000ADF80E300DF1F4
:10E920000D020DF10E010AF00DFCA06700287FF426
:10E930007AAF40F2D521E5E50C4801F009FC00284A
:10E940007FF471AF40F2DE21DCE540F2EB21D9E546
:10E9500005F0D2FB04F070FEAAE7B4F807300133EB
:10E96000A4F807302CE700BFFC0B0020480C002067
:10E97000500C00205A0C002055E10000E5E4000096
:10E9800041E00000B1DF00000B2808B504D94FF4C6
:10E9900052710620FEF7C8FC014B33F8100008BD89
:10E9A000FCD103002DE9F04F2DED028B8BB0044616
:10E9B00015460293894690F869B00BF05DFE064655
:10E9C00094F80002FFF7E0FF94F897300393304487
:10E9D00085F0010386B2059355BB94F84C32032BA6
:10E9E00026D1039B0D2B23D1B4F8AC324B451FD15C
:10E9F000D4F85432C4F84032A369B4F81E22C4F8E3
:10EA00004432B4F892321344C4F84832204604F039
:10EA1000A3FCD4F8B032A362B4F8AE32A385D4F824
:10EA2000B432A361D4F8B8322362022384F84C32A2
:10EA3000B4F89072B4F89080A9EB07073FB204F5E0
:10EA40001A73002F08EE103AB7BFD4E9A023029B37
:10EA5000C4E9A22301230493CD4BA9EB08081B783A
:10EA60000FFA88F8B8BF474603F0FF05002B53D0D4
:10EA700006F076F900286FD0B4F83432012B6BD948
:10EA800094F84C32022B67D094F86252002D63D177
:10EA900094F80002FFF778FF94F84C3200F5C86054
:10EAA000012B86B2D9B24AD194F89A30D4F828A072
:10EAB000032B3ED1D4F8445255443146D4F8440295
:10EAC00006F0A4F8D4F84032C4F84002A0EB030AE0
:10EAD000D4F848323146284603FB0AFA06F096F885
:10EAE000D4F85052C4F85002451B3146A06906F0D4
:10EAF0008DF8AA44B4F81E52D4F848324544ED1BB0
:10EB0000DB432B44D4F85452451B05FB03A50123DA
:10EB1000C4F8540284F8623294F84C32DFF870A2E0
:10EB2000032B00F28081DFE813F019001401690063
:10EB3000350128460BF0C0FF00EB0A05BDE7A069D0
:10EB4000314606F063F8B4F81E52D4F85432454406
:10EB5000ED1BC31A5D43DAE70025DDE70121002044
:10EB60000BF0AAFF8046A06A3146404406F04EF8FA
:10EB70003146C4F85002A06906F048F807A9C4F865
:10EB8000540208A805F068FB079B0093D4E9A20192
:10EB9000DDE9082309F0FAF8074620460AF0CBFD24
:10EBA000D4F89832A66A94F869001E4405F09AFCDD
:10EBB000D4F85012A38D203E761AB044A8EB070873
:10EBC00000F5234030314FF47A7703EB4101A13057
:10EBD000B0FBF7F0A8EB000794F869000AF098FD85
:10EBE000D4F89832FB1A2230B3F5CA7FCAF8040071
:10EBF00055D840F2F2413020FEF796FBA36AD4F8D4
:10EC000044023146184406F001F83146C4F8500277
:10EC1000A06905F0FBFFC4F8540220460AF08BFD02
:10EC2000B4F81E32A66AD4F84472002B40F08C80EF
:10EC3000029B002B00F0888094F869B0584605F0DC
:10EC400051FC3E44D4F89C12D4F8503204938046D0
:10EC5000203E58460E4405F03DFC049BF61A361A39
:10EC600008F523484FF47A7708F1A108B8FBF7F8C4
:10EC7000A6EB0807D4F85012D4F84032D4F8482252
:10EC800094F86900303102FB0311A38D03EB4101BD
:10EC90000AF03EFD0123CAF8040084F84C32A6694C
:10ECA000D4F85432A6F21F26F61ADAF804309E423F
:10ECB00028BF1E467423A4F87032D4E9A2327F1B09
:10ECC000DF1942F100024FF00008C4E99E72C4F857
:10ECD000186284F8688204F130000CF0F1F9B4F89D
:10ECE0000812A4F89092D4E99E23A1EB09090FFA27
:10ECF00089F9C145C4E9A223C8BF022384F87282FE
:10ED0000C8BF84F87232039B30440D2BC4F86C02E8
:10ED1000029B00F08B80002B40F0898094F84C32ED
:10ED2000002B00F0A280A169D4F8543218EE100A2A
:10ED3000C91A0BF066FE80B2002800F09680169B80
:10ED400003B118800120A0E0D4F8500237443F1AE4
:10ED500090E7D4F85422A369D4F84802D4F84012BA
:10ED60009B1A5F43B4F81E329844C3439844D4F8C6
:10ED70005032303301FB0033A18D94F8690002FB5F
:10ED8000083301EB43010AF0C3FCCAF8040086E72C
:10ED90008C0C0020A369D4F854021B1A5F4394F82A
:10EDA0009630252B03D094F89730252B0AD1B4F850
:10EDB000AC32A9EB03031B0404D494F8AF32002B4C
:10EDC00018BF9B46049B03B3B4F81E32EBB9D4F8CA
:10EDD0009C3213B940F244510DE794F8690005F0F4
:10EDE00081FBD4F89C320646203B94F869000493DA
:10EDF00005F070FB049B1F44381A06F52343A1332A
:10EE00004FF47A77B3FBF7F7C71BB4F81E12D4F8A8
:10EE10005432414459433031490058460AF078FC95
:10EE20001C4B58603BE740F25951E4E6EBB1B4F8B3
:10EE3000341221B3B4F8362294F83832A4F83622CA
:10EE400002FB0333994202F101000EDD94F87232A5
:10EE50005BB1002384F87232A4F8360201F028FF77
:10EE600000F00700013084F8380218EE101A94F808
:10EE7000940207F0E1FE20B940F2A351BBE60A4636
:10EE8000DAE7059B84F8603200200BB0BDEC028B02
:10EE9000BDE8F08F8C0C00202DE9FF41044618B925
:10EEA0009C213020FEF740FA082900F22381DFE898
:10EEB00011F0090071007B007B00760021010D013B
:10EEC00015011F010023C0F89C3290F86032B0F8A1
:10EED0009020002B56D0B0F85E3293424CD1B0F85F
:10EEE0000C22A0F89020D31AA0F80E32D4E99E2369
:10EEF0002046C4E9A02304F013F994F81332002B40
:10EF000000F0A780A569D4F85432DFF8F0819D4263
:10EF100088BFED1A98F8083098BF00251BB9236BFD
:10EF20009D4228BF1D4604F13000D4F818720CF041
:10EF3000C7F80744022008F055FCEE1B26EAE676E7
:10EF4000864228BF06460221304608F09BFC00B9E5
:10EF5000374440F27D22394620460CF0FCF8D4F8C4
:10EF60001832C8F80C00A069184408F0DFFB00282C
:10EF70006FD140F2AA3194E79A1AA0F80E22A4F8B1
:10EF80009030B3E7B0F85C329A1AA0F80E22B0F8CD
:10EF90005C32F4E704B0BDE8F0410CF0E8BE04B028
:10EFA000BDE8F04105F064B90DF0D0F9D4E9A02333
:10EFB000801A61EB0301012871F1000302DA4FF4BA
:10EFC000C4616EE76FF0010383424FF000038B4191
:10EFD00002DA40F2216164E7A3690BB1B0FBF3F3FD
:10EFE00094F89710B4F85E220D2935D10132A4F8B7
:10EFF0005E22B4F89232B4F890500133A4F8923201
:10F00000B4F8CA301D44B4F8C830013DED1AADB2B1
:10F010000DF10E06B4F85E126B1A1B0436D594F887
:10F020009A303549002B0CBF3E23082384F8B930B1
:10F0300004F1B0000BF0C7FF20460CF09AFE00234D
:10F0400084F84C3294F8940207F0ACFC202384F846
:10F05000943204B0BDE8F081B4F890100B449BB238
:10F06000D11A090454BF531C01339BB2A4F85E3279
:10F0700094F86132002BBCD1B4F80C32B4F85E22A3
:10F08000934204BF0133A4F85E32B2E70023009636
:10F090001A462046FFF786FC0028DAD0012812D154
:10F0A000B4F85E22B4F80812BDF80E301344521AB8
:10F0B00012049BB204D5EA1A12F4004F18BF0B4693
:10F0C000A4F85E32A6E74FF4CC61EAE6012005F031
:10F0D00067FD04B0BDE8F0410AF0F5BA90F84C3293
:10F0E000042B01D0C021DCE6002380F84C32B0E7CD
:10F0F000C621D6E6CA21D4E68BB201008C0C0020D2
:10F1000090F8E8302DE9F04104460D46164603F02C
:10F11000FF0813B10C20BDE8F0810146474807F015
:10F1200015FC20280746F5D05022414604F1C800BE
:10F1300009F0C6FA012384F8C870C4F8CC5084F8EA
:10F14000E83035B101F0CCFD00F00700013085F862
:10F15000380220460AF0B9FA00270223A4F8FA3050
:10F16000A4F8F80084F8F07005F080FDB4F8F850C9
:10F170009D35284485B220460CF076FC014668B3E4
:10F180000BF07AFA00F5CD6081B2304605F03EFD15
:10F190003044C4F8F4000DF0D9F8281841F100010A
:10F1A000C4E94001012084F8D000E7840CF029FD77
:10F1B000DB3E361AC4F8D4604FF0FF326FF00043E4
:10F1C000C4E9422394F8C80004F1F00107F034FDCB
:10F1D00030BB40F2EF113020FEF7A6F820460CF0CD
:10F1E00068FB174FDB30C4F8F400388A40B1E08C7C
:10F1F00030B101F075FD3B8AB0FBF3F202FB130066
:10F2000005440DF0A3F82D1841F10001C4E9405167
:10F21000002ED1D0751941F10001C4E94251D1E766
:10F22000D4E9402300252046C4E93823A4F8EA5055
:10F2300029460CF045FC28466DE700BFFB9701000E
:10F240008C0C0020F0B5002385B0CDE900330123FC
:10F250008DF806306846FEF7C3FC70B11B4E0123E3
:10F26000B3740027CDE9027702A8FEF7B9FC054682
:10F27000A8B10020B07405B0F0BD00980AF072FB90
:10F28000E8E790F8940208F027FC94F8940284F8D8
:10F290004C5207F087FB202384F89432E2E7029B6C
:10F2A000002BE1D093F89422202ADDD018884FF665
:10F2B000FF739842DDD02946FEF758FC044600282B
:10F2C000DFD140F229113020FEF72EF88C0C0020FF
:10F2D000054B002201211A7219709A7442F21072C1
:10F2E0001A82FFF7AFBF00BF8C0C0020014B1872D1
:10F2F000704700BF8C0C002008B504F0FFFB044BE6
:10F30000DA6882422ABF987C002080F0010008BDA4
:10F310008C0C00202DE9F74F0446052900F290805F
:10F32000DFE801F003806D7D8489D0F89C32002BEA
:10F3300053D090F86232002B4FD090F84C32032B10
:10F340004BD190F869B00BF097F9074694F800029A
:10F35000FFF71AFB814607445846D4F89C5205F043
:10F36000B9F8A5EB0008584605F0BCF800F2E73301
:10F370005846D4F818624FF47A7AB3FBFAF3A8EB44
:10F38000030805F0A7F8361A584605F0ABF800F563
:10F390002340A130B0FBFAF0321A5108A2F1600309
:10F3A000BFB209F5C86929317B431FFA89F9B3FB5C
:10F3B000F9F360335A08A1EB5303984502D3114483
:10F3C000884501D905F0B8FEA069394605F01EFC54
:10F3D0000023C4F8540284F862321B4B9B7C03F078
:10F3E000FF0263B9B4F80C12009201232046FFF724
:10F3F000D9FA38B140F2DA613020FDF795FF0423E5
:10F4000084F84C3204F040FD07F0F8F8B4F890208E
:10F41000A4F85E220023A4F8923284F8613203B08B
:10F42000BDE8F08F032380F84C32F8E704F060FB6E
:10F43000C4F89C02F3E703B0BDE8F04F0AF07BB9D3
:10F4400040F26E71D8E700BF8C0C00202DE9F84324
:10F4500006460C4615468ABB04F050FB0121D4E950
:10F460004089074684F8E850D4F8CC0084F8D0509E
:10F4700084F8E91001F0D4F8D4F8CC00C0E9A089F0
:10F4800094F8C82080F89422C0E9A289C0F8987244
:10F490000AF065F920B140F21D713020FDF744FFFC
:10F4A00004F0F2FC07F0AAF8074994F8C8003246C5
:10F4B00005F04AFB28B940F28171EEE74FF4F361A1
:10F4C000EBE7BDE8F88300BF99EE0000014B18821E
:10F4D000704700BF8C0C0020F0B5070CA7F5AA42BE
:10F4E000144B543A012A03EA90231FD927F4004011
:10F4F00042F6AA22801A18BF0120002216211646C1
:10F500001F2487EA060562EA0505013510D0DD03F0
:10F51000ADB245EA5606E503ADB2013945EA5202FD
:10F520004FEA53034FEA5404EBD1F0BD0020E4E767
:10F530000020FAE7E0FF3F0010B501210020FEF7B0
:10F5400015FB044670B90121FEF7D2FA044620B932
:10F5500040F21B313920FDF7E7FE034B93F9001011
:10F560000CF06FF9204610BDA00C0020304BF0B518
:10F570005A88B0F85C70B0F85A609D88974228BFEE
:10F580001746964228BF16461B2E85B00C462ED035
:10F59000B5F5A47F2DD040F648039D4201A928BFB0
:10F5A0001D460AF058FBBDF80A309F4228BF1F468F
:10F5B000BDF80C30E780AB4228BF2B462381BDF855
:10F5C00006309E4228BF1E46BDF8083066809D4228
:10F5D00028BF1D46A580FF232370E3881B3B9BB2F9
:10F5E000E02B08D94FF4B7613920FDF79DFE1B2FA2
:10F5F000CED105B0F0BD63881B3B9BB2E02B02D996
:10F6000040F2BA51F0E72389A3F5A4739BB2B3F596
:10F61000E06F02D940F2BC51E6E7A388A3F5A473DA
:10F620009BB2B3F5E06FE4D940F2BE51DCE700BF16
:10F63000A00C002008B50BF048F900F0FBFE00F02C
:10F64000F3FB0BF0B2FC01F0A3F801F041FF01F075
:10F65000B7F8084B1B224FF4A4715A809980064BCF
:10F6600006499A8000221960DA825A821A835A74F3
:10F6700008BD00BFA00C0020CC10002003021B001E
:10F68000044B41F64C52C3E902221B221A74FFF7C5
:10F69000D1BF00BFCC1000202DE9FF41364DAB6833
:10F6A000044640F8303F0AF093F9064600F0ACFB00
:10F6B0006687324E2B7C84F8383010F0200F336888
:10F6C0001DBFAA886988A4F85A101B2208BFA4F895
:10F6D0005A20A4F85C205BB1012302A88DF8083001
:10F6E00003940CF05AFB336894F96C102088984707
:10F6F000AE7CEF7CB5F8148041F64C53A36116B98B
:10F7000000F088FB064657BB00F084FB074646B373
:10F7100038B302A920468DF808608DF80970ADF85D
:10F720000A800BF0C5F96B7801932B7800936A88F7
:10F73000AB8804F1140104F11000FEF789FA236983
:10F7400013B940F28F5114E0636913B94FF4B261F9
:10F750000FE0002004B0BDE8F0810920FAE7002E98
:10F76000D7D120880021FEF717FA0028F5D040F203
:10F770007E513920FDF7D8FDCC100020500000202C
:10F78000F7B505460E460CF08FF8002873D02846D2
:10F790000CF06AF940B1B6F80130013B7F2B03D978
:10F7A0001224204603B0F0BD28460CF061F908B9D8
:10F7B0000C24F6E728460AF0CBF90028F8D12846B1
:10F7C0000CF030F804460028F2D1284602F03EFB47
:10F7D0000028E5D0B6F80170F17842F210722846A0
:10F7E00057430CF02EF928460CF036F9014658B96B
:10F7F0003A462846FFF784FC04460028D1D041F65B
:10F8000016013920FDF790FD21460DF10600FEF7A7
:10F8100037F9064668B3214600F002FFBDF806300E
:10F820003380284631460CF039F928460CF026F989
:10F8300098B928460CF024F901463046FFF72CFF12
:10F8400004460028ADD13A4631462846FFF758FC19
:10F85000044620B141F63901D3E70121EDE7074B1A
:10F860009B68002B9DD0024606F59971304698475B
:10F8700097E70D2495E7422493E700BFA00C0020F2
:10F8800008B500F04FFF0AF095F9014B187008BD5C
:10F89000A00C0020034B5A8802801B788370002044
:10F8A000704700BFCC10002037B583781A2B05466F
:10F8B00009D8042B05D9012202FA03F3134A134293
:10F8C00005D112241AE0292B01D03B2BF9D128882D
:10F8D000B0F5706FF5D269460BF046F888B9019B18
:10F8E00093F8302102F0FF046AB9AA7883F8312135
:10F8F000FF2283F8302168460BF032FB204603B02C
:10F9000030BD0224FAE70C24F8E700BF20003804D9
:10F910000188A1F11B039BB2E02B0CD84288A2F511
:10F92000A4739BB244F24810834204D8034B0020D6
:10F9300059809A8070471220704700BFA00C0020A9
:10F94000034B5A889B88028043800020704700BF89
:10F95000A00C002038B504784278857804F00103C3
:10F9600052EA030104F0020401D1112038BDBCB9F0
:10F97000002DFAD0002B08BF144601E000242546D4
:10F9800020460AF021F90028EFD028460AF01CF999
:10F990000028EAD0054B00209C74DD749882E5E7CE
:10F9A000002BEBD114461D46EAE700BFCC10002027
:10F9B00013B5008869460AF0D7FF18B10224204623
:10F9C00002B010BD019A92F84C32DBB292F8B82026
:10F9D000002AF3D113F0FB0FF0D0019890F84231D8
:10F9E0000BB13A24EBE790F8E23003F0FF04002B70
:10F9F000F7D190F8D9309B0706D1012380F8423126
:10FA000068460BF0ADFADAE702490222DA300BF071
:10FA1000E0FAD4E7E5B60100F0B50778EF2F85B03E
:10FA200004460D4603D91225284605B0F0BDB0F8AE
:10FA30000130ADF80C309DF80C30DA063FD49E064C
:10FA400003F0030238D5002AEDD11807EBD4637810
:10FA5000190711D42179E278E07942EA012261792B
:10FA600042EA0142A17941EA0021207A41EA0041BB
:10FA70008A42D8D81F2AD6D9627A013A062AD2D821
:10FA8000A27A032ACFD813F0040102D1023A012A44
:10FA900003D8E27A012AC6D811B9A27C032AC2D8B7
:10FAA00013F01001227D19D0012ABCD1227E012A37
:10FAB000B9D8B1B91125B7E7032AC6D1B3E713F016
:10FAC000600FB0D103F00F0203F00703052BBED087
:10FAD000931E012BBBD9002AA5D1B8E7022AE5D194
:10FAE000A1E7DA071FD46378227D03F01801082903
:10FAF0001ED1022ADED11B0709D4E279A37943EA99
:10FB00000223227A43EA0243B3F5804FD2D8BFB230
:10FB100001213846FEF72AF8064678B10AF018F8AF
:10FB2000B8B10C2580E700F031F90028DBD1C1E73E
:10FB3000022AE0D0A27E002ADDD0BBE701213846B0
:10FB4000FDF7D6FF064650B3164B93F900100BF0A5
:10FB500078FE30460BF07DFF21462870E074304679
:10FB60000BF0C3FE637E0546002B3FF45DAF00281B
:10FB70007FF45AAF316B02466846FEF731F9306BBD
:10FB80002A46012109F0E3FC316B68460422FEF7A6
:10FB900027F9306B2A46294609F0D9FC44E70725A6
:10FBA00042E700BFA00C002070B50579042D8AB093
:10FBB000034658D84488B4F5804F54D82B48465D46
:10FBC000284400214279857AC07BADF8041042F0C8
:10FBD000100242EA460242EA850242EAC00202F00C
:10FBE0001F028DF80420BDF80420ADF80D201A88FE
:10FBF0008DF80F208DF81240120A240A8DF811108A
:10FC00008DF814108DF810208DF813405A7B8DF864
:10FC100015205A798DF816209A79D3F807008DF8B7
:10FC20001720B3F80B209B7B8DF81E307F238DF8B7
:10FC30001F3001238DF80C1006908DF82110ADF8BF
:10FC40001C208DF820308DF8223003A88DF8231069
:10FC50008DF824108DF825108DF8261001A9FFF7D6
:10FC6000DBFE0AB070BD1220FBE700BF20D203000C
:10FC70000278034672B1427862B142881A2A09D9E1
:10FC800082881A2A06D9044A006810609B889380EB
:10FC90000020704712207047CC100020024B0268F1
:10FCA0009A600020704700BFCC1000200378A3F1B9
:10FCB0000A02112A9DBF024A0020137412207047C5
:10FCC000CC10002008B5052000F090F803F074FB7C
:10FCD000014B024A9A6008BDA00C00206DF500009F
:10FCE00008B502F09BF8FFF7F3FABDE808400148B9
:10FCF00002F07EB8AC0C002010B50B4C012384F848
:10FD0000023102F093F80CF030F80AF0DCFD04F256
:10FD100003112046FEF740FA002009F0BEFBBDE8C3
:10FD2000104000F085BE00BFAC0C002010B5064CA2
:10FD3000064904F502700AF060FC04F503700449FA
:10FD4000BDE810400AF059BCAC0C00205400002063
:10FD50005C00002010B5094C094904F502700AF056
:10FD60004CFC04F5037007490AF047FC04F50470E5
:10FD70000549BDE810400AF040BC00BFAC0C0020B3
:10FD80006C0000207400002064000020014B93F8F8
:10FD900002017047AC0C002010B5074C00F040FE8B
:10FDA000D4F808020AF021FCFFF76AFC00F0B0FF6B
:10FDB000012384F8143210BDAC0C0020014B93F8E1
:10FDC00014027047AC0C002010B5074CD4F80C029C
:10FDD0000AF00BFCD4F810020AF007FCFFF72AFC2B
:10FDE000002384F8143210BDAC0C0020C208054971
:10FDF000012300F0070003FA00F08B5C18438854DD
:10FE0000704700BF10000020014BD3E9000170478C
:10FE100010000020034B1868C0F30020400040F0A1
:10FE2000010070471000002008B504F019FF084ACF
:10FE3000002332F82310814205D302EB83039B7821
:10FE4000044A137008BD01330C2BF2D10023F7E7ED
:10FE500034D20300C10E002010B544682388A4F8F2
:10FE6000903194F8683084F88F11012B06D0022B62
:10FE700004D040F281210620FDF756FA84F8923131
:10FE800094F86930012B01D0022BF2D184F8933120
:10FE90000449022204F5C3700BF09BF8002384F898
:10FEA0003C3110BD7DA60100406808490388A0F8D8
:10FEB000823190F8603080F8843190F8613080F8B9
:10FEC000853100F279100BF07EB800BF93A60100D7
:10FED0002DE9F743456895F8973095F89680232BE0
:10FEE00004460F462DD1973538460BF018F80028F8
:10FEF0004DD038460BF00DF8814638460BF00BF824
:10FF000001460AF01BFC6668034648B396F8682071
:10FF1000904225D096F83C0101280CBF96F83E018E
:10FF200096F86400014232D0B8F1210F18D096F84B
:10FF30006100014214D152B940F26D110620FDF763
:10FF4000F3F9B8F1210F40F0B3809635CCE7042ADD
:10FF500001D0042B31D1934294BF00230123B3B9C4
:10FF600048460AF0EBFB002849D096F869308342F6
:10FF700045D096F83C31012B0CBF96F83F3196F8EE
:10FF8000653019EA030F14BF01230023BBBB63686C
:10FF900093F83C21012A19D11E212046FFF75CFF6E
:10FFA000B8F1210F1FD1FA786368182A83F821214C
:10FFB00010D040F26D217E20C1E7082ACBD0082B5B
:10FFC000C9D093422CBF00230123C8E7002283F845
:10FFD0003C21E5E7092283F8962093F8D23093BBC1
:10FFE00040F27521E7E7002320462B700BF0FDF867
:10FFF0003946204603B0BDE8F0430BF01AB930464D
:020000040001F9
:1000000001AA39460AF0A7FBD4F804800646F8B9DD
:1000100098F83C31012B18D101462046FFF71CFF10
:100020002E70636803F19702954202D1002283F893
:100030009720636803F1970295424FF0000534D191
:1000400020460BF0D2F8002033E088F83C01E8E7C6
:1000500038460AF062FFA8F8AC026068B0F8AC322B
:10006000B0F89020013B9B1A9BB247F6FD72934279
:1000700007D9282380F8B9300F49B0300AF0A3FF20
:10008000D7E790F897300D2B02D00A3B012B01D80F
:100090002A23EFE79DF8043080F8AE329DF8053052
:1000A00080F8AF3225232B70C3E783F8D250CAE71C
:1000B000022003B0BDE8F0838BB20100044B0022A4
:1000C00083F822204FF6FF729A84DA841A857047EB
:1000D000C20E0020054B9A8C824201BF002283F899
:1000E00022204FF6FF729A84704700BFC20E002094
:1000F000014BD884704700BFC20E0020084B998C7A
:100100004FF6FF72914206D193F82220012A04D0C3
:10011000036001207047002303600020704700BF88
:10012000C20E0020064B93F82220012A1FBF012097
:10013000DA8C83F822009A8408BF0020704700BF41
:10014000C20E0020014B1885704700BFC20E002070
:10015000064A918C138D994205D192F8223013B141
:100160000260012070470020704700BFC20E0020CF
:10017000094B998C1A8D914201D0002070474FF69F
:10018000FF729A8493F82220002AF6D0002283F886
:1001900022200120704700BFC20E0020054B998C21
:1001A0001A8D914203BF93F82200B0FA80F0400903
:1001B00001207047C20E002050B90A4A13460120A0
:1001C00003F8010B0868C2F801008A889A8070471A
:1001D000012805D1034B0A689A608A88D8719A81F0
:1001E000704700BFEC0E002048B90A4B187880B168
:1001F000D3F80120B3F805300A608B8070470128DE
:1002000006D1044BD87920B19A680A609B89F4E73B
:1002100000207047EC0E002020B9054B187800F044
:100220000100704701280ABF014B0020D879F6E78A
:10023000EC0E0020F7B500228B888DF80600ADF893
:10024000043008680C4B8DF80720019D1C7801468E
:1002500003F5AC73D0B2844201D8082009E0D3E999
:100260000076AE4208BF8F4203F1080302F101029B
:10027000F0D103B0F0BD00BF000F002030B5094B36
:1002800001465C78002203F58173D0B2844201D824
:10029000082005E013F8015B8D4202F10102F4D160
:1002A00030BD00BF000F0020F0B5254D95F89841F6
:1002B00089B0224605F29911684608F08BF921466B
:1002C00068460AF021FB0446B8B300EB4001C9B20E
:1002D00002A8FDF7C7F9601E95F8A161C0B201241C
:1002E00095F8982105E0731CB3FBF2F102FB113382
:1002F000DEB206F120030DEB030111F8203C002BC8
:10030000F1D100EB400220326A4406EB46032B4455
:1003100012F8187C83F8A27112F8177C12F8162CC8
:1003200083F8A37183F8A42101F8204C0138AB199C
:10033000C0B2FF2883F89941D2D109B0F0BD00BF07
:10034000000F002070B5064688B00C46002A4FD03A
:100350002A4A92F8A131D01890F8991121B94FF496
:1003600080712820FCF7E0FF03EB430111440133C7
:1003700091F8A251E57091F8A35191F8A41161711F
:100380000021257180F8991192F89811B3FBF1F0D2
:1003900001FB103382F8A13192F8C23123B9184918
:1003A00002F5DD700AF012FE657905F03F0545F0B3
:1003B000400565710D220021684608F081F9E37857
:1003C0008DF80F3023798DF80E3004AA0423694686
:1003D00030468DF80D5007F069FE9DF81F302370F0
:1003E0009DF81E3063709DF81D30A37008B070BD7D
:1003F00003216018FDF736F9D6E700BF000F002093
:10040000A9020100044B5A78824286BF1B1893F858
:100410004A010020704700BF000F0020044B5A78AB
:10042000824286BF1B1893F842010020704700BF2C
:10043000000F0020064B00224FF461711A8083F8F0
:10044000C32183F8C421A3F8C61183F8C2217047E1
:10045000000F0020014B83F8C4017047000F0020FB
:10046000014BB3F8C6017047000F002030B50A4BAE
:100470005C7884420ED9184490F802012B3003EBCB
:10048000C004A5790D7053F830001060A3889380E4
:10049000012030BD0020FCE7000F00200246074885
:1004A00010B590F8C34124B1417821B1023002F077
:1004B000A9FF204610BD0C46FBE700BF000F00203F
:1004C0002DE9F74F2F4C00921A46637883428046FD
:1004D000894654D9231893F8425185F00105E9B1B2
:1004E00093F84A31D3B945F002070135C2B9F9078B
:1004F0000BD5062101FB084104EB081001F58571BD
:1005000082300092FFF71EFF009ABB0733D504EB41
:10051000081049460230FFF715FF2CE02F46E5E7AB
:1005200094F8A1614FF0010A002DE0D004EB060B16
:100530009BF8991199B9009B0192D3B100F0B8FBD7
:1005400006EB460121444FEA102C81F8A201019AE2
:1005500081F8A3C1000C81F8A4018BF899A194F84B
:1005600098110136B6FBF1F001FB1066F6B2013DC1
:10057000DAE747F00407384603B0BDE8F08F0027FC
:10058000F9E700BF000F0020074B5A78824209D9D3
:100590001A1892F842212AB9062202FB003000F50F
:1005A0008570704700207047000F0020064B5A7876
:1005B000824281BF1B1893F83A01B0FA80F04009DB
:1005C00098BF0020704700BF000F002030B5002406
:1005D000A0F85040B0F8544042F210754C43B4FBC0
:1005E000F2F4A0F85440541E05FB0343B3FBF2F3AE
:1005F000A0F85230094BB3FBF2F30133A0F85830A6
:10060000B0F84C3005FB0344436CB4FBF2F459439F
:100610008464B1FBF2F2426430BD00BF005A620252
:1006200070B504460D4659BB4FF4367208F048F8D1
:10063000012384F89E30492384F8E930042384F8A8
:10064000EA306FF03B0384F8EB306F2384F8EC3032
:100650006FF03F0384F8ED302B2384F8E830FE235D
:1006600084F826317F2384F895301E4BC4F88030FF
:10067000202384F8EE5084F8EF5084F8943270BD53
:10068000012922D100238269A0F81E3280F813329A
:10069000154B1344B3FBF2F3C0F8C03040F6B83347
:1006A000A0F8C4301146438C7830FFF78FFF0BF071
:1006B00017FF30B1E069FEF70FFF10B984F8FF5162
:1006C000DDE7002384F8FF31D9E70229D7D1B0F85C
:1006D000BA32D0F8B4228169BDE870407830FFF7B3
:1006E00075BF00BF00E0FCFF7FC3C901034B80F86A
:1006F0006C101B680BB10088184770477C00002005
:10070000074B93F900301844142804DC10F17F0FD4
:1007100003DB40B27047142070476FF07E007047D3
:10072000C8100020084B1B785B4240FA83F0142865
:1007300004DC10F17F0F03DB40B2704714207047D8
:100740006FF07E00704700BFC810002007B57F2300
:100750000DF107008DF8073003F04AFD9DF90730D1
:1007600068B10A4A5078404243FA80F0142808DC05
:1007700010F17F0F07DB40B203B05DF804FB1846B1
:10078000FAE71420F8E76FF07E00F5E7C8100020C4
:10079000024B00221A705A70704700BFC810002028
:1007A000054BFF221A70054A016811600179117129
:1007B00000221A70704700BFCA10002018000020E5
:1007C00007B5064B186800901B798DF80430684611
:1007D000FFF7E6FF03B05DF804FB00BFA9290400A2
:1007E000437843B1C2783A2A07D80549885CC31ACE
:1007F000584258417047184670470120704700BF63
:1008000064D203003A2908B5C17003D8064B5B5C7B
:10081000437008BDFF2904D04FF489612A20FCF7FA
:1008200083FD0123F4E700BF64D203002DE9FF47F5
:100830008A4602A9164699460AF096F80546002807
:100840003FD1039F36B9012487F89D40204604B06C
:10085000BDE8F087D7F810803146404608F021FC0B
:1008600004460028F2D0194B5B88B3422BD30146D3
:1008700001AA404608F06AFD019B1D809D7097F813
:100880009D300198002B0CBF514602210AF091FACD
:10089000019832464946033007F09CFE31464046F7
:1008A00008F034FC044618B97B212B20FCF73CFDF2
:1008B00002A80AF055FB039BA3F80A5287F89D5043
:1008C000C4E70124C2E72C46C0E700BFCC100020DB
:1008D000024B987DC04300F001007047CC1000200F
:1008E000034B987D80F00200C0F34000704700BFCA
:1008F000CC10002010B5094C14220021204607F02E
:10090000DFFE1222002104F1140007F0D9FE0123BA
:100910002373231DC4E9003310BD00BFE81000207D
:100920007FB505460C4619B9F1211020FCF7FCFCF7
:1009300003888B8000234B724669304608F0F8FC30
:10094000014608B9FA21F0E701AA304608F0FEFC9A
:10095000E08008B9FF21E8E7FB2802D940F2011145
:10096000E3E701980AF02DFA012801D0022805D109
:100970002072206828B94FF48C71D6E740F211112B
:10098000D3E70199E288033107F024FE304608F0EE
:10099000E5FC10B940F21D11C7E70021304608F010
:1009A00019FC10B94FF49171BFE70B4BDA7D82B19E
:1009B0001A8B2888013A02A91A8309F0D5FF10B1D1
:1009C00040F22B11B1E7039AB2F8AE300133A2F82E
:1009D000AE3004B070BD00BFCC10002010B520B9FF
:1009E00040F21B211020FCF79FFC41600272EFF3E4
:1009F000108472B6094B1A1D0260596819B1097A40
:100A0000012908BF1A601A681060186004B962B63C
:100A1000BDE8104093F8260007F074BCE8100020F1
:100A2000024B83F82600FFF765BF00BFE8100020E7
:100A3000014B024A1A607047800000202109010022
:100A4000F7B54F4D4F4F06466B681B7A0C2B07D1FD
:100A5000FB7D2BB13B8B1BB90022104603B0F0BDD0
:100A60002B699BB11B7A8BB12C69002CF4D0237AB3
:100A7000DBB205222272023B0A2B72D8DFE803F0B8
:100A800017324671714F7171717164006C68237A0D
:100A9000012BE1D0EFF3108372B66A6812686A60C6
:100AA00003B962B6237A002BDAD02C61DFE76368E2
:100AB00023B940F2A1111020FCF736FC3146204644
:100AC00098470422EFF3108372B6217A0529C8B241
:100AD00001D000284ED1002121722961002B45D17F
:100AE00062B643E0636813B94FF4D571E3E731466A
:100AF00020469847C0F30723012BADF80400C2B28B
:100B000032D0022BDED100232B612FE0636813B9B2
:100B10004FF4DA71CFE7204698470022D2E76368A6
:100B20000BB9C621C7E70B2232701988A6F803104B
:100B300001220024B27072711869B471214608F064
:100B400049FB2C61042288E7606810B940F2DF118C
:100B5000B1E70D4B31461B68984700232B610222F9
:100B60007BE74FF4F471A6E703232372002A3FF4D6
:100B70006BAF72E7002B7FF467AF62B664E700BF2C
:100B8000E8100020CC100020800000200448037FE3
:100B900023B90449022214300AF009BA704700BF91
:100BA000E8100020A1AF01001B234FF01B1283842B
:100BB000038482618382C260038539B94FF4A473D0
:100BC000034AC3844384C261C3820261704700BF89
:100BD00048014801B0F854200B46B0F84810914243
:100BE000F0B528BF1146B0F84C40B0F85620B0F828
:100BF0004450C78FB0F84260C187A24228BF224646
:100C0000B0F84640A0F84220944238BF14468D42C6
:100C100038BF0D468F42A0F84450A0F846402ED170
:100C2000B61A18BF0126B0F84A50B0F85040B0F8D4
:100C300052E0B0F83CC0B0F84070A54228BF25464D
:100C4000B0F84E408587744528BF7446AC45A0F87F
:100C5000404002D1A74200D19EB10088A3F809000C
:100C6000A3F80B50A3F80D40A3F80F10A3F8112020
:100C7000BDE8F0400349022218460AF0AAB901264D
:100C8000D1E7F0BDE5AF01000B8BA2F80B304B8B29
:100C9000A2F80D308B8BA2F80F30CB8BA2F8090095
:100CA0000249A2F8113010460AF08DB925B00100B2
:100CB000094AD2E90003434083EAB01181EA4321A3
:100CC0004FEAF3435360054B116058434FEAF0601D
:100CD00000EB8000704700BF10110020BB79379EE9
:100CE000094AD2E90203434083EAB01181EA432171
:100CF0004FEAF343D360054B916058434FEAF060ED
:100D000000EB8000704700BF10110020BB79379EB8
:100D100038B50A4C04F1080508212846FCF7A2FC66
:100D2000D4E902231343F7D0FFF7DAFF2060FFF77F
:100D3000D7FF236860600343F6D038BD1011002050
:100D4000174B184A9A60184A5A60184A1A60184A8B
:100D50009A62184ADA62184ADA60184A9A61184A9E
:100D60001A63184A1A62184ADA64184A9A64184AC6
:100D70005A62184B184A9A60184A5A62184ADA623C
:100D8000184A1A61184A5A61184A9A61184A1A632D
:100D9000184A9A64184ADA64184A9A63704700BF7E
:100DA00084000020F1B20100E10F01004D100100AC
:100DB0008BB401005DB50100D7B4010073B501002B
:100DC00009130100A11101005FB6010087B60100FF
:100DD000F9110100700100201DB301001FB60100D0
:100DE00095B5010005110100B9B501003D110100E3
:100DF00003B70100BFB60100ADB60100F9B50100AF
:100E0000044B054A5A65054B054A1A65054A5A6559
:100E1000704700BF8400002089B3010070010020EA
:100E200063B3010001B40100054B064A9A65064A06
:100E30001A66064B064A9A65064ADA65704700BF8D
:100E400084000020EDA70100D1FE00007001002009
:100E500017A7010095A80100252A70B505460C4684
:100E600018D8012A19D9023A232A16D8DFE802F045
:100E70001A15252424331535152439444815154DE4
:100E8000242467676D741515151515151515151599
:100E900015808990FF2A00F0828040F2D6315120DF
:100EA000FCF742FA02784368012A02D193F828310C
:100EB00001E093F83131237170BD4168204601F59E
:100EC0000A7109F0E8FF6968204601F50C71BDE878
:100ED000704009F0E2BF4368E8E7BDE8704000F009
:100EE000F7B90D230B7159234B7100238B71FB2331
:100EF000CB7111230B72DFE7436893F82231DAE7F5
:100F0000BDE87040084600F0D1B90378466873B96F
:100F100096F828315BB196F8251120460AF00EF8B4
:100F200096F824112046BDE870400AF00BB896F8F8
:100F3000231120460AF002F896F82211F2E74168E0
:100F40002046BDE870400AF088B9436893F83E2116
:100F5000227193F83F3109E0436893F83C21012A5C
:100F6000F4D093F864200A7193F865306371A3E7B5
:100F7000104B1B68002B9FD002462320BDE8704019
:100F800018470C4B1B68002B96D002462420F5E72F
:100F9000084B1B68002B8FD002462520EEE74368E4
:100FA000204693F8A722D3F8A812BDE8704009F0B4
:100FB0000CBF00BF5C0200203A289ABF024B53F8D6
:100FC00020000020704700BF840000203A289ABF0C
:100FD000024B53F820000020704700BF7001002032
:100FE00070B5044640680D4690F897200123002113
:100FF000783009F0C6FC20B32846666809F02EFF59
:10100000A6F8AC026068B0F8AC32B0F89010013BC2
:101010005B1A9BB247F6FD718B4208D9282380F8F2
:10102000B9300949B03009F0CEFF002070BD00F2A0
:10103000AE21284609F00DFF63680A2283F8972045
:10104000F3E70120F2E700BF8BB2010070B505465F
:1010500040680C4690F8972001230021783009F071
:1010600090FC002849D00021204609F0C5FE28B98F
:1010700021462846BDE870400AF0DBB86868B4F83D
:101080000D30B0F89020A0F8AC32D24313449BB29C
:1010900047F6FD72934208D9282380F8B9301849E1
:1010A000B03009F090FF002070BD204609F09BFE93
:1010B0006E6840F2E2425043C6F8B4022379C3EBB3
:1010C000431103EB810303EB83035B00A6F8AE320D
:1010D000B4F805305343C6F8B032204609F086FE16
:1010E000A6F8B80220466E6809F083FE6B68A6F881
:1010F000BA020D2283F89720D5E70120D4E700BF7C
:101100008BB2010008B5406890F89730152B04D0D9
:101110004FF492711F20FCF707F9012380F8D730B4
:10112000162380F89730BDE808400349022200F5F5
:101130002F7009F03CBF00BF63B4010038B54368AD
:1011400093F897201C2A044604D040F271111F2006
:10115000FCF7EAF893F8D8101D88002283F8D7200E
:1011600003F5F97071B10C4983F8D82083F8FB219D
:10117000A3F8FC51022209F01AFF6368002283F8E9
:10118000972038BD012283F8FB1183F8FE21034923
:10119000A3F8FC510222EEE74FB4010037B401007E
:1011A000436830B5D3F8884014F001001FD14D6872
:1011B000104A8968A3F8D4002A40C3F8E820C2F393
:1011C000076242F0080221F41E5121F0100183F859
:1011D000EB2093F8D6200904090C013244F00104F5
:1011E000C3F8EC1083F8D620C3F8884030BD012046
:1011F000FCE700BF2F4904F770B54468037894F802
:1012000096200D4604F17800072109F0BAFB80B35F
:101210006968AA68194B22F41E520B40C4F8E830E2
:1012200022F01002C3F3076343F008031204120C08
:1012300084F8EB300023C4F8EC2084F8D23084F832
:10124000963094F89C2102F0FF06A2B92388A4F8F6
:101250009E3184F89D616B68C4F8A031AB68084981
:10126000C4F8A431022204F5CA7009F0A0FE304689
:1012700070BD0126FBE71E46F9E700BF2F4904F7C2
:10128000D7B50100406890F89C315BB90388A0F89D
:101290009E311A2380F89D310349022200F5CA705D
:1012A00009F085BE704700BFD7B5010010B50446F0
:1012B000FEF7AAFD21F41E51044B21F01001090490
:1012C0000340090C6360A16010BD00BF2F4904F703
:1012D00037B50C464568FEF797FD0A4B95F8E820B0
:1012E00021F41E5121F01001034009040093090C60
:1012F00013408DF8003001916B4603CB6060A16014
:1013000003B030BD2F4904F738B54468037894F82A
:1013100096200D4604F17800082109F032FB18B937
:10132000D4F88830980744D494F8D93099071DD45C
:10133000284609F0B5FD84F8E300B5F80530A4F8B7
:10134000E430B5F80730A4F8E63094F8D93043F02B
:10135000020284F8D920DA0702D494F842312BB182
:101360001549022204F1DA0009F033FE94F8D9306D
:10137000DB0713D4D4F8883013F0020203D05621CF
:101380004020FBF7D1FF43F00203C4F8883094F803
:10139000D630A4F8D420013384F8D63094F89630AF
:1013A000012B4FF0000003D184F8960084F8D2009E
:1013B00038BD0120FCE700BFE5B60100044B9B6887
:1013C0005843C3F580534B4303EB2030704700BFB5
:1013D0002011002070B54568044602F083FB85F8B3
:1013E0008700FFF7B3F97F28014685F895000ED0F6
:1013F000D5F88000FFF7E2FF054BC5F880001B7BA6
:101400002BB1044B20461B68BDE87040184770BDE7
:101410002011002064020020014B1B68184700BF08
:1014200060020020F0B5204D2B7800241470CBB35F
:10143000013B6F68DBB21D1B012D0BDC07EBC40504
:1014400057F834606D688D4208BF864212D114701F
:101450000120F0BD1D196E1007EBC60E57F836C0FF
:10146000DEF804608445C5F347058E412CBF2B464A
:101470002C46E0E7B04271EB050502D21470002063
:10148000E7E707EBC30457F8335064688C4208BFA2
:10149000854201D11370DBE7A842A14128BF013387
:1014A0001370ECE71846D4E73011002010F0070263
:1014B00008B503D063214820FBF736FF18B1034B72
:1014C000197258601A70C80008BD00BF30110020A2
:1014D000014B00221A70704730110020014B187A1E
:1014E000704700BF301100202DE9F7430AF03BF9A7
:1014F0000DF1070206460D46FFF794FF98B9104913
:101500000A780B7A93420ED04C6813466FF060470E
:101510009DF80700984209D304EBC003C3E90065B6
:1015200001320A70012003B0BDE8F083D81904EB42
:10153000C000D0E90089013BC0E90289DBB2E7E7DE
:101540003011002037B50AF00EF90DF10702FFF750
:1015500069FF0446A0B10C4A9DF80700137855684E
:10156000013BDBB213701A1AD2B2411CD200834283
:1015700038BF002205EBC10105EBC00006F0E6FF15
:10158000204603B030BD00BF3011002038B5074DF4
:10159000044600F15101286809F081FB94F85010CD
:1015A0002868BDE8384009F088BB00BF3C11002026
:1015B000F8B504460E466588407F15F0040508BF5F
:1015C0002946134618BF04F15F013246FEF778FF43
:1015D000C20705460BD5012384F85030607FFEF723
:1015E000D3FF0368C4F851308388A4F85530AB07A3
:1015F0000CD5094E0127306884F85E7004F15F0154
:1016000009F054FB3068394609F060FB85F00400AE
:10161000C0F38000F8BD00BF3C11002038B5C38D79
:101620000E4D0133C385AB7C04462BB102F0D2FDD5
:1016300001F01AFF0023AB7400232B7194F8713072
:101640002BB101212046BDE8384008F037BA637C51
:1016500013B1E28D9A42F4D20021F3E73C1100204D
:1016600070B5294C2379012B07D02379022B04D0A4
:1016700040F6E2412D20FBF757FEA0B90125A37CDF
:101680001BB102F0A7FD01F0EFFE002D3AD0E0699A
:1016900008F08CF9002830D002F0ACFB236ABDE8DA
:1016A00070409B6818472168E26911F8095B02F1F4
:1016B0005103E80992F8502009F008F90028DDD01C
:1016C0002068002109F027FB0028D7D02379E069A2
:1016D000012B05D02379022B02D040F6BB41C9E78C
:1016E0002379226A03F180435269013B05F00F011F
:1016F00052F8233098470546C1E7E069BDE87040DD
:10170000FFF78CBF70BD00BF3C11002010B5134C1B
:10171000A37C1BB102F05EFD01F0A6FEE06908F0BB
:1017200045F970B12379E069012B0FD12379226A41
:1017300003F18043D268013BBDE8104052F82330EA
:101740001847E069BDE81040FFF768BF2379022B16
:10175000ECD040F6E7312D20FBF7E6FD3C110020F0
:1017600018B1084BD869FFF759BF51B1054A137931
:10177000116AD069096903F18043033B51F82330B2
:10178000184770473C1100202DE9F043032985B02C
:10179000054690467ED090F8703003F0FF02002B93
:1017A0007DD1052904D16B88D8075FD5002A5DD18A
:1017B0000127DFF8F09099F81260B6B109F0BBF894
:1017C000082888F8000014D002AA0DF10701FEF7DE
:1017D0004DFE20B940F642712D20FBF7A5FD9DF886
:1017E000070002A909F0CBFF064698F80030082B45
:1017F00008D1D9F8001011F8030BC0F3801009F0DC
:10180000BEFF0646D9F8001095F8572011F8030BD3
:1018100005F15803C0F3801009F058F8D9F800100A
:10182000044611F8030BC0F3801009F07AF88146E2
:10183000FEF7BCFE40B1B9F1080F1CD04846FEF7D8
:10184000E1FD80F00100C0B298F80020082A16D00F
:101850009CB96B7F991A4B424B416A88520706D458
:1018600020B99EB9EB7C9BB1BB4211D00023184636
:1018700005B0BDE8F0830020E6E70123EDE714B1F1
:1018800080F00104E4B204F00103E6E73346EEE73A
:101890000123ECE743889B07E8D5022789E7052960
:1018A000E4D180E73C1100202DE9F04F85B00823FA
:1018B0000DF10702052104468DF80730FFF764FF9C
:1018C000064620B90026304605B0BDE8F08F7D4DB4
:1018D0002968EA7C11F8030B05F11403C0F38010AA
:1018E00008F0F4FF07460028ECD12B68216A18465F
:1018F00091F89E2010F803CB02EA5C1202F001027C
:1019000081F89E20D3F80320C1F803208288A1F833
:1019100007201A46216A12F81F0BC0F38010887046
:1019200012798DF80C20D3F80F20D3F81F00CA616C
:101930005A7D0290187D120442EA0022D87C0243AC
:101940004A62B3F8192040F2E24808FB02F28A61C9
:101950009A7DC2EB421002EB800202EB820252003F
:101960008A85B3F8172008FB02F28A62B3F81B20BD
:101970000A84B3F81D204A8493F8243003F01F032F
:1019800081F8AA30D4F8209094F912B002A909F194
:101990009E0009F0DAF82B6893F824305B0989F887
:1019A000003240F20113A9F868304FF0FF0A89F8BD
:1019B0006AA0394609F13000FFF7F6F85946484663
:1019C000FEF794FE236A84F87B701A88A4F87C20C2
:1019D00084F899A04FF6FF72A4F89A209A69B2FB96
:1019E000F8F2A4F892201A8CA4F894205A8CA4F847
:1019F000962093F8002284F89820227F9DF8070013
:101A000004F186015AB394F85020012A27D194F8A2
:101A1000562002F0C002402A21D1D4F85120C4F847
:101A20008620B4F855208A809A7884F87F20082888
:101A300003F1030704F18002D3F8033004F18C01B1
:101A400036D0C4F88C30BB888B8004F17F01FEF760
:101A50000DFD40B94FF444612D20FBF765FC0022D9
:101A6000C4F88620DFE794F87F3043F0020384F85F
:101A70007F301549022204F1720009F098FA236AB6
:101A800012491A88A4F8B32093F89E3084F8B53030
:101A9000022204F1AA0009F08AFA0D4B206A1B68A1
:101AA00000222A71002B3FF40EAF214698470AE727
:101AB000C4F88030BB8893800023C4F88C308B80BE
:101AC000D7E700BF3C110020C1B7010093B7010068
:101AD0006C020020032973B5044604D0052953D0B5
:101AE000012002B070BD08230DF107028DF8073008
:101AF000FFF74AFE0028F3D0237C284D0BB39DF856
:101B0000070094F8BE30E3B9237884F8BF30082882
:101B100004F1C10229D004F1C001FEF7A7FC20B9ED
:101B200040F6BF712D20FBF7FFFB94F8C03043F067
:101B3000020384F8C0301A49022204F1B60009F009
:101B400036FA2B68062204265A701E702046FFF7CC
:101B50001DFD94F84020E16B286809F0CDF8286855
:101B60002E7102F0C9FA0020BBE72868034613F87B
:101B7000031BC1F3801184F8C010D0F80310C4F81F
:101B8000C1109B889380D6E7064B1B6823B198470A
:101B900080F00100C0B2A4E71846A2E73C11002083
:101BA000A9B70100680200202DE9F04104460E4665
:101BB00019B300F12805284609F0FCFFA0B9638895
:101BC0001A072ED528460AF00CF80746284609F0D1
:101BD000F1FF381AC0B20AF014F8544A9368184456
:101BE0009060284609F0C2FF284609F0C4FF02F0C1
:101BF000BFF82179252001F0BFFF4C4D94F85E20FD
:101C000028680023037043706388103B0D2B57D85E
:101C1000DFE803F052564E0C563956565656565675
:101C200056392046BDE8F041FFF7F8BC0623437063
:101C3000202303702046FFF7A9FC638823F00803E4
:101C40009BB2152B05D094F83820616B286809F0F9
:101C500044F8286802F050FA03232B7136B16388E8
:101C6000102B32D12179002002F088F86388103BD4
:101C70000D2B56D8DFE803F058554F4F554F5555AB
:101C800055555555554F0C2343702123037042B1D0
:101C900004F15F0109F00AF80121286809F016F83B
:101CA000C8E704F1580109F001F894F85710F4E777
:101CB000062303704370BDE7022303700623F9E790
:101CC00040F255612D20FBF72FFB04F12808404618
:101CD000EF6809F086FF0646404609F06BFF013EBB
:101CE000301A61882822C0B200F03EFA63881B07D0
:101CF000074406D5AB681F4409F080FF3844C4F898
:101D0000D80022793946002002F06CF90028ADD1C4
:101D100040F65751D6E721790120BDE8F04102F0A5
:101D200073BA40F66B51CDE7BDE8F0813C1100205D
:101D300038B54388102B044604D1BDE83840012152
:101D4000FFF732BF0B4DAB7C23B101F073FB40209A
:101D500002F034FA286802F0CFF9608810F004002D
:101D600002D1217902F050FA002002F003FA012397
:101D70002B7138BD3C110020024B0121D869FFF7BF
:101D800013BF00BF3C11002007B50D4B1A799AB163
:101D90001A79D869012A02D01A79022A07D19B7CC4
:101DA0002BB1019002F016FA01F05EFB019803B02E
:101DB0005DF804EBFFF732BC03B05DF804FB00BF35
:101DC0003C11002010B50948037903F0FF0453B912
:101DD00018222146043006F073FC02F0FBF901F0F2
:101DE00043FB204610BD0C24FBE700BF3C11002044
:101DF00010B5094C002323712060FFF7E3FF20B1E9
:101E000040F225312D20FBF78FFA236A13B94FF4E6
:101E10004A71F7E710BD00BF3C110020014B024A98
:101E20001A6270473C11002010210100034B044A44
:101E30001A60044B044A1A60704700BF6802002011
:101E4000A91801006C0200204DF400002DE9F041BA
:101E5000067DB31EDBB2012B04468CBF4FF0000899
:101E60004FF001087EB3B71E18BF0127012B36D8EB
:101E700000F1580190F8570008F053FD0828054676
:101E80002DD0FEF7CBFA58BB657784F81C8084F818
:101E90005070FEF7E5FA05460AF058FA174BA5FB15
:101EA0000335181845EB01050022C4E9120584F832
:101EB0005E2011462046FFF77BFB70B940F2C2411D
:101EC0002D20FBF731FA3746082504F15101002097
:101ED000FEF78AF90028D7D10020BDE8F081082557
:101EE000022EF2D0E37E002BF6D0D4F81530C4F8E1
:101EF0005130B4F81930A4F85530C5E740420F000E
:101F00002DE9F041634E337988B0044603F0FF05B4
:101F100013B90378FF2B04D140F6DE112D20FBF717
:101F200003FA5D4B04935D4B05935D4B0693336A57
:101F300075715B6880F8715004A807933582B560AD
:101F4000B57102F0D1F801F055FE02F043F901F04D
:101F50008BFA544801F0E6FE534802F0BFF804F152
:101F60002800019009F002FE019809F004FE01F03A
:101F7000FFFE2179252001F0FFFD94F9120001F008
:101F8000CBFE2846217901F0C5FF0546F06030B947
:101F90002046FFF743FB284608B0BDE8F081012149
:101FA00004F1680008F086FC04F13401206B07F0AE
:101FB000EBFA04F13C010746206B07F00AFB0546EB
:101FC0001FB194F82430002B3ED10DB194F8255068
:101FD000237F13B963885B070AD5D4E912126FF027
:101FE00000439A4208BFB1F1FF3F2FD1002D35D1F8
:101FF00030680330FEF752FA6588B07415F00105B9
:1020000046D00023276ACDE90233FF23F37407F19A
:102010000A0802A8FBF7E4FD0028BCD1029CA742F5
:10202000F7D07A7A607A434604F10A0108F04EFC50
:102030000028EED0A378F374D4F8030070611B4B32
:10204000B4F807209A80A6E70125C1E70AF07EF9D7
:10205000D4E91223904271EB0303C7D3012205EAAE
:1020600002012046FFF7A4FA68B1FEF7F9F9054628
:102070000AF06CF90E4AA5FB0232181842EB010275
:10208000C4E91202B4E7002DB2D040F61F2145E7A3
:10209000012580E73C1100200D17010061160100A9
:1020A00061170100D6BE898E55555500501100208C
:1020B00040420F00024BD8611B6A1B68184700BFE3
:1020C0003C11002043881B0710B5044612D5036A53
:1020D0000A493C2280F87B201B88A0F87C30FF2333
:1020E00080F899304FF6FF73A0F89A3002227230D0
:1020F00008F05DFF012384F8713010BDC1B7010005
:10210000D51A0100311D010021B801001BB80100E2
:1021100085BA0100891D0100791D01000C21010013
:1021200004210100002101000138022808B503D96B
:10213000CA212F20FBF7F8F813290A4B05D81129DB
:102140000CD8102907D0D821F3E71529FBD103EBD0
:102150004003D88801E033F8100008BD03EB4003CA
:102160009889FAE7A0D2030008B5431EDBB2012B21
:1021700005D91D291ED0EE212F20FBF7D5F81039E7
:102180000D291BD8DFE801F0071A11111A0C1A1AD1
:102190001A1A1A1A1A160B4A02EB4303588A08BD78
:1021A000084A02EB4303D88AF9E7064A02EB4303E5
:1021B000588BF4E740F25A335843F0E74FF48171FB
:1021C000DAE700BFA0D2030008B5084B586890F8C2
:1021D0009C304BB990F8972001230621783008F005
:1021E000D0FB00F0010008BD0120FAE760110020DB
:1021F000F8B52D4B1A89402842EA00021A8105D110
:1022000058680421BDE8F840FDF784B800F00302E7
:10221000032A04D140F60E213120FBF785F810F097
:10222000020418BFD960C50705D5CA781961062A06
:102230000DD00B2A18D02CB1DA68D278052A1FD01D
:102240000B2A2AD0820644BF08221A75F8BD5A68A4
:1022500092F897101829EED1002600270121C2E933
:102260003E6782F89B10E6E75A6892F897101229A9
:1022700001BF002182F89B10012182F8D810DAE713
:102280005A6892F897101629DCD100240025C2E97B
:102290004045012182F89C10D4E75A6892F89710C3
:1022A0001129CFD10021F5E76011002013B50446B4
:1022B00001A8FDF723FF20B940F2ED713120FBF7B3
:1022C00033F822220021019806F0FAF9019803213F
:1022D00008F06FFD0198037823F010030370214686
:1022E000FEF790FA019906482246FEF7B5FDFDF784
:1022F00019FF10B940F2F771E0E702B010BD00BF5E
:102300006011002070B5274C636893F8AE6293F8B3
:10231000AF52002E3FD193F86810002D3DD193F8B5
:10232000692083F8681083F86920FF2283F86A2007
:102330001D4B1B680BB160689847636893F83C318C
:10234000012B02D056EA050303D016480021FDF701
:1023500083FD6068303008F0B3FE0546606800F227
:102360005311FEF737FC60680521FCF7D3FF606866
:10237000303008F0A5FE8542044610D202F020FC61
:102380000146601B322838BF322005F07BFAB0FAD4
:1023900080F0400970BD3146BFE72A46C1E7012001
:1023A000F8E700BF6011002074020020002908BF78
:1023B0001F21172810B503460BD80D280DD90E384C
:1023C00009280AD8DFE800F00B0909090B090B09F5
:1023D000110BA0F12303022B24D9002010BDBDE86E
:1023E00010400021184609F010BC124C606890F8AB
:1023F0009630212B09D12046FDF72EFD636800227F
:1024000083F8962083F8D220E7E72E2BE5D190F8C9
:10241000972001230B21783008F0B3FA0028EDD182
:102420002A21E8E7044B1B68002BD6D0BDE81040FA
:10243000184700BF6011002070020020114B09797D
:102440000246586890F89630212B11D02E2B0FD0D1
:10245000282B0FD0042B0FD00F2B0FD01D2B0FD0FC
:1024600090F89730232B14BFFE201720FFF79EBF54
:102470001620FBE72320F9E70E20F7E71220F5E707
:102480001420F3E76011002008B50C4B5B6893F84B
:102490002621FE2A04D040F2FC713120FAF744FFD5
:1024A00083F8260111B9A3F8D41008BD0022A3F8BF
:1024B000CE20012283F8D220F7E700BF6011002070
:1024C0000D4B1A7D9AB940B95B68B3F858109A8FD2
:1024D00091420FD81846FCF70FBF1A89120708D58A
:1024E0005B6893F89800073818BF012070470020F8
:1024F00070470120704700BF6011002070B543682D
:10250000D3F8883013F0300F86B004460D4655D10D
:10251000084608F0DFFC30B92946204606B0BDE881
:10252000704008F086BE2846666808F0CFFC05902B
:10253000284608F0C7FC0490284608F0C9FC039020
:10254000284608F0C1FC3036DDE9033200900599D9
:10255000304608F0C7FD1A4B1A89920710D5DA6881
:10256000D278142A0CD16268D2F8883043F0100374
:10257000C2F88830204608F02EFE002006B070BD5C
:10258000626892F896101D29EDD092F83321002A46
:10259000E9D1626892F83221002AE4D16168D1F869
:1025A000882042F02002C1F888205A68114602F5BE
:1025B000B37231F8300BFEF767FBDBE70120DDE794
:1025C00060110020F7B5834C0546002840F0B2802A
:1025D00023891F0728D5636893F82621FE2A04D192
:1025E0004FF4A8613120FAF79FFEFE2283F82621DE
:1025F00093F897201A2A07D183F8D700204608F0CD
:10260000F4FD636883F89750606890F89630202B4B
:1026100033D0332B40D0636893F89820072A02BF49
:102620000222627583F826212389DE073DD423899F
:10263000580700F1B180990713D5E368DE780D2EB5
:1026400000F0B280112E00F0B180072E00F0B080B3
:102650003046FEF7BBFC0346002800F0AB805D4827
:1026600098472389DA0665D5636893F897200A2A84
:1026700060D10B2283F897205CE090F8972001232B
:102680000B21783008F07DF9636818B12E2283F8A9
:102690009620C0E72122FAE7012380F8A532002323
:1026A00080F8963080F8D230B5E76068276990F8F6
:1026B0009720FE7801230521783008F062F958B19F
:1026C000B31EDBB2092B00F28180012202FA03F370
:1026D00040F23332134279D03846FEF781F820B900
:1026E00039463C4808F0A5FD4BE0FE78012E01D9A3
:1026F000162E0FD1636893F8960008F08BFD48B151
:10270000636893F89620202A04D0212A0ED12E2225
:1027100083F89620112E39D02AD8072E38D00D2EC6
:1027200038D03046FEF748FC034625E0162E0CBF95
:1027300020250225237D1B0717D56068012390F80B
:1027400097200521783008F01CF9064600283FD173
:10275000019001A90320FBF783FE019B2BB11E72A0
:102760000C226168019808F022FC284603B0F0BDF5
:10277000142ED6D1184B1B68002BB1D021691548F7
:10278000984700283FF453AF0546D3E7134BF5E7CE
:10279000134BF3E7134BF1E7626892F89820062A8F
:1027A00004BF0122627546E70F4B58E70F4B56E70F
:1027B0000F4B54E7FF2E06D16268332182F8961042
:1027C00082F8A4024DE740F234510BE70825B1E747
:1027D0000825CAE7601100207C020020FDBC010032
:1027E000552801003D240100AFBC0100CDBC010013
:1027F000F527010010B5164BDB681979436893F88B
:102800009620092A09D193F821218A4205D1002274
:1028100083F8962083F8D22010BDD3F8882012F0D8
:10282000080407D022F00802BDE81040C3F8882051
:1028300008F0DBBCFF2905D1332283F8962083F80A
:10284000A442E9E740F2CE413120FAF76DFD00BF26
:102850006011002010B50B794268172B92F8962072
:1028600004460CD80D2B0CD9A3F10E01092908D868
:10287000DFE801F009070707090709071009232BFB
:1028800026D0002010BD22460121BDE81040184688
:1028900009F0BBB9212A01D02E2AF2D1204608F036
:1028A00091FC636893F89720222AEAD093F8E920F4
:1028B00022F0010283F8E920626892F8E93023F0FF
:1028C000080382F8E9301A212046FDF7C5FAD8E757
:1028D000282AD6D1024B1B68002BD2D09847D0E7CC
:1028E000780200202DE9F041B04C22896368074648
:1028F000D00555BFB3F8C82000220132A3F8C82084
:102900004CBF83F81C22A3F8C8200E46FFF75CFCDE
:1029100050B12389606819055FD590F89C30002B71
:102920005BD00023C0F8BC30238903F4407333B17B
:10293000606890F89A30002B6CD0032B70D06168DF
:10294000238991F89A20012A04D15A0544BF022212
:1029500081F89A20002F40F0EB825D065DBFB1F850
:102960003422013292B23A46A1F8342203F00A022C
:102970000A2A0DD1E268D278022A09D123F008038D
:1029800030462381FFF71EFE08233043C6B2238161
:102990003046FFF717FE3043C6B2606890F8263124
:1029A000FE2B77D1002E75D1012390F8982019467F
:1029B000783007F0E6FF00286CD1636893F8303177
:1029C0009BB3636893F83121A3F8CC6083F8282186
:1029D00001210220FFF758FD5CE0D0F8BC30D0F8B0
:1029E000C02001339342C0F8BC3004D8E18AD51A24
:1029F00005318D4202D8012180F8C610934293D34D
:102A00000023C0F8BC306A49022200F5A57008F026
:102A1000E0FA89E7012180F89A10FCF77BFC8EE749
:102A2000022380F89A300121F7E76068012390F8CB
:102A300097200421783007F0A4FF0546A0B1636811
:102A400093F89720113A0B2A00F24481DFE812F044
:102A5000040142014201420107010A01420142010F
:102A600042014201420130016268D2F88830D80741
:102A700002D531460920ADE7990740F192803146F1
:102A80000C20FFF701FD626892F8D93043F0010392
:102A900082F8D9306568B5F8103295F814820133A0
:102AA000A5F81032B8F1000F00F01882FBF7CAFC4D
:102AB00010B10023A5F810326068012390F8972028
:102AC0000021783007F05DFF28B9636893F89730EC
:102AD0000B2B40F01B826068012390F896200021A8
:102AE000783007F04EFF002800F010826068012364
:102AF00090F898200021783007F043FF002800F07C
:102B00000582636893F89A20022A40F0FF8193F8C7
:102B10001C22002A40F0FA81186906F077FB002891
:102B200000F0F481606890F82631FE2B40F0EE81D1
:102B3000B0F80A32012B40F2E981B0F8CA20B0F8AF
:102B4000C810951E0123A94280F81232BCBF02F1C1
:102B5000FF335B1AB0F81052E18AB8BF9BB28D42C6
:102B60003BBF4A1C521B012292B2934228BF13461C
:102B7000012B02D1002280F812226068B0F8902068
:102B800090F89A1013449BB20129A0F80C3240F23D
:102B9000CD810239012940F2C18140F66101312025
:102BA00033E1580706D53146132013E760110020A2
:102BB00051B60100190706D592F8203182F8283164
:102BC0003146072006E713F0300F3FD092F833313B
:102BD000002B40F09682636893F83231F3B160685D
:102BE00090F89730252B00F5997100F2AE222BD08A
:102BF00090F89630A3F1250CDCF1000343EB0C03B5
:102C000008F062FA6268D2F8883023F0200343F0BB
:102C10001003C2F88830002382F832316068D0F89F
:102C20008830DB0640F16D8200F25311FDF7D2FFD0
:102C30006368B3F85220A3F82821B3F85620A3F80C
:102C40002A2100211520C5E60123D9E7590640F1C4
:102C5000588200212420BDE600210B20BAE6002185
:102C60000420B7E693F8A002012808D1002105202E
:102C7000FFF70AFC6368002283F8A0220AE7022813
:102C80007FF408AF93F8D85006221DB183F82821AD
:102C90000021EDE7A048032108F0B6FA636893F835
:102CA000E83013F0040F294614BF11200D20DFE790
:102CB000002106208EE693F83C21022A02D1002151
:102CC000172087E693F83C21012A03D193F83D3180
:102CD000002BF4D06068012390F896200021783012
:102CE00007F04FFE78B16068012390F89720042127
:102CF000783007F046FE30B9636893F8C63013B1F8
:102D00000121122066E6606890F89620092A05D114
:102D100090F8213180F82831012152E7002D7FF40D
:102D2000B9AE01232946783007F02BFE002800F0C9
:102D30009D80636893F843213AB101210E20FFF78B
:102D4000A3FB636883F84351A4E693F842218AB158
:102D500093F8D92092070DD101210C20FFF794FBA5
:102D6000636893F8D92083F8425142F0010283F856
:102D7000D9208FE693F8323153B3636893F8333137
:102D800033BB606890F89730252B00F5997100F2FD
:102D9000AE221BD090F89630A3F1250CDCF1000395
:102DA00043EB0C0308F090F96368002283F83221AA
:102DB00001211420FFF768FB6368B3F85220A3F8E1
:102DC0002821B3F85620A3F82A2163E60123E9E776
:102DD000626892F83C110129CBB25DD192F83D2195
:102DE000002A59D160680B2190F89720783007F0BD
:102DF000C8FD002850D1606890F86810012906D0FD
:102E0000022904D040F281210620FAF78DFA90F8C9
:102E10006920012A01D0022AF4D1022990F83E311A
:102E200018D0012B14BF00230123ABB990F89720D1
:102E300001230321783007F0A4FDB8B960680123AD
:102E400090F897200221783007F09BFD70B901219E
:102E50001620BFE5022BE5E7022A90F83F3119D092
:102E6000012BE3D12C480021FCF7F6FF6068012319
:102E700090F896200021783007F083FD00283FF479
:102E800009AE636893F8A432002B3FF403AE01212E
:102E9000FF209FE5022BE4E7636893F849317BB19B
:102EA000636893F83D315BB96068012390F897201F
:102EB0000B21783007F065FD10B90121232089E549
:102EC000636893F84631002BD0D001212520FFF70D
:102ED000DBFA6368002283F84621DBE5FBF7ACFAF6
:102EE00008B1A5F81082FBF7B5FA00283FF4E4AD6D
:102EF00095F81C320133DBB2022B85F81C3282BFFD
:102F00000023A5F8103285F81C32D5E5636800224D
:102F100083F81222012330E66011002090F89850C7
:102F2000B0F8C810072D5DD1022954D8A0F8083296
:102F30002289636855065BBFB3F81E22B3F80E12F0
:102F400000225218A3F81E2293F83031002B00F013
:102F500081806368B3F8CC20B3F80E120A44A3F85A
:102F6000CC20636893F8D20030B1B3F8CE20B3F828
:102F70000E120A44A3F8CE2093F9D6100029C1BF3F
:102F8000B3F8D420B3F80E525219A3F8D42093F812
:102F9000B92052B9002F40F0AE80627D022A65D17F
:102FA00093F82821062A18BF1622636893F8B830D0
:102FB00033B96068594980F8B920B03008F003F897
:102FC000606808F0D6FE63680022BDE8F04183F82F
:102FD0001322FDF7CDB8B0F8CA301A440132A0F878
:102FE0000822A5E7B0F8CA504B1CAB420FDA6D1AA5
:102FF000ADB2022D0BD0033DADB290F8C63043B94F
:10300000FFF7E2F8B0B96DB1013DADB20BE00025BC
:10301000F3E790F8962001230921783007F0B1FCFE
:103020000028EDD100256368B3F80C221544A3F8FD
:1030300008527DE76268D2E92F23911C8B4207D3A7
:103040009B1A022B04D0033B9D4288BF9DB2DAE756
:103050000023F9E76068012390F89820194678303A
:1030600007F08FFC00287FF474AF7AE7012A08D1BB
:1030700093F89920002A98D160680021FCF74AF95A
:10308000A1E756B1F00634D4310734D4B20634D4B3
:10309000B30734D140F68D1181E538B1B3F8CE00D5
:1030A000B3F8D020904201D322227EE7002905DD2B
:1030B000B3F8D410B3F8D0209142F5D2B3F8CC10C5
:1030C000B3F8CA2091420BD2636893F89A10B3F810
:1030D000C82051B1B3F8CA309342CDD8082264E772
:1030E00093F83031002BDFD1EEE7052AC4D93E2218
:1030F0005BE71E2259E73D2257E7232255E72A22A4
:1031000053E7636893F89720222A3FF4D4AD312A1D
:103110007FF4E0AD002111205CE400BF8BB2010020
:10312000F7B5734C012727700023606080F8137295
:103130000088238123756375FCF7DAFF63681888BC
:10314000FDF700F86368B3F80A22264612B393F835
:103150002621FE2A1ED193F83031DBB160683B4650
:1031600090F898203946783007F00BFC054688B96E
:10317000636893F83121A3F8CC0083F8282102205A
:103180003946FFF781F96368022083F81252FFF78E
:103190008DF804E0636893F82601FE28F7D1636890
:1031A00093F81522002A4FD000236268E382B2F818
:1031B0000E32B2F81012013B11FA83F1A2F810128C
:1031C000B2F8C8109FB211FA83F3A2F8C830FEF724
:1031D000FBFF28B16268D2F8BC303B44C2F8BC3077
:1031E0006068B0F80A32012B9CBF0133A0F80A32A4
:1031F00000250FB180F81C5290F8973080F81252D9
:10320000A3F10A02012A2AD8B0F89030B0F8AC2213
:103210009B1A19043DD400F2AE219E3007F095FCB4
:10322000636883F89750FF2283F8F0206168B1F853
:103230000E2201F1780007F0CEFC00283FD040F6C6
:1032400015113120FAF770F893F8B03123B962689C
:10325000D38D128C9A42A8D363681B8CA5E7252BCB
:1032600017D1B0F8AC22B0F890309B1A1A0410D4E1
:1032700080F89750FFF746F86368014630B983F845
:103280003C0103B0BDE8F040FFF72CBB83F83C5194
:10329000CCE790F8963003F0FD03252BC6D1B0F8AB
:1032A0009030B0F8AC229B1A1B04BFD4002380F8E6
:1032B0009630FFF727F801460028B7D1E1E70D4B1C
:1032C000009396E803000C4B0C4AFAF789FF6068FC
:1032D000012390F897200521783007F052FB20B1A8
:1032E00003B0BDE8F040FAF773BF03B0F0BD00BF14
:1032F00060110020E5280100C1240100F121010036
:1033000038B50446084694F8A03213B10C25284677
:1033100038BD94F89730162BF8D194F8C43203F0E6
:10332000FF05002BF2D199B10A4B5968D1F8303220
:10333000C4F81C3101F58472052301F5087104F00D
:10334000B5FE012384F8A032204608F01FFDDEE719
:103350000223F7E760110020D0F8B432826993426B
:1033600010B5044604D1D0F8B812026A914216D0C2
:103370002288A4F8B22140F2E242B3FBF2F3A4F8AF
:10338000B431B4F8B832A4F8B631B4F8BA32094955
:10339000A4F8B831022204F5D47007F01AFE022115
:1033A0002046FDF73DF9002384F89730032384F885
:1033B0009A3010BD3BB3010008B5FDF721FD024B6B
:1033C000024A1A6008BD00BF7C020020FD240100F3
:1033D000064BD3F8000138B1D3F8040120B1D3F87B
:1033E0000801B0FA80F04009704700BF00F00040CB
:1033F000034B00221A705A7010229A70704700BF57
:103400007A11002070B50646022014460D4600F0E1
:103410009BF9064B01221A70054B033CC3F810457B
:10342000C3F80865C3F8045570BD00BF7A110020C9
:1034300000F0004008B5022000F086F9084B012298
:103440001A70084B0022C3F80021C3F80421C3F806
:10345000082103F580334FF40002C3F8042508BDAA
:103460007A11002000F000400D4A08B513787BB1B6
:103470000C4B4FF40001C3F80815FFF7A9FF60B12A
:1034800001235370084BD3F800349370002313705A
:10349000BDE80840002000F057B950701023F4E751
:1034A0007A11002000F0014000F000400A4B1A7829
:1034B0006AB10A4BD3F800215AB1D3F8040120B104
:1034C000D3F80801B0FA80F04009C0B270475878CC
:1034D00070470220704700BF7A11002000F00040C2
:1034E00008B5074B1A783AB1FFF772FF30B1054BB8
:1034F000D3F80004C0B208BD9878FCE71020FAE7C2
:103500007A11002000F00040024B00221A705A701D
:103510009A7070477D1100202DE9F04104461C4D42
:1035200001201E468846174600F00EF904F00300FD
:103530002E7140EA0643174E43F08073C6F80435F7
:10354000C6F8088508F0A2FF30B9D6F8183523F080
:10355000FF033B43C6F818350F4B104AC3F8082544
:1035600014F0FB0F01BF0E4AC3F89825FC3AC3F8CC
:103570009C250122022C6A70EC7007D8054B2A703A
:103580000021C3F80011C3F800121A60BDE8F081F1
:103590007D11002000F0004000F001400000020218
:1035A00000F10040214A537870B523B940F2172149
:1035B0003C20F9F7B9FE1E4BC3F80C15C3F81005F3
:1035C000D57801249470C5B912780AB9E621EFE7DD
:1035D000184AC3F804514FF40035C2F80455D3F823
:1035E000006116B15C60C2F808550B7803704B7827
:1035F000043343708B78837070BD042D4FF000014D
:1036000006D11470C3F80411C3F800421C60F3E73C
:10361000127812B94FF48971CAE7C3F80411054B47
:103620004FF00072C3F80425E6E700BF7D110020CB
:1036300000F0004000F00140064B1A782AB1064A1B
:103640000649C2F8081500221A7000225A709A70B2
:10365000704700BF7D11002000F001400000020211
:1036600008B50A4B1B7823B940F27D213C20F9F7BD
:103670005BFE074BD3F8042112B940F27E21F5E737
:10368000D3F80004003818BF012008BD7D110020C8
:1036900000F00040164B1B7870B523B940F28E2124
:1036A0003C20F9F741FE134CD4F80431BBB9022396
:1036B000C4F80433104B114E1D691A6942F0100210
:1036C00005F010051A61D4F804314BB125B90A4A46
:1036D000136923F0100313610223C4F8083370BD8B
:1036E0004FF40043C6F8803108F018FFEBE700BF45
:1036F0007D11002000F0004000ED00E000E100E05E
:10370000014B01229A60704700F0004008B50B4B56
:103710004FF40042C3F88020BFF34F8FBFF36F8F89
:10372000074B0022C3F80025C3F80025FFF784FFEC
:10373000044B4FF40002C3F8082508BD00E100E087
:1037400000F0004000F0014038B5144C0023C4F8EC
:103750000035C4F800350546FFF76EFF104B4FF4F7
:103760000002012DC3F8082503D0022D08D085B929
:1037700038BD0223C4F800350A4BC4F81435F7E706
:103780000321C4F800150749C4F81415C3F804252B
:10379000EEE782213D20F9F7C7FD00BF00F00040B1
:1037A00000F0014082110020084B0022C3F80021E4
:1037B000C3F80C21C3F81021C3F80421C3F8142165
:1037C000C3F81821C3F80821704700BF001000405B
:1037D000024B00221A809A701A71704790120020D2
:1037E00038B5134B93F831500246084625B940F6D8
:1037F00051013E20F9F798FD5AB9012DDC6A93F882
:10380000301003D100F08AFE204438BD08F0EDFAF4
:10381000FAE7012A0AD1012DDC6A93F8301002D1AF
:1038200000F06EFEF0E708F0EBFAEDE70020ECE7C1
:103830009012002008B5094B012883F82000084B9E
:1038400006D0022808D040F6B9513E20F9F76CFDA9
:103850000322C3F8102508BD0422FAE790120020C5
:103860000010004007B50B4A01AB92F9212000F08F
:1038700099FE9DF9040000F03BFE9DF8050000F064
:103880000BFF20B140F2CD513E20F9F74DFD03B0C2
:103890005DF804FB9012002008B503460F4863B999
:1038A0002831C1600E4900F0DFFE0130012814D933
:1038B00040F224713E20F9F737FD012B0AD129315E
:1038C000C160074900F0D6FE0130012805D940F259
:1038D0002E71EFE740F23271ECE708BD20000020C6
:1038E000C0D2030008B5134B93F83D30D9071FD55C
:1038F0009A0711D5104BD3F8002242F00102C3F809
:103900000022D3F8503503F0F603022B10D140F219
:10391000FC513E20F9F708FD5B0709D5074B084A23
:10392000C3F8AC2508F014FD10B140F20361F0E7D4
:1039300008BD00BF901200200010004000F00140C0
:1039400008100040084B1A783AB993F83D2042F02D
:10395000020283F83D20FFF7C5BF012AFBD193F88F
:103960003D2042F00402F4E79012002008B50C4B11
:103970009B78012B09D100F083FE013001280ED97C
:1039800040F6A2013E20F9F7CFFC022B07D100F050
:103990007DFE0130012802D940F6A801F2E708BDFA
:1039A00090120020054B034400F07F001A7E044B68
:1039B000C3F80825C3F85405704700BFC0D2030000
:1039C0000010004038B50D460446FFF733FF284687
:1039D000FFF7E8FF29462046FFF744FF08F080FD87
:1039E00090B10A494FF08053D1F88825D3F820339D
:1039F000022C0CBFC3F30663C3F3062322F4FE427A
:103A000042EA0323C1F8883538BD00BF00100040EA
:103A100010B50C46FFF70EFF2046FFF7C3FF0E4B15
:103A20005A78012A03D1D8782146FFF71BFF0B4CA7
:103A3000D4F8003243F48873C4F8003208F050FD23
:103A400040B908F05CFD28B9D4F8683543F4C023C8
:103A5000C4F8683510BD00BF90120020001000406F
:103A600010B550220021194804F02AFEFFF7B0FEDD
:103A700008F0F1FC60B124221548FF2104F020FE7B
:103A80004FF080430022C3F8082EC3F8102E10BD5B
:103A900008F0EAFC0028EED108F0EFFC0028EAD19B
:103AA00008F009FD08B14022E6E708F0FBFC0446F7
:103AB0000028F8D106483822FF2104F001FE4FF01B
:103AC0008043C3F8084EC3F8104EE0E79012002080
:103AD000000E0040024B1844007E00F5166070474F
:103AE000C0D20300014B93F83000704790120020C1
:103AF000014B986A704700BF90120020014BD86AB2
:103B0000704700BF90120020084A094B92F830100D
:103B1000906A03EB81031A6CDB6C801A03F2DB53AF
:103B20004FF47A72B3FBF2F3C01A70479012002080
:103B3000C0D2030008B50E4890F83010012906D015
:103B4000022912D040F2AA213E20F9F7EDFB40F6FF
:103B5000B833084A806A02EB8102126C801A4FF473
:103B60007A72B3FBF2F3184408BD4FF4FA63F0E73E
:103B700090120020C0D2030008B5134B012983F82E
:103B80003C0006D002291BD040F20B313E20F9F751
:103B9000CBFB00230D4A43F4801340F0007043F444
:103BA000847340F44030C2F81435C2F81805D2F8D6
:103BB000503503F0F703032B05D140F22331E5E73D
:103BC0004FF08073E6E708BD90120020001000401F
:103BD00008B508F085FC50B1054AD2F8743723F0D7
:103BE000807323F0010343F08073C2F8743708BD7B
:103BF00000100040424B022270B5C3F88020BFF392
:103C00004F8FBFF36F8F3F4C0023C4F8FC3F01235D
:103C1000C4F8FC3F08F073FC28B1D4F83C3743F4F7
:103C20008063C4F83C3708F031FC58B1D4F83C3715
:103C300023F0004323F0FF0343F0004343F09603D7
:103C4000C4F83C3708F04CFC2E4C38B1D4F840375F
:103C500023F47F4343F4B053C4F840372A4BC4F8ED
:103C6000783700F029FD38B14FF08053D3F8303366
:103C7000591C18BFC4F84C374FF01023214C1B6E51
:103C80005A1C09D0D4F88C251B0403F47F0322F4BA
:103C90007F021343C4F88C3540F20313C4F8343563
:103CA0001A4D40F25B63C4F838350123C4F830354F
:103CB00085F820300323C4F8103540F20123C4F8FE
:103CC00050360226124BC4F80062187C00F0FAFC51
:103CD000104B4FF04062C3F8042500232B86EB62A3
:103CE00085F83D30064B1022C3F88061C4F80423E8
:103CF0001E602B6D13B1BDE87040184770BD00BF4A
:103D000000E100E0001000402C000089901200202B
:103D10002000002000F00140014B83F82100704793
:103D200090120020034B020E0002C3F82425C3F8B2
:103D30001C0570470010004038B5044600680A4D65
:103D4000FFF7F0FF094B6268C3F83C25237A85F83A
:103D50002230617AA07AFFF70FFF607AFFF76AFDE1
:103D6000E37A85F8213038BD901200200010004021
:103D7000014B83F8220070479012002070B51A4D55
:103D800095F83D30DA070446084604D440F25771EE
:103D90003E20F9F7C9FA154ED6F8002243F0020387
:103DA00042F00102C6F8002285F83D3084B995F84A
:103DB0002210FFF707FE0E4A0123AB70D364336075
:103DC0000B4B2046D3F84C15BDE87040FFF764BD9F
:103DD000012CF5D195F82210FFF71AFE0223AB70E3
:103DE000034BDC647460EBE790120020001000408D
:103DF00000800040214B102213B5D3F80443C3F8D0
:103E000008230222C3F800221D4A002182F83D1037
:103E10001C4A4FF46020C2F80805D3F85025D2B2EE
:103E200004F01004DAB1FF228DF807200122C3F854
:103E300010111A619DF8072012B1D3F810213AB180
:103E40009DF807305BB940F691013E20F9F76CFA16
:103E50009DF80720013AD2B28DF80720EAE7FFF774
:103E600085FD06490023C1F81031FFF7B1FC14B1FC
:103E70001023C1F8043302B010BD00BF0010004091
:103E80009012002000F0014038B51E4D0024C5F806
:103E90004845C5F84445C5F84045C5F84C45FFF7C9
:103EA000A9FF00F0DBFB0130012804D940F24151A9
:103EB0003E20F9F739FA144B14495A6B42F0446228
:103EC000C1F80825C3E90A445C631C76104BC5F8A9
:103ED00048450222C5F84445C5F84045C5F84C455B
:103EE000C5F84841C5F84441C5F84041C5F84C41C2
:103EF000C3F88020BFF34F8FBFF36F8FC3F88021CB
:103F000038BD00BF008000409012002000F001404A
:103F100000E100E070B52F4C94F83D3043F002030F
:103F20000E4684F83D30054678BB94F822103046A2
:103F3000FFF748FD0123A37023782749012B01BF18
:103F4000264AD2F8003243F00803C2F80032636B0D
:103F500001EB460143F480136363214BB1F85840F1
:103F60004FF48012C3F8042504F5FA744FF47A7301
:103F7000B4FBF3F4FFF7E6FC08F0EAF9014620B3DE
:103F8000FFF738FF0024204670BD01281BD194F8AC
:103F900022103046FFF73CFD0223A3702378012B4B
:103FA00001BF0E4AD2F8003243F00403C2F80032D7
:103FB000636B43F400136363094B4FF40012C3F8BF
:103FC00004252924D6E70024D4E72846FFF764FC1B
:103FD000D9E700BF90120020C0D2030000100040BB
:103FE00000F001402DE9F047354C0E4615460746D6
:103FF000002848D194F822101046FFF7E3FC2178FE
:1040000001239942A37010D02E4A02EB4502B2F868
:1040100058304FF47A7203F5FA73B3FBF2F3F61AE1
:1040200019B9294B294AC3F8AC25DFF8AC90DFF861
:104030009880274BC9F84065C8F8A835234B102253
:10404000C3F80423636B4FF4002A43F40023636333
:104050000125C8F804A5FFF775FCC9F84C50D9F83C
:104060004C359E4226D80025C9F84055C8F8AC55B5
:10407000636B23F400236363C8F808A5FFF7BAFE57
:104080002846BDE8F08701280FD194F82210104689
:10409000FFF7BEFC0223A3702378012BC5D0293E75
:1040A000002BC2D1084B0B4ABDE74FF401613E2003
:1040B000F9F73AF931463846FFF7EEFBE0E700BF83
:1040C00090120020C0D2030000F001400010004018
:1040D000408100400410004000800040014BC3F8C4
:1040E0003C0570470010004010B50FC8014C84E833
:1040F0000F0010BDE4120020064BC3F80405064B68
:1041000093F83D20986342F0010283F83D20FFF7C9
:10411000E9BB00BF001000409012002008B5124B10
:10412000DA6A824204D340F622113E20F9F7FCF805
:104130000E4AD861012119765164D2F8441588429B
:1041400002D840F62B11F0E70021C2F84411C2F862
:1041500044055A6B42F480025A63054B4FF48002C7
:10416000C3F8042508BD00BF901200200080004065
:1041700000F0014010B50F4C034694F8310094F85C
:1041800030100222012822764FF0960094F8202069
:104190000CD100F0D1F9084AE0610023C2F84431A3
:1041A000E36AE1690B44C2F8443510BD00F0DEF962
:1041B000F1E700BF9012002000800040044BC3F8DC
:1041C0006005D3F8002242F04002C3F80022704795
:1041D00000100040054BD3F8002222F04002C3F843
:1041E00000220022C3F86025704700BF0010004085
:1041F000044BD3F8483503F07F035B420370012082
:10420000704700BF0010004008B50D4B0A46D9703A
:104210000021197088B901215970997802290ED1AD
:1042200093F822101046FFF71DFB064AD2F8003221
:1042300043F48873C2F8003201E002225A7008BDCC
:104240009012002000100040024B0022C3F84025CD
:10425000704700BF00800040044B30B5D3E91045E3
:104260009B6CC0E900450B6030BD00BF9012002080
:104270002DE9F843924D934C0123EB64D5F84C752E
:1042800094F83C8003F0ACFA0026C4E91006A76459
:10429000FFF76CFB8C4B626BC3F808258B4A666397
:1042A000D2F8003223F48E7323F00103C2F80032F7
:1042B000237E84F83D6023B1D5F844319B1B18BFA1
:1042C0000123A578012D50D1D2F80C31002B0CBF61
:1042D0000025082515F00B0F06D17C4BD3F81031C3
:1042E00013B145F01005EDB2FFF75EFA05F01803C3
:1042F000102B05D1A378012B04BF45F02005EDB2AA
:104300006F4B6678D3F84825E262D3F8443594F8C9
:104310002020A362A37884F8302084F83130002E66
:104320003AD1FFF755FA2676EF077ED5636D9847A9
:10433000EB0601D5236E9847A378022B13D1237E79
:104340008BB1022B5E4A40F0AD80E36AE1690B4419
:10435000C2F84435636B43F4800363635A4B4FF4F4
:104360008002C3F80425BDE8F883022D12D1574A14
:10437000D2F80C11D2F80024002908BF0025D2077A
:104380005CBF45F00405EDB2002BA3D045F001055C
:10439000EDB29FE700259DE715F0110F1BD12379A2
:1043A00094F80090013E18BF0126012B17D0022B74
:1043B0002AD073BB96213046FFF712FA0146FFF769
:1043C00007FAB9F1010F29D13B378F4224D93F4B6E
:1043D00001261E61A8E7FFF70DFD0026A4E73C4873
:1043E000FFF7AAFC94F8313023B940F24E713E2019
:1043F000F8F79AFF012B04D1FFF79CFB6169014498
:10440000DDE7FFF781FBF9E73148FFF795FC6169CC
:10441000D5E740F6BF21EAE784F80090E27830461D
:10442000FFF7E0FD0028D2D0D7E7A8072FD508F086
:1044300057F8E8B908F063F8D0B9244BD3F85034F2
:10444000D90115D51A0705D013F0F00F02D013F4D7
:10445000706F0DD11D4AC3F304410129D2F85424D1
:1044600006D1012A04D0C3F34253022B7FF65EAF7C
:10447000A36B5B78434584BF45F00405EDB285F03E
:104480000400A36D3146C0F38000984750E715F053
:10449000280F3FF44DAF85F02001E36DC1F34011CB
:1044A0003046F2E7012B02D040F69B419FE7E369DB
:1044B000E16A8B423FF64CAF40F69C4197E700BF64
:1044C000008000409012002000F0014000100040E9
:1044D00098120020024B03EB8000006C704700BF75
:1044E000C0D20300014B53F8200070470CD30300E7
:1044F000024BC0B2C3F80C05704700BF001000406B
:10450000054B33F8113002384FF47A7203F2E73377
:10451000B3FBF2F3184470472CD30300054B33F878
:1045200011304FF47A7203F57A73B3FBF2F3184447
:10453000704700BF2CD3030038B51D460A4B33F833
:10454000111003EB820305359C6821444FF47A7304
:1045500001F6B73103FB00141046B4FBF3F4FFF788
:10456000B9FF2C44204438BD2CD3030070B5064657
:1045700008461546FFF7B6FF094A02EB8502916827
:104580004FF47A7201F6B73102FB0613181AB0FB2A
:10459000F2F42846FFF79EFF0530204470BD00BFAF
:1045A0002CD303002DE9F74F284C074698460D46BB
:1045B000164600F0A9F82378BB42814611D16378F2
:1045C000AB420ED194F90230B3420AD1E378834270
:1045D00007D1A388A8F8003094F9060003B0BDE81D
:1045E000F08F7B1E072B13D8DFE803F01704121996
:1045F0001212121001200DF107033246294600F075
:1046000089F8824668B13D21752004E00220F2E776
:1046100040F2F2310620F8F787FE0020EBE7032096
:10462000E9E728469DF907B0FFF754FA53460246DA
:104630004146584600F036F8B8F80030A071A38023
:1046400027706570A67084F80390C5E738000020D5
:10465000014B1B681B68184780020020014B1B6838
:104660005B68184780020020014B1B68DB68184715
:1046700080020020014B1B681B6918478002002044
:10468000014B1B685B69184780020020014B1B68C7
:104690009B69184780020020014B1B689B6A1847E2
:1046A0008002002010B4034C2468A468A4465DF87E
:1046B000044B604780020020014B1878704700BF10
:1046C0003C19002000220F4938B50446134644FA2D
:1046D00002F0C007D5B248BF581C02F1010244BF26
:1046E000CD54C3B2042AF2D1064DC3F10402042B07
:1046F000D2B24FF0FF0188BF0022E81803F0E0FFBC
:104700002C7138BD48190020014B187D704700BF3F
:10471000F8120020042810B511D883B104280CBF6A
:1047200010242824A1420AD2064C54F8200018B1C3
:1047300041568A42A8BF0A461A70002010BD6FF089
:104740001500FBE7F812002030B50246114890F939
:104750001C3093421ADD90F92430934218DAD31AB0
:10476000856A0D4CE85C235693420ED00E34002926
:104770000CBF0346431CA542D8B206D129B1013A69
:10478000D2B2012A01D80130C0B230BD0D20FCE701
:104790000020FAE7F812002040D3030008B5054BCB
:1047A00093F91C30984203DAFFF7CEFF024B1B56F9
:1047B000184608BDF812002040D3030010B51C4C69
:1047C00094F82C3073B9012384F82C3007F055FE8F
:1047D00048B1184BA362D823236284F824300823FD
:1047E000A361237710BD07F05DFE0028F1D107F02B
:1047F00062FE0028EDD107F025FE38B10E4BA36212
:10480000D823236284F824300423E9E707F023FE49
:104810000028F3D107F028FE0028EFD107F036FE7C
:104820000028EBD140F2BB11742003F08BFB00BFDA
:10483000F81200207BD303004ED30300034610B3CD
:10484000007888B91A79012A1ED85A79012A1BD80A
:104850009A680E49643A8A4216D8D8680C4B984236
:104860002CBF00200120704701280CD11A79012AA1
:1048700009D85A79012A06D8DA680449643A8A4282
:1048800001D89868EAE70020704700BF3C86010025
:104890000040420F10B5054C236813B19847002320
:1048A0002360BDE8104001F0A9BE00BF281300201E
:1048B0002DE9F8438846074680B300F037F84FF0FB
:1048C000000905465FFA89F6AE420AD2304600F08A
:1048D00033F890F8264009F10109002CF2D1FF2E9F
:1048E00003D16FF00B00BDE8F883304600F024F8E8
:1048F0000546848480F8264080F8286001460A48EE
:1049000002F024F8202885F827000AD001232F621E
:1049100085F82630204688F80060E4E76FF015003F
:10492000E1E76FF02200DEE7DFBF0100014B1879FD
:10493000704700BF2C130020054B1A79824283BFB9
:104940001B6800EB400003EB00100020704700BF25
:104950002C13002010B510F003040BD1074A11717D
:10496000106030B101EB41010A01214603F0A8FEBD
:10497000204610BD6FF00D00FBE700BF2C13002098
:1049800043F60952C0F3080302FB03F3400A03F5A0
:10499000807302FB00F000EB5320704743F6095C84
:1049A000C0F3080210B50CFB02F2C0F34E24030E54
:1049B00043EA01230CFB04F0090E02F580724FEA72
:1049C000411C00EB52205A01B2EB030E4CEAD36CAF
:1049D0006CEB01044FEA841C4FEA8E12B2EB0E021C
:1049E0004CEA9E6C6CEB040C4FEACC0C4CEA527C0B
:1049F000D200D31841EB0C01DA03C903801841EA55
:104A0000534141F1000110BD430B48F2376C0CFBE0
:104A100003F34FEA134C00B5104B43F6095E0EFB4F
:104A20001C0000FB03F35B0D0EFB03FE03EB4C23AA
:104A30000EF5745C0CF1080CB0EB5C2F08D80EF589
:104A4000807EA0EB5E20C0B20B6010705DF804FBAE
:104A5000013300200B6010705DF804FB6F0C010047
:104A6000F8B5274DA94246D8264E274F450F45EAAF
:104A7000C105A6FB0514C0F34F31A40B01EB0541A2
:104A800007FB1411A6FB0151890B41EA04411F4C9D
:104A900004FB110448F2376C600B0CFB00F04FEA8A
:104AA000104C43F6095E1A480EFB1C4505FB00F04E
:104AB000400D0EFB00FE00EB4C200EF5745C0CF17B
:104AC000080CB5EB5C2F12D80EF5807EA5EB5E2EA0
:104AD0005FFA8EFE069D85F800E00D0628184FEA65
:104AE000112141F10001186059601460F8BD0130D6
:104AF0004FF0000EEEE796219B2003F023FA00BF53
:104B0000FF7F841E83DE1B43000024F40080841E8C
:104B10006F0C0100420B48F2376303FB02F2120CE8
:104B200043F6095C074B0CFB120101FB0333013B0D
:104B30005B0D0CFB03FC5002B1EB5C2F88BF013016
:104B4000184470476F0C01001F2810B59FBF054B1C
:104B5000440103EB4010195196BF42600020012030
:104B600010BD00BF3813002070B5012504460E4665
:104B700085407AB1002000F065FDE30003F1804339
:104B800003F5F833C3F81005C3F81465034BC3F8F5
:104B9000045570BD014BC3F80855FAE700F0014019
:104BA00008B5064B93F80024202A03D13F210220A8
:104BB00003F0C8F983F8300408BD00BF38130020A3
:104BC00008B5064B93F80024202A03D14521022082
:104BD00003F0B8F993F8280408BD00BF381300208B
:104BE00010B5094A92F80034202B03D1502102203D
:104BF00003F0A8F9590102EB4313BDE810405258E5
:104C000058680421104700BF3813002008B501B3CD
:104C1000F0B14FF0FF331A46E0FB01320E498A42F1
:104C200003D971216D2003F08DF9180D40EA02308F
:104C3000C3F30F134FF22441B0FBF1F203EB00403A
:104C4000064B03FB1200B0FBF1F040EA02400130DA
:104C500008BD0846FCE700BF3F420F00000024F4F7
:104C6000014B9888704700BF74170020014B58888B
:104C7000704700BF7417002010B5EFF3108472B6B0
:104C8000064A93790133DBB293719379012B01D1F9
:104C900007F07AFB04B962B610BD00BF741700209C
:104CA00070B50C4C267866B90125A0602570FFF719
:104CB000E3FF00F075FA30B94FF080432573C3F875
:104CC0000453002070BDA368002BFAD09847A6605B
:104CD000F7E700BF7417002038B5FFF7CDFF00F0ED
:104CE0005FFA094C4FF0804540B107F03AFB0123D1
:104CF0002B61042363730023A37338BD0323637301
:104D00000123C5F80433F6E77417002010B5EFF35C
:104D1000108472B60A4B9A7922B94FF496716D20BD
:104D200003F010F99A79013AD2B29A719A791AB9C4
:104D3000DB7B0BB900F022FA04B962B610BD00BFEC
:104D40007417002008B5054B1A7822B100221A7397
:104D50001A70FFF7DBFF002008BD00BF74170020AA
:104D6000024B587B003818BF012070477417002091
:104D700073B51B4D2B7F63B9286A00F0030007F061
:104D80001DFB30B1EFF3108372B66A7B1AB103B921
:104D900062B602B070BD01226A7303B962B64FF009
:104DA00080430822C3F808234FF42073ADF806307F
:104DB000BDF80640A4B2631E9BB2ADF80630002CCD
:104DC000F6D14FF080460748C6F80C4107F01CFBAF
:104DD00085F82540FFF780FF0823C6F80433D8E79D
:104DE00074170020981700202DE9F041384C94F8F2
:104DF0002630002B69D04FF08043D3F80071D3F8F0
:104E0000046157B10122C3F80823237B2BB1A368A7
:104E1000002525730BB19847A5604EB14FF0804334
:104E20000022C3F804210222C3F80823FFF7A0FFE1
:104E30004FF080462748D6F80C8194F82550EDB203
:104E400007F0E6FA20B140F2C5116D2003F07AF8C0
:104E500047B1637B032B05D10423637307F081FA09
:104E600001233361B8F1000F16D04FF080430022C8
:104E7000C3F80C21637B042B02D040F2D711E4E786
:104E800007F022FBC0B14FF080430022C3F8342C5E
:104E900002236373FFF73AFF4DB1002384F82530F6
:104EA000637B022B01D1FFF717FFFFF72FFFBDE850
:104EB000F041084807F0BBBA07F0E8FA0028E2D151
:104EC00007F0F9FA0028DED1E2E7BDE8F08100BF83
:104ED000741700209817002010B5044C206A00F0C9
:104EE000030007F06BFA0028F8D010BD74170020FB
:104EF000F8B5054650B10278042A07D8437842B97C
:104F0000013B1F2B02D88378212B07D96FF01500A6
:104F100076E0002BFAD18378002BF7D1814B012763
:104F2000C3F88070BFF34F8FBFF36F8F4FF0804691
:104F3000C3F880717C4C4FF0FF33C6F80833002370
:104F4000C6F80031C6F80431C6F80C31A371AB883D
:104F5000A38007F01EFA08B12770A771D6F80C24B9
:104F6000D6F80C34D20303D5DF0701D500F012F9CF
:104F700040F2F55363802B78A978237700222262D0
:104F80002174A273042B4ED8DFE803F005033B49DC
:104F90004B000123236207F003FA00284ED007F0EC
:104FA00006FA236A03F00303984247D1AB79002B3A
:104FB0003ED1FFF791FF237C6BB12B785BB900F0FA
:104FC000EFF8054603F034F96FF00043002D00F0D0
:104FD000A580C4E905034FF08043D3F80C24D3F82F
:104FE0000C34D20303D5DB0701D500F0D3F84D4ACA
:104FF00001230020607384F82630C2F880311360EA
:10500000F8BDFFF739FE4FF08043D3F80C14D3F806
:105010000C24CE03F9D5D007F7D50223BAE7434BCA
:10502000B8E7434BB6E740F216316D2002F08AFF35
:105030004FF080430222C3F80423BCE74FF08043C3
:105040000122DA600022C3F80421226AC3F818257D
:1050500007F0F8F910B34FF080534FF08042D3F8C7
:105060004432C3F34233C2F83C3507F0EBF910B3D6
:105070004FF080430122C3F84C254FF080430122BA
:105080009A600222C3F80423AA79002A93D1D3F8A4
:10509000042391071CD440F2CD21C6E707F0DBF9C9
:1050A0000028D8D107F0E0F90028D4D107F0EEF9B4
:1050B0000028D0D1D9E707F0CEF90028D8D107F0E1
:1050C000D3F90028D4D107F0E1F90028D0D1D4E7F2
:1050D000184A1669116941F010011161D3F80431C1
:1050E00006F010060BB907F01BFA4FF08047D7F80F
:1050F000043183B1FFF7F0FE26B90E4A136923F09D
:10510000100313614FF080430222C3F808230022EA
:10511000C3F804214FE707F001FAE8E7C4E90530D6
:1051200059E700BF00E100E0741700200100020011
:105130000100030000ED00E010B50D4C04F1240067
:1051400007F066F948B9637B022B01D1FFF7C4FD74
:10515000BDE81040074807F06AB9074A012384F800
:105160002530BDE81040C2F80031FFF785BD00BF13
:10517000741700209817002000E100E04FF08042F3
:10518000012353600023C2F80031014A13707047B5
:105190009B170020014B01221A7070479B170020BB
:1051A0004FF08043D3F8003123B9034B187800F057
:1051B000010070470120FAE79B170020094B4FF0D0
:1051C000FF32C3F808230022C3F84025C3F840216A
:1051D000C3F84425C3F84421C3F84825C3F848213F
:1051E000704700BF00800040084B094A1B78012B24
:1051F00016BF4FF440314FF400310023C2F848137A
:10520000C2F808130BB9C2F840317047A01700204C
:1052100000B0004070B5EFF3108472B6094A0A4B33
:105220000025D2F80415D2F804612EB15968013175
:105230005960C2F80451F4E75B6804B962B6C0E98A
:10524000001370BD00B00040A0170020094BD3F838
:105250000435C01A20F07F4323F001033BB120F056
:105260007F40B0F5000F8CBF022000207047012066
:10527000704700BF00B00040104B4FF40062C3F80D
:105280008020BFF34F8FBFF36F8FC3F880210C4B8B
:1052900001225A609A60D3F80425002AFBD10949FB
:1052A000C3F808134FF44031C3F84813C3F8402142
:1052B000C3F84421C3F80421704700BF00E100E0B7
:1052C00000B000400200030008B5144BD3F80425D9
:1052D00022F00302C3F80425D3F8082542F00302A4
:1052E000C3F80825102292FAA2F2B2FA82F2092A31
:1052F00004DD0B4840F2913102F01AFEC3F810258C
:105300000122DA60074A9268C3F80022064B4FF484
:105310008072C3F880211A6008BD00BF0080004081
:10532000AF290400A017002000E100E008B50A4BF7
:105330004FF48072C3F88020BFF34F8FBFF36F8F9D
:105340000649C3F8802101204860FFF737FF044B6E
:10535000086100221A7308BD00E100E000800040EF
:10536000A017002010B5234C0023FF224FF0FF317F
:105370004FF0FF30C4E90401237062736360FFF7EC
:10538000D5FFFFF779FF1C4B4FF400621A60A1694B
:105390001A4A31B901231360184B0222C3F80423BF
:1053A00010BD174B1748C3F8A805C3F8AC15C3F8D0
:1053B0005C294FF40022C3F80425134A0521C2F8E2
:1053C000401501211160D2F840110029FBD04FF4A3
:1053D0000021C3F8081501215160D1600021C2F8F5
:1053E0004011C2F84015C3F8A815C3F8AC15C3F8AE
:1053F000AC15D1E7A017002000E100E000B00040AC
:1054000000F001404081004000800040014BD3E9A2
:1054100004017047A0170020014BD3F80405704722
:1054200000B0004013B56846FFF7F4FEDDE9000464
:10543000FFF7A6FA024B0021E4FB030102B010BD06
:105440000080841EB1F1FF3F08BFB0F1FF3F2DE99E
:10545000F041424C05460E463AD1414DD5F8003157
:105460008BB3404E404BC6F80835FFF7BDFE4FF0FA
:1054700000080123A36084F80D80FFF757FFFFF7B2
:1054800023FF3A4BC5F80081394FC6F8A8354FF4D1
:105490000023C6F8AC75C6F8043506F0A0FFD5F8B1
:1054A00000312BB10123C5F800817B60FB60F4E77C
:1054B000013041F100010223C4E904012370FF23FC
:1054C0006370BDE8F08106F08AFFC51C41F100065B
:1054D000D4E90473B34208BFAF42F2D0214B224A51
:1054E000C3F80825FFF780FE1D4A4FF4803125F0F0
:1054F0007F480023C2F808134046C2F84813C2F898
:105500004031FFF7A3FE20B140F226316C2002F0BB
:1055100019FDC2F84085C2F844132378012B06D147
:1055200027F07F473846FFF791FE0128FAD0002385
:1055300001276373A760FFF7F9FEFFF7C5FE094B6C
:1055400027704FF00042C3F8042504236370044B16
:10555000C4E90456C3F84873B3E700BFA01700209E
:1055600000B0004000F001400000088000B10040A1
:1055700000800040032870B52D4B06D9011FC9B229
:1055800001292FD940F276310BE0D3E90441B1F182
:10559000FF3F08BFB4F1FF3F06D11B7B23B940F2A8
:1055A00055316C2002F0CEFC2249234D00F110044D
:1055B0000123800003FA04F4C5F808430B5000F1FE
:1055C000804101F50041D1F84005101A022805DD9F
:1055D000C1F84025C5F80443012002E00020C1F8CD
:1055E000400570BD1C782CB15B78834202D140F23B
:1055F0007231D6E7114B124E22F07F458A001344D8
:105600004FF480348C400022C6F808432846C6F880
:1056100048431A60FFF71AFE40B901F5A87146F831
:105620002150C6F80443C6F84443D5E71046D8E7EE
:10563000A0170020408000400080004040B10040A2
:1056400000B0004008B520B14FF461716C2002F049
:1056500079FC014808BD00BF40810040032837B5F0
:1056600008D9041FE4B2012C19D940F2CA316C20C8
:1056700002F068FC234900F1100201239340C1F8B5
:10568000083300F5A873002241F823201E4B810047
:105690005A5053F820300093009B03B030BD1B4D8F
:1056A0002B7893B16A7882420FD1194A1949C2F80E
:1056B0000815012B01D1FFF739FE00232B704FF0A5
:1056C000FF324FF0FF33C5E90423134A4FF4803310
:1056D000A340C2F80833C2F8483304F5A87352F85F
:1056E0002300FFF7B3FD012818BF0C4B22B24FEA8D
:1056F00084041CBF00211951084B53F82230019338
:10570000019BCAE70080004040810040A0170020B4
:1057100000F001400000088000B0004040B10040AF
:1057200010B50A4B0446012210B1C3F8442310BD42
:10573000C3F84823FFF7FAFD054B4FF0FF304FF059
:10574000FF31C3E904011C70F1E700BF00B0004065
:10575000A01700201F4A08B5D2F80433D90311D589
:10576000D2F8403173B10023C2F84031D2F840057D
:10577000FFF76CFD30B14FF48033C2F808330420DA
:1057800001F060FE134AD2F804339B0311D5D2F81E
:10579000443173B10023C2F84431D2F84405FFF715
:1057A00055FD30B14FF40033C2F80833052001F045
:1057B00049FE084BD3F8042132B10022C3F804217A
:1057C000054A536801335360044B4FF40062C3F839
:1057D000802108BD00B00040A017002000E100E0DB
:1057E00038B5364C637BFF2B64D0237883B101221C
:1057F000022B227319D1324B4FF40022C3F8082533
:10580000002323704FF0FF324FF0FF33C4E904232D
:105810002C4BD3F8042310030DD5D3F84C2152B1EF
:1058200040F20F416C2002F08DFB02236078237060
:10583000FFF714FFECE7D3F8042351030DD5D3F899
:10584000483153B10220FFF709FF1F4B4FF480721C
:10585000C3F88021022001F0F5FD1A4BD3F8042390
:1058600092030DD5D3F8443153B10120FFF7F6FE72
:10587000154B4FF48072C3F88021012001F0E2FD46
:10588000104DD5F80433DB0316D5D5F840319BB164
:105890000020FFF7E3FE0C4B4FF48072C3F8802129
:1058A0000020FF236373A060C5F80002BDE8384004
:1058B00001F0C8BD0620F9E738BD00BFA0170020E1
:1058C00000F001400080004000E100E02DE9F04FD1
:1058D00097B01C46CDE90312DFF808A38046FFF716
:1058E00095FD4FF080420123C2F80835DAF8002018
:1058F00006460F46B8481360082101EB44121318FE
:10590000D3E901B100EB441C15581C7BDA890691E0
:105910000CF1080C597BDB68009201910793BCE8FD
:105920000F000DF1380EAEE80F009CE803008EE882
:10593000030025F07F40FFF723F8009A531C1C4416
:10594000A64B9842044400F237829C4200F3E38065
:10595000002CC0F2C080FFF723FC019B012B024604
:1059600008D0DAE90613B3F1FF3F08BFB1F1FF3FFA
:1059700000F0B6800292FFF779F940F25633984270
:10598000029A00F0D68040F2F553984200F0CE80A3
:10599000B0F5C67F00F0C4800023029300210320ED
:1059A0000591B7F1FF3F08BFB6F1FF3F1FD0AE42F0
:1059B00077EB0B03C0F08180B6EB050C67EB0B03B4
:1059C000BCF5000F73F1000380F00082A5EB060C1C
:1059D000BCF1000F33460ADD0598002800F0AC80CA
:1059E0009AF8200000280CBF0846002000E043463B
:1059F00015F1FF39A9EB030C4BF1FF3184454B4600
:105A000056DB002A41D00993039B0891B9EB0808A3
:105A100061EB03020392FFF729F940F2563C60451F
:105A2000DDE90813039A00F0D48040F2F55C60458C
:105A300000F0BD80B0F5C67F14BF09201620804558
:105A400072F1000280F0B980049A012A00F0CC8043
:105A5000059A002A72D1B7F1FF3F08BFB6F1FF3FA8
:105A60006CD0B6EB090C67EB0102BCF1050F72F1CB
:105A7000000080F28481BCF1010F72F1000317DA9B
:105A800039463346059FB14667E0DAE90620B0F1B2
:105A9000FF3F08BFB2F1FF3FB5D0AA1A6BEB000C75
:105AA000029882427CF10002ADD2019A012AAAD06A
:105AB0000026304617B0BDE8F08FB5EB060C6BEB57
:105AC0000703BCF5000F73F1000381D340F231717D
:105AD000702002F037FA04F1F45404F590243AE708
:105AE00000287FF447AF0290FFF7C0F840F256332A
:105AF0009842029A00F04C8140F2F553984200F02F
:105B00001E81B0F5C67F00F02081012303201146DD
:105B10000292059345E704F1614404F5F7041AE79E
:105B200000210D230320029305913AE732230293CB
:105B300034E71C23029331E7084659E748460593AA
:105B40000391FFF77FFC0399059B0027B1F1FF3F0D
:105B500008BFB9F1FF3F00F0348123F07F402A1ADB
:105B600022F07F42013AB2F5000FA1D2069B5B19E9
:105B70001B1A23F07F43B3F5000F99D80391FEF76A
:105B8000FFFE174B0399A4EB000898453CD3041B78
:105B90009C42C0F0E080114B984531D89C4240F2C5
:105BA0002981C4F1614404F5F704A0462DE03B20AF
:105BB000804572F10002FFF447AF0593019B03910A
:105BC0005F1E484618BF0127FFF73CFC059B039961
:105BD000BCE7252033E700BF38130020FF7F841E79
:105BE0000040420FC0170020B7F1FF3F08BFB6F1D9
:105BF000FF3F00F0F58039463346B1460027ACE759
:105C000008F1F45808F5902844467D4B93F8283065
:105C100023B9009B1E33A34280F2A580049B012B75
:105C200004D001200391FFF719FD0399009B4BB1AC
:105C3000A8EB0302012000230391FFF79BFC0399CB
:105C4000002854D00023424618460391FFF792FCE7
:105C50000399064600284AD0019BDAF81820012B48
:105C6000DAF81C3000F08480002F44D1B3F1FF3FFC
:105C700008BFB2F1FF3F00F098800120FFF750FD10
:105C80009AF82030002B40F08980009A1932A24205
:105C900080F2A1800024A8EB020223460220FFF735
:105CA00069FC30B1DAF800301C604FF08043C3F873
:105CB0000845069B1093079B119300238DF85030E5
:105CC0000A934FF0FF324FF0FF33CDE90E5BCDE981
:105CD0000C230AAD0FCD4A4C0FC40FCD0FC495E86D
:105CE0000F0084E80F00304617B0BDE8F08F0120A8
:105CF000FFF7B4FCDCE6B3F1FF3F08BFB2F1FF3FB2
:105D00000BD00191FFF702F84FF0FF324FF0FF3355
:105D1000CAE906230199002FB2D0029BB9EB030216
:105D200061F100030520FFF725FC00285DD09AF8FB
:105D30002030002BA9D101238AF82030A5E7322199
:105D400001233520029105932BE60D21012310201C
:105D50000291059325E62A4B93F828306442A04629
:105D6000002B7FF45BAF4FF4F261702002F0EAF891
:105D7000B3F1FF3F08BFB2F1FF3FCCD0C1E74846C7
:105D800008930391059FFFF75DFB0399089BDDE6F0
:105D90001C2101231F200291059302E60520FFF735
:105DA0005DFC00238AF820306FE7FEF765FF06F000
:105DB00016FBCAE9060160E740F22141702002F0BB
:105DC000C1F840F27C71702002F0BCF840F23571ED
:105DD000702002F0B7F840F2BA71702002F0B2F809
:105DE00040F2A361702002F0ADF840F2262170204D
:105DF00002F0A8F840F65801702002F0A3F800BFA6
:105E0000401700202DE9F04F8F4F97F8214004EB09
:105E100044033B4483B05E7A202E48D08B4BE5B2DE
:105E20006400002B00F08980894BDFF82C92002B56
:105E30005FD006EB451207EB420A4FEA45189AF885
:105E40002830013BDBB2052B34D8824A12F803B06C
:105E5000BBF1090F2ED0AFF30080EFF3108372B6C1
:105E60002C443C449AF829206272A27AB24204BFC0
:105E70002022A27213B9AFF3008062B6B04473015E
:105E800007EB480809EB4616012259F80330706801
:105E900088F828205946984797F8214004EB440396
:105EA0003B44E5B25E7A202E4FEA4404C1D103B0F0
:105EB000BDE8F08F40F26E61702002F043F862B6E8
:105EC000B044730107EB480809EB4616012259F864
:105ED0000330706888F828205946984797F8214081
:105EE00004EB44033B44E5B25E7A202E4FEA4404BF
:105EF000DDD006EB451207EB420A4FEA45189AF847
:105F00002830013BDBB2052BD4D8524A12F803B03B
:105F1000BBF1090FCED0AFF30080EFF3108372B660
:105F20002C443C449AF829206272A27A964204BF1B
:105F30002022A272002BC3D1C1E7454BDFF814B178
:105F4000DFF814A14FF02009002B51D006EB4512C9
:105F500007EB42024FEA451892F82830013BDBB2CA
:105F6000052BA7D81BF803100929A3D0EFF3108342
:105F700072B62C443C4492F829206272A27A96426E
:105F800008BF84F80A90002B54D0B04407EB4808AF
:105F900073010AEB461601225AF80330706888F83C
:105FA0002820984797F8214004EB44033B44E5B28E
:105FB0005E7A202E4FEA4404C8D178E762B6B04436
:105FC000730107EB48080AEB461601225AF8033022
:105FD000706888F82820984797F8214004EB44031C
:105FE0003B44E5B25E7A202E4FEA44043FF45FAFB3
:105FF00006EB451207EB42024FEA451892F82830AB
:10600000013BDBB2052B3FF655AF1BF80310092906
:106010003FF450AFEFF3108372B62C443C4492F837
:1060200029206272A27A964208BF84F80A90002B57
:10603000C5D1C3E70191AFF3008062B6B0440199C6
:1060400007EB4808A4E700BFC017002000000000CD
:1060500000000000ACD30300381300202DE9F04FFE
:1060600085B00D4614461F469DF838B0FEF752FD28
:106070002E686968031947F10002B342019372EB7D
:1060800001030292C0F0CA80DFF8A891DFF8A8816E
:106090000BEB4B034B440393DA46039B1C7A202CF7
:1060A0003BD040F2F5578C460FE06B7B012B02D0C2
:1060B000537D012B56D004EB4A1409EB440494F8A9
:1060C0002940202C29D0D5E9006C08EB44124FEA76
:1060D000441B91681369D0685B1840F100009E4230
:1060E0007CEB0003E1D240F2563740F2F55608EB64
:1060F0000B0C2968AB68DCF808006A685B1842F191
:1061000000029842DCF80C3093411AD39CF8153009
:10611000012B02D06B7B012B03D0012005B0BDE821
:10612000F08F411A0091FEF7A1FDB84200993FD0CF
:10613000B04228D0B0F5C67F14BF01230E23994288
:10614000EBDA08EB0B032A7C197E91421FD904EB92
:106150004A1409EB440494F82940202CDDD04FEA7E
:10616000441BC4E7761AFEF781FD40F2563398428D
:1061700020D0B84209D0B0F5C67F14BF01230E234A
:106180009E42B0DB97E73323D9E73323F8E7D3E91F
:1061900002611C695B7DA61941F10001012B0BD046
:1061A000019BB342029B8B4138D3C5E9006174E780
:1061B0001D23C4E71D23E3E76B7B012BF0D0009187
:1061C000FEF754FD40F25633984200992CD040F22D
:1061D000F553984226D0B0F5C67F14BF01230E2395
:1061E0009C42DDDAFEF742FD40F2563398421FD062
:1061F00040F2F553984219D0B0F5C67F14BF01267E
:106200000E26C344DBF80830DBF80C10F618019BAF
:1062100041F10001B342029B8B41C6D2002005B080
:10622000BDE8F08F3323DBE71D23D9E73326E8E70A
:106230001D26E6E7C0170020381300202DE9F0479F
:10624000154692F8008092F80BC0AF7A12891C466E
:1062500086B00023E3602361C4E9003327749DF80E
:10626000389084F80DC00646A3606361E28184F82B
:1062700011800F46B8F1000F42D1FEF78FFBD5E930
:1062800004C24C4BC31841F1000E9C4572EB0E0347
:106290000AD3013E47F1FF37C4E900674FF47A7330
:1062A000A36006B0BDE8F087263041F100018445C7
:1062B00072EB0103EDD3288901300021844572EB94
:1062C00001036AD3BCEB000062EB010104F10C0393
:1062D000009303AA04ABFEF7C3FB039B6A682889FB
:1062E000473313441844FEF715FCDDE90432C01AA5
:1062F00020F07F40C4E90032A06006B0BDE8F0871E
:106300002D4804A9801A04F10C02FEF77DFB2B4BEB
:106310001B78202B24D02A490B69D1E905210533AC
:1063200042F1000A13EB01084AF1000A6B68227B74
:10633000E089473310441844C4E9008AFEF7EAFBB9
:106340003246A0603B462869CDF800902146FFF711
:1063500085FE0028A5D1C4E9006706B0BDE8F08736
:10636000637B16F1090847F1000A012BDED0FEF726
:1063700017FF0028DAD1FEF779FC40F25633984235
:106380000ED040F2F55398420FD0B0F5C67FCDD174
:1063900016F1160847F1000AC8E74046414695E75E
:1063A00016F1250847F1000AC0E716F13B0847F14E
:1063B000000ABBE70040420FFF7F841E3817002011
:1063C000401700202DE9F047374DDFF8E08000EB63
:1063D00040032B4406461C7A4700FFF71DF84FF098
:1063E000200C4FEA461E08EB44110EEB0403D1F8D3
:1063F00008A00A69AAEB000929F07F49B9F5000F46
:1064000005EB43030DD812EB0A02121A22F07F4269
:10641000B2F5000F05D8BCF1200F0BD12046BDE826
:10642000F08793F82930202BA4461C46DBD1BCF121
:10643000200FF3D0BB192B440CEB461205EB4202A4
:1064400093F8088092F829201A72710144464FF09F
:10645000040E0B1905EB430322469445204683F8AE
:1064600028E093F82940F4D1BB192B440A4493F84F
:106470000AE0BEF1200F5FFA8EFC18BF8C443E4448
:1064800018BF05EB4C0C05EB4202354408BF83F8FE
:1064900009804FF0200318BF8CF82980A87282F879
:1064A00029302046BDE8F087C017002038130020AF
:1064B0002DE9F0414E4D01EB41032B440C461E7A71
:1064C000202E80464FEA410741D14A4B0BB1AFF332
:1064D000008005F084FF95F82230202B0AD0464B2F
:1064E000D3E904E210F1020C41F10003E64572EB3E
:1064F000030331D3202E0AD042463346FFF7E6F994
:1065000000283FD085F822600220BDE8F081D5E95F
:106510000623B3F1FF3F08BFB2F1FF3F1FD195F84B
:10652000203043BB0420FFF799F805F066FF0020F8
:10653000FFF7F6F829684FF08042202085F8220006
:1065400000230B600120C2F80835BDE8F081084641
:10655000FFF738FF8642B8D00020BDE8F081FEF793
:10656000D5FB4FF0FF334FF0FF32C5E9062395F816
:106570002030002BD6D00520FFF770F8002385F8D7
:106580002030CFE73B192B4406EB441205EB4202C7
:1065900093F808E092F829201A72610173460420EA
:1065A000CA189C4605EB4202664592F8293082F8EB
:1065B0002800F5D13B192B443C44987A2028C2B2DC
:1065C00018BF5218614418BF05EB420205EB4101A8
:1065D000254408BF83F809E04FF0200318BF82F874
:1065E00029E085F80AC081F829300020BDE8F08153
:1065F000C017002000000000401700202DE9F04FD8
:1066000085B005F0ECFEC14E0746884605F0F5FE64
:10661000D6E90223B3F1FF3F08BFB2F1FF3F05D037
:106620004FF0FF324FF0FF33C6E9022396F82830CF
:10663000ABB94FF40C71B069FEF7E8FA33697269CF
:10664000B169023342F100025B1842F100021818EE
:1066500042F10002874278EB020380F06381AC4C88
:106660004FF0FF304FF0FF31FEF7ECFEE37B002BE5
:1066700040F04681A74991F800B00122BBF1200FFC
:10668000E27300F0388120220A7084F82220A3737C
:10669000336094F8213003EB430AA2445FFA83F994
:1066A0009AF808505B009542009307D09A4B03EB91
:1066B00045102A46407E012800F0C580009BDFF887
:1066C00060A203EB0908202DA0444FEA491708D027
:1066D0004846FFF777FE854203D098F80850202DF2
:1066E000F6D1BAF1000F01D0AFF3008005F077FECC
:1066F00094F82230202B09D0D6E9042310F1020EA1
:1067000041F1000C724573EB0C03E6D3202D38D019
:106710002B460122FFF7DAF8002859D084F82250DE
:1067200007EB0B0304EB430393F82820022A1DD147
:10673000009A4A442244062183F82810917ACBB269
:1067400020291CBFDB1904EB43035F4418BF83F807
:1067500029B0009B08BF82F809B04B44234404EBE6
:10676000470783F80AB0202387F82930FF232374D2
:10677000009B4B441C44637A202B5DD105B0BDE8DF
:10678000F08FD4E90623B3F1FF3F08BFB2F1FF3F1A
:1067900007D0FEF7BBFA4FF0FF324FF0FF33C4E9EA
:1067A000062394F82030002B3FD10420FEF756FF3B
:1067B00005F023FE0020FEF7B3FF21684FF0804272
:1067C0000023202084F822000B60C2F80835A7E7D8
:1067D0007B1904EB430398F8080093F8293088F8F4
:1067E0000830024604211346BA1804EB42029D42C7
:1067F00082F8281092F82920F5D198F80A1088F824
:106800000A30CAB220291CBFD21904EB42023B4411
:1068100004EB430318BF82F829004FF0200208BFA1
:1068200088F8090083F8292057E70520FEF716FFAE
:10683000002384F82030B8E7384B187805B0BDE85D
:10684000F04F01F05FBD0978202914D031697069DB
:106850004F1DB16940F10000791840F1000001902E
:1068600003EB4213D3E9020288420198824128BF18
:10687000C3E9021022E701FB053191F815C017F1B9
:10688000090148F10000BCF1010F0190E8D0CDE909
:106890000251FEF785FCDDE902211F4B10B19AF889
:1068A0000850DDE7CDE90221FEF7E0F940F2563568
:1068B000A842029A184B0CD040F2F555A84214D0C9
:1068C000B0F5C67F03990AD0009848442044057A61
:1068D000C6E717F1250148F100000190F4E717F130
:1068E000160148F100000190EEE717F13B0148F175
:1068F00000000190E8E74FF43171702001F022FBB5
:1069000040F2C121702001F01DFB00BF40170020A4
:10691000C0170020381700203813002070170020FF
:1069200000000000074B084A1B78580102EB431394
:10693000082112585868904740F2B621702001F0A3
:1069400001FB00BF381700203813002070B5134C2E
:106950000D460646FEF7C0FA94F8213004F1280CE3
:10696000D9B20CEB831C002302E00133202B12D0A0
:106970001CF81320D8B2002AF7D103EB4111084AC2
:1069800004EB4104590102EB43135650012284F8F1
:1069900028205D6070BD184670BD00BFC017002084
:1069A000381300201F280AD80C4991F8213000EB39
:1069B000431301EB430393F82820012A01D0002060
:1069C000704791F8213000EB431301EB43034FF084
:1069D000000C104683F828C0704700BFC017002085
:1069E00010B5094C04EB4014D4E90201FDF7D6FFC1
:1069F000227DE38A9B1803F101034FF0000252410C
:106A0000181842EB010110BD381300200378002B49
:106A100040F0EF802DE9F04F804A5368C3F308033C
:106A20008BB08246002B40F0CF80DFF804927C4F81
:106A3000DFF800B209F1080827B1002140F249400F
:106A4000AFF3008099F82140E4B24FF0000389F8D9
:106A5000103027B1002140F24E40AFF30080714B5F
:106A6000661C03EB841E06F0010503EB851CBEE8E3
:106A70000F00ACE80F00BEE80F00ACE80F00BEE866
:106A80000F00ACE80F009EE80F0024B28CE80F0066
:106A90002E4627B1002140F2DE30AFF3008004EB38
:106AA000440405EB450508EB040338F804209B7803
:106AB00028F805204544AB7057B1002140F2E23080
:106AC000AFF3008027B1002140F25340AFF30080C4
:106AD00005F085FC009604AB524604460D46FFF7D0
:106AE000ADFB27B1002140F25A40AFF300804E4B7E
:106AF0001B78202B44D0DBF81030DBF81420DBF8B7
:106B00001810053342F100025B1842F10002DDE982
:106B10000401984271EB020C009628D343482246A8
:106B20002B4604A9FFF79AFAC0B1DDE90401FDF78D
:106B300035FFBDF81E309DF81C401B1903F1010301
:106B40004FF000025241181842EB0101CAE904015A
:106B500027B1002140F26D40AFF3008099F810306A
:106B6000002B7FF469AF01200BB0BDE8F08FCDE9B9
:106B7000043204A922462B462C48FFF76FFAD4E7CB
:106B80009DF81D1014F1090345F100020129BED042
:106B9000CDE90232FEF704FBDDE902320028B6D16E
:106BA000FEF764F840F25631884232D040F2F55197
:106BB000884229D0B0F5C67FDDE90232A7D114F1B1
:106BC000160345F10002A2E7103B59B2002912DB7F
:106BD00001F1604101F5614191F80003400900288D
:106BE000C2D0DFF84C900E4FDFF848B009F108082A
:106BF00022E70020704703F00F03043B1344187E84
:106C000040090028EDD1AFE714F13B0345F1000244
:106C10007DE714F1250345F1000278E700ED00E07F
:106C200000000000E8170020381700200040420F45
:106C3000C0170020401700202DE9F04FB04A5368DC
:106C400091B0C3F3080303900791002B40F03B82FF
:106C500008230693079B1B78012B00F2DB82DFF8E9
:106C6000BCB2BBF1000F04D0002140F24350AFF39F
:106C700000800023DFF8A8A2DFF8A8820493012493
:106C8000BBF1000F04D000214FF4AA60AFF30080E5
:106C900024B99C4B0BB1AFF3008062B69AF8213057
:106CA000DBB205934FF000028AF81020069A002A02
:106CB00040F0AD809946BBF1000F04D0002140F2B6
:106CC0006450AFF3008005F08AFB059B0093079AA0
:106CD0000AAB0446FFF7B2FABBF1000F04D0002163
:106CE00040F26C50AFF30080039B03EB49130AEBB7
:106CF00043034FEA491693F82830013B012B00F279
:106D00008480DDE90A3224F07F441D1B25F07F4199
:106D100021F00101002940F0D580039A09EB4903D5
:106D20005344B218997A0AEB4202042082F82800F0
:106D300020294FEA49020992CAB200F00182324486
:106D4000039B0AEB420282F829301A46099B4B4406
:106D5000534416440AEB46069A72202386F82930DB
:106D6000002304930125BBF1000F04D0002140F261
:106D70007150AFF30080644B0BB1AFF30080EFF3C1
:106D80001086344672B69AF81030002B7FF478AF34
:106D9000039B0AAF08EB43140FCF08340FC497E8E6
:106DA000030084E80300A5B1069B002B00F0B2812C
:106DB000049B23B1554B1B78202B00F0F1819AF8EE
:106DC0002130DB4303F001038AF82130FF238AF8E6
:106DD000103026B94B4B0BB1AFF3008062B6BBF15C
:106DE000000F04D000214FF4B560AFF30080002DF8
:106DF00053D1BBF1000F04D0002140F2B450AFF3E7
:106E00000080284611B0BDE8F08F0025ABE7059A59
:106E10003F4B551C05F0010503EB821E03EB851C5F
:106E200017B2BEE80F00ACE80F00BEE80F00ACE8F8
:106E30000F00BEE80F00ACE80F009EE80F00A94667
:106E40008CE80F002EB2BBF1000F04D0002140F2FD
:106E5000DE30AFF300802F4B07EB470706EB46060B
:106E6000DA19D95B9278995333449A70BBF1000FC9
:106E70000CD0002140F2E230AFF30080BBF1000FF4
:106E800004D0002140F25A50AFF300809AF810303D
:106E9000002B7FF4F5AE05950DE79AF8213003EB52
:106EA000430353445B7A202BA3D0BBF1000F04D0E3
:106EB000002140F2AF50AFF30080174B187801F07B
:106EC00021FA96E725F07F45B5F5000F3FF625AF8F
:106ED0000C99C9180C1B24F07F44B4F5000F3FF641
:106EE0001CAF09EB490151440C7A4FEA4901202CAF
:106EF000099100F03A812021944604911A4627E036
:106F000000ED00E000000000000000003817002045
:106F1000E8170020C81700207017002000000000AC
:106F2000C0170020381300209DF83510012903D028
:106F3000417D012900F0B18033190AEB430393F836
:106F40002930202B00F02081DDE90A2C04941C4616
:106F500008EB4410650187680169C368C91943F1EA
:106F6000000E8A427CEB0E03DED213466246049F7B
:106F70000C9908EB0500C918D0F808C042F10002CE
:106F80008C45C16871EB020275D3427D012A03D0A2
:106F90009DF83520012A59D0049B9F4200F0DF80E4
:106FA000202F00F03C81049B202B06EB07030AEB0B
:106FB000430393F8292000F02481049BF3180AEB83
:106FC000430393F8294083F8292022460520B3186B
:106FD0000AEB430311468F4293F8292083F82800D7
:106FE000F5D1099B4B445344987A202808BF5C7222
:106FF000099B4B44C1B253441CBF89190AEB4101A0
:107000009F72039B18BF81F82940F318F1190AEB0E
:1070100043030AEB4101202081F8290083F829204D
:10702000049B834200F0A7801C4634440AEB4404CE
:10703000039B84F8293000230493039B1E440AEB2E
:107040004606032386F8283001258CE6ACEB0303C3
:107050000893FDF70BFE40F256339842089B55D03B
:1070600040F2F55290424DD0B0F5C67F14BF0122D8
:107070000E229A4290DD45449DF838302A7E9A428D
:107080004FD933190AEB4303274693F82940202CA4
:1070900061D0DDE90A3265016AE7D71BFDF7E6FD3D
:1070A00040F25633984233D040F2F55398422BD0F9
:1070B000B0F5C67F14BF01220E22BA427FF73CAF63
:1070C000DDE90A3253E7103B59B200293BDB01F1FD
:1070D000604101F5614191F800335B090693002B93
:1070E0007FF4B8AD534B1B78202B00F09D80079B9D
:1070F0001B780693002B3FF4B2AD40F23C51702058
:1071000000F020FF3322B4E73322D6E71D22B0E798
:107110001D22D2E7FF238AF81030002E7FF45FAEE5
:1071200058E6099B039A4B445344B218997A0AEBE8
:1071300042020420202982F82800CAB27FF4FFAD61
:10714000039A5A7202E603F00F03043B13441B7EBA
:107150005B090693C3E7049B9F427FF424AF202B77
:1071600011D1099B4B4453441C7A039BF3180AEB3F
:10717000430383F82940099B039A4B4453441A72F2
:107180000123049359E71C4633190AEB430393F890
:107190002920039BF3180AEB430383F8292044E7D3
:1071A00005990220FFF784F900287FF408AE9AF8C9
:1071B0002130039F03EB4301514407EB43128C7AC8
:1071C0000AEB42020420202C82F82800DDB24FEAAC
:1071D0004312E0B24FEA430319D011180AEB410100
:1071E00081F8297039462B4453440A440AEB420281
:1071F00099722023049D82F82930002E7FF4EFAD90
:10720000E8E5099B4B4453441C7A1A72DDE64F7241
:107210003946E8E74FF4A861702000F093FE4FF480
:10722000E871702000F08EFE40F23951702000F0BD
:1072300089FE00BF381700202DE9F84F7B4CDFF89E
:10724000008205464FF0010B04F1080AB8F1000F67
:1072500004D0002140F2C650AFF30080BBF1000F14
:1072600004D1734B0BB1AFF3008062B64FF0000353
:107270002374B8F1000F04D0002140F2CB50AFF3DB
:10728000008094F821606B4BB146013606F001078F
:1072900003EB891E03EB871CBEE80F00ACE80F0070
:1072A000BEE80F00ACE80F00BEE80F00ACE80F002E
:1072B0009EE80F003E468CE80F00B8F1000F04D0A6
:1072C000002140F2DE30AFF3008009EB490907EB03
:1072D00047070AEB09033AF809209B782AF80720A8
:1072E0005744BB70B8F1000F04D0002140F2E230E7
:1072F000AFF30080237C03F0FF01002B40F0868079
:10730000B8F1000F03D040F2D550AFF3008005EB89
:10731000461304EB4303770193F82820032A73D123
:1073200006EB4602224492F808904D4578D0B9F118
:10733000200F69D04B4601E0202B65D0FA1804EBF2
:107340004202194692F829309D42F5D1202D5BD09A
:107350007B19394404EB430304EB410193F82930D2
:1073600081F82930B8F1000F0CD0002140F24B30E9
:10737000AFF30080B8F1000F04D0002140F2DA50E2
:10738000AFF300802F4404EB4707012387F8283030
:10739000B8F1000F04D0002140F2E350AFF30080B9
:1073A000254B0BB1AFF30080EFF3108B72B6237C4B
:1073B000002B7FF44BAF4D4503D1204B1B78202B86
:1073C0001CD094F82130DB4303F0010384F8213012
:1073D000FF2323740124BBF1000F04D1144B0BB124
:1073E000AFF3008062B6B8F1000F04D0002140F284
:1073F0000560AFF300802046BDE8F88F31460220DB
:10740000FFF756F80028DCD10024E4E7B8F1000FBC
:107410003FF424AF002140F2D150AFF3008015E7D4
:10742000202DF1D093F8293013729BE7C01700206C
:1074300000000000E81700200000000038170020BE
:107440000000000070B506280DD8DFE800F01C52DF
:10745000040C0C740D00B14A4FF0804112680123F6
:10746000C1F80835136070BDAD4D2B78202B00F0AE
:107470009180AC4C5A0104EB4313A2585868BDE804
:10748000704005211047A54CD4E90623B3F1FF3F16
:1074900008BFB2F1FF3F00F0D080A34E0120FEF7FD
:1074A0003FF9737F012B04D0FDF77AFE002800F02E
:1074B00030819B4D2B78202B00F09B80FF23A37302
:1074C000D6E90223B3F1FF3F08BFB2F1FF3F05D079
:1074D0000520FEF74FF8002800F016812B78914A1E
:1074E000590102EB4313BDE870405258586801211E
:1074F00010478B4D2B78202B00F0A6808A4E737F8F
:10750000012B04D0FDF74CFE002800F0F380834CE3
:10751000D4E90623B3F1FF3F08BFB2F1FF3F61D0CA
:107520002B78804A590102EB4313BDE87040525852
:10753000586800211047794C94F820307BB1D4E989
:107540000623B3F1FF3F08BFB2F1FF3F00F0A28076
:107550000120FEF7E5F8002384F8203070BD704D5F
:107560002A78202A00F09D806F4E4FF0FF324FF0B6
:10757000FF33C6E90223A37B002B00F0B6802B78F3
:10758000684A590102EB4313BDE8704052585868ED
:1075900006211047614890F8213003EB4301014474
:1075A000DAB20B7A202B00F0AA8003EB421200EB38
:1075B000420292F829400C72FF210174022182F8E4
:1075C0002810584C58492B700022C27381F828208B
:1075D00004EB4312127E002A7FF44CAF01F0DCF87A
:1075E0002B7847E7FDF748FB04F0F9FEC4E90601F4
:1075F00096E794F82130DAB203EB43032344197A77
:1076000020297CD001EB421204EB420292F82900BF
:107610001872FF232374434B297003EB411100239D
:10762000097EE37386F82830022382F82830002987
:107630007FF444AF01F0B0F840E7FDF71DFB04F024
:10764000CEFEC4E9060128E7344A92F8213003EB64
:1076500043001044DBB2017A202950D001EB4313E0
:1076600002EB430393F829400472FF2010740220B8
:1076700083F828002B4B297003EB41112A4E097E19
:107680000023D37386F8283000297FF438AF01F047
:1076900083F834E7FDF7F0FA04F0A1FEC4E906012F
:1076A00056E794F82120D1B202EB42022244107A2C
:1076B000202824D000EB411104EB410191F829600E
:1076C0001672FF222274174A287002EB4010164EE1
:1076D000027EE37386F82830022381F82830002ADE
:1076E0007FF443AF01F058F83FE740F24361702068
:1076F00000F028FC40F25161702000F023FC40F2C1
:107700004721702000F01EFC40F22F61702000F035
:1077100019FC40F22961702000F014FCC017002011
:1077200038170020381300204017002070B5284B70
:107730001A78202A86B045D0264CD4E90213B3F13A
:10774000FF3F08BFB1F1FF3F37D1234D05EB421595
:107750000646D5E90201FDF721F92B7DEA8AD21808
:1077600002F101024FF0000C4CEB0C0C93194CF1A0
:10777000000C18180DF10B034CEB0101009303AA48
:1077800004ABFDF76DF99DF80B20DDE904310F2AFC
:1077900094BF002201229B1841F10001C4E902318B
:1077A0000E4B9B7B13B9012006B070BDD4E90223B8
:1077B0000520FDF7DFFE06B070BD40F62F017020FA
:1077C00000F0C0FB40F62E01702000F0BBFB00BFB4
:1077D000381700204017002038130020C017002061
:1077E000FDF71ABE38B5234B93F800E0BEF1200F29
:1077F0003AD0214D95F8213095F821C003EB430391
:107800002B445FFA8CFC1B7A202B1FD01B4C4FEAB9
:107810004C1C06E0634405EB430393F82930202B0E
:1078200014D004EB4312117E8142F3D804EB4E14C2
:10783000D4E9021320694018D2E9021243F100038F
:10784000814272EB030304D2002038BD4FF0FF30B9
:1078500038BD0B4B081A1C68FDF792F804F132038F
:107860008342F1D8001B38BD40F66801702000F05B
:1078700069FB00BF38170020C01700203813002014
:10788000401700202DE9F04F8D4B1E7887B0202E39
:10789000019000F010818B4F8B4D97F821302868B4
:1078A00003EB43033B440DF113021C7A019B184484
:1078B0002B6903938946AB69029305A9FDF7A4F8E8
:1078C000019A824B323A9A4261D8DFF80882059BCE
:1078D000696908EB4616B2689B1832699B182A69D9
:1078E0009B1A23F07F40B0F5000F50D897F821A0E5
:1078F000AB61202C85F820905FFA8AFA18BF4FF010
:10790000200B00F0CB8008EB441C9B18DCF808002F
:1079100041F100019842DCF80C308B414FEA4416EB
:107920004ED39CF81530012B02D06B7F012B32D047
:107930000520FDF793FE97F821104FF0FF324FF02E
:10794000FF33BBF1200FC5E90223C9B240F0A48088
:1079500001EB4101394420240B7A594A97F8211050
:10796000127802EB411207EB420282F829302B68B1
:10797000019A13442B60FF233B74202C40D0544BBE
:10798000187800F0BFFC002007B0BDE8F08F0120A0
:1079900007B0BDE8F08FA0EB0209FDF767F940F2F0
:1079A0005633984220D040F2F55398421AD0B0F5A1
:1079B000C67F14BF01230E234B45B9DD95F82090F7
:1079C0004644337E4B4511D904EB4A1307EB43037E
:1079D00093F82930202B17D0A346D5E904211C4663
:1079E000AB6990E73323E7E71D23E5E7DDE90231E3
:1079F0002A695B189B1A0220AB6107B0BDE8F08FC3
:107A0000002007B0BDE8F08F0520FDF727FE4FF0FE
:107A1000FF324FF0FF3397F82110C5E90223C9B2B6
:107A200001EB41033B4404EB411207EB420293F8A4
:107A300008A092F829201A724FEA410C48015346D7
:107A40004FF0050800EB030E07EB4E0E1A4694426A
:107A50001E468EF828809EF82930F3D10CEB010EDB
:107A6000BE4461449EF80A90B9F1200F5FFA89F88C
:107A700018BF80443944024418BF07EB480807EB9D
:107A800042028E724FF0200114BF88F829A08EF8B0
:107A900009A082F8291060E75C46C1E70520FDF7E0
:107AA000DDFD97F821104FF0FF324FF0FF33C5E9AD
:107AB0000223C9B24CE74FF40961702000F042FA8A
:107AC00038170020C017002040170020CE3F420F7B
:107AD00070170020381300202DE9F04FA64C94F8C1
:107AE000213000EB431304EB430383B093F82830B9
:107AF000002B00F03C8194F82170DFF88882054665
:107B0000FFB2B8F1000F04D0002140F6CF00AFF370
:107B100000807E0105EB471704EB4707B8F1000F23
:107B200040F0E880771904EB470797F82830012BDD
:107B300009D0043B022B40F2D08004F0EFFC97F810
:107B40002830012BF5D1DFF840B201230193ABF1CE
:107B5000200AB8F1000F04D0002140F6E600AFF390
:107B60000080019B23B9854B0BB1AFF3008062B657
:107B70004FF000032374B8F1000F04D0002140F649
:107B8000EB00AFF3008094F82160B1460BEB891E47
:107B9000BEE80F00013606F001070BEB871CACE8CE
:107BA0000F00BEE80F00ACE80F00BEE80F00ACE825
:107BB0000F009EE80F003E468CE80F00B8F1000F62
:107BC00004D0002140F2DE30AFF3008009EB490918
:107BD00007EB47070AEB09033AF809209B782AF8D4
:107BE00007205744BB70B8F1000F04D0002140F2C9
:107BF000E230AFF30080237C03F0FF01002B40F064
:107C00008E80B8F1000F03D040F6F500AFF300808E
:107C100006EB460323444FEA46095F7ABD4200F073
:107C20009B80202F30D0700101E0202F2CD0C31971
:107C300004EB430339463A4693F82970BD42F4D128
:107C4000202D21D00144284404EB400004EB4101E5
:107C500090F8293081F82930B8F1000F06D00021C2
:107C600040F243300192AFF30080019A09EB060322
:107C700023449B7A9F4260D0B8F1000F0CD00021C2
:107C800040F24B30AFF30080B8F1000F04D0002178
:107C900040F6F900AFF30080394B0BB1AFF3008031
:107CA000EFF31083019372B6227C002A7FF451AF68
:107CB00084F82160FF22227423B9304B0BB1AFF35B
:107CC000008062B6B8F1000F04D0002140F60B101E
:107CD000AFF3008003B0BDE8F08F731904EB4303EA
:107CE000DFF8A4B0012283F8282001230193ABF12F
:107CF000200A2EE797F82830012B3FF424AF043BED
:107D0000022B16D9002140F6DB00AFF3008004F00F
:107D100005FC002140F6DF00AFF30080FEE6B8F17D
:107D2000000F3FF41EAF002140F6F100AFF30080DA
:107D30000FE7012387F82830EBE7B8F1000F06D0F2
:107D4000002140F246300192AFF30080019A09EB26
:107D5000060323449A728FE7202D95D005EB461237
:107D600004EB420292F829205A72202274E740F66E
:107D7000C601702000F0E6F8C017002000000000E7
:107D80000000000000000000E817002070B586B079
:107D900063BB064610460D46FCF7F2FD0DF10B03E2
:107DA00004460093304604AB294603AAFCF758FE6C
:107DB00003981349231A8B420BD3001B88420ED31E
:107DC000104A93420DD8904215D9C0F1614303F592
:107DD000F7030A9AA2F10F00C01A06B070BD434221
:107DE000F7E703F1F45303F59023F2E740F611119E
:107DF000702000F0A7F840F65801702000F0A2F8BB
:107E00000040420FFF7F841EBFF34F8F0549064B92
:107E1000CA6802F4E0621343CB60BFF34F8F00BF28
:107E2000FDE700BF00ED00E00400FA05094B012268
:107E30005A604FF0FF32C3F80823074B4FF48042DB
:107E4000C3F88020BFF34F8FBFF36F8FC3F880213B
:107E5000704700BF00E0004000E100E0094B012254
:107E60005A604FF0FF32C3F80823074B4FF480529B
:107E7000C3F88020BFF34F8FBFF36F8FC3F880210B
:107E8000704700BF00C0004000E100E0084B002246
:107E9000C3F8FC2F0122C3F8FC2F064B0222C3F8C3
:107EA0008020BFF34F8FBFF36F8FC3F880217047DF
:107EB0000010004000E100E0F8B51B4E33780546A5
:107EC0000C4617466BBBFCF779FC184B7760002D0E
:107ED00008BF1D4628463472FFF7D8FFFFF7BEFFE4
:107EE000FFF7A4FFFDF704F80546C0B9F4F7F8F969
:107EF000FCF7F2FFFCF73CFF04F079F9002C0CDBF7
:107F000004F01F026409A40004F1604404F5614414
:107F100001239340C4F88031236001233370284645
:107F2000F8BD4FF0FF35FAE768180020B2D3030020
:107F300008B572B6024B5B6803B19847FFF764FF60
:107F4000681800201FB572B6134B5D688DB9FFF736
:107F50005BFFB2FBF6F2DCB20133002AF9D104F187
:107F600010036B4403F80C2C0A2234B901A8A8476B
:107F7000EDE7024600230A26EDE7631E04AEDCB2FD
:107F800056FA83F3B0FBF2F602FB1600303003F82A
:107F90000C0C3046E9E700BF68180020074B93F946
:107FA0000830002B09DB5A09012103F01F0301FAF5
:107FB00003F34032024941F822307047681800202C
:107FC00000E100E0014B1878704700BF68180020FE
:107FD0002DE9F84FDFF8CCA0304C314DDFF8C890D8
:107FE000074601269AF800805FFA88F8FF238AF88E
:107FF0000030B8F1000F01D08AF80130EFF31082A1
:1080000072B600236660C4F80031C4F80431C4F8C5
:10801000047526603AB962B605E0D4F8043133B984
:108020002B69DB0620D4D4F80031002BF5D0D4F82E
:108030000431002BE2D1B8F1000F13D19AF80130CE
:10804000DBB28AF8018003214FF48042C4F80813A0
:10805000C4F80481C4F80081C9F880218AF800803E
:10806000002BBFD1BDE8F88F4FF48043C9F88031B1
:10807000EFF3108B72B60323C4F80433D4F8003145
:1080800013B9D4F804311BB1BBF1000FCBD1C2E757
:1080900004F044FABBF1000FC5D1BCE700E000409A
:1080A00000ED00E07418002000E100E070B5164615
:1080B000DA078CB01D4686468C4640F1A280C37B11
:1080C0008DF80030837B8DF80130437B8DF80230D2
:1080D000037B8DF80330C37A8DF80430837A8DF8F2
:1080E0000530437A8DF80630037A8DF80730C3796E
:1080F0008DF8083083798DF8093043798DF80A308E
:1081000003798DF80B30C3788DF80C308378427882
:108110008DF80D3003788DF80F308DF80E20CA7B66
:108120008B7B8DF810208DF811304A7B0B7B8DF8FE
:1081300012208DF81330CA7A8B7A8DF814208DF8BE
:1081400015304A7A0B7A8DF816208DF81730CA79D7
:108150008B798DF818208DF819304A790B798DF8C4
:108160001A208DF81B30CA788B788DF81C208DF87A
:108170001D304A780B788DF81E208DF81F306C4624
:108180002046FFF725FFAB0731D59DF82F009DF85E
:108190002E109DF82D209DF82C30307071709DF8B8
:1081A0002B009DF82A10B270F3709DF829209DF8DD
:1081B0002830307171719DF827009DF82610B2713A
:1081C000F3719DF825209DF82430307271729DF86E
:1081D00023009DF82210B272F3729DF821209DF8C1
:1081E000203030737173B273F3730CB070BD0DF146
:1081F000200CBCE80F0030607160B260F3600CB01E
:1082000070BDDEF80410DEF80820DEF80C300068DF
:108210006C46A646AEE80F00DCF80000DCF804105F
:10822000DCF80820DCF80C30AEE80F00A8E700BF4F
:108230001B4B4FF4805270B5C3F88020BFF34F8FB3
:10824000BFF36F8F174D184C0021C5F80011C3F80C
:1082500080212669236943F0100323610123C5F8B7
:10826000043306F010062B60D5F80031A3B11EB917
:10827000236923F0100323610A4B0122D3F8080578
:108280005A60C3F808230022C3F80021044B4FF4BE
:108290008052C3F8802170BD04F040F9E4E700BFCC
:1082A00000E100E000C0004000ED00E038B50C49FE
:1082B00002460520431ED8B2FF2803D14821692079
:1082C000FFF740FE01EBC0031D7905F0FF04002D10
:1082D000F0D141F8302001225C719C711A7138BDD7
:1082E00078180020042808B503D94F216920FFF72A
:1082F00029FE034B03EBC0000023037108BD00BF40
:1083000078180020042808B503D958216920FFF700
:1083100019FE094B03EBC0000379012B01D0592151
:10832000F4E7437982790133DBB29A4218BF437193
:10833000BDE80840FFF732BE7818002070B5124C37
:1083400006250026013D15F0FF0500D170BD94F80B
:10835000281004EBC1031A79012A09D158799A79B6
:10836000904205D05A79D2B29A7154F83130984778
:1083700094F828300133DBB2042B94BF84F8283002
:1083800084F82860DEE700BF7818002008B504F004
:1083900059F870B904F05FF858B904F065F840B9BD
:1083A00004F074F8044A054B002808BF1346184629
:1083B00008BD024BFBE700BF00E701400C05004091
:1083C00008B504F063F808B3EFF3108072B6104AF2
:1083D0001369116941F010011161A2F5406203F0C7
:1083E0001003D2F80011D2F804210A4300D040BF94
:1083F00020BF00BF00BF00BF00BF23B9044A1369FC
:1084000023F01003136100B962B608BD20BFFCE77A
:1084100000ED00E0914270B53BD2B2FA82F33BB17D
:10842000C3F1200420FA04F49940214398409A4073
:10843000160CB1FBF6FC06FB1C1424041FFA82FE8A
:10844000030C85B204EB10400CFB0EF4844206D9F9
:10845000201A90428CBF02200120ACEB000C03EBF1
:1084600001410CFB1211B1FBF6F006FB101105EBFC
:10847000014100FB0EFE8E454FEA0C4C06D9AEEBD7
:10848000010E96458CBF02220122801A40EA0C00A0
:1084900070BD73219620FFF755FD00BF2DE9F8430D
:1084A0001C4652EA040349D0074615460E467CB9DD
:1084B000914208D321463046FFF7ACFF04462A46D6
:1084C000384604FB1561FFF7A5FF2146BDE8F88398
:1084D000B4FA84F9B9F11F0F34DC4FF0010808FA3F
:1084E00009F2A2FB051320FA08F002FB043226FA77
:1084F00008F140EAC670FFF78DFFC9F11F03D840AD
:108500004FF0000118D0431E8C4661EB010105FBC2
:1085100001F203FB042280461846A5FB033EFB1A2A
:10852000724466EB02061F46AF4276EB040324BF9B
:1085300040466146BDE8F8838446F5E7CA219620A7
:10854000FFF700FDE7219620FFF7FCFC30B5441A49
:10855000944229D33AB34B1CC31A022B2FD9531E72
:10856000072B2CD922F003058C4686460D445CF877
:10857000044B4EF8044BAC45F9D122F003039A4268
:1085800002F0030400EB030501EB030C0BD0CA5C03
:10859000C254012C07D09CF801306B70022C02D021
:1085A0009CF80230AB7030BD002AFCD08B1802441E
:1085B00013F801CD02F801CD8B42F9D130BD4B1E2D
:1085C0000244014613F8014F01F8014B9142F9D1E1
:1085D00030BD00BF81EA000370B59E075DD18507FD
:1085E0005FD0002A58D0034601E0002A54D011F889
:1085F00001CB03F801CB9C0702F1FF32F5D1032A2E
:1086000029D941EA0305141F6E074FEA940E4AD197
:108610002B2C48D90EF101064FEA560C03EBCC0C7B
:10862000A1F108051C4695ED027BA4EC027B644594
:1086300005F10805F7D1F50726F0010403D551F837
:10864000245043F824500EF1010402F0030203EB1E
:10865000840301EB8401FAB1541E022C1FD922F0CD
:1086600003058C460D449E465CF8044B4EF8044BC3
:10867000AC45F9D122F00304A2422344214402F084
:10868000030509D00A781A70012D05D04A785A706E
:10869000022D1CBF8A789A7070BD0346DBE7154631
:1086A000F0E70346ABE70EF1010C01EB8C0C1D1F4C
:1086B0000C4654F8046B45F8046F6445F9D1C2E7E1
:1086C0002DE9F04184075FFA81FE5FD0002A59D07E
:1086D000034601E0002A55D003F801EB990702F1A7
:1086E000FF32F7D14EEA0E24032A44EA04443ED96D
:1086F000151FAE08172D06F10106C3F3800147D9F7
:108700009846002940D048F8044B771A03EB810CB7
:1087100079080CEBC101CCE900440CF1080C61456F
:10872000F9D127F0010C08EB8C016745CCEB8C7874
:1087300005EB880517D02F1F032F0C6013D9A5F167
:108740000807032F4C600ED9A5F10C07032F8C608E
:1087500009D9A5F11007032FCC6004D9143D032DCE
:108760000C6188BF4C6102F0030203EB86034AB13F
:10877000013A83F800E005D0012A83F801E018BF30
:1087800083F802E0BDE8F0811546BEE70346A9E79D
:1087900019461546CFE700BF014B01229A77704773
:1087A000E01800202DE9F04786468C460846089ED2
:1087B000154674461946002B40F0C2808542B2FA35
:1087C00082F245D94AB1C2F1200300FA02FC2EFA26
:1087D00003F3954043EA0C0C94404FEA154EA8B2BF
:1087E000BCFBFEF8230C0EFB18CC08FB00F943EA97
:1087F0000C43994528D9EB1808F1FF3704D2994565
:1088000002D9A8F102072B44A3EB0903A4B2B3FBDE
:10881000FEFC0EFB1C330CFB00F044EA0344A042B8
:1088200014D92C190CF1FF3304D2A04202D9ACF1B7
:1088300002032C44241A43EA07401EB1D44000230B
:1088400034607360BDE8F0874746DDE76346F1E7D3
:1088500092BB431B01214FEA154EAFB2B3FBFEFCA6
:10886000200C0EFB1C330CFB07F840EA0343984531
:1088700062D9EB180CF1FF3004D2984502D9ACF163
:1088800002002B44A3EB0803A4B2B3FBFEFC0EFBD7
:108890001C330CFB07F744EA0344A7424ED92C19BA
:1088A0000CF1FF3304D2A74202D9ACF102032C44ED
:1088B000E41B43EA0040C0E7C2F1200320FA03F1C1
:1088C000954090402EFA03F303434FEA154EAFB2A2
:1088D000B1FBFEFC0EFB1C10190C0CFB07F841EA67
:1088E0000041884504FA02F422D969180CF1FF30DE
:1088F00004D2884502D9ACF102002944A1EB080159
:108900009BB2B1FBFEFC0EFB1C110CFB07F743EA0C
:1089100001439F420ED9EB180CF1FF3104D29F4264
:1089200002D9ACF102012B44DB1B41EA004192E782
:108930006046E3E76146F7E76046A3E76346B7E7CB
:10894000834206D916B9002108467BE7C6E900E054
:10895000F9E7B3FA83F78FB9834201D3724508D898
:10896000BEEB020460EB030301209C461EB900210C
:1089700068E73846FAE7C6E9004CF8E7C7F1200C8B
:10898000BB4022FA0CF41C432EFA0CF120FA0CF333
:10899000B84001434FEA14490EFA07F5B3FBF9F862
:1089A0001FFA84FE09FB18300B0C08FB0EFA43EA91
:1089B00000439A4502FA07F240D9E31808F1FF3064
:1089C00004D29A4502D9A8F102002344A3EB0A037A
:1089D00089B2B3FBF9F809FB183308FB0EFE41EA34
:1089E00003418E452CD9611808F1FF3304D28E451E
:1089F00002D9A8F10203214443EA0040A0FB0298F7
:108A0000A1EB0E014145CE46434602D306D14D456A
:108A100004D2B9EB020E68EB04030138002EA6D095
:108A2000B5EB0E0261EB030101FA0CFC22FA07F32D
:108A30004CEA0303F940C6E9003198E74046C5E730
:108A40004346D9E71FB5014601A800F006F801A882
:108A500002F090FA05B05DF804FB0B88C3F30B033A
:108A600083804B88C380002242724B78C3F301138A
:108A7000012B02D0022B18BF134604310372016090
:108A8000704710B58B880370437803F0F003437090
:108A90008A88C2F3032213434370CA888270CA884B
:108AA00003F0CF03120A4370C2700A7A120102F077
:108AB0003002134303F03F0343704A7A43EA8213C0
:108AC00043700C4609680430814205D0E288FB2AD5
:108AD00028BFFB22FFF77EFDE0880430C0B210BD46
:108AE00010B48B880370437803F0F00343708A88D6
:108AF000C2F3032213434370CA888270C27802F023
:108B0000C002C270CC88C4F30524224303F0CF0313
:108B10004370C2700C7A240104F03004234303F044
:108B2000BF0343704C7A43EA841303F07F0302F0DF
:108B30003F024370C2700B680430834205D0CA887C
:108B40005DF8044B1946FFF745BD5DF8044B7047CF
:108B500070B50B78013B05460C46182B00F20A81D4
:108B6000DFE813F02F0033000801A600AC00B200CC
:108B7000B800BE00C200C400D400DA001900080129
:108B800008013700C800CE00DE00E400EA00F00073
:108B9000F600FC0002010E23B1F803200B7042F234
:108BA00083039A4209D106236370667802363246FF
:108BB00021462846FFF70EFD51E03121C720F4F78A
:108BC000B3FB0C230B700823EEE71A230B70012371
:108BD000EAE72920F4F7FEFD30B13E23237022237B
:108BE00063702923A370E0E70A20F4F7F3FD3E2326
:108BF00005F1080204F108012B7090B30A23AB7051
:108C0000E378EB70A3882B71A3881B0A6B71A3799F
:108C1000AB71E379EB71A368AB608B889380D4F878
:108C20000E30C5F80E30638A6B8263696B61238BEB
:108C30002B83638BAB76638B1B0AEB76A38B2B7733
:108C4000A38B1B0A6B77E38BAB77E38B1B0AEB776A
:108C500094F8203085F820301F266E70023630469A
:108C600070BD0123AB70E378EB70A3882B71A388F0
:108C70001B0A6B71A379AB71E37903F00103EB710C
:108C8000A368AB608B889380638BAB73638B1B0A89
:108C9000EB73A38B2B74A38B1B0A6B74E38BAB74EA
:108CA000E38B1B0AEB7494F820302B751326D4E762
:108CB0003E230B7004234B70142393E73E230B7069
:108CC0000C234B7004238DE73E230B700A234B705B
:108CD000032387E73E230B700D234B70052381E7A9
:108CE0000523237004235FE70823FAE730230B7082
:108CF000032359E73E230B700B234B70072371E7C7
:108D00003E230B7006234B700C236BE713230B7071
:108D10008B789B00013347E757230B70022343E70F
:108D20003E230B7006234B7012235BE73E230B7030
:108D300009234B70132355E73E230B7005234B701B
:108D400020234FE73E230B7009234B70212349E773
:108D5000FF230B700B234B70A22343E7FF230B7001
:108D600005234B70A3233DE7FF230B700D234B70AE
:108D7000802337E740F26F2120E708B510B1FFF7F5
:108D800061FE10B96FF0150008BD0020FCE710B5BA
:108D90000C4630B129B1F4F773FC28B120700020E3
:108DA00010BD6FF01500FBE76FF02200F8E708B583
:108DB000F4F7EEFC002008BD01F0C7B808B5F4F7E1
:108DC000F9FC002008BD01F08EBB01F09CBB022223
:108DD00002708270D62242716FF0250282716FF0AC
:108DE0003802C2716FF051020272082242726FF0B3
:108DF00024020023827272224370C3700371C27214
:108E00001846704701F0F1B838B54FF0805304466A
:108E1000D3F8A020D3F8A410013106D1D3F8A8309C
:108E20004FF6FF719BB28B423ED0D3073CD54FF03B
:108E30008055D5F8A420D5F8A830A4F80530C3F3A0
:108E4000072363F03F03C4F80120A371D5F89030E5
:108E5000013323D0D5F8943001331FD0D5F89830A2
:108E600001331BD0D5F89C30013317D00020F7F721
:108E7000D3F998B9D5F89000D5F89410D5F8982082
:108E8000D5F89C30C4F81330C4F80700C4F80B10B0
:108E9000C4F80F2001232370002038BD10220021C8
:108EA000E01DFFF70DFCF5E70023F4E770B54FF088
:108EB0008055102200210446D5F8A060FFF700FC81
:108EC00010220021A018FFF7FBFBD5F880300133FA
:108ED0000BD1D5F88430013307D1D5F88830013370
:108EE00003D1D5F88C3001330BD0D5F88000D5F8FC
:108EF0008410D5F88820D5F88C30E3612061616159
:108F0000A2610020F7F788F908B9F3071DD44FF0E4
:108F10008053D3F8902001320BD1D3F89420013242
:108F200007D1D3F89820013203D1D3F89C20013225
:108F30000BD0D3F89000D3F89410D3F89820D3F83E
:108F40009C30E36020606160A260002070BD10B5BD
:108F50000446FFF76DF9B0F5007F09DA10F5007FE0
:108F600008DD031EB8BF03339B102370002010BD23
:108F70007F23FAE76FF07E03F7E7012070470120B7
:108F8000704701F015BB0078003818BF012001F0D0
:108F900023B9F6F783BE8178008801F0D4BA01F0D6
:108FA000F0BA37B505460C4600880DF1060101F010
:108FB00018F92B882380BDF80630638003B030BDDC
:108FC000F6F774BE01F00FBB00F0A8BF01F002B8C5
:108FD00008B5F4F7F7FB002008BDF6F75BBC01F01D
:108FE00019B8F6F7E1BD00F0E1BF01F01ABA01F0DF
:108FF000E4B901F02BBA00F055BF00F05ABF00F001
:1090000066BF00F078BF01F016B801F0F7B800F0C5
:10901000D8BF00F094BF03880B8001F049BA0388E1
:109020000B8001F053BA01F02DB8F6F789BCF6F7C2
:109030006FBC01F055B801F063B8F6F78BBC01F0D6
:10904000A0B800F0A2BF01F0BCBAF6F72DBCF6F74D
:10905000AFBCF8B5D4181F46BDF81830053414FB62
:1090600003F4A4B2054604F11B0020F0030080B213
:109070008842164603D0A3211420F4F755F915F0C1
:10908000030101D0A421F7E7B4F5004F01D9A521D0
:10909000F2E71422281DFFF713FBEF746C802E807B
:1090A000F8BD70B50688C58803898E42C5F30E02E7
:1090B000C3F30E0403D2C9211420F4F735F95D403F
:1090C000C5F30E030BB92D0409D4A24209D2C37C07
:1090D000A41A0533E41AA14203DD00238374184661
:1090E00004E01832012381528374104470BD01449E
:1090F000053111FB02F01B3020F0030080B27047F5
:1091000040881B3020F0030080B2704738B50388D8
:109110008B4204D240F201111420F4F705F9857C4A
:1091200065B1C388C3F30E031833C25A8A4207D30A
:10913000C152811DF4F774FB00238374284638BDA7
:109140000025FBE70346F0B59C88A5B2C4F30E06E4
:10915000DC88AC4200F1180002D10020D881F0BDBB
:109160005F89DC7C855B3C4402343444ED1B204445
:109170000C88ADB2AC4288BF0D805C89B4FA84F42F
:10918000640914700A88DA81E9E7F8B58288C3892E
:10919000002604460D4692B20E60CBB1C2F30E0219
:1091A0004189183287180B44825A9BB293424381FB
:1091B00004D94FF4A7711420F4F7B6F804D1011DB7
:1091C000F4F72EFB46812F600023E3810120F8BDD8
:1091D0001846FCE770B5044604F11806A3882289F6
:1091E0009BB29A420846C2F30E050DD021B1A91CCC
:1091F000E27C3144FFF7EEF904F108012046755B8B
:10920000F4F70EFB284670BD0025FBE78388C08875
:109210009BB2C31A584258417047828873B5C488BC
:1092200095B2AC42C2F30E0202F1180212D041898B
:10923000C689835A314499420EDB0DF10601ADF81F
:109240000650F4F7EDFABDF80600001B18BF012028
:1092500002B070BD0020FBE70120F9E7028970B57C
:10926000C588C5F30E065540C2F30E04C5F30E02C1
:109270000346183022B92A0402D50020188270BD96
:10928000B4421D8806D9DA7CA41B0532A41AA54273
:10929000A8BF25469A890AB1845B2D1BA942ECDC44
:1092A000DC7C1982033A0534324422441044E6E758
:1092B000F8B5038A002B39D08B4237D3C48885890F
:1092C00000F11803C4F30E041E1995B91D557570ED
:1092D00085891E5B0D44ADB2314485811953DAB1E5
:1092E000811DF4F79DFA002383810023038201206E
:1092F000F8BD1E5BAE4204D040F201211420F4F709
:1093000013F8C57C878A033E2644053535445E192B
:109310005F53857DB570DBE7C27C2C441444023476
:109320001A191B5B838293788375DEE70020DFE7E1
:109330008388C2889BB29A4206D0428922B9C3F37D
:109340000E0318331844704700207047C37C088808
:1093500002330B44136070470230704738B583887E
:10936000C2889BB29A4209D043893BB9C5893DB9AD
:10937000011DF4F755FAC581012038BD0020FCE736
:109380001846FAE703881380C388C3F30E03183323
:1093900003440B608089704708B54B1E062B04D828
:1093A0004FF4D1711520F3F7BFFF19B900B1016077
:1093B000084608BD58B1B1F5803F02D34FF4DA71C9
:1093C000F0E7036800225A601A1D19811A600431FF
:1093D000EEE70268002322B90381031D42600360A7
:1093E0007047918812680B449BB2F4E703464FF62E
:1093F000F672A1F10800904270B504D94FF4ED71F6
:109400001520F3F791FF1868B8B1848802688C4280
:1094100014D03AB98EB206F10805ADB2AC4204D20E
:1094200010460AE003461046EFE742501A68451816
:109430001268A41BAC8042501D6070BD1A60FCE72E
:1094400000230B6003688A800B600160704730B5B1
:1094500090B18478B1FBF4F304FB131300EB4302E7
:1094600052898A4201D1D8B230BDC27822B900F106
:109470000A03D0B2844201D8FF20F5E733F8025B3B
:10948000A94202F10102F4D1EEE7827803880532A5
:10949000594301EB42010844704713B50023CDE95D
:1094A000003304468DF806006846F4F799FB08B1CE
:1094B00002B010BDBDF804002146F4F76DFB002892
:1094C000F2D040F21D211720F3F72EFF70B50D46A4
:1094D0000A211E46FFF70BFE3246044609212846A4
:1094E000FFF705FE204470BD012303707047F8B5F7
:1094F00005460846002811461E4614BF00240224D3
:10950000FF23AB702B191B7D012B04D001342B19C9
:109510001B7D012B19D105EB44073B8B3A8C981925
:10952000904204DD2C44002038832075F8BD05EB03
:109530008404324660681844FFF74CF83A8B1644AE
:109540003E830023AB700120F0E70020EEE7002906
:1095500010B514BF00230223FF218170C1180C7DB8
:10956000012C07D10C3320F8132002230B750023A4
:10957000837010BD0133C1180C7D012CF2D040F274
:1095800015110920F3F7D0FE30B5827802F0FF0301
:10959000EAB9027D022A18D0427D022A17D11A4662
:1095A000012381B185180C3200242C7520F812405B
:1095B000C2180324147500EB83020C33526830F890
:1095C00013300A608B80012002E00122E9E70020CD
:1095D00030BD30B58378E3B9837D022B17D0C47DCD
:1095E000022C16D1032381B105190C3400222A75EF
:1095F00020F81420C2180324147500EB83020C33E6
:10960000526830F813300A608B80012002E0032496
:10961000E9E7002030BD037D012B01D1008B7047AD
:10962000437D012B0CBF408B00207047837D012BB5
:1096300001D1808B7047C37D012B0CBFC08B0020F4
:109640007047038B23B9408B003818BF0120704747
:1096500001207047838B23B9C08B003818BF0120CD
:10966000704701207047027D022A01D1008B7047AC
:10967000437D022B01D1408B7047032AF6D0032B88
:10968000F9D000207047827D022A01D1808B70477B
:10969000C37D022B01D1C08B7047032AF6D0032B68
:1096A000F9D000207047F4F705BC012808B506D0B2
:1096B000022806D040F2B2310620F3F735FE002032
:1096C00008BD0120FCE7F4F741BC37B5002305468F
:1096D00001A80193FAF7BCFF019B284613F0030F82
:1096E0000CBF00240A2402F0C9F970B1284602F028
:1096F000B3F938B9284602F0B3F918B904F15000AB
:1097000003B030BD04F15A00FAE704F16100F7E755
:1097100070B50D460646FAF7E5FE04463046FAF700
:10972000D9FE04F5234328444FF47A72A133B3FBE6
:10973000F2F3184470BD10B5044690F86900FAF7CA
:10974000D1FE00F55F4141314FF47A70B1FBF0F189
:10975000204601F24511BDE8104001F00CBD13B5E3
:10976000002380F84C32A0F890321A460093194634
:109770000446F5F717F920B140F221213020F3F724
:10978000D3FD012284F84C22C4F84802C4F84002F8
:10979000A4F85E02A4F85C0284F86102B4F8902098
:1097A000A4F89202013AA4F8902002B010BDF8B5D6
:1097B00090F81031044603F0FF05E3B9D0E94212F6
:1097C0006FF000439A4208BFB1F1FF3F13D0294622
:1097D000D0E9406702F06DF8D4E94232DB309B1BE0
:1097E00062EB07021B1A62F10002002A03DA20462C
:1097F000F8F768FC01252846F8BD2DE9F047044636
:1098000018B9D2213020F3F78FFD082900F2A58086
:10981000DFE801F005123C3C38A33199A100F8F7CC
:1098200049FCD4F8F400CB38FDF780FF002840F065
:10983000888040F28121E5E702F016F90546F8B983
:109840000146204602F035F800F1DB06D4F8F400BA
:10985000B04209D2301A322838BF32200321FEF735
:1098600011F8051E18BF0125C4F8F460204602F067
:1098700021F9002D65D02046BDE8F04702F01EB961
:109880000025F3E7BDE8F047FAF7F2BCFFF71DFF4C
:10989000002384F8F03084F8FB30B4F8EA30A4F800
:1098A000F800062B0BD80133A4F8EA3004F1F005D8
:1098B0002846FDF7ABF858B940F29F61A2E7D4F80B
:1098C000CC301BB1012384F8FA30EFE70223FAE72A
:1098D0002046FFF76CFF034694F8C80033B92946C9
:1098E000FDF7AAF938B940F2A3618BE7FDF75AF802
:1098F000002384F8E830D4E94078D4E9389AB945AF
:109900007AEB08031DD2204601F0DEFF50EA010386
:1099100005460E4615D0B7EB09002A4668EB0A014A
:109920003346FEF7BBFD05FB01F200FB0621A5FB5C
:1099300000520A44D4E93801451942EB0102C4E956
:109940003852BDE8F08790F8C800FDF72BF80023E7
:1099500084F8E830F5E7F22154E7F62152E7D0F831
:10996000CC00704790F8E83010B50446E3B101210F
:1099700080F8101102F0A4F894F8E830A3B194F83C
:10998000C800FDF759FC94F8C800FEF7A5F894F854
:10999000C800FDF707F820B940F20D213020F3F799
:1099A000C3FC002384F8E830002010BD90F810219B
:1099B00010B542B990F8D02042B1D0E93531994282
:1099C00002D9F8F77FFB0022104610BD0122FBE709
:1099D00008B540F2C32101F0DAFB40F64803984293
:1099E00028BF184680B208BD7FB590F813320446F0
:1099F00003F0FF05002B45D190F84C32032B41D1E9
:109A000002F0A4FCD4E9A023801A61EB0301012831
:109A100071F1000336DB6FF00103834275EB010344
:109A200004DA40F2D7513020F3F77EFCA269B4F893
:109A300090300AB1B0FBF2F2013313449BB2A4F8A8
:109A40005C32B4F85C22B4F80C329B1A1BB2002BC7
:109A500018DD94F89402FDF7EFFB98B1FF2384F82A
:109A60006132B4F8CA30B4F890501D44B4F8C8302C
:109A7000013DED1AADB20DF10E06B4F85C32EB1AF1
:109A80001B0401D504B070BDB4F85C12009600232D
:109A9000012289B22046F4F785FF0028F2D0012880
:109AA00009D1B4F85C32BDF80E2012FA83F39BB2F0
:109AB000A4F85C32E1E74FF4C261B4E7F8B50446BC
:109AC00021B1012940D04FF4F56131E0C68C36B1A7
:109AD000F7F7EEF8E68CB0FBF6F303FB160620462C
:109AE000D4E9385701F0F0FE281847EB01010023B4
:109AF000801941F1000184F8F0300223C4E94001EB
:109B0000A4F8FA302046FFF7E0FDD4E94023A4F89A
:109B1000F800C4E938232046FFF749FE58B994F805
:109B2000C80004F1F001FDF787F820B940F2FA61AE
:109B30003020F3F7F9FB0023A4F8EA30FAF7A4F990
:109B4000BDE8F840FCF75ABD002380F8D030F5E7B7
:109B500090F8E800704713B50023CDE900330123E6
:109B60008DF806306846F4F73BF808B100200AE0AB
:109B7000009C2046FFF7ECFF0028F3D0204601F0C0
:109B8000A6FE0028EED002B010BD07B50023CDE937
:109B9000003301238DF806306846F4F721F808B148
:109BA000002004E00098FFF7D3FF0028F4D003B0B2
:109BB0005DF804FB07B5002340F6881201A9FAF707
:109BC00071FD03B05DF804FB10B5044638B1F6F73B
:109BD00021F934EA00030CBF0120002010BD012050
:109BE000FCE710B5F5F7A8FC044601F039FF40B9D1
:109BF000204601F031FF80F00100C0B200F001000A
:109C000010BD0020FAE738B5054601F04DFEF0B171
:109C10002846FFF79DFF08B9002038BD2846FFF70A
:109C20009EFE04462846FFF79DFE054688B9002C97
:109C3000F2D02088F6F74EFA20882946F3F7ACFFD9
:109C40000028E9D041F65C013920F3F76DFB422092
:109C5000E3E70C20E1E72DE9F843B0F85A60B0F8EB
:109C60005C50804630300F46FFF7B2FE02210446BA
:109C700000F0F8FE02218146204600F0F3FE4E453A
:109C800028BF4E46B6B21B2E38BF1B26FB2E28BF60
:109C9000FB26A84228BF284680B21B2838BF1B20BD
:109CA000FB28B8F800303B8028BFFB20B4F5A47F28
:109CB00038BF4FF4A47440F648039C4228BF1C46AA
:109CC0007E80F880BC803C81BDE8F8832DE9F041BE
:109CD00086B0054601A9008800F046FE044600282B
:109CE00073D1029A92F86E31003B18BF01238DF8B0
:109CF0000230D2F8883099064ABF9DF802300346F8
:109D000083F0010303F001038DF8033092F8E8308B
:109D10009B0603D49DF80330002B5CD0EB881B3BE3
:109D20009BB2E02B59D82989A1F5A4739BB244F2C8
:109D30004810834251D86B881B3B9BB2E02B4CD818
:109D4000AA88A2F5A4739BB2834246D840F648077E
:109D5000B94244D8BA4242D8029E4FF0FF0886F872
:109D600033819DF80230A3BB03A93046FFF773FF90
:109D70006A88BDF81230E888934228BF1346A6F8D7
:109D80003831BDF81430AA88BB4228BF3B4619467B
:109D9000BDF80E30834228BF0346A6F83431BDF823
:109DA00010302889BB4228BF3B46834228BF034668
:109DB0008A42A6F83631134628BF0B46A6F83A3138
:109DC00086F83281002386F83331204606B0BDE89C
:109DD000F0813A24F6E71A24F7E71224F5E7112474
:109DE000F3E72DE9FF4107468846008802A900F005
:109DF000BBFD054618BB039C94F8813103F0FF05B9
:109E00001BB1B8F1020518BF012594F89730222B39
:109E100094F8E93043EAD3030CBFC5F101020022F4
:109E200003F00103134333D0BE7816B9F5F7F2FF00
:109E30000646F87870BBF5F7EDFF26B909252846E8
:109E400004B0BDE8F0810028F8D0FF2384F83D314C
:109E5000E5B994F83C3103F0FF05BBB984F83F0144
:109E600084F83C8184F83E613B797A798DF805006D
:109E700043EA022301A920468DF80460ADF80630BC
:109E800000F016FE002384F83D31D8E73A25F9E7C3
:109E90001A25D4E7002ED8D1D0E708B5F5F794FFFE
:109EA000002008BD10B50446F7F718FB207000200D
:109EB00010BD10B5FFF74FFE044630B9F7F708FBA9
:109EC0002046F6F7C7FA204610BD0C20FCE710B577
:109ED0000446FFF740FE50B92078012809D8611CDC
:109EE000F7F702FB002814BF0020072010BD0C204C
:109EF000FCE71220FAE738B50546FFF72CFE0446CA
:109F000040B92878012803D8691CF7F71BFB18B95A
:109F1000122038BD0C20FCE72046FAE710B50D24CE
:109F2000047000236FF004011122C47059244170A1
:109F30008270047143718171C271184610BD08B5F9
:109F40000821F3F78FFB002008BD73B506460C46C9
:109F50000088694600F008FD0546A0B9B3786BB9E2
:109F6000019B93F86C30A370338894F9020023802E
:109F7000F6F7C6FBA070284602B070BD7F20FFF741
:109F800019FEA070F0E70225F5E710B504466FF062
:109F90007F00FFF70FFEF6F7B3FB20707F20FFF77F
:109FA00009FEF6F7ADFB6070002010BD10B5044649
:109FB000F5F7C2FA01F04DFDF6F7A2FB2070002084
:109FC00010BD08B50A46072300F11001FEF76EF830
:109FD000002008BD10B5014604460020F6F704F93C
:109FE00008B92060A080002010BD10B50446F5F728
:109FF000E5FE28B900202146F6F7DEF8002010BD66
:10A00000FFF7C3FD0028F5D0FFF7EBFD0028F1D1E5
:10A010000C20F4E710B50446FFF7B7FD28B901207E
:10A020002146F6F7C9F8002010BDFFF7DAFD002839
:10A03000F5D10C20F8E7F7B50C46054669460088CF
:10A0400000F092FCA21C98B9019B03F19F0783F8D2
:10A05000F00039681160397911712988218093F8ED
:10A06000F06006F0FF01002EF1D1084603B0F0BD0C
:10A070000023C4F802300221137123706370F4E7E7
:10A08000FFF724BE1FB5838844F29022934217D86D
:10A0900040F64802934228BF13460288ADF80420D8
:10A0A0004088ADF80600ADF80A000A8001A8ADF8B6
:10A0B0000830ADF80C30FFF709FE05B05DF804FB81
:10A0C0001220FAE737B50D46694600F04DFC04460C
:10A0D00018B901982946FFF7BEFD204603B030BDF0
:10A0E00010B500236FF00404482108220470437067
:10A0F0008170C270047143718171C271184610BDC4
:10A1000037B505460C460088694600F02DFCF0B9CD
:10A11000019B014683F86A1093F86820012A06D053
:10A12000022A04D040F281210620F3F7FDF8A27044
:10A1300093F86920012A01D0022AF3D1E27093F842
:10A140006A2002F0FF00002AE4D12B88238003B0AC
:10A1500030BD10B58388022B044610D8C078FFF7B5
:10A1600033FD08B9112010BDA078FFF72DFD0028A0
:10A17000F8D020460121BDE81040FFF732BE122082
:10A18000F1E713B58378C178027903F0010451EA4D
:10A19000040C03F002031DD052EA030C1AD0002C69
:10A1A00018BF0021002B18BF00228DF80320037870
:10A1B00042788DF8021043EA0223ADF8003043796B
:10A1C0008279684643EA0223ADF80430FFF7C1FF05
:10A1D00002B010BD1120FBE708B5F4F727F9002005
:10A1E00008BD13B50C46694600F0BEFB20B9019BC3
:10A1F000B3F890300133238002B010BD07B500885A
:10A20000694600F0B1FB38B99DF80020019B012A96
:10A2100005D093F843216AB103B05DF804FB93F8CD
:10A220004C22D2B293F8B81011B912F0FB0FF0D152
:10A230000220F1E7012283F84321EDE72DE9F34104
:10A240000546477800780121F3F790FC0446002882
:10A250005FD001F0EFFBEB78984228BF1846042F3F
:10A2600086B23DD0206BFFF7D6F9304480B21F286C
:10A2700003D9122002B0BDE8F081FB1E012B2CD8BF
:10A28000204601F0FBFB6B78032B2CD107F0FD0877
:10A29000B8F1010F39D1204601F0F0FB002831D18F
:10A2A000012F08BF4FF00208216B42466846F3F7C2
:10A2B00097FD6A68206B33460121FFF718F950B308
:10A2C0006B78023B012B22D8206BFFF7A4F9012108
:10A2D0000246206BFFF73BF919E0002ED0D1C8E70A
:10A2E000002ECDD0C5E70028C3D1042BCED1204607
:10A2F000FFF72EFC0028BCD0206BFFF7A2F9002846
:10A30000C4D1B6E74FF00008CEE7042FD1D100202A
:10A31000B0E74220AEE70720ACE72DE9F7438046DF
:10A320004578C77800780121F3F720FC0446D0B1C6
:10A3300001F096FB0028206B08BF0027FFF776F995
:10A34000C619B6B21F2E1FFA87F910D8042D0ED0E9
:10A35000032D12D05FB12046FFF7FAFB58B10C2055
:10A3600002E0042212E0422003B0BDE8F083122094
:10A37000FAE70720F8E7012D0CD1204601F07EFB1B
:10A380000028EED1012D0CBF06220522216B684664
:10A39000F3F726FDD8F80420206B4B460021FFF789
:10A3A000A6F80028E5D0023D012D04D8206B3246E6
:10A3B0000021FFF7CCF80020D6E713B50446F5F7E7
:10A3C000BBF84FF44073ADF8003000238DF8023035
:10A3D000684614F8013B8DF803300194FFF79DFFA8
:10A3E00002B010BD38B5012105460078F3F7BEFB79
:10A3F0000446A0B1FFF7ACFB28B92046691C01F068
:10A400006BFA002038BD204601F02AFB08B10C2071
:10A41000F8E7204601F020FB0028F8D1EDE74220C4
:10A42000F0E713B50446F5F787F814F8013B8DF80B
:10A4300003304FF44073ADF80030684600238DF8C8
:10A4400002300194FFF7FAFE02B010BD73B5054665
:10A45000F5F772F82B78044663B100230DF1010182
:10A4600001208DF80030F5F7BFFE18B16846FFF700
:10A47000B9FFA0B9002620468DF8006001F0F4FA7B
:10A48000B04214BF80233346ADF801302B788DF8ED
:10A490000360012B05D169462046F5F771F902B03A
:10A4A00070BD1BB92046FFF7AEFBF8E71220F6E7B8
:10A4B00010B5002104460088F3F758FB20B1A11C19
:10A4C000BDE81040F8F71CBF022010BD08B5008899
:10A4D0000021F3F74BFB20B1BDE808400021F8F75D
:10A4E0000FBF022008BD37B505460C4600886946F7
:10A4F00000F03AFA28B92B882380019BB3F8C430C6
:10A50000638003B030BD2DE9F341438804460E4615
:10A51000BBB10088694600F027FA054668B9238870
:10A520003380019E06F17808B76962883946404653
:10A5300000F00BFAB369BB42F6D1284602B0BDE881
:10A54000F0811225F9E710B50C460021F3F70EFB58
:10A5500088B1022C11D804F00103C4F3400480F840
:10A56000153280F8144223B190F812323BB1FFF754
:10A570003BFA002010BD0220FCE71220FAE7184643
:10A58000F8E710B504460078FF280AD00121F3F758
:10A59000EDFA58B16378A27843EA0223C38400201D
:10A5A00010BDB4F80100F4F791FFF8E74220F7E797
:10A5B00008B50078003818BF0120F4F797FE002096
:10A5C00008BD10B50446F4F7B7FF6178C1F3400247
:10A5D00001F0010101F077FA002010BD0820F5F725
:10A5E00005BC01F0D8BB1220704710B5044604B971
:10A5F00010BD236898476468F9E703680BB90160E8
:10A6000070471A465B6813B18A42FAD170478A4292
:10A6100018BF5160704708B50020FEF73EFFF3F702
:10A620006DFBF5F74BFDF3F7ABFD20B140F20511E3
:10A630000120F2F779FE08BD08B5F4F703FE20B15A
:10A6400040F223110120F2F76FFEF7F7BBFB10B1C8
:10A650004FF49471F6E7BDE808400120FEF71DBFF6
:10A6600008B5FFF7E9FF01F07EFB20B140F23D1194
:10A670000120F2F759FE08BDFAF7F2BA0B46122292
:10A6800003F8032BD0F80920C1F80320427B1A718C
:10A69000704730B585B004460D46F6F719F980B31A
:10A6A0006FF4BC731C4402A92088ADF8000000F0D0
:10A6B0005BF918B12E217E20F2F736FE039B93F84A
:10A6C00064208DF80220022193F86520B3F86630EB
:10A6D0008DF803206846ADF80430FFF782FB08B11F
:10A6E0004421E8E78DF808009DF808308DF809004E
:10A6F000002063F307009DF8093063F30F2005B0D5
:10A7000030BD18232B70D4F80930C5F8033004236A
:10A710008DF80830E8E710B54468037894F896207F
:10A72000002104F1780000F02CF918B986217E2070
:10A73000F2F7FAFD202384F8963010BD10F00103E3
:10A7400005D1830705D410F0040318BF0823184669
:10A7500070470223FBE72DE9F84F0746084692466B
:10A76000884600F0D6FB8146404600F0D4FB834685
:10A77000FFF7E4FF05464846FFF7E0FF45EA00061D
:10A78000F6B2003E044618BF0126F5F743FB00EA87
:10A790000B00C3B2002B08BF0025F5F73BFB00EA16
:10A7A000090097F86830C0B2002808BF0024AB4207
:10A7B00008BF00258AF8005097F86930A34208BF07
:10A7C000002455EA04038AF801400CD1404600F009
:10A7D000A4FBB7F89030DB43184480B247F6FD7312
:10A7E000984288BF00263046BDE8F88FF8B5446827
:10A7F00004F1780794F8972005460E4601230B21B3
:10A80000384600F0BEF8014608B12020F8BD94F8A3
:10A8100097200123384600F0B4F8C8B394F8963076
:10A82000252BF2D0304600F068FB28B93146284687
:10A83000BDE8F84000F0FDBC737903F0070384F82D
:10A840006130337903F0070384F8603094F83D31C8
:10A8500093B994F83C31012B0ED094F8602094F811
:10A8600069309A4210D194F8612094F868309A4285
:10A870000AD1022384F83C312223284684F89730F9
:10A8800000F0A9FC0020C1E72846F5F70DFBF3E72F
:10A890000120BBE708B5436893F89720222A05D02A
:10A8A00022B140F28A317E20F2F73EFD232283F866
:10A8B000972008BD0A46437923B9016811B1007990
:10A8C000FAF752B97047F5F7F9BB704730B5424017
:10A8D0000C7818785D7844404878684004449D7846
:10A8E000887868400444DD78C878684004441D795D
:10A8F00008795B794979684004444B402344D3424A
:10A900000CBF0120002030BD024600200139C9B231
:10A91000FF2900D17047535C83F001030344D8B290
:10A92000F4E708B5F5F786FC082803D0BDE8084031
:10A93000F5F7A4BC08BD08B501F045FA18B1BDE8AB
:10A940000840F8F7CDBD082008BD10B500230C461F
:10A9500043644B1E42F21071A0F84C2001FB0232FE
:10A96000B2FBF4F2826410BD10B50C460021F3F77F
:10A97000FDF8606018B101232370002010BD022093
:10A98000FCE70C2939D8DFE801F0070B0E14161983
:10A990001C252A362C2E3400B2FA82F0400970476A
:10A9A000063A012A01E00A3A022A8CBF002001205F
:10A9B00070470D3AF5E7103A0C2AF6E7113A0B2AE0
:10A9C000F3E7A2F11003032B19D990F86000B8B196
:10A9D0001C2AEAE7042A14BF002001207047012A3C
:10A9E000F9E71D3AE0E7A2F12003062B07D92E2A4A
:10A9F000F1E7282AEFE70F2AEDE700207047012052
:10AA00007047F8B5D0E9047605460C46FBF7FEFF23
:10AA100020B94FF4E5712920F2F786FCF4B1D5E9AD
:10AA20000431DA1B61EB0603012A73F100014FF0D8
:10AA3000000115DB6FF00100904271EB030302DAB5
:10AA40004FF4EA71E7E7631E1344B3FBF4F35C438E
:10AA5000E41946F10006C5E904461C462046F8BD47
:10AA60000C46FBE711F00C0312D001F004010029A1
:10AA70000CBF4FF41673962303F5BC730CBF402232
:10AA80001022984212D9C01A90FBF2F080B270479F
:10AA9000022905D13C2809D93C38C0F38F00704702
:10AAA000702803D97038C0F3CF007047002070477A
:10AAB0000346086858667047012908B5024606D063
:10AAC00002290CD040F245212920F2F72DFC40F656
:10AAD000C41340F2E240002A18BF184608BD40F6F1
:10AAE000C410FBE7C3B293FAA3F3000A90FAA0F0F4
:10AAF0001B0E000E43EA002070470131F8B5C9B2C1
:10AB0000821D0023012512F8010B884216D312F88A
:10AB1000066C002405FA04F737421CBF01F1FF312F
:10AB2000C9B2E0B269B10134082CF3D10133DBB210
:10AB3000052BE8D199214620F2F7F6FB091AC9B294
:10AB4000F4E700EBC300C0B2F8BD0B6870B5C0F805
:10AB500001300B7903F01F03437100230446C372D5
:10AB6000451C861D15F8010B00F01BFB2871E37ACC
:10AB7000B5421844E072F5D170BD70B581EA11415B
:10AB800089B2C57A0446032682EA0100FFF7AAFFCC
:10AB9000013E00EB00100A1816F0FF0690B2F5D146
:10ABA00041402522B1FBF2F302FB1313C3F3C402AD
:10ABB0002244D8B2567803F00703012202FA03F3C5
:10ABC0001E4207D169432046C1F30741BDE87040EA
:10ABD000FFF793BF70BDF8B590F831506B1E242B72
:10ABE000044658D8002A58D090F8260018B10128F9
:10ABF00047D01F201AE094F8331094F8323002FB4B
:10AC000003132522B3FBF2F102FB1133DBB204EB99
:10AC1000D30284F8333092F82710012603F007029C
:10AC200006FA02F2114202D084F83430F8BDB3FBC8
:10AC3000F5F205FB12330133024604F12C01D8B2C0
:10AC400011F8013B834219D311F8067C002306FA60
:10AC500003FC1CEA070F1CBF00F1FF30C0B2DDB2DD
:10AC600020B905EBC20284F83420DFE70133082B5A
:10AC7000EDD10132D2B2052AE2D1BAE7C01AC0B290
:10AC8000F7E7228BC96904F12600FFF776FF84F805
:10AC900034000020CAE71220C8E71046C6E70B6858
:10ACA000C0F803308B88A0F8073070470B68C0F8F5
:10ACB00009308B88A0F80D3070470378890123F0A4
:10ACC000400301F040010B4303707047037803F029
:10ACD0007F0343EAC111017070471F2A38B505464A
:10ACE000144603D9BF212A20F2F71EFB093006348F
:10ACF000FDF770FC6C7038BD1F2A38B50546144648
:10AD000003D9E1212A20F2F70FFB09300634FDF7C1
:10AD100061FC6C7038BD30B5037803F00F03032B72
:10AD2000024640D0052B1FD1C37F90F8200003437B
:10AD300092F82100034392F82200034392F8230083
:10AD400020F01F0018432DD05378222B0CD1B2F8DD
:10AD50001930B2F81740907D41B1B3F5506F05D965
:10AD600040F607518B420ED900201BE0991F89B293
:10AD700040F67A45A942F7D8411E0729F4D8834204
:10AD8000F2D9A342F0D3B2F81B30B3F5FA7FEBD27D
:10AD9000B2F81D000A3880B240F6764398428CBF64
:10ADA0000020012030BD4078A0F10C0358425841EA
:10ADB000F8E7037801F0030123F003030B4303706A
:10ADC0007047007800F0030070471B2A08B504D9CB
:10ADD00040F252412A20F2F7A7FA4270BDE808403B
:10ADE0000330FDF7F7BBB0F807007047B0F8090073
:10ADF0007047B0F80B00704770B5B0F80730B0F886
:10AE00000950B0F805600479B0F80B0091B1B3F5C2
:10AE1000506F0FD940F60752934218D8B5F5FA7F14
:10AE200015D20A3880B240F6764398428CBF002093
:10AE3000012070BD9A1F92B240F67A418A4206D82C
:10AE4000621E072A03D89C4201D29E42E5E70020F9
:10AE5000EFE743680B60037A0B717047B0F80900A5
:10AE60007047007970470B6843604B688360704798
:10AE700043680B6083684B60704783890B80704721
:10AE8000D0F80E300B60D0F812304B607047D0F81D
:10AE900016300B607047FFF7E6BF0B68C360704762
:10AEA000007970470171090A417170478171090A7F
:10AEB000C17170470172090A417270478172090AB3
:10AEC000C172704780887047C0887047008970479A
:10AED0004089704703891A2B0DD94389B3F5A47FA4
:10AEE00009D383881A2B06D9C088B0F5A47F34BF54
:10AEF00000200120704700207047037913F00703FA
:10AF000005D0407910F0070018BF0120704718469F
:10AF100070470079704740797047C0887047027960
:10AF2000437902F0070203F00703511E0A40591E3D
:10AF30000B4013430CBF0120002070470171704784
:10AF4000007970474171704740797047FB2908B517
:10AF500004D940F2E5712A20F2F7E6F9417008BD04
:10AF6000406890F8123223B1002380F81232FEF7C5
:10AF70003BBD704708B5017A19B101290DD00020F9
:10AF800008BD0368C28802218088F5F74FFC0028BD
:10AF9000F6D1F5F7FBFD0120F2E70368C288F3E77D
:10AFA00002230B7001238B707047F5F7A3BC08B523
:10AFB000037A23B14FF41A711020F2F7B5F9BDE806
:10AFC0000840F5F70BBD0322FFF7F1BF0422FFF79E
:10AFD000EEBF30B4057A15B1027230BC704730BC98
:10AFE000F5F7FCBC0B46112203F8032BD0F809201F
:10AFF000C1F80320D0F80D205A60B0F811201A8152
:10B000007047012908B503D10E30C00080B208BDD9
:10B01000022902D10F308000F8E740F2CF1106205C
:10B02000F2F782F930B587B004460D46F5F758FCC3
:10B03000A0B300232372A4F5B37469462488204684
:10B04000FFF740F818B1D8212C20F2F76DF9BDF8C0
:10B050000630ADF80E30BDF80830ADF81030BDF850
:10B060000230ADF8123003A8BDF80430ADF80C4042
:10B07000ADF81430FFF704F808B1E121E4E78DF8EA
:10B080000C009DF80C308DF80D00002063F30700D4
:10B090009DF80D3063F30F2007B030BD2B4617220B
:10B0A00003F8032BD4F80920C5F80320D4F80D20A9
:10B0B0005A60B4F811201A8104238DF80C30E0E7AF
:10B0C00040687047C08A704710B58A880B89CC8861
:10B0D0004988A0F85010A0F85440A0F85220A0F8D9
:10B0E000563010BD8383BDF8003001834283C38393
:10B0F000704738B5C38B458C04469D42007A28BF03
:10B100001D46FFF77EFF6389AB4228BF2B4698425E
:10B1100038BF184680B238BDF8B50646808F17464E
:10B120000C46FFF76EFF2146054606F13000FFF79B
:10B13000E0FF854228BF05463946B6F84400FFF7D0
:10B1400060FFB6F846309842ADB228BF184615FAEF
:10B1500080F09C30F8BD38B50D46144690F8681064
:10B1600090F86920FFF7D8FF96342044A84294BF96
:10B17000281A002038BD38B50D4690F8692090F89F
:10B1800068100446FFF7C8FF2844606338BD0068B4
:10B1900001F19C02904283BF401A9C384008002075
:10B1A000704700F05503400800F05500184400F0C7
:10B1B0003303800800F03300184400F00F0303EB62
:10B1C000101070474368002283F8962083F8D2203D
:10B1D000A3F8CE20704743680022A3F8D42093F848
:10B1E000D620013283F8D620704708B5426892F81D
:10B1F000D630013B5BB2002B82F8D63003DA342123
:10B200004A20F2F791F808BD436883F8231183F8C8
:10B2100022217047A0F10A03042B08D9A0F12003D2
:10B22000062B04D9A0F12E03584258417047012043
:10B2300070474268D2F8883010B513F008040AD17C
:10B2400043F00803C2F88830CB7882F82031FFF74A
:10B25000C2FF204610BD0120FCE738B50C4605466C
:10B26000B1F85410FFF71EFEB4F82A112846FFF774
:10B270001DFEB4F850102846FFF71CFEB4F8281144
:10B280002846BDE83840FFF719BE37B530F8024C04
:10B290007CB100238DF804308DF805309DF8043022
:10B2A000002063F307009DF8053063F30F2003B01F
:10B2B00030BD30F8B05CA1F8035008230B708C70DF
:10B2C000437A4B7150F89C0CFDF7A0FF18B983210D
:10B2D0006320F2F729F82846F4F7FCFE21462846B9
:10B2E000F2F75AFC04238DF804308DF80540D5E7B9
:10B2F00038B54468037894F898200D4604F1780036
:10B300000121FFF73EFB38B92846FFF7AAFD0623C7
:10B3100084F8990084F89830002038BD10B544684E
:10B32000037894F89820012104F17800FFF729FBB5
:10B3300010B9072384F8983010BD0B46062210B5CB
:10B3400003F8032BA0F5D4720024D485D0F809208B
:10B35000C1F80320D0F80D205A60427C1A72CC70DC
:10B3600010BD10B54468037894F89620002104F1CC
:10B370007800FFF706FB18B924214520F1F7D4FF28
:10B380001D2384F8963010BD70B54568037895F894
:10B39000962086B006460C4605F178000A21FFF794
:10B3A000F0FA58B32046FFF795FD00B32046FFF7AB
:10B3B0008DFD05902046FFF785FD04902046FFF7A0
:10B3C00087FD03902046FFF77FFDDDE903320599F5
:10B3D000009005F13000FFF785FE7168284601F204
:10B3E0005311F5F7F7FB70680521F3F793FF002081
:10B3F00085F8D20085F8960006B070BD0120FBE705
:10B400004268D2F88830D90610B5044603D49A2190
:10B410004520F1F789FF990601D59B21F8E723F034
:10B420001003C2F88830FFF7E0FE60680521BDE830
:10B430001040F3F76FBF09230B70437A8B70A0F5B0
:10B44000F9731B88A1F80330037B4B7170470A2303
:10B450000B70437A8B70A0F5F9700388A1F8033064
:10B46000704707230B70A0F52F731B88A1F80330DA
:10B47000D0F80B30C1F80530D0F80F30C1F80930E2
:10B48000B0F81330A1F80D30704738B50446406865
:10B49000012390F8972000217830FFF772FA656851
:10B4A00060B995F897200123052105F17800FFF791
:10B4B00068FA002814BF0820012038BD95F89C00C8
:10B4C0000028FAD02046FFF786FE6368112283F831
:10B4D00097200020F1E770B5044640680D4690F8CB
:10B4E0009720012300217830FFF74BFA666870B986
:10B4F00096F89720132A0AD00123052106F1780037
:10B50000FFF73FFA002814BF0820012070BD96F80D
:10B51000D83013B92046FFF75EFE6168284601F572
:10B520000871FFF7ADFC6168284601F58C71FFF7E3
:10B53000AEFC61680B88A1F8C532284601F2C7212C
:10B54000FFF796FC6168284601F2CF21FFF795FCD2
:10B550006368152283F897200020D7E7436893F8A3
:10B560009720122A03BF1322002083F8972002207D
:10B57000704710B5436893F89730182B044607D1ED
:10B58000FFF733FE63681C2283F89720002010BD6C
:10B590000220FCE708B5436893F89720112A04D0ED
:10B5A0004FF4A8711F20F1F7BFFE012283F8D720C6
:10B5B000122283F8972008BD08B5436893F89720B6
:10B5C000162A04D04FF4B0711F20F1F7ADFE1822F7
:10B5D00083F8972008BD0B46052203F8032BD0F80B
:10B5E0000920C1F80320D0F80D205A60B0F81120CE
:10B5F0001A81C27C9A72704710B54468037894F837
:10B600009620002104F17800FFF7BBF918B9AA21B0
:10B610001C20F1F789FE042384F8963010BD42689F
:10B62000D2F8881008B5CB0703D4B7211C20F1F756
:10B630007BFE92F8D630013B5BB2002B82F8D6300D
:10B6400001DAB921F2E721F00101C2F8881008BD42
:10B650000C23A0F5A5700B7003884B80704710B5C4
:10B660004468037894F89620092104F17800FFF7E4
:10B6700088F930B1002384F8C63084F8D23084F8D9
:10B680009630002010BD38B54568D5F8883013F0E5
:10B69000040409D1FFF79FFDD5F8883043F0040377
:10B6A000C5F88830204638BD0120FCE74268D2F852
:10B6B000883023F00403C2F88830FFF796BD10B538
:10B6C0004468037894F89620002104F17800FFF78D
:10B6D00058F918B971214B20F1F726FE0F2384F891
:10B6E000963010BD01230B7000238B7030F8DA3CCC
:10B6F000A1F80330437A4B714389CB8083890B8156
:10B70000704738B5446894F8D95015F0020514D143
:10B71000037894F89620294604F17800FFF731F970
:10B7200018B975214020F1F7FFFD012384F8963008
:10B7300084F8D230A4F8CE5038BDD4F888209307CE
:10B740000DD594F8D630013B5BB2002B84F8D6308F
:10B7500001DA8721E6E722F00202C4F888200023FC
:10B7600084F84231E8E710B50B794C790A68012872
:10B7700043EA042108BF41F48031104610BD07B5EB
:10B78000FFF7F1FF0DF10702F5F74CFE03B05DF88E
:10B7900004FB0B46042203F8032BB0F80920A1F8A0
:10B7A0000320C27A9A7070470B46142203F8032BC9
:10B7B000D0F80920C1F80320D0F80D205A60704756
:10B7C00038B50B46102203F8032B0C4600F1090292
:10B7D000293052F8041B43F8041B8242F9D1127835
:10B7E0001A70A5880123A37100212846F2F7BEF93B
:10B7F00090B1E27862B10088F4F76CFC0021284631
:10B80000F2F7CAF940B140F242212D20F1F78CFD48
:10B81000BDE8384000F0BABA38BD0121F6F7C4B926
:10B82000FFF7FBBF90F87A300BB10120704790F81A
:10B83000B22002F0FF03002AF7D190F8A4201846A6
:10B84000704737B504460D464FF48C720021FCF763
:10B8500037FFFF2323701323638042F21073E384C6
:10B86000F2F792FA0022014620636846F2F7B8FA2E
:10B87000206B00220121FDF76AFE216B684604223D
:10B88000F2F7AEFA0022206B1146FDF760FE04F1DC
:10B890002800A57403B0BDE8304000F04CB9FF2388
:10B8A000086B0B70FDF720BE0078FF3818BF012031
:10B8B000704710B50446283000F093F961882822BB
:10B8C000BDE81040F6F730BCD0E902017047C07CFB
:10B8D000003818BF012070470B68C0F815308B88FE
:10B8E000A0F819300123C37670472DE9F04F0646C2
:10B8F0000D4607460FCE91B006AC0FC40FCE0FC455
:10B9000096E803000DF1100884E80300404600F0BB
:10B9100012F995F814906E7895F80AA095F800B091
:10B92000B9F1010F06F07F0607D0B9F1020F04D07C
:10B9300040F293210620F1F7F7FC697A404600F0C7
:10B9400001F92B7DAA7E022B08BF697D02F101025D
:10B9500006BF0131C9B20121D2B2404600F0F4F86D
:10B9600016F0080363D14046019300F03AF928220B
:10B970003146F6F7D9FB2A79EC78019B44EA022498
:10B980006A7940F2712144EA024400F2D6204C4325
:10B99000B0FBF1F04843A0420BD9EC79AA7942EA16
:10B9A00004222C7A42EA044201FB02F4A04200D8AD
:10B9B00004462A7E0393531E5A425A41A97C386B8F
:10B9C00002910192FDF74FFE386BFDF75CFE039B81
:10B9D000019A0299ADF81A6008948DF828208DF824
:10B9E0002B108DF82CA08DF818B08DF81C900993B1
:10B9F00006AE0FCE3C460FC40FCE0FC496E8030030
:10BA000084E8030098E80300B862B985EB7A13F084
:10BA1000FD0F14BF0123002387F85730EB68BB6587
:10BA20002B8AA7F85C30002011B0BDE8F08F00240D
:10BA30002346BEE7438813F0040F0CBF1F200020ED
:10BA400070470023C38543881D2B08BF0021417424
:10BA5000704790F912007047408800F0010070476D
:10BA60004088C0F3400070474088C0F3C000704772
:10BA700008B5006BFDF7EEFD012008BD0120704701
:10BA80000120704710B50446F6F73AFA28B120466F
:10BA90000021BDE81040F6F787B810BD90F850308F
:10BAA00001624B72D0F85130C1F80A30B0F855300D
:10BAB000CB81704700216830FEF7FCBEF5F7AEBDC4
:10BAC00080F87010704780F8241080F825207047A7
:10BAD000C0F34002C0F38003134400F00100184497
:10BAE0007047022808B507D0042807D0012807D0DE
:10BAF00039212E20F1F718FC262008BD2720FCE76D
:10BB00002520FAE7837813F0010202D0C178C90733
:10BB10000DD5990702D5C27892070AD513F0040211
:10BB200005D0C37813F0040F14BF0022042210467E
:10BB300070470222FBE70023C0F802300123437064
:10BB4000037070478170704710B542700170807843
:10BB50001446FFF7BDFF10FB01F004FB00F2FE2AC4
:10BB600003DD5C212E20F1F7DFFB10BD0023C37045
:10BB700043710371704710B50446FFF7C3FF637943
:10BB800062780133DBB29A4263710FD1E378A17816
:10BB90000343DBB29942E37008BF23794FF0000200
:10BBA00008BF0133627104BFE2702371BDE8104029
:10BBB000FFF797BF38B501468078FFF789FF044645
:10BBC000C8784D78FFF784FF0B790A78D21A12FBF8
:10BBD00005F212FB04F34A799B1A00FB1530C0B240
:10BBE00038BD08B501468078FFF772FF4B780A78B8
:10BBF00013FB02F313FB00F0C0B208BD40F2EF20CC
:10BC0000704740F25A335843704713B50346104605
:10BC100052680E3B0C4692F89610092B42D8DFE88A
:10BC200003F005414141104118414128042905D143
:10BC30000190FFF7C7FA0198F5F724FB002002B046
:10BC400010BD0F29FAD1002102B0BDE81040FFF766
:10BC500006BD1D29F2D10190FFF7B4FA0198002C1E
:10BC6000ECD0426892F8E83023F0200382F8E83004
:10BC7000E4E792F89730232BE0D1002482F8974034
:10BC80000190FFF7B2FA0198436893F83C31012B19
:10BC900003D12146F4F7E0F801984368002283F8C5
:10BCA0003C21CBE74FF413713120F1F73DFB08B590
:10BCB000436893F89720162A04D040F2D4413120EB
:10BCC000F1F732FB1A2283F8972008BD08B54368C4
:10BCD00093F89720312A06D1002283F89720BDE8F7
:10BCE0000840FFF782BA162A03D11A2283F8972058
:10BCF00008BD40F2E9413120F1F716FB37B5426843
:10BD000092F8E83043F0040382F8E830044608462D
:10BD10000D46FFF719F901902846FFF711F901992F
:10BD2000224603B0BDE83040F6F740BB38B50C46BC
:10BD30000546D1E90401F1F7CDFF94F894022028DB
:10BD40000BD0FBF7C9FE94F89402FAF72BFE20B94A
:10BD500040F674013120F1F7E7FA28460221BDE8E8
:10BD60003840F1F719BF00207047F4F7E9BFF2F748
:10BD700041BB90F813320022A0F8962080F89A2058
:10BD800013B10221F3F7C6BA0321FBE70C2100F53A
:10BD90000A70F1F767BCF5F747B842680023A2F8CC
:10BDA000443182F84631A2F8473182F84931704770
:10BDB00008B5F7F755FEF7F7A9FCF7F719FBBDE84B
:10BDC0000840F7F7A1BB08B5C821F7F76FFB0228B9
:10BDD00007D1013911F0FF01F7D1FA213B20F1F72A
:10BDE000A3FA431E5842584108BD10B50446084600
:10BDF000F8F778FB4FF47A73B0FBF3F0201A10BD1C
:10BE000010B504460846F8F76DFB023C4FF47A7310
:10BE100000F2E730B0FBF3F0201A10BDF8F7CEBC0B
:10BE200070B5841A04F307040E4660B259B2154681
:10BE3000F8F7B4FC002330702844737040B270BD32
:10BE4000002303607047002070474FF0FF307047B9
:10BE50004FF0FF30704770477047002070474FF039
:10BE6000FF307047002070470020704700230370A8
:10BE700070470022FFF7D4BF002070474FF0FF301B
:10BE800070474FF0FF3070474FF0FF30704738B5C4
:10BE9000054691F827000C46FAF784FD18B9D3211E
:10BEA0006A20FCF74FF80023A38484F82630092188
:10BEB000236A2846984718B103780BB1D721EFE7DA
:10BEC00038BD426808B5034611441A785960012A02
:10BED000A1F1500006D1FBF729FC40B9B7216A2037
:10BEE000FCF730F8FBF722FC08B9BC21F7E708BDE6
:10BEF000F8B504460E4619B9012384F829303CE010
:10BF00000D78032DF8D8DFE805F03A0212154868DD
:10BF1000C72802D800252846F8BD0421FBF7B2FC4B
:10BF20000028F7D171682046FFF7CBFFF3E7F8F759
:10BF3000B1FCF0E790F82470FFB94D682846F8F797
:10BF40007DFC0028D8D02978D9B9012222702B791C
:10BF50002181003B18BF0123E3726B79002B0CBFDA
:10BF600002230423A372AB6860336360EB68236130
:10BF7000032384F8263084F82520F8F78BFC02256B
:10BF8000C9E794F82630052B04D040F277116A20D7
:10BF9000FBF7D8FF27702B7994F827002781003B07
:10BFA00018BF0123E3726B79002B0CBF022304231B
:10BFB000A372EB68A96860336360D4E906325B184A
:10BFC00042EBE172C4E90432042384F826302146AE
:10BFD000FAF732FE0028D0D140F27911D7E770B5D8
:10BFE0000D46044620B940F291116A20FBF7AAFFE2
:10BFF00090F82860082900F2F080DFE811F0EB00EB
:10C000000900410041007C0086009000A9009700D3
:10C0100090F82630033B012B02D94FF4CE71E4E7B0
:10C02000052390F8241080F82630002380F829306A
:10C0300011BBFFF746FF2378012B18D194F8270096
:10C04000FAF7CEFCC4E90601236A0021304698477E
:10C0500001462046FFF74CFF022820D0002800F0C0
:10C06000BF80012840F0BF80236A0421EEE7D4E9B5
:10C070000423C4E90623E7E7BDE87040F8F70ABCEB
:10C0800090F82630DA1E012A02D94FF4DD71ACE7B0
:10C0900090F8242072B101463046FFF7F8FE002DDB
:10C0A00040F0A48000F054F9002800F09F8040F296
:10C0B0002E219AE7042B0CBF02230123022980F8CA
:10C0C0002630036A0CD1052130469847002800F03D
:10C0D0008D800378002B00F0898040F2CF1184E737
:10C0E0000621304698470028D9D00378002BD6D0B7
:10C0F0004FF4EA7179E790F82630052B02D040F230
:10C10000DB1172E7036A0221A0E790F82630052BC5
:10C1100002D040F2E11168E7036A012196E790F846
:10C120002630052BA8D040F2E7115EE790F82630C4
:10C13000052B02D04FF4F67157E7036A0A21304607
:10C14000984701462046FFF7D3FE40F2EF114CE737
:10C1500090F82630052B07D090F825200AB1032B44
:10C1600002D040F2F31140E794F824202AB121468E
:10C170003046BDE87040FFF78ABE94F8293073B1AD
:10C18000022384F8263084F82920236A08213046C7
:10C19000984758B303784BB340F2FF1125E794F862
:10C1A000252052B194F8270084F825302146FAF76B
:10C1B00043FDD8B94FF4017117E7022384F8263004
:10C1C0000721236A3046984780B1037873B140F263
:10C1D0000B210AE74FF4047107E74FF4057104E7F8
:10C1E000236A032132E740F22521FEE670BD70B5D7
:10C1F000F8F79CFB002405462646E0B2854200D8AD
:10C2000070BDF8F799FB0134868480F82660F4E766
:10C21000F8B504460D46F8F789FB00270646F8B244
:10C22000864204D8082D0CD96FF0150008E0F8F705
:10C2300083FB90F826300137002BF0D04FF0FF3011
:10C24000F8BD2CB129462046BDE8F840F8F782BB7E
:10C2500021462046F8E738B50546F8F76DFB01465C
:10C2600088B190F824408CB990F8263073B1013B26
:10C27000012B04D82846FFF70AFE204638BD0123CB
:10C2800080F82430F9E76FF00100F7E76FF0220043
:10C29000F4E770B50D46F8F74FFB044600284AD086
:10C2A00090F82660731E012B4BD8002D46D02846EF
:10C2B000F8F7C4FA002841D02A7802BB0123237082
:10C2C0002B792281003B18BF0123E3726B79002B8D
:10C2D0000CBF02230423A372AB6860336360EB6876
:10C2E0002361032394F8270084F826302146FAF7C7
:10C2F000A3FC48BB4FF42B716A20FBF723FE022EF0
:10C300001FD1002222702B7922819B1A18BF012392
:10C31000E3726B79934218BF0426A672EB68A96892
:10C3200060336360D4E906325B1842EBE172C4E922
:10C3300004320423D6E76FF0010070BD6FF01500E2
:10C34000FBE76FF02200F8E70020F6E7F9F76AB89C
:10C3500008B50020F9F776F90068003818BF012009
:10C3600008BD08B500F0B0F828B14FF080430222B4
:10C37000C3F8342C08BD00F089F80028F5D100F08E
:10C380009AF80028F1D1F5E74FF0804301221A60B6
:10C3900070474FF08043D3F8080400F00100704765
:10C3A0004FF08043D3F8140400F0010070474FF0C1
:10C3B0008043D3F81C0400F0030070474FF0804224
:10C3C000D2F81834D2F8182413F4803305D002F0D0
:10C3D00003031B1A5842584170471846704707B567
:10C3E0006846F8F717FFDDE900024FF0807300217F
:10C3F000E2FB030103B05DF804FB08B5F8F7F4FEB7
:10C40000BDE80840F8F7DABE00230370184670470D
:10C41000EFF3108272B603780121DBB2017002B92A
:10C4200062B6012B0CBF6FF0220000207047EFF3C3
:10C43000108372B60022027003B962B60020704702
:10C44000FBF77CBF4FF08053D3F83001A0F10F030E
:10C450005842584170474FF08053D3F83001A0F153
:10C460000A035842584170474FF08053D3F83001C7
:10C47000A0F10E035842584170474FF08053D3F853
:10C480003001A0F110035842584170474FF08053DB
:10C49000D3F83001062803D0431C58425841704756
:10C4A000012070474FF08053D3F83001A0F10D0305
:10C4B0005842584170474FF08053D3F83001A0F1F3
:10C4C000080358425841704708B5FFF7C4FF30B120
:10C4D0004FF08053D3F83401B0FA80F0400908BD22
:10C4E00008B5FFF7D3FF48B14FF08053D3F83401BC
:10C4F000063810F1080F94BF0020012008BD08B5D0
:10C50000FFF7C4FF48B14FF08053D3F83401063829
:10C5100010F1080F8CBF0020012008BDFBF750BFB1
:10C52000FBF74EBF00280CBF6FF0150000207047CE
:10C5300000207047072303700020704700207047D9
:10C5400000207047034613F8012B002AFBD1181A6C
:10C55000013870470000000000B583B09FED0A7BF2
:10C560008DED007B082903D9002003B05DF804FBA2
:10C570000A460146684620F050F9DDE900011EF048
:10C58000C6FBF2E7AFF300800000000000000000EF
:10C5900030B589B004460C9D0020C4F8F800C4F8FA
:10C5A000FC0004F58070C4F80001C4F8040104F52F
:10C5B0008470C4F80801C4F80C011DB3287918BBB5
:10C5C0000120C4F810019FED127B8DED067B002049
:10C5D000049003930290019000940F4B20461FF0AB
:10C5E0007BFC55B1296811B1204613F04BFF6B79E4
:10C5F0001BB1237B43F00103237320461FF05CFC37
:10C6000009B030BD0120DCE740F20110D9E700BFDE
:10C61000FFFFFFFFFFFFFFFF01030300000000001B
:10C6200010B582B00446002304320ED27BB99FEDD0
:10C630000A7B8DED007B41F0040120461FF04DF890
:10C6400008B140F8044B02B010BD0123EEE7002012
:10C65000F9E700BFAFF30080000000000000000019
:10C6600000B583B011488368DB683B219847C0B9A7
:10C670000E4883681B696A460C21984798B9009A4E
:10C68000019B0B4981FB0301D817C0EB213002EB62
:10C69000820303EB830300EB830000B203B05DF879
:10C6A00004FB0448FAE70348F8E700BFF8CD0300AD
:10C6B000AD8BDB680080FFFF08B50521014816F04F
:10C6C00059FB08BD80CD030008B50521034816F0CD
:10C6D00051FB003818BF012008BD00BF80CD03000A
:10C6E000014B00221A807047A449002010B5104B5E
:10C6F0001C7816F07AFB30B90E4B1B789BB1012CDD
:10C7000013D0002010E00B4B1B780BB900200BE07E
:10C7100004F054FA28B9012C01D0002004E00120D3
:10C7200002E0012000E0002010BD0120FCE700BF76
:10C73000AF490020B2490020F0B583B003F090FE6D
:10C74000044603F093FE054640F63B739C4202DC30
:10C75000502800D95025084B1E78F6B2074B1F7899
:10C76000FFB2FFF7C3FF009023462A463946304602
:10C7700004F028F903B0F0BDB2490020B14900200F
:10C7800010B500240A4B1C70FFF7AAFF04F0C8F98B
:10C79000204602F013FD074C207802F0FDFC16F055
:10C7A0002BFB2278044B1A70FFF7C6FF10BD00BFA9
:10C7B000B1490020B2490020A408002008B5064B6A
:10C7C0001B7813B902F0B6FC10B103F059FD08BD97
:10C7D00003F092FDFBE700BFB149002070B582B0C5
:10C7E00003F03EFE03F042FE05460F4B1C78E4B218
:10C7F0001B7833B90D4B1B7803F0FF0613B90026E5
:10C8000000E00026FFF772FF14B95EB1022201E0DA
:10C810000122002600902B463146204602F0A8FF58
:10C8200002B070BD0022F5E7B2490020B1490020F6
:10C830002DE9F04182B000AF0C46054600283CD1FE
:10C84000894B1B78DBB2AB423BD0874B1B78DBB20A
:10C85000AB420CD0844B1D701B78002B38D004F0F9
:10C860005FF903F0FDFD804B197804F067F97F4B09
:10C870001B78DBB2A3424BD07C4B1C701B78002B87
:10C8800038D07B4B02221A700021084603F054FC7A
:10C89000044610BB2021022003F04EFC044610BBCE
:10C8A0008021012003F048FC044688B30123714A2B
:10C8B0001946714817F0CBFD96E0FFF711FF0024F1
:10C8C000BEE76A4B1B78DBB2A342BED100248BE0EB
:10C8D000FFF706FF04F024F9C3E7684A0121664820
:10C8E00017F0ABFD80E00223624A0121624817F095
:10C8F000AEFD79E00021022003F01EFC0446002872
:10C9000077D10021012003F017FC0446002877D1DD
:10C91000554B1B78002B00F08580544B1B78002B67
:10C9200075D1534B01221A70504B1B78002B00F02D
:10C9300091804F4B93F800804B4B1E78F6B24B4BD7
:10C940001C78E4B204F03AF96D468AB06B4613F1F4
:10C95000100200F082804FF0180CA2B16146BCF1C9
:10C96000040F03DDDFF820E1C3F814E0082901DD3E
:10C97000C3F818800C2900DDDE61102900DD1C627F
:10C98000142900DD5862BCF1170F69DD18243AB193
:10C990000621397100217971B971F97178681861CE
:10C9A00000216FF300016FF341016FF382016FF318
:10C9B000C501032363F38811C4F30A0363F353210E
:10C9C0006FF31F5100232C4805F0D4F9AD46274BD7
:10C9D000187802F0F3FB244B187802F0DDFBFFF728
:10C9E000EDFEFFF7FBFE002420460837BD46BDE8FC
:10C9F000F0810223224A01211F4817F028FDF3E7A6
:10CA000001231F4A19461C4817F021FDECE71D4A77
:10CA10000221194817F011FD144B00221A7016F06C
:10CA2000EBF97EE7114B1B781BB1114B02221A70F8
:10CA30007AE70F4B1B78032B08D00C4B1B78002B8D
:10CA40007FF472AF0A4B00221A706DE7084B002288
:10CA50001A7069E7FFF770FE6BE76FF0004C7CE738
:10CA60006FF01B0493E700BFB2490020B1490020DA
:10CA7000A408002094D6030084D0030068D60300E5
:10CA8000B8D60300E0D6030004D703002DE9F04335
:10CA900083B000AF02F086FB022850D0032851D0AB
:10CAA000012848D100240125A846A6466E468AB032
:10CAB0006B4613F1100248D01421A2B18C46042910
:10CAC00003DDDFF89890C3F81490BCF1080F00DD87
:10CAD0009861BCF10C0F01DDC3F81C80BCF1100F94
:10CAE00001DDC3F820E0132932DD4FF0140C3AB118
:10CAF0000521397100217971B971F971786818616E
:10CB000000216FF300016FF341016FF382016FF3B6
:10CB1000C501032363F38811CCF30A0C6CF3532192
:10CB20006FF31F5100230C4805F024F9B546214648
:10CB30002846FFF77DFE0C37BD46BDE8F083002494
:10CB40002546B1E701240025AEE76FF00041B4E7C8
:10CB50006FF01B0CCBE700BF84D003003CD7030071
:10CB600070B5044616F05EF90646FFF7A5FD0546CA
:10CB700005211E4816F0FEF8002C35D00346002D86
:10CB800024DBEDB22570002B22DBDBB26370FFF7F4
:10CB90009BFDF8B10123A370F6B10123E370144BA0
:10CBA0001B78DBB101232371124B1B78C3B1012326
:10CBB0006371BFF35B8F104B1B68BFF35B8F0F4A32
:10CBC0001278A271FF2B0DDCDBB20CE00025D9E757
:10CBD0000023DBE70023DEE70023DFE70023E2E7B3
:10CBE0000023E5E7FF23E37170BD00BF80CD0300A4
:10CBF000B0490020B2490020E8370020AF490020AA
:10CC000010B582B0FFF72CFD041E23DB194B83FB0C
:10CC10000423E217C2EB631213B2642101FB124238
:10CC200012B20092144A0321144817F01BFCA4B25C
:10CC300040F6F6139C4213D8FFF752FD104B1878BC
:10CC40000021FFF7F5FDFFF7B9FD0E4B1B7873B11F
:10CC500002B010BD0C4A0321084817F0EEFBE6E7CE
:10CC6000074B1878074B1978FFF7E2FDEBE7FFF762
:10CC700063FDEDE71F85EB5168D7030084D0030007
:10CC8000B2490020B149002094D7030008B50E4BEB
:10CC90001B7803B108BD05230C4A03210C4817F08B
:10CCA000D6FB16F040FAFFF789FD03F0DFF900210B
:10CCB000022003F041FA0021012003F03DFA052192
:10CCC000002003F039FAE5E7B1490020B0D70300AE
:10CCD00084D00300F0B583B000AFFFF701FD2A4B0D
:10CCE0001B78002B47D016F0B7F8284B1B78DCB226
:10CCF000254B1B78D8B2264B1D788AB06B4613F1B2
:10CD000010023BD0142182B18C46042901DD214E52
:10CD10005E61BCF1080F00DD9C61BCF10C0F00DD11
:10CD2000D861BCF1100F00DD1D62132929DD4FF021
:10CD3000140C3AB10521397100217971B971F97179
:10CD40007868186100216FF300016FF341016FF300
:10CD500082016FF3C501032363F38811CCF30A0C3E
:10CD60006CF353216FF31F5100230B4805F002F8B9
:10CD70000C37BD46F0BDFFF7DFFCB6E76FF00041B2
:10CD8000C1E76FF01B0CD4E7B1490020B249002085
:10CD9000A4080020DCD7030084D003002DE9F04F65
:10CDA00097B00CAF3861F960FFF786FCB8610521D8
:10CDB000764815F0DFFF7861FFF786FC044603F044
:10CDC0004FFBF86102F04EF9714B93F80080714B04
:10CDD0001D78EDB2704B93F80090BFF35B8F6F4BF3
:10CDE0001B68BB60BFF35B8F6D4B93F800B06D4B5E
:10CDF00093F800A0FFF77AFC78606E46002387F86E
:10CE00002430022387F8253096B00CA911F11002C6
:10CE10004DD04FF0420C22B1BCF1040F01DD624B4A
:10CE20004B61002387F82030022387F82130002A45
:10CE30004CD06346BCF1080F01DD386988610C2BCA
:10CE400001DDB869C861102B01DD78690862142B17
:10CE500000DD4C62182B01DDF86888621C2B03DDB5
:10CE60004FF0000EC1F82CE0202B01DDC1F830801E
:10CE7000242B00DD4D63282B01DDC1F838902C2BCD
:10CE800001DDB868C863302B01DDC1F840B0342B38
:10CE900001DDC1F844A0382B01DD786888643C2BA3
:10CEA00001DDFB69CB6401F1500300200CE06FF061
:10CEB000004CB0E700F1080507F1200E754415F8A5
:10CEC000085C03F8015B01300128F3D9BCF1410F84
:10CED00058DD422362B1102087F82400002087F833
:10CEE000250087F82600012087F82700786A086166
:10CEF00000216FF300016FF341016FF382016FF3C3
:10CF0000C501032060F38811C3F30A0363F35321BF
:10CF10006FF31F510023254804F02CFFB5461C4B2E
:10CF20001E781C4B1D78EDB21B4B93F80080BFF3AD
:10CF30005B8F1A4BD3F80090BFF35B8F184B93F8BD
:10CF400000A0184B93F800B0FFF7D0FBFB690A93E1
:10CF50000990CDF820B0CDF81CA0CDF81890CDF8F0
:10CF600014800495039600230293FB6801930094B8
:10CF70007B69BA6939690E4802F0ACFC2C37BD46B2
:10CF8000BDE8F08F6FF01B03A4E700BF80CD030066
:10CF9000B0490020B2490020AF490020E837002006
:10CFA000AE490020AD49002008D8030084D003001A
:10CFB0008CD803002DE9F04F83B000AFFFF750FB92
:10CFC0000446434B93F800805FFA88F8414B1E7883
:10CFD000F6B2414B93F800A003F042FA03F046FA90
:10CFE0000546FFF783FB002C68DB3C4A82FB0432DA
:10CFF000E317C3EB62130FFA83FC642202FB1344B2
:10D0000024B2E9468EB0694611F110025AD04FF0B1
:10D01000280E1AB37346BEF1040F03DDDFF8C8B063
:10D02000C1F814B0082B01DDC1F818800C2B00DD0D
:10D03000CE61102B01DDC1F820A0142B00DD4D6264
:10D04000182B00DD88621C2B01DDC1F82CC0202BC1
:10D0500000DD0C63242B01DD00234B63BEF1270FA1
:10D0600033DD28233AB10A20387100207871B87175
:10D07000F8717868086100216FF300016FF34101D6
:10D080006FF382016FF3C501032060F38811C3F3CE
:10D090000A0363F353216FF31F510023104804F078
:10D0A00069FECD46FFF79AFB15F0BCFE01460D4820
:10D0B000FFF774FE0C37BD46BDE8F08F4FF0000C53
:10D0C00064469EE76FF0004EA3E76FF01B03C9E7CD
:10D0D000B2490020B1490020A40800201F85EB516F
:10D0E00084D0030044D90300F0D80300064BBFF3FB
:10D0F0005B8F53E8001F013143E80012002AF8D18A
:10D10000BFF35B8F704700BFE8370020F0B583B0F6
:10D1100000AF044603F0AAF90546042805D940F6F5
:10D1200019639C4213DC012600E00126354B197877
:10D13000204603F003FD2EB1334B1B784BB9314B26
:10D140001B7833B1FFF74AFB0C37BD46F0BD002614
:10D15000ECE7204603F0AEF96E468AB06B4613F159
:10D16000100240D0142192B18C46042903DDDFF86F
:10D17000A0E0C3F814E0BCF1080F00DD9C61BCF135
:10D180000C0F00DDDD61BCF1100F00DD186213290A
:10D190002CDD14243AB10521397100217971B9715E
:10D1A000F9717868186100216FF300016FF3410194
:10D1B0006FF382016FF3C501022363F38811C4F397
:10D1C0000A0363F353216FF31F5100230F4804F048
:10D1D000D1FDB5460C4B1B785BB10A4B187800218A
:10D1E000FFF726FBB0E76FF00041BCE76FF01B04D0
:10D1F000D0E703F081F801F09DFF0028A4D1FFF7EC
:10D200009BFAA1E7B2490020B149002084D0030075
:10D210004CD9030070B50446134B1E8815F0E5FD8C
:10D22000F8B9054640F6F6139C4211DD0F4B1B780A
:10D2300003F0FF047BB901F083FF054670B10C4B8E
:10D240001A881644B6B21E80772E0BD8254609E000
:10D25000FFF746FA06E0FFF743FA03E0FFF740FA6C
:10D2600000E00025284670BDA0080020B24900203B
:10D27000A449002010B584B056488368DB683B2180
:10D280009847002856D1534883681B6902AA0C218D
:10D290009847034600286CD1029B039C4E4A82FBB0
:10D2A0000412E417C4EB223403EB830303EB830380
:10D2B00004EB830424B2494B83FB0423E217C2EB43
:10D2C000631213B2642101FB124212B20092444A6B
:10D2D0000321444817F0C6F815F087FD38B940F629
:10D2E000F6139C4263DC40F691139C426ADD3E4B90
:10D2F0001B7813B901F01EFF10B1204602F0DAF9D5
:10D300003A4B18884FF47A7303FB00F0410CC003CA
:10D3100040F2E733C0184FF47A724FF0000341F146
:10D320000001EFF7EDFB02460B46314813F0A2F87F
:10D3300004B010BD03462F4A01212A4817F087F890
:10D340002A4B18884FF47A7303FB00F0410CC0039A
:10D3500040F2E733C0184FF47A724FF0000341F106
:10D360000001EFF7CDFB02460B46214813F082F88F
:10D37000DEE7214A01211B4817F069F81B4B18888A
:10D380004FF47A7303FB00F0410CC00340F2E73323
:10D39000C0184FF47A724FF0000341F10001EFF72B
:10D3A000AFFB02460B46124813F064F8C0E7204674
:10D3B000FFF730FF00289AD0104B18780121FFF7B3
:10D3C00037FA94E7FFF78CF90C4B18780021FFF738
:10D3D0002FFA8CE7F8CD0300AD8BDB681F85EB518E
:10D3E0000CDA030084D00300B1490020A00800201B
:10D3F00050190020A8D90300DCD90300B24900204D
:10D400002DE9F04F89B004AFA94B0022BFF35B8F29
:10D4100053E8009F43E800210029F9D1BFF35B8F57
:10D42000FFF752F90646A34B93F80080B8F1010FBD
:10D4300014BF4FF0000B4FF0010B9F4B1C78E4B270
:10D4400003F00EF8054615F0D0FC786000287ED178
:10D45000994B1978284603F071FBB9F1010F40F29E
:10D4600041810124934B1C700023944A1370944A09
:10D470001370944B1C708F4B93F800C0C44556D06A
:10D48000A246EB468CB004AB13F1100200F072819F
:10D490002020E2B10146042803DDDFF840E2C3F8B2
:10D4A00014E0082901DDC3F818800C2901DDC3F858
:10D4B0001CC0102901DDC3F82090142900DD5E6234
:10D4C000182901DDC3F828A01C2900DDDD621F2812
:10D4D00040F353814FF0200C3AB1082139730021F9
:10D4E0007973B973F973F868186100216FF300015B
:10D4F0006FF341016FF382016FF3C501032363F3FF
:10D500008811CCF30A0363F353216FF31F510023F7
:10D510006D4804F02FFCDD46664B1A780295CDF875
:10D5200004A000964B464146684802F0D3F9624B8E
:10D530001B78DBB2A34200F02381002C00F0348181
:10D54000634B1B78002B40F0288162482DE103F0EB
:10D5500035FB8046584B1978284603F0EFFA04460D
:10D56000B9F1010F66D9534B01221A700023534AB7
:10D570001370534A1370A04500F089804D4B1B78FF
:10D58000012B14BF4FF0000C4FF0010C4A4B1B78DD
:10D59000DEB2E8468AB004AB13F1100200F08180DD
:10D5A00018209AB10146042803DDDFF834E1C3F8FE
:10D5B00014E0082900DD9C610C2901DDC3F81CC0C2
:10D5C000102900DD1D62142900DD5E6217286BDD65
:10D5D00018263AB10621397300217973B973F973AA
:10D5E000F868186100216FF300016FF341016FF3D8
:10D5F00082016FF3C501032363F38811C6F30A06A2
:10D6000066F353216FF31F5100232F4804F0B2FB40
:10D61000C546294B1B78274A127800932B46012ACE
:10D6200014BF0022012221462B4802F053F9FFF7D4
:10D63000D5F8C8E0B9F1000F03D01E4B1B78012BC1
:10D6400091D08EB11E4B00221A701C4B1B78FF2B01
:10D6500002D00133194A1370184B1B78022B8AD958
:10D66000144B02221A7086E7144B00221A70144BD6
:10D670001B78FF2B02D00133114A1370104B1B781B
:10D68000022B7FF678AF0B4B00221A7073E7094B21
:10D690001B78012B14BF002301235B457FF46EAF81
:10D6A00091E06FF000407CE76FF01B0691E700BF50
:10D6B000E8370020AF490020B2490020AE490020E1
:10D6C000AD490020B049002084D00300DCDA03001B
:10D6D000B149002024DA030070DA0300A0DA030065
:10D6E00038DA0300B9F1000F04D0394B1B78012B55
:10D6F0003FF4B7AE36B3374B00221A70364B1B7867
:10D70000FF2B02D00133344A1370314B1B78012BAD
:10D710000CD0314B1B78022B7FF6ADAE2C4B022286
:10D720001A702E4B01221A703446A4E62B4B0122AC
:10D730001A70294B1B78022B1AD9254B02221A701A
:10D74000344698E6244B00221A70224B1B78FF2B9C
:10D7500002D001331F4A13701E4B1B78022B7FF639
:10D760008AAE00231A4A13701C4A1370344682E6AC
:10D77000344680E66FF000408BE66FF01B0CABE6A2
:10D7800024B1174B1B78002B7FF4D7AE104B1B78BE
:10D79000984518D0FFF722F815E0124A02211248E6
:10D7A00016F04BFE114800E011482146FFF7F6FA4B
:10D7B0002CB90B4B1B7803F0FF0203B17A60796838
:10D7C0002046FFF735F81437BD46BDE8F08F00BF9F
:10D7D000AF490020AD490020AE490020B0490020EB
:10D7E000B14900200CDB030084D0030024DA0300DD
:10D7F0002CDA030010B515F015FB0446FFF700FE08
:10D800000C4A13780133DBB21370042B03D80A4B94
:10D810001B7843B110BD134600221A7021460748F9
:10D82000FFF7BCFAF3E701F085FC0028F2D1FEF720
:10D8300083FFEFE7AC490020B149002038DB03004B
:10D8400008B5034600B901230D4A13800D4A5268FA
:10D85000AAB14FF47A7202FB03F3590CDB0340F2D6
:10D86000E73298184FF47A724FF0000341F100014B
:10D87000EFF746F902460B46024812F0FBFD08BDE1
:10D88000A008002050190020F0B583B0B449B54875
:10D8900016F076F8B4481DF0E0FE002800F09780FE
:10D8A0004FF420220A21B04815F025FA044600283A
:10D8B00040F09580AD4816F063F84FF4202208211F
:10D8C000A94815F018FA00F0B1FD0446002840F010
:10D8D0008F80A74801F0EEFC03F068F8A549A64840
:10D8E0001EF033FA00F0CAFDA44802F04BFD0346D7
:10D8F000002840F0848002F0A7FD0346002840F095
:10D90000848001220821984815F054FA0446002822
:10D9100040F0818040F6CD40002113F06BF902F019
:10D92000D3FA034600287CD102F056FC03460028B7
:10D930007DD14FF48031924815F005FA0446002855
:10D940007BD19049904B4B6020238B60864815F02B
:10D950003EFA0446002876D115F064FA8B4B187015
:10D9600019788B4A11701B78002B72D00223894AD8
:10D970001370894B0022BFF35B8F53E8001F43E80D
:10D9800000200028F9D1BFF35B8F804B1B78002B60
:10D9900061D00323814A13707C4B1B78002B5CD031
:10D9A00000237F4A1370794B19787E48FFF7F6F908
:10D9B0004FF0E86205216C4815F085F9044600280F
:10D9C0004DD0794A0121794816F037FD0DE0784AAB
:10D9D0000121764816F031FD4FF0FF3405E0034693
:10D9E000744A0121714816F032FD204603B0F0BDA3
:10D9F0000346714A01216D4816F029FDF5E76F4A8B
:10DA000001216A4816F023FD75E76D4A0121674838
:10DA100016F01DFD75E76B4A0121644816F00DFDF7
:10DA2000E3E7694A0121614816F011FD7CE7674A86
:10DA300001215E4816F00BFD7BE7654A01215B483A
:10DA400016F0FBFCD1E7634A0121584816F0F5FCBB
:10DA5000CBE700238BE700239CE70323A1E702F039
:10DA600099FA034668BBFEF78BFEFEF7A7FE5A4BFA
:10DA70001B884FF47A7202FB03F30024590CDB037A
:10DA800040F2E73298184FF47A724FF0000341F1F8
:10DA90000001EFF735F802460B46374812F0EAFC72
:10DAA000424D4E4A0321284616F0C7FC4C4A03213A
:10DAB000284616F0C2FCFFF79DFE2646254627465F
:10DAC0001FE0484A0121394816F0C1FCCBE7FFF7B7
:10DAD00091FE002720E000260135EDB21D2D05D96D
:10DAE000414B1B7823B315F0B7F90025013401F041
:10DAF0005FFB08B1A04224D94FF40040002113F08D
:10DB000079F801220A21184815F054F900F07CFC3C
:10DB10000137FFB2022FDAD81C4B1B78002BDAD06A
:10DB20000136F6B23B2ED7D902F08EFC0026D3E7A1
:10DB300001F000FB08B10025D8E7FEF7FDFD002548
:10DB4000D4E700902346294A0221184816F08AFC9F
:10DB500040F6CD40002113F04DF8002003F022FDE7
:10DB60003CDB030044DB030080CD030094DB0300B7
:10DB70000805002075D20100501900200DD10100C8
:10DB80007CDD0300EC370020EDD00100B24900201D
:10DB9000B0490020AF490020E8370020AE490020FE
:10DBA000AD490020B0DC0300B8DC030084D00300E2
:10DBB00058DB03006CDB0300BCDB0300D4DB030099
:10DBC000F0DB030018DC030038DC030050DC03004A
:10DBD00068DC030088DC0300A008002014DD0300DB
:10DBE00034DD0300E4DC0300B149002054DD030010
:10DBF00016280CD005D93D280FD03E280FD1094852
:10DC00007047082805D0132805D1074870470748F2
:10DC100070470748704707487047074870470548EE
:10DC2000704700BFE8DD0300ACDD0300C4DD030086
:10DC30008CDD0300FCDD0300DCDD030008B531B141
:10DC40000B46064A0121064816F001FC08BDF723E1
:10DC5000044A0321024816F0FAFBF7E718DE030036
:10DC6000CCCF030044DE0300F0B583B000AF15460F
:10DC70001C460846EEF7C8FC0022274BEEF72EFDA7
:10DC800004EB84046400A4B200220023EEF770FBCE
:10DC900041EC170B8AB06B4613F1100235D01821F6
:10DCA00072B10846042901DD1C4E5E61082801DDC1
:10DCB00083ED067B102800DD1D62142800DD5C6208
:10DCC000172925DD18243AB106213971002179710F
:10DCD000B971F9717868186100216FF300016FF371
:10DCE00041016FF382016FF3C501032363F38811D0
:10DCF000C4F30A0464F353216FF31F51002308484F
:10DD000004F038F80C37BD46F0BD6FF00041C7E7AE
:10DD10006FF01B04D7E700BF0000F43F60DE030094
:10DD2000CCCF0300F0B58BB004460D461646037801
:10DD3000032B38D8DFE803F002212B311D4B93E889
:10DD400003000790ADF82010090C8DF822106379BC
:10DD50002279E178A07867780DF11C0CCDF814C019
:10DD600004970390029101920093A379124A3146DD
:10DD7000284613F037FE0BB0F0BD104B93E80300BC
:10DD80000790ADF82010090C8DF82210DFE70C4A3F
:10DD900007AB07CA03C31A80D9E70A4A07AB07CA09
:10DDA00003C31A80D3E7084A0A2107A813F01AFE12
:10DDB000CDE700BFB8DE0300C8DE0300C0DE03000D
:10DDC000ECDE0300F8DE03009415040000B583B018
:10DDD00084460E4A6B4692E8030083E80300194626
:10DDE000604618F024FC40B10346094A0221094864
:10DDF00016F02DFB03B05DF804FB4FF4FA43064A1E
:10DE00000321044816F023FBF4E700BF60D10300B0
:10DE100004DF0300CCCF030034DF030008B5094959
:10DE2000094B0B600DF090FB30B10346074A01210E
:10DE3000074816F00CFB08BD064A0321044816F0FB
:10DE4000FCFAF8E7F83700203DDC01006CDF030046
:10DE5000CCCF03008CDF030010B582B004460C4B1E
:10DE60009B68019301A918F0A9FB50B9FB23094A4B
:10DE70000321094816F0EBFA2046FFF7CFFF02B066
:10DE800010BD0346054A0121034816F0E0FAF6E703
:10DE900060D10300D0DF0300CCCF0300A8DF030074
:10DEA000F0B595B000AF29BB044618F085FB1E22E3
:10DEB00007F13001FFF736FF6E4600233B72022365
:10DEC0007B7288B06D4615F110021AD00E201AB17F
:10DED000042801DD614B6B6100233B7102237B71E0
:10DEE000E2B1082802DD07F13003AB6105F11C0344
:10DEF000002111E00B465A4A01215A4816F0A7FAB0
:10DF000098E06FF00040E2E701F1500CBC441CF8CF
:10DF10004CCC03F801CB01310129F5D90D2840F390
:10DF20008C800E2342B10321397200217972B972BB
:10DF30000121F972B868286100216FF300016FF3C5
:10DF400041016FF382016FF3C501032060F3881173
:10DF5000C3F30A0363F353216FF31F5100234148B6
:10DF600003F008FFB54607F10C0120460AF02CFE2D
:10DF700010F0FF0F64D1388CEEF746FB00223A4BCD
:10DF8000EEF7ACFBBB8C03EB83035B009DB200227E
:10DF90000023EEF7EDF941EC170BB7F822C06E46FF
:10DFA0008AB06B4613F1100251D018218AB108468D
:10DFB000042903DDDFF8C0E0C3F814E0082801DD20
:10DFC00083ED067B102801DDC3F820C0142800DD96
:10DFD0005D6217293EDD18253AB10621397200210C
:10DFE0007972B972F972B868186100216FF3000193
:10DFF0006FF341016FF382016FF3C501032363F3F4
:10E000008811C5F30A0363F353216FF31F510023F3
:10E01000144803F0AFFEB546144B01221A70144B9E
:10E0200000221A7001F096F92046FFF7CFFE204635
:10E03000FFF712FF5437BD46F0BD6FF01B0371E7C9
:10E04000C3B20C4A0121074816F001FAF2E76FF05B
:10E050000041ABE76FF01B05BEE700BF00E0030027
:10E06000ECDF0300CCCF03000000F43FB4490020F4
:10E07000B349002024E0030044E0030008B5044A4B
:10E080000321044816F0D9F9034812F0E3F908BD5A
:10E0900094E00300CCCF0300FC370020B0B582B081
:10E0A00000AF0D460846FFF7A3FD6C4601233B7108
:10E0B00003237B718AB0EC461CF110021BD04FF099
:10E0C000120E52B17346BEF1040F02DD3949CCF88D
:10E0D0001410082B01DDCCF8185001233B700323EA
:10E0E0007B70AAB1BEF10C0F01DDCCF81C000CF165
:10E0F000200300210AE06FF0004EE2E701F1080082
:10E10000384410F8080C03F8010B01310129F5D946
:10E11000BEF1110F4BDD12234AB1042139710021E8
:10E120007971B9710121F9717868CCF8100000217A
:10E130006FF300016FF341016FF382016FF3C501CB
:10E14000032060F38811C3F30A0363F353216FF3D1
:10E150001F510023184803F00DFEA5460023174A5F
:10E160001370174A13701EF014F94A0142EAD06284
:10E1700043011B1A62EB0102920042EA93729B0078
:10E180001B1842EB0102D20042EA5372C3F3103370
:10E1900043EA4243D20B0B495B1842F100020A49A1
:10E1A0000B604A6001F0F2F80837BD46B0BD6FF071
:10E1B0001B03B1E7C0E00300CCCF0300B44900204B
:10E1C000B3490020905F010080190020804B1B782C
:10E1D000002B40F0FC8090B58FB002AF7D4B1B78D8
:10E1E000002B40F0928000233B777B77BB770523A1
:10E1F0003B621EF0CEF84A0142EAD06243011B1A8C
:10E2000062EB0102920042EA93729B001B1842EB00
:10E210000102D20042EA5372C3F3103343EA42438D
:10E22000D20B6D490868496883428A4173DAA0239A
:10E230007B621EF0AEF84A0142EAD06243011B1A2B
:10E2400062EB0102920042EA93729B001B1842EBC0
:10E250000102D20042EA5372C3F3103343EA42434D
:10E26000D20B5D490868496883428A4156DAA12386
:10E27000BB620023FB6207F1080C07F11C0EBEE82D
:10E280000F00ACE80F00DEF80030CCF800301EF0D4
:10E2900080F84A0142EAD06243011B1A62EB010294
:10E2A000920042EA93729B001B1842EB0102D200DB
:10E2B00042EA5372C3F3103343EA4243D20B464956
:10E2C0000868496883428A412BDA44496C46002336
:10E2D0003B7102237B7188B00DF1080C1CF1100218
:10E2E00021D00E2022B1042802DD3D4BCCF81430A1
:10E2F00000233B7002237B7012B3082801DDCCF8A9
:10E3000018100CF11C03002118E009F075FD314BC9
:10E3100000221A7067E74FF4487389E740F221330F
:10E32000A6E73049D2E76FF00040DBE701F1300E9D
:10E33000BE441EF830EC03F801EB01310129F5D998
:10E340000D283BDD0E234AB103213971002179717B
:10E35000B9710121F9717868CCF8100000216FF3D0
:10E3600000016FF341016FF382016FF3C5010320D8
:10E3700060F38811C3F30A0363F353216FF31F5152
:10E380000023194803F0F6FCA54601230093174B20
:10E390000222174907F1080009F0FEFC034610B1FC
:10E3A00010F1780F0DD10B4B01221A70114A032185
:10E3B0000D4816F042F83437BD4690BD6FF01B0390
:10E3C000C1E70D4A0121084816F041F8F3E770470C
:10E3D000B4490020B349002080190020E8E0030080
:10E3E000F8E00300F0E00300CCCF03009CE1030061
:10E3F000B0E1030050E1030028E10300014B18786D
:10E40000704700BFB449002008B5054B1B7813B90D
:10E41000044B1B7803B108BD034812F01BF8FAE760
:10E42000B4490020B3490020FC37002010B50D4846
:10E430000AF0E6FA0C490D481DF0E1FB002008F057
:10E44000FBFE044630B90A4A03210A4815F0F5FFDD
:10E45000204610BD0346084A0121064815F0F7FF83
:10E46000F6E700BF34050020CDE10100FC370020B5
:10E4700084E10300CCCF030064E1030008B5024847
:10E4800011F0E8FF002008BDFC370020144B1B787A
:10E49000B3B9144B1B78ABB9134B1B78A3B9134B0F
:10E4A0001B789BB9124B1B7893B9124B1B788BB915
:10E4B000114B1B7883B9114B1B787BB1012070473E
:10E4C00001207047012070470120704701207047EC
:10E4D00001207047012070470120704700207047DD
:10E4E000C1490020C0490020BF490020BE4900208A
:10E4F000BD490020BC490020BB490020BA4900208A
:10E50000054B1B7823B9054B1B781BB101207047C5
:10E510000120704700207047B8490020B74900200B
:10E5200010B504461DF035FF8E464A0142EAD0621E
:10E5300043011B1A62EB0102920042EA93729B00B4
:10E540001B1842EB0102D20042EA5372C3F31033AC
:10E5500043EA4243E1174FEA411C4CEAD46C6001A4
:10E56000001B6CEB010C4FEA8C0C4CEA907C800099
:10E57000001941EB0C01C90041EA5071C000C018FC
:10E5800041EBD231044B1A685B6882428B4102DA5C
:10E59000014B1860596010BDF819002008B50A4BEE
:10E5A0001B7813B1FFF7ACFF30B9084B1B7813B1E0
:10E5B000FFF7A6FF20B908BD054811F04BFFF4E7AF
:10E5C000044811F047FFF6E7C1490020C049002088
:10E5D0001C3800200C38002008B50F4B1B7803B9FD
:10E5E00008BD0D4B00221A705A20FFF799FF0B4B04
:10E5F0001B780B4A03210B4815F029FF0A4B1B68B7
:10E6000013B1DB6903B19847044B1B78002BE7D1AA
:10E6100014F032FCE4E700BFB7490020B8490020FD
:10E62000C0E10300F4D003003C38002008B5FFF738
:10E63000E5FE00B908BD4FF420320023014811F077
:10E6400019FFF7E7301A002090B583B000AF012919
:10E6500014BF00210121314B1970F1B130496C46D2
:10E6600000233B7102237B7188B0EC461CF1100241
:10E6700015D00E2022B1042802DD2A4BCCF814302C
:10E6800000233B7002237B70B2B1082801DDCCF877
:10E6900018100CF11C0300210CE02349DFE76FF098
:10E6A0000040E7E701F1080EBE441EF808EC03F84D
:10E6B00001EB01310129F5D90D2828DD0E234AB1DE
:10E6C0000321397100217971B9710121F9717868DB
:10E6D000CCF8100000216FF300016FF341016FF3DC
:10E6E00082016FF3C501032060F38811C3F30A03AD
:10E6F00063F353216FF31F5100230C4803F03AFBDF
:10E70000A546064B1B782BB90C37BD4690BD6FF064
:10E710001B03D4E7FFF78AFFF6E700BFB9490020E3
:10E72000E0E10300F4E10300E8E10300F4D00300BA
:10E7300090B583B000AF012914BF00210121334BF4
:10E740001970F1B132496C4600233B7102237B7191
:10E7500088B0EC461CF1100215D00E2022B104281E
:10E7600002DD2C4BCCF8143000233B7002237B706D
:10E77000B2B1082801DDCCF818100CF11C030021FF
:10E780000CE02549DFE76FF00040E7E701F1080EF4
:10E79000BE441EF808EC03F801EB01310129F5D95C
:10E7A0000D282DDD0E234AB1032139710021797125
:10E7B000B9710121F9717868CCF8100000216FF36C
:10E7C00000016FF341016FF382016FF3C501032074
:10E7D00060F38811C3F30A0363F353216FF31F51EE
:10E7E00000230E4803F0C6FAA546084B1B7853B128
:10E7F000FFF71CFF0A4811F02DFE0C37BD4690BDF7
:10E800006FF01B03CFE701F077FDF6E7C04900206A
:10E81000E0E103001CE20300E8E10300F4D00300A0
:10E820000C38002090B583B000AF012914BF00213F
:10E830000121354B1970F1B134496C4600233B710D
:10E8400002237B7188B0EC461CF1100215D00E201B
:10E8500022B1042802DD2E4BCCF8143000233B708B
:10E8600002237B70B2B1082801DDCCF818100CF13E
:10E870001C0300210CE02749DFE76FF00040E7E7C9
:10E8800001F1080EBE441EF808EC03F801EB01315B
:10E890000129F5D90D282DDD0E234AB10321397147
:10E8A00000217971B9710121F9717868CCF81000F3
:10E8B00000216FF300016FF341016FF382016FF3E9
:10E8C000C501032060F38811C3F30A0363F35321E6
:10E8D0006FF31F510023104803F04CFAA5460A4B72
:10E8E0001B7853B1FFF7A2FE0C4811F0B3FD0C37B3
:10E8F000BD4690BD6FF01B03CFE7002001F0D0FABA
:10E9000001F092FBF3E700BFC1490020E0E1030002
:10E9100034E20300E8E10300F4D003001C380020D7
:10E9200008B5094B1B7813B1FFF7EAFD00B908BD24
:10E9300001F0A6FC03460028F9D0044A022104484D
:10E9400015F085FDF3E700BFC04900204CE203004D
:10E95000F4D0030090B583B000AF012914BF0021AB
:10E960000121424B1970F1B141496C4600233B71C2
:10E9700002237B7188B0EC461CF1100215D00E20EA
:10E9800022B1042802DD3B4BCCF8143000233B704D
:10E9900002237B70B2B1082801DDCCF818100CF10D
:10E9A0001C0300210CE03449DFE76FF00040E7E78B
:10E9B00001F1080EBE441EF808EC03F801EB01312A
:10E9C0000129F5D90D2847DD0E234AB103213971FC
:10E9D00000217971B9710121F9717868CCF81000C2
:10E9E00000216FF300016FF341016FF382016FF3B8
:10E9F000C501032060F38811C3F30A0363F35321B5
:10EA00006FF31F5100231D4803F0B4F9A546174BBF
:10EA10001B7823B3FFF70AFE4FF400520023184877
:10EA200011F028FD174B1B78E3B14FF47A7202FB0B
:10EA300003F3590CDB0340F2E73298184FF47A7273
:10EA40004FF0000341F10001EEF75AF802460B4681
:10EA50000D4811F00FFD05E06FF01B03B5E7084806
:10EA60001DF0C3F90C37BD4690BD00BFBA49002068
:10EA7000E0E103006CE20300E8E10300F4D00300EE
:10EA8000C0190020A5080020681A0020B0B582B087
:10EA900000AF0C4601291ED035496D4600233B715D
:10EAA00002237B7188B0EC461CF1100215D00E20B9
:10EAB00022B1042802DD2F4BCCF8143000233B7028
:10EAC00002237B70B2B1082801DDCCF818100CF1DC
:10EAD0001C0300210CE02849DFE76FF00040E7E766
:10EAE00001F1080EBE441EF808EC03F801EB0131F9
:10EAF0000129F5D90D2834DD0E234AB103213971DE
:10EB000000217971B9710121F9717868CCF8100090
:10EB100000216FF300016FF341016FF382016FF386
:10EB2000C501032060F38811C3F30A0363F3532183
:10EB30006FF31F510023114803F01CF9AD46012C5F
:10EB400014BF002401240E4B1C706CB1FFF76EFD46
:10EB50004FF4005200230B4811F08CFC0837BD46DF
:10EB6000B0BD6FF01B03C8E706481DF03EF9F5E79E
:10EB7000E8E103008CE20300E0E10300F4D00300CD
:10EB8000BB4900209019002010B50C46074A03210C
:10EB9000074815F052FC012C14BF00240124054B3A
:10EBA0001C7004B910BDFFF741FDFBE7ACE20300A8
:10EBB000F4D00300BC49002010B50C46074A0321DD
:10EBC000074815F03AFC012C14BF00240124054B22
:10EBD0001C7004B910BDFFF729FDFBE7DCE2030060
:10EBE000F4D00300BD49002010B50C46074A0321AC
:10EBF000074815F022FC012C14BF00240124054B0A
:10EC00001C7004B910BDFFF711FDFBE708E303001A
:10EC1000F4D00300BF4900202DE9F04184B005463F
:10EC20000C4616461F46D1F80C80124A03211248A2
:10EC300015F003FC114B1B6823B1DB6813B1984737
:10EC40000F4B18600E4B1B68002B0FDD0423029343
:10EC5000CDF80480BDF8283000933B46324621466B
:10EC6000284619F067F904B0BDE8F0816FF00D0097
:10EC7000F9E700BF2CE30300F4D003003C38002088
:10EC8000403800202DE9F04184B005460C46164678
:10EC90001F46D1F80C800E4A03210E4815F0CDFB1B
:10ECA0004FF080535A6E196E0B4B19605A6008234F
:10ECB0000293CDF80480BDF8283000933B463246DD
:10ECC0002146284619F036F904B0BDE8F08100BFAE
:10ECD00044E30300F4D00300601A002070B51C4622
:10ECE000BDF81030022C0DD17BB915785678084A42
:10ECF0000321084815F0A1FB3146284601F0FEF932
:10ED0000204670BD6FF00C00FBE76FF00600F8E7DF
:10ED100058E30300F4D0030038B51C46BDF81030AA
:10ED2000012C0BD16BB91578074A0321074815F060
:10ED300084FB284601F0C2F9204638BD6FF00C0074
:10ED4000FBE76FF00600F8E770E30300F4D0030080
:10ED500010B50C460C4A03210C4815F06EFB012C33
:10ED600014BF002401240A4B1C7004B910BDFFF726
:10ED70005DFC084811F06EFB01F072FB0028F5DC29
:10ED800001F062FBF2E700BF88E30300F4D0030068
:10ED9000BE4900202C3800202DE9F04786B004AF92
:10EDA00005460C4616469846D1F80C90EA460023D4
:10EDB0003B7102237B7188B004A911F1100212D0BB
:10EDC0000E201AB1042801DD2B4B4B6100233B7050
:10EDD00002237B70A2B1082801DD284B8B6101F171
:10EDE0001C0C00230AE06FF00040EAE703F1080E74
:10EDF000BE441EF808EC0CF801EB0133012BF5D9E9
:10EE00000D2835DD0E2342B10320387100207871C2
:10EE1000B8710120F8717868086100216FF3000172
:10EE20006FF341016FF382016FF3C501032060F3BB
:10EE30008811C3F30A0363F353216FF31F510023B7
:10EE40000F4802F097FFD5460F2148461BF07EFF82
:10EE500080B20290CDF804903B8D00934346324639
:10EE60002146284619F066F80837BD46BDE8F08708
:10EE70006FF01B03C7E700BFB0E303009C06002050
:10EE8000F4D003002DE9F04F83B000AF064688466A
:10EE90001546994697F830A01DF07BFA4B0143EADE
:10EEA000D0634401241A63EB01039B0043EA94738B
:10EEB000A400241843EB0101C90041EA5471C4F3D2
:10EEC000103444EA41444FEAD13BBAF1000F07D174
:10EED000514B1A685B6894427BEB0303C0F2988045
:10EEE0002B4642463146002013F0D3FF064660B958
:10EEF000494B1A685B6894427BEB030308DB464B83
:10EF000000200021C3E9000102E010F10C0F39D00C
:10EF1000002E75D016F10D0F72D016F1690F6FD05B
:10EF20003E4B1A685B68A21A6BEB0303B2F57A7F5B
:10EF300073F1000364DBE84600233B7102237B711D
:10EF40008AB0EC461CF1100224D0162022B104280D
:10EF500002DD334BCCF8143000233B7002237B706E
:10EF60002AB30346082801DDCCF818900C2B01DDEC
:10EF7000CCF81C60102B01DDCCF820500CF12403E0
:10EF8000002112E014F150014BF10002224B1960F4
:10EF90005A60BDE76FF00040D8E701F108053D4435
:10EFA00015F8085C03F8015B01310129F5D9152832
:10EFB0002BDD16234AB10521397100217971B97110
:10EFC0000121F9717868CCF8100000216FF300017D
:10EFD0006FF341016FF382016FF3C501022060F30B
:10EFE0008811C3F30A0363F353216FF31F51002306
:10EFF0000C4802F0BFFEC546084B1C60C3F804B0C5
:10F0000030460C37BD46BDE8F08F6FF01B03D1E7EB
:10F010006FF06806F4E700BFF0190020881900209F
:10F02000D0E30300F4D0030008B50B4B1B7813B1F9
:10F03000FFF766FA00B908BD00F0ACFF034628B937
:10F04000012000F02DFF00F023FFF4E7034A022126
:10F05000034815F0FCF9F3E7C1490020F8E3030089
:10F06000F4D00300154B1B6833B35B6A23B300B5C0
:10F0700083B000220092019268469847104B02220A
:10F080001A709DF800201A729DF801205A729DF89E
:10F0900002209A729DF80320DA729DF804201A73F8
:10F0A0009DF805205A739DF806209A739DF8072055
:10F0B000DA7303B05DF804FB704700BF3C380020F2
:10F0C000AC0600202DE9F04184B005460C461646FA
:10F0D0001F46D1F80C80FFF7C5FF0A4A03210A48F2
:10F0E00015F0ABF905230293CDF80480BDF8283064
:10F0F00000933B4632462146284618F01BFF04B0D9
:10F10000BDE8F08118E40300F4D0030008B5074B14
:10F110001B7803B908BDFFF7A5FF054B1B68002B43
:10F12000F8D01B6A002BF5D09847F3E7BB490020C5
:10F130003C380020014B1878704700BFB7490020C9
:10F1400008B5134B1B780BB1002008BD1DF021F949
:10F150008E464A0142EAD06243011B1A62EB010269
:10F16000920042EA93729B001B1842EB0102D2000C
:10F1700042EA5372C3F3103343EA4243D20B0549C8
:10F180000868496883428A41ACBF01200020DCE75F
:10F19000B7490020F8190020014B1870704700BFD4
:10F1A000B6490020014B1878704700BFB5490020D0
:10F1B000014B1888704700BFA6490020374B1B78C9
:10F1C000834269D0B0B582B000AF0446334B1870AB
:10F1D000F0B133496D4600233B7102237B7188B047
:10F1E000EC461CF1100215D00E2022B1042802DDDD
:10F1F0002C4BCCF8143000233B7002237B70B2B14F
:10F20000082801DDCCF818100CF11C0300210CE0DB
:10F210002549DFE76FF00040E7E701F1080EBE4443
:10F220001EF808EC03F801EB01310129F5D90D288E
:10F2300029DD0E234AB10321397100217971B97199
:10F240000121F9717868CCF8100000216FF30001FA
:10F250006FF341016FF382016FF3C501032060F387
:10F260008811C3F30A0363F353216FF31F51002383
:10F270000E4802F07FFDAD4644B90D4B1B7843B1FB
:10F280000837BD46B0BD6FF01B03D3E7FFF786F923
:10F29000F6E713F0F1FDF3E7704700BFB84900202F
:10F2A00030E403005CE4030044E40300F4D0030012
:10F2B000B749002008B508B1134A10601349144833
:10F2C0001CF09DFC134914481CF099FC1349144888
:10F2D0001CF095FC134914481CF037FD13491448E1
:10F2E0001CF033FD134914481CF02FFD134914483A
:10F2F0001CF02BFD134914481CF027FD134B1A7901
:10F30000134B1A70002008BD3C3800200DF5010099
:10F310002C38002029F001001C38002021E90100D0
:10F320000C3800207DF40100301A00208B2E0300E1
:10F33000001A002061F90100681A002015F9010087
:10F34000C01900200DF1010090190020AC0600202A
:10F35000A508002008B50A4B00200021C3E90001E0
:10F36000FFF764F9074B1B7833B9074B1B6813B1E0
:10F370001B6903B1984708BDFFF710F9F5E700BF17
:10F38000F0190020B84900203C38002010B51C4876
:10F390001CF02BFDFFF720F900241A4B1C701A4BB0
:10F3A0001C701A4B1C701A4B1C701A4B1C701A4B99
:10F3B0001C701A4B1C701A4B1C701A4B1C701A488C
:10F3C0001CF013FD19481CF010FD19481CF00DFD30
:10F3D000184B00200021C3E90001204600F060FD29
:10F3E00015481CF002FD154B1B7833B1144B1B68FC
:10F3F00013B15B6903B1984710BD13F03DFDF5E70C
:10F40000001A0020C1490020C0490020BF49002047
:10F41000BE490020BD490020BC490020BB49002056
:10F42000BA490020B9490020681A0020C0190020FC
:10F4300090190020F0190020301A0020B84900204F
:10F440003C380020094B1B786BB100B583B00849EC
:10F45000086001230093074B04220748FFF712FDC1
:10F4600003B05DF804FB6FF00C007047BE4900204C
:10F470004038002074E403007CE8030000B583B04A
:10F48000FEF7BCFFC0B1FFF701F898B1154B1B7830
:10F4900053B1154B1B683BB1DB682BB19847002873
:10F4A00008DDFFF7CFFF05E0104B1B783BB9104B91
:10F4B0001B786BB9FFF7BAF803B05DF804FB0123C2
:10F4C00000930C4B05220C490C48FFF7DBFCF1E7DD
:10F4D000012300930A4B08220A490B48FFF7D2FC8C
:10F4E000E8E700BFBE4900203C380020BB490020AF
:10F4F000BF4900207CE4030044380020E4E9030015
:10F5000090E403004C38002030E90300164B1B78D0
:10F510004BB310B5154B1B6893B1DB6883B19847AB
:10F52000041E13DD2046FFF78DFF0346A0B110F146
:10F530000D0F0AD00E4A02210E4814F088FF04E095
:10F540000D4A02210B4814F078FF10BD0B4A03212D
:10F55000084814F072FFF8E72346094A03210548DA
:10F5600014F075FFF1E77047BE4900203C380020D9
:10F5700000E50300F4D00300A0E40300D4E403009A
:10F5800024E5030070B582B005460C46FEF7B8FFCF
:10F5900058B31A4B1B785BB36CB3142C00D91424EA
:10F5A000174A1368591C1160164E304640F8043B48
:10F5B00004EB4404A400224629461DF02EF904342D
:10F5C000A2B200230093104B31461048FFF75AFCBB
:10F5D00030B10F4A1368013313600E4B18600BE013
:10F5E0000D4A13680133136006E06FF00C0003E06E
:10F5F0006FF00C0000E0002002B070BDC149002097
:10F60000E8390020F038002040E50300B8E80300A6
:10F61000083A0020043A00200C3A002070B582B06D
:10F6200005460C46FEF76CFF58B31A4B1B785BB3CC
:10F630006CB3192C00D91924174A1368591C11608E
:10F64000164E304640F8043B04EB44046400224666
:10F6500029461DF0E2F80434A2B200230093104BB7
:10F6600031461048FFF70EFC30B10F4A13680133E2
:10F6700013600E4B18600BE00D4A136801331360E2
:10F6800006E06FF00C0003E06FF00C0000E00020DB
:10F6900002B070BDC0490020E43900205438002079
:10F6A00044E50300F4E80300FC390020F8390020A9
:10F6B000003A002000B583B00D4B1A6801321A6081
:10F6C0009880FEF71DFF68B10A4B1B786BB10023D1
:10F6D0000093094B082206490848FFF7D3FB03B003
:10F6E0005DF804FB6FF00C00F9E76FF00C00F6E733
:10F6F0004C380020BF49002048E5030030E90300F2
:10F7000000B585B08DF80F00084B1B7853B101226E
:10F710000092074B0DF10F010648FFF7B3FB05B050
:10F720005DF804FB6FF00C00F9E700BFBD49002055
:10F7300050E503006CE9030000B585B08DF80F00BB
:10F74000084B1B7853B101220092074B0DF10F01BA
:10F750000648FFF797FB05B05DF804FB6FF00C005F
:10F76000F9E700BFBC49002060E50300A8E90300F9
:10F770002DE9F04385B002AF154697F82880354C47
:10F7800020706170A270E37084F80480324A1278AD
:10F79000002A5BD06E468CB002AC14F110024FD040
:10F7A0004FF01C0EE2B1F446BEF1040F03DDDFF8AA
:10F7B000B890C4F81490BCF1080F00DDA061BCF152
:10F7C0000C0F00DDE161BCF1100F00DD2562BCF122
:10F7D000140F00DD6362BCF1180F01DDC4F828804E
:10F7E000BEF11B0F2FDD1C233AB107213971002117
:10F7F0007971B971F9717868206100216FF30001A6
:10F800006FF341016FF382016FF3C501032060F3D1
:10F810008811C3F30A0363F353216FF31F510023CD
:10F820000E4802F0A7FAB546012300930C4B0522BF
:10F8300008490C48FFF726FB0C37BD46BDE8F083AE
:10F840006FF0004EAEE76FF01B03CDE76FF00C00DA
:10F85000F2E700BF44380020BB490020F4D0030089
:10F86000C0E50300E4E9030070E50300134B1B78D7
:10F87000D3B10A46D8B1E9B100B583B001230093F2
:10F880000F4B01460F48FFF7FDFA40B10E4A1368CF
:10F89000013313600D4B186003B05DF804FB0C4A94
:10F8A000136801331360F7E76FF00C0070476FF0D7
:10F8B0000C0070476FF00C00704700BFBA49002081
:10F8C000C8E5030020EA0300F0390020EC390020ED
:10F8D000F43900200FB400B5ABB02C9A0C4B1B7858
:10F8E00073B16AB12DAB0193A02102A812F03CFEC6
:10F8F000002805DD9F2808DC81B202A8FFF7B6FFCB
:10F900002BB05DF804EB04B070479F21F5E700BF12
:10F91000BA4900200E4B1B7803B9704730B587B049
:10F92000FFF7A0FB0B48FFF7D5FF0B49CB7A0A7B0B
:10F93000487B8C7BCD7B04950394029001920093CD
:10F940008B7A4A7A097A0548FFF7C4FF07B030BDC1
:10F95000BA490020D0E50300AC060020E4E503002E
:10F960002A4B1B7833B92A4B1B781BB9294B1B78C0
:10F97000002B49D0F0B589B0274B1968274B1A687E
:10F98000274B1B6827480068274C2468274D2D68A3
:10F99000274E3668274F3F68DFF8A8C0DCF800C064
:10F9A000DFF8A4E09EF800E0BEF1000F12D04FF0A7
:10F9B000010ECDF818E0CDF814C004970396029517
:10F9C000019400901C48FFF785FF1C4B187820B964
:10F9D00009B0F0BD4FF0000EEBE74FF47A7303FB74
:10F9E00000F0410CC00340F2E733C0184FF47A72C4
:10F9F0004FF0000341F10001EDF782F802460B469B
:10FA00000F4810F037FDE3E7704700BFC149002001
:10FA1000C0490020BA4900200C3A0020083A0020D2
:10FA2000043A0020003A0020FC390020F839002078
:10FA3000F4390020F03900202CE60300A50800204E
:10FA4000681A0020EC390020B749002030B585B095
:10FA5000FFF708FB1848017842788378C47800796A
:10FA6000164D2D78A5B101250295019000941448FA
:10FA7000FFF730FF134B1B7863B9134B1B7893B917
:10FA8000124B1B6813B11B6A03B1984705B030BD18
:10FA90000025E9E7012300930D4B052206490D4897
:10FAA000FFF7F0F9E9E7012300930B4B10220B4914
:10FAB0000B48FFF7E7F9E3E744380020B749002097
:10FAC000A4E60300BB490020B94900203C380020CF
:10FAD000DCE60300E4E90300E8E60300AC060020EE
:10FAE00084EA030070B582B01C46BDF81830002BC4
:10FAF00040F0DB808446002C00F0DA801378013B74
:10FB0000092B00F2D880DFE803F0052553657583E3
:10FB1000A7ACB1C4032C40F0D1805578967865B974
:10FB2000774B5E702846314600F006FB03463246AE
:10FB300029467448FFF7CEFE59E0012D06D0022D6C
:10FB400040F0BF806E4BDE702846ECE76C4B9E7039
:10FB50002846E8E7022C40F0B78051786A4D2970BA
:10FB6000674B19716948FFF7B5FE2B78002B3ED023
:10FB7000674A12782AB9674A127812B9664A127827
:10FB8000AAB34FF47A7202FB03F3590CDB0340F281
:10FB9000E73298184FF47A724FF0000341F10001F8
:10FBA000ECF7AEFF02460B465C4810F063FC1EE02B
:10FBB000012C40F08C805A4A6B4692E8030083E89F
:10FBC00003001946604616F032FD01465548FFF71E
:10FBD00081FE0CE0022C7DD1507800B90A20484DFE
:10FBE000687100F0F3FD69794F48FFF773FE204616
:10FBF00002B070BD022C70D1507800B90120404D88
:10FC0000A871FDF71DFEA9794848FFF763FEEEE7EE
:10FC1000022C65D1537843F00303394AD371DBB228
:10FC200013F0020F0FD0364BDB7913F0010F0DD11B
:10FC3000334BDB7913F0020F0BD1314BD9793C48B0
:10FC4000FFF748FED3E700F057FBECE700F0A2F91E
:10FC5000EEE700F015FBF0E7012C44D1FFF7F6FECC
:10FC6000C5E7012CC3D06FF00C00C1E7022C3DD1D9
:10FC7000517803293DD82F4B19702F48FFF72AFEE2
:10FC80002E4B1B6813B19B6A03B19847FFF7DEFE4A
:10FC9000ADE7032C30D15178937841EA0321284B0A
:10FCA00019802848FFF716FEA1E76FF006009FE7CE
:10FCB0006FF00C009CE76FF0120099E76FF00C00FA
:10FCC00096E76FF0120093E76FF00C0090E76FF08B
:10FCD0000C008DE76FF00C008AE76FF00C0087E7EF
:10FCE0006FF00C0084E76FF00C0081E76FF00C0000
:10FCF0007EE76FF012007BE76FF00C0078E700BF43
:10FD0000AC060020F4E60300A508002010E703007D
:10FD1000C1490020C0490020BA490020681A0020CB
:10FD20006CD103002CE7030050E7030070E70300E9
:10FD30008CE70300B5490020B0E703003C38002001
:10FD4000A6490020E8E7030012F4801F00D17047A5
:10FD500008B5024810F07EFB08BD00BF243A002021
:10FD600030B583B0044600F02FFFA37CBBB10DF18A
:10FD70000702217C1F480FF07BFC054600F030FF96
:10FD800035B99DF80700FFF7BBFC68BB03B030BD79
:10FD9000237C194A0121194814F059FBF6E7627CCB
:10FDA000217C14480FF078FC70B90DF10702217C1A
:10FDB00010480FF05DFC054600F012FF6DB99DF88C
:10FDC0000700FFF7B9FCE0E700F00AFF237C0C4ACC
:10FDD00001210A4814F03BFBD8E7237C094A0121A2
:10FDE000064814F034FBEAE7074A0121034814F0FF
:10FDF00024FBCBE7BC06002004ED0300DCD00300AD
:10FE000030ED03005CED030094ED030010B5BEB0CF
:10FE100000F0DAFE0DF1070202A910480FF098FB7E
:10FE2000044600F0DDFE24B99DF8071039B93EB054
:10FE300010BD0B4A01210B4814F0FFFAF7E702A8A6
:10FE4000FFF7A0FB03460028F1D010F10D0FEED014
:10FE5000054A0221034814F0FAFAE8E7BC0600203C
:10FE6000C4ED0300DCD00300DCED030008B5064B55
:10FE70001B7803B908BDFFF7C9FF4FF48042002388
:10FE8000024810F0F7FAF5E7C2490020981A00205E
:10FE900008B5024810F0DEFA08BD00BF243A002081
:10FEA00008B5074B187030B14FF480420023054865
:10FEB00010F0E0FA08BD03481BF097FFFAE700BF17
:10FEC000C2490020981A002010B5224B18681BF078
:10FED000C4FB18B320481BF0C0FB38B34FF480318B
:10FEE0001E4813F043F8044640BB1D491D4B4B60B0
:10FEF0004FF480138B60184813F043F8044618BB86
:10FF000019491A481BF07BFE19491A481BF01DFFBE
:10FF100019491A481BF073FE204610BD184A0121EA
:10FF2000184814F08AFA6FF01204F5E7164A012116
:10FF3000144814F082FA6FF01204EDE7134A01211D
:10FF4000104814F07AFAE7E7114A01210D4814F03D
:10FF500074FAE1E7BC06002080CD0300ACEF03009B
:10FF6000343A002049FD0100972F0300243A002075
:10FF70006DFE0100981A002061FD0100103A00207A
:10FF8000F4ED0300DCD0030030EE03006CEE030060
:10FF90009CEE030010B51D4B1B78ABB900F014FEAE
:10FFA0001B480FF077F9044600F01AFEDCB94FF059
:10FFB000B8621421174812F099FF0446C8B9134BD0
:10FFC00001221A70204610BD4FF0B862142111486A
:10FFD00012F08CFF04460028F4D00F4A01210F488C
:10FFE00014F02BFAEEE70E4A01210C4814F025FA22
:10FFF000E8E70C4A0121094814F01FFA00F0E4FD7B
:020000040002F8
:1000000003480FF025FA00F0EBFDDBE7C3490020C1
:10001000BC06002080CD0300CCEE0300DCD0030042
:10002000FCEE030018EF030010B50020FFF738FFC7
:100030000A4B1B7813B90024204610BD4FF4001260
:100040001421074812F052FF04460028F4D0054A54
:100050000121054814F0F1F9EEE700BFC349002083
:1000600080CD03004CEF0300DCD0030010B50F4B34
:100070001B7853B100F0A8FD0D480FF035FA044687
:1000800000F0AEFD2CB9204610BDFFF783FF0446FB
:10009000F9E72346074A0221074814F0D8F9034B31
:1000A00000221A70FFF776FF0446ECE7C3490020F0
:1000B000BC0600207CEF0300DCD0030030B583B029
:1000C000054600F081FD0DF10702294608480FF0B2
:1000D000CFFA044600F084FD14B9204603B030BDC9
:1000E0002B46044A0121044814F0B1F9F5E700BF9A
:1000F000BC06002004ED0300DCD0030038B5054643
:100100000C4600F061FD2246294608480FF0C4FA6B
:10011000044600F065FD0CB9204638BD2B46044A64
:100120000121044814F093F9F6E700BFBC06002053
:1001300030ED0300DCD0030010B504462330C0B21C
:10014000FFF7DCFF08B9002010BD2346024A012159
:10015000024814F07CF9F6E794D60300DCD00300E3
:1001600012F0400F00D1704708B5024810F072F944
:1001700008BD00BF403A002010B5A8B000F024FD33
:100180000DF1070202A910480FF048FB044600F0E9
:1001900027FD24B99DF8071039B928B010BD0B4AC6
:1001A00001210B4814F049F9F7E702A8FFF736FAE6
:1001B00003460028F1D010F10D0FEED0054A0221C0
:1001C000034814F044F9E8E7C4060020B4EF030044
:1001D000ACCF0300D8EF030010B51E4B18681BF01E
:1001E0003CFAD8B11C481BF038FAF8B14FF4803211
:1001F0000621194812F0EBFE0446F8B91749184BCE
:100200004B6040238B60144812F009FF0446D8B9B4
:10021000144915481BF0F3FC204610BD134A012178
:10022000134814F00AF96FF01204F5E7114A01219E
:100230000F4814F002F96FF01204EDE70E4A0121A5
:100240000B4814F0FAF8E7E70C4A0121084814F0CB
:10025000F4F8E1E7C406002080CD0300503A002006
:100260006101020079010200403A0020F0EF030032
:10027000ACCF030034F0030078F00300B4F00300C7
:1002800010B5174B1B7813B10024204610BD00F0A9
:100290009BFC14480FF01EFA044600F0A1FC5CB968
:1002A0004FF0B8620621104812F079FE044648B9B2
:1002B0000B4B01221A70E8E70C4A01210C4814F09C
:1002C000BCF8E2E70B4A0121094814F0B6F800F047
:1002D0007BFC04480FF070FA00F082FCD5E700BF09
:1002E000C4490020C406002080CD0300ECF00300C8
:1002F000ACCF030014F1030010B5134B1B7813B9F6
:100300000024204610BD4FF4001206210F4812F0C1
:1003100046FE044660B900F057FC0D480FF04CFA59
:10032000044600F05DFC4CB9074B00221A70E8E768
:10033000084A0121084814F080F8E2E7074A012141
:10034000054814F07AF8DCE7C449002080CD0300AA
:10035000C406002050F10300ACCF03008CF1030071
:1003600008B506481BF079F928B14FF4202104485C
:1003700012F094FE08BD6FF01200FBE780CD030081
:10038000D8F3030038B5054622481BF066F990B152
:10039000214812F04EFE0446A8B9204B01225A60B3
:1003A0000C221A7400225A741D4B1D601D491E48F0
:1003B0001BF0CBFC13E01D4A01211D4814F03DF851
:1003C0006FF012041CE003461A4A0121184814F089
:1003D0003EF815E0184B002243F824200134022C8B
:1003E000F8DD164B00221A704FF42021144812F049
:1003F00055FE044630B94FF42470002110F0FAFB8A
:10040000204638BD03460F4A0121094814F01FF861
:10041000F6E700BFBCCD0300E0F30300CC060020EC
:100420005C3A0020FD040200C81A0020B0F103006D
:10043000BCCF0300C8F10300643A0020C549002086
:10044000D8F30300ECF1030008B5002200230348B1
:1004500010F010F8002800DB002008BDC81A0020AA
:10046000014B1868704700BF603A002041F2FD035D
:10047000984214DC40F61A63984212DDA0F61A6026
:10048000642300FB03F3094A82FB03121A44D817C2
:10049000C0EB6220064A934205DCC0B2704764207C
:1004A0007047002070476420704700BFB9D31FB168
:1004B000F323010041F2FD03984214DC40F6B83307
:1004C000984212DDA0F6B830642300FB03F3094A1A
:1004D00082FB03121A44D817C0EBA220064A9342AB
:1004E00005DCC0B27047642070470020704764206C
:1004F000704700BF07452EC29D1402002DE9F04150
:1005000084B002AF9C4883685B689C49984770B18F
:1005100003469B4A01219B4813F099FF9A4B188888
:10052000002840F012810837BD46BDE8F081974BA6
:10053000B3F900303B603946954812F0D6FD0346CA
:10054000002843D13C68A4F1320240F66E739A420F
:1005500048D96D468AB002AB13F110023CD0142189
:1005600082B10846042901DD8A4E5E61082800DD5B
:100570009C610C2801DD3224DC61102802DD4FF47F
:100580007A60186213292ADD14243AB105213971E1
:1005900000217971B971F9717868186100216FF3E0
:1005A00000016FF341016FF382016FF3C501022374
:1005B00063F38811C4F30A0363F353216FF31F51EC
:1005C0000023704801F0D6FBAD46A7E7724A01212F
:1005D0006C4813F03CFFA1E76FF00041C0E76FF0FB
:1005E0001B04D2E704EB840504EB45056B4B83FB4E
:1005F0000520A0EBE57883FB0423A3EBE4762846F3
:1006000012F057FDE8B9404612F053FD80B920467C
:1006100012F04FFD38BB304612F04BFD60B3009630
:1006200023465F4A0221574813F01CFF354608E075
:10063000CDF8008023465B4A0221524813F012FF96
:100640004546594B1D6059480278594941F8225096
:100650000132584B83FB024303EB4303D31A03706D
:100660000868012311E000942346534A02214548BB
:1006700013F0F8FE2546E4E7009523464F4A022191
:10068000404813F0EFFE49E70133022B06DC484AED
:1006900052F823208242F7DD1046F5E7FFF7E6FE29
:1006A00004462846FFF706FF6E468AB002AB13F1F8
:1006B000100244D0142192B18C46042903DDDFF8E6
:1006C00008E1C3F814E0BCF1080F00DD9D61BCF146
:1006D0000C0F00DDDC61BCF1100F00DD1862132986
:1006E00030DD14243AB10521397100217971B971D5
:1006F000F9717868186100216FF300016FF341010F
:100700006FF382016FF3C501032363F38811C4F310
:100710000A0464F353216FF31F510023194801F0B9
:1007200029FBB546204B1868FEF78CFE244B1B684E
:10073000002B3FF4F3AE1C4A10689847EEE66FF0CA
:100740000041B8E76FF01B04CCE74FF47A7303FB6A
:1007500000F0410CC00340F2E733C0184FF47A7246
:100760004FF0000341F10001ECF7CAF902460B46D5
:1007700014480FF07FFED6E6BCCD0300CC06002067
:100780001CF20300BCCF0300A2080020A8490020EF
:10079000E0F303005CF2030034F20300ABAAAA2AE0
:1007A00024F30300A4F20300603A0020C5490020AE
:1007B000643A002056555555E4F2030068F30300EF
:1007C0005C3A0020C81A0020B0F3030008B50E4BB5
:1007D0001880C0B10D4B5B68ABB14FF47A7303FB6B
:1007E00000F0410CC00340F2E733C0184FF47A72B6
:1007F0004FF0000341F10001ECF782F902460B468D
:1008000002480FF037FE08BDA2080020C81A0020D9
:1008100008B5FFF72BFC174B1B78022B12D00220D8
:10082000154A137883F0010313706BB11C21FFF795
:1008300083FC114B1B784BB9104B1B78BBB14FF4A9
:10084000FA6005E00020EBE70021F0E74FF4AF701D
:10085000C0034FF47A72002300F2E7300021ECF776
:100860004FF902460B4606480FF004FE08BD4FF450
:100870009660EDE7C8490020C7490020C64900201E
:10088000F81A002008B503481BF0AFFA024B00220B
:100890001A7008BDF81A0020C849002070B5044637
:1008A0000D46A9B90226124B1B78A34212D0FFF7BE
:1008B000E9FF0F4B1C7000213046FFF73DFC002183
:1008C0000120FFF739FC1C212846FFF735FC70BDDD
:1008D0000026E8E700213046FFF72EFC002101202A
:1008E000FFF72AFC1C212846FFF726FCEFE700BF94
:1008F000C849002070B504460D46F1B90226274BC1
:100900001B78A3421BD0FFF7BDFF244B1C700124B2
:10091000234B1C7000213046FFF70EFC00212046BF
:10092000FFF70AFC1C212846FFF706FC42F6CD42E1
:1009300000231C480FF09EFD70BD0026DFE700215C
:100940003046FFF7F9FB00210120FFF7F5FB144BC0
:100950001B7863B11C212846FFF7EEFB104B1B7878
:100960003BB9114B1B78ABB14FF4FA6003E00021A7
:10097000F1E74FF4AF70C0034FF47A72002300F236
:10098000E7300021ECF7BCF802460B4605480FF0B3
:1009900071FDD1E74FF49660EDE700BFC849002034
:1009A000C7490020F81A0020C649002008B50349AD
:1009B00003481BF0CAF9002008BD00BF110802005F
:1009C000F81A00202DE9F04782B000AF97F8288090
:1009D00081B9044615461E468A46FFF747FB3A4B47
:1009E0001C707CB1B8F1000F07D002210420FFF782
:1009F00081FF10E0FFF746FF57E002210320FFF7D9
:100A00004DFF08E0502D02D9B6F5875F51DA00217D
:100A10000220FFF76FFF2D4B93F800C0E9468CB022
:100A2000694611F1100249D02020DAB103460428AA
:100A300003DDDFF8A0E0C1F814E0082B00DD8C61D5
:100A40000C2B01DDC1F81C80102B01DDC1F820A0AA
:100A5000142B00DD4E62182B00DD8D621C2B01DD96
:100A6000C1F82CC01F282CDD20233AB10820387192
:100A700000207871B871F8717868086100216FF30F
:100A800000016FF341016FF382016FF3C501032091
:100A900060F38811C3F30A0363F353216FF31F510B
:100AA00000230B4801F066F9CD460837BD46BDE886
:100AB000F08700210120FFF7F1FEACE76FF0004066
:100AC000B3E76FF01B03D0E7C6490020C8490020F8
:100AD000C4CF0300F4F303000F4B1B78032B06D89D
:100AE000591C0D4A11700D4A42F82300704701232A
:100AF000032B0EDC10B4591E084A52F8234042F86A
:100B000021400133032BF6DD044BD8605DF8044B24
:100B10007047024BD8607047CB490020703A0020E4
:100B20000023034A1370034A1370034A137070477B
:100B3000CB490020CA490020C949002038B50546E4
:100B40000C4641B1194B1B782BB9194B00221A7076
:100B5000184B01221A70154B1C702846FFF7BCFF7A
:100B60008CB1B5F5875F13DA114B1B78012B13D9C4
:100B7000114B1B68ED1A0B2D11DD0E4B01221A7063
:100B80000C4B187803E00B4B00221A70204638BD3E
:100B90000020084B1870FAE7064B1878F7E715F1B4
:100BA0000B0FEDDA034B00221A70E9E7C949002068
:100BB000CB490020CA490020703A0020014B187828
:100BC000704700BFCA49002008B54FF0FF324FF010
:100BD000FF3302480FF088F908BD00BF78090020F4
:100BE00008B502480FF000FA08BD00BF78090020E0
:100BF00008B519F0BFFF0349002019F0AFFF00202E
:100C000008BD00BF54F403002DE9F04F91B00592E8
:100C10000293134602F004020092C3F3C20310F0E1
:100C20000302019240F02C8280468A460133041D63
:100C300000284ED0B8F1000F05D0A4EB0802043212
:100C4000524500F22082029A551E019A04920692A1
:100C5000039200264FF0FF3B0427B946B8F1000F7E
:100C600001D0029A22605A1E0792002B40F35E8147
:100C7000059B13F0020228D00120A4EB08018B0889
:100C80001AB1B1F5007F80F0048203990F2900F2B8
:100C90000382B8F1000F00F06181DBB201F1400284
:100CA0006A4402F8103C02F820BC002800F052818F
:100CB00063F07F0301F140026A4402F8103C049B98
:100CC00001330493039B0133039304340021404612
:100CD0003DE001F0070A5444CAF1080AAAE70026D9
:100CE00034E0002632E0002630E00827B9462DE047
:100CF000252B2BD10BF1010B01260427B94625E04A
:100D0000472BEED82A2B14D32A3BDBB24FF0010C31
:100D10000CFA03F34FF6DA7C13EA0C0F16D113F03A
:100D2000625F40F0C28013F0010F40F08D8000261A
:100D30000CE0252B03D10BF1FF3B002606E001D987
:100D4000002603E0202B01D0232BCCD115466A1CB2
:100D50006B78002B00F01B81002EC9D07A2BBED8F7
:100D60004C2BCDD34C3B2E2B62D80FF2080C5CF8E9
:100D700023F000BF4D0D0200310E0200310E0200C3
:100D8000310E0200310E0200310E0200310E02005F
:100D9000310E0200310E0200310E0200310E02004F
:100DA000310E0200410E0200310E0200310E02002F
:100DB000310E0200310E0200310E0200310E02002F
:100DC000310E0200310E0200AB0E0200310E0200A5
:100DD000410E0200410E0200AB0E0200AB0E0200FB
:100DE000AB0E02004D0D0200410E0200EB0C0200A2
:100DF000310E02004D0D0200310E0200070F0200FD
:100E0000410E0200070F0200310E0200310E0200F7
:100E10000F0F02003B0E0200410E0200310E0200D5
:100E2000310E0200410E0200310E0200350E0200AA
:100E300000268BE70427B94688E70427B94685E7EB
:100E40002B786C2B25D000263C44013CB4FBF7F4F6
:100E500007FB04F4254620B1231A4B44534500F206
:100E60001581002958D1B9F1040F00F08880B9F13B
:100E7000080F40F014811A9B073323F0070303F196
:100E800008051A9593ED007B08B184ED007B0834CA
:100E90005CE712F8023C6C2B03D000260427B9460D
:100EA000D2E700260827B946CEE72B784C2B1AD07C
:100EB0001A9B073323F0070303F108061A96D3E9B8
:100EC0000067073424F0070440B1231A0833534560
:100ED00013D82B784C2B13D0C4E9006708340026B4
:100EE0000827B94632E71A9B073323F0070303F1BB
:100EF00008061A96D3E90067E3E76FF01B00BCE031
:100F0000C4E90067EAE700260427B9469CE73146B2
:100F100000260427B94697E72C4680461A9B191DE0
:100F20001A911B680293079B154697E6624B029A3B
:100F30009A4204D3614B9A420AD3002300E0002373
:100F4000002B7FF495AE059B03F00202002094E68F
:100F50000123F5E7069B01330693B3E610B10AF1CE
:100F6000010AAFE6009B13B10AF1020AAAE6029851
:100F7000FBF7E8FA00EB0A0303F1020AA2E61A9B68
:100F80001D1D1A951B6800B123600434DEE68046FF
:100F9000231AB3F5806F80F0858090B10022026043
:100FA0009B080370009B83B1069BC370049B88F869
:100FB00002301BBB019DDDF80C90DDF810B0029FE4
:100FC0003DE05344A3F1080057E0069B4370EDE772
:100FD00001339842EED903F140026A4412F8101C22
:100FE00012F9102C002AF3DA01F07F01A4EB0802B9
:100FF0000132524559D804F8011BE9E7019B0398D7
:10100000E7E7009B43B305F140036B4413F8203C32
:1010100004F8013B019EA4EB08033344013353451C
:1010200046D805F140036B4413F8103C04F8013B2B
:101030003246394620461BF0F0FB34440135A945C1
:1010400019D9BBF1000FDCD005F140036B4413F953
:10105000103C002BD5DAF1E705F140036B4413F89F
:10106000103C58F82370002248F823203846FBF73C
:1010700069FA461CCFE7A4EB080011B0BDE8F08F79
:101080006FF00D00F9E76FF01B00F6E76FF01B0043
:10109000F3E76FF01500F0E76FF01500EDE76FF084
:1010A0001500EAE76FF01500E7E76FF01B00E4E7D3
:1010B0006FF01B00E1E700BF9CCC0300082B04008D
:1010C0002DE9F04F97B000AF8346BA61FB60D7F8C7
:1010D0008030C3F3C0033B62396111B912F0CAFB1F
:1010E00038619BF80260B14636B1D7F8803013F012
:1010F000010F0DD1002300E000239BF803207A624A
:1011000042B1D7F8802012F0020F22D1002202E073
:101110000123F2E7002202B9EBB19BF80050AA00CC
:10112000BA60DBF804207A610BEB8505BA69F2B18D
:10113000002B40F00481B9F1000F00F00F81D7F8C7
:10114000803013F0040F40F00D810020F861064656
:10115000F9E00122DFE7BB691BB1FA68396958463B
:1011600098473C6920465C37BD46BDE8F08F3C6936
:10117000E3B94D4400233B6123E0044401350136CB
:101180004E451AD22A7800235BF822201946B86906
:1011900012F085FBBAF1000FEFD0D7F888309845F0
:1011A000EBD22AF8180008F10108E6E70026C7F894
:1011B0001C80B046D7F884A0E2E7C7F81080D7F8C3
:1011C0001C80D7F8803003F00503FB604FF0000A65
:1011D000A146C7F81CB09CE000253B6A7BB9002DF6
:1011E00079D0D7F8803013F0010F79D1FB68002B4C
:1011F0006FD10223A9EB030988E00125EDE75946E9
:10120000786912F092FB0028E9D06C46002387F839
:101210002C30022387F82D308AB0694611F1100274
:1012200037D012251AB1042D01DDB14B4B610023DB
:1012300087F82830022387F829306ABB112D45DD55
:10124000122362B1042087F82C00002087F82D00BB
:1012500087F82E00012087F82F00F86A08616FF3E5
:1012600000086FF341086FF382086FF3C50802218D
:1012700061F38818C3F30A0363F353286FF31F580D
:10128000002341469B4800F075FDA546A9F10209DF
:101290003CE06FF00045C5E72B46082D01DD78697D
:1012A00088610C2B01DDC1F81CB001F12003002086
:1012B00009E000F1300C07F1280EF4441CF830CCA2
:1012C00003F801CB01300128F3D9B7E76FF01B0316
:1012D000B7E701238EE7D7F8803013F0020F15D05F
:1012E000002322461946B86912F0D9FAD7F884309B
:1012F00053B13B69D7F88820934205D2D7F88420B0
:1013000022F8130001333B61013881440AF1010ADC
:1013100035467B6A9A4510D22E4616F802BB6B788A
:10132000FA6952F82340744B9C42FFF455AF734B5B
:101330009C42FFF462AF00254FE74C4612E707F1ED
:1013400044000023FB6118B14A4629461BF065FAA8
:101350004D444FF00008C7F804901EE00020F861EB
:101360000646F0E7FE6107F134000026EBE70025B2
:101370003B6A33BB002D3BD0D7F8803013F0010F10
:1013800026D0731C06F1300207F12801561806F822
:10139000149CDEB208F1010825467B6A984549D2C3
:1013A0002C4614F802AB95F801905BF82930524AAC
:1013B0009342DCD3514A934201D30025D8E701255B
:1013C000D6E75146786912F0B0FA0028D2D0E1E7AA
:1013D000D7F8803013F0040FDCD0FA69531C303298
:1013E00007F128010A4402F8249CDBB2FB61D1E733
:1013F000D7F8803013F0020F09D0731C06F13002C9
:1014000007F12801561806F8149CDEB2C2E7F96904
:101410004B1C01F1300207F12800024402F824AC11
:101420008A1CD2B2FA6107F1580252FA83F303F828
:10143000249CAFE7D7F804909BF8003087F854302D
:101440009BF80130334487F85530D7F8803013F0DB
:10145000020F0ED1FB69C3F3470387F85730D7F863
:10146000803013F0010F06D113F0040F3DD100239B
:1014700002E00023F1E7002387F85630DBF8000094
:101480003863786DCBF80000D7F80CA05246B968E5
:101490005846BB699847041EFFF664AE386BCBF81C
:1014A00000005246F96907F13400BB6998470028EB
:1014B00057DB04EB0008B9684944786A01EB400146
:1014C00052463869411A2846BB699847041EFFF600
:1014D00049AE08EB04054FF000087E62C7F820B063
:1014E000BE69D146D7F884B01FE0FB69C4E700BFEE
:1014F00070F4030034D003009CCC0300082B0400DC
:101500004FF0000A4A46012107F12C00B04700289D
:1015100029DB0544534622464946304612F0BFF9BE
:10152000002822DB054408F101087B6A984511D2A6
:1015300008F1300307F12802134413F8143C87F82C
:101540002C303A6A52F82340BBF1000FD8D03BF858
:1015500018A0D7E7FA6800210846BB6998472C46CF
:1015600000E60446FEE50446FCE50446FAE500BF55
:1015700080B505460E46174698460FF069FB0346B0
:101580001BF082FB0446DFF8189049F80030424611
:1015900039463046A84754F8090001F083FE00BFE1
:1015A0000800000008B50446EFF31183402383F3DD
:1015B0001288BFF36F8F0BF0F5FE204613F086FB09
:1015C000024812F0DDF913F0B4FBFCE728F5030044
:1015D0002DE9F04383B0044608461546238B13F0EB
:1015E000080F05D103F0070600230093019354E090
:1015F000012909D043F02003238385F31188BFF329
:101600006F8F03B0BDE8F08343F010032383F4E74A
:10161000204612F0ECFC42E0D4F814904A466946A9
:10162000204612F0FDFC4FF00008238B03F0070763
:10163000B74269D0A268002A66D0012243F00803AD
:10164000238385F31188BFF36F8F002A64D1009B39
:101650002BB14B463A466946204612F05AFDB8F186
:10166000000F02D034492046C047EFF311854023D4
:1016700083F31288BFF36F8F238B23F00803238338
:10168000238B13F0100F4DD023F010032383012080
:10169000268B06F007060028AFD00228B8D0002815
:1016A000ABD0013804282BD801A353F820F000BF99
:1016B0001916020001170200C5160200D916020011
:1016C000ED1602002369D3F800800621204612F0AF
:1016D00064FC4FF00009A8E72369D3F804800421D3
:1016E000204612F05AFC4FF000099EE72369D3F818
:1016F00008800521204612F050FC4FF0000994E7C5
:101700004FF00008C14690E7009A0AB1002295E721
:10171000B8F1000F92D1B3E74A463946204612F09D
:1017200044FC94E713F0200F04D023F0200323831C
:101730000220ADE70020ABE74141030038B5054684
:101740000B4C00E010340B4B9C420FD263685B796A
:10175000002BF7D02946204612F0C7FD0028F1D013
:1017600023681B68294620469847EBE738BD00BF31
:10177000FCD003000CD1030070B506460D46084CA2
:1017800004E02A463146204698471034054B9C42D7
:1017900004D223689B69002BF3D1F6E770BD00BF2C
:1017A000FCD003000CD103002DE9F04107460546AB
:1017B0000AE007EA0807144B03EB06135B680422F0
:1017C0001968204600F0AAFAD5B195FAA5F6B6FA3E
:1017D00086F60D4C04EB06140123B3406FEA0308B0
:1017E00025EA0305237B002BEED03301064AD358AC
:1017F0001B69002BDDD0204698470028E4D1D8E7AC
:101800003846BDE8F08100BFFCD003002DE9F0416F
:1018100080460F46204BBFF35B8F53E8005F6A1C86
:1018200043E800210029F8D1BFF35B8F002D2FD1B1
:101830001A4C002607E0636804221968204600F06D
:101840006DFA01361034164B9C4213D2237B002BC9
:10185000F7D02368DB680BB12046984723681B69E3
:10186000002BE8D0204698470028E4D00123B3405D
:101870001D43E6E7B8F1000F0BD055B12846FFF73E
:1018800093FF0546002FF8D00A2012F034FDF4E74C
:1018900000252846BDE8F081943A0020FCD00300E2
:1018A0000CD1030008B5064B186018B1054B1B6836
:1018B000092B00DC08BD04480EF00EFCFAE700BF5F
:1018C000883A0020903A00208C09002008B5024890
:1018D0000EF002FC08BD00BF8C09002030B589B0B5
:1018E00000220F490F481AF0C3FD0F4D00220023BC
:1018F000CDE90623002404940E230393029401945B
:1019000000940A4B4FF48862094928461AF0E4FA19
:10191000084928460EF0B6FD204609B030BD00BF8C
:10192000CD18020028200020281B0020751C020072
:10193000004A002054F50300014B53F82000704783
:1019400070F5030048B108B5054A1060054B1960F1
:10195000084600F097FC002008BD6FF015007047A6
:10196000E0060020843A002008B5054B1B781BB127
:10197000034B01221A7008BD02480EF0ADFBF7E7D9
:10198000CC4900208C0900200D4BBFF35B8F53E83E
:10199000001F013143E80012002AF8D1BFF35B8F2A
:1019A00000B97047074BBFF35B8F53E8001F013945
:1019B00043E80012002AF8D1BFF35B8FF1E700BFC4
:1019C0008C3A0020903A0020064B00200146BFF3DD
:1019D0005B8F53E8000F43E80012002AF9D1BFF3F0
:1019E0005B8F70478C3A002038B5FFF7EDFF054656
:1019F000094C00E01034094B9C420BD263685B79C0
:101A0000002BF7D023685B68002BF3D029462046D3
:101A10009847EFE738BD00BFFCD003000CD10300AE
:101A2000034B18680028D4BF00200120704700BF76
:101A30008C3A002010B5044C0449204612F014F9E9
:101A4000034B1C6010BD00BFB80800205CF503000C
:101A5000803A002008B50023064A1370064A136036
:101A6000064A13604FF400410548FFF76BFFFFF78C
:101A7000E1FF08BDCD4900208C3A0020903A0020BB
:101A8000EF42030008B50146014812F04AFC08BDC8
:101A9000B808002008B5024812F0C7F908BD00BF19
:101AA000B808002008B50146024B186812F03FFC48
:101AB00008BD00BF803A002008B5024812F03BFC88
:101AC00008BD00BFB808002010B582B00022002376
:101AD000CDE90023284B187808B902B010BD68463C
:101AE00012F041FC044688B1244BBFF35B8F53E8EE
:101AF000001F013943E80012002AF8D1BFF35B8FC1
:101B00002046FFF71BFE2046FFF7CCFFFFF788FFBC
:101B100058B91B4A1368516813F57A7341F10001F3
:101B200013605160FFF7C8FFD7E71AF032FC4A0193
:101B300042EAD06243011B1A62EB0102920042EAC0
:101B400093729B001B1842EB0102D20042EA5372CF
:101B5000C3F3103343EA4243D20B0948016840689B
:101B60005B1A62EB000240F2E9318B4272F1000233
:101B7000CFD3FFF739FFCCE7CC490020903A0020C3
:101B8000202000200F4B1B7803B1704710B50021B7
:101B90000120FFF73BFE0C4C00E010340B4B9C4245
:101BA00008D263685B79002BF7D023689B682046D6
:101BB0009847F2E7FFF788FF0028FBD1014B01228D
:101BC0001A7010BDCD490020FCD003000CD10300D9
:101BD00010B582B01A4BBFF35B8F53E8002F511C36
:101BE00043E800100028F8D1BFF35B8F154B1B783A
:101BF00063B9154B1B68B3B1BAB1092A13D11348A5
:101C00001AF042FC12480EF067FA0CE0EFF3118470
:101C1000402383F31288BFF36F8FFFF755FF84F3E0
:101C20001188BFF36F8F02B010BD00220023CDE9F1
:101C300000234FF40042002304480FF095FAF2E726
:101C4000903A0020CD490020883A0020282000202A
:101C50008C09002010B50446044B1B689847A0600F
:101C60002146034812F083FB10BD00BFE0060020B0
:101C7000B80800202DE9F04100210846FFF7C6FD15
:101C8000804650B140F2676600271AF0FDFF154B01
:101C90001858FFF707FE002515E04FF0FF364FF00C
:101CA000FF37F2E74046FFF77FFD804670B94FF0FF
:101CB000FF364FF0FF3709E02C4632463B460A48D4
:101CC0000EF032FA2546B8F1000FEBD1FFF7FCFE1B
:101CD00004460028F6D1002DEED000210846FFF77B
:101CE0004BFDEAE7080000008C0900200248034B86
:101CF000C01AC008704700BFFCD00300A4CF030087
:101D000010B50C46FFF7F2FFA04203D9024B53F87F
:101D1000340010BD0020FCE7A4CF030010B5084B31
:101D2000C31A1B1101334468237143689A714368D5
:101D30001960436801225A71FFF716FE10BD00BFFB
:101D4000FCD0030000B589B00592069300230793E9
:101D500062B1074A0C9B02930B9B01930A9B009371
:101D600005ABFFF7ADF909B05DF804FB0022F1E720
:101D70007F4303002DE9F04F8BB004AF05461E46AC
:101D80008846C1F34A24002C00F089809146002245
:101D9000FA603A617A6104230293FB1801930A23E3
:101DA000009307F10C0321464846FFF789F9B0F587
:101DB000006F58D3D9F804106D4600233B730223FB
:101DC0007B738AB004AC14F1100217D012201AB140
:101DD000042801DD3B4B636100233B7002237B70D1
:101DE000CAB10346082800DDA1610C2B02DD40F2D8
:101DF000FF73E36104F1200300210AE06FF000406B
:101E0000E5E701F118063E4416F8186C03F8016B7B
:101E100001310129F5D9112822DD122342B1042113
:101E2000397300217973B9730121F973F86820615E
:101E300000216FF300016FF341016FF382016FF333
:101E4000C501022060F38811C3F30A0363F3532131
:101E50000023C1F313011C4812F011FBAD462DE025
:101E60006FF01B03DAE760F35328C0F30A0A0AEBAA
:101E70001850173020F007008008FFF703FE834654
:101E8000B0B104230293FB1801930A230093534635
:101E900000F1100221464846FFF754FF08E004EB2A
:101EA0001154173424F00704A008FFF7EBFD834614
:101EB000334642462946584612F077FA1C37BD464B
:101EC000BDE8F08F90F5030074D00300406820B1A6
:101ED000034BC01A40F3CF0070474FF0FF307047FC
:101EE000A4CF03000EB400B582B0014603AB53F893
:101EF000042B0193034801F02FFD02B05DF804EBC1
:101F000003B07047A945030030B585B011F0440F08
:101F100005D01A4B1C6834B9002005B030BD1849F3
:101F2000FFF7E0FFF9E7174B1968B2FBF1F1B1FBDE
:101F3000F4FC154AA2FB0C32D20A4FF4616E0EFB80
:101F400012CE124BA3FB0E535B0904FB1C114FF482
:101F50007A7C0CFB01F1B1FBF4F504FB15110CFBD1
:101F600001F1B1FBF4F102910195C3EB0311AEEB6A
:101F7000810100910649FFF7B5FFCEE79C3A0020AA
:101F8000D0F50300983A0020C5B3A29189888888CB
:101F9000DCF5030061B108B52AB1064A52F82320E6
:101FA00012B9054A00E0044A0449FFF79BFF08BD47
:101FB000704700BF7CF60300F8F50300842204009C
:101FC0002DE9F04105461746069EDDF81C8081B9D3
:101FD00000242EB1324611492846FFF783FF0444FE
:101FE000B8F1000F14D06FB1099B042B13D00C492A
:101FF00009E00C4B099A53F822200B49FFF772FFB6
:102000000446E6E7064942462846FFF76BFF0444CC
:102010002046BDE8F0810549F5E700BF14F603004E
:1020200004F6030090F603000CF6030000F603002C
:102030002DE9F04F87B005460C46049205939DF8B4
:102040004C7001F0020B01F0010AC1F3C00801F469
:10205000807912F092F918B3024616492846FFF724
:1020600041FF0646BBF1000F1CD13A4651462846B7
:1020700012F05AFAB9F1000F01D00023119303971F
:10208000129B0293119B0193109B00930023049ACF
:1020900041462846FFF794FF304407B0BDE8F08F73
:1020A0000026DFE7059A21462846FFF72DFF064464
:1020B000DBE700BF18F6030011F0100F0BD108B5D5
:1020C00011F0200F03D00449FFF70CFF08BD0349AE
:1020D000FFF708FFFAE77047B4F803001CF60300A7
:1020E0002DE9F04105460F46164698460699FFF73A
:1020F000E3FF0024444505DA24492846FFF7F2FEB1
:102100000134F7E7002409E020492846FFF7EAFEFA
:102110000BE01F492846FFF7E5FE01340F2C0CDCCD
:10212000002C02DD14F0070FEED0B442F1D23A5D7C
:1021300018492846FFF7D6FEEFE717492846FFF76C
:10214000D1FE002409E011492846FFF7CBFE0BE041
:1021500012492846FFF7C6FE01340F2C13DC002C71
:1021600002DD14F0070FEED0B44207D23A5D0C4BFB
:102170009B5C13F0970FEBD12E22E9E70349284629
:10218000FFF7B0FEE8E7BDE8F08100BF10F60300FE
:1021900028F6030020F603002CF6030030F60300B7
:1021A000F72904002DE9F04184B004469DF82C5035
:1021B0000C9F0E9E95B9012B1ED019484FF00008B8
:1021C00027B13B462246174911F07FFBC6B905BB34
:1021D000204612F0DCF904B0BDE8F08103950A98BE
:1021E0000290019300920B4600220F992046FFF7C0
:1021F0001FFF80460C48E3E70B484FF00008DFE77D
:102200000F9B0093434632460D99204612F0A4F9E5
:10221000DDE72A460F99204612F092F9D8E700BF71
:10222000E145030059390200A945030070B582B0A9
:102230000446056842F20F738B4228BF0B460E4AD4
:10224000052168460FF0CEFB064663685B680B22EB
:102250000A49284612F059F963685B6832466946B4
:10226000284612F052F963685B681B22044928462D
:1022700012F04BF902B070BD94FF030050F603005A
:1022800034F60300074B01221A6004E04008054AB7
:1022900013685B001360044B9842F7D8034B186037
:1022A000704700BF983A002040420F009C3A00203F
:1022B000034B01221A70034B034A1A60704700BF98
:1022C000CE490020C83A0020CC3A0020014B1960CA
:1022D00000207047B43A002008B518B9074B002217
:1022E0001A7008BD064B1B7823B141F2883019F0F3
:1022F000AEF9F6E7052012F0B5F9F2E7CE49002075
:10230000CF49002038B504460A4B01221A700A4B07
:102310001B782BB938BD651E2046FFF7DDFF2C4624
:1023200000200CF093FF0028F4D0024B1B78002B08
:10233000F1D1EFE7CE490020CF490020F8B506469D
:102340000D4604270DE02A46314600200CF0C8FE59
:10235000044614E03846FFF7D5FFDCB9114B1B7873
:10236000C3B1114B1B78002BEDD10CF07FFF2A4637
:10237000314600200CF0B4FE04460CF083FF002C24
:10238000E8D1084B1B78002BE7D0013F3846FFF718
:10239000A3FFE2E714B9034B1B7803B92C46204690
:1023A000F8BD00BFCE490020CF49002008B5034B3F
:1023B00001221A70024812F0EAF808BDCF49002045
:1023C000D0F6030008B50248FFF730FF08BD00BF94
:1023D000D0F6030010B50C46044B1868FFF7ACFAB2
:1023E00003460F2221460248984710BDB43A002008
:1023F000D0F60300014B036000207047E0F60300B5
:102400008446002300E00133074A12689A4208DD3F
:102410001A010649096801EB03108A5C6245F2D192
:1024200000E00020704700BFB8F80300E406002079
:1024300038B50C4B1B687BB10C46FFF7E1FF054636
:1024400068B1C06828B119F008F910B12560002002
:1024500038BD6FF01200FBE76FF00C00F8E76FF08B
:102460000100F5E7E406002010B50C460A68436851
:102470009A4204D84A6813444B60012010BD044AB4
:102480000121044811F0D9FF00206060F6E700BF89
:10249000E0F60300A4CF030030B585B00446C06861
:1024A00001AA16F085FC054678B9236A01998B428A
:1024B00008D0E068029A83689B689847054658B937
:1024C000019B2362284605B030BD0346064A012120
:1024D000064811F0BCFFF5E70346054A0121034811
:1024E00011F0B5FFEEE700BF00F70300A4CF030033
:1024F00024F7030070B582B0466903691E44816801
:1025000019B90025284602B070BD0446314401398E
:10251000FFF7C2FF051E23DBE0688368DB6898478E
:102520000368A568B5FBF3F203FB12555DB15D1BB3
:10253000E0688368DB689847A3682A4601792068C9
:1025400018441AF092F9A3682B44E0682268816865
:102550004D683146A847054650B9E369ABB926E056
:1025600000962B461C4A01211C4811F07BFFC9E74D
:10257000009603461A4A0121184811F073FFC1E77B
:102580002068435DDB4343550135A368AB42F7D870
:10259000E068226881680D683146A847054668B939
:1025A000E3693246A16820689847054668B92369FF
:1025B000A268134423610023A360A3E70346094AEA
:1025C0000121064811F043FF9CE70346064A01211A
:1025D000024811F03CFF95E740F70300A4CF030049
:1025E00070F7030094F70300ACF703002DE9F04304
:1025F00083B00A9FDDF82C80002854D00C46914609
:102600001E460546002951D0002A52D000930023CF
:1026100001938B68DB68084698470268B6FBF2F3C3
:1026200002FB1363002B2ED16A462549204616F083
:10263000C5FB019B002B3FD007EB080293422AD336
:10264000A368DB68204698470268B7FBF2F302FBF9
:10265000137303BBEC60C5F800906E6000232B6120
:10266000AB606F61B8F1000F02D1019BA3EB0708CB
:10267000C5F818800C9BEB614FF0FF332B620020F4
:1026800003B0BDE8F0830F4A01210F4811F0D5FED9
:102690006FF00D00F4E70D4A01210B4811F0CDFE5B
:1026A0006FF00D00ECE76FF00D00E9E76FF00D0043
:1026B000E6E76FF00D00E3E76FF00D00E0E700BF25
:1026C00069240200C0F70300A4CF0300F8F7030059
:1026D00008B5054811F054F9044811F051F90448BF
:1026E00011F04EF908BD00BF1CF8030054F80300B8
:1026F00088F8030070B48DB006460D460DF1040C49
:102700002B4C0FCCACE80F000FCCACE80F0094E8DA
:1027100007008CE80700002E45D03046002D44D03D
:1027200000230FE015F8234005EB83014A781204DB
:1027300042EA04628C7842EA0422C9780A4340F8EB
:1027400023200133032BEDD906E0191F50F8211087
:102750004A4040F8232001332B2B20D85A1E50F832
:10276000222013F0030FF0D14FEA3262110E114C08
:10277000655CC2F30741615C090441EA0561C2F38B
:102780000725655D41EA0521D2B2A25C114323F021
:10279000030230326A4452F82C2C4A40D5E701201B
:1027A0000DB070BC70470020FAE70020F8E700BFCA
:1027B00074D103001CF9030000284ED070B584B01A
:1027C0001546064600294AD0002A4AD010230A4658
:1027D0001946684612F047F82946684612F05DF837
:1027E000002414E01DF803101F48415C0DF803108D
:1027F00001330F2BF6D9684612F090F8684612F0B4
:1028000007F9013405EB0411684612F046F8082C6C
:1028100001D80023EDE7002306E01DF8032012494C
:102820008A5C0DF8032001330F2BF6D9684612F0AD
:1028300075F8611C05EB0111684612F02EF81023A3
:102840006A461946304612F00EF8102200216846FA
:1028500012F016F8012004B070BD0020704700206F
:10286000F9E70020F7E700BF1CF903002DE9F04F5E
:1028700087B000AF8146D0F800E0D0F804C085688A
:102880006E468AB06B4613F1100200F08780142167
:102890008AB10846042903DDDFF83C82C3F81480BE
:1028A000082801DDC3F818E00C2801DDC3F81CC0BE
:1028B000102800DD1D62132973DD14253AB10521AE
:1028C000397500217975B975F97578691861002134
:1028D0006FF300016FF341016FF382016FF3C501E4
:1028E000012363F38811C5F30A0565F353216FF3E0
:1028F0001F5100237348FFF73DFAB546D9F80CE0A5
:10290000D9F810C0D9F814506E468AB06B4613F14E
:10291000100249D014218AB10846042903DDDFF8EA
:10292000BC81C3F81480082801DDC3F818E00C2826
:1029300001DDC3F81CC0102800DD1D62132936DD3F
:1029400014253AB10521397500217975B975F975E4
:102950007869186100216FF300016FF341016FF393
:1029600082016FF3C5014FF0010868F38811C5F3C8
:102970000A0565F353216FF31F51524D002328467A
:10298000FFF7F8F9B546D9F81C304F4A41462846BA
:1029900011F05DFD4FF0000B5D4633E06FF000413C
:1029A00076E76FF01B0589E76FF00041B3E76FF042
:1029B0001B05C6E76FF0004046E027286BDD2821A5
:1029C0003AB10A20387500207875B875F8757869BD
:1029D00018616FF300046FF341046FF382046FF327
:1029E000C504012363F38814C1F30A0161F353247E
:1029F0006FF31F54002321463248FFF7BBF9D7F885
:102A00000CD004350F2D49D805F1080359F823A03F
:102A100005F1010805F1090359F82330BB6005F100
:102A2000020C05F10A0359F823307B6005F1030E0F
:102A300005F10B0359F823B0C7F80CD08EB06B46E4
:102A400013F11002B6D02820002AB6D0014604287F
:102A500001DD1E4E5E61082900DD9D610C2901DD4E
:102A6000C3F81CA0102901DDC3F82080142901DD62
:102A7000BE685E62182901DDC3F828C01C2901DD8B
:102A80007E68DE62202901DDC3F830E0242994DD70
:102A9000C3F834B091E76FF01B0191E7D9F86030CB
:102AA000084C0B4A0121204611F0D1FCD9F818300E
:102AB000084A0121204611F0CAFC1C37BD46BDE87A
:102AC000F08F00BFD4D003007CFA03008CFA03001F
:102AD000D0FA0300E0FA03001CFA03004CFA0300EA
:102AE00038B504460D4611B10846FFF7BFFE012C6C
:102AF00004D0294620460CF047FF38BDEFF305838C
:102B0000103B034A0121034811F0A1FCF1E700BF8B
:102B100010FB0300D4D0030030BFFFF7FDBF00BFA0
:102B200038B50446054D2A46054919F076FE054A92
:102B30000021601919F099FE38BD00BF00000000A7
:102B40005CD103000400000070B50646064D074B3B
:102B50001D444C1B2046FFF7E3FF083CC6F8A84085
:102B600005F1080070BD00BF000000000400000077
:102B7000074B9B6893F90E20002A08DB044A9269F0
:102B8000934204D0034A536843F080535360704724
:102B90005C49002000ED00E081690D4B5A6942F468
:102BA00080725A61BFF34F8FBFF36F8F31F8021CF1
:102BB0005A6922F480725A61BFF34F8FBFF36F8F4F
:102BC0004DF60273994201D00020704701207047F2
:102BD00000ED00E04FF0000C83F800C002F07F4CE5
:102BE000BCF17F4F14D102F00C0CBCF1080F04D0E3
:102BF00012F0080F09D00846704708B5054A0121B0
:102C0000054811F01AFC002008BD01221A70704717
:102C10000020704724FB0300D4D0030008B52B4AE2
:102C200001212B4811F009FC2A4B9B6A13F0007F0D
:102C300021D11D20274B9B6A13F0807F22D1254B89
:102C40009B6A13F4002F24D1224B9B6A13F4802F2C
:102C500026D1204B9B6A13F4003F28D11D4B9B6A61
:102C600013F4803F2AD11B4A936A6FEA03436FEA49
:102C70001343936208BD184A0121154811F0DDFB8A
:102C80001E20D7E7154A0121114811F0D6FB1F205D
:102C9000D5E7134A01210E4811F0CFFB2120D3E7DD
:102CA000104A01210A4811F0C8FB2220D1E70E4A40
:102CB0000121074811F0C1FB2320CFE70B4A012176
:102CC000034811F0BAFB2420CDE700BF50FB0300FE
:102CD000D4D0030000ED00E068FB03007CFB0300A0
:102CE00098FB0300B8FB0300E0FB0300FCFB0300C0
:102CF00008B500230B70034A0121034811F09DFB26
:102D000008BD00BF28FC0300D4D0030090B583B0F9
:102D100000AF0F2923DC2F4C103900233B71022315
:102D20007B718AB0EC461CF110021AD0122022B13D
:102D3000042802DD284BCCF8143000233B7002231A
:102D40007B70E2B10346082801DDCCF818400C2B5B
:102D500001DDCCF81C100CF1200300210DE01F4C0C
:102D6000DAE76FF00040E2E701F1080404EB070E38
:102D70001EF808EC03F801EB01310129F4D9112800
:102D800024DD12234AB10421397100217971B9710E
:102D90000121F9717868CCF8100000216FF300016F
:102DA0006FF341016FF382016FF3C501012060F3FE
:102DB0008811C3F30A0363F353216FF31F510023F8
:102DC0000748FEF7D7FF0C37BD4690BD6FF01B03D9
:102DD000D8E700BF4CFC030080FC030064FC030048
:102DE000D4D00300F8B505460F461446374A0121F2
:102DF000374811F022FB374B9B6A13F4805F25D1D3
:102E00001626344B9B6A13F4006F26D1314B9B6A14
:102E100013F4007F28D12F4B9B6A13F4806F3FD1AE
:102E20002C4B9B6A13F4807F41D12A4B9B6A13F48D
:102E3000005F43D1274A936A43F47F4393620121A1
:102E4000284611F01CFF20703046F8BD224A0121AF
:102E50001F4811F0F2FA1726D3E7204A01211C4837
:102E600011F0EBFA1826D1E71D4A0121184811F09C
:102E7000E4FA184A936B926A12F4004F01D11926B2
:102E8000C9E7184A0121124811F0E1FA37B1114A95
:102E9000936A23F4004393621926BCE71926BAE724
:102EA000114A01210A4811F0C8FA1A26B8E70F4A58
:102EB0000121074811F0C1FA1B26BBE70C4A01218A
:102EC000034811F0BAFA1C26B4E700BF94FC0300D3
:102ED000D4D0030000ED00E0ACFC0300C0FC030014
:102EE000D4FC0300F0FC030008FD030024FD0300F4
:102EF0003CFD03002DE9F04104460F461546464AC5
:102F00000121464811F099FA454B9B6A13F0100FC6
:102F10003CD11026424B9B6A13F0080F3DD1404B29
:102F20009B6A13F0020F3FD16FF015083C4B9B6A70
:102F300013F0010F58D13A4B9B6A13F0200F5AD16E
:102F4000374B9B6A13F0100F04D1354B9B6A13F07B
:102F5000020F04D0324B5B6813F4006F52D1304B38
:102F60009B6A13F0200F04D02D4A536A23F40053B8
:102F700053622B4A936A43F0FF0393620121204678
:102F800011F07DFE28703046BDE8F081254A012110
:102F9000224811F052FA1126BCE7234A01211F48AA
:102FA00011F04BFA1226BAE7204A01211B4811F012
:102FB00044FA1B4BD3F834809B6A13F0800F03D183
:102FC0006FF015081326B1E74346194A012113484B
:102FD00011F03DFA37B1124A936A23F080039362ED
:102FE0001326A3E71326A1E7124A01210B4811F08B
:102FF00024FA14269FE7104A0121084811F01DFA0F
:1030000015269DE72146404600F0F0FA0028A6D09C
:1030100080F309880226A2E76CFD0300D4D00300E8
:1030200000ED00E084FD0300C0FC0300B8FD0300D8
:10303000D0FD0300E8FD03003CFD030070B506462B
:103040000D462B4A01212B4811F0F7F900232B7074
:10305000294BDC6A14F002040AD1274BDB6A002BEF
:103060000DDB254BDC6A14F080440ED1204670BD88
:10307000224A01211F4811F0E0F90024F6E7204A16
:1030800001211C4811F0D9F9F0E71E4A0121194825
:1030900011F0D3F93046FFF77FFD98B9164B9B6AC4
:1030A00013F0FF0F16D1144B9C6A14F47F4418D10F
:1030B000114B9B6AB3F5803FD8D33046FFF7AEFD86
:1030C0000446D3E73368104A01210A4811F0BFF9DA
:1030D0003468CBE72A4601213046FFF70BFF044650
:1030E000C4E72A4601213046FFF77CFE0446BDE7CF
:1030F00008FE0300D4D0030000ED00E020FE030032
:1031000044FE030054FE030074FE030030B59DB07E
:103110001A4B5C68C4F30804002383F31188BFF3DF
:103120006F8F0DF16E03FFF755FD05460DF16F0230
:10313000214611F0A6FD9DF86F300BB11DB030BDDA
:1031400004466822294601A819F067FB9DF86E30F5
:103150004BB1089BC3F308025AB96FEA53236FEAD5
:103160004323089305E0089B23F4FF7323F0010336
:10317000089301A92046FFF7B3FCDFE700ED00E06C
:10318000024A536943F010035361704700ED00E0B9
:10319000EFF30880EFF3098101B57246FFF7B6FF40
:1031A00001BD00BF002013490870002080F314887F
:1031B000BFF36F8F0BF062F900200F490860BFF377
:1031C0004F8F0E4880F3088800F042F8402080F3CB
:1031D00011880B484FF40461401880F30988EFF31D
:1031E00014800221084380F31488BFF36F8F00F02E
:1031F00061F90000D549002094ED00E0007A00203C
:10320000006C0020BFF34F8F0549CA6802F4E062EA
:10321000044B1343CB60BFF34F8F00BFFDE700BFEC
:1032200000ED00E00400FA05084BD3F89000C0F36D
:103230000720002306E0054AC2F898300021C2F8B2
:10324000A01001338342F6DB704700BF00ED00E0C1
:1032500010B572B6002484F31388FFF7E5FF234608
:1032600008E003F120010E4A4FF0FF3042F8210040
:103270000133DBB2072BF4D9002308E003F160012E
:10328000074A4FF0FF3042F821000133DBB2072B31
:10329000F4D962B6BFF34F8FBFF36F8F10BD00BF7D
:1032A00000E100E008B50A4B9B68834202D018F0A9
:1032B000BFFF08BDEFF30583002BF8D0054B5A681C
:1032C00042F080525A605A6A22F400425A62EEE793
:1032D0005C49002000ED00E00A4A9368C3F8AC00A6
:1032E0006FF00A01C3F8B01007494B6843F08053F0
:1032F0004B60002383F31188BFF36F8F9368D3F87B
:10330000B00070475C49002000ED00E010B50346B6
:10331000134A916881F8F500EFF31181402181F3A0
:103320001288BFF36F8F906990600E4A4FF0006172
:103330005160D0F8A8100C4A116023F0FF0390F8F8
:10334000F52043EA0204D0F8AC300022C0F8AC20EB
:1033500083F31188BFF36F8F00F006FA204610BD8B
:103360005C49002000ED00E0E43A002019498A6839
:1033700082F8F5E04FF030001044EFF3098C80E85C
:10338000F01F1EF0100F03D102F1B40080EC108A80
:1033900074467046FFF7BAFFA6460E498A6886460D
:1033A0001EF0100F03D00023E1EE103A03E002F10B
:1033B000B40090EC108AEFF3148323F0040383F33A
:1033C0001488BFF36F8F02F1300090E8F01F8CF388
:1033D000098870475C4900201EF0040F0CBFEFF312
:1033E0000880EFF30980816911F8021C0229FFD0DF
:1033F00001B511F038FC01BD002807DB00F01F0209
:10340000400901239340024A42F82030704700BF30
:1034100000E100E000280CDB00F01F02400901235E
:1034200093402030034A42F82030BFF34F8FBFF360
:103430006F8F704700E100E0002808DB4901C9B246
:1034400000F1604000F5614080F80013704700F023
:103450000F004901C9B2014B1954704714ED00E047
:103460004209054B53F8222000F01F00012303FA04
:1034700000F01040704700BF00E100E00C4BD3F8B3
:10348000882022F47002C3F88820D3F8882042F400
:10349000A002C3F8882003F500734FF040425A633E
:1034A000BFF34F8FBFF36F8F0023E1EE103A7047E9
:1034B00000ED00E008B5094B23F07F03084A936054
:1034C000BFF34F8FBFF36F8FFFF7D8FF0CF00AFCED
:1034D0000DF08AFC00F010F90CF064FC00C2000052
:1034E00000ED00E010B4017B11F0020F09D0D0F81C
:1034F00098104031C0F89810D0F89C104039C0F8AE
:103500009C10A2F12004154942F8081C21F0010189
:1035100042F8081C42F8203C019B42F81C3C029BEC
:1035200042F8183C039B42F8143C4FF0807342F879
:10353000043C04650023C0F8AC30C0F8F430FD232F
:1035400080F8F530037B13F0020F03D04FF60853D9
:10355000C0F8F4305DF8044B704700BF71150200ED
:10356000037B13F0020F1ED190F8F53013F0100F0B
:1035700019D01D4A536B23F080435363D0F8F430C5
:1035800013F0080F2DD023F00803C0F8F430D0F862
:103590009830403BC0F89830D0F89C304033C0F8A9
:1035A0009C3040207047104A536B43F08043536374
:1035B000D0F8F43013F0080F0DD143F00803C0F831
:1035C000F430D0F898304033C0F89830D0F89C30C0
:1035D000403BC0F89C30037B43F002030373802020
:1035E00070474020704700BF00EF00E0164B9B681B
:1035F000FBB1D3F8F42012F0080F0FD0802210F1A5
:10360000160F0DD010B4D3F89840A21A824212D8E7
:10361000844214D98C4209D800200DE04022EEE704
:10362000D3F898208A420CD800207047D3F898002D
:1036300002E00020704700205DF8044B7047002036
:10364000FAE7D3F8980070475C490020124B9B685A
:1036500083421BD1EFF30583DBB9EFF311824023E3
:1036600083F31288BFF36F8F037B23F0020303738E
:10367000EFF3148323F0040383F31488BFF36F8FF5
:1036800082F31188BFF36F8F002070476FF0150031
:1036900070476FF0150070475C49002008B505467B
:1036A0000E46144611F030FB0C4B9D60D5F8A82057
:1036B0000B4B1A60284600F057F8A446644686F380
:1036C00009884FF00000074B984720464FF0000153
:1036D0004FF000024FF00003034C20475C490020EC
:1036E000E43A0020254D030071150200014B102221
:1036F0001A61704700ED00E0002206E003F00F03BE
:103700000949194440230B760132262A0ADC53B2B8
:10371000002BF3DB03F1604303F56143402183F8A1
:103720000013F1E7704700BFFCEC00E008B5EFF3D1
:103730000583103B044A02EBC301496852F8330089
:103740008847FFF715FA08BD0CCE030008B5034BF8
:10375000034A0121034811F010FC08BD00000120BC
:103760000000002090FE030010B50446FFF7F8FEAD
:103770000346D4F89820121A044802604360044BB0
:103780008360012111F0FDFB10BD00BFE83A00206D
:1037900000000B15084AC2F898000B6823F01F03BD
:1037A000034343F01003C2F89C308B6843F00103DD
:1037B000C2F8A030704700BF00ED00E010B504462D
:1037C0000A4BD3F89030C3F30723013B984203D848
:1037D000FFF7E0FF204610BD0346054A01210548DA
:1037E00010F035FE6FF01500F5E700BF00ED00E0CA
:1037F000A0FE0300BCD003002DE9F04780460F4631
:103800009A461646002409E02946F0B211F0BEFAA5
:10381000064610F1160F1AD001360134BC4216DAF2
:1038200004EB440508EB85056A68002AF5D0BAF177
:10383000000FE9D0284611F098FA0028E4D1234679
:10384000044A0121044810F002FE6FF015063046CC
:10385000BDE8F087C8FE0300BCD0030010B5034CE0
:1038600001232278FFF7C8FF207010BDD049002047
:1038700008B500230B4A1278FFF7BEFF10F1160FB0
:103880000FD0024606E0084BC3F898200021C3F889
:10389000A0100132044BD3F89030C3F307239342B6
:1038A000F1DC08BDD049002000ED00E0044B05220A
:1038B000C3F89420BFF34F8FBFF36F8F704700BFE3
:1038C00000ED00E0BFF35F8F024B0022C3F89420AD
:1038D000704700BF00ED00E038B51C4B1D681C4B65
:1038E000D3F89030C3F307239D422BD8FFF7EAFFAC
:1038F000002409E0154B5B6804EB440103EB8101F4
:103900002046FFF747FF0134A542F3D81148057060
:1039100011F05BFA10F1160F13D00E4B1A780C4B06
:10392000D3F89030C3F307239A4207DA084BC3F861
:1039300098200021C3F8A0100132F0E7FFF7B6FF8E
:10394000002038BD4FF0FF30FBE700BFECFE030066
:1039500000ED00E0D049002030B587B00D4611469B
:103960000024009401940294039404940594022288
:103970008DF80220044A0192049005951A46684683
:103980000EF0F8F807B030BD8B4F030008B50649BC
:1039900021F00701C1F1005202F5803203480FF017
:1039A000DDFE002008BD00BFEBD90020F43A002066
:1039B0000123044AC2F840354FF08042C2F87835FE
:1039C0000020704700E0014030B108B5034B800192
:1039D00043F00103984708BD704700BFD0D30300F0
:1039E00010B5064C01E098470434054B9C4203D2C5
:1039F0002368002BF7D1F7E7002010BD50D103005A
:103A00005CD103000146094B186808B1036804E063
:103A1000034602E01A461846134630B142898A42EC
:103A200003D0002BF6D01A68F5E77047003B002062
:103A30000B4B1A680AB1136804E0134602E01946FA
:103A40001A460B4632B15189814203D0002BF6D081
:103A50001968F5E70AB1D06870470020704700BFC9
:103A6000003B002000230360054B5B681BB118601E
:103A7000034B58607047024B58601860704700BF96
:103A8000003B00202DE9F04182B004460E469046EE
:103A900085682F1D0221384617F01CFDF0B94FF044
:103AA00000080221384617F01FFD18EA000F29D040
:103AB0006A682B68DB68D21A083A6946304611F00A
:103AC00080FA6B682A68D1685B1A138269462046BF
:103AD00011F0B8FA002002B0BDE8F08102220A49D4
:103AE000384617F0DBFC10B94FF00008D9E7414623
:103AF000384617F0A8FC10B14FF00108D1E74FF09D
:103B00000008CEE70720E6E720FF03000AB90120FE
:103B1000704770B504460D461646A0F84810A0F848
:103B20004A200322194917F0B9FC08B9002070BDDA
:103B30000221204617F0CEFC08B90020F7E7052245
:103B40001349204617F0AAFC08B90020EFE72946E0
:103B5000204617F083FC08B90020E8E702220D494F
:103B6000204617F09BFC08B90020E0E731462046CC
:103B700017F074FC08B90020D9E70221204617F09D
:103B8000B3FC08B10120D2E70020D0E76CF60300B7
:103B900024FF030020FF03002DE9F04190B083686B
:103BA00013F0030F1DD1074610F0CAFD00EB0023F0
:103BB0001B0443EA002340EA0305D7F808800026E7
:103BC000B0452ADDA8EB06043F2C00D9402423464B
:103BD0006A463146384610F05CFD002803DB0023BE
:103BE00014E011F0D8F903460F4A01210F4810F0F4
:103BF0002EFC0B2014E0B3EBA20F0CDA10AA02EBA0
:103C0000830252F8402C954209D101332246002C00
:103C1000F1DAE21CEFE74036D2E7012000E00020B5
:103C200010B0BDE8F08100BF2CFF03009CD0030062
:103C300010B584B011F0DDFB041E2DDB03A9E0B24A
:103C4000FEF7F6FB00280CDB0398FFF7A5FF044600
:103C500080B101281ED0039810F01AFD204604B050
:103C600010BD009023460D4A01210D4810F0FAFBCB
:103C70000A24F3E703988268002110F040FD04460F
:103C80000028E8D00346074A0121054810F0DFFB71
:103C90000D24E0E70024DEE70E24DFE754FF0300F5
:103CA0009CD0030078FF0300F0B585B00F461546A1
:103CB0001E4611F09EFB041E23DB03A9E0B2FEF7B3
:103CC000B7FB68B933462A463946039810F0E1FC41
:103CD0000446039810F0DCFC5CB9204605B0F0BD4A
:103CE00000902346084A0121084810F0BBFB0A2433
:103CF000F3E72346064A0121044810F0A8FB0B24F1
:103D0000EBE70E24E9E700BF54FF03009CD003005B
:103D100098FF030070B50C4615461E4628B9094B9E
:103D20001978094810F07FFD38B933462A462146F4
:103D3000054810F055FD10B970BD0A20FCE70C20B5
:103D4000FAE700BF303D0020083B002000230B6055
:103D50004B608B60CB600B614B614368B3F1FF3FFD
:103D600000F0828070B586B005460C46002B66D107
:103D700003691F2B57D98368B3F1FF3F55D00B6000
:103D800000234B60C66832683B4B9A424FD1826930
:103D9000202A4ED842B1394B1B68B3F1FF3F03D004
:103DA000364B1B7B9A4221D0286811F02BFBE06038
:103DB000002840DB03A9C0B2FEF73AFBE8B9AA68C5
:103DC000039883689A4221D810F062FC2B7F002B65
:103DD00044D004A811F039FC78BB06F1140104A802
:103DE00011F024FB002839DB1B2040E04169244806
:103DF00018F043FD0028D7D139E0E3680090214A4C
:103E00000121214810F02EFB0A2030E010F040FC88
:103E1000AB68039A926800921C4A01211A4810F07C
:103E200021FB1E2023E0162021E015201FE0172093
:103E30001DE018201BE0092019E01A2017E00F4BA5
:103E40001A68CA60996821600022626042685B68F3
:103E50009A420BD103691A4491420AD32B69A36099
:103E600001232374002002E014207047002006B0D4
:103E700070BD1F20FBE700BF3DB8F396303D00202A
:103E80003D3D002054FF03009CD00300BCFF030015
:103E900070B584B00D4611F0ACFA041E18DB03A90E
:103EA000E0B2FEF7C5FA064648B9039810F048FCA0
:103EB0002870039810F0ECFB304604B070BD009001
:103EC0002346044A0121044810F0CCFA0A26F3E7FD
:103ED0000E26F1E754FF03009CD00300F0B595B027
:103EE00005460C46174604AA02922023039313ABFF
:103EF0006946204600F0B6FA10B1012015B0F0BDB9
:103F000006460F21284617F0E5FA10B906F0010021
:103F1000F4E704224449284617F0C0FA0028F5D0F7
:103F200004F00101284617F099FA0028EED0072284
:103F30003E49284617F0B2FA0028E7D00CA9684697
:103F400000F00CFA002869DB00238DF848301922B4
:103F50000CA9284617F0ACFA0028D7D0042234491F
:103F6000284617F09BFA0028D0D002A9284617F05F
:103F70008BFA0028CAD008222E49284617F08EFA5C
:103F80000028C3D0139B13F0100F0CBF0121002198
:103F9000284617F0BBFA0028B8D007222649284641
:103FA00017F07CFA0028B1D0C7F34001284617F07B
:103FB000ADFA0028AAD009222049284617F06EFA47
:103FC0000028A3D0C7F38001284617F09FFA0028E5
:103FD0009CD006221A49284617F060FA002895D08E
:103FE00007F00101284617F091FA00288ED0092227
:103FF0001449284617F052FA002887D0C7F3C001A9
:10400000284617F083FA002880D00F21284617F0A1
:104010006BFA00283FF47AAF012677E705220A49B8
:10402000284617F03BFA97E7E0FF0300E8FF03009C
:10403000DC170400F8FF0300040004000C00040077
:104040001800040020000400F0FF03002DE9F043F5
:1040500083B000AF06468846154611F0CAF9391DEF
:10406000C0B2FEF7E5F9002864D12A46B04514BF76
:1040700000210121786815F05BFE044600284FD02E
:10408000E9468AB06B4613F1100240D018209AB16D
:104090000146042803DDDFF8A4C0C3F814C00829D2
:1040A00000DD9C610C2900DDDE61102901DDC3F813
:1040B0002080142900DD5D6217282BDD18253AB118
:1040C0000621397000217970B970F970386818616B
:1040D00000216FF300016FF341016FF382016FF371
:1040E000C501012363F38811C5F30A0363F3532168
:1040F0006FF31F5100231048FDF73CFECD46012C05
:104100000DD0042C14D0032C07D0012408E06FF04C
:104110000040BCE76FF01B05D1E7172400E00C243A
:10412000786810F0B5FA20460C37BD46BDE8F0833C
:104130001D24F5E70A24F6E79CD003002C000400B8
:104140002DE9F04383B085680435062241492846AD
:1041500017F0A4F990B9002411F043FA002604B135
:10416000AEB12CB10221284617F0B9F900285DD173
:1041700011F038FA072003B0BDE8F0830221284689
:1041800017F0A3F908B10124E6E70024E4E70023CF
:104190008DF807300DF10701304611F067F9074639
:1041A000304611F020FA044680F001089DF80730EF
:1041B000022B0AD04FF00509A74209D0A3B1022B68
:1041C00014D0012B14D0002703E04FF00109F3E7CE
:1041D0000027444518DA4A4621462846FFF77EFE66
:1041E00040B900240136BAE70A27F2E70427F0E7CE
:1041F0000227EEE73A4641462846FFF76FFE08B130
:104200000124EFE70024EDE73A4641462846FFF750
:1042100065FE08B90024E5E74A4621462846FFF72F
:104220005DFE08B10124DDE70024DBE70B220A492B
:10423000284617F033F920B10021284617F003F97A
:1042400018B911F0CFF9072095E711F0CBF900204C
:1042500091E700BF8000040088000400F0B597B02B
:10426000054600238DF85730149312AA1293139326
:10427000364908910421099135490A910B928DF82C
:104280003030344A0D9207220E92334A0F920DF1CC
:10429000570210928DF844308068071D686814AB8F
:1042A000022208A9043011F01EF8041E0CBF0126DA
:1042B000002646D111F095F9139AEAB99DF85730C6
:1042C0009BB111F092F911F08EF99DF8571011F091
:1042D0001BF958BB2846FFF733FF054668BB11F0B2
:1042E00081F986B3204617B0F0BD18220121384667
:1042F000FFF70CFC0646F2E7202A06D0182201211F
:104300003846FFF703FC0646E9E71299684618F0BD
:1043100084FA0021684611F07AF90028D5DA0822DB
:1043200001213846FFF7F2FB0646D8E782B20121A9
:104330003846FFF7EBFB0646D1E711F053F92C4660
:10434000D0E70324CEE70724CCE700BFDC17040046
:10435000DBAF0300940004007FB0030070B582B0AF
:1043600004460E46437842880192009303780F4A30
:10437000192130460DF036FB051E0EDB63680BB9C4
:1043800000200BE00A4AC5F1190170190DF02AFB53
:10439000002803DA4FF0FF3003E00020002D02DB9D
:1043A000284402B070BD4FF0FF30FAE79C000400D3
:1043B000A8000400042810D91C281CD8092814D3EC
:1043C000012383400D4A134211D10D4A1A4082B98C
:1043D00013F4004F07D101207047032801D20120B8
:1043E0007047052070470220704701207047032066
:1043F0007047062070470120704700BF00407803D7
:104400000002001810B5054C30220021204618F09B
:104410002CFA4FF0FF33236010BD00BF303D002069
:1044200008B50248FFF71EFB08BD00BFE8060020E4
:1044300010B58468043403220849204617F02EF88A
:1044400008B9072010BD064B5968204617F011F82F
:1044500008B10020F6E70720F4E700BFACD703005F
:10446000303D0020F0B58DB004460E4615461F467F
:104470000DF10301FFF70CFD002840F0818020239F
:1044800004AA00212046FFF70FFC0246002878D13D
:104490002EB108229DF80310304618F0E6F99DF879
:1044A000033003EB0322120442EA03221343049A6B
:1044B00039498A4203D09A4225D0172261E01EB1C1
:1044C00009AB03CB306071600FB1089B3B60BDF856
:1044D0001830079A1344029346F6081301AA02A95A
:1044E000204611F063F810B9019B043B029346F695
:1044F000071301AA02A9204611F058F80746002820
:1045000042D100260FE003223BE0BDF80E104FF62B
:10451000FF72914217D1052233E0BDF80E30029AA6
:1045200013440433029302990A1D019B9A4224D832
:10453000042303AA2046FFF7B7FB024608BBBDF8D9
:104540000C30FF2BE1D0102BE7D1BDF80E30202B23
:10455000E3D1DEB9029B191D029165B12433019AA2
:10456000934215D820232A462046FFF79DFB02469A
:1045700038B90126D7E70126D5E75EB13A4600E013
:10458000022210460DB0F0BD0422FAE70622F8E739
:104590000722F6E70822F4E73DB8F39670B58AB033
:1045A00085684468043411F020F811F01CF880F09C
:1045B00001000790002306931A4A019204220292F6
:1045C000194A039207AA04928DF8143006AB01220F
:1045D00001A9204610F087FE10BB043506460023D3
:1045E0001A4608A90798FFF73DFF18B9079810F079
:1045F0005EFF48B90798FFF71BFB0446FFF702FF71
:1046000044B930460AB070BD092201212846FFF79F
:104610007DFAF6E7A2B201212846FFF777FAF0E724
:104620000326EEE7E0FF0300C7AF03002DE9F04FDC
:10463000AFB0054686684768043700242D940DF115
:10464000940820222146404618F00FF94FF0FF331E
:10465000269327936D4B0093052301936C4B029394
:10466000CDF80C808DF810406A4B05930423069317
:10467000694A079228AB08938DF82440674B0A9348
:1046800003230B9366490C9127A80D908DF83840B1
:1046900064480F901093119126A912918DF84C4007
:1046A00061491491159316922AAB17938DF86040C7
:1046B0005E4B199307231A935D4B1B932CAB1C93F2
:1046C0008DF874402DAB06226946384610F00BFE7B
:1046D000041E0CBF4FF001084FF0000840F091801D
:1046E00004361EA925A8FFF731FB074600282BD169
:1046F0009DF88890B9F1000F35D04E4B219A1A6081
:104700001E9A9A60DDF898A0BAF1000F30D0299B6C
:10471000002B53D0474A51680B44926893423ED0D5
:104720000023209A28995046FFF7F4FA07460028FC
:1047300037D1404A536820990B44536092689342A2
:104740003ED04FF000093BE003463B4A01213B4885
:104750000FF07DFEBAB201213046FFF7D7F980464F
:104760004FF000092CE02846FFF762FE04463BE0CC
:1047700000225A60DDF8ACB083F80CB05A462A9992
:1047800003F10D0018F049F80BF10800294B18440B
:10479000CBF120020021053018F067F8B7E74B464F
:1047A000BFE70346264A012124480FF050FEBAB263
:1047B00001213046FFF7AAF9804601E04FF00009D9
:1047C0001C4B59689B683A46994214BF002101214D
:1047D0002698B0FA80F0400910F009FF47B1FFF7C2
:1047E00011FEB8F1000F0ED020462FB0BDE8F08FBB
:1047F0002846FFF71DFEB9F1000FF2D0FFF702FEC9
:10480000EFE70324F0E70724EEE700BFAC00040065
:10481000C7AF03004C250400DBAF0300B400040065
:10482000D1AF0300ACD70300B8000400BC00040003
:104830007FB00300303D0020C40004009CD0030082
:10484000E400040008B50248FFF70CF908BD00BFFA
:10485000F806002030B589B08468406806AA0023B5
:10486000069307932549009105210191244902915E
:1048700003928DF8103005AB01226946043010F028
:1048800032FD88BB04340546059B7BB90A221D49CD
:10489000204616F003FE08B9072526E007221A492C
:1048A000204616F0FBFD00BB07251EE0134A012140
:1048B000684610F077FDD8B1079A042A1AD10699F4
:1048C000124817F0DAFF0546B0B904220F49204616
:1048D00016F0E4FD08B9072507E00321204616F08D
:1048E000B2FD10B9072500E00325284609B030BD08
:1048F0000325FAE70325F8E70325F6E7500104004E
:10490000E5AF030058010400640104006C010400D9
:1049100010B58468043408220F49204616F0BEFD05
:1049200008B9072010BD40F6AB11204616F096FDE1
:1049300008B90720F6E709220849204616F0AEFD1F
:1049400008B90720EEE70421204616F087FD08B1DC
:104950000020E7E70720E5E7740104008001040078
:1049600008B54FF40052002302480BF07BFD0020F5
:1049700008BD00BFC802002030B589B04568846812
:1049800006A9002306930793114A0092012201927F
:104990001048029003918DF8103005AB6946281D30
:1049A00010F0A1FC80B90434054601220A492046D2
:1049B00016F074FD08B9072507E006A9204616F091
:1049C00068FD10B9072500E00325284609B030BD71
:1049D000A8F70300E5AF0300440A040010B582B055
:1049E000074C204617F0AAF9064B009303234FF417
:1049F000046205492046F7F7CBFD002002B010BD48
:104A0000602000200C020400804E002008B5002227
:104A10000023024813F0DCFD08BD00BFC40A0020DB
:104A2000836A6BB110B5044610F06FFE064920464C
:104A300017F0E5F804F1100016F0ADFF002010BDEE
:104A40006FF01500704700BFA356030010B5044671
:104A5000103013F0FAFD2146014817F03AF910BD65
:104A600060200020836B002B3BD0F0B587B004465C
:104A70000F4617F00BF910F0050F03D1684616F03A
:104A80008AFF07E0204617F04AF9F7E73146684603
:104A900013F0DBFD04F1100500220023284613F07B
:104AA0009DFD064668B1A36B3946304698470028FD
:104AB000ECD12146304610F01CFEEBE7284613F0FF
:104AC000C4FD00220023684613F088FD014600283B
:104AD000F4D123691BB12146024817F0FAF807B058
:104AE000F0BD70476020002000230BB1002070470C
:104AF00003EB0312054951F83220824201D0013301
:104B0000F3E703EB031301EBC300704778210020A8
:104B1000F0B583B000AF0546FFF7E6FF044629462F
:104B20002948FFF79FFFA4B1002584F8695020466B
:104B300040F8085B17F059F904F1380017F055F9FF
:104B400084F8685004F16C000BF0C6FA0C37BD46CF
:104B5000F0BD6E4688B06B4613F110022DD00C21CB
:104B60003AB10846042901DD184C5C61082800DDD3
:104B70009D610B2924DD0C243AB1032139710021F8
:104B80007971B971F9717868186100216FF30001CA
:104B90006FF341016FF382016FF3C501012363F3EA
:104BA0008811C4F30A0363F353216FF31F510023E9
:104BB0000748FDF7DFF8B546C8E76FF00041CFE7DB
:104BC0006FF01B04D8E700BF603D00201402040012
:104BD000ACD0030070B500240CB1002070BD04EB14
:104BE0000413214A52F833300BB10134F4E704EBDB
:104BF000041342F83300002502E0234693B1012557
:104C00001DBB1A48027804EB0411174B03EBC103D8
:104C100083F86920531CDBB20370002BEDD1931C89
:104C20000370EAE79C420ED003EB03110E4850F8E4
:104C3000311041B103EB03100B4901EBC00191F8B6
:104C400069108A42DCD00133D8E7260104EB041056
:104C5000C0006830044D284404300BF08DFA26441F
:104C600005EBC600BAE700BF78210020D14900203B
:104C700010B50C46084810F04DFD002800DB04B1CB
:104C800010BD054C204610F0B4FD002303600371F5
:104C9000204610F0A0FDF3E7603D002030B583B062
:104CA0000446FFF721FF60B1054690F8683013F025
:104CB000010F08D04FF42032002305F108000BF05B
:104CC000D9FB03B030BD084A6B4692E8030083E885
:104CD00003001946204610F0C7FD95F8683043F0F0
:104CE000010385F86830E5E7A0D103002DE9F0471E
:104CF00082B000AF804615461C46FFF7F5FED0B1E6
:104D00008146DFF8F8A0504610F004FD0646224622
:104D10002946504610F006FD054610F10C0F66D0EE
:104D2000002845DB002E50DB002D5BD020460837E5
:104D3000BD46BDE8F0876D4688B06B4613F11002A2
:104D400030D00C2142B10846042901DD294C5C61B8
:104D5000082801DDC3F818800B2926DD0C243AB1A0
:104D60000321397100217971B971F971786818617D
:104D700000216FF300016FF341016FF382016FF3C4
:104D8000C501012363F38811C4F30A0363F35321BC
:104D90006FF31F5100231848FCF7ECFFAD466FF08E
:104DA0001000C4E76FF00041CCE76FF01B04D6E7BA
:104DB000504610F01EFD10B10022026002710F4833
:104DC00010F009FD6FF01200B1E70C4810F011FD72
:104DD00006464046FFF762FFC6F8008099F8693042
:104DE0003371A1E70021054810F0DDFC9EE76FF06C
:104DF00010009CE714020400ACD00300603D0020CA
:104E000000B585B0024690F8303013F0010F0CD099
:104E100009496B4603C983E80300194652F8380C68
:104E200010F022FD05B05DF804FB02AB034903C995
:104E300083E803001946F1E7A0D10300A8D10300DD
:104E400010B582B004466B46084A92E8030083E836
:104E50000300194654F8080C10F006FD94F8603071
:104E600023F0010384F8603002B010BDA8D1030024
:104E70002DE9F04F93B0044600230C930D930E934D
:104E80000F9310931193424B0D93C3680E93414BB4
:104E9000109310F0B2FC002868D0804603A903F0FC
:104EA00093FE05460190002862D19DF82C30022B1C
:104EB0000BD0052504F1180010F0A1FC204610F0DD
:104EC00000FC284613B0BDE8F08F204610F0E8FC47
:104ED000074600284ED04046FFF706FE81460028D0
:104EE0004AD090F86930002B48D0227F934201D0FD
:104EF0000525DFE700F16C0B58460BF03DF94FF04C
:104F0000000A564618E0ADF83C700CA9404606F081
:104F1000EBF9054610F10C0F1DD0B8BB3E44B6B2FC
:104F2000E36833440E934FF0FF324FF0FF3358469F
:104F30000BF0FAF84FF0010A238AB342BAD999F874
:104F40006920EAB1217F8A421CD1F2199A42DADD46
:104F50009B1B9FB2D7E7BAF1000F03D1132F13D9D0
:104F6000C7F34F070BF0B2FD019DE5E70525A1E76B
:104F700005259FE701259DE705259BE7052599E781
:104F8000052597E7052595E7022593E7012591E794
:104F9000940204004D58030070B5002404B170BDA4
:104FA000250104EB0413D8000830074E07493044AC
:104FB00016F0CBFE2B19D80038300549304416F0D6
:104FC000C4FE0134EAE700BF78210020414E020010
:104FD000014E020010B5154B01221A70FFF7DCFFDD
:104FE00000247CB11248134B8362134BC362134BF2
:104FF0000363134B4363134B8363FFF711FD0346B6
:1050000070B910BD04EB0410C00068300E4B18449A
:1050100004300122002116F0E7FC0134E4B2E0E79D
:105020000A4A01210A480FF012FAEAE7D1490020A2
:10503000603D0020714E0200A15803000B58030090
:10504000FF5703001958030078210020380204009C
:10505000ACD0030008B5044816F0FFFA08B10020F0
:1050600008BD6FF01200FBE794CD0300F0B58BB0E4
:1050700004460D4616460378032B38D8DFE803F0C4
:1050800002212B311D4B93E803000790ADF820104F
:10509000090C8DF8221063792279E178A07867787D
:1050A0000DF11C0CCDF814C00497039002910192ED
:1050B0000093A379124A314628460CF093FC0BB0BA
:1050C000F0BD104B93E803000790ADF82010090CD9
:1050D0008DF82210DFE70C4A07AB07CA03C31A801A
:1050E000D9E70A4A07AB07CA03C31A80D3E7084ABD
:1050F0000A2107A80CF076FCCDE700BFB8DE03005C
:10510000C8DE0300C0DE0300ECDE0300F8DE0300AF
:1051100094150400402928BF402100238B421CD253
:1051200030B410F803C04FEA1C1C5A000D4D15F89E
:105130000CC00D4C04F813C010F803C00CF00F0C99
:10514000013215F80C50A55401338B42E9D30648BF
:10515000002200F8132030BC70470348002200F8FA
:105160001320704710030400C43D002010B5034C09
:105170001E222146FFF77AFF204610BDA43D0020E5
:1051800070B584B002AE002402940394084B0293DD
:10519000084D284616F0D2FD00960A234FF4A86267
:1051A00005492846F7F7F4F9204604B070BD00BF62
:1051B00024030400002200200057002008B5014607
:1051C000014816F0DDFD08BD0022002010B586461E
:1051D0008C460378012B18D0022B32D003B110BDBE
:1051E000224C0FCCCCF80000CCF80410CCF80820EE
:1051F000CCF80C3023788CF81030BEF802308CF8E4
:105200000D301B0A8CF80E30E9E7184C0FCCCCF8A7
:105210000000CCF80410CCF80820CCF80C3023782F
:105220008CF81030DEF804308CF80D30C3F3072210
:105230008CF80E201A0C8CF80F201B0E8CF81030F6
:10524000CDE70068DEF80410DEF80820DEF80C3048
:10525000CCF80000CCF80410CCF80820CCF80C30C6
:105260009EF810308CF81030B9E700BF300304000E
:1052700038B50446054813F0ABF9054620B10121C5
:105280000C3013F02AFA2C76284638BD980A0020F4
:1052900010B513280ED091B10B4813F099F90446BC
:1052A00034B1012104F10C0013F017FA0123237625
:1052B000204610BD054813F08BF90446F0E70120A5
:1052C000FFF7D6FF0446F3E7140A0020F00A002097
:1052D00000238BB170470C4A32F8132032B940F4E6
:1052E0007042094C24F81320084AD1540133002B92
:1052F000F1D05DF8044B7047034A32F813200AB12D
:105300000133E6E710B4EAE74C3E0020483E0020B7
:1053100040F4704000230BB100207047064A32F879
:105320001320824201D00133F5E7034A002122F81D
:105330001310024AD05C70474C3E0020483E0020CB
:10534000C2685178084B83F870105188A3F8721026
:10535000117983F87110B2F80710A3F87410B2F83D
:105360000520A3F876207047F8020020C268034B9E
:10537000D2F80100D2F8051003C37047D003002013
:1053800030B5C46804F1010C094D4134AE46DCF877
:105390000000DCF80410DCF80820DCF80C30AEE883
:1053A0000F000CF1100C7546A445EFD130BD00BFC5
:1053B00078030020C268034BD2F80100D2F8051030
:1053C00003C370477003002008B5C068013010F0B7
:1053D00007FB024BC3E9380108BD00BFF8020020FB
:1053E000032801D902487047024B53F82000704748
:1053F0007C030400440C0400022807D1052901D9CC
:1054000003487047034B53F821007047004870472A
:105410007C0304002C0C0400032801D902487047C7
:10542000024B53F8200070477C0304001C0C04005E
:10543000C3681B788BB9094BBFF35B8F1A68BFF346
:105440005B8F02F00902BFF35B8F53E8001F43E854
:1054500000200028F9D1BFF35B8F7047CC030020F8
:1054600008B5C368B3F8012091B209B1D97801B980
:1054700008BD0548A0F80421D9780A4600F58470D3
:1054800016F0B2FAF4E700BFF802002008B5C268CF
:10549000084BB3F8043103B108BDB2F80130054838
:1054A000A0F8043191880A4600F5847016F09CFA41
:1054B000F2E700BFF802002030B583B00546084689
:1054C0004FF0000C63451AD902EBCC0112F83C40B6
:1054D000AC4208D1038A4A78934207D34B68984775
:1054E000002003B030BD0CF1010CEBE70095054A3C
:1054F000012105480EF0B6FF6FF01500F1E76FF0DF
:105500005E00EEE784030400FCCF030008B5C36827
:105510001B78034A022103480EF099FF08BD00BF23
:10552000A8030400FCCF0300012801D0002070472D
:1055300008B50622074B93F86F0003F015FB00B186
:1055400008BD05220449034B93F86F0003F00CFBE0
:10555000F6E700BFF8020020F002040010B502F0E8
:10556000BDFA1030BFF35B8F50E8003F23F080039B
:1055700040E80032002AF7D1BFF35B8F0021012001
:10558000FFF7D2FF044640B13C234372002102F0F2
:10559000E9FF204610F073FF10BD034A01210348C4
:1055A0000EF04BFFF8E700BFD0030400FCCF030070
:1055B00038B5C368B3F801501B7803B138BD0F216B
:1055C000284603F015F9044648B1002102F0CAFF4D
:1055D000A378012B0AD0204610F051FFEEE72B46AE
:1055E000044A012104480EF032FFE7E7204610F09C
:1055F00046FFE3E7F4030400FCCF030010B5C368E3
:10560000B3F801400121204603F0F2F810B110F088
:1056100036FF10BD2346034A012103480EF017FF51
:10562000F7E700BF1C040400FCCF03002DE9F043A2
:1056300083B000AFD0F80C9099F80040A30001337C
:10564000018A8B4202D84FF0000899E06E468AB07A
:105650006D4615F110023BD0142092B18446042807
:1056600003DDDFF860E1C5F814E0BCF1080F00DDF0
:10567000AC61BCF10C0F00DDEB61BCF1100F00DD83
:105680002962132827DD14233AB10521397100213D
:105690007971B971F9717868286100216FF300019F
:1056A0006FF341016FF382016FF3C501012060F3D5
:1056B0008811C3F30A0363F353216FF31F510023CF
:1056C0003D48FCF757FBB5460C37BD46BDE8F083B7
:1056D0006FF00040C1E76FF01B03D5E7013BE361CA
:1056E00082F31188BFF36F8F204602F007FD0AF0A6
:1056F000F3FC24E0A16182F31188BFF36F8F002BCC
:1057000034D0EFF31181402282F31288BFF36F8F00
:10571000DA68E2610022DA601A60626A002A47D021
:105720001360636281F31188BFF36F8F04F1280067
:105730000AF090FE204602F0E1FC0AF0CDFC2E4675
:10574000751EADB2BEB1EFF31182402383F3128810
:10575000BFF36F8FE369002BC0D16369002BCAD000
:1057600019686161A0698342C5D1C3E7134A012169
:1057700011480EF062FE204610F081FE08F101088B
:1057800099F8003098459FDA09EB8803B3F8015087
:10579000B3F803600F21284603F02AF804460028D6
:1057A000CED12B46064A012103480EF050FEE5E714
:1057B00063622362B6E700BFFCCF030088040400E5
:1057C0006C0404004004040000B970472DE9F04166
:1057D00082B00E4615460746464B0022BFF35B8F4C
:1057E00053E8004F43E800210029F9D1BFF35B8F54
:1057F000A046002C44D0204612F0C6FE00EB40002C
:105800003D4B03EB80035B88BB4240D1AC420ED0E2
:10581000204612F0D8FE0121217604F10C0738460B
:1058200012F05BFF2A8AE968384612F060FF2046D2
:1058300012F0AAFE00EB40002F4B03EB80035B68E5
:105840000BB1002E47D0204612F09EFE00EB400028
:10585000294B03EB80039B68A3B3204612F094FE10
:10586000254D00EB400005F82060204612F08CFE2C
:1058700000EB400005EB8005A8680AF02DFC21E054
:105880003B461E4A01211E480EF0E1FD1AE020466B
:1058900012F07AFE00EB4000174B03EB80035B88AD
:1058A00000933B46174A012115480EF0DBFD114BD2
:1058B000BFF35B8F53E8008F43E80042002AF9D121
:1058C000BFF35B8FB8F1000F02D0404612F0C1FE6B
:1058D00002B0BDE8F081204612F056FE00EB400019
:1058E000054B03EB80035B681A7A5968186810F05F
:1058F00027F9A8E738040020503E0020A004040047
:10590000FCCF0300C804040038B5C468B4F80150E3
:105910000121284602F06CFF98B103462278BAB103
:105920001A1DBFF35B8F52E8000F40F4005042E8AD
:1059300000010029F7D1BFF35B8F184610F09FFDDF
:1059400038BD2B46074A012107480EF080FDF7E7D6
:10595000D4F80310D4F80720C0F8AD10C0F8B12077
:10596000DEE700BF1C040400FCCF030038B504468A
:1059700004210C3012F0E6FE45782246017840887A
:10598000FFF722FF05B938BD01480AF0A5FBFAE789
:105990002004002038B5044603210C3012F0D2FE5A
:1059A0000578B0F80100E368197840F63542904276
:1059B00004D02246FFF708FF3DB938BD0B46054A23
:1059C000022105480EF043FDF7E704480AF084FB86
:1059D000F3E700BFFC040400FCCF03002004002018
:1059E00008B501210C3012F0ADFE0378024A012106
:1059F00002480EF02CFD08BD34050400FCCF030066
:105A00002DE9F04182B000AF05460C46FFF754FD8A
:105A100010F15F0F03D00837BD46BDE8F081B4F840
:105A200010804146E068FFF775FB6E4602233B712C
:105A300004237B718AB06C4614F110021CD04FF025
:105A4000160C62B16346BCF1040F01DD25496161AA
:105A5000082B00DDA5610C2B01DDC4F81C8002239E
:105A60003B7004237B70A2B1BCF1100F00DD2062FB
:105A700004F1240300210AE06FF0004CE1E701F19A
:105A80000800384410F8080C03F8010B0131012913
:105A9000F5D9BCF1150F22DD162342B1052139716C
:105AA00000217971B9710121F971786820610021B3
:105AB0006FF300016FF341016FF382016FF3C501D2
:105AC000022060F38811C3F30A0363F353216FF3D9
:105AD0001F5100230448FCF74DF9B5469BE76FF0D2
:105AE0001B03DAE758050400FCCF030038B5044671
:105AF000038A012B14D902210C3012F023FE054633
:105B000000780FF088FF10F0020F12D00423114A22
:105B100021462878FFF774FF204612F09AFD38BD21
:105B20000D4A01210D480EF092FC204612F091FD25
:105B3000F5E740F6FB230A4A0A490B480DF02EFF11
:105B4000002383F31188BFF36F8F0323184602DF0E
:105B5000DCE700BF7C0C04007C050400FCCF0300E4
:105B600098050400CC050400FC05040010B50446AB
:105B700001210C3012F0E6FD0723034A214600788C
:105B8000FFF73EFF10BD00BF9C0C0400B0B582B013
:105B900000AF0C46FFF790FC10F15F0F02D0083702
:105BA000BD46B0BD218AE068FFF7B4FA6D46002318
:105BB0003B7102237B7188B06C4614F1100214D043
:105BC0004FF00E0C22B1BCF1040F01DD224B6361DA
:105BD00000233B7002237B70A2B1BCF1080F00DDF3
:105BE000A06104F11C0300210AE06FF0004CE9E71A
:105BF00001F10800384410F8080C03F8010B0131DA
:105C00000129F5D9BCF10D0F22DD0E2342B103218C
:105C1000397100217971B9710121F97178682061B8
:105C200000216FF300016FF341016FF382016FF305
:105C3000C501022060F38811C3F30A0363F3532103
:105C40006FF31F5100230548FCF794F8AD46A6E713
:105C50006FF01B03DAE700BF1C060400FCCF030053
:105C600010B5044601210C3012F06CFD0023034AEC
:105C700021460078FFF78AFF10BD00BFD40C040056
:105C800008B50146074812F0ADFC0749074816F071
:105C900020F8031E00DB08BD054A012105480EF06F
:105CA000D6FBF8E73C040020640700201024002005
:105CB00040060400FCCF030070B582B00446038A9E
:105CC000032B18D904210C3012F03CFD42880088C7
:105CD000060BC0F30B006083FF236376238A934295
:105CE00013D00092164A012116480EF0BBFB204645
:105CF00012F0AFFC07E0144A012112480EF0A7FB96
:105D0000204612F0A6FC02B070BD0F2102F070FD1B
:105D1000054658B102F08CFD607632462146284691
:105D200010F07AFB284610F0AAFBECE7638B074AD9
:105D3000012104480EF08BFB204612F08AFCE2E7BA
:105D400084060400FCCF030060060400A8060400DB
:105D500010B5144812F05BFC88B10446037E012B99
:105D60000ED0032B0FD1FFF7A7FF0F4BD3F8443111
:105D70002BB10E490E4815F0ACFF031E0CDB10BD15
:105D8000FFF7B4FEF1E70B4A01210B480EF05FFB71
:105D9000204612F05EFCE8E7084A012106480EF0B2
:105DA00056FBECE73C040020F802002064070020CA
:105DB00010240020CC060400FCCF030040060400A1
:105DC0002DE9F84FC5682E880121304602F010FDFC
:105DD000A8B30446B5F802801FFA88F3EE881FFACC
:105DE00086FAAF881FFA87F92D891FFA85FBA3F180
:105DF0001B0292B2E02A29D8AAF11B039BB2E02B26
:105E00002AD8A9F5A4739BB244F2481293422AD827
:105E1000ABF5A4739BB244F2481293422AD8A4F87B
:105E2000BC80A4F8BE70A4F8C060A4F8C25020469C
:105E300002F088FD204610F022FBBDE8F88F3346C3
:105E4000104A012110480EF002FBF6E70F4A02212A
:105E50000D480EF0FCFACFE753460D4A02210A48DE
:105E60000EF0F5FACDE74B460A4A022106480EF03D
:105E7000EEFACDE75B46084A022103480EF0E7FA46
:105E8000CDE700BF1C040400FCCF0300E0060400C3
:105E90000C070400380704006007040070B582B0E6
:105EA000C568B5F801600121304602F0A1FC38B3A5
:105EB00004462B781A2B2AD02B78002B45D1B5F825
:105EC0000330A4F89E30B5F80530A4F8A430B5F836
:105ED0000730A4F8A630231DBFF35B8F53E8001FE3
:105EE00021F4807143E80012002AF7D1BFF35B8FE1
:105EF000204602F0D7FC204610F0C1FA02B070BD77
:105F00003346244A012124480EF0A1FAF6E7C3786B
:105F1000012BD1D10A2104300FF037FE0028CBD15C
:105F2000B4F8A030ADF80030B4F8A230ADF80230CB
:105F3000B4F8A830ADF80430B4F8AA30ADF80630A3
:105F40006946204610F07CFCD5E7261D0821304626
:105F50000FF077FD10B12B78202B0CD0BFF35B8FA7
:105F600056E8003F23F4807346E80032002AF7D158
:105F7000BFF35B8FBCE794F8AC30002BEED0013B55
:105F800084F8AC304FF42032002304F158000AF0BA
:105F900069FAADE71C040400FCCF030010B50C4601
:105FA0000A604B609DF808300B7212F0EDFA00EBBE
:105FB0004000024B03EB80035C6010BD503E0020AC
:105FC0002DE9F843064688464FF0FF324FF0FF3385
:105FD000194812F0FDFA044658B300F10C070121EC
:105FE000384612F07AFB4FF0000984F818902046EA
:105FF00012F0CAFA114D00EB400005EB800046801C
:10600000204612F0C1FA00EB400005EB8003C3F814
:106010000890204612F0B8FA00EB400005EB80052E
:10602000C5F804900321384612F05BFB068080F827
:1060300002802046BDE8F8836C0A0020503E002014
:10604000F0B589B0074615460C4661B302AE012291
:106050000021304615F0C8FC204612F095FA00EBFE
:106060004000334B03EB80039E60204612F00BFB95
:106070000146304812F0E9FA4FF4A02200233046DE
:106080000AF052F80646B0B9204612F07DFA00EB4D
:106090004000274B13F8206016BB002D40D02C6029
:1060A000002009B0F0BDFFF78BFF04460028CDD1DA
:1060B0006FF06800F5E740F24D131F4A1F49204872
:1060C0000DF06CFC324639461E480DF067FC00238B
:1060D00083F31188BFF36F8F0323184602DFD3E7E2
:1060E00000963B46184A022118480EF0BBF920469C
:1060F00012F0AFFA093E092E0FD8DFE806F0050EC0
:106100000E0B160E0E0E0E086FF06E00C9E76FF044
:106110001500C6E76FF00C00C3E76FF00400C0E79E
:10612000204612F096FA0020BBE76FF00B00B8E7AC
:10613000503E002044040020980504008807040015
:10614000FC05040094070400C0070400FCCF030012
:1061500010B582B0224BD3F864319B6813F0010F65
:106160000DD101AA002140F60340FFF769FF044664
:1061700068B90198FFF75CF9019812F06AFA01AA70
:10618000002141F20300FFF75BFF044610B12046F7
:1061900002B010BD0198FFF70DF9019812F059FAFD
:1061A00001AA002141F20100FFF74AFF044600283E
:1061B000EDD10198FFF7C4F8019812F04AFA01AA4C
:1061C000002141F20200FFF73BFF04460028DED128
:1061D0000198FFF7D5F8019812F03BFAD7E700BF16
:1061E000F802002010B5082142F20100FFF7E8FE96
:1061F00030B3044608210C3012F073FA0246124BF9
:1062000093F8D83013F0020F17D10F20002113F0AC
:10621000200F01D040F040000B4B93F8D93013F021
:10622000090F01D040F400600FF0C9FB00222146A5
:1062300042F20100FFF704FF10BD2F200021E6E726
:106240006FF06800F8E700BFF802002010B582B0D8
:10625000354B93F87C3013F0400F0AD001AA00218F
:1062600042F20300FFF7ECFE034650B1184602B0BD
:1062700010BD2E4A01212E480EF0DFF86FF01203F8
:10628000F4E70198FFF772F8019812F0E2F901AA19
:10629000002142F20200FFF7D3FE03460028E5D1B9
:1062A0000198FFF7DDF8019812F0D3F91E4B1F2279
:1062B000A3F8202193F87C3013F0200F18D01A4B4C
:1062C00093F89C3013F0080F0ED001AA002142F27F
:1062D0001C00FFF7B5FE03460028C7D10198FFF761
:1062E00073F8019812F0B5F9FFF77CFF0346BDE79C
:1062F000022140F66D40FFF763FE044680B10221A3
:106300000C3012F0EEF90123037000224270214696
:1063100040F66D40FFF794FE03460028CFD0A5E776
:106320006FF06803A2E700BFF8020020DC0704005A
:10633000FCCF030010B582B00B4BB3F804311BB196
:106340000024204602B010BD01AA002141F2050040
:10635000FFF776FE04460028F3D10198FFF796F880
:10636000019812F076F9ECE7F802002010B5082148
:1063700040F60140FFF724FE88B1044608210C30A6
:1063800012F0AFF9024607484FF000510FF017FB2B
:106390000022214640F60140FFF752FE10BD6FF08B
:1063A0006800FBE7108800022DE9F04184B000AFDF
:1063B00007F10C0200214FF60140FFF741FE60BBE0
:1063C000FB68DC68B4F801603046FFF709F86D46F9
:1063D00000233B7202237B728AB0EC461CF1100250
:1063E00021D04FF0120E2AB1BEF1040F02DDAE4BE8
:1063F000CCF8143000233B7102237B7102B3734647
:10640000BEF1080F01DDCCF818000C2B01DDCCF833
:106410001C600CF12003002110E0A44A0221A448D2
:106420000EF00BF81BE16FF0004EDCE701F11000FD
:10643000384410F80C0C03F8010B01310129F5D98F
:10644000BEF1110F4FDD12234AB104213972002130
:106450007972B9720121F972B868CCF81000002184
:106460006FF300016FF341016FF382016FF3C50118
:10647000032060F38811C3F30A0363F353216FF31E
:106480001F5100238A48FBF775FCAD46B4F8036042
:106490003146B4F80100FEF7AFFF6D4600233B72B2
:1064A00002237B728AB0EC461CF110021ED04FF022
:1064B000120E2AB1BEF1040F02DD7E4BCCF814306F
:1064C00000233B7102237B71EAB17346BEF1080FD2
:1064D00001DDCCF818000C2B01DDCCF81C600CF1B0
:1064E000200300210DE06FF01B03ADE76FF0004EBD
:1064F000DFE701F11000384410F80C0C03F8010B31
:1065000001310129F5D9BEF1110F5ADD12234AB12B
:106510000421397200217972B9720121F972B868C7
:10652000CCF8100000216FF300016FF341016FF30D
:1065300082016FF3C501032060F38811C3F30A03DE
:1065400063F353216FF31F5100235948FBF712FCEB
:10655000AD4666793046FEF75FFF94F806E0B4F882
:106560000710D4F809806D4600233B7202237B722A
:106570008CB06C4614F1100226D04FF01E0C22B1E4
:10658000BCF1040F01DD4C4B636100233B7102231E
:106590007B7132B36346BCF1080F00DDA0610C2BA8
:1065A00000DDE661102B01DDC4F820E0142B00DDD6
:1065B0006162182B01DDC4F8288004F12C0300214E
:1065C0000DE06FF01B03A2E76FF0004CD7E701F17D
:1065D0001000384410F80C0C03F8010B01310129AC
:1065E000F5D9BCF11D0F3EDD1E2342B107213972E2
:1065F00000217972B9720121F972B8682061002115
:106600006FF300016FF341016FF382016FF3C50176
:10661000032060F38811C3F30A0363F353216FF37C
:106620001F5100232248FBF7A5FBAD46F86812F086
:1066300010F807F10C0200214FF60240FFF700FDB1
:10664000A0B9F868C368B3F801301C4CA4F8C13095
:1066500011F0FFFF94F8C13013F0040F0CD1103784
:10666000BD46BDE8F0816FF01B03BEE7144A02216E
:106670000F480DF0E2FEF2E707F10C0200214FF6A1
:106680000340FFF7DDFC40B9F868C3685A780B4B4C
:1066900083F8C02011F0DDFFE1E70A4A0221044837
:1066A0000DF0CBFEDBE700BF240804000008040067
:1066B000FCCF03004008040058080400F802002042
:1066C00088080400B408040008B5FFF741FD03463C
:1066D00008B1184608BDFFF7B9FD03460028F8D1F8
:1066E000114B93F87C3013F0200F0ED00E4BB3F803
:1066F000043183B1FFF73AFE03460028E9D1FFF7E2
:1067000053FE01F0A7F80346E3E7FFF713FE034645
:106710000028EFD0DDE7054A012105480DF08DFE88
:106720006FF00403D5E700BFF8020020E008040082
:10673000FCCF030070B582B006460C46124B93F9AD
:106740009B30002B1DDAC4B12546082C28BF082534
:1067500001AA002142F21800FFF772FC034668B953
:10676000019BD9682A460131304616F056F8019847
:1067700011F06FFF2E44641BE5E70023184602B0BA
:1067800070BD6FF08503F9E7F8020020837A072BCC
:1067900000D0704710B582B004460D2104300FF0D0
:1067A00050F960B9E3782BB1164B93F8D83013F059
:1067B000080F04D020460FF001FA034658B9114BD8
:1067C00093F8D93013F0010F03D020460FF021F9D0
:1067D00038B102B010BD0C4A01210C480DF037FE53
:1067E000EDE70021009102231A4620460FF036FA09
:1067F00003460028EDD0064A012104480DF027FE8B
:10680000E7E700BFF802002004090400FCCF030002
:10681000280904002DE9F04186B000AF0446B0F825
:1068200001603046FEF774FD237853B13C2B05D050
:106830006C4A02216C480DF00AFE32E0FEF78EFE33
:106840002FE08046E278012A2FD0224607F1080186
:1068500007F110000FF02DF907F10801E078FEF7BD
:1068600063FE0546E378012B23D0ADB3224607F142
:10687000080128460FF0F2F8EB78012B00F0888031
:106880000721284601F06EFEB8F1000F40F0A2800B
:1068900028460FF045FE2846FFF778FF28460FF000
:1068A000EEFD1837BD46BDE8F081504B93F86F30D0
:1068B000CBE701F013F900F11003BFF35B8F53E84E
:1068C000001F21F0800143E80012002AF7D1BFF336
:1068D0005B8F0FF040FCC8E7201DFEF747FC6D46BC
:1068E00000233B7102237B7188B06C4614F11002C7
:1068F00014D04FF00E0C22B1BCF1040F01DD3C4B63
:10690000636100233B7002237B70A2B1BCF1080FCE
:1069100000DDA06104F11C0300210AE06FF0004CCF
:10692000E9E701F11800384410F8180C03F8010BDE
:1069300001310129F5D9BCF10D0F26DD0E2342B13D
:106940000321397100217971B9710121F9717868D8
:10695000206100216FF300016FF341016FF38201A9
:106960006FF3C501012060F38811C3F30A0363F3D9
:1069700053216FF31F5100231B48FBF7FBF9AD4672
:10698000132130460FF033F98BE76FF01B03D6E786
:106990003869C5F88F00BA8ABB7DA5F8932085F8C1
:1069A000953001F09BF82B7AC3EBC3030F4A99187B
:1069B000D358C5F8963088888B79A5F89A0085F861
:1069C0009C30D2F8E43013F0400F3FF459AF01F09F
:1069D00059FA55E785F809800121284601F0C2FDE2
:1069E00056E700BF40090400FCCF0300F802002076
:1069F0005C09040000B589B0C3681A788DF80020DE
:106A0000B3F80120ADF80120DA788DF80320B3F84F
:106A10000B20ADF81720B3F80D20ADF81920B3F80E
:106A20000F20ADF81B205A7C8DF81D20586801906E
:106A30001A899B7AADF808208DF80A30084B1A683D
:106A4000CDF80B209B88ADF80F30CDF81120ADF8B4
:106A5000153068460FF027F909B05DF804FB00BF58
:106A60000803040010B58EB08646EC460C4C0FCCE3
:106A7000ACE80F000FCCACE80F000FCCACE80F0077
:106A800094E803008CE80300BEF10D0F02D905481D
:106A90000EB010BD0EAB03EB8E0E5EF8380CF7E7B0
:106AA000B0D103007C0304002DE9F04182B000AFB7
:106AB000B54BDB79012B31D9DFF8E082B248FEF724
:106AC00055FB6D4600233B7102237B710123BB7193
:106AD0000323FB718AB06E4616F1100221D04FF0ED
:106AE000140C22B1BCF1040F01DDA84B736100232B
:106AF0003B7002237B7022B1BCF1080F01DDC6F8A8
:106B000018800123BB700323FB70BAB1BCF10C0FDA
:106B100000DDF06106F1200300210DE0DFF8808246
:106B2000CCE76FF0004CDCE701F10800384410F8C6
:106B3000080C03F8010B01310329F5D9BCF1130F3F
:106B400023DD142342B10421397100217971B97117
:106B50000221F9717868306100216FF300016FF351
:106B600041016FF382016FF3C501032060F38811C7
:106B7000C3F30A0363F353216FF31F5100238448C7
:106B8000FBF7F8F8AD46012531E06FF01B03D9E7BC
:106B90006FF0004C41E001233B7003237B70002A1F
:106BA00049D1BCF1110F59DD122342B104203871D3
:106BB00000207871B8710120F871786808616FF36E
:106BC00000046FF341046FF382046FF3C5040321E3
:106BD00061F38814C3F30A0363F353246FF31F5460
:106BE000002321466A48FBF7C5F8B5460135664BD8
:106BF000DB79AB4235DDC5EBC500634B1844FEF7CE
:106C0000B5FA6E4601233B7103237B718AB0694656
:106C100011F11002BCD04FF0120C002ABBD0634619
:106C2000BCF1040F03DDDFF87CE1C1F814E0082BB0
:106C3000B1DD8D61AFE7BCF10C0F00DDC86101F182
:106C40002003002007E000F1080EBE441EF808EC07
:106C500003F801EB01300128F5D9A2E76FF01B031F
:106C6000A3E7494C94F870804046FFF7FBFEB4F868
:106C70007210B4F876C06D4600233B7102237B711D
:106C80008CB06C4614F110021DD01A261AB1042ED5
:106C900001DD404B636100233B7002237B70FAB13E
:106CA0003346082E00DDA0610C2B01DDC4F81C80EA
:106CB000102B00DD2162142B01DDC4F824C004F187
:106CC000280300210AE06FF00046DFE701F1080029
:106CD000384410F8080C03F8010B01310129F5D9EB
:106CE000192E4BDD1A2342B1062139710021797129
:106CF000B9710121F9717868206100216FF30001F9
:106D00006FF341016FF382016FF3C501032060F35C
:106D10008811C3F30A0363F353216FF31F51002358
:106D20001B48FBF727F8AD46174C94F871603046C6
:106D3000FFF798FEB4F8741000233B7102237B71B7
:106D40008AB06C4614F110021BD016251AB1042D1E
:106D500001DD114B636100233B7002237B706AB33A
:106D60002B46082D00DDA0610C2B00DDE661102B09
:106D700000DD216204F1240300211DE06FF01B03FC
:106D8000B1E76FF00045E1E7F80200207C0904005C
:106D9000FCCF0300A0090400E00904007809040006
:106DA00050F803008C09040001F10800384410F881
:106DB000080C03F8010B01310129F5D9152D24DD4B
:106DC000162342B10521397100217971B971012170
:106DD000F9717868206100216FF300016FF34101C0
:106DE0006FF382016FF3C501032060F38811C3F3D1
:106DF0000A0363F353216FF31F5100230448FAF78A
:106E0000B9FF0837BD46BDE8F0816FF01B03D8E736
:106E1000FCCF030008B5034BD3F864315B69984796
:106E200008BD00BFF802002038B504460D4651B138
:106E300040F635439C420ED029460F4811F005FC20
:106E40000024204638BDFFF7BBF805460028EFD1E7
:106E50006FF06804F5E72846FFF7DCFF04460028DA
:106E6000EFD00346054A012105480DF0F0FA284607
:106E700011F0EFFBE5E700BF44040020080A04001E
:106E8000FCCF030070B505460C46032142F22100F9
:106E9000FFF796F860B1064603210C3011F021FC93
:106EA00005808470314642F22100FFF7BDFF70BDBE
:106EB000024A012102480DF0C0FAF8E72C0A04004A
:106EC000FCCF030030B583B0C3681C885A88ADF886
:106ED00000209A88ADF80220DA88ADF804201B89DA
:106EE000ADF806300121204601F082FC68B105466C
:106EF000694601F04BFD98B91E212046FFF7C2FFFD
:106F000028460FF0BCFA03B030BD2346074A0121E2
:106F100007480DF09CFA02212046FFF7B3FFF2E785
:106F2000694620460EF0F0FEEAE700BF1C040400AC
:106F3000FCCF030038B500220023294811F04EFB96
:106F4000044618B3274D4FF0FF324FF0FF33284669
:106F500009F0EAF8AB696BB1234A012123480DF02F
:106F60006CFAA5F59475D5F8400111F072FB002379
:106F7000C5F84031204611F086FB1D4BC3F8400197
:106F80002046FFF747FF034680B938BD40F60A3375
:106F9000184A194919480CF001FD002383F31188A0
:106FA000BFF36F8F0323184602DFCBE7144A01219A
:106FB0000E480DF04CFA0B4809F08EF8204611F0FF
:106FC000E3FA00EB40000F4B03EB800322461F2146
:106FD0005888FEF7F9FB204611F03BFBD5E700BFD0
:106FE0004404002020040020480A0400FCCF0300D1
:106FF000F802002098050400441B0400FC0504006E
:10700000080A0400503E002038B504460D4609E049
:10701000FFF790FF04E00D4A02210D480DF017FA2A
:107020001434013D85B1E368C3F38633022BF7D9ED
:10703000042BF0D1237B002BEAD0012BF0D1206967
:10704000383801F023FFEBE738BD00BF640A0400C5
:10705000FCCF030038B514E040F67833134A1449E6
:1070600014480CF09BFC002383F31188BFF36F8F4F
:107070000323184602DF21460F48FFF7C5FF09F03A
:1070800025FD0D4DEB686FF39433EB6005F11400B3
:1070900001F044FA441C4FF0FF324FF0FF33214619
:1070A00028460AF0A1F80028D6D1E4E798050400A4
:1070B00088070400FC0504002807002070B582B092
:1070C000044600F10C05284611F04CFBADF8040015
:1070D000238AADF80630012B1ED90221284611F073
:1070E00031FB064600780EF096FC054610F0010FC5
:1070F0001BD00523174A21463078FEF781FC15F096
:10710000020F22D06369BDF804201344E360BDF888
:107110000630238202B070BD0F4A01210F480DF0E6
:1071200096F9204611F095FAF4E740F656730C4AAA
:107130000C490D480CF032FC002383F31188BFF397
:107140006F8F0323184602DFD3E7204611F081FA40
:10715000E0E700BF540C04007C050400FCCF0300F2
:1071600098050400880A0400FC05040038B50446AC
:10717000037E012B05D0032B19D1FEF781FD0020E2
:1071800038BDC36818780EF046FC054610F0010FB4
:1071900004D115F0020F05D10020F1E72046FFF7DA
:1071A0008DFFF6E72046FEF76BFD0020E8E7054A75
:1071B000012105480DF04BF9204611F04AFA6FF015
:1071C0001500DDE7A40A0400FCCF03000A4BD3F846
:1071D000643143B9C3684BB1436953B1064BC3F83B
:1071E0006401002070476FF0770070476FF0150062
:1071F00070476FF015007047F802002008B5084B83
:10720000BFF35B8F53E8001F41F0040143E8001215
:10721000002AF7D1BFF35B8FFFF746FC08BD00BF24
:10722000CC03002008B50EF0A0FD024B1B6803B193
:10723000984708BD683E0020F0B589B03C4BD3F8B4
:107240006431002B5DD005463A4BBFF35B8F53E8AA
:10725000002F22F0020243E800210029F7D1BFF3FA
:107260005B8FBFF35B8F53E8002F42F0010143E8CF
:1072700000100028F7D1BFF35B8F12F0010F53D13C
:107280002D4B1D602D4E01221146304614F0ACFBF3
:1072900006F1240014F07FFB294F00220023CDE9E2
:1072A0000623002404946FF00803039302940194CE
:1072B0000094244B4FF4C8622349384614F00CFE66
:1072C0002249384609F0DEF8214F384614F036FDE1
:1072D00000946FF007034FF480621E493846F5F7BB
:1072E00057F91D49384609F0CDF8F36BDB6898472C
:1072F000044670B9A5B1194809F0ACF8204609B0A8
:10730000F0BD174A012117480DF097F86FF01204ED
:10731000F4E70346144A012112480DF098F8EDE70E
:107320000EF023FD0446E9E76FF07704E6E700BFBF
:10733000F8020020CC030020683E0020200400203A
:107340001823002055700200805C0020D40A04003D
:107350001024002000630020DC0A0400BC0300208D
:10736000B80A0400FCCF0300E80A0400BFF35B8FF7
:10737000034B1868BFF35B8FC0F38000704700BFFA
:10738000CC03002000487047A4E1030070B5054617
:10739000002401E00134E4B2094BDB79A3420BD9AC
:1073A0002646C4EBC4010722054B1944284615F0B4
:1073B00064FA0028EED101E06FF00106304670BD9E
:1073C000F802002038B504460622194915F055FA8E
:1073D000054608B9284638BD062142F20500FEF7E9
:1073E000EFFD054600B3062221460C3011F07FF96F
:1073F0000022294642F20500FEF722FE054650B95A
:107400000C4B2268C3F86920A288A3F86D200122E2
:1074100083F86820DEE710F10D0FDBD1064A022168
:1074200006480DF00AF8D5E76FF06805D2E700BF0F
:1074300061030020F8020020E40C040004D00300E3
:1074400070B582B005460E4629B10722184930466C
:1074500015F013FAE8B968460EF094FA044618BB22
:107460006846FFF793FF0028F5DAC5EBC505114A1A
:10747000AB1800985051BDF804009DF80610988094
:1074800099718EB1525932609A889B79B280B371EA
:107490000AE0C5EBC505074AAB1831685151B18800
:1074A000B27999809A710024204602B070BD00BF65
:1074B000F8020400F80200202DE9F04383B0284BC5
:1074C00093F8C24014F0010412D005460E4601AAFA
:1074D00000214FF60940FEF7B3FD844670B90198CC
:1074E000D0F80C9099F80140B44228BF344628E007
:1074F0001C4A02211C480CF0A0FF27E01B4A022175
:1075000019480CF09AFF002420E0162101FB0CF131
:107510006A1809EB0103D3F802E0D3F80680D3F828
:107520000A70D3F80E6045F801E0C2F80480976055
:10753000D660D3F812E0C2F810E0DB8A93820CF137
:10754000010C6445E1DC11F084F81CB1204603B065
:10755000BDE8F083064A022103480CF06EFFF5E710
:10756000F8020020F40C040004D00300200D0400F5
:10757000400D040070B584B000294BD104460E467E
:1075800020B10722284915F078F928BB274BDB7971
:10759000012B45D0BFF35B8F254B1B68BFF35B8F7F
:1075A00013F0010F0BD10023009301930293039377
:1075B0003CB307221C49204615F05FF908B31B4B6A
:1075C000D879421CDA71054632462146FFF738FF6A
:1075D000D0B9284604B070BD2046FFF7D7FE00287A
:1075E0001BDA2378012B04D1A37903F0C003C02B4D
:1075F000CCD0104A012110480CF01FFF6FF0150588
:10760000E7E76FF01505E4E70849CB79013BCB715B
:107610000546DEE76FF01505DBE76FF07705D8E785
:107620006FF00B05D5E700BFF8020400F802002058
:10763000CC0300206C0D040004D00300F0B583B02F
:10764000E0B1054601AA002141F20900FEF7F8FC6D
:10765000D8B9019EF7687C1C06221649204615F011
:107660000CF928B106221449204615F006F998B9FC
:10767000304610F0EEFF002003B0F0BD0F4A0221AB
:107680000F480CF0DAFE0020F6E70E4A02210C4803
:107690000CF0D3FE0020EFE7D7F80130C5F8013039
:1076A000A388A5F8053000232B70019810F0D1FFB6
:1076B0000120E1E708030400000304009C0D04001E
:1076C00004D00300B80D040000B583B06846FFF78E
:1076D000B5FF064BD87118B9002003B05DF804FB64
:1076E000002269461046FFF7ABFEF6E7F8020020DD
:1076F00010B588B0184BDC7924BB012102A8FFF734
:10770000DBFE154BD87101E00134E4B2124BDB799A
:107710009C4216D202AA162304FB03F3D118D358B5
:10772000CDF801308B88ADF8053001238DF800309D
:10773000002269462046FFF783FE03460028E3D077
:1077400005E03BB900210846FFF714FF0346184641
:1077500008B010BD0023FAE7F8020020002865D029
:10776000F8B50C4617461D460346002D61D0067835
:1077700011F4002F10D011F0040F05D10EF01DFBF5
:1077800008B901232B70F8BD2F4A01212F480CF0B6
:1077900054FE6FF01500F6E711F0010F29D042B149
:1077A00011F0200F05D02A4A92F8D82012F0400F8D
:1077B00042D0C6EBC60226498A5C012A0ED0C6EB2F
:1077C000C606234B9B5D2B70002F38D014F0200F82
:1077D00037D043F002032B700020D4E7C6EBC6017C
:1077E0001B4A1144013118460EF0DAFA0028E6D09F
:1077F000C9E711F0040F14D0C6EBC60214498A5C25
:10780000012A06D00020C6EBC606114B9B5D2B70EB
:10781000B9E7C6EBC6010E4A114401310EF0C0FAB9
:10782000F1E70EF0CAFA01232B70ACE76FF01500F8
:1078300070476FF01500A6E76FF08500A3E7002002
:10784000A1E700209FE700BFD80D040004D003008B
:10785000F802002010B5154BDB792BB1134BDB7907
:107860006BB10024204610BDFFF72EFF0446002810
:10787000F4D00F4A01210F480CF0DFFDF2E7FFF7CB
:1078800037FF044658B90C48FFF79CFD0446002812
:10789000E8D00A4A012107480CF0CFFDE2E7044A8C
:1078A000012104480CF0C9FDDCE700BFF80200200C
:1078B000F80D040004D00300F9020020180E0400A3
:1078C00000487047100300202DE9F04F83B00646B2
:1078D000884615469A464FF0000B5B46D34544D286
:1078E00005EBCB0955F83B700024CDF800B00195AD
:1078F0001DE0204A012120480CF09FFD6FF015008B
:1079000003B0BDE8F08F5FFA82FB591CC9B20BF1DE
:10791000010E06F805E09D1CEDB27054DCF8041071
:10792000701914F07AFFAB445FFA8BF30134D9F885
:107930000420944213D207EBC40C9CF8012017F8E2
:1079400034001D46991802314145DCD99A1CA8EB38
:1079500002020928CDD1002ACBDD0820D3E7DDF8CB
:1079600000B0019D0BF1010BB8E70C9A13700020D9
:10797000C6E700BF400E0400D4CF030010B5044694
:107980000078214BDB79984230D2C0EBC00007224F
:107990001E491D4B184414F070FF48B3636813F080
:1079A000010F07D1184A92F87020082A02D8A2685D
:1079B0009F2A1FD913F0300F01D02269E2B113F0D2
:1079C000100F08D1226932B103F46033B3F5603F80
:1079D00018D001200BE0A268E1688A420ED81F2A65
:1079E0000ED9B1F5804FEFD9002000E0002010BD86
:1079F0000020FCE70020FAE70020F8E70020F6E787
:107A00000020F4E70020F2E7F8020020F80204006A
:107A10002DE9F04105468846044614F8096B194BD8
:107A200083F86F6007221849204614F026FF70B9CA
:107A30000746164930460EF07DFD0446C8B10521C3
:107A400000F090FDC8F800403846BDE8F0812146BE
:107A5000304601F001F878B9214628780EF06AFD29
:107A6000044660B1062100F07DFDC8F80040002703
:107A7000EAE76FF00B07E7E76FF01507E4E76FF051
:107A80000B07E1E7F8020020F8020400F00204000E
:107A900070B504460D4600F1090607220D4930462F
:107AA00014F0EBFE78B905220B49207801F05CF860
:107AB00004463CB165720021204600F053FD20468B
:107AC0000EF0DDFC70BD06223146207801F04CF846
:107AD0000446EEE7F8020400F00204000048704794
:107AE000100300202DE9F04F8DB005929846002339
:107AF00007930E69B6EB030B18BF4FF0010BBFF3F2
:107B00005B8FA14B1B68BFF35B8F13F0040F00F07A
:107B1000298105460C4608460EF08BFA002800F035
:107B2000248120460EF062F98246002800F0208170
:107B300005F11007072138460EF08EF90490002851
:107B400040F019810023089309930A93CDF82B3054
:107B5000A368ADF82030E368ADF82230D4F8049083
:107B600048460EF067F98DF82D0048460EF060F992
:107B70008DF82E00844BBFF35B8F53E8002F22F467
:107B8000005243E800210029F7D1BFF35B8F227830
:107B90002A7003F8652C0DF125035A4661682846C2
:107BA000FFF7DCFD8146002840F0C18026B3236941
:107BB0001A68C5F809209A889B79A5F80D20EB73FF
:107BC00020460EF088FA8346636813F0010F25D033
:107BD00006B313F0100F19D004238DF82430236955
:107BE0001A68CDF826209A889B79ADF82A208DF85E
:107BF0002C30DDF810A019E0644B1A68C5F8092094
:107C00009A889B79A5F80D20EB73D9E701238DF8AD
:107C10002430E4E700238DF8243007E013F4007FDC
:107C200001D1169B53B302238DF824300F2142F269
:107C30000600FEF7C5F98146002800F09F800F225C
:107C400008A90C3010F053FD0022494642F206000C
:107C5000FEF7F6F98146002869D1BEB1636813F0DA
:107C6000010F2BD007A92846FFF7D2FE30B310F141
:107C70000C0F40F08680DEB1814658E00228D2D059
:107C800003238DF82430DDF810A0CFE7CDF80CB039
:107C9000CDF808A000230193179B0093169B424642
:107CA000059928460EF03AF90028D7D081463EE0E3
:107CB000626812F0020F0CD0814638E0012128469C
:107CC0000EF045FA0546002835D1079808B10EF0A8
:107CD000D6FB002E3ED04A4602F001020E21384665
:107CE0000EF0B8F9BBF1010F14BF002201220821E8
:107CF00038460EF0AFF9BBF1020F14BF002201228B
:107D0000092138460EF0A6F9626802F001020A2144
:107D100038460EF09FF952460B2138460EF09AF97C
:107D20006268C2F380020D2138460EF093F948468E
:107D30000DB0BDE8F08F164A012116480CF07DFB0E
:107D4000079828B1002100F00DFC07980EF097FB72
:107D5000A946ECE7636813F0020F01D04A46BBE77F
:107D60000122B9E76FF00A09E1E76FF01509DEE7D4
:107D70006FF01509DBE76FF07709D8E76FF0680956
:107D8000D5E78146D3E700BFCC030020F80204000A
:107D90005C0E0400D4CF03002DE9F04182B006460A
:107DA0000C4615461F46FFF78BFDF8B18046089B31
:107DB000019300972B4622463146FFF793FE064675
:107DC000294620460EF015F818B9304602B0BDE835
:107DD000F08108F118080749404613F0B6FF4FF448
:107DE00070220023404608F045FBEEE76FF00B06DB
:107DF000EBE700BF657E020038B5FFF76FFEB8B154
:107E000005460EF0A8F905F11004BFF35B8F54E8A6
:107E1000003F23F4804344E80032002AF7D1BFF347
:107E20005B8F072120460EF017F840B9002038BDBF
:107E30000A4A01210A480CF000FB0020F7E70A215A
:107E400020460EF009F820B9002128460EF057F917
:107E5000EDE700212846FFF71BFEF5E7780E04004A
:107E6000D4CF030008B5FFF7C7FF00B908BD03462C
:107E7000024A022102480CF0EAFAF7E78C0E0400ED
:107E8000D4CF0300F0B583B0FFF728FE38B1044625
:107E900000F110050E2128460DF0DEFF08B903B0F1
:107EA000F0BD072128460DF0D7FF06460028F6D181
:107EB0000A2128460DF0D0FF0028F0D001A9204665
:107EC000FFF7A6FD0028EAD107221D4904F10900A9
:107ED00014F0D3FC071E18BF012720460DF0C9FF80
:107EE00001460DF103033A462046FFF737FC0346EF
:107EF000B0B9012120460EF02AF9B8B901980EF068
:107F0000BEFA002ECBD0BFF35B8F55E8003F43F4A1
:107F1000804345E80032002AF7D1BFF35B8FBEE70C
:107F2000084A012108480CF092FAB8E700210198AC
:107F300000F018FB0E2128460EF0B1F80646DDE7EA
:107F4000F8020400AC0E0400D4CF0300082816D8B1
:107F5000DFE800F0051707090B0D0F1113000A48A1
:107F600070470A4870470A4870470A4870470A48ED
:107F700070470A4870470A4870470A4870470A48DD
:107F800070470A48704700BFEC0E04001C0F040045
:107F9000100F0400280F0400400F0400500F0400CD
:107FA0000C140400640F0400740F0400FC0E0400A1
:107FB00010B50B4B1C6801E09847A4691CB1A3687D
:107FC000002BF9D1F9E7074C00E01C34064B9C422A
:107FD00004D2A368002BF8D09847F6E710BD00BF85
:107FE0002C3F002068CF030084CF030038B505463E
:107FF0000C4B1C6803E0697A28469847A4691CB1B9
:108000002368002BF7D1F9E7074C00E01C34074B3D
:108010009C4206D22368002BF8D0697A28469847FC
:10802000F4E738BD2C3F002068CF030084CF030065
:1080300038B505460C4B1C6803E0697A284698471A
:10804000A4691CB16368002BF7D1F9E7074C00E085
:108050001C34074B9C4206D26368002BF8D0697A27
:1080600028469847F4E738BD2C3F002068CF03002E
:1080700084CF030008B50146002343608360C360DA
:10808000014813F094FC08BDA409002010B58AB083
:10809000044614F0F9FD094B1A58094B9A4209D0CD
:1080A0002834204608F0D6F96946204613F01BFE16
:1080B0000AB010BD20460EF089F8F9E7080000006C
:1080C000B835002008B514F0DFFD094B1A58094BEC
:1080D0009A4207D04FF0FF324FF0FF33064807F0C7
:1080E000C1FF08BD00220023034807F0BBFFF8E7EB
:1080F00008000000B8350020A4090020034BB3F8A5
:1081000004310BB10248704700207047F80200208C
:10811000000400202DE9F04104460D468E69EFF37E
:108120001183402181F31288BFF36F8FA6B1002124
:10813000316087696FB13E608661002783F31188E3
:10814000BFF36F8F294620460EF09DF870B9BDE849
:10815000F08186614661F1E7876927B10C3739689C
:1081600001313960EAE700F11C07F8E70346164AD7
:10817000012116480CF06BF9EFF31188402383F3CB
:108180001288BFF36F8FBEB1314604F114000DF0B9
:10819000FAFF88F31188BFF36F8F2046FFF7AEFF19
:1081A00007F09AFF66B10023AB61314620460EF01E
:1081B00034F86FF00400CAE73B68013B3B60E8E736
:1081C0006FF00400C3E700BF080A0400E4CF030017
:1081D0002DE9F84306460D4614461F46FFF78EFF6D
:1081E0000022002307F0A0FF08BBB37A072B2FD192
:1081F00034B3194BB3F8048104F10C09484610F06C
:10820000B5FA404516D9144BB3F80481424655F8E7
:108210000C1F484610F06BFA4146284610F08AFAC7
:108220003A4621463046FFF775FFBDE8F8836FF008
:108230006800FAE7484610F099FA1FFA80F8E5E777
:108240000022002306F1380010F0C8F90446E7E7E1
:108250006FF07F00E9E700BFF802002038B5002387
:108260008B4228D2C82404FB030404F1C4024FF05B
:10827000010CBFF35B8F52E800EFBEF1000F03D19A
:1082800042E800C5002DF6D1BFF35B8F11D174B168
:10829000C4220021204614F0E8FA084904F15800ED
:1082A00013F053FD064904F1280013F0A8FC204602
:1082B00038BD6344D4E70024E9E700BFFD8C020029
:1082C0001162030008B501210148FFF7C7FF08BD8F
:1082D0002825002070B582B004460D46012A21D021
:1082E000022A52D103693BB1344A012134480CF0CF
:1082F000A4F820460EF028F8256121690B8A012B8D
:108300004FD9CA685078127842EA0022043292B2F9
:108310009A4246D847D3002323610122204600F029
:108320005BFF3EE0006980B10E8AD6B10C3010F0E0
:108330001DFA864219D820692A8AE9680C3010F0A3
:10834000D6F9284610F085F9D7E71E4A01211C48C6
:108350000CF073F820460DF0F7FF284610F079F97D
:108360001FE0084610F075F91BE0174A0121144878
:108370000CF063F800222169204600F02DFF002355
:108380002361284610F065F90BE013460F4A0121DE
:108390000B480CF05CF820460DF0D6FF284610F094
:1083A00058F902B070BD0092094A012104480CF04E
:1083B00059F820460DF0C8FFF3E700BF800F040016
:1083C000E4CF0300A00F0400C00F0400E80F040076
:1083D000081004002DE9F04383B000AF05460C46B9
:1083E0001E46097A91462AB30223994224DCE37A95
:1083F000072B29D9AB7A072B6CD1B9F1000F7CD0B0
:10840000FFF760FE804600287AD0AB7A072B69D14F
:10841000C0F8049086600023C360A0610026267720
:10842000214605F1380010F010F930460C37BD46F2
:10843000BDE8F0830123D8E7334A012133480BF02C
:10844000FCFF6FF01500F1E7A67A6C468AB069462A
:1084500011F1100238D0142082B10546042803DD42
:10846000DFF8B4C0C1F814C0082D00DD8B610C2DFD
:1084700001DD0823CB61102D00DD0E62132826DDFF
:1084800014233AB10520387100207871B871F87161
:108490007868086100216FF300016FF341016FF309
:1084A00082016FF3C501012060F38811C3F30A0351
:1084B00063F353216FF31F5100231448F9F75AFC5B
:1084C000A5466FF01500B1E76FF00040C4E76FF00C
:1084D0001B03D6E70E4A01210C480BF0AEFF6FF0EC
:1084E0007F00A3E70B4A022108480BF0A6FF404695
:1084F000FFF7C0FD6FF07F0098E70023A3618DE7D1
:108500006FF0680092E700BF24100400E4CF03007E
:1085100078100400881004004810040070B5064666
:108520000E4C204614F06BF9234600220121304600
:1085300014F032F9012500240CB1284670BD05EB7A
:10854000850106EB8101C820054B00FB04300DF0CE
:1085500025FF00B901350134EEE700BF74070020A4
:1085600028250020F0B583B000AF0D46867A8E42F4
:1085700010D00446817216B98378082B60D1A37A93
:10858000082B00F22281DFE803F07EDF55555555B8
:10859000555E55000846FFF7D9FC6D4600233B7138
:1085A00002237B7188B06C4614F1100211D00E26A4
:1085B0001AB1042E01DD884B636100233B70022356
:1085C0007B709AB1082E00DDA06104F11C0300212C
:1085D0000AE06FF00046EBE701F10800384410F8BC
:1085E000080C03F8010B01310129F5D90D2E24DD0A
:1085F0000E2342B10321397100217971B971012132
:10860000F9717868206100216FF300016FF3410177
:108610006FF382016FF3C501022060F38811C3F389
:108620000A0363F353216FF31F5100236B48F9F7DB
:10863000A1FBAD460C37BD46F0BD6FF01B03D8E77C
:108640000DF0F6FE9BE7A378042BF3D004F138007D
:1086500013F0A1F90021624808F022FE00232365EF
:108660006365E378012BE5D1A378012B07D04FF4A4
:108670002032002304F1580007F0F4FEDAE7032368
:1086800084F8AC30F3E7A378042B08D0082ED1D8B7
:10869000DFE806F053092D374B4F41535300204676
:1086A0000DF0EDFEC6E72046FFF7F0FCA378012BA6
:1086B00011D00434BFF35B8F54E8003F43F0400314
:1086C00044E80032002AF7D1BFF35B8F0021444811
:1086D00008F0E6FDAEE704F15805284613F041FB2B
:1086E00010F00C0FE5D0284613F07FFBE1E7637A2A
:1086F0001BB920460DF0C3FE9CE72046FFF776FC31
:10870000F7E7637A1BB920460DF0B9FE92E72046E1
:10871000FFF76CFCF7E7637A1BB920460DF0AFFE5C
:1087200088E72046FFF762FCF7E720460DF0A7FE3A
:1087300080E720460DF0A3FE7CE72B46294A022164
:1087400026480BF084FE75E7637A3E2B03D0204663
:108750000DF0BAFD6EE76E4688B06B4613F110025D
:108760002DD00C213AB10846042901DD1E4D5D6172
:10877000082800DD9C610B2924DD0C253AB103217A
:10878000397100217971B971F97178681861002126
:108790006FF300016FF341016FF382016FF3C501C5
:1087A000022363F38811C5F30A0363F353216FF3C4
:1087B0001F5100230948F9F7DDFAB546C7E76FF006
:1087C0000041CFE76FF01B05D8E72B46074A02218F
:1087D00002480BF03CFE2DE7B0100400E4CF03008C
:1087E00074070020C4100400DC100400041104000D
:1087F00070B504460D46024601210A480DF065FE9B
:10880000064610B183782B4201D0304670BD234616
:10881000054A022105480BF01AFE30460DF02FFEE6
:108820000026F2E72825002020110400E4CF0300F1
:10883000034BC01AC010034B03FB00F0C0B27047DB
:1088400028250020295C8FC238B504460D4653EA1E
:10885000020106D014F018FA0D4908580D49884253
:108860000BD06CB120460FF0B3FE044650B1691D29
:108870000C300FF032FF204638BD00221346F0E7DF
:10888000054CEFE7054A022105480BF0D6FDF2E75B
:1088900008000000B8350020BC0900203811040091
:1088A000E4CF030070B50446051D092128460DF0EC
:1088B000DDFC78B1B4F89E30B4F8A020934209D31F
:1088C000B4F8A220934205D8D4F8A420D4F8A83054
:1088D0009A4202D0184B1D6815E0BFF35B8F55E834
:1088E000003F23F4007345E80032002AF7D1BFF3BC
:1088F0005B8FEFE7B4F8A630B4F8A420B4F89E106C
:108900002046B047AD691DB12E69002EF2D1F9E7BE
:108910000A4D00E01C350A4B9D420BD22E69002EF9
:10892000F8D0B4F8A630B4F8A420B4F89E102046CD
:10893000B047EFE770BD00BF2C3F002068CF0300B9
:1089400084CF030038B505460D4B1C6804E005F1E3
:10895000BC0128469847A4691CB16369002BF6D175
:10896000F9E7084C00E01C34074B9C4207D26369CE
:10897000002BF8D005F1BC0128469847F3E738BD35
:108980002C3F002068CF030084CF0300F8B50646D3
:108990000D4608460DF090F9074638B3154B1C6894
:1089A00000E0A4696CB1E368002BFAD02946304698
:1089B0009847D0B128460DF07FF90028F1D107463D
:1089C00014E00D4C00E01C340C4B9C420ED2E368CA
:1089D000002BF8D029463046984748B128460DF07C
:1089E0006BF90028EFD1074600E007463846F8BD8E
:1089F0000746FBE72C3F002068CF030084CF03002D
:108A0000024B1A6882611860704700BF2C3F00203B
:108A1000F8B507460E46002414B100252846F8BDD7
:108A2000C8200C4B00FB04300DF002FD054670B170
:108A30008378012B09D1324639460DF096FD002886
:108A4000ECD128460DF01BFD01E00DF018FD0134BE
:108A5000E2E700BF28250020F0B583B000AF0C4648
:108A6000FFF7D6FF18B900200C37BD46F0BD05460C
:108A70002046FCF77BFB0646A87AFFF767FA034619
:108A80006C4601223A7103227A710222BA710422E1
:108A9000FA718AB0EC461CF1100225D04FF0180E86
:108AA00052B17146BEF1040F02DD2D48CCF814001E
:108AB000082901DDCCF818500121397003217970A3
:108AC00022B1BEF10C0F01DDCCF81C600221B9709F
:108AD0000421F970AAB1BEF1100F01DDCCF82030ED
:108AE0000CF1240300210AE06FF0004ED8E701F1F9
:108AF0000800384410F8080C03F8010B0131032971
:108B0000F5D9BEF1170F27DD18234AB105213971B8
:108B100000217971B9710221F9717868CCF81000DF
:108B200000216FF300016FF341016FF382016FF3D6
:108B3000C501022060F38811C3F30A0363F35321D4
:108B40006FF31F5100230748F9F714F9A54628468B
:108B50000DF095FC012087E76FF01B03D5E700BF00
:108B600064110400E4CF03002DE9F04180460F4674
:108B7000164600251DB100242046BDE8F081C8201E
:108B8000104B00FB05300DF053FC044688B1837890
:108B9000012B10D127B13A4641460DF0E6FC68B1F1
:108BA000A37AB34202D1237A4345E5D020460DF0A3
:108BB00066FC0135DEE70DF062FCFAE720460DF0B9
:108BC0005EFCF6E72825002070B504460D46837844
:108BD0000B70C3784B70037A8B70807A0DF0E3FAD8
:108BE00085F82000002685F8236020460DF0A0FCC3
:108BF00085F8210085F82260A378012B3CD104F18F
:108C00008803AB60237AC3EBC3031F4A13446B6032
:108C1000E37853BB04F18F03EB6004F196032B61FF
:108C2000B4F89E30AB82B4F8A430EB82B4F8A6302E
:108C30002B8304F1BC03EB61D4F8B83033B15B7B18
:108C400013F0100F02D0012385F82330D4F8B83088
:108C5000ABB15B7B13F0200F13D095F8233043F0BA
:108C6000020385F8233000200CE004F19603EB604A
:108C700004F18F032B61D3E76FF0150002E00020B1
:108C800000E0002070BD00BFF802002038B50446A7
:108C90000D4608460DF010F850B3174B93F8D83036
:108CA00013F0020F04D094F8AD3013F0020F13D17B
:108CB000E378C3B9294620460DF093FCB8B92B8858
:108CC000A4F8A0306B88A4F8A230AB88A4F8A83030
:108CD000EB88A4F8AA300AE00A21201D0DF0C6FA9C
:108CE0000028E5D1E6E7294620460DF0A9FD38BD6C
:108CF0006FF01500FBE700BFF802002070B584B0EC
:108D0000A0F1580510F84E3CE3B3044610F8563C69
:108D1000012B35D1A0F15406092130460DF08AFA15
:108D200000283FD0B4F84830ADF80030B4F84A30ED
:108D3000ADF80230B4F85030ADF80430B4F8523029
:108D4000ADF8063069462846FFF7A0FF034618BB7A
:108D5000BFF35B8F56E8003F23F4807346E8003290
:108D6000002AF7D1BFF35B8FBFF35B8F56E8003F5C
:108D700043F0800346E80032002AF7D1BFF35B8F4F
:108D800004B070BD28460DF0E2FC2846FFF750F90C
:108D900028460DF074FBF3E7124A022112480BF04B
:108DA00056FBE1E7114A02AB92E8030083E80300B7
:108DB00019462846FFF76AFF034660B9BFF35B8F89
:108DC00056E8003F43F4807346E80032002AF7D1AA
:108DD000BFF35B8FC8E7064A022103480BF037FB5D
:108DE000C2E700BFA0110400E4CF0300E8D10300F4
:108DF000C811040008B501460148FFF725FD08BD6C
:108E0000400A00202DE9F04105460C460A8A1E4B17
:108E1000B3F804319A4201D80B7FC3B1237F0BBB57
:108E20000026228A184BB3F804319A421CD92146F5
:108E300028460DF046FC074610B33346024621464D
:108E40002846FFF7C5F9804638B90126E9E702232D
:108E50000022FFF7BDF980460FE0267738460FF075
:108E6000F8FB0AE00126DCE7012323770323002235
:108E700021462846FFF7ACF980464046BDE8F08120
:108E80006FF00B08F9E700BFF802002070B5044648
:108E9000837A23B9062104300DF0CCF9A8B904F186
:108EA000380012F09BFD054698B128460FF0EBFB09
:108EB000054601462046FFF7A5FF064628460FF067
:108EC000C8FB16F1050F14D070BD20460DF045FA11
:108ED000FAE74FF477730D4A0D490E480AF05EFD2C
:108EE000002383F31188BFF36F8F0323184602DF3B
:108EF000DBE7AE690023AB6128460FF0AAFB002E2A
:108F0000E2D0314620460DF088F9DDE7F411040087
:108F1000441B0400FC05040010B50C4812F03BFD96
:108F2000002406E00A4901EB0411084812F03FFD55
:108F300001340B2CF6D90EF09CFA0FF0DEFA044641
:108F400008B1204610BD0DF09BFCFAE7A4090020F3
:108F50006C3E002005490A78531CDBB20B700BB93C
:108F600002320A70014B1878704700BFD2490020C6
:108F700008B50B8A012B00D908BD034A012103481B
:108F80000BF05BFAF8E700BF4C1204000CD00300B2
:108F9000F0B583B000AF05460020C0B36C4688B082
:108FA0006B4613F1100243D00C213AB10846042954
:108FB00001DD224E5E61082800DD9D610B293ADD4E
:108FC0004FF00C0C3AB10321397100217971B9715C
:108FD000F9717868186100216FF300016FF34101A6
:108FE0006FF382016FF3C501012363F38811CCF3A2
:108FF0000A0C6CF353216FF31F5100231048F8F74C
:10900000B9FEA5466FF00B000C37BD46F0BD00EB76
:1090100040031B010B4AD3580BB10130BDE700EBF5
:109020004002084B03EB0213074A5A600B60EBE760
:109030006FF00041B9E76FF01B0CC3E76812040042
:109040000CD00300303F0020B813040010B591B1DC
:109050000B4610314FF0000CBFF35B8F51E800EF6F
:1090600041E800C4002CF9D1BFF35B8F19460DF025
:109070005DFB012010BD034A012103480BF0DDF91F
:109080000020F7E7901204000CD0030030B583B045
:109090000546194C00E00C34184B9C422AD26368F8
:1090A00001A9284698470028F5DB019923888B827F
:1090B0008B84A2682846FFF7C9FFD8B1019843689E
:1090C0001B6803B19847019B1033BFF35B8F53E8D4
:1090D000001F41F0010143E80012002AF7D1BFF35D
:1090E0005B8F01984368DB69002BD4D000F110013D
:1090F0009847D0E703B030BD44CF030068CF0300EA
:10910000F8B504460E4615464FF480320023002180
:1091100008460DF037FB074640B104210C300FF034
:10912000E0FA0470467045803846F8BD2346034A8D
:10913000012103480BF08BF9F6E700BFB4120400DD
:109140000CD0030070B582B00B8A032B17D90646EA
:109150000C46042104F10C000FF0F4FA0546428895
:10916000238A934213D14378C3B10378012B0BD0E8
:10917000132B19D121463046FFF7FAFE04E0114ABD
:10918000012111480BF059F9002002B070BD009286
:109190000E4A01210C480BF065F9F5E70C4A012154
:1091A00009480BF04AF9EFE70A4A022106480BF09A
:1091B0004EF9697800220092134630680DF00EFBDC
:1091C000E2E700BFDC1204000CD00300FC12040034
:1091D0002013040044130400F8B50C460B8A032B3B
:1091E00011D905461646042104F10C000FF0AAFA25
:1091F0004788394628460DF011FB68B132462146B2
:109200000DF078FAF8BD094A012109480BF015F96B
:1092100020460FF01EFAF5E73B46064A02210448B5
:109220000BF015F920460FF014FAEBE76C1304006D
:109230000CD003008C130400522833D81B2821D3F0
:10924000A0F11B03372B2FD8DFE803F0372E393B73
:109250002E2A352E372E2E2E2E2E2E2E2E2E2E2E22
:109260002E2E2E2E2E2E2E2E2E2E2E2E2E2E2E2E1E
:109270002E2E2E2E2E2E2E2E2E2E2E2E2E2E2E2E0E
:109280002E2E2E3319280FD843B26BB10123834001
:10929000104A1A40BAB9104A1A402AB10120704740
:1092A00001207047D22810D010F0400F0FD10620B7
:1092B0007047002070470220704703207047052048
:1092C000704704207047022070470020704700203C
:1092D000704700BFAAAA8A02545545012DE9F04102
:1092E0000346806850F8342BD2F80080DD68DE88B1
:1092F0001F6900210DF05DFB10B175B100240AE07B
:10930000074A012107480BF098F806E03946404625
:10931000A8470134A4B2A642F8D8BDE8F08100BF46
:10932000EC130400DCCF030010B58468002104F1C5
:1093300034000DF03EFB48B1A36B33B14FF4702203
:10934000002304F1580007F095F810BD024A0121EE
:1093500002480BF072F8F8E7EC130400DCCF0300CE
:1093600010B5837A072B0DD104210DF057FA04466E
:1093700078B1002130300DF01CFB80B154F8044C62
:10938000204610BD094A022109480BF056F8002476
:10939000F6E7084A012106480BF04FF8F0E7064AC5
:1093A000012103480BF049F80024E9E70814040000
:1093B000DCCF030018140400EC130400F0B583B0F4
:1093C00000AF05460E46436A03B1883B7B6000222E
:1093D00002E0013205E07B607C686CB12368AB423F
:1093E000F7D0012A77D014F18803F4D0D4F888306C
:1093F000002BF0D0883BEEE700220023391D3848CF
:1094000006F040FD30BB7C6890220021204613F01E
:109410002CFA344BA36004F13C0012F0BCFA7B68D8
:109420003433BFF35B8F53E8002F43E8006100291A
:10943000F9D1BFF35B8F7B681D60796828460DF01A
:10944000CBFA7C6820460DF03FFA00283FD0F52388
:10945000638341E02D686E4688B06B4613F11002BD
:109460002FD00C214AB10846042903DDDFF87CC067
:10947000C3F814C0082800DD9D610B2924DD0C25EC
:109480003AB10321397000217970B970F9703868E8
:10949000186100216FF300016FF341016FF3820146
:1094A0006FF3C501022363F38811C5F30A0565F361
:1094B00053216FF31F5100230B48F8F75BFCB546AF
:1094C0000AE06FF00041CDE76FF01B05D8E71723E6
:1094D0006385638300E0002420460C37BD46F0BD61
:1094E0001809002084070020DCCF03003414040096
:1094F0002DE9F04182B000AF80460C4600220023E7
:10950000391D324806F0BEFC00BB054613F0BCFB1B
:109510002F4B1A582F4B1A607E682C2200213046A0
:1095200013F0A3F9C6F800807868002141608160DB
:1095300041628162FFF742FF0346002843D00433B3
:10954000236028460837BD46BDE8F0816D4688B0E7
:109550006B4613F1100230D00C2142B108460429A9
:1095600001DD1D4C5C61082801DDC3F818800B2962
:1095700026DD0C243AB10321397000217970B970CD
:10958000F9703868186100216FF300016FF3410131
:109590006FF382016FF3C501012363F38811C4F3F4
:1095A0000A0464F353216FF31F5100230B48F8F7AB
:1095B000E1FBAD466FF00B05C3E76FF00041CCE770
:1095C0006FF01B04D6E76FF00B05BAE7FC0800202C
:1095D00008000000804000205C140400DCCF030081
:1095E00008B5011F014812F0FAF808BD180900205B
:1095F0002DE9F04184B005460E4614461768002355
:109600008DF808304FF42053ADF80A3002A90068F5
:109610000CF064F958B100238DF80C3042F60103C8
:10962000ADF80E3003A928680CF058F950BB6168FA
:1096300028680CF053F968BBE36893F80080B8F130
:10964000000F07D038460DF041F9A3681B8AC01AF5
:10965000404525DBA06804210C300FF042F8206162
:10966000068023695E800194104B00930023A2685A
:10967000294638460DF06AFA002813DB23699BB1AE
:1096800001200AE023691BB15A88B24200D25E80F1
:10969000012002E000232361012004B0BDE8F08135
:1096A0000020FAE70020F8E70020F6E74D69030004
:1096B0002DE9F04383B0054688461446D2F8009061
:1096C000D9F80470516800680CF008F920B101263F
:1096D000304603B0BDE8F0839522294638460EF0A7
:1096E0004CFD0646207538B9294638460DF017F965
:1096F00048B908232375EBE7E3681B780BB1002317
:1097000023750026E4E700272775A0680EF0BFFF49
:1097100002210C300EF0E5FF2061A0F800800194DA
:10972000114B00933B46A268294648460DF00EFABD
:10973000002808DB2369002BCAD048460DF0C6F884
:10974000A368002206E00DF0E2F82075C0E7198A50
:109750000A445B68002BFAD1861AE3681B789E42A4
:1097600094BF00260126B3E7236903002DE9F04FDB
:1097700093B005460E4614461768D7F804800023B8
:109780008DF8403042F60103ADF8423010A9006870
:109790000CF0A4F828B90023A360012013B0BDE8A1
:1097A000F08F00238DF844304FF42053ADF846304D
:1097B00011A928680CF092F840B938460DF086F8E7
:1097C0000146606803464FF0000C0AE0A3681BB135
:1097D0005A88B24200D25E800120DFE71A8A9444A0
:1097E0005B68002BFAD1A1EB0C03032B01D80020FE
:1097F000D4E70EF04CFF814638460DF067F86368F9
:10980000002202E0198A0A445B68002BFAD1A0EB1F
:10981000020A09F10C0B58460EF0A8FF82452DD222
:1098200038460DF053F86368002202E0198A0A44B2
:109830005B68002BFAD1801A20B36F680023009375
:1098400010230CAA29464046B847051EA3DB227CFC
:10985000AA4227D12A460CA9E06813F00EF8002886
:1098600099D100236374042109F10C000EF039FF33
:10987000A0600680A3685E8001208FE758460EF046
:1098800075FFD9E76368987A02F0ECF800220023AC
:109890000EF09EFE8146002880D0014660680EF0E2
:1098A00007FFCAE7E16807A80CF036F860B1EAB232
:1098B0000CA902A80CF030F868B102A907A80CF0B6
:1098C0000DF80028CDD066E7237C064A0221064821
:1098D0000AF0BDFD5FE72B46044A022102480AF068
:1098E000B6FD58E784140400DCCF0300A414040080
:1098F00010B50446043804F13003BFF35B8F53E81E
:10990000001F41F0010143E80012002AF7D1BFF324
:109910005B8F0DF08EF8044904F1540012F015FA33
:10992000206801F0E1FF10BD8DA30200F0B58BB0FF
:1099300004460D4616460378032B38D8DFE803F0BB
:1099400002212B311D4B93E803000790ADF8201046
:10995000090C8DF8221063792279E178A078677874
:109960000DF11C0CCDF814C00497039002910192E4
:109970000093A379124A3146284608F033F80BB019
:10998000F0BD104B93E803000790ADF82010090CD0
:109990008DF82210DFE70C4A07AB07CA03C31A8011
:1099A000D9E70A4A07AB07CA03C31A80D3E7084AB4
:1099B0000A2107A808F016F8CDE700BFB8DE0300BB
:1099C000C8DE0300C0DE0300ECDE0300F8DE0300A7
:1099D0009415040008B50EF0D7FD00EB4000024BD3
:1099E00003EBC00008BD00BF603F00202DE9F0413F
:1099F00084B007460C460846FFF7ECFF0546D0F852
:109A00000880E668002107F134000CF0D2FF68B34B
:109A1000E3681B782B7100232B603378D22B2DD079
:109A200004F10C000EF09EFEADF80C00238AADF898
:109A30000E30AF603B681868002300932246042173
:109A40000CF0A5FE064668B110F1690F27D06369D6
:109A5000BDF80C201344E360BDF80E302382C5F836
:109A600008802E60304604B0BDE8F0810F4A012125
:109A70000F480AF0E2FC6FF01506F3E73B68214659
:109A800018680EF037FD06460028C9D0094A0121A2
:109A900007480AF0D2FC20460EF0DBFDE2E7064A5A
:109AA000012103480AF0C9FCD1E700BFEC13040010
:109AB000DCCF0300C4140400D814040038B50446F5
:109AC0000079FFF7B9FB0546A068E0B10368D3B1A0
:109AD0001B68C3B123684BB90CF0F6FE60B1052DCD
:109AE00011D8DFE805F0110D1011100D084A012101
:109AF00008480AF0ACFC06E020460DF0ADFAEEE7AF
:109B00002046FFF711FC38BD2046FFF7E7FBFAE7D8
:109B1000FC140400DCCF030070B582B006460C468E
:109B2000551C0CF0D3FE85420BD82046FFF784FB72
:109B300002280FD004280DD04FF0FF324FF0FF3332
:109B40000BE000950346114A022111480AF08AFCF5
:109B5000002511E04FF47022002300210D480CF085
:109B600011FE054658B1FFF735FF8660012105F16A
:109B70000C000EF0B6FD0470284602B070BD2346FE
:109B8000054A012102480AF062FCF5E71C150400B1
:109B9000DCCF0300E8090020B41204002DE9F041F5
:109BA00082B006460D46071F38460CF0E8FE2B8AA9
:109BB0007BB18046012105F10C000EF0C3FD044687
:109BC00098F80A30072B09D156F8043C33B100232A
:109BD00009E0244A012124480AF02FFC002002B0A9
:109BE000BDE8F08101331D2B1DD894F800C01F4A39
:109BF00012F833209445F5D11C4E06EBC3062B8A90
:109C00007278934224D37368294638469847B378CC
:109C1000012BE3D10028E1D0034600222178384609
:109C20000DF0A5FADAE72378114A02210E480AF06E
:109C30000EFC24782046FFF7FFFA0028CED0052836
:109C4000CCD006230022214638460DF090FAC5E715
:109C500022780092074A012103480AF003FC0420FD
:109C6000D5E700BF44150400DCCF0300EC15040069
:109C7000601504007C1504002DE9F0418AB004460B
:109C800016461D4603688846003918BF012118682A
:109C90000EF0BBFB28B175B9012738460AB0BDE804
:109CA000F081032104F134000CF037FF08B10027E4
:109CB000F3E71227F1E70023049305930693079334
:109CC000089309933EB11A4631462046FFF724FF18
:109CD000059000283AD023681B6804938DF81880FB
:109CE000BDF84030ADF82230119B0793BDF84830E5
:109CF000ADF8203001238DF8243004AB0293144BCF
:109D000001930022009213462946284600F086FF60
:109D10009DF8247037B905990029BED020460DF072
:109D2000D7F9BAE726B9B8F1180F0CD00027B4E775
:109D300005980EF08EFC9DF824302A4641462046B8
:109D40000DF015FAEFE79DF82470A6E71127A4E7B8
:109D5000A36A03002DE9F04188461746FFF700FB90
:109D6000044610B3446A1CB3883C14F1880607D03B
:109D7000D4F8886026B1883E02E0334634461E4659
:109D8000C4B17D1C20460CF0A1FD854207D9002EF0
:109D9000F3D0D6F88830002BF0D0883BEEE73A4677
:109DA00041462046FFF7B8FE04462046BDE8F08154
:109DB0002646E5E77B1C034A022103480AF047FBDD
:109DC000F3E700BF9C150400DCCF0300F8B50446A0
:109DD0000F464FF47022002311480EF0F9FB06469F
:109DE000A0B120460CF070FDB8B9092106F10C05B0
:109DF00028460EF072FC3046FFF7ECFD846001212E
:109E000028460EF06EFC07703046F8BD3B46054A0A
:109E1000012105480AF01BFBF6E70B21E6E700BF2E
:109E2000E8090020B4120400DCCF03002DE9F04162
:109E30008AB00546884616461F46002405940694B7
:109E40000794089409941121FFF7C0FF079050B3BD
:109E50000595CDF8188001210C300EF042FC0890D9
:109E600022460470099405AB0293104B01930094B1
:109E700023463946304600F0D1FE089B1C7844B199
:109E8000079928460DF024F9002420460AB0BDE8C1
:109E9000F08107980EF0DDFB0A2332461021284698
:109EA0000DF065F9F1E71124EFE700BFF19502002D
:109EB00070B588B006460D460368012118680EF09B
:109EC000A4FA50B9032106F134000CF026FE10B1BB
:109ED000002008B070BD1220FBE700230493059317
:109EE0000693079321213046FFF770FF069058B381
:109EF00004962B8A012B21D905F10C000EF02AFCC7
:109F0000044601238DF81C3004AB02930F4B0193E0
:109F1000002200921346014600F080FE9DF81C309E
:109F2000002BE6D006980EF094FB9DF81C302246DC
:109F3000202130460DF01BF90020CAE70699304673
:109F40000DF0C6F80020C4E71120C2E7AF6C030093
:109F500070B588B006460D460368012118680EF0FA
:109F600054FA50B9032106F134000CF0D6FD10B1BB
:109F7000002008B070BD1220FBE700230493059376
:109F8000069307930F213046FFF720FF069058B342
:109F900004962B8A012B21D905F10C000EF0DAFB77
:109FA000044601238DF81C3004AB02930F4B019340
:109FB000002200921346014600F030FE9DF81C304E
:109FC000002BE6D006980EF044FB9DF81C3022468C
:109FD0000E2130460DF0CBF80020CAE70699304636
:109FE0000DF076F80020C4E71120C2E72F6D0300C2
:109FF000F0B589B004460F4616461D460368012198
:10A0000018680EF002FA20B16DB90126304609B089
:10A01000F0BD032104F134000CF07FFD08B10026EF
:10A02000F4E71226F2E700230493059306930793BF
:10A0300031462046FFF7CAFE069030B30494BDF8BF
:10A040003830ADF8143001238DF81C3004AB029386
:10A050000F4B01930022009213462946284600F038
:10A06000DDFD9DF81C6026B9069920460DF030F8FC
:10A07000CCE706980EF0EDFA9DF81C302A463946DA
:10A0800020460DF074F80026C0E71126BEE700BF99
:10A090002F6D03002DE9F0418AB00546884616462B
:10A0A0001F46002404940594069407940894099488
:10A0B0000921FFF78BFE069068B30495CDF8148054
:10A0C00001210C300EF00DFB0790224604700A238C
:10A0D0008DF8243004AB0293104B01930094234677
:10A0E0003946304600F09AFD9DF824403CB9069967
:10A0F00028460CF0EDFF20460AB0BDE8F081069836
:10A100000EF0A7FA9DF824303246082128460DF0BB
:10A110002EF80024EFE71124EDE700BFB19602000E
:10A120002DE9F0418AB005460E46174698460024B0
:10A13000059406940794089409940721FFF746FEB6
:10A14000069060B3059522460794CDF820809DF8CF
:10A1500040308DF824300A238DF8253005AB02936A
:10A16000104B0193009423463946304600F056FDCB
:10A170009DF825403CB9069928460CF0A9FF2046D9
:10A180000AB0BDE8F08106980EF063FA9DF825301C
:10A190003246062128460CF0EAFF0024EFE711249E
:10A1A000EDE700BF6D97020070B588B004460E461B
:10A1B0001546002304930593069307930521FFF7A3
:10A1C00005FE0590F8B1049404AB02930F4B019384
:10A1D0000022009213462946304600F01FFD069BE0
:10A1E00033B1059920460CF073FF002008B070BD14
:10A1F00005980EF02EFA0A233246042120460CF070
:10A20000B6FF0020F2E71120F0E700BF916D0300D8
:10A2100000B583B002460B460021019112F034FDD7
:10A220000C4909580C48006888420DD001A90B4818
:10A2300005F028FE58B9019800230360436083604D
:10A24000C36003B05DF804FB00221346EEE7002074
:10A25000F7E700BF0800000080400020340900201C
:10A2600010B50446806818B10EF0F3F90023A3601E
:10A270002146024811F0B3FA10BD00BF3409002096
:10A280002DE9F04782B004460F4691461E465830ED
:10A2900011F0ABFDA06BF0B1144B984222D0456891
:10A2A0004FF0000AC0F804A0A06BD0F80C80FFF7B4
:10A2B000D7FFC4F838A020680CF030FE3DB1236809
:10A2C0001868CDF800804B463A463146A847002032
:10A2D00002B0BDE8F087064A022106480AF0ADF850
:10A2E0000025E8E70025A563E5E700BF84400020DE
:10A2F000B8150400DCCF030008B5CA68836B4BB106
:10A3000007498B4208D0D37843B100221146FFF7AA
:10A31000B7FF08BD0E23F8E70E23F6E70E23F4E798
:10A320008440002070B582B0054602E018460EF069
:10A3300090F90022002305F10C000EF04FF90346BE
:10A340000028F3D10CE0AB6011E0E3680093002338
:10A350001A466FF067012868B0472046FFF780FF74
:10A360006C6844B123686B60AA68A242EBD066684F
:10A37000002EEAD1F1E700232B602946024811F0B4
:10A380002EFA02B070BD00BFFC080020B0B58AB044
:10A3900000AF044650F8583C18680CF00DF91E2226
:10A3A00007F10801FFF7C2FA6D4600233B71022353
:10A3B0007B7188B0EC461CF1100215D00E2022B142
:10A3C000042802DD264BCCF8143000233B70022316
:10A3D0007B70B2B1082803DD07F10803CCF8183010
:10A3E0000CF11C0300210AE06FF00040E7E701F1E7
:10A3F000280EBE441EF828EC03F801EB01310129B8
:10A40000F5D90D2829DD0E234AB103213971002128
:10A410007971B9710121F9717868CCF810000021C7
:10A420006FF300016FF341016FF382016FF3C50118
:10A43000012060F38811C3F30A0363F353216FF320
:10A440001F5100230748F7F795FCAD46A4F15400CF
:10A450000DF0D5F82837BD46B0BD6FF01B03D3E72C
:10A46000D0150400DCCF030008B5836B8B4201D00C
:10A47000002008BD034B83630846FFF7F1FE01206F
:10A48000F7E700BF844000208068034B984214BF68
:10A4900000200120704700BFC1A60200064B1A68C9
:10A4A000C0F801209A889B79A0F80520C371002389
:10A4B00003700381704700BFF8020400044B1A6860
:10A4C000C0F801209A889B79A0F80520C3717047D5
:10A4D000F802040070B50646002414B10025284691
:10A4E00070BD0D4D05EB041566B123010A4901EB62
:10A4F00004120132C95C30460CF037F80028EED166
:10A500000134EAE7284607220449013012F0B5F980
:10A510000028F5D1E3E700BFB0400020F8020400B6
:10A5200070B506460D4600240CB1002070BD04EB4A
:10A5300044030C4A12F823309E4201D00134F3E761
:10A5400004EB440302EB830007222946013012F09A
:10A5500094F90028F2D104EB4404024800EB840093
:10A56000E4E700BFC0400020F8B507460D460024D0
:10A5700014B100263046F8BD04EB840605EB460610
:10A5800067B104EB84033246013215F813103846E4
:10A590000BF0EBFF0028EDD10134E9E704EB840078
:10A5A00005EB400007220349013012F066F900284C
:10A5B000F2D1DFE7F802040070B50646002414B1BA
:10A5C0000025284670BD0D4D05EB041566B123012D
:10A5D0000A4901EB04120132C95C30460BF0C5FF99
:10A5E0000028EED10134EAE7284607220449013069
:10A5F00012F043F90028F5D1E3E700BFD84000206E
:10A60000F80204000D4BBFF35B8F53E8002F42F0BC
:10A61000020143E800100028F7D1BFF35B8F12F06E
:10A62000020F0AD1064B05E05A6806490888024421
:10A630000A800833044A9342F6D37047CC40002086
:10A6400084CF0300AA490020A4CF0300F8B5064632
:10A650000F4615461C46FFF763FF844670B1BCF8F1
:10A66000083013B9BCF80A30F3B123462A460CF17E
:10A670000A010CF108000DF0CEF8F8BD0D49FFF706
:10A680004FFF844650B1034603F8016B3A68C0F8A7
:10A690000120B988BA7999809A71E0E7064A0121C8
:10A6A000064809F0CAFEE8E7ACF80850ACF80A40E2
:10A6B000E3E700BFF8020400F4160400F4CF03003F
:10A6C0002DE9F8431C46BDF82030CF68002B50D14F
:10A6D00081460E46631E9BB2012B4DD8012C1DD91D
:10A6E0005378157845EA032539464846FFF73CFF7D
:10A6F0008046A8B13B6943B12A463146484698474F
:10A70000002809DB0138012839D8A8F808507B89CE
:10A710009D4225D14DB32046BDE8F8831578E3E787
:10A720000DB92046F8E739460020FFF71DFF8046A7
:10A7300070B1D9F88830C0F80130B9F88C2099F898
:10A740008E30A0F80520C37199F808300370D1E766
:10A750000C4A02210C4809F070FE6FF01000DBE794
:10A76000394630460DF0B3F8D4E74046FFF796FE81
:10A77000D1E76FF00600CFE76FF00C00CCE76FF089
:10A780000D00C9E714170400F4CF03002DE9F041D0
:10A790001E46BDF81830012B30D804461746B04687
:10A7A0003344012B2DD8FFF795FE0546C8B132463C
:10A7B000394628460DF051F830B3D4F88830C5F842
:10A7C0000130B4F88C2094F88E30A5F80520EB7198
:10A7D000237A2B70012128460DF0CFF94046BDE8C1
:10A7E000F081FFF777FE05460028E0D1084A0221F4
:10A7F000084809F022FE6FF01008EFE76FF0060836
:10A80000ECE76FF00C08E9E76FF01208E6E700BF2D
:10A8100030170400F4CF0300F8B507460E46069D36
:10A8200005F11403BFF35B8F53E8001F21F004010F
:10A8300043E80012002AF7D1BFF35B8F8EB92B8A51
:10A8400023B92C681A4629463846A04730460DF0F1
:10A8500056F804466B6823B32A46014638469847A3
:10A86000F8BD3846FFF7A8FE01460028F8D08368F7
:10A8700013B11C6800220AE01C46FBE72B46384651
:10A880000DF062F8E2E720461A4623460446002B04
:10A89000DCD005F1180C9C45F0D0002CF3D02068DA
:10A8A000F2E7AB68002BDBD0054A0221054809F02E
:10A8B000C4FDAB680022214638469847D0E700BF68
:10A8C0005C170400F4CF030038B5044600F1880596
:10A8D0002946007A0BF05AFA38B92946207AFFF750
:10A8E0001FFE08B10DF099F938BD2946207A0DF008
:10A8F00099F903460028F7D0024A0121024809F0DD
:10A90000A6FDF1E794170400F4CF030010B5044648
:10A91000164BBFF35B8F53E8002F22F0020243E88F
:10A9200000210029F7D1BFF35B8FBFF35B8F1B685A
:10A93000BFF35B8F13F0010F04D120460CF0FBFE38
:10A9400030B910BD00220023094805F093FDF4E75B
:10A950002046FFF7BFFD0028F3D0027A12F0010F66
:10A96000EFD001210DF009F9EBE700BFA826002088
:10A97000782600202DE9F04F83B005461646FFF7F4
:10A9800083FD009078B1EF687B8963B10024A14614
:10A990006CB1B9F1000F06D100237B81FB6813B1C4
:10A9A000002128469847012003B0BDE8F08F04EB52
:10A9B000840807EB4808B8F80830CBB104EB8403EF
:10A9C00008F1010A524617F8131030460BF0CDFD7E
:10A9D00098B904EB8403514617F81300FEF718F8F2
:10A9E000034628B1827A072A04D018460BF047FDA7
:10A9F0000134CDE7DDF80090F7E706F18803019315
:10AA00001946307A0BF0C2F950B90B4B9F4203D074
:10AA10004046FFF743FDEBE73046FFF755FFF7E70A
:10AA2000D6F88830C8F80130019B9A889B79AAF83B
:10AA300004208AF80630DBE7C407002000B585B0A3
:10AA40000A46012302930423019308230093034B36
:10AA500003490DF057F905B05DF804FBC97E03000A
:10AA6000E382030000B585B00A464B6801210291DC
:10AA70008B40019320230093034B04490DF042F9CE
:10AA800005B05DF804FB00BF437E0300CD7D0300ED
:10AA900000B585B00A464B68012102918B400193B5
:10AAA0000E230093034B04490DF02CF905B05DF81B
:10AAB00004FB00BF697E03009B79030000B585B0ED
:10AAC0000A4601230293042301930C230093034BB2
:10AAD00003490DF017F905B05DF804FBB57D0300DF
:10AAE000E382030000B585B08C4611460CF11403D7
:10AAF000BFF35B8F53E800EF4EF0080E43E800E22F
:10AB0000002AF7D1BFF35B8F012302930423019343
:10AB100012230093034B62460DF0F4F805B05DF884
:10AB200004FB00BF8F7E03000B4B1A68C0F80120A6
:10AB30009A889B79A0F80520C371002303720C301A
:10AB4000BFF35B8F50E8002F40E800310029F9D1B6
:10AB5000BFF35B8F704700BFF8020400114BBFF3D7
:10AB60005B8F53E8002F42F0010143E800100028FA
:10AB7000F7D1BFF35B8F12F0010F00D0704710B513
:10AB8000FFF740FD084C0949204611F0DEF84FF46C
:10AB9000A47200232046FAF711FB0549054811F07D
:10ABA000D4F810BDCC400020002600206B810300AB
:10ABB00041B002007826002028B38446008A38BBC2
:10ABC00070B4144D012203E06B6813449AB2083547
:10ABD000114B9D421AD22C686445F5D86E6806EB7D
:10ABE00086039B00143B23446345EDD300239E4220
:10ABF000EDD903EB830104EB8101614505D00133FD
:10AC0000013292B2F3E700207047104670BC7047E3
:10AC1000704700BF84CF0300A4CF03002DE9F04F9D
:10AC200089B08246079190469946139FDDF850B04F
:10AC3000BDF848301BB94FF6FF73ADF848301C4BD8
:10AC40001B8853452CD209B0BDE8F08F8CB2083672
:10AC5000184B9E42F7D27368E118B942F6D300252B
:10AC600006977368AB4219D905EB8500CDF810B093
:10AC7000CDF80CA012AB0293CDF80490CDF8008073
:10AC8000079B069A2146376807EB80000DF001F814
:10AC90000028D8D001350134A4B2E2E7069FD6E7F8
:10ACA000054E012413975746DDF84CA0D0E700BFAE
:10ACB000AA490020A4CF030084CF030010B5CCB074
:10ACC0000023489349934A934B931CAA48A904A88C
:10ACD00009F0F6FE18B304AC0294174B019300225E
:10ACE000009213464FF6FF710120FFF797FF2146B0
:10ACF000124809F082FFC0B1102110480CF075FD18
:10AD00000F4BBFF35B8F53E8001F41F0080143E88E
:10AD10000012002AF7D1BFF35B8F4CB010BD094A77
:10AD20000121094809F089FBF7E7084A0121064893
:10AD300009F083FBF1E700BFDD790300F025002077
:10AD4000A8260020AC170400F4CF0300C8170400A5
:10AD50002DE9F04184B004460D4616461F461F49B2
:10AD6000A1F1300011F050F8BFF35B8F1C4B1B6852
:10AD7000BFF35B8F13F0080F17D02046FFF7AAFB35
:10AD800018B1027A12F0010F12D110230293154B61
:10AD90000193BDF8283000933B46324629462046B1
:10ADA0000DF0C8F804B0BDE8F081FFF787FFE4E7D5
:10ADB00000F10C08002140460CF07FFE0028E4D191
:10ADC000BFF35B8F58E8003F43F0020348E80032CE
:10ADD000002AF7D1BFF35B8FD7E700BF30260020F2
:10ADE000A8260020F025002008B5BFF35B8F054B97
:10ADF0001B68BFF35B8F13F0080F00D008BDFFF78F
:10AE00005DFFFBE7A826002010B584B004460A4683
:10AE100000230360029007490191012100914FF640
:10AE2000FF718088FFF7FAFE2068003818BF012004
:10AE300004B010BD3779030010B586B00024059426
:10AE4000FFF7BAFE013080B205AB0293054B0193C8
:10AE50000094234622460146FFF7E0FE059806B01F
:10AE600010BD00BFC97803002DE9F04782B0054648
:10AE70000F4614465668942231460DF07EF900289C
:10AE80003CD10222314628460DF09AF900283DD0E7
:10AE9000A68A023600961D230022214628480CF07F
:10AEA00023FF8146002848D032461D212846FEF760
:10AEB00051FF804690B30123002211460CF066FC3E
:10AEC00008F10C0A022150460DF00BFC064626F84C
:10AED000027BA18A50460DF004FCA28A216930460B
:10AEE00011F09BFCC9F80880494628460CF0AEFBDF
:10AEF0000446F0B9204602B0BDE8F087114A0221AD
:10AF0000114809F09AFA4FF0FF34F3E70F4A022193
:10AF10000D4809F092FA6FF01504EBE70C4A022194
:10AF2000094809F08AFA4846FFF79AF96FF00B04CE
:10AF3000E0E74846FFF794F9DCE76FF00B04D9E748
:10AF40000B790300E4170400F4CF0300FC1704009E
:10AF500028180400BFF35B8F374B1B68BFF35B8F70
:10AF600013F0040F5ED030B58DB005460C4610B11D
:10AF7000837A072B59D160680590FFF71DFEADF865
:10AF80001800216841B305A8FFF73EFF00284FD005
:10AF9000059B6360059B186800238DF82C3042F6F2
:10AFA0000303ADF82E300BA90AF098FC48B90598B8
:10AFB000C3689B7913F0200F13D00DF07DF8ADF826
:10AFC00018008DB10123A3752246BDF8181028463C
:10AFD000FFF74AFF0DB030BD0028DBD16FF0010054
:10AFE000F8E76FF01500F5E76FF07F030793022392
:10AFF000ADF8203009940023A3758DF8283042F66F
:10B000000212ADF82A2005AA02920C4A01920122EE
:10B0100000920AAA4FF6FF71BDF81800FFF7FEFD77
:10B020000798D7E76FF00A0070476FF07F00D1E70D
:10B030006FF00100CEE700BFCC030020CDB30200CB
:10B0400010B582B0034630F8082CADF8042030F873
:10B05000062CADF80620A0F1200100F13004BFF36A
:10B060005B8F54E8002F22F0010244E80020002802
:10B07000F7D1BFF35B8F002023F8080C23F8060CF0
:10B080000E4A43F81C2C0E4A43F8182C01AA43F828
:10B09000102C042223F80C2CFFF75CFF08B102B03F
:10B0A00010BDBFF35B8F54E8003F43F0020344E858
:10B0B0000032002AF7D1BFF35B8FF0E77C19040060
:10B0C0000DA9020038B5044600F18801007AFFF7A7
:10B0D00027FA00B3054603890BB94389DBB1204643
:10B0E000FDF7A6FB2B890F4A22F820306B8902EB73
:10B0F000800253800C4D00EB400305EBC3030B496A
:10B1000059600B4999601A6104229A8219462046B7
:10B11000FFF720FF00B938BD064A0121064809F0B3
:10B120008CF9F8E794400020984000207C19040036
:10B13000597C030050180400F4CF03002DE9F047B8
:10B1400082B000AF0646D2F80080FFF79DF918B133
:10B15000D6F80C90002424B101200837BD46BDE884
:10B16000F08704EB840309EB43031B89002B54D0C5
:10B1700004EB840309EB4302013219F81310404633
:10B180000BF0F3F9002848D04FF495723146404651
:10B190000CF0F3FF08B103280AD0494630460CF002
:10B1A00096FB224B9945D7D14046FFF78BFFD3E75B
:10B1B000EA4688B06B4613F1100230D00C214AB138
:10B1C0000846042903DDDFF86CC0C3F814C0082862
:10B1D00000DD9E610B2925DD0C213AB10320387179
:10B1E00000207871B871F871786818616FF3000504
:10B1F0006FF341056FF382056FF3C505022363F317
:10B200008815C1F30A0161F353256FF31F5500231D
:10B2100029460748F6F7AEFDD54601349BE76FF0A7
:10B220000041CCE76FF01B01D7E700BFC407002047
:10B23000F4CF0300701804002DE9F84305460F46CB
:10B2400014465668942231460CF097FF58BB0122F1
:10B25000314628460CF0B4FF68B3A28902321B21A4
:10B260002846FEF777FD804668B300F10C090221FD
:10B2700048460DF036FA064626F8027BA189484674
:10B280000DF02FFAA289A168304611F0C6FA012309
:10B290006269216940460CF079FA414628460CF073
:10B2A000C0F9BDE8F8830C4A02210C4809F0C5F842
:10B2B0004FF0FF30F5E70A4A0221084809F0BDF8CF
:10B2C0006FF01500EDE7074A0221044809F0B5F8D0
:10B2D0006FF00B00E5E700BFE4170400F4CF0300B4
:10B2E000FC17040084180400BFF35B8F354B1B6808
:10B2F000BFF35B8F13F0040F5AD030B58DB0054605
:10B300000C4610B1837A072B55D160680590FFF782
:10B3100053FCADF81800216831B305A8FFF774FDA0
:10B3200000284BD0059B6360059B186800238DF8AF
:10B330002C3042F60303ADF82E300BA90AF0CEFAFA
:10B3400048B90598C3689B7913F0100F11D00CF021
:10B35000B3FEADF818007DB12246BDF8181028469E
:10B36000FFF76AFF0DB030BD0028DDD16FF001009E
:10B37000F8E76FF01500F5E76FF07F030793012200
:10B38000ADF82020099400238DF8283042F60211F0
:10B39000ADF82A1005A902910B49019100920AAA61
:10B3A0004FF6FF71BDF81800FFF738FC0798D9E792
:10B3B0006FF00A0070476FF07F00D3E76FF0010075
:10B3C000D0E700BFCC030020CDB302002DE9F04749
:10B3D00007461646FFF758F8002800F0A780FD68DA
:10B3E000544B9D422DD0002464E033691A6904EB6C
:10B3F0004400538812884146DFF83CC11CF8200005
:10B40000FFF724F90134002CEDD104EB44024A4B40
:10B4100003EB820808F1010807224849404611F071
:10B420002CFA0028EED004EB4403072241464248A0
:10B4300010F82300FDF798FB0028D6D00BF01FF87A
:10B44000E0E70024DFE70BF01AF832E040460BF0AB
:10B4500016F82EE03A4A02213A4808F0EEFF40463C
:10B460000BF00DF825E004EB840205EB4202128993
:10B4700012F0020F49D03269B1884046FFF7F4FC60
:10B48000814670B93269937D0133937509E004EB0D
:10B49000840305EB43031B8913F0010F3AD14FF0EE
:10B4A000000940460AF0EBFFC6F80890B9F1000F1A
:10B4B00039DB0134002C34D104EB840305EB430366
:10B4C000B3F808C0B3899C45F3D104EB840305EBC2
:10B4D0004301013115F81300FDF79AFA8046002860
:10B4E000E7D0837A072BAED16B691BB139469847F9
:10B4F0000028ABD09422394640460CF03EFE8246EE
:10B500000028A7D1B389022BADD0012BBFD04FF0BB
:10B510000009C6E73269B1884046FFF78DFE8146D3
:10B52000BFE74FF0010A5046BDE8F0874FF0010A2F
:10B53000F9E700BFC4070020C0400020F802040063
:10B54000E4170400F4CF0300837A072B23D170B5EE
:10B5500084B004460D46061D0C2130460CF0BAFAA4
:10B56000E0B9012302930223019300930D4B2A4675
:10B570000D4920460CF0C6FB58B1BFF35B8F56E86F
:10B58000003F23F4805346E80032002AF7D1BFF38E
:10B590005B8F04B070BD6FF07F0070476FF0770075
:10B5A000F7E700BF897D030083790300837A072BC7
:10B5B00023D100B585B04B6843B1012B0CD90B7B6F
:10B5C0003BB1FFF74FFA05B05DF804FBFFF736FA21
:10B5D000F9E7FFF75DFAF6E74B895BB901230293C0
:10B5E000022301930A230093054B0A4605490CF0F8
:10B5F00089FBE8E7FFF762FAE5E76FF07F00704745
:10B60000A17D0300E38203002DE9F04F87B002AF74
:10B6100078600D469046B1F808A0B1F80AB05C1EFB
:10B62000A4B2561C25E04C4A01214C4808F005FF05
:10B6300070E0023B9BB2514528D3594526D82A8158
:10B64000D5F800900093B31C2A4600217868C847BB
:10B6500000285FD098F800309C426DD32B896A890E
:10B66000934261D001332B8198F80030E41AA4B2E0
:10B670001E44002C60D0328891B20029D3D098F8B3
:10B680000030A342D5D9A31E9BB2D4E76C468AB042
:10B6900002AB13F1100241D014208AB106460428EF
:10B6A00003DDDFF8BCC0C3F814C0082E00DD9961CB
:10B6B0000C2E01DDC3F81CA0102E01DDC3F820B054
:10B6C00013282EDD14263AB1052139730021797330
:10B6D000B973F973F868186100216FF300016FF313
:10B6E00041016FF382016FF3C501022363F38811F7
:10B6F000C6F30A0666F353216FF31F510023174860
:10B70000F6F738FBA5462C68002300932A460E2145
:10B710007868A0471437BD46BDE8F08F6FF0004051
:10B72000BBE76FF01B06CEE72C68002100910B46AB
:10B730002A467868A047EDE729467E683046FFF73D
:10B7400035FF0028E6DA2C68002300932A460E21F4
:10B750003046A047DEE700BFB0180400F4CF030076
:10B76000C0180400F8B5837A072B45D105460C466E
:10B77000FEF722FF0746002841D0836803B1183B3B
:10B780000020064603E001209B6903B1183B3BB152
:10B79000A342F8D09989A2899142F5D10126F3E715
:10B7A00080B3022104F114000CF087F9D8B93EB936
:10B7B00000232382164A21462846FFF793F988B9C9
:10B7C00004F1180107F108000BF0FFFF38460CF0F8
:10B7D000B6F868B9CEB1266800231A462146284635
:10B7E000B0470020F8BD214628460CF0BAFDDEE740
:10B7F0003846FEF763FEEDE76FF07F00F2E76FF08B
:10B800001500EFE76FF01500ECE70020EAE700BF56
:10B8100019A802002DE9F04F89B006460C461546DE
:10B82000FEF7CAFE70B107462A46214605A80CF06D
:10B830004EFFB04635E000955B46294A0121294874
:10B8400008F010FE09B0BDE8F08FFEB1B36903B196
:10B85000183B34461E46FCB1A3899945F5D12146D3
:10B8600040460CF08CF80028EFD05B460AF1040249
:10B87000214640462568A8470028E6D12146404693
:10B88000FFF770FFE1E726460395E4E73346E0E77C
:10B890000395E0E70395DEE7039D594605A80CF004
:10B8A00051FFBDF81830042BCCD9042105A80CF0A9
:10B8B00049FF8246B0F80090B0F802B0BDF81830E9
:10B8C0005B45B8D3BC68002CDDD0183C14F11806D9
:10B8D000DED0A669002EDDD0183E0395BBE700BF81
:10B8E00028190400F4CF030000B587B004900120AC
:10B8F0008DF8140004AB0293054B019300220092D3
:10B9000013464FF6FF71FFF789F907B05DF804FBA6
:10B910003DB10200F8B505460E4617460A4B1C68B5
:10B9200004B1043C74B1236843B13A463146284619
:10B9300098476468002CF5D0043CF3E7231DF8D148
:10B940001C46EFE7F8BD00BFD040002010B584B022
:10B9500004460290084B01930022009213464FF6D2
:10B96000FF710120FFF75AF920460CF00AF9204632
:10B970000CF0C5FA04B010BD75A902004268034B73
:10B980009A4200D07047C3681982FBE7E382030044
:10B99000F0B583B000AF05460020C0B36C4688B058
:10B9A0006B4613F1100243D00C213AB1084604292A
:10B9B00001DD224E5E61082800DD9D610B293ADD24
:10B9C0004FF00C0C3AB10321397100217971B97132
:10B9D000F9717868186100216FF300016FF341017C
:10B9E0006FF382016FF3C501012363F38811CCF378
:10B9F0000A0C6CF353216FF31F5100231048F6F724
:10BA0000B9F9A5466FF00B000C37BD46F0BD00EB51
:10BA100040031B010B4AD3580BB10130BDE700EBCB
:10BA20004002084B03EB0213074A5A600B60EBE736
:10BA30006FF00041B9E76FF01B0CC3E7DC1A04009C
:10BA40002CD00300E8400020041B0400034BC01A64
:10BA50008010034B03FB00F0704700BFBC090020BF
:10BA6000A38B2EBA2C22024B02FB0030704700BF82
:10BA7000BC0900202DE9F04385B005460391164628
:10BA80001C46684610F089FCDDE90089EFF311835C
:10BA9000402181F31288BFF36F8F698BD9B11F46A4
:10BAA0002B8B99420BD200220023284604F0DAFAAD
:10BAB000044620B187F31188BFF36F8F20E0698BB4
:10BAC0004B1E6B8387F31188BFF36F8F28460CF0F2
:10BAD0001CFD044614E083F31188BFF36F8F54EA12
:10BAE000060306D011F0D0F81A4B1A581A4B9A4296
:10BAF00018D032462346284604F0B4FA044668B10A
:10BB0000039B93B9002363610123237200236372B3
:10BB10006360039B638220460CF055FD204605B010
:10BB2000BDE8F08300263446E3E742464B466846CC
:10BB300010F069FCDDE9002303A920460CF0F8FCB5
:10BB4000054660610028DFD120460CF005FD2C463B
:10BB5000E4E700BF08000000B8350020132810D823
:10BB60000C4B13F810307BB10A4A02EB40025278BA
:10BB70006AB1086800FB03F393FBF2F30B6000204B
:10BB800070476FF0150070476FF0150070476FF049
:10BB900015007047581B0400074B0122C3F800250D
:10BBA00090F8863013B1044BDA607047024B0122E3
:10BBB0001A605A60704700BF0070004069B938B51C
:10BBC000064CD4F82C56D4F8341689B274300CF0E4
:10BBD0000AFE0544C4F82C5638BD7047007000407A
:10BBE000F0B583B000230093CDF803300C7904F056
:10BBF0001F048E79072C66D80D460B780B2B2FD897
:10BC0000DFE803F00906161A2E1E2E2E22262E2AF3
:10BC100001238DF802306B78032B29D0042B2AD016
:10BC20002A4A01212A4808F008FC6FF015073FE076
:10BC300002238DF80230EEE703238DF80230EAE7A5
:10BC400004238DF80230E6E705238DF80230E2E7A1
:10BC500006238DF80230DEE707238DF80230DAE79D
:10BC60001C4A01211A4808F0E8FB6FF015071FE095
:10BC700001238DF8033001A968880CF0B6FD074652
:10BC8000C8B92B79C3F340138DF805306A79124B8C
:10BC9000234483F8A020114D6A46214628460CF023
:10BCA0006EFD5134230105EB041466600022EA5056
:10BCB000384603B0F0BD0A4A0121054808F0BDFB33
:10BCC0006FF01507F4E76FF01507F1E7A01B04000C
:10BCD000B4CF0300801B040060040020007000400B
:10BCE000C41B040008B5037CA3F10802062A0DD882
:10BCF000DFE802F0140C160C040C0A000222094BB7
:10BD0000C3F8F025002008BD0322F8E7064A012108
:10BD1000064808F09CFB6FF01500F4E70022EEE700
:10BD20000122ECE700700040F01B0400B4CF0300D8
:10BD300008B5012901D9437C4BB9437C082B0ED8A7
:10BD4000DFE803F0151515151515151515000A4A28
:10BD500001210A4808F071FB6FF015000BE0084A5A
:10BD60000121064808F073FB6FF0150003E0054A57
:10BD7000C2F8F435002008BD181C0400B4CF03003D
:10BD80004C1C04000070004010B582B004460CF05A
:10BD90002AFD236813B19B8903FB0000E3688342FB
:10BDA00002D3002002B010BD0090044A01210448D3
:10BDB00008F058FB6FF00B00F4E700BF701C0400A4
:10BDC000B4CF030010B582B000F10804D0F88800A9
:10BDD000410CC003084BC018084A4FF0000341F162
:10BDE0000001E0F78DFE0090019100220023204623
:10BDF00005F0BAF902B010BD3F420F0040420F00FB
:10BE0000F8B54E68731EFE2B03D80D4600231C4662
:10BE100019E0314A0121314808F00FFB6FF015039A
:10BE200039E02F4A01212D4808F011FB6FF015036E
:10BE300031E003F1510212012A49002088500133F8
:10BE4000DBB2072B22D81A4626FA03F111F0010FB4
:10BE5000EFD02549194491F8A070002FE1D0697CFA
:10BE6000003918BF0121DFF87CC00CEB031EDEF89F
:10BE7000180520F0807040EA0160CEF818055132B4
:10BE800012014CF802700134E4B2D8E72846FFF7FB
:10BE900029FF034608B11846F8BD21462846FFF79A
:10BEA00047FF03460028F6D121462846FFF76CFFDE
:10BEB00003460028EFD1AA680A4BC3F82C26C3F822
:10BEC0003046094C294620460CF001FD20460CF076
:10BED000F1FC0346DFE700BF981C0400B4CF030069
:10BEE000B81C0400007000406004002070B50446D7
:10BEF0000D46084E0022114630460CF0D2FC294671
:10BF00002046FFF77DFF044606F1400004F0E4F808
:10BF1000204670BD6004002010B50D4B0024C3F80E
:10BF20000441D3F80421C3F81041D3F810211222A0
:10BF3000C3F80423072008F0CCFE22460121072085
:10BF400008F0D1FE03480CF0F1FC204610BD00BF04
:10BF5000007000406004002008B5114BD3F8043194
:10BF600073B90F4BD3F810314BB10D4B0022C3F80E
:10BF70001021D3F8102101229A601A605A6008BD7E
:10BF8000074B0022C3F80421D3F804110121996062
:10BF9000C3F80025014603480CF0D0FCEFE700BFD2
:10BFA0000070004060040020004870476C41002091
:10BFB000034BC01A8010034B03FB00F0704700BF17
:10BFC0002C410020B76DDBB638B505460C46FFF7AF
:10BFD000EFFF0146402203480CF08EFD0146284643
:10BFE000A04738BD6CCD030030B583B005460C4684
:10BFF000FFF7DEFF0146402300932346054A06482B
:10C000000CF094FD011E01DB03B030BD2846A047B3
:10C01000FAE700BF758B03006CCD030008B510B1C3
:10C0200001280DD008BD002108480CF0F1FC836800
:10C0300013F0070FF6D1002104480CF04BFDF1E797
:10C04000012102480CF046FDECE700BF6CCD030077
:10C0500010B582B0EFF31184402383F31288BFF34D
:10C060006F8F154A136843F00201116013F0010F3E
:10C0700009D1002384F31188BFF36F8FB3B90CF09B
:10C0800081FD02B010BD0DF1070201214FF080408B
:10C090000CF0A2FC9DF80730012B01D00023E9E74A
:10C0A000FFF782FF0CF004FD0123E3E700210348C2
:10C0B0000CF010FDE5E700BF7C4100206CCD0300D3
:10C0C00010B5EFF31184402383F31288BFF36F8F11
:10C0D000074A136823F00201116013F0010F04D026
:10C0E00084F31188BFF36F8F10BD0CF050FDF7E79C
:10C0F0007C41002070B582B00546012807D14FF081
:10C100008043D3F81C3403F00303012B4BD00FF012
:10C11000A5FE044618B9284B1B78002B38D1EFF345
:10C120001186402383F31288BFF36F8F012424B953
:10C130004FF080430222C3F8082301AA00214FF0E8
:10C1400080400CF049FC20B1019B012B26D0012D31
:10C1500024D0FCB1304608F0F9FD4FF08043D3F80D
:10C160001835002BE9D14FF08043D3F80431002B70
:10C17000E3D04FF080430022C3F80421D3F8042118
:10C180000122C3F818250D49C1F880219A60D4E72F
:10C190000026CCE701200CF004FDDEE72CB186F38D
:10C1A0001188BFF36F8F02B070BD4FF08043022241
:10C1B000C3F80423F7E700BFD549002000E100E001
:10C1C00000B587B0CDF800D0CDF804D0002302939D
:10C1D0000123039304AB049305936B46064A0CF0CA
:10C1E000C1FC002805DB4FF480420023684603F0C1
:10C1F0009BFF07B05DF804FBCF8B030008B5064B2F
:10C200001B7803B108BD4FF4A5700FF020FA024B64
:10C2100001221A70F6E700BFD349002070B5064628
:10C2200000220121104608F05EFD114801F0BEFE1B
:10C23000104B984219D10DF033FC0024012C12D878
:10C24000214630460CF0E4FB0546214630460CF012
:10C25000ECFB094907F082FF002805DB0123AB60F6
:10C260001C44E4B2EAE7002070BD6FF00400FBE775
:10C270001DC002000000AD0B001D040010B50446F7
:10C28000104B0121BFF35B8F53E8002F43E80010F0
:10C290000028F9D1BFF35B8F1AB1631E012B0DD9B2
:10C2A00010BD09480CF0C1FB084900234B608B60AE
:10C2B000CB6001238B6007F06EFFEEE72046FFF7AF
:10C2C00019FFEDE7284100206CCD03001841002044
:10C2D000EFF31182402383F31288BFF36F8F0A4B71
:10C2E000D3F800316BB1084BD3F80805C0B2002178
:10C2F000C3F80011D3F8003182F31188BFF36F8FB8
:10C3000070476FF00A00F7E700D00040F0B58646AE
:10C310008578C478EFF3118C402383F31288BFF340
:10C320006F8F067833464778AD1B2540AA4200D967
:10C33000AAB2B01820408EF800008CF31188BFF329
:10C340006F8F084607E00EEB0302527900F8012BCD
:10C3500001332340624602F1FF3C1FFA8CFC002AA5
:10C36000F1D1BE420ED1EFF31183402282F3128845
:10C37000BFF36F8F9EF800208EF8012083F31188A1
:10C38000BFF36F8F401A80B22D1A9EF80430AB4273
:10C3900002D3024B01221A60F0BD00BF00D0004062
:10C3A000F8B50D46144613F0010F03D12548FFF7E9
:10C3B000ADFFF8BD0AB92046FBE7EFF31186402335
:10C3C00083F31288BFF36F8F0D20F7F749F8074604
:10C3D0000D2008F083FC86F31188BFF36F8F1A4B92
:10C3E0000022C3F80021D3F8002101221A60174B64
:10C3F0004FF40052C3F8802126460AE0EFF3118083
:10C40000402383F31288BFF36F8F08F09FFC00E096
:10C410008EB10D4BD3F80031002BEFD0FFF758FF52
:10C420000A4B4FF40052C3F880210028F0DB013E94
:10C43000B6B2A855ECE7002FBDD00D2008F049FC9E
:10C44000B9E700BFB041002000D0004000E100E0AB
:10C4500010B5FFF73DFF002806DBC4B221460A48AD
:10C460000CF0C1FB002800DB10BD214607480CF092
:10C47000BAFB002803DB064803F02EFEF4E7054B69
:10C4800001225A60F7E700BFB0410020C5410020FB
:10C490009841002000D00040F8B50F46144607E050
:10C4A0004FF0FF324FF0FF3306F1180003F03CFE6F
:10C4B000BCB10D4E4FF0FF324FF0FF33304603F06A
:10C4C00033FE2246394606F14500FFF71FFF0546B9
:10C4D000304603F001FE002DE2D0641BA4B22F44CD
:10C4E000E6E70020F8BD00BF8041002010B5184CE1
:10C4F0000122114620460FF077FA0122002104F1B3
:10C5000018000FF071FA0422082104F145000CF024
:10C510007DFB0C22102104F130000CF077FB0D4B59
:10C52000D3F8042522F00102C3F804250024C3F83F
:10C530000041D3F800210121C3F8041319602246F9
:10C540000D2008F0D0FB0D2008F0C3FB204610BDE5
:10C550008041002000D00040034BD3F8003413F09A
:10C56000010FF9D0704700BF00E00140024B0B60A3
:10C5700001231360704700BFD4410020004870477A
:10C580003C1E040000B587B002AB00220292039269
:10C59000049205920390049101228DF81420064A1A
:10C5A00000920193054801F06DFD684601F070FDB1
:10C5B00007B05DF804FB00BF798C0300645E0100E6
:10C5C00000B587B002910390049201238DF81430D6
:10C5D000064B009302AB019341F64C5001F052FD23
:10C5E000684601F055FD07B05DF804FBE18C0300DF
:10C5F00070B582B00E4615460EF009F9044629467C
:10C6000030460CF025FB48B3B6FBF4F304FB136390
:10C6100053B9B5FBF4F304FB13532BB9AC420DD95A
:10C620000024204602B070BD00953346154A012112
:10C63000154807F017FF6FF01504F2E74FF0FF32CF
:10C640004FF0FF33114803F06FFD0DF036FA78B963
:10C65000294630460CF035FB04460EE00095334683
:10C660000B4A0121084807F0FDFE6FF01504D8E7DA
:10C6700029463046FFF786FF0446044803F02CFDA8
:10C68000CFE700BFA01D04004CD00300DC41002018
:10C69000C01D0400F0B583B00C4616461D46194671
:10C6A00020460CF0D5FA48B114F0030710D115F06C
:10C6B000030F0DD1B5B9384603B0F0BD0095234640
:10C6C000164A0121164807F0CDFE6FF01507F2E774
:10C6D00000952346134A0121114807F0C3FE6FF06D
:10C6E0001507E8E74FF0FF324FF0FF330E4803F035
:10C6F0001BFD0DF0E2F948B12A4631462046FFF70E
:10C700005FFF0746084803F0E7FCD4E72A463146B6
:10C7100020460CF00AFB0746F4E700BFC01D0400EA
:10C720004CD00300E01D0400DC41002070B582B055
:10C730000D4616461C46194628460CF089FA18B1D3
:10C7400064B9002002B070BD00942B46074A012155
:10C75000074807F087FE6FF01500F3E722462946E9
:10C76000304610F05AF80020ECE700BFC01D04006E
:10C770004CD0030010B50122114607480FF034F9E0
:10C7800001F076FC0EF047F8044C20600EF03FF804
:10C790006060002010BD00BFDC410020D4410020BB
:10C7A00008B9024870470020704700BF80CD0300E1
:10C7B0002DE9F04786B0884615469946446801F051
:10C7C0001F06237B46EA431620460CF0D3FB0028C5
:10C7D0005DD0B5F5001F2AD00DF10C0A0027039794
:10C7E0000497494628460CF002FC8DF80C0000978F
:10C7F00001970297CDF804A0A36823FA08F313F079
:10C80000010F02D1B5F1A07F18D010346A4631462D
:10C8100020460DF0A3FF214B98423BD10122314627
:10C8200020460DF0BFFF002006B0BDE8F08731467E
:10C8300004F110000DF0BAFF0020F5E706F01F0329
:10C84000720917D14FF0A04203F5E07352F823307C
:10C8500013F0010FD9D104F110050DF11702314683
:10C8600028460DF087FF0E4B984205D00DF11703B7
:10C870000493CAE73A46E7E70DF1170128460DF0A1
:10C880008DFF064B9842F1D06FF00B00CCE76FF0B4
:10C890008500C9E76FF01500C6E700BF0000AD0BCB
:10C8A0000400AD0BF0B589B00F461446456801F0A1
:10C8B0001F062B7B46EA431610460CF060FB8DF8F2
:10C8C0001E0040F206332340B3F5837F54D016D8C0
:10C8D000062B4DD006D9B3F5807F0DD101238DF8FD
:10C8E0001D3024E003B3022B03D104238DF81D3047
:10C8F0001DE06FF0150039E06FF0150036E040F2F2
:10C90000022293423CD0B3F5407F03D103238DF83C
:10C910001D300CE0B3F5007F03D102238DF81D30EC
:10C9200005E06FF0150021E000238DF81D3014F4B0
:10C93000002F29D06A680123BB40C2F80835284679
:10C940000CF018FB48B310350DF11F023146284694
:10C950000DF010FF074614F4403F37D1314628460A
:10C960000DF014FF3C4B9F426ED0002009B0F0BD8B
:10C9700006238DF81D30DAE707238DF81D30D6E742
:10C9800005238DF81D30D2E714F4802FD7D06A68C4
:10C990000123BB40C2F80C35D1E7C4F340438DF806
:10C9A000083014F4803F0CBF012300238DF81030B1
:10C9B000002401940DF11D0300930DF11E0304AA40
:10C9C00002A930460CF048FA2046CFE702AA00231D
:10C9D00002930393049305930693059204AA3146A8
:10C9E00028460DF0BBFE1C4B98421DD114F4003FAD
:10C9F0001DD09DF81D308DF8103014F4803F0CBF11
:10CA0000012300238DF811309DF81E308DF812306F
:10CA1000002304AA314628460DF0A4FE0E4B98428E
:10CA2000A0D06FF01500A1E76FF015009EE700237E
:10CA30000493059306930DF11E03049304AA314653
:10CA400028460DF08BFEE9E79DF81F1028460DF0F3
:10CA5000A1FE00208AE700BF0000AD0B10B54468BE
:10CA600020460CF087FA08B9002010BD103420468B
:10CA70000DF088FE08B10020F7E7002120460DF0F8
:10CA80007DFE094B98420BD10022084920460DF04B
:10CA90006DFE00220521062008F025F90020E4E7BC
:10CAA0006FF00400E1E700BF0000AD0B279003002A
:10CAB0002DE9F04F85B080460D46164699464468EC
:10CAC0000294D0F810A00AF10403184603934FF023
:10CAD000FF324FF0FF3303F027FB0AF11C0B00225B
:10CAE0000023584603F020FB204602F019FA0024E8
:10CAF00023464F461CE0002304EB440205EB820171
:10CB0000019300974B6855F82220097A404600F0BF
:10CB100007F9B0BB4FF480420023584603F004FBF2
:10CB20000346B8B9DAF83410174A91421BD10134E0
:10CB3000A6421BD9731EA342DDD9631C03EB43033A
:10CB400005EB83031B7A13F0040F01D00023D3E716
:10CB50000123D1E7029802F0F3F9404600F0CCF847
:10CB60006FF0040703E06FF0040700E01F4602982F
:10CB700002F0E6F9039803F0AFFA384605B0BDE8D5
:10CB8000F08F0746F3E700BF0000AD0B08B50B6957
:10CB90000278012A0CD0022A0DD012B1074A5A633A
:10CBA00001E0074A5A6303F11C0003F095FA08BD3F
:10CBB000044A5A63F7E7044A5A63F4E70100AD0BED
:10CBC0000000AD0B0100AE0B0200AE0BB0B582B0A1
:10CBD00000AF044640682346826900F1080102F074
:10CBE00039F92D4B984203D100200837BD46B0BD1E
:10CBF00021686D4600233B7102237B7188B06C462F
:10CC000014F1100211D00E201AB1042801DD234BBB
:10CC1000636100233B7002237B709AB1082800DD1A
:10CC2000A16104F11C0300210AE06FF00040EBE772
:10CC300001F1080CBC441CF808CC03F801CB01310D
:10CC40000129F5D90D2824DD0E2342B103213971C4
:10CC500000217971B9710121F97178682061002191
:10CC60006FF300016FF341016FF382016FF3C501B0
:10CC7000012060F38811C3F30A0363F353216FF3B8
:10CC80001F5100230648F5F775F8AD466FF00F0009
:10CC9000ABE76FF01B03D8E70000AD0B081F0400E3
:10CCA00064D0030010B54468026911F0010F1BD174
:10CCB000C1F34203012B09D0022B0FD00C4A0121F2
:10CCC0000C4807F0BAFB6FF0150006E023684FF040
:10CCD000CC70C3F824051160002010BD23684FF00C
:10CCE000CD60C3F82405F6E76FF01500F5E700BF47
:10CCF000281F040064D0030008B543681B68D3F8FC
:10CD00000805D3F80C1502F053F9044B984201D1F1
:10CD1000002008BD6FF00F00FBE700BF0000AD0B67
:10CD200030B587B09DF82C504068002401940294DF
:10CD300003940494059401F001048DF80440BDF8B7
:10CD400028C08DF805C00293049211F0080F06D197
:10CD500011F0020F0BD165B9CCB920220AE0104ABC
:10CD60000121104807F069FB6FF085000DE00022FB
:10CD700000E0402201A902F001F90B4B984209D0D2
:10CD80000B33984208D16FF00F0007B030BD6FF041
:10CD90008500FAE70020F8E76FF00400F5E700BF30
:10CDA0003C1F040064D003000000AD0B30B500F060
:10CDB0001F0C400917D14FF0A04E0CF5E0705EF843
:10CDC00020500A4C2C4041EA420141EA83039DF87D
:10CDD0000C2043EA02239DF8102043EA0243234338
:10CDE0004EF8203030BD4FF0000EE6E7F0F8FCFFC3
:10CDF000F0B583B005460E46174600241AE04FF002
:10CE0000FF302EE0C7F80805D1B3B0F1FF3F0FD0D7
:10CE100055F80E3013F4004F00D001224FF0000CF3
:10CE2000CDF804C00091C3F341236146FFF7BEFF74
:10CE30000134E4B2B44225D24FEA840E55F82430CE
:10CE4000C3F3C72CC3F3C321C3F308001CF00802CB
:10CE50001AD1DFF83CC01CF8011040F2FF1C6045FD
:10CE6000CDD05B0C0B2BCDD00C2B03D06FF08500FD
:10CE700003B0F0BDC7F80C050029C6D10621C4E7F0
:10CE80000621C2E70020F3E76FF01500F0E700BFCE
:10CE9000641F040021F07F4100F5A870014B43F8A6
:10CEA00020107047001001404FF480338340024A45
:10CEB000C2F84433704700BF001001404FF4803384
:10CEC0008340024AC2F84833704700BF0010014057
:10CED000014BD3F804057047001001402DE9F843D9
:10CEE000054689469046FFF7E9FF28460CF049F9C8
:10CEF0004E46032710E0FFF7EBFF044649460CF0CF
:10CF00002FF9B0F5000F26D928460CF03AF9B8F100
:10CF1000000F22D13E19013731462846FFF7BAFFEC
:10CF20002846FFF7C1FFFFF7D3FF0446C11C304678
:10CF30000CF016F90A4B98420AD928460CF014F95D
:10CF40000028D8D1B8F1000FE4D06FF0150000E050
:10CF50000020BDE8F8830020FBE76FF01500F8E73C
:10CF6000FDFF7F00034B044AC3F80823C3F848239E
:10CF7000704700BF0010014003000F0010B50123EF
:10CF800083406FEA030C0E4ABFF35B8F52E8001F29
:10CF900001EA0C0E42E800E4002CF7D1BFF35B8FEE
:10CFA0004FF4803282400748C0F80823BFF35F8FF8
:10CFB000BFF36F8F0B4214BF0120002010BD00BFD4
:10CFC00004420020001001404FF480338340144A93
:10CFD000D2F80423134201D10020704710B5044653
:10CFE00001238340DB430F49BFF35B8F51E8002FE0
:10CFF00002EA030041E8000CBCF1000FF6D1BFF3D8
:10D000005B8F22FA04F313F0010F03D120460CF0DA
:10D01000ABF818B120460CF0B4F8012010BD00BFE9
:10D02000001001400042002001B9704701238340F5
:10D03000114ABFF35B8F52E800CF4CEA030C42E881
:10D0400000C10029F7D1BFF35B8F4FF480338340D9
:10D050000A4AC2F80433BFF35B8F094B1B68BFF366
:10D060005B8FC34013F0010FDFD0064B4FF400324B
:10D07000C3F80021D9E700BF04420020001001409E
:10D080000042002000E100E038B514461046194681
:10D090000CF083F802460D490B68E01A1B184C6827
:10D0A00044F100040B604C60A2F50013B3F5400F8F
:10D0B00009D2074B1B68190A1B06D41841F1000559
:10D0C000044BC3E9004503F051FF38BDC0260020E2
:10D0D00008420020C826002038B50D4B1C68250AE0
:10D0E0002406BFF35F8FFFF7F3FE0346001945F1F7
:10D0F0000001B3F5801F0AD2064BD3E9002390420A
:10D1000071EB030303D210F1807041F1000138BDCF
:10D1100008420020C82600202DE9F04106461446AA
:10D120001D469DF82080104619460CF036F807463B
:10D13000FFF7D2FFA04271EB050319D2201A65EB6D
:10D1400001011D4B984271F100012FD21B4B03EBE3
:10D150000613D3E90223AB4208BFA24201D100204B
:10D1600018E0424639463046FFF7B8FE90B11BE062
:10D17000B8F1000F1DD10123B340114ABFF35B8FFB
:10D1800052E8000F184342E800010029F8D1BFF32C
:10D190005B8F0020094B320103EB0616C6E90245FE
:10D1A00006999950079B7360BDE8F0816FF01500F8
:10D1B000FAE76FF01500F7E701008000B0260020C5
:10D1C0000042002030B585B0FFF7CCFE00231E4A98
:10D1D000C2F80835002B25DD1B4C0225C4F804538A
:10D1E0001A4B4FF40032C3F8802100220121112094
:10D1F00007F079FD112007F06CFD0123A360236087
:10D20000134A1360002402940194124B0093124AB3
:10D21000002320460BF0CBFF2846FFF72FF82046CF
:10D2200005B030BD0D4A02EB03124FF0FF304FF056
:10D23000FF31C2E902014FF480329A400249C1F83D
:10D2400004230133C6E700BF0010014000E100E005
:10D250000442002089D00200FFFF7F00B02600209A
:10D260002DE9F04782B00446FFF7AEFE10B902B0D8
:10D27000BDE8F087FFF730FF82460D460BF090FFC8
:10D280000646154B03EB0413D3E90289C24575EB3F
:10D2900009050BD2002530460BF086FF002DE6D0A5
:10D2A000009742464B462046A847E0E70A4A23013A
:10D2B00002EB0411D5584F680020D0504FF0FF32D8
:10D2C0004FF0FF33C1E902232046FFF7F7FD204668
:10D2D0000BF057FFDFE700BFB026002010B50D4B65
:10D2E000D3F8043313F0020F03D10024002C0BDD1C
:10D2F00010BD022107480BF0FDFE0028F5D0064ABC
:10D30000136801331360F0E72046FFF7A9FF0134EB
:10D31000ECE700BF001001400842002010B584B0C7
:10D32000B0F1FF3F18D001281BDD154B9842A8BF74
:10D3300018460446134B01221A70FFF7CDFE124B1C
:10D340001A685B68801AB0F5000F0CD20444B4F57B
:10D35000000F09D30A4C07E00A4B00221A70084C50
:10D36000EBE70124E6E7064C002012190290019039
:10D370000649009143F100030BF019FF04B010BD02
:10D38000FFFF7F00D4490020C026002089D0020082
:10D3900008B5FFF7A1FE024B1B68C01A08BD00BF0D
:10D3A000C026002008B5074B01225A60112007F063
:10D3B00095FCFFF7D7FD044B4FF40032C3F88021F2
:10D3C00008BD00BF0010014000E100E008B50246C2
:10D3D0000B46024802F088FD08BD00BF500900203E
:10D3E00008B5024802F000FE08BD00BF5009002049
:10D3F00010B503460A46034881680C681946A047E1
:10D4000010BD00BF94CD030090B583B000AF6C4653
:10D4100000233B7102237B718AB0EC461CF11002A1
:10D420001BD04FF0120E2AB1BEF1040F02DD2B4BC0
:10D43000CCF8143000233B7002237B70D2B17346CA
:10D44000BEF1080F01DDCCF818000C2B01DDCCF883
:10D450001C100CF1200300210AE06FF0004EE2E7FF
:10D4600001F10800384410F8080C03F8010B0131F1
:10D470000129F5D9BEF1110F2DDD12234AB1042186
:10D48000397100217971B9710121F9717868CCF88D
:10D49000100000216FF300016FF341016FF382016F
:10D4A0006FF3C501012060F38811C3F30A0363F32E
:10D4B00053216FF31F5100230948F4F75BFCA54685
:10D4C000002383F31188BFF36F8F0323184602DF15
:10D4D0000C37BD4690BD6FF01B03CFE76C1F0400F7
:10D4E00024D0030070B504460BF081FE034620787B
:10D4F0001D4683B1002200232946F7F7C9FE0646E0
:10D5000070B16278023221460C300BF0F0F83046F0
:10D5100008F01FFC70BD4FF0FF324FF0FF33EBE718
:10D52000002DF7D1024A0121024806F086FFF1E7FB
:10D53000941F040024D0030038B504464FF0FF3296
:10D540004FF0FF330320F7F793FE50B10546628892
:10D55000043221460C300BF0CAF8284608F0F9FBDB
:10D5600038BD034A0121034806F067FFF8E700BF12
:10D57000B01F040024D0030030B583B004464FF040
:10D58000FF304FF0FF31FFF721FF10B1002003B053
:10D5900030BD0DF10701204600F0ACFA0546FFF75B
:10D5A0001FFF002DF2D19DF80730042B0AD0022B6B
:10D5B0000DD0082B10D00B4A01210B4806F047FF75
:10D5C0000120E4E72046FFF78DFF0120DFE720463A
:10D5D000FFF7B2FF0120DAE720460BF01DFE012025
:10D5E000D5E700BFCC1F040024D0030008B50249D2
:10D5F00002480EF06EFB08BD0C430020B032002044
:10D6000038B504464FF0FF304FF0FF31FFF7DEFE34
:10D61000054608B1284638BDE068EBF7AEFB054685
:10D62000FFF7DEFE002DF5D0024903480EF051FB56
:10D63000F0E700BF0C430020B032002038B50546AB
:10D640004FF0FF304FF0FF31FFF7C0FE044608B146
:10D65000204638BDE86800F039FA0446FFF7C0FEFE
:10D66000002CF5D1024903480EF033FBF0E700BF70
:10D670000C430020B032002090B589B000AF59496A
:10D6800059480EF0BCFA00F05BFB07F10C00DFF725
:10D690006FFF6C4600233B7102237B7188B0EC4620
:10D6A0001CF1100214D00E2022B1042802DD4F4BD1
:10D6B000CCF8143000233B7002237B70AAB10828F9
:10D6C00002DD4B4BCCF818300CF11C0300210AE0B2
:10D6D0006FF00040E8E701F1200EBE441EF820EC98
:10D6E00003F801EB01310129F5D90D283CDD0E23AA
:10D6F0004AB10321397100217971B9710121F971A0
:10D700007868CCF8100000216FF300016FF341013D
:10D710006FF382016FF3C501032060F38811C3F337
:10D720000A0363F35321142363F31F5107F10C031E
:10D730003048F4F71FFBA5462F480DF08EFFB0B11F
:10D740002E4BBB6007F10800DFF784FF0346B0B93A
:10D750004FF0FF304FF0FF31FFF738FE0446B0B115
:10D7600020462437BD4690BD6FF01B03C0E7244A16
:10D770000121204806F061FE6FF01204F0E7214A13
:10D7800001211C4806F063FE6FF01504E8E7042051
:10D79000DFF752FFA8B91C491C48DFF7ADFE04466D
:10D7A000A0B941F64C537B60381DEBF7F2FB80B912
:10D7B00001233B703846EBF7E4FB78B9FFF710FE26
:10D7C000CEE7FFF70DFE6FF08504C9E7FFF708FE0F
:10D7D000C6E7FFF705FE6FF08504C1E7FFF700FE1F
:10D7E000F9E700BFE59203000C4300208422040007
:10D7F0000820040024D0030094CD0300F1D30200DC
:10D800003020040050200400D0260020EDD5020076
:10D8100000B587B001238DF80C3003AA0221002047
:10D82000DFF724FE002833DB0823ADF80C3003AA11
:10D8300007210020DFF71AFE002829DBFB238DF8E3
:10D840000D308DF80C3002238DF80F3003218DF848
:10D850000E1003AA0020DFF709FE002818DB0123C1
:10D860008DF80C3003AA04210020DFF7FFFD00280B
:10D870000EDB1F23ADF80C3003AA06210020DFF7D2
:10D88000F5FD002804DB40F6D933984203D8002088
:10D8900007B05DF804FB0090074A0121074806F035
:10D8A000E1FD002383F31188BFF36F8F0423184633
:10D8B00002DF6FF00B00EBE77420040024D00300BC
:10D8C00008B50648F9F782FC0548DFF78DFD0BF037
:10D8D000E9FC00B108BDFFF79BFFFBE7C420040093
:10D8E00009D4020008B50548FFF746FE00B908BD97
:10D8F000034904480EF0EDF9F9E700BF0C4200209F
:10D900000C430020B032002042F24403984239D840
:10D9100042F24303984255D242F22603984229D854
:10D9200042F20D03984218D240F2064398424BD07F
:10D9300040F21D43984201D00120704700207047FB
:10D94000A0F50150283880B2224BC34013F0010FDC
:10D9500001D10120704700207047A0F500500D381C
:10D9600080B21D4BC34013F0010F01D1012070475D
:10D970000020704742F23203984201D001207047E4
:10D980000020704742F2850398420FD842F26803A4
:10D990009842D5D242F26403984217D042F266030D
:10D9A000984201D001207047002070474FF6025383
:10D9B00098420DD04FF60A53984201D0012070478B
:10D9C00000207047002070470020704700207047FB
:10D9D000002070472F80002041120003F0B583B073
:10D9E00007460E464378057845EA032504238DF85B
:10D9F0000630354B1C683CB10DF107030DF10602F2
:10DA0000A0470446012821D1AB0AB5F5105F0BD21F
:10DA10001AB2002A4BD0013B072B4AD8DFE803F0AB
:10DA20002249272F3749493F3F2B07D10DF10602E5
:10DA3000314638460BF019FD044600E00124284623
:10DA4000FFF762FF80F001008DF807009DF80730B6
:10DA50000BB9012C2FD12246294630460BF046FC4B
:10DA600003B0F0BD38460BF0A6FC0446E7E70DF125
:10DA70000602314638460BF0B5FC0446DFE70DF1EF
:10DA80000602314638460BF066FE0446D7E70DF134
:10DA90000602314638460BF042FC0446CFE70DF152
:10DAA0000602314638460BF0A7FE0446C7E70124BC
:10DAB000C5E70124C3E723469DF8062029463046E2
:10DAC0000BF01DFCCCE700BF1C430020074B1B786C
:10DAD0004BB910B5064C2146FFF780FF012304F82F
:10DAE000013C002010BD4FF0FF3070472043002064
:10DAF0002143002038B50C46084B1B7813B9EBF7CF
:10DB000046F938BD054DAA780232691C0EF085FE33
:10DB10000020287004232370F3E700BF2043002077
:10DB200038B505460C4609480DF097FD80F0010315
:10DB300013F0FF0F06D1A2B2044883681B68294680
:10DB4000984738BD6FF01200FBE700BF94CD03008B
:10DB500008B502E04FF0FF3090B120210948FFF7EF
:10DB6000DFFF60B92022084906480EF086FE002833
:10DB7000F0D0044901F1200003F0CEFBECE71F20B8
:10DB800008BD00BF7C4300202021040070B5FFF7D2
:10DB9000DFFF05464FF0FF324FF0FF330120F7F76C
:10DBA00067FB044600F10C06022130460AF099FD9D
:10DBB0003E23037042234370012130460AF091FD59
:10DBC00008230370412130460AF08BFD05701DB912
:10DBD000421C0E4B20210AE04022002101300EF0B1
:10DBE00044FE11E013F801C902F801CB0139002904
:10DBF000F8D12130064B202204E013F8011900F877
:10DC0000011B013A002AF8D1204670BDBB43002019
:10DC1000DB43002008B540B108490948024603F03B
:10DC20008FFB034618B9002008BD0649F5E7064AF0
:10DC30000121064806F00BFC1220F5E72021040024
:10DC40009C4300207C430020EC2004001CD00300F7
:10DC500070B5FFF7DFFF05464FF0FF324FF0FF339F
:10DC60000120F7F705FB044600F10C0602213046BF
:10DC70000AF037FD3E230370222343700121304612
:10DC80000AF02FFD09230370212130460AF029FDF7
:10DC900005701DB90130094B20220AE02022FF2126
:10DCA00001300EF0E2FD06E013F8011900F8011B47
:10DCB000013A002AF8D1204670BD00BFBB430020C6
:10DCC00008B5024902480EF004F808BD6843002078
:10DCD000B032002008B5BFF35B8F164B1B68BFF353
:10DCE0005B8F022B1DD0042B1FD0012B06D0124AB4
:10DCF0000221124806F0A1FB002001E0FFF746FFD9
:10DD00000C4B0022BFF35B8F53E8001F43E8002C4D
:10DD1000BCF1000FF8D1BFF35B8F08B108F019F820
:10DD200008BD0020FFF794FFEAE70120FFF790FF0E
:10DD3000E6E700BF78430020102104001CD0030058
:10DD400008B5024902480DF05AFF08BDCD990300FD
:10DD50006843002008B50A4B0122BFF35B8F53E8EC
:10DD6000001F002903D143E800200028F7D1BFF3AA
:10DD70005B8F03D1FFF7A4FF002008BD0C20FCE758
:10DD80007843002008B5A1B10422174BBFF35B8F85
:10DD900053E8001F002904D143E8002CBCF1000F18
:10DDA000F6D1BFF35B8F1CD100F11F020F4B202176
:10DDB00006E00222E9E712F801C903F801CB0139B4
:10DDC0000029F8D13F300A4B202204E010F8011955
:10DDD00003F8011B013A002AF8D1FFF771FF002078
:10DDE00008BD0C20FCE700BF784300209C430020C6
:10DDF000BC43002000B583B00BF0FCFD8DF80000A3
:10DE00003223ADF8043000238DF806308DF8013050
:10DE10008DF80230064A19216846EAF74DF810B12C
:10DE200003B05DF804FB01210248EEF7F1F9F7E7D2
:10DE300039DE0200DC43002090B583B000AF6C46B1
:10DE400000233B7102237B718AB0EC461CF1100267
:10DE50001BD04FF0120E2AB1BEF1040F02DD2B4B86
:10DE6000CCF8143000233B7002237B70D2B1734690
:10DE7000BEF1080F01DDCCF818000C2B01DDCCF849
:10DE80001C100CF1200300210AE06FF0004EE2E7C5
:10DE900001F10800384410F8080C03F8010B0131B7
:10DEA0000129F5D9BEF1110F2DDD12234AB104214C
:10DEB000397100217971B9710121F9717868CCF853
:10DEC000100000216FF300016FF341016FF3820135
:10DED0006FF3C501012060F38811C3F30A0363F3F4
:10DEE00053216FF31F5100230948F3F743FFA54661
:10DEF000002383F31188BFF36F8F0323184602DFDB
:10DF00000C37BD4690BD6FF01B03CFE74C210400DA
:10DF1000B4D0030030B583B00D4D002400946FF0F1
:10DF200009034FF488620B492846EEF731FB0A4992
:10DF3000284602F0A7FA094909480DF060FE22467A
:10DF40000421192006F0CFFE204603B030BD00BFEB
:10DF5000B03200208067002060210400719A030025
:10DF60000C44002008B5024902480DF0B2FE08BD7D
:10DF70000C440020B032002008B5024B1B68002082
:10DF8000984708BD1C44002008B528B1012802D1DB
:10DF90000448E6F785FE08BD034B1B68012098473F
:10DFA000F9E700BF79DF02001C440020014B186034
:10DFB000014870471C4400200000AD0B024B0122B9
:10DFC0001A64D3F8400570470080004008B5064B3E
:10DFD000002283F82920054A1A6303F12401187EE0
:10DFE000EEF757F908BD00BF20440020FF3F420F65
:10DFF00008B5BFF35B8F1C4B1B68BFF35B8F83BB04
:10E00000062912D8052928D269B9184B1B6A1A6843
:10E01000586890470346012810D01448C363022370
:10E0200000F8343F00E0002008BD072904D10F4864
:10E0300002F052F80020F7E70020F5E70B48012333
:10E0400080F8293047F230530363032380F83430DB
:10E0500000F1240383633430E6E7FFF7B7FF0020C5
:10E06000E2E70020E0E700BF6044002020440020F9
:10E0700008B50122002102480DF0B6FC08BD00BF22
:10E0800020440020014BD861704700BF204400208D
:10E0900038B505464FF0FF304FF0FF31FFF796F9E6
:10E0A00038493948E6F704FC0446FFF799F9002C93
:10E0B00047DB364C002284F82420012384F82830E2
:10E0C00084F82930E3696433E36247F23053236311
:10E0D00025626FF07303E36304F14003BFF35B8FCA
:10E0E00053E8001F43E800200028F9D1BFF35B8FFD
:10E0F0004FF0FF304FF0FF31FFF768F904F12401D2
:10E10000207EEEF7C6F8FFF76BF9214A0023204680
:10E1100002F00AF800281DDB4FF0FF304FF0FF310E
:10E12000FFF754F9194C207EEEF795F8FFF758F9F0
:10E13000BFF35B8F236CBFF35B8FF3B9134BD86BCB
:10E1400038BD2346134A0121134806F080F96FF0C9
:10E150000B00F5E7114A01210F4806F06EF904F1B2
:10E1600040030122BFF35B8F53E8001F43E8002008
:10E170000028F9D1BFF35B8FCEE7204601F0FCFF0A
:10E18000DCE700BF38440020F1DF0200204400201B
:10E19000447B0B007821040054D00300A02104002C
:10E1A00010B50446FFF70AFFB0FBF4F42044034B1C
:10E1B000DB69984234BF0020012010BD20440020BC
:10E1C00003690C2919D110B4196881EAE173A3EB32
:10E1D000E173980803F00303094C04FB03F30029DF
:10E1E00005DB1060536000205DF8044B704740422F
:10E1F00010605B4253600020F6E76FF085007047C7
:10E2000090D0030008B5102203490EF036FB08B188
:10E21000022008BD0120FCE7C822040070B584B0CC
:10E2200006468168103921F0070506F089FA014693
:10E230006C46102220460EF018FB074B0FCB84E8EB
:10E240000F00102322462946304606F03DFA08B951
:10E2500004B070BD0120FBE7C82204002DE9F041A5
:10E2600086B000AF0646440007F11001674B53F833
:10E2700024000BF02EFD002840F0C380013407F18C
:10E280000801624B53F824000BF023FD012804D051
:10E29000002840F0B880002416E033465C4A032191
:10E2A0005C4806F0D4F803233B7201227A72BB72F9
:10E2B000FB7200233B73EEE798F80430042B28D060
:10E2C000BA7C934225D00134022C00F28F8004EBFB
:10E2D0004402514D05EB4208397C15F812000BF051
:10E2E00017FC0028EFD0397A98F801000BF010FCE9
:10E2F0000028E8D098F80230042B02D0FA7C934230
:10E30000E1D198F80330042BD6D0FA7A9342DAD1CF
:10E31000D2E798F80530022B07D0032B28D0042B26
:10E3200001D03E4902E03E4900E03E496C460123EF
:10E330003B7103237B718AB06D4615F1100219D031
:10E3400012204AB10346042803DDDFF8E4C0C5F813
:10E3500014C0082B00DDAE6101233B7003237B70EA
:10E36000AAB10C2800DDE96105F1200300210CE0D1
:10E370002D49DBE76FF00040E3E701F118063E446A
:10E3800016F8186C03F8016B01310129F5D9112831
:10E3900029DD122342B10421397100217971B9714B
:10E3A0000121F9717868286100216FF300016FF392
:10E3B00041016FF382016FF3C501032060F38811FF
:10E3C000C3F30A0363F353216FF31F510023114872
:10E3D000F3F7D0FCA54698F80500831EDBB2022BAC
:10E3E0000BD9FF2009E06FF01B03D3E733460F4A38
:10E3F0000321084806F02BF801201837BD46BDE878
:10E40000F081FF20F9E7FF20F7E700BFAC2204000E
:10E410002022040094D00300B4220400042204004B
:10E4200018220400FC210400F421040088220400C6
:10E4300068220400BFF34F8F0549CA6802F4E06206
:10E44000044B1343CB60BFF34F8F00BFFDE700BF0A
:10E4500000ED00E00400FA05024BD3F80034002B75
:10E46000FAD0704700E0014008B5034BC3F804053B
:10E47000FFF7F2FF08BD00BF00E0014038B50BF028
:10E480009AFC40B14FF08053D3F82433C3F30423F4
:10E490007D4AC2F840350BF0A0FC10B17B4B7C4AA2
:10E4A0005A670BF0B0FC48B14FF08053D3F84432B8
:10E4B000C3F342334FF08042C2F83C350BF0B5FC59
:10E4C00030B1744AD2F8FC3023F08073C2F8FC30CB
:10E4D0000BF0C1FC40B14FF080430022C3F80C2187
:10E4E000C3F81021C3F838250BF0C7FC20B14FF05A
:10E4F00080430322C3F8A0250BF0D5FC60B1664B26
:10E500000522C3F810260122C3F888260022C3F88A
:10E5100018263F22C3F814260BF0DBFC002846D057
:10E520004FF08052D2F804145C4BC3F82015D2F897
:10E530000814C3F82415D2F80C14C3F82815D2F81F
:10E540001014C3F82C15D2F81414C3F83015D2F8EF
:10E550001814C3F83415D2F81C14C3F84015D2F8B7
:10E560002014C3F84415D2F82414C3F84815D2F87F
:10E570002814C3F84C15D2F82C14C3F85015D2F84F
:10E580003014C3F85415D2F83414C3F86015D2F817
:10E590003814C3F86415D2F83C14C3F86815D2F8DF
:10E5A0004014C3F86C15D2F84424C3F870250BF05E
:10E5B000B2FC48B14FF08053D3F8583203F04F0308
:10E5C0004FF08042C2F8E43E0BF0B7FC60B14FF070
:10E5D0008043D3F8003413F0010F05D04FF080438F
:10E5E0006FF00102C3F800240BF0B9FC30B12C4AE3
:10E5F000D2F83C3743F48063C2F83C37254AD2F85E
:10E60000883043F47003C2F88830BFF34F8FBFF3F4
:10E610006F8F0BF0CCFC4FF01023D3F80C3213F0BB
:10E62000010F0CD14FF01023D3F80032002B18DB70
:10E630004FF01023D3F80432002B12DB38BD012039
:10E64000FFF712FF4FF01022D2F80C3223F0010333
:10E65000C2F80C32FFF700FF0020FFF705FFFFF7BD
:10E66000E9FE0120FFF700FF4FF010241525C4F844
:10E670000052FFF7F1FEC4F80452FFF7EDFE002050
:10E68000FFF7F2FEFFF7D6FE0030014000C0074062
:10E690000DF0ADBA00ED00E00050004000C00040B9
:10E6A0000010004010B50468CCB1B4FA84F3C3F193
:10E6B0001F03DBB201229A4024EA0202BFF35B8F00
:10E6C00050E800CFA44504D140E8002EBEF1000F71
:10E6D000F6D1BFF35B8FE6D10B70024810BD024844
:10E6E000FCE700BF0000AD0B0200AD0B0368CB40A0
:10E6F00013F0010F15D100B5026801238B401343BD
:10E70000BFF35B8F50E800CF944504D140E8003E52
:10E71000BEF1000FF6D1BFF35B8FEDD102485DF87B
:10E7200004FB0248704700BF0000AD0B0400AD0BB6
:10E7300000F01F0240090CD14FF0A04102F5E07239
:10E7400051F82200044B034043F0020341F8223009
:10E7500070470021F2E700BFF0F8FCFF0048704767
:10E760002C0800202DE9F04184B005460C461646E1
:10E770001F4608460BF003FD804656B32146284647
:10E780000BF04EFD28B1214628460BF009FD00286C
:10E7900041D1214628460BF012FD10B17378012BB0
:10E7A00039D001238DF80F30002301930096B31C5C
:10E7B000721C0DF10F0120460BF082FC2879FFF747
:10E7C000CDFF08F1080230F8123043F0030320F8BF
:10E7D0001230002F39D0214628460BF021FD0028A9
:10E7E00035D13E782B6806F5A272002143F822103D
:10E7F0002879FFF7B3FF08F1080230F8123023F050
:10E800002003DB04DB0C20F812307B782BB9114895
:10E8100004B0BDE8F0811048FAE7BA7800922246C9
:10E82000314628680BF0F1FB2879FFF797FF024685
:10E8300008F1080032F810307603B6B2334343F0E3
:10E84000200322F810300348E2E70248E0E70248DC
:10E85000DEE700BF0000AD0B0400AD0B70B506464F
:10E860000D4614460BF09CFC68B13079FFF776FF3B
:10E87000064628460BF083FC083036F810305B0B58
:10E880002370024870BD0248FCE700BF0000AD0BDA
:10E890000400AD0B2DE9F04182B0054688461646CE
:10E8A0001F460BF046FEAEB33A46314628460BF003
:10E8B00013FD041E20DB2879FFF750FF40F8346079
:10E8C0002879FFF74BFF00EBC40047602879FFF77A
:10E8D00045FF054640460BF052FC083035F8103035
:10E8E000E4B26402A4B2234343F4807325F81030E9
:10E8F000094802B0BDE8F0812879FFF72FFF0DF13C
:10E9000007015830FFF7CEFE034B9842F1D19DF836
:10E910000740D0E70048ECE70000AD0B2DE9F043DD
:10E9200085B004460D46174608460BF028FC0646FF
:10E93000D7F80080B8F1000F28D0294620460BF008
:10E940005EFC00284FD100238DF80E308DF80F307B
:10E950000193009343460DF10F020DF10E0128467D
:10E960000BF0AEFB2079FFF7F9FE06F1080830F84E
:10E97000183023F0020320F818302079FFF7EEFE5C
:10E9800030F8183043F0010320F818307B68F3B1F9
:10E9900093F80080D3F80490294620460BF020FC21
:10E9A00018B3B9F1000F65D12079FFF7D7FE08360B
:10E9B00030F8163023F01C0320F816302079FFF7CA
:10E9C000CDFE30F8163043EA880320F81630BA68D6
:10E9D000002A53D05368126829462046FFF75AFF91
:10E9E00005B0BDE8F0832648FAE72079FFF7B6FEC8
:10E9F00006F1080230F8123023F02003DB04DB0CB0
:10EA000020F81230B9F1000FCED0B8F1030F33D88F
:10EA10007B685B6893F80090B8F1000F06D123681B
:10EA200009F5A279002243F82920BDE740460BF002
:10EA3000FFFB0346216809F5A27C51F82C2022F047
:10EA4000030241F82C202A46494620680BF0C3FAFD
:10EA50002079FFF783FE06F1080230F812304FEA02
:10EA600049391FFA89F943EA090343F0200320F8E2
:10EA7000123099E70248B3E70148B1E70148AFE730
:10EA80000400AD0B0000AD0B38B505460C460BF08D
:10EA900078FB08B9074838BD214628460BF0F9FB3A
:10EAA000214628460BF070FD2046FFF741FE024844
:10EAB000F1E700BF0400AD0B0000AD0B70B582B0F4
:10EAC00005460E460079FFF749FE90F8603013B115
:10EAD0000B4802B070BD04464022002110300DF0FA
:10EAE000C4FE236D0093002332464FF00041286896
:10EAF0000BF074FD012384F86030A3650148E8E75A
:10EB00000C00AD0B0000AD0B08B5024902480BF03C
:10EB10000BFE08BD2C08002000600040024B0022C4
:10EB2000C3F80425704700BF00E00140024B0122FA
:10EB3000C3F80425704700BF00E00140024B0222E9
:10EB4000C3F80425704700BF00E00140044BD3F830
:10EB5000003413F0010FF9D00160BFF35F8F7047ED
:10EB600000E0014010B504460BF035FE08B9084836
:10EB700010BDFFF7E3FF074BC3F80845054BD3F87B
:10EB8000003413F0010FF9D0FFF7C8FF0248EFE798
:10EB90000A00AD0B00E001400000AD0B034610F091
:10EBA000010F08D1064813F0020F00D0054813F0FA
:10EBB000040F02D170470448F5E70448FAE700BFA4
:10EBC0000100AD0B0100AE0B0000AE0B0200AE0B5E
:10EBD00030B583B004460D46294B01930023C0F89D
:10EBE0000431D0F80421C0F82431D0F82421C0F831
:10EBF0001C31D0F81C21C0F80831D0F80821C0F829
:10EC000000324B6381F82F300123036291F82D30DD
:10EC1000012B01D001238360294620460BF00DFE15
:10EC20002B685BB140F28623AB60AB68C4F8043359
:10EC3000144803B030BD019B013B0193019B002BA5
:10EC400005DD294620460BF047FE0028F3D195F854
:10EC50002F303BB1D4F8C404C4F8C40470B1FFF73A
:10EC60009DFF00E00748019B002BE2DC0023C4F875
:10EC700000350523C4F800350348DAE70248F2E717
:10EC8000A08601000000AD0B0100AD0B30B583B0D4
:10EC900004460D462D4B01930023C0F80431D0F8F3
:10ECA0000421C0F82431D0F82421C0F81C31D0F858
:10ECB0001C21C0F80831D0F808214B6381F82F30AF
:10ECC0008B6A012B15D00123C4F800320123236283
:10ECD00095F82D30022B01D0012323602B689BB1C6
:10ECE00040F28623AB60AB68C4F80433184803B025
:10ECF00030BD0B6A13F0400FE5D10223C0F800329B
:10ED0000E4E7019B013B0193019B002B05DD2946B4
:10ED100020460BF0E1FD0028F3D195F82F303BB1F0
:10ED2000D4F8C404C4F8C40470B1FFF737FF00E09E
:10ED30000748019B002BDADC0023C4F800350523CB
:10ED4000C4F800350348D2E70248F2E7A086010084
:10ED50000000AD0B0100AD0BF8B507460C4694461C
:10ED60001E4691F82D30012B2CD0022B2FD0274B93
:10ED7000C7F8083394F830307BBB16F0040F0CBF93
:10ED80000123002384F83030266204F10C0E65461E
:10ED90000FCDAEE80F002B68CEF80030DCF8043061
:10EDA000A362DCF80C3063629CF80130C7F8883548
:10EDB0009CF80030012B21D0A3B916F0200F1BD0F6
:10EDC000012310E01278012ACFD1114813E09CF8FA
:10EDD0000030012BCBD00E480DE0A368C7F80433F8
:10EDE0000C4808E0012384F82C3021463846FFF710
:10EDF000EFFE23683BB1F8BD0023F4E72146384617
:10EE0000FFF744FFF5E784F83030F4E7864204006A
:10EE10000500AD0B0B00AD0B10B5CB7B33B9036810
:10EE20004A680C68C3F80845C3F80C2503688A686B
:10EE3000C3F824250379C3EB0313054A52F82330A2
:10EE400023B1006840F3073005F043FF10BD00BF59
:10EE50006844002070B50479C4EB041C2C4D05EB0C
:10EE60008C0C9CF82E50002D4FD1294EC4EB041C65
:10EE700006EB8C0546F82C206B600023AB6085F810
:10EE80002D3085F8313085F8303081B34D7B06EB7D
:10EE90008C0383F838508A7B83F839202ABB0B68AF
:10EEA00003F01F025B092CD14FF0A04502F5E07280
:10EEB00055F82260174B334043F4C16343F0040319
:10EEC00045F822304B6803F01F025B091BD14FF05D
:10EED000A04502F5E07255F822600E4B334043F432
:10EEE000C16343F0040345F82230FFF795FFC4EBFC
:10EEF0000414074B03EB8403012283F82E200648F9
:10EF000070BD0025D2E70025E3E70448F8E700BF1D
:10EF100068440020F0F8FCFF0000AD0B0C00AD0BC6
:10EF2000037902680521C2F80015C3EB0313034AF5
:10EF300002EB8303022283F82E20704768440020EE
:10EF4000037902680B49C2F80813D2F8001221F0C5
:10EF50000301C2F800120020C2F80005064AC3EB04
:10EF6000031102EB81014FF0010C81F82EC081F8F2
:10EF700030007047864204006844002008B51346FC
:10EF800090F804C0CCEB0C1C0A46034901EB8C0141
:10EF90000068FFF7E1FE08BD6844002008B502499B
:10EFA00002480BF015FD08BD684400200030004009
:10EFB0002DE9F84300F01F0340093ED14FF0A04572
:10EFC00001269E40C5F8086501F01F08490936D1A1
:10EFD0004FF0A0474FF0010909FA08F9C7F8089562
:10EFE00003F5E07355F823202148024040F20D61FB
:10EFF0000A4345F8232008F5E07257F82230034011
:10F000000B4347F8223004200AF0E1FF0024082CCB
:10F0100017D8D7F8103523FA08F313F0010F10D1E1
:10F02000C5F80C6504200AF0D2FFC5F80865042075
:10F030000AF0CDFF0134E4B2E9E70025C0E700277C
:10F04000C8E7C7F80C9504200AF0C1FFC7F8089577
:10F0500004200AF0BCFFD7F8103523FA08F313F0A8
:10F06000010F02D00348BDE8F8830348FBE700BF67
:10F07000F0F8FCFF0000AD0B0100AD0B10B5134C18
:10F08000A822002120460DF0F0FB032323616361D9
:10F090000F4AA2610F4BE3614FF4806323620023A8
:10F0A000A3626362E36222660B4A62661022A26672
:10F0B0002367E366636706E0C3F10F020749895CD3
:10F0C000024AD15401330F2BF6D910BDB4480020A9
:10F0D000E8220400B4440020A4440020F4220400E8
:10F0E0002DE9F84304460E461546304B00EB400030
:10F0F00003EBC000826A476A601C00EB400003EB30
:10F10000C00358683844BA423CD804EB4401274B4A
:10F1100003EBC103D3F82080A8EB070909F1FF3303
:10F120009D4204D913449D420ED900202FE02A4667
:10F1300031460DF072FB2F4404EB44041B4B03EBF0
:10F14000C4035F62012022E04A4631460DF065FBB0
:10F15000A7EB080818EB050507D104EB4404134B93
:10F1600003EBC4035D62012011E0631C03EB430366
:10F170000E4A02EBC3032A4606EB090158680DF05C
:10F180004CFBEAE7D21B013AAA4202D20020BDE8BA
:10F19000F8832A460DF041FB2F4404EB4404034B53
:10F1A00003EBC4035F620120F1E700BFB448002015
:10F1B000F8B50F461646451C05EB4505164B03EB07
:10F1C000C50500EB400003EBC003DC6A012C11D045
:10F1D000022C1CD014B100242046F8BD28460BF0A8
:10F1E00060FC8642F8D83246394628460BF065FC6A
:10F1F0003446F1E728460BF054FC3446864228BFDB
:10F2000004462246394628460BF057FCE4E72846D8
:10F210000BF075FC0446DFE7B448002070B50446E7
:10F220000D461646084B1B785BB100F01FF83246BE
:10F2300029462046FFF7BCFF044600F023F820468D
:10F2400070BDFFF71BFFF0E7B4480020064B00EB52
:10F25000400203EBC202926A00EB400003EBC003E2
:10F26000586A801A704700BFB448002008B54FF0B4
:10F27000FF324FF0FF33024800F036FE08BD00BFFA
:10F280006409002008B5024800F0AEFE08BD00BFCA
:10F290006409002010B588B0044644238DF81F305F
:10F2A000012300930DF11F030922818800680CF0EF
:10F2B00066F900287DD15A4B1B68ADF81C301B0C39
:10F2C0008DF81E300323009307AB2022A18820680D
:10F2D0000CF055F9002872D10023ADF81830022344
:10F2E000009306AB2A22A18820680CF048F9002878
:10F2F0006BD1DB238DF81730012300930DF1170339
:10F300001122A18820680CF03AF9002863D1482323
:10F310008DF81630012300930DF116031222A188F7
:10F3200020680CF02CF900285BD13E4B1B68ADF82F
:10F3300010301B0C8DF812300323009304AB2322F2
:10F34000A18820680CF01BF9002850D1022303AAE1
:10F35000002120460CF003F91A238DF80B3001230D
:10F3600000930DF10B030A22A18820680CF007F925
:10F37000002842D180238DF80A30012300930DF13B
:10F380000A030222A18820680CF0F9F800283AD17B
:10F390000C238DF80930012300930DF109030D2290
:10F3A000A18820680CF0EBF8002832D1002008B0CA
:10F3B00010BD1D4A01211D4805F03FF87BE71C4A9E
:10F3C00001211A4805F039F886E71A4A0121174841
:10F3D00005F033F88DE7184A0121144805F02DF89F
:10F3E00095E7164A0121114805F027F89DE7144AD0
:10F3F00001210E4805F021F8A8E7124A01210B4827
:10F4000005F01BF8B6E7104A0121084805F015F889
:10F41000BEE70E4A0121054805F00FF8C6E700BF18
:10F4200010240400F0D10300082304008CD0030052
:10F430002C23040048230400602304007C230400E0
:10F4400098230400BC230400D4230400F423040004
:10F4500010B584B0044600238DF80F3001230093CB
:10F460000DF10F030222818800680CF088F8F8B9CA
:10F47000184B1B68ADF80C301B0C8DF80E300323B5
:10F48000009303AB2322A18820680CF078F8A8B978
:10F4900002238DF80B30012300930DF10B030D2295
:10F4A000A18820680CF06BF870B9002004B010BD82
:10F4B000094A0121094804F0C0FFD9E7084A01219F
:10F4C000064804F0BAFFE3E7064A0121034804F0C6
:10F4D000B4FFEAE7F0D10300142404008CD0030049
:10F4E000382404005024040030B585B004460DF1E2
:10F4F0000F020D210CF05CF80546B0B99DF80F30F5
:10F5000003F00C030C2B0DD00C238DF80E300123CF
:10F5100000930DF10E030D22A18820680CF02FF846
:10F52000054640B9284605B030BD064A01210648C7
:10F5300004F083FFF6E7054A0121034804F07DFF4C
:10F54000F0E700BF702404008CD003009024040076
:10F550002DE9F04182B000AF80460D4616460123EA
:10F56000FA1D06210BF0FBFF00BB0123BA1D07218A
:10F5700040460BF0F4FFF8B9BB793C2B22D8BB799D
:10F5800003EB4303DA1D02F4FF62ADEB020D6C46A0
:10F590006A46082140460BF0E2FFD8B9BB792E4AF3
:10F5A000A2FB03235B08337000214CE02B4A0121AE
:10F5B0002B4804F042FFD8E72A4A0121284804F0EA
:10F5C0003CFFDCE7284A0221254804F040FF3C23A9
:10F5D000BB71D4E7254A0121214804F02EFFDDE765
:10F5E00001EBC103E05C5A1CA25C120242EA004239
:10F5F000981C205C024301EB410C05EB8C00C2F32C
:10F60000120245F82C20DA1C14F802C01A1DA25C64
:10F61000120242EA0C4203F1050C14F80CC042EA53
:10F620000C02C2F3120242609A1D14F802C0DA1DE5
:10F63000A25C120242EA0C420833E35C1343C3F3B8
:10F6400012038360013133789942C9DB0020083707
:10F65000BD46BDE8F08100BFABAAAAAABC24040045
:10F660008CD00300E02404000025040038250400A9
:10F6700038B50C4601230BF072FF054608B9284641
:10F6800038BD2346024A0121024804F0E0FEF6E7B5
:10F69000542504008CD0030030B585B00C468DF89D
:10F6A0000F20012300930DF10F030A4681880068A3
:10F6B0000BF065FF054610B9284605B030BD23465E
:10F6C000024A0121024804F0C2FEF5E77425040055
:10F6D0008CD0030010B584B0044639238DF80F3068
:10F6E000012300930DF10F032E22818800680BF097
:10F6F00095FF002835D104238DF80E3001230093A7
:10F700000DF10E032522A18820680BF087FF70BB46
:10F7100002238DF80D30012300930DF10D032322F8
:10F72000A18820680BF07AFF38BB20238DF80C30BD
:10F730000123009303AB3F22A18820680BF06EFFEA
:10F7400008BB43238DF80B30012300930DF10B030D
:10F750002022A18820680BF061FFD0B9002004B0FE
:10F7600010BD0F4A01210F4804F067FEC3E70E4A9F
:10F7700001210C4804F061FECAE70C4A0121094846
:10F7800004F05BFED1E70A4A0121064804F055FE69
:10F79000D7E7084A0121034804F04FFEDEE700BF27
:10F7A000A02504006CD00300C0250400D42504006B
:10F7B000082604002826040010B584B0044600235F
:10F7C0008DF80F30012300930DF10F033F22818844
:10F7D00000680BF023FF78B900238DF80E30012369
:10F7E00000930DF10E032022A18820680BF016FF74
:10F7F00040B9002004B010BD054A0121054804F0BD
:10F800001CFEE9E7044A0121024804F016FEF0E775
:10F81000502604006CD00300702604002DE9F0434C
:10F8200083B000AF81460D4616460123FA1D2F21F5
:10F830000BF0E4FED0B997F8078018F0400F1BD109
:10F8400008F03F0808EB48035B00DBB2DA1D02F466
:10F85000FC72ADEB020D6C466A46282148460BF05F
:10F86000CDFE88B986F80080002031E01C4A0121D5
:10F870001C4804F0E2FDDEE71B4A0221194804F0AF
:10F88000DCFD4FF01908DDE7184A0121154804F0A6
:10F89000D4FDE7E700EB40035B005A1CA15CE25C8F
:10F8A00000EB400C05EB4C0C42EA0122EA52DA1C58
:10F8B000A15C9A1CA25C42EA0122ACF802205A1D0B
:10F8C000A25C0433E35C43EA0223ACF80430013069
:10F8D00033789842DEDB00200C37BD46BDE8F0836C
:10F8E000982604006CD00300B426040038250400D8
:10F8F000034B00E01433034A9342FBD3704700BF2D
:10F900006CCD03000CCE030004280CD8DFE800F017
:10F91000030D05070900064870470648704706486A
:10F92000704706487047064870470648704700BF52
:10F93000E82604000C2704001C27040028270400E4
:10F9400038270400F826040030B108B50CF0B2FAEC
:10F9500020B1037823B108BD024870470148FAE797
:10F960000048F8E77C03040010B50446F2F70AF9F2
:10F97000034A0121034804F060FD20460BF07DFEA0
:10F9800048270400D4D003002DE9F04782B000AF2F
:10F9900005460C46EFF31188402383F31288BFF32A
:10F9A0006F8FDFF8D091D9F80860FFF7ADFF99F8B5
:10F9B0001010E94601233B7103237B718AB0EC46AA
:10F9C0001CF1100221D04FF0160E5AB17346BEF151
:10F9D000040F03DDDFF8A0A1CCF814A0082B01DD93
:10F9E000CCF8185001233B7003237B70D2B17346CF
:10F9F000BEF10C0F01DDCCF81C00102B01DDCCF8A2
:10FA000020100CF1240300210AE06FF0004EDCE727
:10FA100001F10800384410F8080C03F8010B01311B
:10FA20000129F5D9BEF1150F50DD16234AB1052184
:10FA3000397100217971B9710121F9717868CCF8B7
:10FA4000100000216FF300016FF341016FF3820199
:10FA50006FF3C501012060F38811C3F30A0363F358
:10FA600053216FF31F5100233F48F2F783F9CD462E
:10FA70001CB1E369C3F308035BBB3046FFF764FFC7
:10FA8000E94601233B7103237B718AB0EC461CF1EC
:10FA9000100224D04FF0120E52B17346BEF1040F83
:10FAA00002DD3249CCF81410082B01DDCCF81860C7
:10FAB00001233B7003237B70F2B1BEF10C0F01DD1B
:10FAC000CCF81C000CF12003002113E06FF01B03A5
:10FAD000ACE7274A0121244804F0AFFCCDE76FF0E2
:10FAE000004ED9E701F10800384410F8080C03F87B
:10FAF000010B01310129F5D9BEF1110F31DD1223BE
:10FB00004AB10421397100217971B9710121F9716A
:10FB10007868CCF8100000216FF300016FF3410109
:10FB20006FF382016FF3C501012060F38811C3F305
:10FB30000A0363F353216FF31F5100230A48F2F7BE
:10FB400019F9CD4621462846FFF70EFF88F31188A4
:10FB5000BFF36F8F3046F3F7A5FB0837BD46BDE80E
:10FB6000F0876FF01B03CBE7D4D00300A427040079
:10FB7000802704005C4900205827040038B505465A
:10FB80000A4B53F8204002E02368984708346B1C66
:10FB9000064A52F82330A34206D96368002BF3D0FB
:10FBA00020460BF072FDF1E738BD00BFC42704000A
:10FBB000F0B587B0C0EB4016104D05EBC60600EB64
:10FBC00040000F4B03EBC0030E4A05920122049242
:10FBD0000F22039200220292019200930A4B4FF4EB
:10FBE000A0720A4901EBC011304600F06BFC737B38
:10FBF00023F00403737307B0F0BD00BFC8330020C7
:10FC00005C490020BC2704002FB80300807400204A
:10FC100008B553EA020102D10CF04EF908BD0249C1
:10FC2000183001F01DF9F9E7FFC0030010B586B0E8
:10FC3000184C14E0636A0593236A0493E369039301
:10FC4000A36902936369019323690093E368A2683F
:10FC50006168206800F036FC23685C6530340E4B28
:10FC60009C42E7D300F0F4FE0A4C00E030340A4B2B
:10FC70009C420BD2A26AE36AB3F1FF3F08BFB2F124
:10FC8000FF3FF3D02068FFF7C3FFEFE700F0F8FE77
:10FC900006B010BD44CF030044CF030008B50A4BA3
:10FCA00001221A700320FFF769FFF2F711FD04200B
:10FCB000FFF764FFFFF7BAFFEDF7E6FD034A137B9A
:10FCC00023F00103137308BDD5490020C034002080
:10FCD00008B50146014A0248F3F7E0FC9DFC02002A
:10FCE000C034002008B50348034A121A00210BF063
:10FCF000E4FC08BD200B0020D849002010B50446C4
:10FD0000FFF756FFC4EB44130B4901EBC3010B4A49
:10FD100004EB440302EBC303D9601C7404EB04112D
:10FD2000074B03EBC11303F5086304EB440402EB38
:10FD3000C402536010BD00BFC83300205C490020DE
:10FD4000006C002070B586B000F0B8FE104D114B6D
:10FD50009D61114B059301230493002403940294A5
:10FD6000019400940D4B4FF480620D49284600F039
:10FD7000A9FB06466B7B23F004036B7328460CF04B
:10FD80003EF92046FFF7BAFF304606B070BD00BF0F
:10FD9000C03400205C49002084DD03009DFC02008B
:10FDA0000076002008B50020FFF7E8FE1F4B83F324
:10FDB00008881F4C636943F400736361E02384F88F
:10FDC00022302023E377002525766576A57684F812
:10FDD0002050636A43F4E023636284F82350F3F70E
:10FDE000CFF9F3F783FC4FF0FF33A362E362F3F73D
:10FDF00073FDF3F7ABFCF1F72DFE0E4B01245C73A2
:10FE00001C73C3F89850C3F89C50C3F8A4500A4A16
:10FE10009360FFF76DFD2046FFF7B0FE0220FFF76D
:10FE2000ADFEFFF78FFFFFF753FF00BF8074002088
:10FE300000ED00E0D03600205C49002010B5064CF3
:10FE400005E0A268616820460BF03FFC1434034BC8
:10FE50009C42F6D3002010BD50090020500900201C
:10FE600010B5064C002000E01C34054B9C4204D227
:10FE700020460BF09DFC0028F6DA10BDFC0800209F
:10FE80005009002030B583B00D46EFF311814024B6
:10FE900084F31288BFF36F8FC46864B12C60236849
:10FEA000C360836901338361002081F31188BFF34C
:10FEB0006F8F03B030BD00F1080C53EA020404D187
:10FEC00000232B606FF00B00EFE7009201930246D6
:10FED000604600F0FBFC0028EBD1024B9B685B699D
:10FEE0002B60E6E75C4900202DE9F04182B0044632
:10FEF000EFF31187402181F31288BFF36F8FC16840
:10FF000099B9002950D1364B9B6893F90E30236183
:10FF10000131E160324B9B68A36087F31188BFF326
:10FF20006F8F002002B0BDE8F08116461D46826842
:10FF30002B4B9B689A42E4D055EA060136D092F9E1
:10FF40000E80414693F90E000BF07EFC804534DCB8
:10FF50004FF000080096019522463946214800F0EE
:10FF6000B5FC0028DED0EFF31185402383F312881F
:10FF7000BFF36F8FA36843B323689C4223D013B3AE
:10FF8000216993F90E000BF05FFC014620460BF04F
:10FF900066FCE8B9B8F1000F1AD185F31188BFF3F8
:10FFA0006F8F6FF00A00BDE72369B0E787F3118810
:10FFB000BFF36F8F6FF00F00B4E7014620460BF0E0
:10FFC0004EFC8046C6E72169E0E7B8F1000FE4D0B7
:10FFD0002946044800F0F2FC6FF00A00A2E700BFD7
:10FFE0005C4900208849002038B583687BB304460B
:10FFF0001A4A926893422DD1C368012B03D9013B61
:020000040003F7
:10000000C360002038BDEFF31185402383F31288CD
:10001000BFF36F8F01690BF022FC20460CF09AF8B9
:10002000A06068B190F90E3023610024C0F8B040A0
:100030000BF0E5FF29460A4800F0C0FC2046E1E746
:100040000020E06085F31188BFF36F8FDAE76FF06F
:100050001500D7E74FF0FF30D4E700BF5C49002020
:100060008849002010B582B001468446EFF3118420
:10007000402080F31288BFF36F8F5CF8080B88B1C3
:10008000036823F003030B604A68904208D0012103
:100090000BF072FC84F31188BFF36F8F02B010BDB8
:1000A0004B60F4E753EA02010BD0009201936246E1
:1000B0002146604600F00AFC48B9064B9B68586927
:1000C000ECE784F31188BFF36F8F0020E6E7002090
:1000D000E4E700BF5C49002038B50446EFF3118522
:1000E000402383F31288BFF36F8F0CF033F848B1CD
:1000F0000022C0F8B0200BF082FF2946094800F02A
:100100005DFC38BDA368E268934208D00122134425
:10011000A360022104F110000CF057FBEDE7002270
:10012000F5E700BF8849002010B582B0EFF31181D8
:10013000402484F31288BFF36F8F846844B1013C7C
:10014000846081F31188BFF36F8F002002B010BD6F
:1001500053EA020406D0009201930246054800F0DB
:10016000B5FBF3E781F31188BFF36F8F6FF00F00DA
:10017000ECE700BF8849002038B50446EFF311854D
:10018000402383F31288BFF36F8F05E06FF00A02FC
:10019000C0F8B0200BF033FF20460BF0DBFF002847
:1001A000F4D10023A360022104F110000CF00DFB38
:1001B0002946024800F002FC38BD00BF88490020F3
:1001C00000B585B0094A02AB92E8030083E803005A
:1001D00000934FF0FF334FF4446205490548ECF7B4
:1001E000D7F9002005B05DF804FB00BFF4D103008F
:1001F000807A0020B835002070B338B50D4604462B
:100200001B4B9B6883421BD000231A46D4F8103145
:10021000C3F38001C3F3C00013F0010F1FD001B17D
:1002200002B300B109B300232B60D4F8FC3073B1E2
:100230001D60C4F8FC5020460BF048FC012038BD7E
:100240000BF00CFE08B90123DFE70023DDE7C4F85B
:10025000FC50C4F8F850EEE76FF0150070476FF0EF
:100260001200ECE76FF00F00E9E76FF00F00E6E730
:100270005C49002038B504460D46083001220021B3
:100280000BF0B2FB656000232360054B5B681BB17C
:100290001C60034B5C6038BD014B5C601C60FAE77E
:1002A0008849002010B5C36823F00203C360134BD4
:1002B0001C687CB1236803B10CB100210FE0234618
:1002C000FBE722460D480BF0BBFB04F10800FFF7EB
:1002D00003FF10BD2346F0E71A461C461346002CC8
:1002E000F7D062688242ECD02146002BF4D01A6825
:1002F000002AF2D0002BF0D11A46EEE78849002000
:1003000070B584B0054616E0D5F8103123F004022C
:10031000C5F8102113F0040F5BD1002302934FF0B6
:10032000FF324FF0FF33CDE9002305F580723146EF
:10033000314800F093FCEFF31186402383F31288D9
:10034000BFF36F8FD5F8F840002CDDD02368C5F8D7
:10035000F830D5F8FC20944238D0D5F8103143F06D
:100360000203C5F81031E36843F00102E26023F0B4
:10037000040343F00103E360636886F31188BFF36D
:100380006F8F20469847EFF31186402383F312883E
:10039000BFF36F8FE36823F00103E36013F0100FE6
:1003A00021D1E36813F0020F21D1D5F8103123F0E9
:1003B0000203C5F81031C3F3002386F31188BFF39D
:1003C0006F8F002BB7D100F081FBB4E7C5F8FC308C
:1003D000C3E705F584740022012120460BF04EFF8F
:1003E0000028F8D199E720460BF0E7FBD9E7204633
:1003F000FFF758FFD9E700BF9049002008B58446B1
:10040000084653EA02010CD0C16841F00801C160FE
:10041000DCF8001081620549103000F021FD012058
:1004200008BD61460BF05DFBFAE700BF43BB03006C
:1004300010B504461030012200210BF0D5FA044912
:1004400020460BF0DCFBE36843F01003E36010BDD3
:1004500087BA030008B5014601480BF03AFC08BD15
:10046000B835002008B5014601480BF089FC08BDED
:10047000B835002008B5014601480BF09AFC08BDCC
:10048000B835002010B5044640B11F2204F17800B1
:100490000CF003FA002084F8970010BD014B9C6813
:1004A000F3E700BF5C49002008B553EA020102D11E
:1004B0000BF002FD08BD0249183000F0D1FCF9E74D
:1004C000FFC003002DE9F04F85B004460F461546E6
:1004D0001E46DDF838A0DDF83C90DDF84080DDF800
:1004E0004CB000F158038365C365129B0422119937
:1004F0000BF0E6FC2A46394620460BF0B5FC0546D3
:10050000CDF80880CDF80490CDF800A0334602461F
:1005100039462046F2F7E6FF002363656666C4F8B5
:1005200068A0C4F86C90C4F87080EFF31182402387
:1005300083F31288BFF36F8F124B996A61679C62D5
:1005400082F31188BFF36F8FBBF1000F13D01F220E
:10055000594604F178000CF0A0F9002384F8973094
:10056000084B9B685BB1D3F8A430C4F8A43028468C
:1005700005B0BDE8F08F002384F87830F0E7C4F8C8
:10058000A430F4E75C49002010B5114B53F81C4F20
:100590009C420FD074B180B90D4B9B685A7B12F00E
:1005A0001F0F0AD1A26942B9DA897F2A05D9084A00
:1005B00093610BE0064BDC68EDE7054B9B68A342BB
:1005C00002D0204600F092FB014B9C6110BD00BFA1
:1005D0005C49002008B5437B90F90D20002A08DB18
:1005E000094B9B68834214BF00200120FFF7CCFF1A
:1005F00008BD03F07F0343734268036813605A60C9
:10060000002303604360EBE75C490020B3F1FF3F48
:1006100008BFB2F1FF3F00D1704708B5024918305A
:1006200000F01EFC08BD00BFFFC00300427B90F934
:100630000D30002B33DB70B5044612F01F0F01D1D3
:10064000866906B170BD62F07F024273144B53F8A5
:100650001C5F9D4208D1354606E06B6863602560EB
:100660001C606C6017E035466DB1294620460BF0E2
:1006700068FC0028F1DC002DF6D0094B1B6A9D4276
:10068000F1D02D68F0E7064B1A6A03F11C012160D6
:10069000626014601C620020FFF776FFD2E77047AB
:1006A0005C490020437B0B425FD170B504460D4688
:1006B0000B43437313F0800F22D1082D2BD000265B
:1006C0000120FFF761FF102D48D02046F2F7BEFF52
:1006D000204600F06BFB66B1244B01225A731A735B
:1006E0000022C3F89820C3F89C20C3F8A420204A15
:1006F0009360BFF35F8F637B23F06003637370BD10
:1007000003F07F0343734268036813605A60002359
:1007100003604360D1E7A3685BB16268236813603C
:100720005A60002323606360627B22F002026273DE
:10073000A36004F118000BF00BFE04F158000BF05D
:100740000AFC0B4B9B68A34201D00026B8E7EFF3ED
:1007500005830BB90026B3E70126B1E7BFF35F8F2E
:10076000637B23F060036373C9E77047D0360020D2
:100770005C49002038B505460C46124B9868437B0F
:1007800013F0600F05D013F0200F07D00821FFF7FA
:1007900089FF84F31188BFF36F8F0EE01021F6E715
:1007A000EFF31184402383F31288BFF36F8F0BF0B4
:1007B00049F884F31188BFF36F8F6B7B13F0600FE0
:1007C000EED138BD5C490020F8B504460E4615460A
:1007D00000F158070BF0A2FBB8B1637B55B12022A2
:1007E00013436373EFF3058333B131462046FFF7BC
:1007F000C1FF17E04022F3E73946104B98680BF031
:10080000C7FB30460BF099FB0CE065B10821204690
:10081000FFF748FF094B9B68A34206D086F3118877
:10082000BFF36F8FF8BD1021F1E7EFF30583002BC5
:10083000F4D130460BF081FBF4E700BF5C490020A7
:1008400038B50546437B90F90D20002A0ADB6B7B07
:1008500063F07F036B731C4B53F81C4F9C4213D106
:10086000002411E003F07F034373426803681360C0
:100870005A60002303604360E9E763686B602C60A3
:100880001D60656017E000246CB1214628460BF01E
:1008900058FB0028F1DC002CF6D00B4B1B6A9C4265
:1008A000F1D02468F0E7084B1A6A03F11C012960B3
:1008B0006A6015601D62044B9868A84214BF00204E
:1008C0000120FFF761FE38BD5C49002010B50C46E1
:1008D00011460A4882680A4B1A60EFF311834023DD
:1008E00083F31288BFF36F8FDDE9022380680BF07A
:1008F0007AFB2046F2F7F0FC10BD00BF5C490020F7
:10090000904900202DE9F04105460F460023EFF302
:100910001186402282F31288BFF36F8F184629E0B8
:1009200063686B602C601D60656017E044466CB1C5
:10093000214628460BF005FB0028F1DC002CF6D000
:100940001D4B1B6A9C42F1D02468F0E71A4B1A6ACF
:1009500003F11C0129606A6015601D620120FFF728
:1009600013FE012001E0AF73002086F31188BFF36E
:100970006F8F0123F3B96B7B13F01F0FF3D1D5F801
:100980001880B8F1000FEED103F07F036B736A6833
:100990002B6813605A6000232B606B60AF736B7B16
:1009A00063F07F036B73044B53F81C4F9C42BED122
:1009B0004446BCE7BDE8F0815C49002008B50B4621
:1009C00059B9EFF3058242B9064A9069926890429C
:1009D00003D00846F2F780FC03E083F31188BFF3ED
:1009E0006F8F08BD5C49002010B5EFF311844023E0
:1009F00083F31288BFF36F8F437B13F0040F04D18E
:100A000084F31188BFF36F8F10BD23F00403437389
:100A1000FFF70CFE21460248FFF7D0FFF4E700BFC6
:100A20009049002008B5034650B9EFF305823AB962
:100A3000064A91699268914202D0F2F74DFC03E0B8
:100A400083F31188BFF36F8F08BD00BF5C4900209E
:100A50000023EFF31181402282F31288BFF36F8FDE
:100A600009E0064B9A68D37B013BD37381F311886D
:100A7000BFF36F8F0123002BF3D070475C49002038
:100A800010B50023EFF31184402282F31288BFF3E4
:100A90006F8F0CE0084B9A68D37B0133D37300202F
:100AA000FFF772FD84F31188BFF36F8F0123002BD2
:100AB000F0D00BF09EFB10BD5C49002008B5024849
:100AC0000BF0B2FB08BD00BF7449002070B5EFF316
:100AD0001186402383F31288BFF36F8F1E4B9A68F1
:100AE000517B01F07F0151735068116801604860CB
:100AF0000021116051609D686A7B62F07F026A7319
:100B000053F81C4F9C4208D1002406E063686B60D8
:100B10002C601D60656017E000246CB121462846FA
:100B20000BF00FFA0028F1DC002CF6D00A4B1B6A00
:100B30009C42F1D02468F0E7074B1A6A03F11C01CC
:100B400029606A6015601D620120FFF71DFD3046B7
:100B5000F2F7C2FB70BD00BF5C4900202DE9F041F7
:100B600050EA010337D004460E466FF001031B1A0A
:100B70004FF0FF3262EB0102012B72F100022EDB1B
:100B80006FF001052D1AEFF31188402383F31288CB
:100B9000BFF36F8F144FB868144B1860FFF71AFD3E
:100BA000B868224633461249183000F059F9BA683D
:100BB000537B43F0100353734046F2F78DFB0BF069
:100BC000E4FB281A63EB0303012873F1000300DA46
:100BD0000020BDE8F081FFF779FF0020F9E70BF076
:100BE000D4FB0519CFE700BF5C49002090490020E5
:100BF000FFC0030008B5B1F1FF3F08BFB0F1FF3FF0
:100C00001DD0FFF7ABFFC217510141EAD06143018C
:100C10001B1A61EB0201890041EA93719B001B18CA
:100C200042EB0102D20042EA5372DB0047F6FF7149
:100C3000581842F10002C00B40EA424008BD034B85
:100C400098680BF0F7F94FF0FF30F7E75C490020A8
:100C5000014B9868704700BF5C49002010B582B016
:100C6000069C9DED047B8DED007BFFF72FFE1CB1F4
:100C7000024B9B685B69236002B010BD5C49002099
:100C8000044BC01AC010044B03FB00F0034B0122BD
:100C90001A547047C8370020ABAAAAAA944900206A
:100CA000C3897F2B11D80E4B1B687BB190F90E20A6
:100CB0000C4B1B689A420CDB437B13F01F0F0AD1CD
:100CC000094B984209D0012300E0002303F0010002
:100CD00070470023FAE70023F8E70023F6E700BF98
:100CE0009C49002098490020C833002070B5054673
:100CF0000D4B1E7C06EB46030C4C04EBC304204654
:100D00000BF026FB0A4B00229A552846FFF7C8FF36
:100D100000B970BD074B1A68013AD317064920463F
:100D200000F09EF8F5E700BF5C490020C8370020BE
:100D3000944900209C490020810C030038B5EFF352
:100D40001185402383F31288BFF36F8F144B9C6887
:100D5000144B1B68A34217D0124B00221A60104B91
:100D60001B7C114AD35C53B12046FFF799FF30B189
:100D7000637B13F01F0F0FD02046FFF7B7FF85F3FB
:100D80001188BFF36F8F38BD2046FFF7AFFF85F3A3
:100D90001188BFF36F8FF6E72046FFF751FDEBE7B1
:100DA0005C4900209049002094490020EFF3118114
:100DB000402383F31288BFF36F8F0A4B9B6A8342F1
:100DC00004D15A6F074B9A6207E0134613B15A6F6A
:100DD0008242FAD10BB1426F5A6781F31188BFF397
:100DE0006F8F70475C49002008B50648064A121A02
:100DF00006490AF066FC064A064907480AF061FC03
:100E000008BD00BF000000201C0B0020082B0400C0
:100E100000000000082B040000000020034B1868AD
:100E2000984200D070470020FCE700BF90080020E7
:100E300030B1044A5268904201D0006870470020E7
:100E4000704700BF9008002008B5044B1B680BB129
:100E5000002008BDFCF79CFAFBE700BFA04900207A
:100E6000B3F1FF3F08BFB2F1FF3F77D02DE9F04764
:100E7000044692461D4681600023EFF3118740220D
:100E800082F31288BFF36F8F26E01AF1010845F153
:100E90000009FFF7D9FF18EB000349EBE07023616D
:100EA00060613BE0521A66EB0303026143614368F1
:100EB000636020601C60446005E0294B5A68236031
:100EC000626014605C60FFF7A9FF84423AD087F348
:100ED0001188BFF36F8F0123002B3DD153466FF074
:100EE0000101B1EB0A014FF0FF3060EB0502002A6F
:100EF000CBDB1C4A116852685B1842EB05026FF0AD
:100F00000101C91A60EB020308461A46012973F170
:100F1000000301DA0120002220616261FFF77EFFF9
:100F20000028CAD00269466921696369914273EB5E
:100F3000060EB7DB891A63EB060321616361FFF7D5
:100F400077FFEDE7084B1B68002BC0D10BF0E3F9EE
:100F50000021FCF7E3F9BAE7BDE8F087704700BF6E
:100F600090080020E0370020A049002070B5EFF382
:100F70001186402383F31288BFF36F8F2A4B1860CA
:100F8000FFF74CFF044623E0284A136851685B19B9
:100F900041EBE5711360516000220023C4E9042392
:100FA00020460BF0A1F986F31188BFF36F8FA36879
:100FB00020469847EFF31186402383F31288BFF34E
:100FC0006F8F194A13685B1B1360FFF727FF0446F6
:100FD0003CB125696169144B1A68D317AA428B4149
:100FE000D2DA44B1236962690F4909685B1A62EB7E
:100FF000E172236162610D4A0B4D286813685168E4
:101000001B1841EBE0711360516000242C600BF061
:1010100082F92146FCF782F986F31188BFF36F8FBE
:10102000FFF78CFE70BD00BFA0490020E037002014
:1010300010B50022EFF31184402383F31288BFF32D
:101040006F8F134611460CE0FFF7FEFE074A136848
:101050005168C31841EBE07184F31188BFF36F8FBF
:101060000122002AF0D0184610BD00BFE037002052
:10107000F8B5EFF31183402282F31288BFF36F8F2C
:10108000026822B183F31188BFF36F8FF8BD044665
:101090001D46826AC36A52EA030105D0B3F1FF3FDD
:1010A00008BFB2F1FF3F27D1236B01332363236ACB
:1010B0006BB185F31188BFF36F8F236A2046984781
:1010C000EFF31185402383F31288BFF36F8F04F190
:1010D0001803A469A3423FD0002C3DD020460AF05B
:1010E000C3FF0023C4F8B03085F31188BFF36F8FBE
:1010F00020460AF084FFC9E716461F46012A73F10D
:10110000000301DA01260027013E47F1FF370BF00B
:1011100040F9013041F10001801947EB010101283C
:1011200071F1000108DA6FF001024FF0FF330D4951
:101130002046FFF795FEB7E70BF02BF9013041F1A0
:101140000001801947EB01036FF00102121A4FF002
:10115000FF3161EB0303EAE785F31188BFF36F8F7B
:1011600094E700BF71100300F8B51D46EFF3118737
:10117000402383F31288BFF36F8FB5F1FF3F08BFA1
:10118000B2F1FF3F1FD00646144629466FF0010218
:10119000121B4FF0FF3262EB0502002A18DB3046CB
:1011A0000BF0D6F8DDE90623C6E90A2300233363F2
:1011B00022462B460B493046FFF752FE87F3118833
:1011C000BFF36F8FF8BD87F31188BFF36F8FF9E717
:1011D000012C71F1000101DA01240025013C45F1E7
:1011E000FF35DCE7711003002DE9F04383B00746BB
:1011F00016461D46274B9C68012384F8603084F80E
:10120000613055EA02030CBF0123002304F16002A0
:101210000BF024FA8046EFF31189402383F3128800
:10122000BFF36F8F94F860300BB3002384F8603005
:1012300055EA060326D000960195174A49461748F5
:10124000FFF744FB0446EFF31182402383F3128837
:10125000BFF36F8F1546414638460BF074F985F39E
:101260001188BFF36F8F204603B0BDE8F0834A4674
:10127000014638460BF067F989F31188BFF36F8F89
:101280000024F0E789F31188BFF36F8F6FF00A0431
:10129000E9E700BF5C49002098080020A44900202D
:1012A00038B50346EFF31185402282F31288BFF36D
:1012B0006F8FC160012282600068834210D0426853
:1012C000036813605A6000230360436001210BF040
:1012D00041FA044629460548FFF770FB204638BD11
:1012E00085F31188BFF36F8F0024F7E7A44900202E
:1012F00038B504460D460AF0B1FD48B9054B9B6868
:10130000D3F8A40018B12A462146EBF789F938BD75
:101310000020FCE75C49002030B599B005466846DE
:1013200000F028F86946044608A800F053FA08A916
:101330000443284600F08AF9204619B030BD00BFAA
:1013400070B598B005466846164600F013F8314669
:10135000044608A800F046F908A96A46044308466E
:1013600000F082F908A90443284600F06DF92046F0
:1013700018B070BD70B50B68124E1BBAC3614B68D4
:101380001BBA83618B681BBA4361CB681BBA0361CC
:101390000B691BBAC3604B691BBA83608B691BBAAC
:1013A0004360CB691BBA3246036001460446DBF753
:1013B000E1FB3146054602462046DBF7FBFB681E93
:1013C00070BD00BFEC2704002DE9F04188B00C4649
:1013D000064602F12001684606F120079046DBF739
:1013E000CFFE6A4669466846DBF7ECFD694638463B
:1013F000DBF7C6FE3A463946384604F12005DBF7EE
:10140000E1FD6A4669466846DBF7DCFD4146284651
:10141000DBF7B6FE6A4641463046DBF799FE2A46C0
:1014200029466846DBF7CEFD2A4669466846DBF763
:10143000C9FD124A69466846DBF7C4FD6946204685
:10144000DBF79EFE324621462046DBF7F9FD3246A9
:1014500021462046DBF7F4FD224631462846DBF7DD
:10146000EFFD6A4629462846DBF772FE3A462946D2
:101470002846DBF7E5FD08B0BDE8F081CC28040084
:10148000F0B599B004460D460A4601466846DBF7BA
:10149000D7FD69466846DBF773FE6A46214608A811
:1014A00005F1200604F12007DBF752FE6A462946C3
:1014B0006846DBF74DFE3246394610A8DBF782FD61
:1014C000324639463046DBF7BBFD31462846DBF76E
:1014D00057FE6A4608A92046DBF774FD22462946D6
:1014E0002846DBF7ADFD6A4608A96846DBF7A8FD8C
:1014F0006A4639463846DBF72BFE2A4608A9684675
:10150000DBF79EFD6A4631463046DBF721FE3A4660
:1015100031463046DBF794FD10A96846DBF730FE14
:10152000224669462046DBF78BFD08A9224608467D
:10153000DBF786FD10A908AA0846DBF709FE3A4644
:1015400010A93846DBF77CFD19B0F0BD2DE9F0415C
:1015500088B00C46054690460A4601466846DBF7C9
:101560006FFD69466846DBF70BFE6A46294628464A
:1015700004F12006DBF7ECFD05F120076A46214661
:101580006846DBF7E5FD324639463046DBF758FD65
:1015900031462046DBF7F4FD2A4621462046DBF79C
:1015A0004FFD6A4621462046DBF74AFD6A4629463A
:1015B0004046DBF745FD424639463846DBF7C8FD75
:1015C000224629466846DBF73BFD6A4631463046EF
:1015D000DBF7BEFD3A4631463046DBF731FD08B059
:1015E000BDE8F08170B500F1200690B00D460446CC
:1015F00000F014F905F12001304600F00FF9214602
:1016000008A8DBF7BDFD08A908460D4ADBF7DAFCA0
:1016100008A922460846DBF79BFD08A9094A0846A7
:10162000DBF7D0FC31466846DBF7AAFD202269468D
:101630000DEB0200DBF798FC013810B070BD00BF65
:10164000CC280400AC28040000F002B938B50446E8
:101650000D4600F0FDF805F1200104F12000BDE881
:10166000384000F0F5B800BF2DE9F0471346B8B098
:10167000544A89468046194610A8DBF77BFA52493E
:10168000024610A8DBF796FA179E4E4900EAD67676
:101690000746C6F1010210A8DBF78CFA179B4A46F1
:1016A0006FEA030A28A918A8FFF78EFE4FEADA7A34
:1016B00020A9CAF10102084600F092F8C7F101071B
:1016C000FE246A4618A928A8FFF740FF631138AA2C
:1016D00002EB830304F01F0253F8A03CD3405546AD
:1016E00003F0010A8AEA05052A4628A918A8DBF7AB
:1016F000BDFA2A4630A920A8DBF7B8FA013C28A990
:1017000018A8FFF7BDFE631CDBD1CAF1010220A9B6
:1017100008A800F065F886EA0A066A4618A928A80B
:10172000FFF714FF28A9324618A8DBF79FFA3246C4
:1017300030A920A8DBF79AFA08A96A460846DBF721
:1017400007FD08A9084600F09DF808A908F1200443
:1017500009F120020846DBF7FBFC20A908AA204675
:10176000DBF7F6FC08AA18A96846DBF7F1FC694626
:101770006846DBF705FD18AA694608A8DBF7E8FC10
:1017800021466846DBF7FCFC08AA69461046DBF7F1
:1017900057FC0E4A08A96846DBF752FC2046202178
:1017A000DBF7F6FB08A9024644426846DBF75EFA1F
:1017B0004046074A6946DBF7CBFC3C43204638B03D
:1017C000BDE8F0872C2804004C280400AC28040055
:1017D0000C2804000A460149FFF746BF6C280400A4
:1017E00070B588B004460D46164600212022684692
:1017F0000BF03BF8002329462022204600930BF0F3
:101800000CF82A4669466846DBF71AFC32466946F8
:101810002046DBF72BFA08B070BD00BF0B681BBA7F
:10182000C3614B681BBA83618B681BBA4361CB6889
:101830001BBA03610B691BBAC3604B691BBA836097
:101840008B691BBA4360CB691BBA0360704700BF4A
:10185000CB691BBA03608B691BBA43604B691BBA27
:1018600083600B691BBAC360CB681BBA03618B68CA
:101870001BBA43614B681BBA83610B681BBAC36117
:10188000704700BF70B598B00D46064610A8DBF74C
:1018900077FC2A4610A96846DBF75AFC694610A86F
:1018A000DBF76EFC10A90846DBF76AFC6A4610A954
:1018B00008A8DBF74DFC08A910A8DBF761FC10A90C
:1018C0000846DBF75DFC10A90846DBF759FC10A9B8
:1018D0000846DBF755FC10A908AA0846DBF738FCD8
:1018E00010A90846DBF74CFC10A90846DBF748FCBA
:1018F00010A96A4608A8DBF72BFC052408A910A844
:10190000DBF73EFC10A90846DBF73AFC013C10A9C6
:10191000F5D108AA0846DBF71BFC052410A90846E8
:10192000DBF72EFC10A90846DBF72AFC013CF5D1B9
:1019300010A908AA0846DBF70BFC10A908A8DBF7DA
:101940001FFC08A90846DBF71BFC08A96A46684685
:10195000DBF7FEFB1024694610A8DBF711FC10A989
:101960000846DBF70DFC013C10A9F5D12A460846D4
:10197000DBF7EEFB402410A90846DBF701FC10A9B9
:101980000846DBF7FDFB013CF5D110A96A46084685
:10199000DBF7DEFB102410A90846DBF7F1FB10A9EA
:1019A0000846DBF7EDFB013CF5D110A96A46084675
:1019B000DBF7CEFB102410A90846DBF7E1FB10A9EA
:1019C0000846DBF7DDFB013CF5D110A908AA084663
:1019D000DBF7BEFB2A4610A93046DBF7B9FB18B08F
:1019E00070BD00BF0CB430B589B005460C461C2252
:1019F000002101A80AF039FF02238DF806300E4BB2
:101A00000293059523462CB1B4F1004F28BF4FF047
:101A10000043013B1D440DAA0C99069501A80092B4
:101A200000F0A8F814B1059B00221A7009B0BDE8B7
:101A3000304002B0704700BF79CC03002DE9F0417F
:101A400001260746B24201DCBDE8F0813B461F4655
:101A500013F8014B002CF7D0252CF8D11C78252C3D
:101A600007F10207F2D00023DFF804819C461D46EF
:101A70001F2D18D8A4F1200EBEF1100F09D9A4F122
:101A8000300EBEF1090F1ED80A2404FB03E3202503
:101A900004E028FA0EFE1EF0010F06D017F8014BE5
:101AA000002CE5D128E07F2D1CD8A4F1300EBEF12A
:101AB000090FE9D9242C10D1BCF1000F46D0B34254
:101AC00046D00023EAE724F0040EBEF12A0FF8D036
:101AD0006C2C09D145F08005E0E724F0040EBEF13E
:101AE0002A0FEED06C2C22D06C2C1BD8682C23D063
:101AF0006A2C28D04C2C26D0BCF1000FA4D0B445C1
:101B0000A0D144F02007A7F1650CBCF1020F0B68CF
:101B100001D9612F1ED1073323F0070308330B606F
:101B200001368EE7742CB9D07A2CB7D0E4E72C06B6
:101B300048BF45F40075CDE7EC0548BF45F4007596
:101B400045F48075AAE745F42075A7E79C46B8E7F9
:101B50006324D6E7692C02D007D8632C03D02F0664
:101B600001D5AC05D7D40433D9E7732CF6E700BF11
:101B7000892801002DE9F04F93B0436801938378E1
:101B800080469807CDE9061217D50B920B46002523
:101B90001F78A7B1252F16D001330593019B41462D
:101BA00038469847002805F1010580F2528498F8DC
:101BB000023043F0040388F802304FF0FF35284626
:101BC00013B0BDE8F08F5F789A1C252F0592E5D001
:101BD00000242646A246A346BBF11F0F32D8A7F128
:101BE0002003102B0AD8DFE803F02409092A090989
:101BF000091B09090922092709091900A7F130035E
:101C0000092B2DD92A2F39D154B90B9B1BF0400F2A
:101C100053F8042B0B9329D0164601E04BF0010B2F
:101C2000059B13F8017B0593002FD5D15BE04BF0AA
:101C3000020B4BF0040BF3E74BF0080BF0E74BF013
:101C4000100BEDE7BBF17F0F3FD8A7F13003092B55
:101C5000D8D81BF0400F03D00A2202FB0636DFE77C
:101C60000A2202FB0A3A4BF0200BD9E7B2F1000A34
:101C7000F9DACAF1000A4BF0280BD1E72E2F05D173
:101C80001BF0400F9BD14BF0400BC9E7242F1CD118
:101C9000002C00F04381079B0B931BF0400F0AD1EF
:101CA000524606980BA9FFF7C9FE0B9B1A1DD3F8E5
:101CB00000A00B92B4E7324606980BA9FFF7BEFED0
:101CC0000B9B1A1D1E680B92AAE76C2F00F0138164
:101CD00000F20A81682F00F016816A2F00F01B8144
:101CE0004C2F00F0188134B1079B06980B932246C5
:101CF0000BA9FFF7A3FE002E47F02003B8BF2BF07F
:101D0000400B0293A3F16503BCBF1FFA8BFB0026B7
:101D1000022B40F20881029B612B40F08382FF433B
:101D200007F0200304930B9B073323F0070303F111
:101D300008021BF0400F93ED000B0B9218BF3146C9
:101D4000049A08BF4FF0FF310CA80AF0D5FE431CDF
:101D5000DBB24BF4C0540393DDF830907023064699
:101D6000A3460127029309F10903122B0CD909F1AB
:101D70006303C62B40F2118109F2E73340F2CE72C1
:101D8000934294BF032704279DF8342002F00C03EC
:101D900012F0010240F01C811BF0020F40F015818F
:101DA0001BF0040400F0FB80002B40F01481202382
:101DB0001BF4405F21D1039A4832002E6A4408BFC9
:101DC0000126133A039921B112F8011D302900F0C0
:101DD00039811BF0100F039A18BF324619F1040F16
:101DE000C0F23581B14580F232814A454BF4005B47
:101DF00040F32F8109F10106961B1BF40052089253
:101E000000F0298129EAE974013403B10134002E7C
:101E100000F02881721C1444A245CCBFAAEB040434
:101E200000241BF0090F04D12C44A54240F01F816F
:101E3000002443B118464146019B9847002805F10C
:101E40000105FFF6B4AE1BF4006F13D0019B4146B1
:101E5000302098470028FFF6AAAE049BC3F1780013
:101E60004146019B00F0F8009847002805F1020563
:101E7000FFF69DAE1BF0080F05D12C44AC4240F09C
:101E8000028125460024089B002B00F02C8129EAC2
:101E9000E97AA9EB0A027642039B0292934284BF3D
:101EA0000CABD3180AF1FF3A8CBF58793020564555
:101EB00005F1010700F3F180019B41469847029A22
:101EC000002802F10102FFF672AEBAF1FF3F09D11C
:101ED000019B029241462E2098470028FFF667AEEC
:101EE000029AAF1C3D46D7E7742F3FF499AE7A2F84
:101EF0003FF496AEF7E61BF0800F18BF4BF4007B63
:101F00004BF0800B8CE61BF4807F18BF4BF4007BFA
:101F10004BF4807B84E64BF4207B81E62646B34677
:101F20005446B2467CE6FF4307F0200304930B9B24
:101F3000073323F0070303F1080293ED000B029B24
:101F40000B921BF0400F08BF0626652B11D1711CA8
:101F50000022C9B24BF4805B1346112928BF11211E
:101F60000CA800F03DFBC3B2DDF8309003930227CC
:101F7000F9E6029B662B05D14BF4005B3346012248
:101F80001121EAE7F1B201294FF000024FF065009C
:101F900038BF012113460290DFE70227F4E6002B49
:101FA0003FF406AFBAF1030F3BDC9DF834309B4E93
:101FB00013F0080F9A4B08BF1E46B1464F4619F85A
:101FC000010BB0BBAE1B374488E033BB2B23EFE6DD
:101FD0002BBB2D23ECE62022BAF1040F13DD1BF0FE
:101FE000080FAAF104040FD12C44019B0292414630
:101FF00020209847002805F10105FFF6D8ADA5423D
:10200000029AF2D19AB10024019B414610469847AA
:10201000002805F10105C8DAC9E52B22DCE72D22ED
:10202000DAE71BF0080FAAF10304BED1DCE714467F
:10203000BBE7049BC01A4146019BC0B298470028E9
:10204000BCDAB4E503990139C9B20391BAE6561E68
:10205000D3E60026D1E61BF4006F0CBF0324052451
:102060003C44D2E61BF0100F18BF0134D4E60993AC
:102070004146019B202098470028099B05F1010556
:10208000BFF6D3AE93E5019B414630209847002828
:1020900005F10105BFF6F2AE89E5D1450AD19DF8FB
:1020A0003530352B1DD805D19DF8343013F0100F85
:1020B00008BF3120019B414698470028FFF677ADC5
:1020C0001BF0100F0AD0BAF1FF3F07D1AF1C4146F9
:1020D0002E20019B98470028FFF669AD3D463C4401
:1020E0003EE23120E6E79DF8350031281EBF9DF81D
:1020F000343023F010038DF834304146019B98476B
:102100000028FFF654AD002E6BDD019B41462E20CA
:1021100098470028FFF64BAD4FF0010A039B9A4504
:10212000BBBF0CAB534430205879019B41469847C4
:102130000028D346FFF63BAD0AF1010A5645EDDA19
:1021400002355D44029B049A981A4146019BC0B235
:1021500098470028FFF62BADB9F1000F04DB4ED1F4
:102160009DF83430DB064AD5C9F100092D20019BCA
:10217000414698470028FFF61AAD042F41D14FF48D
:102180007A7799FBF7F606F13000019B4146C0B221
:102190009847002805F10305FFF609AD07FB1699DE
:1021A000642799FBF7F606F13000019B4146C0B267
:1021B0009847002805F10105FFF6F9AC07FB1699D1
:1021C0000A2799FBF7F606F13000019B4146C0B2A1
:1021D0009847002805F10105FFF6E9AC07FB1699C1
:1021E00015E01BF0100F01D10135ABE7019B414613
:1021F0002E209847002805F10205A3DAD7E42B200A
:10220000B5E7032F05F10205CAD0012FD8D109F196
:1022100030006F1C4146C0B25BE700BFFB2A0400E0
:10222000F72A0400A7F16303122B00F2FB80DFE81A
:1022300013F013005300F900F900F900F9005300FE
:10224000F900F900F900F900F9001301F400F900B0
:10225000F9002800F900B5000B9B1A1D1B680B92B2
:102260008DF8303001240CAF1BF0080F2AD007EB9B
:1022700004093E464E4527D1EF1B3744AAEB040420
:102280002CE70B9B1A1D0B921F68AB4B002F08BF4E
:102290001F461BF0400F14BF31464FF0FF31384648
:1022A00008F054FD0446DFE7019B41462020984793
:1022B0000028FFF67CAC013EB442F5D35544AD1B7B
:1022C000B246D4E75646F7E716F8010B019B4146A4
:1022D00098470028CEDA6AE41BF0800F0B9B35D0BC
:1022E0001BF4007F2DD0073323F00703D3E900014F
:1022F00003F108020B922BF0100900291FFA89F94B
:1023000036DA404261EB410149F480690DF1300B4E
:102310000A235A460AF0D1FA19F0400FA0EB0B0B32
:1023200065D029F001025E4592B240F3B280002FE1
:1023300000F0A98019F010033446914626D00234EB
:102340005CE01A1D18680B92C117D4E71A1D1BF424
:10235000807F19680B9201D10846F5E71BF4007FD6
:1023600015BF48B208B241F3C01141F3C031C2E712
:1023700050EA0103CAD11BF0400FC7D0002EC5D1CF
:102380002BF0110B1FFA8BF93446B34640F206438B
:1023900019EA03031CBF013400232FE02BF0100BBC
:1023A0001FFA8BFB0A231BF080040B9A57D01BF4F7
:1023B00000711DBF073222F0070202F10801101D53
:1023C00019BF0B91D2E900010B90106850EA01028D
:1023D00052D12BF016091BF0400F1FFA89F94FD08C
:1023E000002E4DD12BF0170B1FFA8BF9B34619F0C5
:1023F000100352D0002F4ED10BF1010419F0080F39
:102400005ED119F0010F06D0A2456DDDAAEB0404E0
:1024100004EB0B06544622464DE04BF0100B102304
:102420007827C0E7029B782B04D1C7F1780343F0EB
:102430001003B8E7019B4146252098470028FFF686
:10244000B6AB019B4146384698470028FFF6AFAB34
:102450000235059BFFF79CBB08230027A3E7111D4E
:102460000B911BF480711068B0D01BF400711ABF7F
:10247000C0B2214680B2A9E72BF0060B1FFA8BF9F8
:102480000DF1300B45E729F011091FFA89F934469F
:102490007CE79146ABE75C4651E75C4676E7CDE9E1
:1024A00002234146019B202098470028FFF67FAB7E
:1024B000029A039B01329245F1DC2C1BA5181446AD
:1024C000EBB1019B4146302098470028FFF66FABE7
:1024D00067B901352F462E44F31B5B4521DC5D4671
:1024E0000CAE5DBB5F44C9E65E4694E702354146EB
:1024F0003846019B98470028ECDAFFF758BB40F2BA
:10250000064319EA030FE5D019F0020F14BF2B2080
:10251000202019F4806F05F10105414618BF2D20D8
:10252000E7E7019B414630209847002807F1010763
:10253000D2DAFFF73CBB00BFFF2A0400013D019B3C
:10254000705D414698470028CBDAFFF730BB019B0E
:10255000414620209847002805F10105FFF627ABEA
:10256000631B002BF3DC74E7F0B589B005460C461D
:10257000164600211C2201A81F460AF076F9022304
:102580008DF806300B4B0293059520462CB1B4F123
:10259000004F28BF4FF00040013805443A4631460D
:1025A00001A80695FFF7E6FA14B1059B00221A7000
:1025B00009B0F0BD79CC03001FB502AB0093074A08
:1025C0004FF0CC330AF05EFADDE90201C00840EAC0
:1025D0004170C90805B05DF804FB00BFCDCCCCCC80
:1025E0002DE9F04F55EC104B9DB0CDE90B122A466A
:1025F0000D93290DC5F31303D20FC5F30A550790A8
:102600008DED050A0A9275B922461A431BD1302373
:1026100043710A9B056043F00203037101273846AA
:102620001DB0BDE8F08F40F2FF7295424DD1059A82
:1026300013430A9B079A14BF43F0080343F00403B3
:1026400013710027EBE7059AB24D02F001020992DF
:10265000059A4FEA830848EA9278970001229A4641
:102660001646C5F1000B5846089200F015FAB5F170
:10267000FF3FACBF8146A0F10109ABEB090B09EBB1
:1026800005035846069300F00DFA18A9A0F17D0540
:10269000584600F027FA14AB089A0193A9EB0505F8
:1026A00012AB0292009305982B4618AA51460AF0E5
:1026B0002CF9B9F1010F04460D4600F2D880099BB0
:1026C000002B40F0CB8001276FE0059A02F0010259
:1026D0000992059A43F4801A4FEA8A081343A5F237
:1026E000354548EA92784FEA82074BD140F2FE73B3
:1026F00019420CBF01260026002D3246B1DB2846C8
:1027000000F0C4F90346032DC8BF013B18460693E9
:1027100000F0C8F9069B7C305D1B054418A91846DB
:1027200000F054FA14AB019312AB00930598029693
:102730002B4618AA51460AF0E8F8069B152B0446CA
:102740000D4600F2888016AB734A009338464FF06E
:10275000CC3341460AF096F9169B179A9B0843EA38
:10276000827303EB8303BB42DDE9129A0CD1384636
:10277000414600F09FF9069B83428CBF002701274A
:10278000002612E00126B7E7099B002B53D1013F39
:1027900048F1FF31B81B61F1000100F08BF9069B95
:1027A000099F83428CBF002601260C9B002B40F022
:1027B0009280DDF82CB04FF00008CDF82080CDF8E5
:1027C00014804FF00A0ADDE91201FFF7F5FE149BB1
:1027D0001093CDE90E0118461599FFF7EDFE0E9BFB
:1027E0000F9A119198420B469341814680F08D805B
:1027F00020462946FFF7E0FE109A0AFB09F39342B0
:1028000014BF002606F001060E9B12930F9BCDE924
:102810001339119B1593089BB8F1000F14BF0027C3
:1028200007F0010701330AFB10485FFA88F80893A4
:1028300004460D46C7E7B81C48F1000100F03AF91C
:10284000069B83428CBF00200120B9EB00006AF197
:102850000002CDE9120200273E46A6E7129B139A1A
:10286000013B42F1FF32CDE91232012788E7B9F18D
:102870003E0FF0D84FF0FF33A9F1200003FA09F220
:1028800003FA00F0C9F1200123FA01F102430A43DF
:1028900003FA09F327EA030728EA020857EA0807B8
:1028A0000CBF012700276BE700FB02FCA1FB001215
:1028B000013362448C4275EB020CF5D2069A134444
:1028C0000D9A1344012B0B9AB8BF01239A42A8BF5B
:1028D0001A4693466FE70A21002201230846E9E7DA
:1028E0000AFB03F0A2FB0A2301310344944275EB77
:1028F0000300F5D2594511DDBBF1000F02D154EAB6
:1029000005030BD00123059372E70A22002301215E
:10291000ECE700BFCCFBFFFFCDCCCCCC7EB34FF0BF
:102920000A0A149B15990F931846FFF745FE0F9B53
:102930000E910AFB00F29A42814620D1DDE9120194
:10294000FFF73AFE10900F9120462946FFF734FE1C
:102950000F9B109A1292CDE913390E9B1593089B89
:10296000B8F1000F14BF002707F0010701330AFB7D
:1029700010485FFA88F8089304460D46D1E7069B95
:10298000089A13449946002F58D0B8F1050F55D135
:1029900014F0010348D1059A32B9DDE914239D42B0
:1029A00008BF94425DD0059B18194FF00A0445F109
:1029B0000001002201262546A04271EB020753D2F6
:1029C000E3B1B3451ADA0C9B63B10D9A06EB090328
:1029D0001A4422EAE2730B9A9A42A8BF1A46964218
:1029E00093460BDD05304FF00A024FF0000341F132
:1029F0000001DAF785F809F10109013E5E45A8BF3B
:102A00005E4637B20FFA89F9079B09FA86F607F195
:102A10000508013E98444FF00009B9452BDB079BA0
:102A20000A9A1E601A71FAE5059B2BB9DDE9142399
:102A30009D4208BF944209D00123B5E7059B53B9D5
:102A4000DDE914239D4208BF944204D1099B002B69
:102A5000F2D1002EF0D0B8F1040F94BF002301236F
:102A6000A2E74FF00408F1E705FB02F7A4FB0542DB
:102A700001363A44A0E70A220023DAF741F830325F
:102A800008F8012D09F10109C7E700BF014B5843C0
:102A9000800C704741340100014B5843000D7047D2
:102AA000FB2E0B00024B5843C00C0130704700BF97
:102AB0004F9312000A4A70B503464FF0CC360020FF
:102AC0004FF0333506FB03F402FB0144A3FB023154
:102AD00021449D4275EB010401D30130F2E770BD42
:102AE000CDCCCCCC2DE9F04F1A23354EB0FBF3FA08
:102AF00003FB1A0389B004460D4606EB0A1653B9C8
:102B0000D6E90023C1E90023D6E90201C5E90201A3
:102B100009B0BDE8F08F2B4A02EBC303D3E900896B
:102B200004AB0093D6E902234046494609F0AAFFC8
:102B300006AB0093D6E9002383460F46404649463C
:102B400009F0A0FFDDE9066216EB0B0652EB070861
:102B50004FF0000328BF0123814633B1049B059A3F
:102B6000013342F10002CDE9043220460391FFF720
:102B700099FF07461A2000FB0AF0FFF793FF3F1A60
:102B80003246434603990097484609F096FF4FEABC
:102B9000141C0D4A640004F01E0352F82C40DC4063
:102BA00004F00304241841F10001C5E90041DDE906
:102BB000042300973046414609F07FFFA6E700BF97
:102BC000A8D40300D8D30300EC2804002DE9F04F6B
:102BD0001A27DFF8ECA000F11905B5FBF7F56F43F4
:102BE0003A1A4FEA051B89B004460E460AEB051552
:102BF0000AD1D5E90023C1E90023D5E90201C6E9DC
:102C0000020109B0BDE8F08F2B4B03EBC203D3E9FF
:102C1000008904AB0093D5E902234046494609F0F8
:102C200031FF5AF80B206B68013ACDE9020106A981
:102C300063F1000300914046494609F023FFDDE9B6
:102C400006528A4602996D18039952EB01084FF01B
:102C5000000328BF0123814633B1049B059A013349
:102C600042F10002CDE904323846FFF71BFF074668
:102C70002046FFF717FF3F1A2A464346009748466B
:102C8000514609F01AFF4FEA141C0C4A640004F084
:102C90001E0352F82C40DC4004F0030401342418D5
:102CA00041F10001C6E90041DDE90423009728460F
:102CB000414609F002FFA2E7D8D3030040290400EF
:102CC00078D50300704738B5836805699C697CB185
:102CD00012F4000F06D02D6801238B401D4201D055
:102CE00082F0C06202F0B05302F0B072A04738BD6B
:102CF0006FF05700FBE738B513468568046912F496
:102D0000801F07D012F4402F04D012F0010F01D021
:102D100082F4402323F4801213F0010F0AD02368B9
:102D20004FF0010C0CFA01FC43EA0C0323602B6802
:102D3000984738BD23684FF0010C0CFA01FC23EAD8
:102D40000C032360F3E708B503468C460068197945
:102D5000DA8842EA0C02FFF7CEFF08BD38B50C4610
:102D6000056983685B68984718B923682A685340E7
:102D7000236038BD10B582B00C4601A9FFF7EEFF05
:102D800030B90123A340019A134214BF012000204F
:102D900002B010BD08B532B1012303FA01F1836816
:102DA000DB68984708BD012303FA01F183681B69BA
:102DB0009847F7E710B503691C6801238B401C4254
:102DC00002D0B2FA82F25209FFF7E4FF10BD08B553
:102DD0008368DB6913B10122984708BD6FF0570083
:102DE000FBE708B5EDF73CFB08BD08B5ECF7DAF9F1
:102DF000003818BF012008BD08B500210220EDF7FA
:102E00009BF900210120EDF797F900210846EDF725
:102E100093F908BD08B5E9F739FE08BD08B5E9F72B
:102E2000DDFC08BD70B50024264608E0651C012CB9
:102E300004DC40F267600021FDF7DCFE2C46022C2A
:102E400005DCE9F741FC0028F0D00136EEE7012E61
:102E5000D4BF0020012070BD08B5EDF707F90021AF
:102E60000846EDF769F920210220EDF765F9802188
:102E70000120EDF761F908BD08B50020EDF710F865
:102E8000EDF7D2F8EDF738FA08BD08B5EBF7A4FB7B
:102E900008BD10B586B000240094019402940394F8
:102EA0000494059401910292ADF80C306946F8F74C
:102EB0001BFA06B010BD2DE9F04184B005460C4662
:102EC00016461F46D1F80C80ECF7CCF8102302937D
:102ED000CDF80480BDF8283000933B4632462146A9
:102EE000284605F027F804B0BDE8F08138B58368BE
:102EF00005699C697CB112F4000F06D02D6801238E
:102F00008B401D4201D082F0C06202F0B05302F04B
:102F1000B072A04738BD6FF05700FBE738B51346D5
:102F20008568046912F4801F07D012F4402F04D082
:102F300012F0010F01D082F4402323F4801213F029
:102F4000010F0AD023684FF0010C0CFA01FC43EA90
:102F50000C0323602B68984738BD23684FF0010CA1
:102F60000CFA01FC23EA0C032360F3E708B50346DF
:102F70008C4600681979DA8842EA0C02FFF7CEFF26
:102F800008BD08B58368DB6913B10122984708BD05
:102F90006FF05700FBE708B5ECF738FF08BD38B510
:102FA000836805699C697CB112F4000F06D02D6816
:102FB00001238B401D4201D082F0C06202F0B05369
:102FC00002F0B072A04738BD6FF05700FBE738B58C
:102FD00013468568046912F4801F07D012F4402F4D
:102FE00004D012F0010F01D082F4402323F48012A8
:102FF00013F0010F0AD023684FF0010C0CFA01FC0A
:1030000043EA0C0323602B68984738BD23684FF0D0
:10301000010C0CFA01FC23EA0C032360F3E708B56A
:103020008368DB6913B10122984708BD6FF0570030
:10303000FBE708B5437933B1014651F8060B8368C5
:103040001B68984708BD6FF08500FBE738B513464D
:103050008568046912F4801F07D012F4402F04D051
:1030600012F0010F01D082F4402323F4801213F0F8
:10307000010F0AD023684FF0010C0CFA01FC43EA5F
:103080000C0323602B68984738BD23684FF0010C70
:103090000CFA01FC23EA0C032360F3E708B50346AE
:1030A0008C4600681979DA8842EA0C02FFF7CEFFF5
:1030B00008BDA0F5FA6040F6B83398428CBF0020F6
:1030C0000120704730B583B08446084615461C463B
:1030D0001B680CFB03F3019301A9F8F73FFD10B93E
:1030E000019B2B41236003B030BD4279C2B108B5CA
:1030F00084460B46C279042A0ED0C0899CF8102061
:103100009CF80A1011F0200F01D0013AD2B29CF8BD
:103110000610FFF7D7FF08BD026892681089EDE737
:103120006FF08500704708B5EDF7ACFB002108464D
:10313000EDF702F800210220ECF7FEFF002101204C
:10314000ECF7FAFF08BD00EBC1018368B3F5004F4F
:103150000AD322B14B6843F001034B6070474B68C0
:1031600023F001034B60704722B14B8843F0010309
:103170004B8070474B8823F001034B807047C90098
:103180008368B3F5004F03D30823194408447047FC
:103190000423FAE710B400EBC10C8468B4F5004FC7
:1031A00019D3DCF80C30994218D0B4F5004F22D373
:1031B000DCF80810043240F8223000EBC102B4F50C
:1031C000004F1BD3D36000EBC3038268B2F5004FFE
:1031D00016D399600CE0BCF80630E4E7C36801211F
:1031E000914023EA0103C3600432002340F82230F7
:1031F0005DF8044B7047BCF80410DBE7D380E2E7CE
:103200009980F5E7131D50F82330DBB9C3684FF000
:10321000010C0CFA02FC43EA0C03C360043240F8D0
:10322000221000EBC1038268B2F5004F06D399600B
:103230008268B2F5004F03D3D96070479980F7E7F1
:10324000D980704710B500EBC30C8468B4F5004F0B
:103250001CD3DCF8082000EBC10EB4F5004F18D3E6
:10326000CEF808208468B4F5004F15D3CEF80C30A2
:1032700000EBC2028368B3F5004F10D3D1608368BE
:10328000B3F5004F0DD3CCF8081010BDBCF80420E6
:10329000E1E7AEF80420E5E7AEF80630E8E7D180D4
:1032A000EDE7ACF80410F0E730B400EBC10C846833
:1032B000B4F5004F29D3DCF80450531A891A01EBF6
:1032C00055015D00B4F5004F22D3CCF804504C00FA
:1032D00000EBC20C8568B5F5004F1CD3CCF8044058
:1032E0008468B4F5004F19D340F832308368B3F5E1
:1032F000004F16D3DCF8044002EB5402B3F5004F44
:1033000012D340F8321030BC7047BCF80250D4E7FA
:10331000ACF80250DBE7ACF80240E1E720F83230CD
:10332000E4E7BCF80240E7E720F83210EBE730B4FE
:1033300000EBC1018468B4F5004F1ED34B685B08F5
:1033400000EBC20CB4F5004F19D3DCF8045003EBCA
:1033500055035D00B4F5004F14D34D608168B1F59D
:10336000004F11D3DCF8044002EB5402B1F5004FDA
:103370000DD340F8323030BC70474B88DFE7BCF8E3
:103380000250E4E74D80E9E7BCF80240ECE720F8A2
:103390003230F0E78368B3F5004F04D30823C91A2D
:1033A000081AC00870470423F9E708B58368B3F525
:1033B000004F07D300EBC10252685208012A02D025
:1033C000002200E00022A2B900EBC102B3F5004FD9
:1033D00010D352685208B3F5004F0DD308230833B9
:1033E000A2EBD3020132B2FA82F2C2F11F02FFF75E
:1033F000D1FE08BD5288EDE70423F0E708B58368E5
:10340000B3F5004F07D300EBC10252685208012AFE
:1034100002D0002200E00022A2B900EBC102B3F505
:10342000004F10D352685208B3F5004F0DD3082354
:103430000833A2EBD3020132B2FA82F2C2F11F02C8
:10344000FFF7E0FE08BD5288EDE70423F0E7F8B58A
:1034500004460D46CE0000EBC1078368B3F5004F6C
:103460001FD3796805EB510104EBC102B3F5004F9E
:1034700019D3536813F0010F17D0A368B3F5004FA9
:1034800024D3A159691A04EBC102B3F5004F1FD32D
:10349000536813F0010F1DD029462046FFF7AEFFF9
:1034A000F8BD7988DEE75388E4E72046FFF77DFF23
:1034B000A368B3F5004F07D37A6805EB520229469B
:1034C0002046FFF734FFD8E77A88F6E7A15BD9E713
:1034D0005388DEE72046FFF768FFA368B3F5004F87
:1034E0000CD3A1592A46691A2046FFF720FFA3688A
:1034F000B3F5004F04D3A359ED1ACDE7A15BF1E773
:10350000A35BF9E7F8B58568B5F5004F10D308233C
:103510000833A1EBD3030133B3FA83F3C3F11F02E2
:10352000C3F1230450F8246046B34FF0030C12E0BB
:103530000423EDE7BEF8027017E02146FFF72AFEEC
:1035400024E0BEF80640171D40F82740BCF1010CEE
:1035500014D0A64212D0141D50F8244000EBC40E23
:10356000B5F5004FE6D3DEF80470B1EB570FE4D9A0
:10357000B5F5004FE5D3DEF80C40E4E7C468C3F1CD
:103580002002012393405B421C4001D12046F8BD3C
:1035900094FAA4F2B2FA82F2131D50F823402146A5
:1035A000FFF7F8FDF2E779B138B505682846FFF76F
:1035B000F1FE0446002201462846FFF7C4FD2146DD
:1035C0002846FFF744FF38BD704770B50568A1B3C2
:1035D0000B46AA68B2EBD10F31D9B2F5004F1DD31B
:1035E00008229C180734E40821462846FFF78AFF82
:1035F000064630B305EBC003AA68B2F5004F0FD3FF
:103600005B68B4EB530F0DD3012231462846FFF718
:103610009AFD31462846FFF7B2FD70BD0422E0E76F
:103620005B88EEE73444224631462846FFF73CFEED
:1036300021462846FFF7E2FEE6E70020EDE70020FE
:10364000EBE70020E9E72DE9F041144606684B421C
:103650000B4001F1FF3818EA01080CD0B268B2F54E
:10366000004F06D30822934257D21A464546984641
:1036700009E00422F7E70D46B368B3F5004F45D3E0
:103680000822954244D9002C62D0B368B3EBD40F22
:1036900060D92919891AB3F5004F41D30823194479
:1036A0000731C9083046FFF72DFF0746002853D0E1
:1036B00001463046FFF763FD00EB08032B44013B56
:1036C000B3FBF5F303FB05F5A5EB08052C44073424
:1036D00024F0070429463046FFF75CFE8046A41B11
:1036E000E41087421ED306EBC803B268B2F5004F60
:1036F00022D35B6808EB53039C421FD3012241464F
:103700003046FFF720FD2846BDE8F0810422B8E7E7
:103710002146FFF75AFF0546F5E745469846B2E7CA
:103720000423BCE7024639463046FFF7BDFD394663
:103730003046FFF763FED6E75B88DBE7224641466B
:103740003046FFF7B1FD21463046FFF757FED5E77B
:103750000025D8E70025D6E70025D4E7F8B5B2F56F
:10376000802F23D30823D21ACC1D24F0070401EBA9
:10377000020C2CF0070CACEB040C4FEADC010460EB
:10378000A1600023E360BCF5802F11D30823083328
:10379000A1EBD3030133B3FA83F3C3F1200EC3F1DA
:1037A00024039B00DE1DF508002308E00423DAE76C
:1037B0000423ECE71A1D002044F82200013373456E
:1037C000F8DB6B00BCF5802F32D36360BCF5802F33
:1037D00030D300232360BCF5802F2ED3636843F0E1
:1037E000010363604A1B570026F00703E018BCF58D
:1037F000802F27D34760A068B0F5004F24D3E55051
:103800002CF00703A444A068B0F5004F1ED300209D
:10381000CCF80400A068B0F5004F1BD3E2500122A1
:103820002046FFF790FC29462046FFF7E7FDF8BD4C
:103830006380CBE700232380CDE7638843F0010357
:103840006380CFE74780D6E7E552D9E70020ACF8A0
:103850000200DFE7E252E2E710B50C4611461A46D5
:10386000029BA04710BD4038C0B23A288CBF002050
:1038700001207047F8B5064603784578847804EB54
:1038800083040444002706E001342046E8F75AFE8A
:10389000013004440137AF42F6D3A01BF8BD70B528
:1038A000144668B10D46194606462BB91046E8F78E
:1038B00049FE83B2013399B22A462046B04770BD13
:1038C0001046E8F73FFE0130F9E75BB32DE9F0471A
:1038D00082B00746884691461D461A785E789C78E5
:1038E000DB7804EB820404EB43042C444FF0000A21
:1038F0000AE014F8013B45F823402046E8F722FE91
:10390000013004440AF1010AB245F2D305F108037B
:1039100000936B684A4641463846FFF79DFF02B068
:10392000BDE8F0876FF0150070472DE9F0410446BF
:10393000884600273E4607E0702D18D02846FFF73E
:1039400092FFB8B9252D0ED014F8015B75B1002E89
:10395000F8D04745F0D02846FFF785FF0028F1D082
:1039600001370026EEE786F00106EDE70026304637
:10397000BDE8F0810026FAE708B500F0E0FC08BDDC
:103980000FB400B583B004A951F8040B0191FFF7FF
:10399000F3FF03B05DF804EB04B070470FB400B55B
:1039A00083B004A951F8040B0191FFF7E5FF03B0C0
:1039B0005DF804EB04B07047036913F0080F08D1F9
:1039C000C3680268934207D8036A9B1A0B60012000
:1039D00070470020086070479B1A0B6000207047FA
:1039E000036913F0080F07D1826843689A4203D82D
:1039F0009B1A0B6000207047036A82689B1A0B6059
:103A00000120704710B582B0044601A9FFF7D4FF2A
:103A100020B1E368019A1344013B0193206A019BA2
:103A2000C01A013802B010BD38B5036913F0040F95
:103A300000D138BD0446456AFFF7E4FF854202D94C
:103A4000606A6062F5E72046FFF7DCFFF9E7C368CC
:103A50001944036913F0010F04D1026A914204D39F
:103A6000891A02E0026A013A1140C16023F008039A
:103A70000361704710B400236FF3000343F00203A7
:103A800061F39F03C269046842F8243003680B4461
:103A9000026912F0010F04D1046AA34204D31B1B74
:103AA00002E0046A013C23400360C4689C420AD0DF
:103AB00043681944036913F0010F08D1036A99425E
:103AC00008D3C91A06E042F008020261F0E7036A6F
:103AD000013B194041605DF8044B70472DE9F04F00
:103AE00083B00446019117469846C569C66805EB40
:103AF000860B15F8263003F00303022B24D0002197
:103B000000233B60C8F8003019BB236913F0020F93
:103B100073D0A36958469847824615F8269019F045
:103B200001096CD015F8263013F0020F39D0019B33
:103B3000BBB962685244236913F0010016D1216AAF
:103B40008A4216D3521A14E055F82610C1F39D018B
:103B5000D6E72046FFF77BFFE368A3604FF001093B
:103B60004DE019462046FFF785FFE2E7216A01395B
:103B70000A406260E168A268914206D0A2682260B1
:103B8000E26043F00803236139E0524420B9216A1E
:103B90008A4204D3521A02E0216A01390A40A26023
:103BA000ECE701462046FFF752FFE368A360019B64
:103BB00023B1E3692268002143F82210019B53449A
:103BC000C8F8003022681344226912F0010F04D1B2
:103BD000216A8B4204D35B1A02E0216A01390B404F
:103BE000236042F00802226115F826306FF30003CB
:103BF00005F82630C7F800B001E04FF0000948464C
:103C000003B0BDE8F08F30B45318046914F0010F0D
:103C100004D1056AAB4204D35B1B02E0056A013D97
:103C20002B4005689D4214D000236FF3000343F03E
:103C3000020362F39F03C46944F8213043681344CC
:103C4000026912F0010F09D1026A934209D39B1A4B
:103C500007E0016024F00804046103E0026A013A0D
:103C60001340436030BC704708B5002303604360D5
:103C70008360C360036143618361CA6882618A684B
:103C800042610A68C2614A68026243620B69036169
:103C90002AB1511E0A4202D143F0010303612830C8
:103CA0000122002107F0A0FE08BD2DE9F04F87B0EA
:103CB0009A46002305930393036A8B42C0F08780E2
:103CC000044689469346002301930126009341E070
:103CD00001992046FFF797FF0023039345E0E3692E
:103CE000226803EB8201009113F822106FF30001A8
:103CF00003F82210C9B26FF3410103F822102368C0
:103D00004B44226912F0010F04D1216A8B4204D383
:103D10005B1A02E0216A01390B402360E168994295
:103D200001D0002608E042F008022261002603E0EC
:103D30002046FFF79FFE2E4687F31188BFF36F8F53
:103D4000059929B163690BB1204698470023059373
:103D5000002E3ED0EFF31188402383F31288BFF387
:103D60006F8F4746039A002AB2D104A92046FFF775
:103D700023FE054604994945B1D20028D8D15AEA14
:103D80000B030BD1002ED7D02368019303AB05AAF8
:103D900004992046FFF7A2FE0646CDE708F05EF83C
:103DA0000028EFD188F31188BFF36F8F04F128004A
:103DB0005A465346FCF7B8F9EFF31187402383F3D3
:103DC0001288BFF36F8FB0FA80F67609B4E700234C
:103DD0000093009807B0BDE8F08F70B504460D461B
:103DE000836908469847EFF31186402383F31288CE
:103DF000BFF36F8F2B7843F001032B706368184477
:103E0000236913F0010F04D1236A984204D3C01A26
:103E100002E0236A013B184060602046FFF704FE81
:103E200086F31188BFF36F8F70BDF0B583B0044681
:103E30002EE053F8220080084DD143E0226A013A77
:103E40001340A3602046FFF702FE01231BE013F896
:103E5000221041F0020103F82210A768A36930463E
:103E600098473844236913F0010F04D1236A98421C
:103E700004D3C01A02E0236A013B1840A06000236B
:103E800001E000231E4685F31188BFF36F8F8BB3CB
:103E9000EFF31185402383F31288BFF36F8F01A9DD
:103EA0002046FFF79DFDE369A26803EB82060199B6
:103EB0000029E6D013F8221011F0030117D00229CF
:103EC000B7D0002013F8221011F0010FBFD110B9A4
:103ED000A36930469847A36801460344226912F05B
:103EE000010FABD1226A9342ABD39B1AA9E70023FF
:103EF0001E46C8E7304603B0F0BD70B504460D4617
:103F00008369084698470146EFF31186402383F3FF
:103F10001288BFF36F8F2B786FF300032B70236928
:103F200013F0020F0AD0E369E26803EB8203AB42AD
:103F300004D02B6860F39F032B600AE02B786FF3AB
:103F400041032B70E268A3689A420BD02046FFF72A
:103F50007EFD86F31188BFF36F8F04F12800FCF714
:103F6000BBF870BD0B44226912F0010F04D1226A24
:103F7000934204D39B1A02E0226A013A1340A360E1
:103F8000E4E700B583B001A9FFF72AFD01980038E6
:103F900018BF012003B05DF804FB01F00701038B9B
:103FA00023F007030B43038370472DE9F0410646D6
:103FB0000F469046816821B10C683CB131B90C467E
:103FC00004E00C4602E0234621461C4669B14D68D8
:103FD00043463A463046A847002CF4D02368002BCD
:103FE000F2D0002CF0D12346EEE7BDE8F081038B40
:103FF00013F0070303D102680AB103207047022BB4
:1040000003D0012B06D000207047428B002AF8D144
:104010000420704703680BB10520704700207047EB
:1040200010B504468C46038B002A07DB03F0070318
:104030005A1F012A0ED9042B36D010BDD0E9000139
:104040008CE8030000232360636001212046FFF712
:10405000A4FFF2E7D0E900018CE80300002222600F
:104060006260062B1BD1DCF8003053B1628B013249
:1040700062831A461B68002BF7D0002AF5D113463D
:10408000F3E702212046FFF788FF2046FFF7AFFF46
:104090000028D2D0238B43F020032383CDE70021D7
:1040A0002046FFF77AFFF0E70021FFF776FF204672
:1040B000FFF79DFF0028C0D0238B43F0200323830C
:1040C000BBE750B110B50C4651B1081D00F0C2F865
:1040D00010B9A368032B06D810BD6FF01500704708
:1040E0006FF01500F8E76FF01500F5E72DE9F041E6
:1040F00007460C4616461D461946201D00F0C9F815
:1041000028B180462B46324621463846C047BDE896
:10411000F0812DE9F04180460C4617461E4604E02A
:1041200033463A464046FFF7E1FF216831B10D685A
:10413000256063688B42F3D16560F1E7BDE8F081EB
:1041400008B5EFF311824FF0400C8CF31288BFF3E7
:104150006F8F41610121EDF73BFA08BD034670B155
:1041600081B10A688AB14A6892B10020186058602B
:104170009860D860186158619861196170476FF054
:10418000150070476FF0150070476FF0150070470D
:104190006FF01500704770B505460E46FFF791FFAA
:1041A000041E2EDBEFF31182402383F31288BFF34A
:1041B0006F8FB5F818C00CF0070C6B8B4FF6FF71C2
:1041C0008B422CD06446BCF1020F08D0BCF1060F24
:1041D00019D8DFE80CF01E1818181E2A1E0001332B
:1041E0006B8301230021084628B1002030606868F5
:1041F00008B306606E6009BB82F31188BFF36F8F4E
:104200000BBB204670BD6FF004040023194618460E
:10421000EAE7BCFA8CF1490900230120E4E76FF0DA
:104220000A04002319461846DEE76FF085040023D0
:1042300019461846D8E76E602E60DCE70221284652
:10424000EDF7C6F9DDE70023624631462846FFF761
:104250004DFFD6E70246B0B1436803F00303022BDB
:104260000BD0032B04D0012B04D06FF01500704746
:1042700003685BB10020906070470368002BF9D1A0
:104280006FF0150070476FF0150070476FF0150064
:10429000704710B50346426802F003028160022AAB
:1042A00004D0032A05D10468002004E0006800243B
:1042B00001E00024204600225A6008B1FCF7F0FF1C
:1042C000204610BD7047037813F0040F01D0002082
:1042D00070470368C3F34A2000EB1350173020F0F7
:1042E000070080087047002070470120704708B51C
:1042F00004F079FF08BD08B520EAE070C117C903D2
:1043000041EA5041C00340F2E733C0184FF47A72DB
:104310004FF0000341F10001D8F7F2FBFCF76AFC13
:1043200008BD08B500220023FFF7BFFC08BD08B593
:10433000FFF7E3FD08BD08B5FFF723FE08BD00B594
:1043400085B0039102900020019000900346024640
:10435000014600F098F805B05DF804FB08B50120AF
:10436000EDF712FB08BD08B5EDF794FB08BD08B5E5
:10437000FFF733FDEDF72CFC08BD0020704770B54A
:10438000536896689B1B8B420CD30C4615461368EA
:104390000A460146981908F040FAAB682344AB601E
:1043A000204670BD6FF01B00FBE770B588B10E466C
:1043B00014461946054633B11030C2F34A23120D94
:1043C000184408F02AFA2C606E602846EDF742FC8B
:1043D00070BDEDF7D9FAFBE72DE9F04383B006464F
:1043E0000F4615461C4603F101094FEA890808F1FA
:1043F000170020F007008008EDF744FB002201922F
:104400008DF8049068B100F1140C019B036196468D
:1044100005E055F82E304CF8043B0EF1010EA64590
:10442000F7D3002267F3881268F353220023314642
:10443000FFF7BBFF03B0BDE8F08300B583B0019286
:10444000012301AAFFF7C8FF03B05DF804FB00B524
:1044500083B00092019302236A46FFF7BDFF03B0C9
:104460005DF804FB00B585B001920293069B0393AF
:10447000032301AAFFF7B0FF05B05DF804FB08B500
:10448000EDF778FC08BD2DE9F04F85B081460D466B
:1044900090461E46DDF838B0109FA7B3119B0393DA
:1044A00000933B460F9A10210020ECF7ADFB8246AB
:1044B00000EB0B03173323F0070300246FF3000412
:1044C0006FF341046FF3820469F3C50468F3881441
:1044D00060F353246BF31F549808EDF7D3FA80462A
:1044E00040B1103037B1119B00933B460F9A5146B3
:1044F000ECF78AFB3346224629464046FFF755FF34
:1045000005B0BDE8F08F0020D1E7F8B507460D46AD
:1045100014461E4605E0324621462846B847241A6E
:104520000544002CF7D1F8BD08B513460122EDF77C
:1045300031FD08BD08B513460022EDF72BFD08BD7F
:1045400038B505460C4601F00101FFF7F3FF21469F
:104550002846EDF7B1FD38BD2DE9F04383B0804624
:104560000E4615461F46DDF828902C46102D28BF14
:104570001024CDF800903B46224631464046EDF7E8
:10458000AFFD26442D1BF0D103B0BDE8F08310B57C
:10459000044642685368126881680068FFF7B5FFF7
:1045A000636800221A6010BD38B505460C464B689A
:1045B0001A68CB689A420FD06368BFF35B8F53E8E9
:1045C000002F511C43E800100028F8D1BFF35B8F87
:1045D000A3689D54002038BD0846FFF7D8FFEBE7DD
:1045E00038B504460D460A2805D029462046FFF76F
:1045F000DBFF002038BD0D20FFF7D6FFF5E72DE9E2
:10460000F04387B006460C469046D1F808900F88D4
:10461000C7F382170878C0F3C2050846EDF756FCC9
:10462000011E1ADA0023214651F8105BC5F34A2512
:104630006288C2F30B12481905B90021CDF8148025
:10464000049203900291019700220092494630465D
:10465000EDF7A8FD07B0BDE8F0832846EDF750FB65
:104660000346E0E708B520EAE070C117C90341EA54
:104670005041C00340F2E733C0184FF47A724FF054
:10468000000341F10001D8F73BFAFCF7B3FA08BD8B
:10469000704710B58446002906DBC818DCF80840CE
:1046A000A0420CD9002000E0002050B1DCF80C0042
:1046B000DCF80440214484682468A04710BD012030
:1046C000F3E76FF01500F9E710B58446002906DB23
:1046D000C818DCF80840A0420CD9002000E00020F7
:1046E00050B1DCF80C00DCF80440214484686468B4
:1046F000A04710BD0120F3E76FF01500F9E710B5F2
:104700000346002905DB88189C68A0420AD90020CE
:1047100000E0002040B1D8685B68194483689B685A
:10472000984710BD0120F5E76FF01500F9E708B5CF
:10473000C0688368DB689847006808BDC068704738
:1047400008B5C0688368DB689847007908BD2DE923
:10475000F84F00283ED08A4690469B46044603699F
:104760008268134443448269934236D84FF000096B
:104770004E463146A8EB06076568A368ED1AAF42BE
:104780000FD320682A460AEB0601184408F045F8C2
:104790006368A3602046EDF7ADFE814640B92E4424
:1047A000E7E7464507D3BBF1000F01D0A36863B923
:1047B0004846BDE8F88F20683A465144184408F04E
:1047C0002CF8A3681F44A760EDE72046EDF792FEA2
:1047D0008146EDE76FF00D09EAE76FF00B09E7E7B7
:1047E000F8B504461E4600F501773846FFF7AFFFDF
:1047F00005460EB92846F8BDD4F80032986803F093
:1048000082FED4F80032596801443846EDF744FE80
:1048100005460028EED1D4F80002FFF739FF002347
:10482000C4F80032E6E710B584B00446084604F543
:104830000071EDF7FDFD08B104B010BDD4F8000221
:10484000FFF77CFF0146D4F800325A689B680020CD
:104850000290019300924FF40073224604F5017018
:10486000EDF7C4FEE8E78B4201D90020704710B590
:1048700094461C461A46614607F0CFFF204610BDFD
:1048800008B507F0F2FF08BDC30903EB430303EBD0
:10489000C30383EA4000C0B270470378CA7853402C
:1048A000037043788A785340437083784A78534042
:1048B0008370C3780A785340C3700379CA79534030
:1048C000037143798A795340437183794A7953401C
:1048D0008371C3790A795340C371037ACA7A53400A
:1048E0000372437A8A7A53404372837A4A7A5340F6
:1048F0008372C37A0A7A5340C372037BCA7B5340E4
:104900000373437B8A7B53404373837B4A7B5340CF
:104910008373C37B0A7B5340C373704700B585B074
:1049200002788DF8002042798DF80120827A8DF886
:104930000220C27B8DF8032002798DF80420427A90
:104940008DF80520827B8DF80620C2788DF807202F
:10495000027A8DF80820427B8DF8092082788DF844
:104960000A20C2798DF80B20027B8DF80C2042784A
:104970008DF80D2082798DF80E20C37A8DF80F30D6
:1049800010236A461946FFF76EFF05B05DF804FB79
:1049900070B506460C460878FFF776FF0546607846
:1049A000FFF772FF6178A278E378484045406A409B
:1049B0005340337025786078FFF766FF4540EDB2CD
:1049C000A078FFF761FFA278E378504045406B4044
:1049D0007370257863785D40A078FFF755FF4540F8
:1049E000EDB2E078FFF750FFE37858404540B570EE
:1049F0002078FFF749FF22786378A578504043403C
:104A00005D40EDB2E078FFF73FFF4540F57070BDC7
:104A100010B584B0044601466846FFF7B9FF211D72
:104A200001A8FFF7B5FF04F1080102A8FFF7B0FFE6
:104A300004F10C0103A8FFF7ABFF10236A461946E7
:104A40002046FFF710FF04B010BD0B4613F90F2BE3
:104A5000002A04DB4FF0000C00F10F0206E04FF0DB
:104A6000870CF9E713F801094FEAD01C18788CEA93
:104A7000400002F801098B42F4D1704730B108B50B
:104A800058220021FFF7FCFE012008BD00207047DE
:104A9000A0B110B5044610220021FFF7F1FE10224C
:104AA000002104F13000FFF7EBFE002363640022D5
:104AB0004FF48033C4E91423012010BD0020704757
:104AC00038B370B50D461646044621B3582200216E
:104AD000FFF7D6FEA66429463046EDF70BFE1022FE
:104AE00000212046FFF7CCFEA26C21462046EDF7C0
:104AF00063FE04F1100521462846FFF7A6FF29466C
:104B000004F12000FFF7A1FF2046FFF7C1FF0120BD
:104B100070BD002070470020FAE7002864D02DE91E
:104B2000F0410D4616460446002A5FD0002960D0A9
:104B3000036D426D53EA02015DD0013B42F1FF3249
:104B400003654265476C002F3DD0C7F1100846450C
:104B50000DD307F1300043462A4641462044FFF773
:104B600082FE103F3E4445440023636413E007F196
:104B7000300033462A4631462044FFF774FE636C0A
:104B800033446364012032E0E25CE11891F83010B4
:104B90004A40E25401330F2BF6D9A26C214620463D
:104BA000EDF70AFE0FE0E05C15F803C080EA0C00A8
:104BB000E05401330F2BF6D9A26C21462046EDF7C5
:104BC000FBFD1035103E102E01D90023F2E70EB97F
:104BD00001200CE033462A46314604F13000FFF74D
:104BE00042FE6664012002E0002070470120BDE81B
:104BF000F0810020FBE70020F9E780B338B50C46D0
:104C0000054671B34A6C102A03D101F1100C002340
:104C100019E002F13000C2F1100200212044FFF738
:104C20002FFE636C2344802283F8302004F1200C93
:104C3000EDE7E25CE11891F830001CF80310484001
:104C40004240E25401330F2BF3D9A26C214628468F
:104C5000EDF7B2FD2046FFF711FF012038BD00201F
:104C600070470020FAE708B501460068EDF738FF05
:104C700008BD08B5EDF750FFEDF77AFF08BD00203D
:104C8000704708B500231370CB1E092B1AD8DFE834
:104C900003F005090D111919191919141146EEF728
:104CA000CDF908BD0021EEF725F9FAE70021EEF76E
:104CB00099F8F6E7EDF7B2FFF3E71146EEF718F8CB
:104CC0000020EEE7EEF722F80020EAE708B5EEF75D
:104CD00099FA08B540B2EEF78FFB08BD08B540B2AF
:104CE000EEF798FB08BD08B512F0010F04D10231B0
:104CF00040B2EEF7A1FB08BD0021F9E708B500219D
:104D00000120EDF7EDFE08BD0023E1EE103AEFF3D0
:104D1000148323F0040383F31488BFF36F8FBFF36E
:104D20006F8F704761B662B680F31188BFF36F8FE3
:104D3000704772B6002383F31188BFF36F8FBFF300
:104D40004F8F30BF62B6BFF36F8F704772B60023CC
:104D500083F31188BFF36F8FBFF34F8F20BF80F3B2
:104D60001188BFF36F8F62B6704743685A1E1342B3
:104D700006D11F2B06D903681A4205D000207047C0
:104D800000207047002070470120704700B585B0B3
:104D90000B6801934B688A68202B12D9B3F1004F3E
:104DA00011D8013BB3FA83F3C3F11F035B0003F097
:104DB0003E031343039301A9EEF700FD05B05DF830
:104DC00004FB0823F5E73E23F3E7F0B585B005467D
:104DD00003A8EDF70FFB0646002424E0B3F5801F7F
:104DE00020D1576809589368202B64D9B3F1004F3C
:104DF00063D8013BB3FA83F3C3F11F035B0003F0F5
:104E00003E0343F0885343F430230097019102930B
:104E100069462878EEF7D2FC0028C0F2A8802B78EB
:104E200001332B700134B44280F0A4802001039937
:104E300001EB0412D3681B0D1B05B3F5000F5ED008
:104E40001DD8B3F5001F3AD0B3F5800FC6D157680F
:104E500009589368202B4ED9B3F1004F4DD8013B30
:104E6000B3FA83F3C3F11F035B0003F03E0343F087
:104E7000007343F40033009701910293C8E7B3F144
:104E8000807F56D0B3F1007FCCD157680958936822
:104E9000202B68D9B3F1004F67D8013BB3FA83F3F5
:104EA000C3F11F035B0003F03E0343F4802300972C
:104EB00001910293ACE70823A3E73E23A1E75768DB
:104EC00009589368202B12D9B3F1004F11D8013B38
:104ED000B3FA83F3C3F11F035B0003F03E0343F017
:104EE000885343F4002300970191029390E708232D
:104EF000F5E73E23F3E70823B9E73E23B7E7576812
:104F000009589368202B10D9B3F1004F0FD8013BFB
:104F1000B3FA83F3C3F11F035B0003F03E0343F0D6
:104F2000827300970191029372E70823F7E73E230B
:104F3000F5E7576809589368202B10D9B3F1004F53
:104F40000FD8013BB3FA83F3C3F11F035B0003F0F7
:104F50003E0343F0887300970191029358E70823BA
:104F6000F7E73E23F5E708239FE73E239DE76FF031
:104F7000150000E0002005B0F0BD08B5EEF76EFCAE
:104F800008BD08B5EEF774FC08BD08B50B694969A2
:104F90009847002008BD03898B420BD9436803EB77
:104FA000C10053F8313003B170474368002BFBD187
:104FB0000020F9E70020704708B90120704703205E
:104FC0007047F8B507460C461546067806F0070008
:104FD000FFF7F2FFC6F3C106012E28BF0126C5F375
:104FE00007222D02ADB22A43B9880B0243EA1123EE
:104FF00097F806C0FD79002121606160217860F397
:1050000002012170C9B266F3C40121706280A380DD
:1050100084F806C0E571F8BD038A072B10D9C36870
:105020001A685B680A604B604A88130243EA1223DD
:105030004B808A88130243EA12238B80002070473A
:105040000320704783681B68DB6808684A6818603B
:105050005A600020704700B585B040F8041B00235B
:1050600002930193012300930B8ACA68042106F07E
:10507000E2F805B05DF804FB30B583B005460C4698
:10508000084603F0A0FA45F8044B08232382204683
:1050900050F80C4F03F06AFB03460022009204F123
:1050A00008020221284606F039FA03B030BD38B5AF
:1050B00005460C468888EEF7A5FC20B3E179FFF79A
:1050C0006AFF10B3237813F0070304D0022B18D023
:1050D0000324204638BD0468CCB1A8680F210430F1
:1050E00006F0F8F9A8B12846A0470446A8680F21A1
:1050F000043006F0F9F90028EBD1002CE9D107249F
:10510000E7E74468E8E70824E3E70824E1E7082440
:10511000DFE70724DDE710B50C46EEF789FC18B190
:1051200003462046984710BD0120FCE72DE9F041D9
:1051300082B086680023A6F84C30A6F84E300B7873
:10514000C3F3C103012B2DD805460C469046FFF74B
:10515000AEFF0746C8B9B6F84E1019B1237813F060
:10516000180F16D072683368DB68D21A083A69469D
:105170002046FFF726FF73683268D1685B1A1382F6
:1051800069462846FFF75EFF0DE00023C8F80030AF
:1051900009E0B6F84C00FFF7BEFF07460023C8F849
:1051A000003000E00D27384602B0BDE8F081F8B5C8
:1051B00004460F4616461D46C3B12946A068FFF7B0
:1051C0005BFF079B069A39462046EEF75BFC20B949
:1051D00023689B6A2846984700252168304600F0DE
:1051E00088FA2168284600F084FAF8BD2E46154654
:1051F000E3E72DE9F04186B005460C460022039214
:10520000904623E02968204600F05FFA0646002811
:1052100055D021466868FFF71EFF3146A868FFF7A2
:105220002BFF03AA04A92846FFF780FF8046002829
:1052300049D12B689B6A304698478046002844D164
:10524000BDF81210384603F075FA0122238ADBB14B
:1052500004A92046FFF7E0FE38BB04F10C07082143
:10526000384603F067FA228ABDF812309A4221D3F9
:105270009DF8103013F00703C4D0022BC2D04FF0BA
:1052800008080122002600E00026B8F1000F00D037
:10529000F2B92968204600F02CFA2968304600F05F
:1052A00028FA404606B0BDE8F0814FF00908002218
:1052B0001646EAE74FF0090801220026E5E74FF01D
:1052C00002080122E1E70122DFE701220026DCE7F4
:1052D000039B0193CDF800803346224604A928465B
:1052E000FFF765FFDDE72DE9F04782B0814688468C
:1052F00016469A4605F07BFE00284DD00023CAF8DA
:10530000003044462DE0019A63689A420CD0143470
:10531000013517B3B5421ED206EB860C08EB8C0C98
:10532000A445F0D84446EEE72168009807F0A5FAB6
:105330000028ECD1237C0BBBA368E1684846984762
:105340000346F0B1012222741434DAF8002001324D
:10535000CAF8002002E0002300E03B4603B93FB951
:1053600097B16946484605F03DFE07460025D0E75F
:105370000021484605F0B3FE0746F1E76FF06F00E5
:1053800007E06FF0220004E0484605F05BFE30B114
:10539000002002B0BDE8F0876FF04C00F9E76FF035
:1053A0004C00F6E7F8B505461646034600E0143310
:1053B00001EB810405EB84049C4204D91C68B442CF
:1053C000F5D1187CF8BD3046E7F7BCF8074600E099
:1053D0001435AC420BD96B68BB42F9D13A46296807
:1053E000304607F04AFA0028F2D1287CEAE700208C
:1053F000E8E718B1012803D1052070470220704763
:10540000FF20704710B5002400E00134012C0ADCB5
:10541000204600F04CF80028F7D12046FFF7E9FFBE
:105420000028F2DB01E04FF0FF3010BD02780B786E
:105430009A420CD30ED842784B789A420CD30ED8AD
:1054400042884B889A420CD30ED8002070474FF008
:10545000FF307047012070474FF0FF307047012048
:1054600070474FF0FF3070470120704770B5064617
:105470000C4600F0B8F80546304603F040F8034605
:1054800085F00100013B032B0ED8DFE803F00A088A
:105490000206002304B1237070BD0223FAE7012342
:1054A000F8E728460023F5E74FF0FF30F4E770B542
:1054B00082B004464610304600F095F805460023B9
:1054C0008DF807300DF107013046FFF7CFFFA042FE
:1054D0000CD0A04210D0A84202D09DF807308BB16A
:1054E000A54214BF0020012002B070BD9DF8073016
:1054F000022BEED10120F7E79DF80730012BEAD10E
:105500000120F1E70120EFE72DE9F04182B00446E8
:105510000D464FEA6008404600F065F80646002355
:105520008DF807300DF107014046FFF79FFF074652
:10553000EDB9A6422CD09DF80730012B1FD04BB9F6
:105540000DB1A7422AD0A6421ED01DB9A64201D055
:10555000A74225D0022B02D125B3A74224D02A4648
:1055600031462046EEF772FD02B0BDE8F08100F052
:105570003CF84045DFD0A642DDD12020F4E74DB90C
:10558000A74209D01C20EFE7B742DED01C20EBE792
:105590002120E9E71C20E7E70020E5E70020E3E71A
:1055A0001C20E1E71C20DFE70020DDE770B582B0BA
:1055B0000C4616461D4604230DEB03020968EEF760
:1055C00073FB50B9BDF80430AB4208D123680433F3
:1055D0002360BDF806201344336002B070BD042080
:1055E000FBE770477047002070470020704701B903
:1055F0005AB100B589B000236A4619460120EEF77A
:1056000031FF002009B05DF804FB0020704770B541
:1056100088B006460D46002400E00134012C0FDC62
:1056200000236A4629462046EEF71CFF0028F4D1E5
:1056300020223146684607F020F90028EDD101E02C
:105640004FF0FF34204608B070BD10B50446FFF798
:10565000CCFFFFF7C8FF00231A462146EEF702FFF2
:1056600010BD022808D009D3033880B2012801D820
:1056700005207047012070470320704701207047C4
:1056800008B50020EBF78EFF00B5BDB0009017AB5A
:10569000019303AB02936846FFF7ABFD3DB05DF8A5
:1056A00004FB10B5044602E02046FFF7EDFF0022A0
:1056B000002304F1100002F091FF01460028F3D10D
:1056C00010BD08B502F0C5FF08BD70B504460D4613
:1056D000EFF79CF9064618B12B6B1BB12146984792
:1056E000304670BDE27A04F11801183007F095F8E1
:1056F000F6E748B110B504464B6B0BB1183098472C
:105700002046FFF7DEFF10BD70470023C363A0F8FB
:1057100040307047C36B13B1B0F8400070476FF072
:1057200015007047F8B504460E461546C36B83B1A5
:10573000B4F84030AB4233D3E06B2A4631460C30EC
:1057400002F0D5FFB4F840305A1B90B2A4F84000E4
:10575000F8BD072A15D94B881F0247EA1327BFB2A5
:105760000837BFB240F6AB139A420DD89F420ED80D
:10577000BA420FD8EFF74AF9E06370B1A4F840706D
:10578000D6E76FF03C00E3E76FF03E00E0E76FF034
:105790003E00DDE76FF08A00DAE76FF00B00D7E735
:1057A0006FF08A00D4E738B50B46C16B69B1044687
:1057B000B0F8405005B15BB12046EFF747F9002340
:1057C000A4F84030E363284638BD6FF01505FAE7CA
:1057D0006FF03C05F7E710B50446C06B30B1FFF73A
:1057E00070FF0020A4F84000E06310BD6FF01500CA
:1057F000FBE7C06B00B118307047806970470368E1
:1058000013B100230360037170478B6913B1836187
:105810000B7F03770020704791B138B504460D46E1
:105820000846EFF761F968B1A369AB4201D00120E6
:1058300038BD90F86920237F9A4205D10120F7E70F
:10584000002070470020F3E70020F1E708B5EFF7EC
:105850004BF910B16C30FAF73FFC08BD01B170474D
:1058600008B5EFF7B7F908BD70B504460D46EFF778
:105870003BF960B106462946204600F0D8FE10B13B
:1058800010F1780F04D106F1380006F0AEFA70BDC1
:105890004FF40042002306F13800FAF7EBFDF6E77B
:1058A00008B5FFF7AAFF20B102F063FC033880B20D
:1058B00008BD0020FCE710B58AB00C4605A9EFF73B
:1058C00085FC69462046EFF781FC10220DF10101AD
:1058D0000DF1150006F0D1FF0AB010BD08B5037830
:1058E0000A78934207D1012B0CD0022B0ED02BB19A
:1058F0006FF0150008BDFFF7DEFFFBE740884B881F
:10590000C01AF7E740684B68C01AF3E7102201316C
:10591000013006F0B2FFEDE700B50346042A0FD0D0
:10592000102A1DD0022A02D000205DF804FB0022BC
:10593000027048780A7842EA00225A800120F4E78F
:1059400001201870CA7891F802C04CEA022C91F834
:1059500001E00A7842EA0E2242EA0C425A60E4E789
:105960000246022002F8010BD1F800E0D1F804C091
:105970008868C968C3F801E0C2F804C09060D160CB
:105980000120D2E710B50446012300F8013B0621AF
:10599000F8F7C6F818B9A37963F03F03A37110BDF7
:1059A0000B6803608A888B7982808371037823F087
:1059B0000203037070470078C0F340007047107016
:1059C000C0F307235370030C9370000ED070117155
:1059D000C1F3072353710B0C9371090ED1717047FA
:1059E00000B5C379817941EA03214279037943EA19
:1059F0000223C27890F802C04CEA022C90F801E031
:105A0000027842EA0E2242EA0C4043EA01415DF884
:105A100004FB00207047053815280ED8DFE800F099
:105A20000B0D0D0D0D0D0D0D0D0F0F0D0D0D0F0DA2
:105A30000D0D0D0D0D0F0320704702207047012042
:105A400070474B09BFF35B8F50F82300BFF35B8FA8
:105A500001F01F01084100F001007047B2F801C0D9
:105A6000034623F888CBD1F800C0C0F888C0B1F84D
:105A700004C08979A3F804C09971B2F81730A0F86E
:105A80009E30B2F81930A0F8A430B2F81B30A0F85C
:105A9000A630D378C370002343721B22A0F8BC2029
:105AA0004FF4A473A0F8BE30A0F8C020A0F8C23014
:105AB00070472DE9F04104460E4615469846171DDD
:105AC0003846FFF778FF78B139463046FFF768FF70
:105AD000D5F81130C4F80130B5F81530A4F8053008
:105AE00001232370BDE8F0813946404600F050F9AB
:105AF0000368336082888379B280B3716B682360F6
:105B0000BA88BB79A280A371ECE770B5C468B4F819
:105B10000160237803B170BD0F213046F2F768FEB3
:105B2000054640B1E37843720121F2F71BFD284698
:105B300000F0A5FCEFE7E1783046EFF7C9FBEAE7B4
:105B400001F01F0C012303FA0CF372B1490900EBB9
:105B50008100BFF35B8F50E8002F1A4340E800211B
:105B60000029F8D1BFF35B8F7047490900EB810032
:105B7000DB43BFF35B8F50E8002F1A4040E8002161
:105B80000029F8D1BFF35B8F704701F01F0201239A
:105B90009340490900EB8100BFF35B8F50E8002F71
:105BA00042EA030140E8001CBCF1000FF6D1BFF34C
:105BB0005B8F134214BF01200020704738B50446A4
:105BC000022142F21600F0F7FBF968B10546022106
:105BD0000C3002F086FD238803800022294642F221
:105BE0001600F0F72DFA38BD6FF06800FBE770B5CE
:105BF00005460C46032140F20640F0F7E1F968B192
:105C0000064603210C3002F06CFD058084700022F2
:105C1000314640F20640F0F713FA70BD6FF06800AD
:105C2000FBE7F8B506460F461446062142F222006D
:105C3000F0F7C6F978B1054606210C3002F051FDA7
:105C400033880380478084800022294642F2220064
:105C5000F0F7F6F9F8BD6FF06800FBE72DE9F041C9
:105C600007460E4615461C46072142F23200F0F761
:105C7000A7F9A8B1804607210C3002F032FD3B881D
:105C800003808670C57004719DF81830A0F8053047
:105C90000022414642F23200F0F7D2F9BDE8F0812D
:105CA0006FF06800FAE708B5F0F7B4FD08BD08B575
:105CB000C068FFF7F8FF08BD028843889A4217D8EA
:105CC000052A17D9B3F5486F16D88188B1F5FA7F40
:105CD00014D2C088A0F10A0292B240F6764C624516
:105CE0000ED801FB0333B3EB800F0BD201207047BA
:105CF0000020704700207047002070470020704748
:105D0000002070470020704770B505460C460E21F4
:105D100042F22000F0F754F9C0B106460E210C30D3
:105D200002F0DFFC00230360436083608381058011
:105D30002388438063888380A388C380E3880381AA
:105D4000314642F22000F1F76FF870BD6FF0680045
:105D5000FBE710B50446FAF77BFE2046F1F706FA9A
:105D60000446FAF78DFE204610BD10B5F0F7ACFCE6
:105D7000044608B1204610BDF3F7CEF804460028CB
:105D8000F8D1F1F73BFAF5E70020704700207047A3
:105D900010B919B1084670470020704700207047BD
:105DA00028B139B108B50846F1F70CFB08BD6FF012
:105DB000150070476FF015007047A0B110B582B0A4
:105DC000044606216846F7F7ABFE08B102B010BDE5
:105DD0009DF8053003F03F038DF8053069462046F5
:105DE000FFF7DEFFF2E76FF01500704700B101200A
:105DF000704700238B4219D200B502E001338B4279
:105E000011D200EBC30E30F833C040F201129445BA
:105E1000F4D1DEF80420002AF0D0127812F0010F3D
:105E2000ECD0012000E000205DF804FB002070476A
:105E300000207047034610F4004F0BD1072013F4E5
:105E4000803F01D000F0FD0013F4003F01D000F0CE
:105E5000FB0070470620F2E74B09BFF35B8F50F859
:105E60002300BFF35B8F01F01F01084100F0010028
:105E7000704738B500F110040E212046FFF7ECFF03
:105E800080B100250A212046FFF7E6FF08B145F062
:105E900001050D212046FFF7DFFF08B145F004059D
:105EA000284638BD0225EDE72DE9F04182B00746CE
:105EB0000D4616462021F0F783F800B380462021D6
:105EC0000C3002F00EFC04462022002106F0CDFC2E
:105ED000009433462A461F21601CF1F7F5FC044666
:105EE00048B9002241463846F0F7AAF80446204651
:105EF00002B0BDE8F081404602F0ABFBF7E76FF07F
:105F00006804F4E708B542F20800FFF7CDFF08BDCA
:105F100008B542F20900FFF7C7FF08BD2DE9F04FB1
:105F200089B004460D4616461F46DDF848809DF8A8
:105F30004CA09DF850B09DF8549000230493059315
:105F400006930793B9F1000F33D1BAF1000F02D0D5
:105F5000BBF1000F0ED104950596B9F1010F56D093
:105F6000012204A92046FFF7CDFF0346E8B9BBF1A3
:105F7000000F0CD00497CDF81480B9F1020F4CD06B
:105F8000012204A92046FFF7C3FF034668B9103475
:105F9000BFF35B8F54E8003F43F0040344E8003252
:105FA000002AF7D1BFF35B8F0023184609B0BDE884
:105FB000F08FF1F7E7F9019065B10022964207D919
:105FC00015F83230083BDBB2012B0FD90132F5E76F
:105FD000002343BB77B10022904509D917F832302E
:105FE000083BDBB2012B10D90132F5E70123F0E7C2
:105FF0000023DBB90198E6F7A5FA09238DF80830EC
:106000008DF80900019B03939FE70123F1E702ABA1
:106010000693012307930222A3E702AB0693012311
:1060200007930222ADE76FF01503BEE76FF015038B
:10603000BBE708B5436813F4806F07D1026912B15A
:1060400013F0010F04D0F1F799FC08BD0020FCE724
:106050000020FAE701F01F0C012303FA0CF372B1E0
:10606000490900EB8100BFF35B8F50E8002F1A4312
:1060700040E800210029F8D1BFF35B8F7047490940
:1060800000EB8100DB43BFF35B8F50E8002F1A4029
:1060900040E800210029F8D1BFF35B8F704700B5BD
:1060A00001F01F0201239340490900EB8100D9430D
:1060B000BFF35B8F50E8002F02EA010C40E800CEEE
:1060C000BEF1000FF6D1BFF35B8F134214BF012066
:1060D00000205DF804FB436813F0080F0BD013F4A5
:1060E000802F0AD103F4C063B3F5806F01D0022082
:1060F000704701207047002070470120704770B53D
:1061000086B005460C46012142F20A00EFF758FF1F
:10611000D0B106469CB101210C3002F0F3FA009494
:10612000072305F1100203A93046EFF737FF0022DD
:10613000314642F20A00EFF783FF06B070BD00213E
:106140000C3002F0DFFAEAE76FF06800F5E708B517
:10615000FFF7D5FF08BD08B5183005F046FE08BDAD
:106160000B4639B11168196041688A4209D0002391
:10617000136070471368036041688A42F7D1436037
:10618000F5E74360F3E708B50A460368002101E03C
:1061900019461B682BB19342FAD1FFF7E1FF0120AA
:1061A00000E0002008BD07280CD007D80238C0B294
:1061B000042801D80120704700207047082803D127
:1061C00003207047022070470020704770B50446D6
:1061D0000CE083F31188BFF36F8FC0B14568866808
:1061E000F1F748FF002231462046A847EFF311831C
:1061F000402282F31288BFF36F8F206A0028E8D014
:1062000002682262616A8142E3D16262E1E770BDA5
:1062100008B52838FFF7DAFF08BD70B50446084610
:106220004D688E68F1F726FF6FF06D02314620460B
:10623000A84770BD00B501F01F0201239340490932
:1062400000EB8100D943BFF35B8F50E8002F02EAD7
:10625000010C40E800CEBEF1000FF6D1BFF35B8F1A
:10626000134214BF012000205DF804FB4B09BFF36B
:106270005B8F50F82300BFF35B8F01F01F010841D3
:1062800000F00100704770B505460C46032A18D887
:10629000DFE802F0021502150026042104F10C00CB
:1062A00002F040FA2B8843EA06330380238A043B3A
:1062B0004380022323762046F0F7ACFD70BD012613
:1062C000EBE76FF01500F9E710B5044627E0013B56
:1062D000E36182F31188BFF36F8F2046F1F70EFF61
:1062E000F9F7FAFE1BE082F31188BFF36F8F51B309
:1062F000EFF31183402282F31288BFF36F8FCA68D5
:10630000E2610022CA6083F31188BFF36F8F2046D9
:10631000FFF783FF2046F1F7F1FEF9F7DDFEEFF31B
:106320001182402383F31288BFF36F8FE369002B40
:10633000CDD161690029D6D00B686361A069814223
:10634000D1D1A361CFE710BD10B50446006918B1E3
:1063500002F07FF90023236110BD38B50546002205
:10636000002305F1380002F039F9034660B19C6959
:1063700000229A61184602F06CF9002CEFD02146F9
:106380002846FFF74AFFEAE72846FFF7DDFF00222D
:10639000002305F15800FAF76DF838BD38B5BFF3A2
:1063A0005B8FD0F8C430BFF35B8F63B304460D46F8
:1063B000837AB3B1A37A072B28D12046F1F79EFE4A
:1063C000034630B38168A26B02B1B1B104F1380366
:1063D00000220421284606F0DFF901232B73002058
:1063E00038BD06210430FFF725FF0028E2D0204603
:1063F000FFF7B3FF6FF07F00F2E70022022128468B
:1064000006F0CAF9E9E76FF07F00E9E76FF07F0077
:10641000E6E76FF07F00E3E770B504460D461646E9
:10642000F1F734FE324629462046F1F753FF70BD9E
:10643000BFF35B8FD0F8C430BFF35B8FEBB100B517
:1064400006E0BFF35B8FD0F8C430BFF35B8F93B12E
:1064500000F1C402591CBFF35B8F52E800CF9C458A
:1064600004D142E8001EBEF1000FF6D1BFF35B8FEE
:10647000E7D15DF804FB0020FBE70020704770B512
:1064800082B08578C678C430BFF35B8F50E8003F98
:106490005A1E40E800210029F8D1BFF35B8F019319
:1064A000BFF35B8F019CBFF35B8F012C03D0012DE9
:1064B00004D002B070BDF1F77BFDF8E7012EF8D1F2
:1064C000012CF6D1F1F7DEFCF3E7F8B506460D46F0
:1064D0001746002403E06046FFF7D1FF0134AC42C9
:1064E0001BD2C82000FB0460FFF7A2FF84460028EF
:1064F000F4D0837A012B06D05AB2002AEBD0073BA6
:10650000DBB2012BE7D8BCF80030BB4201D16046BA
:10651000F8BD6046FFF7B3FFE0E74FF0000CF6E789
:1065200010B50446F2F7B2FD2046F1F75FFD10BD4D
:106530000120704738B505460C46F1F7C3FE034607
:1065400088B105722268C0F88820A188A279A0F8D5
:106550008C1080F88E20012282701822A0F8A020D2
:106560002822A0F8A220184638BD38B5037A8B42FD
:106570001ED104461546072200F18801284606F080
:106580007CF9B8B1E3784BB1072204F18F012846BA
:1065900006F073F9B0FA80F040090AE0072204F12E
:1065A0009601284606F069F9B0FA80F0400900E04B
:1065B000002038BD0120FCE78830704708B50B4645
:1065C000B0F8BC2009888A4204D1B0F8BEC05A880D
:1065D000944503D05A88FFF724FB08BD6FF077007D
:1065E000FBE770B505460C460E2142F21300EFF7AB
:1065F000E7FCC8B106460E210C3002F072F800220A
:1066000002604260826082812B88038023884380FD
:1066100063888380A388C380E3880381314642F284
:106620001300EFF70DFD70BD6FF06800FBE770B56C
:1066300004460D46B0F89E300A88934207D34A8834
:10664000934204D8B0F8A4208B889A421FD0261D0C
:1066500007213046FFF70AFE70BB2B88A4F8A03054
:106660006B88A4F8A230AB88A4F8A830EB88A4F813
:10667000AA30BFF35B8F56E8003F43F4007346E84F
:106680000032002AF7D1BFF35B8F002070BDB0F855
:10669000A620CB889A42DAD10434BFF35B8F54E84A
:1066A000003F23F4007344E80032002AF7D1BFF31F
:1066B0005B8F6FF07700E9E729462046F2F7E6FAAC
:1066C000E4E738B504460D464FF0FF324FF0FF3394
:1066D0000020F2F78FFBA37A072B05D100238361FB
:1066E00003776B7F437738BD01F0B3FF0020FAE7F3
:1066F0007047704710B50C4643685B699847204661
:1067000001F0A7FF10BD38B504464568036823B102
:106710006B6803B1984700232360E3680BB1204600
:1067200098472B6A0BB12046984738BD10B401F149
:10673000080300248C60446D34B123604365086015
:10674000CA605DF8044B704743650365F7E710B511
:10675000006D38B1083810F1080408D0846834B1ED
:10676000083C04E0044602E0234620461C4640B1B3
:10677000FFF7C9FF002CF7D0A368002BF5D0083B2A
:10678000F3E710BD08B50431F2F75EF808BDF8B5BF
:1067900005460F4614461E46042102F10C0001F086
:1067A000C1FF238A043B03804780069B3246214673
:1067B0002846F1F70FFEF8BD30B583B00C46002334
:1067C00000930A460521FFF7E2FF054610B9284667
:1067D00003B030BD204601F03CFFF8E72DE9F84357
:1067E000804617461C469DF82060B21C0120F2F737
:1067F00087FC88B1054600F10C090221484601F0EA
:1068000070FF078024B132462146484601F06FFFF1
:1068100029464046FFF7D0FFBDE8F883006D10B170
:10682000083800E0184650B1838A8B4207D010F137
:106830000803F7D080680028F5D00838F3E77047E0
:1068400070B506460C46F2F785FB01460822122079
:10685000F2F756FC88B1054608210C3001F041FFE3
:106860002388038063884380A3888380E388C38070
:1068700029463046FFF7A0FF70BD6FF00B00FBE725
:1068800070470B4639B11168196041688A4209D0D6
:106890000023136070471368036041688A42F7D190
:1068A0004360F5E74360F3E708B50A460368002153
:1068B00001E019461B682BB19342FAD1FFF7E1FFC3
:1068C000012000E0002008BD002070470346408DF5
:1068D0005B8B984228BF184670470346006820B17A
:1068E00002681A605968884200D070475A60FCE715
:1068F00020B119B1884206D8012070470AB100239F
:1069000013800020704702B110800020704710F102
:10691000FF0F01D20E2070474042C0B270470120E5
:10692000704710B4D46823782BB90231217001204C
:106930005DF8044B704702318B4205D0038A023B5D
:10694000038200201061F3E70120F1E7D0680378AB
:106950001BB9043101700120704704318B4206D00D
:1069600091680B8A043B0B82002010617047012064
:106970007047012070470620704706207047406826
:10698000704738B50446807AF5F76CF805466169BA
:1069900051B1637A13F0010F04D1436A1B689B68FD
:1069A00020469847002363612146284605F00BF8EE
:1069B00038BD4B09BFF35B8F50F82300BFF35B8FEB
:1069C00001F01F01084100F00100704708B50022E6
:1069D000002301F003FE08BD38B504460D46436AA6
:1069E00043B105F18803626AC5F888206362A26A30
:1069F00022B138BD0C3004F0CEFFF2E7A362F8E715
:106A000008B503680A8AC9681868F4F703FF00200C
:106A100008BD38B505460C4601F10C0001F09AFEA0
:106A200001462D68238AE268286801F0B8FC00203E
:106A300038BD70B50668736A53B1883B13F188049A
:106A400003D0D3F8884004B1883C0022114604E00A
:106A50001C46FAE7254623462C468BB1834207D0D5
:106A60005D8DA94238BF29465B8B9A4238BF1A46D2
:106A7000002CEFD0D4F88850002DECD0883DEAE708
:106A8000438D8B4202D8448B944209D9408B824279
:106A900038BF0246994238BF19463068F4F73AFFCA
:106AA00070BD2DE9F04182B0064614464FF4957250
:106AB0000146206801F061FB207548BB0546276848
:106AC00031463846FFF755FF28B1237A33B1182BEA
:106AD00018D02B4603E0082323751AE00223D6F8CA
:106AE00008800193638A0093238AE268314638461E
:106AF000C047002802DB238A984205D0FFF707FF32
:106B0000207506E00423EAE700232375012500E051
:106B10000025284602B0BDE8F08101F01F020123E4
:106B20009340490900EB8100BFF35B8F50E8002FD1
:106B300042EA030140E8001CBCF1000FF6D1BFF3AC
:106B40005B8F134214BF0120002070472DE9F04FE6
:106B500085B080468946144602921D4641680391DD
:106B6000FFF7B4FE2346002202E0198A0A445B685C
:106B7000002BFAD1904204D80024204605B0BDE88D
:106B8000F08F029801F083FD07464FF0000A86E07F
:106B9000198A0A445B68002BFAD1841A07F10C06A3
:106BA000304601F0E3FD844228D3304601F0DEFD9B
:106BB0000646002E2FD0D9F80440F9683A8A00958D
:106BC000B3B20A4449460398A047041E58DB0E9B03
:106BD0002BB10F9A214638469847002865D0A34626
:106BE000214607F10C0001F07CFDA2442C44A5B223
:106BF0004046FFF76BFE029B00224AE04046FFF74B
:106C000065FE029B002202E0198A0A445B68002BA1
:106C1000FAD1861ACDE7029B987AF4F723FF002277
:106C2000002301F0D5FC074650B10146029C2046E6
:106C300001F03EFD4046FFF749FE3246234604E0A0
:106C400054469AE7198A0A445B68002BFAD1841AE1
:106C500007F10C0B584601F089FD844204D35846D5
:106C600001F084FD0646A6E74046FFF72FFE029B93
:106C700002E01A8A16445B68002BFAD1861B9AE759
:106C8000BAF1000F3FF479AF544676E7198A0A4407
:106C90005B68002BFAD1904207D9B34505D1404635
:106CA000FFF714FE029B002275E7544665E72DE9C5
:106CB000F04182B007461446D2F80080D8F804604C
:106CC0000023137395220146304601F056FA2073D3
:106CD00040BB054639463046FFF721FED8B1404655
:106CE000FFF7F4FDA268138AC31A012B1BDD0221F2
:106CF00002F10C0001F0F5FC06460023019300931D
:106D0000A388A26839464046FFF720FF002805DB2C
:106D10003080012507E00823237304E0FFF7F7FD27
:106D2000207300E00025284602B0BDE8F0812DE97F
:106D3000F04182B007461446D2F80080D8F80460CB
:106D40000023137395220146304601F016FA207392
:106D5000C8B9054639463046FFF7E1FD10B90823AA
:106D6000237311E0002301930093A388A26839469E
:106D70004046FFF7EBFE002801DB012504E0FFF7AA
:106D8000C6FD207300E00025284602B0BDE8F08172
:106D90002DE9F84306460F461446D2F80080936862
:106DA0004BB1A3681D78012D13D0022D2ED00025E4
:106DB0002846BDE8F883506801210C3001F091FCB1
:106DC000A06033681B7813B901230370E9E702233D
:106DD000FBE7336893F80090B9F1000F01D000256C
:106DE000E6E7606804210C3001F07BFCE06007807E
:106DF0003268E36852885A804046FFF767FD63684F
:106E00001B8AC01A0428D3D84D46D1E733681B78B3
:106E1000022B01D00025CBE7606812210C3001F075
:106E200060FCE0600780E3683268D2F80150D2F875
:106E30000500D2F80910D2F80D20C3F80250C3F8AB
:106E40000600C3F80A10C3F80E204046FFF73EFDC7
:106E500063681B8AC01A122801D80025A8E70125FB
:106E6000A6E708B5F2F7C2FD08BDF8B505460C4621
:106E7000FFF72CFDA368002203E0B3F810C06244C2
:106E80005B68002BF9D1904219D3AC63A668A3606C
:106E9000F9F7DEFD31462846FFF7E3FF074630B13C
:106EA000A6600023AB63F9F7EBFD3846F8BD284632
:106EB000FFF70CFD01462046F4F760FDF3E76FF0A5
:106EC0007907F2E708B5FFF7D0FF08BD70B50446B3
:106ED00008460021FFF76DFD28B1261F54F8043C39
:106EE0000BB1626B02B170BD5D68002DFBD02A68EA
:106EF0005A609968A9420FD029463046FFF7E2FF51
:106F00000028F0DA54F8043C5A682A605D609A68F8
:106F1000002AE8D19D60E6E79A60EDE72DE9F843A5
:106F20000746446A8CB3883C14F1880503D0D4F832
:106F3000885005B1883D4FF0000846462AE096B1DA
:106F40002146381DFFF7C9FC0646E0B10146204640
:106F5000FFF7B8FF002829DA7B6833607E60BB68E2
:106F600073B1A0461AE0B8F1000FE9D02046FFF750
:106F7000ABFC81464046FFF7A7FC8145E0D10DE020
:106F8000BE60A0460AE0A04608E02546D3E72B46AF
:106F90002C461D4654B1A36B002BD0D0002DF6D04B
:106FA000D5F88830002BF3D0883BF1E7BDE8F883B3
:106FB00070B504460D4601462846FFF707FD68B147
:106FC000064601462046FFF74CFF044608B9204616
:106FD00070BD3146284604F0F6FCF8E76FF0010476
:106FE000F5E7F8B50446061F50F8045C00F13003DD
:106FF000BFF35B8F53E8001F21F0040143E8001248
:10700000002AF7D1BFF35B8F3DB1636B33B104F15D
:1070100038013046FFF7CCFFC0B9F8BD6F68002FCC
:10702000F5D03B686B60AA68BA420DD0394630464D
:10703000FFF71BFF0028F0DA6B683B606F60AB68FE
:10704000002BE4D1AF60E2E7AB60EFE705F10C01A4
:107050003046FFF7ADFFE0E708B580680430FFF782
:10706000C0FF08BD2DE9F8438146446A54B3883C0B
:1070700014F1880503D0D4F8885005B1883D002666
:1070800037460EE009F10C012046FFF791FF064656
:10709000E0B1CDB1D5F8883003B1883B27462C4606
:1070A0001D469CB116F1020FECD1002FEAD020460C
:1070B000FFF70AFC80463846FFF706FC8045E1D121
:1070C0003C46E6E72546DAE72B46E7E7BDE8F883E6
:1070D00038B504460D46F2F789FC00B938BD29469B
:1070E00004F13C0001F0B1FAF8E730B587B005468D
:1070F000F2F770FC8446EE4604460FCCAEE80F0073
:1071000094E803008EE803000023CCF80030CCF8AC
:107110000430CCF80830CCF80C30CCF81030CCF877
:1071200014302846FFF72DFC9DF804300BB907B04A
:1071300030BD6846F2F7C2FCF9E738B505460C46A3
:1071400001F10C0001F006FB0146238AE268286881
:10715000006801F024F900221E212846F2F7DCFC29
:1071600018B101462846FFF7B3FF002038BD01B92A
:1071700070472DE9F041064615461C460F4604228D
:107180000121F2F7C9FC804658B104210C3001F00E
:10719000A8FA0770A0F80150C47041463046FFF7C6
:1071A00097FFBDE8F08130B585B005460C4601F18A
:1071B0000C0001F0CFFA0346E268218A02910192A5
:1071C000002100910A462846F2F756FD05B030BD71
:1071D00030B585B005460C4601F10C0001F0BAFA55
:1071E0000346E268218A0291019200220092132252
:1071F00012212846F2F740FD05B030BDF0B589B048
:10720000054608460C7C043CE4B2022C01D0102C4C
:1072100042D104210C3001F095FA068847882246B5
:10722000011D01A8FEF778FBC8B30DF1160239461F
:107230003046FFF75DFBF0B100238DF818304FF4B6
:107240002053ADF81A3006A901A8FEF747FB58B144
:1072500000238DF81C3042F60103ADF81E3007A95B
:1072600001A8FEF73BFB78B93B46324601A9284608
:10727000F2F7DCFD11E00123BDF8162010212846AD
:10728000FFF775FF002008E0102332461946284614
:10729000FFF76DFF002000E0042009B0F0BD0E20D4
:1072A000FBE700B583B0CA681388528800920D22AC
:1072B0000C21F2F79DFE03B05DF804FB00B583B02E
:1072C000CB681B88002200920B220A21F2F790FE65
:1072D00003B05DF804FBF0B587B0054608460C7CAA
:1072E000043CE4B2022C01D0102C23D104210C3038
:1072F00001F028FA068847882246011D01A8FEF7FA
:107300000BFBC8B10DF1160239463046FFF7F0FA13
:1073100038B13B46324601A92846F2F7BBFE07B01A
:10732000F0BD0123BDF8162008212846FFF71FFFF6
:107330000020F4E70420F2E70E20F0E72DE9F04307
:1073400087B007460C46062104F10C0001F0FAF95B
:1073500005884688B0F80480D4F80C900DF10E0230
:1073600031462846FFF7C4FAD0B100238DF810301B
:10737000ADF812808DF814304FF42053ADF816306C
:1073800005A904A8FEF7AAFA98B9237C00934B46F6
:10739000324629463846F2F7C3FE07B0BDE8F0830F
:1073A0000123BDF80E2006213846FFF7E0FE00203D
:1073B000F3E70A232A4606213846FFF7D8FE0020C5
:1073C000EBE770B582B00446CB681D885E880DF18E
:1073D000060231462846FFF78BFA30B1324629467D
:1073E0002046F2F7E1FE02B070BD0123BDF8062091
:1073F00004212046FFF7BBFE0020F4E7F8B5044661
:107400000D46FFF761FA70BBEB681E88B3B2162B0E
:107410002BD903212046F2F7D9FC074638B30221C5
:107420000C3001F05EF900256FF008030370457021
:1074300039462046FFF74CFEF723638366852368B1
:107440001B680433BFF35B8F53E8001F41F4805186
:1074500043E80012002AF7D1BFF35B8F2046FFF705
:10746000E8FA2846F8BD0620FCE70420FAE70E20DB
:10747000F8E708B5F3F772FB08BD38B5F1F770FF10
:10748000F0B1406A48B1883810F1880403D0D0F8D0
:10749000884004B1883C002504E00446FBE723460D
:1074A00020461C4668B1FFF711FAA84200D90546EC
:1074B000002CF4D0D4F88830002BF1D0883BEFE7D3
:1074C0000025284638BD08B500230A8AC968F2F7A6
:1074D000D7FE08BD08B500230A8AC968F2F7D0FEB6
:1074E00008BD08B500230A8AC968F2F7C9FE08BDBD
:1074F00008B500230A8AC968F2F7C2FE08BD08B5BC
:1075000000230A8AC968F2F7BBFE08BD08B500234C
:107510000A8AC968F2F7B4FE08BD08B500230A8AD2
:10752000C968F2F7ADFE08BD08B500230A8AC9682C
:10753000F2F7A6FE08BD08B500230A8AC968F2F76B
:107540009FFE08BD08B500230A8AC968F2F798FEB5
:1075500008BD08B500230A8AC968F2F791FE08BD84
:1075600070B50446CE6833889AB2162A0CD90D46F7
:10757000F72242834385FFF75CFA00232A8A3146CB
:107580002046F2F77DFE70BD042300221146F2F77B
:1075900077FEF8E708B500230A8AC968F2F770FE9B
:1075A00008BD10B50446014651F8880B2430FFF79A
:1075B0007BF902E0184601F04CF80022002304F1A8
:1075C0003C0001F00BF803460028F3D1A36B33B164
:1075D0006FF06703002211462046F2F751FE0023A8
:1075E00044F8343BBFF35B8F54E8003F23F00103C2
:1075F00044E80032002AF7D1BFF35B8F10BD38B5E5
:10760000044650F8045C25B10438FFF7CAFF6B6AE2
:1076100003B138BD2846F2F785FE2068F4F796F9E5
:10762000F7E738B50C46F1F79BFE48B10546214611
:107630000C3001F00AF82846FFF714FD002038BD91
:10764000204601F006F86FF07F00F8E738B50546F0
:107650000C46F9F7FDF92846F1F782FE68B10346BA
:107660000022226082686AB1146084601846FFF7C5
:1076700055FCF9F705FA002038BDF9F701FA6FF06B
:107680007F00F9E784604460F0E758B370B50D46B9
:1076900039B3F1F765FE064618B3406A40B1883841
:1076A00010F1880409D0D0F8884034B1883C04E057
:1076B000044602E0234620461C4658B12946F2F70C
:1076C000D3FE70B9002CF5D0D4F88830002BF2D05E
:1076D000883BF0E72946301DFFF7E6F82846F2F729
:1076E000BFFD70BD704710B50C46F1F739FE01467D
:1076F00000B3436A13B1883B00E0883B6BB1986BE1
:10770000C268A24216D013F1880204D0D3F88830A0
:10771000002BF2D1F2E71346F0E7486850B1C36896
:10772000A34207D0034600680028F7D0002BF5D10C
:107730001846F3E710BD0120704708B5F1F710FEB9
:10774000B8B1436A03B1883B9BB103F13402BFF384
:107750005B8F52E8000F20F0080042E8000100298A
:10776000F7D1BFF35B8FD3F88830002BECD0883B88
:10777000EAE708BD08B50421FFF750F820B103215E
:107780003030FFF716F908BD0020FCE770B50E4653
:1077900015461C46F2F71EF9C66005610123C38039
:1077A000047570BD0B4639B11168196041688A4291
:1077B00009D00023136070471368036041688A4250
:1077C000F7D14360F5E74360F3E708B50A4603687D
:1077D000002101E019461B682BB19342FAD1FFF753
:1077E000E1FF012000E0002008BD0023B3EB510FB2
:1077F00010D200B510F803C0CA1A013A10F802E01E
:1078000000F803E000F802C00133B3EB510FF1D3ED
:107810005DF804FB7047B0F800C0624512D300B5B4
:10782000B1F800E0734508D9624500D202800A88A9
:10783000934204D90B80012002E0002000E00120E7
:107840005DF804FB624500D202800A88934202D9A7
:107850000B80012070470120704710B5002301E024
:1078600001339BB2022B19D84FEAD30CB2EBD30FE2
:1078700012D900EB0C04247A03F0070E24FA0EF45C
:1078800014F0010FECD011F80C4024FA0EF414F0AF
:10789000010FE5D1002016E0002300E00023934211
:1078A00010D26BB9C41894F808C011F803E00EF0B8
:1078B000070E4CEA0E0C84F808C001339BB2EEE7C9
:1078C000012000E0012010BD10600020704708B5C5
:1078D0000A4600210B463BB15389994203D051819E
:1078E000D36803B1984708BD03EB830C02EB4C0C43
:1078F000BCF808C08C4500D961460133EBE7FF288E
:1079000001D8C0B270470E20704770B5049CA668BD
:107910003EB105460846FFF7F2FF024621462846DB
:10792000B047A37D013BDBB2A375E26812B10BB98E
:107930002046904770BD106091800020704780689D
:10794000B0FA80F040097047F8B50C4673B10546AF
:1079500011461E4603F1180204F10800FFF722FF4A
:10796000376800231A4631462846B8472046FFF7B5
:10797000E6FF00B9F8BD2046F2F7A0FDFAE70120C6
:10798000704770B50446049D2E680846FFF7B7FFA0
:1079900001462A462046B04770BD70B582B0044605
:1079A000069D084679B973B1009313462A46002113
:1079B00020462E68B0472E68002100910B462A46CB
:1079C0002046B04708E02E68FFF799FF01460023E4
:1079D00000932A462046B04702B070BDF0B589B08A
:1079E00006683578002D60D1074614467388B3F5D4
:1079F000245F19D013D903F55643FF339BB2042BF0
:107A000059D8ADF80A1002220DF10A012046FDF7FF
:107A100084F8002839D16FF01503A36546E0A3F57B
:107A200020539BB2032B44D8ADF80A1002220DF16B
:107A30000A012046FDF771F818B96FF01503A36528
:107A400034E07388ADF80A3002220DF10A012046B5
:107A5000FDF763F878B17E6800200090132303AA35
:107A60003946B047021E0ADB03A92046FDF755F848
:107A700038B101251AE06FF01503A36516E0A26581
:107A800014E06FF01503A36510E07388ADF80A30B9
:107A900002220DF10A012046FDF73FF808B1012549
:107AA00004E06FF01503A36500E00125284609B046
:107AB000F0BD0125FAE70125F8E74B09BFF35B8F1D
:107AC00050F82300BFF35B8F01F01F01084100F065
:107AD0000100704701F01F0201239340490900EBA8
:107AE0008100BFF35B8F50E8002F42EA030140E8BA
:107AF000001CBCF1000FF6D1BFF35B8F134214BF23
:107B00000120002070474B7803B97047D0F88830C7
:107B1000C1F80130B0F88C2090F88E30A1F8052023
:107B2000CB71F2E700B501F01F0201239340490930
:107B300000EB8100D943BFF35B8F50E8002F02EACE
:107B4000010C40E800CEBEF1000FF6D1BFF35B8F11
:107B5000134214BF012000205DF804FB08B539B1C1
:107B600000210C30FFF7B6FF80F00100C0B208BD65
:107B700000210C30FFF7D6FFF9E708B5FFF7EEFF5D
:107B800008BD2DE9F8430746F2F716FD002842D05C
:107B900080468468002C3AD0183C14F1180502D0B5
:107BA000A56905B1183D4FF000090DE000232382BF
:107BB00023464A4641463846FFF7C6FE4DB3AB69F9
:107BC00003B1183B2C461D462CB304F11406BFF339
:107BD0005B8F56E8003F23F0080346E80032002A96
:107BE000F7D1BFF35B8F07F18801387AFEF7CEF843
:107BF0000028DBD000213046FFF75FFF0028D5D1F9
:107C000041463846FFF77FFF04F11809D6E72546BD
:107C1000C9E72B46D6E7BDE8F8830023036043603D
:107C20008360704708B5F2F77BFC08B1FFF7F5FFFA
:107C3000002008BD08B5022A03D0F2F745FE022055
:107C400008BD00231A4600F18801007AF2F7FEFC15
:107C5000F5E700238360704738B504461546FFF703
:107C60006AFD48B93DB904F18801207AF2F758FC61
:107C700008B1FFF7EEFF38BD2046F2F72BFC0028D5
:107C8000F0D0027A12F0010FECD00121FFF775FF5E
:107C9000E8E7994222D838B505460C4691421FD3F1
:107CA000049B23B101681846FDF718FED0B9059B67
:107CB0002BB1EB68059A934201D0012011E0069B9D
:107CC0001B88013B069A1380089A21462846079B89
:107CD0009847069B1B8823B9002002E000207047CC
:107CE000012038BD0120FCE738B505460C464FF4AD
:107CF00070200021F2F78CFA034608B14560C46099
:107D0000184638BD2DE9F04383B0064608461546AF
:107D10001C469DF828800B9F009743462246294623
:107D2000FFF7E2FF68B381463A4641463046F2F734
:107D300011F88046B8B19DF8303000221146FFF7A7
:107D400025FDC9F808802A4639464046A047044622
:107D500078B949463046FFF779FC044668B92046B1
:107D600003B0BDE8F0834846F2F77AFA6FF00B04EF
:107D7000F5E74846F2F774FAF1E74846F2F770FA89
:107D8000EDE76FF00B04EAE708B502210C3000F0D4
:107D9000A8FC034600206FF008021A70587008BD56
:107DA00010B5144602210C3000F09BFC238903809F
:107DB000002010BD10B5144604210C3000F091FCD9
:107DC0002389038063894380002010BDF0B587B00C
:107DD00006460C9D084609B9144653B92C68FFF7AE
:107DE0008EFD0146002300932A463046A04707B087
:107DF000F0BD1A46214603A800F069FC0AE0009491
:107E0000831C2A46002130462F68B847214603A824
:107E100000F098FCBDF81030012B0AD9022103A80C
:107E200000F090FC0388BDF81040A342E7D81C4640
:107E3000E5E72C68002100910B462A463046A04712
:107E4000D5E770B506461546002408E0AB6833F860
:107E5000141006F10C0000F05CFC0134E4B26B6815
:107E60009C42F3D3002070BD70B506461546002431
:107E700008E0AB6833F8141006F10C0000F049FC80
:107E80000134E4B26B689C42F3D3002070BD38B576
:107E9000144600F10C050221284600F022FCE3897B
:107EA0000380218A284600F034FC1434BFF35B8F32
:107EB00054E8003F43F0040344E80032002AF7D1BD
:107EC000BFF35B8F002038BD38B5144600F10C05B8
:107ED0000421284600F005FC238903806389438040
:107EE000E1680B782BB94988284600F012FC002085
:107EF00038BD10220131284600F0F9FBF7E770B5D4
:107F00000446F2F7E7FA50B1054604F18806314617
:107F1000207AFDF73BFF18B92846F2F705FE70BD41
:107F2000D4F88830C5F80130B288B379A5F80520B7
:107F3000EB71F4E710B5BDF80810BDF81040A14290
:107F40000CD81046641AA342A8BF23469CB222460E
:107F5000039B194404F061FC204610BD6FF0060439
:107F6000FAE710B586B00C24ADF810402424ADF823
:107F700012400024ADF814404FF44864ADF81640A8
:107F80000824029404AC0194BDF820400094FFF74B
:107F9000D1FF06B010BDF0B587B004460D461646B9
:107FA0001F46FDF7F1FEADF81600022302930DF116
:107FB00016030193BDF8303000933B463246294604
:107FC0002046FFF7B7FF07B0F0BD2DE9F04184B0C0
:107FD00004460D4616461F46EFF7D4F98046E4F7EF
:107FE000B1FA80B20290CDF80480BDF82830009339
:107FF0003B46324629462046FFF79CFF04B0BDE8C9
:10800000F081F0B587B004460D4616461F460023A2
:108010008DF81430F2F75EFA10B1037A8DF814304F
:108020000123029305AB0193BDF8303000933B462A
:10803000324629462046FFF77DFF07B0F0BD70B5F8
:1080400086B0BDF82850CC68267846B10134102699
:10805000029601940095FFF76DFF06B070BD64882D
:10806000ADF81640022402940DF116040194009517
:10807000FFF760FFF1E7F0B587B005460C461646FE
:108080001F46C968F2F770FA90B10389ADF816304F
:10809000022302930DF116030193BDF830300093D3
:1080A0003B46324621462846FFF744FF07B0F0BD65
:1080B0000023ADF81630EBE7B8B110B582B0044636
:1080C00000238DF8043042F60303ADF8063001A911
:1080D0000068FDF703FC50B9E368988840B9204672
:1080E000F2F76AFD013080B202E000207047002004
:1080F00002B010BD2DE9F0418AB005460C46164687
:108100001F46D1F80C8098F806308DF814300846D8
:10811000FFF7D2FFADF81500D8F800100B7893B92F
:108120004B88ADF817300523029305AB0193BDF8DA
:10813000403000933B46324621462846FFF7FAFE80
:108140000AB0BDE8F081D1F801C0D1F80500D1F83E
:108150000920D1F80D30CDF817C0CDF81B00CDF8AF
:108160001F20CDF823301323DEE708B5F2F73CFEDD
:1081700008BD08B5FFF781F908BD12F0010F05D061
:108180004B8A13F0950F11D04B688BB112F0020F90
:1081900005D04B8A13F4957F0CD08B6863B14B8A62
:1081A000134013F4DE7F09D100207047022070478E
:1081B0000220704703207047032070470520704756
:1081C000837A072B01D000207047F0B589B00546AF
:1081D0000C461646086800238DF8043042F6030367
:1081E000ADF8063001A9FDF779FB50B9E3689B793A
:1081F00013F0300F01D109B0F0BD2046F2F71CFE9C
:108200000446206800238DF8083042F60213ADF8CA
:108210000A3002A9FDF762FB002836D1206800234E
:108220008DF80C3042F60213ADF80E3003A9FDF7BD
:1082300055FB78B3206800238DF8103042F6030315
:10824000ADF8123004A9FDF749FB18B320680023EC
:108250008DF814304FF42053ADF8163005A9FDF712
:108260003DFBB8B1206800238DF8183042F60103B9
:10827000ADF81A3006A9FDF731FB58B12046F2F7E8
:10828000DBFD04460028C9D1B5E72046F2F7D4FD4E
:108290000446C3E7206800238DF81C3042F6021321
:1082A000ADF81E3007A9FDF719FB20B9E7680024D7
:1082B0001CB100209FE700209DE704EB840307EB3F
:1082C0004302013217F813102846FEF74EF930B179
:1082D00004EB840307EB43031B8933428BD1013446
:1082E000E6E7F0B583B00546089E0846B9B91C46D6
:1082F000ABB17368F3B100941346324600212846AF
:108300003768B847A0B1338A013B9C4218DA346819
:10831000002100910B4632462846A04708E0346809
:10832000FFF7EDFA01460023009332462846A047A6
:1083300003B0F0BD234631462846F3F765F9F7E769
:1083400073891C44748131462846F3F72FF90028BD
:10835000EEDA34680023009332460E212846A04707
:10836000E6E770B582B004460D46F8F771FB294682
:108370002046FFF7B8F978B1014646682046FFF776
:1083800084F9F8F77DFB2EB1009500231A460E21E3
:108390002046B04702B070BDF8F772FBFAE72DE94E
:1083A000F04780460F4691469A46F2F705F950B3DA
:1083B000846824B3183C14F1180509D0A5693DB1AF
:1083C000183D05E0EDB1AE6906B1183E2C463546C4
:1083D000CCB1A3899F42F5D121464046FFF7CFFAA1
:1083E0000028EFD0266853464A4621464046B0470B
:1083F0000028E7D121464046F3F7B4F9E2E72546E5
:10840000E6E72E46E2E7BDE8F0872DE9F0410746B2
:108410000C46F2F75FF8002842D00646037A13F0C4
:10842000010F03D101252846BDE8F08100F10C08B9
:1084300000214046FFF741FB05460028F3D10CB967
:108440002546F0E701214046FFF76CFB0546F8B9E9
:108450003846FFF770F905460028E4D03846FFF7A4
:1084600089F905460028DED0BFF35B8F58E8003F4E
:1084700023F0020348E80032002AF7D1BFF35B8FF4
:108480003846FFF75AF901213046FFF776FBCAE775
:108490003846FFF752F901213046FFF76EFBC2E77D
:1084A0000125C0E7F0B583B007684FF0FF324FF009
:1084B000FF3300210846FEF765F9044600F10C067B
:1084C0000121304600F00DF90525057001213046E7
:1084D00000F007F905700023009322460621384674
:1084E000FEF755F910B9002003B0F0BD204600F0AA
:1084F000B0F8F8E76FF0850070470020704708B5C6
:10850000F5F7ACFE08BD2038704738B50446037F48
:108510001B3323F00303028B521A856A03FB0255B7
:10852000F3F794FAA872237FEB72284638BD7047A0
:108530002DE9F04104460D4617461E46807AF3F7B2
:1085400091FA436A1B68D3F800803A4633462946BD
:108550002046C047BDE8F08138B50446807AF3F77D
:1085600081FA0546616951B1637A13F0010F04D1B4
:10857000436A1B689B682046984700236361214635
:10858000284603F020FA38BD10B50446807AF3F788
:1085900069FA037F1B3323F00303826AA41AB4FB36
:1085A000F3F010BD70B504460D46807AF3F75AFA21
:1085B000436A5A689E682E6015682046FFF7E4FFFC
:1085C00000FB065070BD002303824369C3607047FF
:1085D00008B5416A8968F3F74DFA08BD08B5F7F7A1
:1085E00041FD08BDEFF31182402383F31288BFF3EE
:1085F0006F8F00230B60436833B11960416082F3D1
:108600001188BFF36F8F704741600160F7E7034641
:10861000EFF31182402181F31288BFF36F8F00685E
:1086200070B110B4016819605C68A04206D082F392
:108630001188BFF36F8F5DF8044B70475960F6E700
:1086400082F31188BFF36F8F704708B503F0AFF95D
:1086500008BD38B5044603E02046FFF77DFF2C46F1
:1086600084B16568237A013BDBB2237253B9E360BE
:108670006360A07AF3F7F6F9036A002BECD020468A
:108680009847ECE738BD027A013202727047034620
:1086900018465B68002BFBD1704770B504460D4649
:1086A00046681EB10846FFF7F2FF4660656070BD80
:1086B00038B50D4638B10446FFF7E9FF2946FFF704
:1086C000ECFF204638BD0846FFF7DDFFFAE7816082
:1086D000016092B2C2808280704783680B4403605D
:1086E00070470268838819448180D018704738B574
:1086F0000D4614461146FFF7F4FF2246294604F0C2
:108700008CF838BD10B50C460121FFF7EAFF047064
:1087100010BD10B50C460221FFF7E3FF0470240AD8
:10872000447010BD03460068401A18609A880A44D5
:108730009A80704703468288521A828000680844F3
:1087400018607047034600689A88521A9A8001445C
:108750001960704710B503681C880221FFF7EAFF13
:10876000204610BD02688068101A704738B504466C
:10877000C588FFF7F7FF2D1AA088281A38BD93780F
:108780001B0203F4E06392F803C04FEA0C3C0CF4C4
:10879000805C43EA0C0392F804C04FEA0C4C0CF4E2
:1087A000E02C43EA0C0392F800C00CF0030C43EAFF
:1087B0000C0392F801C04FEA0C1C0CF0300C43EA99
:1087C0000C0392F805C04FEA0C5C0CF4801C43EAE1
:1087D0000C039279120602F08072134300EB011031
:1087E000C0F8183570474800704740B344F228027B
:1087F000904234D844F20302904233D3A0F5804330
:10880000033B252B31D8DFE803F01330163030302E
:10881000301A303030301E3030303022303030308E
:108820003030303030303030303030303030302652
:1088300000200870704701230B700020704702234E
:108840000B700020704703230B7000207047042337
:108850000B700020704705230B70002070476FF0ED
:10886000150070476FF0150070476FF015007047E6
:1088700008B5BFF35B8F50E8003F5A1C40E8002169
:108880000029F8D1BFF35B8F1BB16FF00F030367B3
:1088900008BDF3F781F9FBE708B50838FFF7E8FFF3
:1088A00008BD08B540304FF0FF324FF0FF33F7F707
:1088B0003BFC08BD10B5044658304FF0FF324FF076
:1088C000FF33F7F731FC00B12067206F10BD38B5DA
:1088D00084460D4600F1740E0C460FCCAEE80F0036
:1088E0002368CEF800300023CCF870302B6853B1E9
:1088F0000CF188040FCB84E80F00CCF874400023FF
:10890000ACF8983018B96046F3F746F938BD002343
:10891000BFF35B8F5CE8002F4CE800310029F9D1F0
:10892000BFF35B8F6046F3F74DFAEFE708B5836C52
:1089300003B108BD4030F7F7CFFBFAE710B50446A6
:10894000436F0BB30846D4F88C3043B1B4F8982089
:1089500004F17401984701280DD002280ED0B4F814
:108960009830B4F89420934213D20133A4F898308D
:1089700000210B4604E00121002301E00021012336
:1089800053B1D4F8883013BB04F15800F7F7A4FBB7
:1089900010BD00210123F3E72046F3F70FF9D4F8C7
:1089A00088301BB92046F3F7F7F8F1E7BFF35B8F88
:1089B00054E8003F5A1E44E800210029F8D1BFF3D3
:1089C0005B8F012BE4DD2046F3F7E6F8E0E704F1E6
:1089D000080003F059FDD7E7034619B101290CD06F
:1089E00000207047D3F81804C0F300407AB1D3F8E0
:1089F000183403F0030313607047D3F80C04C0F37A
:108A0000004022B1D3F80C3403F001031370704717
:108A1000006901EB41018900383108447047406822
:108A200001EB410100EB810070470069C1EBC1011E
:108A300000EB8100704708B5C9B2FFF7E9FF806815
:108A400000F0070008BDEFF31182402383F3128882
:108A5000BFF36F8F036813F0C00301D08B4207D1BF
:108A600001230360002082F31188BFF36F8F7047EA
:108A70004FF0FF30F7E7EFF31182402383F31288C2
:108A8000BFF36F8F036803F0C00C03F00703012BE3
:108A900008D08C4509D04FF0FF3082F31188BFF326
:108AA0006F8F704701600020F7E76FF07700F4E701
:108AB000EFF31182402383F31288BFF36F8F0368B3
:108AC00003F0C00343F00203036082F31188BFF395
:108AD0006F8F7047F8B506460C46FFF799FF05689B
:108AE0004768002340F8083BFFF7E2FF1DB13A4614
:108AF00021463046A847F8BD70B506461546CCB2AB
:108B00002146FFF785FF29460830FFF79CFF002824
:108B100006DB21463046FFF782FF43689847002076
:108B200070BD08B58022FFF7E7FF08BD2DE9F041D1
:108B3000064690461F46CDB22946FFF769FF044618
:108B400006990830FFF797FF002809DBC4F800807A
:108B5000676029463046FFF762FF036898470020A8
:108B6000BDE8F08110B582B080240094FFF7DEFFED
:108B700002B010BD10B51446C9B2FFF756FF002170
:108B8000A04710BD08B50120F5F7FEF908BD08B5EE
:108B9000012000F07EFF08BD08B5002000F079FF3D
:108BA00008BD08B520EAE070C117C90341EA504189
:108BB000C00340F2E733C0184FF47A724FF000035D
:108BC00041F10001D3F79CFFF8F714F808BD08B590
:108BD0001046F7F781FA08BD08B5F3F70FFB002040
:108BE000F5F7D2F908BD4278837890F803C09A1A55
:108BF0003CEA020207D0C2185171013303EA0C03A8
:108C00008370002070476FF0680070470023037086
:108C1000437083700139C170027170470020704742
:108C200038B50C461546EEF7A1FB20B12946204683
:108C3000EDF780FD38BD6FF00A00FBE74B68034499
:108C40004B600B6803440B608B681B1A8B6070478A
:108C500038B504460D4601F0D6FD002C06DBA042D7
:108C600006D9001B854205D9002000E0002038BD50
:108C70000020FCE70120FAE770B5044601F0C7FDCB
:108C80000646237B0BB9002504E000F023FFFAE73A
:108C9000A3688BB16068F5F765FFA3689B1BA360B1
:108CA0006368334463600135237B002BF0D0284692
:108CB000F5F776FA0028EBD0A068003818BF01203D
:108CC00070BD00B585B00023009301930293039318
:108CD000019002916846FFF7CFFF05B05DF804FBF5
:108CE00038B50446037BCBB90125A368032B18D9FB
:108CF00023681968606801F07AFD21460420FFF7B7
:108D00009DFF0135237B002BEFD02846F5F748FA6D
:108D10000028EAD0F3F720FC012005E000F0DAFE9D
:108D2000E2E7F3F719FC002038BD00B585B00091EB
:108D30000190029200238DF80C306846FFF7D0FFB7
:108D400005B05DF804FB70B582B00D4616461C46B2
:108D5000826800232360A36013696A4601A99847CB
:108D600014E02068281AB0FBF2F01B68984228BF74
:108D70001846236800FB02332360A3680344A36002
:108D8000019B1A68824211D808330193009B5A1E36
:108D900000923BB1019B5A686260002DE1D1A0684E
:108DA000301AE2E76FF0150002B070BD0020FBE75B
:108DB00008B513460022FFF7C6FF08BD2DE9F047AE
:108DC00086B08946904683681B6901AA05A9984721
:108DD00000242646A246019B534514D9059F07EB64
:108DE000CA077B680393002503E0039B1C440136FC
:108DF00001353B68AB4209D902940496414602A86A
:108E0000C8470028F1D106B0BDE8F0870AF1010A91
:108E1000E1E70B4639B11168196041688A4209D00F
:108E20000023136070471368036041688A42F7D1DA
:108E30004360F5E74360F3E708B50A46036800219D
:108E400001E019461B682BB19342FAD1FFF7E1FF0D
:108E5000012000E0002008BDF0B51C46059E069DDF
:108E600000F01F0C40092FD14FF0A04E0CF5E0731D
:108E70005EF8233059B301205AB30227384354B364
:108E80000C2738434EB34FF4E06738433DB34FF4FB
:108E90004037384323EA000019B30B781AB312782D
:108EA000520013430CB3227892001343FEB1327880
:108EB00012021343EDB12A781204134303430CF555
:108EC000E07C4EF82C30F0BD4FF0000ECEE70020D5
:108ED000D2E70027D2E70027D3E70027D5E700270E
:108EE000D7E70023DAE70022DBE70022DDE70022F4
:108EF000DFE70022E1E770B504460D461646036839
:108F000033B1FFF799FF70B91EB96FF0150006E095
:108F100032B123682B602560636843B1002070BDC7
:108F20006FF01500FBE7002EF3D10020F7E7656036
:108F30000020F4E770B50E461546016821B10C68B3
:108F40003CB131B90C4604E00C4602E02346214610
:108F50001C4671B18A682A4002D04B683046984757
:108F6000002CF3D02368002BF1D0002CEFD1234646
:108F7000EDE770BD0069003818BF0120704710F0A0
:108F8000100F04D110F0200F03D1002070470320F0
:108F900070470120704743685B68D3F810350B6059
:108FA0000020704743685B6802EA010021EA020181
:108FB000C3F80805C3F80C150020704743685B68C8
:108FC000C3F808150020704743685B68C3F80C15A8
:108FD0000020704743685A68D2F8043521EA03003C
:108FE0000B40C2F80805C2F80C3500207047B0F5F8
:108FF000800F07D0B1F1C06F0DD0B1F1007F08D064
:1090000001207047B1F1007F01D005207047042096
:109010007047022070470320704708B5006904308C
:10902000FFF769FF08BD10B500F01F044009F3F712
:10903000B7FB30B1014600690122A2400430FFF7BE
:1090400079FF10BD10B582B0044601AA00F01CF8EB
:10905000002805DB019B226819791868F3F7C8FE20
:1090600002B010BD10B50446002201210320FBF719
:109070003AFE63680021D869FFF7E4FF002802DBAD
:109080002046F3F7A3FD10BD10B44368136001E060
:1090900008331360136890F808C0446804EBCC0CE4
:1090A000634505D293F805C08C45F1D1002001E05D
:1090B0006FF001005DF8044B704700B5A2F5807EAB
:1090C0004FEA9E0E4FF0010C0CFA0EFC1CEA010F49
:1090D0000DD0815809B900200AE000218150825842
:1090E0001BB11A684CEA02021A60012000E000205D
:1090F0005DF804FB70B582B006460D46002401946D
:1091000009E0A20001AB02F5A07229463046FFF744
:10911000D4FF0134E4B2032CF3D915F0010F02D0CF
:10912000D6F8003143B915F0020F02D0D6F8043159
:1091300063B9019802B070BD0023C6F80031D6F8BB
:109140000031019B43F001030193ECE70023C6F8D3
:109150000431D6F80431019B43F002030193E8E7A0
:10916000401A20F07F40704700F150039B009BB2F3
:1091700003F1804303F588331868003818BF0120D5
:10918000704700F150039B009BB203F1804303F54D
:10919000883300221A601B68704720F07F407047B8
:1091A000EFF3108072B6704780F310887047F0B507
:1091B00085B0044617461D46F3F7E0FE06469DF8C7
:1091C000303002930B9B01930A9B00933A462B4647
:1091D0002046F3F7A1FF054631462046F3F724FF6A
:1091E000284605B0F0BD08B5F3F776FF08BD037853
:1091F0003E2B03D0FF2B08D0002070478378022B32
:1092000001D000207047012070478378802B01D067
:10921000002070470120704738B505464FF0FF32F7
:109220004FF0FF330520ECF723F804466A88043238
:1092300029460C30FFF75BFA2046FCF78AFD38BD63
:1092400038B5038A83B10446037E4BB1022B0ED19D
:10925000F4F7D6F9054665B92046FFF7FAF908E0B4
:10926000F4F7ECF90546F6E76FF0150501E06FF04D
:109270001505284638BD10B500F0ACFB4FF0FF30A7
:109280004FF0FF31F4F7A2F8044608B1204610BDB4
:10929000D4F75CF9044610B9F4F7A2F8F6E7F4F74E
:1092A0009FF8F3E708B5D4F775F960B9D4F786F9F4
:1092B00060B9D4F797F960B9D4F7A2F960B9D4F7D7
:1092C000ADF960B908BD6FF08500FBE76FF0850070
:1092D000F8E76FF08500F5E76FF08500F2E76FF0D3
:1092E0008500EFE708B5F4F7FDFA08BD0F2303701A
:1092F0000423437082700123C370818070474FF054
:109300000E0C80F800C0427001228270A0F8031099
:10931000437170478F230370C0230371704701208E
:109320007047002303604360037943F02003037117
:10933000DBB243F0400303717047002303800378DE
:1093400043F001030370DBB243F002030370DBB2AE
:1093500043F020030370437843F001034370DBB212
:1093600043F002034370DBB243F0040343707047E1
:1093700000230360037843F001030370DBB243F082
:1093800002030370DBB243F004030370DBB243F06B
:1093900008030370DBB243F010030370DBB243F049
:1093A00020030370837843F002038370DBB243F041
:1093B00008038370704708B5427810F8033B43EA0E
:1093C00002231BB240F20642934205D040F21D42F6
:1093D000934204D0012008BDDFF737FEFBE7DFF73B
:1093E00036FEF8E708B50346033093F801C01B7852
:1093F00043EA0C231BB240F6634C63452CD001F1C9
:10940000060116DC40F6034C634522D040F62D4C95
:10941000634505D1137803331370DFF7CDFC07E004
:1094200040F60142934202D1DFF7C1FC00E0012087
:1094300008BD40F67B4C634511D040F67C4C63453B
:1094400005D1137802331370DFF7BFFCF0E701207A
:10945000EEE7D4F7D5F9EBE7DFF7B0FCE8E71378F0
:1094600004331370DFF7AFFCE2E708B503460330BF
:10947000063193F801C01B7843EA0C234FF60B4CDE
:1094800063451CD94FF61D5C634500F28280B3F53D
:109490007D4F26D3A3F57D431D2B76D8DFE803F05F
:1094A0004C54575A5D60757575637575667575753D
:1094B0007575757569756F75757575757572B3F5B3
:1094C0007C4F01D8012008BDA3F57C43013B0A2B4A
:1094D0005DD8DFE803F0080F5C5C5C275C5C17205C
:1094E0002A000120EFE713780C3313700846DFF7EA
:1094F0006EFCE8E71378403313700846FFF71DFF52
:109500000020E0E71378581C1070173313700846DA
:10951000DFF77AFCD7E71378203313700846DFF7BC
:10952000C5FCD0E7DFF76EFCCDE71378013313708D
:109530000846DFF70CFDC6E7137840331370084682
:10954000FFF716FF0020BEE7DFF717FDBBE7DFF7E9
:1095500016FDB8E7DFF715FDB5E7DFF714FDB2E755
:10956000DFF717FDAFE7DFF716FDACE7DFF717FD15
:10957000A9E7137804331370DFF713FDA3E7DFF7D0
:109580001FFDA0E7DFF71EFD9DE701209BE70120FF
:1095900099E7012097E710B504463022002103F037
:1095A00064F9237843F020032370A37843F0800309
:1095B000A370637943F040036371DBB243F080032F
:1095C0006371A37A43F00403A372A37B43F00803FF
:1095D000A373DBB243F02003A373E37B43F00203E6
:1095E000E373A37D43F00403A375637E43F001039B
:1095F0006376DBB243F002036376DBB243F004032D
:109600006376DBB243F010036376DBB243F02003F2
:109610006376DBB243F040036376DBB243F0800352
:109620006376A37E43F00103A376DBB243F002032B
:10963000A37694F82D3043F0400384F82D30A37EB8
:1096400043F04003A376DBB243F08003A376E37ECE
:1096500043F00103E376DBB243F00203E376DBB2CF
:1096600043F01003E376DBB243F02003E376DBB292
:1096700043F04003E376DBB243F08003E376237FDD
:1096800043F002032377DBB243F004032377DBB21A
:1096900043F008032377DBB243F010032377DBB2F8
:1096A00043F020032377DBB243F04003237794F8A1
:1096B000203043F0100384F82030DBB243F0200365
:1096C00084F8203094F8213043F0400384F82130AE
:1096D000DBB243F0800384F8213094F8223043F069
:1096E000010384F8223094F8233043F0080384F80F
:1096F0002330DBB243F0100384F82330DBB243F0B5
:10970000200384F82330DBB243F0400384F8233095
:10971000DBB243F0800384F8233094F8243043F024
:10972000010384F8243094F8263043F0800384F851
:10973000263094F8223043F0020384F82230DBB262
:1097400043F0040384F8223094F8293043F00403F2
:1097500084F8293010BD08B50346881D93F801C070
:109760001B7843EA0C231BB2A3F58053013B082B63
:1097700020D8DFE803F0050B121F1F1F1F1F190061
:10978000137808331370DFF71FFC14E013784033AD
:109790001370FFF700FF00200DE0137808331370FB
:1097A000FFF7BFFD002006E0137806331370DFF7E4
:1097B0000DFC00E0012008BD002303604360037836
:1097C00043F001030370DBB243F004030370DBB228
:1097D00043F008030370DBB243F010030370DBB205
:1097E00043F020030370437843F001034370DBB27E
:1097F00043F040034370704708B503460330063119
:1098000093F801C01B7843EA0C231BB2A3F5005365
:10981000013B7B2B00F2D880DFE803F03E4148D6C5
:109820005053565D6063D6D6D6D669707376D6D659
:10983000797F8288D68F959BD6D6D6D6D6A3A9B067
:10984000B3B6D6D6D6D6D6D6D6D6BCC3C9CCD6D63F
:10985000D6D6D6D6D6D6D6D6D6D6D6D6D6D6D6D6A8
:10986000D6D6D6D6D6D6CFD6D6D6D6D6D6D6D6D69F
:10987000D6D6D6D6D6D6D6D6D6B9D6D6D6D6D6D6A5
:10988000D6D6D6D6D6D6D6D6D6D6D6D6D6D6D6D678
:10989000D6D6D6D6D6D6D666DFF79AFB95E013781D
:1098A000033313700846DFF798FB8EE01378083314
:1098B00013700846FFF780FF002086E0DFF78FFB7C
:1098C00083E0DFF78EFB80E01378013313700846E6
:1098D000DFF789FB79E0DFF788FB76E0DFF787FBCE
:1098E00073E0DFF786FB70E0DFF7ADFB6DE0137828
:1098F000013313700846DFF77EFB66E0DFF77DFB80
:1099000063E0DFF77CFB60E0DFF77BFB5DE0137873
:1099100007331370DFF777FB57E0DFF776FB54E090
:10992000137810331370DFF772FB4EE013780833AF
:1099300013700846DFF76DFB47E0137802331370AE
:10994000DFF769FB41E0137802331370DFF767FB41
:109950003BE01378083313700846FFF7DBFC002068
:1099600033E0137802331370DFF75DFB2DE01378DB
:10997000043313700846DFF758FB26E0DFF757FB88
:1099800023E0F4F7E7F920E000F025F81DE000F00F
:1099900027F81AE01378083313700846DFF749FBFD
:1099A00013E0137804331370DFF745FB0DE0DFF7A6
:1099B00044FB0AE0DFF743FB07E013780233137040
:1099C0000846DFF73EFB00E0012008BD08B5F4F7CC
:1099D00081F908BD704708B50021F4F7D3F908BD37
:1099E00090F84010012903D808B5F4F7CBF908BD69
:1099F0001220704701207047684620F007018D460D
:109A000001B5DBF7EDFEE9F7B3F8BDE801408546A7
:109A10007047684620F007018D4601B5DBF79AFED6
:109A2000BDE8014085467047684620F007018D4635
:109A300001B5DBF7D5F8E9F79BF8BDE801408546AD
:109A4000704710B5F4F7D6F9044608B1204610BDAA
:109A5000012200210820FBF746F9012200210B20FA
:109A6000FBF741F9012200211046FBF73CF9EDE735
:109A700008B54FF0FF304FF0FF31F3F7A7FCE2F7E6
:109A8000DFFCF3F7ADFC08BD08B5E2F7C7F900202D
:109A900008BD012800D0704708B5DBF753F908BDB1
:109AA000704708B5DBF7A0F908BDEFF30580033870
:109AB00003288CBF00200120704708B5DEF782FA2A
:109AC00008B9002008BDFFF7F0FF08B90120F9E749
:109AD0000020F7E770470020704710B504693B2964
:109AE00001D00C2904D1DEF7A3FB2060002010BDBB
:109AF0006FF08500FBE7012800D170470220FCE7EA
:109B0000002070478068183820F007001038704730
:109B100004280AD0052803D1481E18BF0120704729
:109B2000884214BF0020012070470120704789B18E
:109B300038B514460D460AB9002038BDFAF700FEC4
:109B40000023A34204D2EA5C824205D10133F8E744
:109B50000120F2E7002070470020EEE738B5054607
:109B60000C46114601232246FAF793FD00280FDB2D
:109B7000012221462846FFF7DAFF18B1032323709C
:109B8000002006E02078FFF7B6FF2070002000E0FC
:109B9000012038BD08B58268183A22F00702083A59
:109BA000FFF7DCFF08BD2DE9F04383B006460F4602
:109BB00090461D46FAF7BBFD2C18013CC0F1000C85
:109BC00004EA0C04082C04D94FF0FF3003B0BDE8C0
:109BD000F0833046FAF7B4FD81462A46414668468E
:109BE00002F01BFE621B49460DEB050002F03DFE34
:109BF00023466A4639463046FAF766FD0028E5D026
:109C00000120E3E700B583B08DF80420012301AA09
:109C1000FFF7C9FF03B05DF804FB08B58168183988
:109C2000012221F00701FFF7EDFF08BD08B58268AA
:109C3000183A22F00702FFF791FF08BD30B587B050
:109C400004460D468168102302AA1039FAF721FD57
:109C5000002839DB102202A92046FFF768FF48B32D
:109C600003232B702046FFF74DFF014601230DF122
:109C700007022046FAF70DFD002828DB9DF8073083
:109C800003F00F026A701B092B7101220DF107010D
:109C90002046FFF74CFF10B96B78042B03D9012342
:109CA0006B7000232B71A91C2046FFF773FF30B1A6
:109CB00001200AE002A8F4F7A5FA2870D2E7E91C0F
:109CC0002046FFF7B3FF00E0012007B030BD0120C0
:109CD000FBE710B582B00C4601A9C0B2E8F7A8FBBB
:109CE00018B10124204602B010BD21460198FFF7AB
:109CF000A5FF04460198FAF7CBFCF3E710B582B054
:109D00000E2A11D804460E2910D841EA02118DF806
:109D10000710FFF7F7FE014601230DF10702204669
:109D2000FFF741FF02B010BDFBF735F9FBF733F940
:109D3000F0B583B0044617460E4601B10F4669469A
:109D40002046FFF77BFF98B99DF80050022D28D0E0
:109D5000032D0CD0012D01D0FBF71DF946B19DF864
:109D60000330032B04D12046FFF757FF00E00EB16C
:109D700003B0F0BD2046F4F751FA0028F8D167B9D6
:109D80000028F5D107B902252046FFF7B9FEC2B277
:109D900029462046FFF7B2FFEAE72046FFF73DFFDE
:109DA000EEE70EB10420E3E7A26800212046FAF7AF
:109DB000A6FC0320DCE74FF08053D3F83031B3F139
:109DC000FF3F03D0062B06D0002070474FF07043B2
:109DD00093F8E03FF6E7012070474FF0704393F8A7
:109DE000E02FD3F8E83FC3F30313062A01D0002085
:109DF0007047033B002B04D8DFE803F0010001208B
:109E00007047002070474FF08053D3F83031B3F1E2
:109E1000FF3F03D0062B06D0002070474FF0704361
:109E200093F8E03FF6E7012070474FF0704393F856
:109E3000E02FD3F8E83FC3F30313062A01D0002034
:109E40007047033B002B04D8DFE803F0010001203A
:109E50007047002070474FF08053D3F83031B3F192
:109E6000FF3F03D0062B06D0002070474FF0704311
:109E700093F8E03FF6E7012070474FF0704393F806
:109E8000E02FD3F8E83FC3F30313062A01D00020E4
:109E90007047033B002B04D8DFE803F001000120EA
:109EA0007047002070474FF0704393F8E02FD3F8CD
:109EB000E83FC3F30313062A01D000207047033B99
:109EC000002B04D8DFE803F00100012070470020D8
:109ED00070474FF08053D3F83031B3F1FF3F07D0D4
:109EE0004FF08052D2F83421062B0AD00020704760
:109EF0004FF0704292F8E03FD2F8E82FC2F303121D
:109F0000F2E7033A012A04D8DFE802F00101002059
:109F10007047012070474FF08053D3F83031B3F1D0
:109F2000FF3F03D0062B06D0002070474FF0704350
:109F300093F8E03FF6E7012070474FF08053D3F8E5
:109F40003031B3F1FF3F03D0062B06D0002070471D
:109F50004FF0704393F8E03FF6E7012070474FF071
:109F60008053D3F83021D3F83431062A01D00020B1
:109F70007047052B03D8032B03D300207047012023
:109F80007047012070474FF08053D3F83021D3F849
:109F90003431062A01D000207047062B03D8032B4A
:109FA00003D300207047012070470120704708B597
:109FB000FFF7E9FF38B14FF01023D3F808224FF034
:109FC0008043C3F8582508BD08B5804708BD08B5CB
:109FD00001F03DFB08BD10B401F5A27150F821401D
:109FE00024F4473424F4407440F8214050F82140D0
:109FF000120202F4F8521B0403F440331A431443D0
:10A0000040F821405DF8044B704710B401F5A2718F
:10A0100050F8214024F4981424F4F85440F82140D6
:10A0200050F82140120202F4F8521B0403F44033AA
:10A030001A439DF804301B0503F480131A4314439C
:10A0400040F821405DF8044B704700B5A2F5807ED2
:10A050004FEA9E0E4FF0010C0CFA0EFC1CEA010FA9
:10A060000DD0815809B900200AE0002181508258A2
:10A070001BB11A684CEA02021A60012000E00020BD
:10A080005DF804FBF0B583B005460E461746002484
:10A09000019409E0E2B2920001AB02F58072314610
:10A0A0002846FFF7D2FF0134BC42F3D301AB4FF493
:10A0B000BE7231462846FFF7C8FF019803B0F0BDD5
:10A0C000F0B51C46059E069D00F01F0C40092FD1DF
:10A0D0004FF0A04E0CF5E0735EF8233059B3012029
:10A0E0005AB30227384354B30C2738434EB34FF4C6
:10A0F000E06738433DB34FF44037384323EA00006C
:10A1000019B30B781AB31278520013430CB32278A8
:10A1100092001343FEB1327812021343EDB12A7854
:10A120001204134303430CF5E07C4EF82C30F0BDD1
:10A130004FF0000ECEE70020D2E70027D2E700273D
:10A14000D3E70027D5E70027D7E70023DAE7002287
:10A15000DBE70022DDE70022DFE70022E1E700B5D0
:10A1600085B08DF80F100DF10F03019300210091C0
:10A170000B460A46FFF7A4FF05B05DF804FBC0B22A
:10A18000704738B50D460079F4F7E8FA04462846DA
:10A19000FFF7F5FF083034F8100000F0010038BD7B
:10A1A00038B50D460079F4F7D9FA04462846FFF78A
:10A1B000E6FF083034F81000C0F3401038BD38B561
:10A1C0000D460079F4F7CAFA04462846FFF7D7FF90
:10A1D000083034F8100010F01C0018BF012038BD02
:10A1E00038B50D460079F4F7B9FA04462846FFF76A
:10A1F000C6FF083034F81000C0F3400038BD38B551
:10A2000004460D46FFF7ECFF30B129462046FFF724
:10A21000C7FF18B1012000E0002038BD0020FCE796
:10A2200008B5FFF7DDFF80F00100C0B208BD704740
:10A23000704738B50D460079F4F790FA0446284681
:10A24000FFF79DFF083034F81000400B38BD03289D
:10A2500094BF00200120704770B506460D460024CB
:10A2600004E04FF0FF33AB4211D001341F2C0CD867
:10A270003079F4F773FA04F1080330F8133013F46B
:10A28000807FEED0C3F34323EDE7002000E0012000
:10A2900070BD38B504460D46FFF782FFB8B12946B8
:10A2A0002046FFF7BDFF90B129462046FFF7C1FFCA
:10A2B000226801238340C2F80833226800F5A270A7
:10A2C00052F8203023F0030342F8203003E000214D
:10A2D0002846FFF744FF38BDF8B506460F46154639
:10A2E0000024002C03DD4FF0FF342046F8BD307908
:10A2F000F4F734FA50F83430BB4201D00134F0E7BF
:10A3000000EBC4035B68AB42F8D1EEE738B50C460E
:10A310000079F4F723FA05462046FFF730FF0830AE
:10A3200035F81030C3F38203042B11D0052B11D064
:10A3300004F01F02640909D14FF0A043D3F810358F
:10A34000D34013F0010F07D0032002E00023F5E70C
:10A35000032038BD0220FCE70220FAE710B50446CE
:10A360000846FFF70CFF083034F8103013F4807FF4
:10A3700004D0C3F3432304EBC30010BD0020FCE76B
:10A3800070B504460E4615460079F4F7E7F9866085
:10A390002079F4F7E3F9C56070BD08B50079F4F7EA
:10A3A000DDF990F86000003818BF012008BD70B5D5
:10A3B00004460D4616460368D3F80423002A03DB3F
:10A3C0004FF00042C3F8042329462046FFF7E8FE79
:10A3D00000B329462046FFF723FFD8B1294620467F
:10A3E000FFF727FF2268830003F580739BB20021EB
:10A3F00099509B58226800F5A27152F8213043F021
:10A40000010342F821306EB1226801238340C2F873
:10A41000043307E029462046FFF778FF0146284627
:10A42000FFF79DFE70BDF8B504460D461646FFF7D2
:10A4300095FF20B10768426831462846B847A368AF
:10A440001BB1E268314628469847F8BDF8B5074683
:10A450000E4614461D461046FFF7F9FE60B9022D60
:10A4600028D002213046FFF77AFE032C26D0022D99
:10A4700022D0032D28D0F8BD224631463846FFF7BA
:10A48000D2FF06F01F03720912D14FF0A04203F56C
:10A49000E07352F82330C3F301439D42EBD1002116
:10A4A0003046FFF75CFE29463046FFF758FEE2E7EC
:10A4B0000022ECE70321D5E7012CDAD12246314610
:10A4C0003846FFF7B0FFD6E7022CD4D1F6E70023D9
:10A4D000D3B10020704711F0010F0ED01AE04FF0F9
:10A4E000A04CDCF820454EF8044BCCF82045013256
:10A4F0005C1CA242F3D3425922B90133002BEAD0AB
:10A50000002030BD0120FCE711F0010F01D1013323
:10A51000DEE730B59D001A4600EB830EE8E710B584
:10A520000C460079F4F71AF921465430F4F7BAF8DA
:10A5300010BD70B505460846FFF721FE0446287990
:10A54000F4F70CF904F1080330F8133013F4807FAA
:10A550000BD0C3F34326083423F4F85320F8143007
:10A5600031462846FFF778FE00B170BD2879F4F730
:10A57000F5F8002340F836302879F4F7EFF8314643
:10A580005830F4F7B3F8F0E770B504460D46FFF71E
:10A5900007FE48B1266829462046FFF74AFE00F527
:10A5A000A270002346F8203029462046FFF7C1FF5D
:10A5B0002079F4F7D3F804462846FFF7E0FD083089
:10A5C000002324F8103070BD10B50C460079F4F764
:10A5D000C5F821465430F4F789F810BD70B504462B
:10A5E0000D461E4604984FF0000C01E00CF1010CE2
:10A5F00084450ED25FFA8CF2920002F580719208C7
:10A60000012303FA02F21542F0D00023635063588D
:10A61000ECE7002D04DA0023C4F87C31D4F87C3157
:10A6200044F30730FAF755FB0EB1C4F8045370BD7C
:10A630002DE9F04182B080460F4600230193C96D99
:10A6400001A8FFF744FF002676B13A6D4FF00041B4
:10A650004046FFF717FDF96D01A8FFF738FF002806
:10A66000F1D102B0BDE8F08197F85C3013F0010F32
:10A6700010D10136E8E7002405F5E07354F82330E3
:10A68000C3F3014329463846FFF7E0FE0123AB4000
:10A69000C4F8203502AB03EB860353F8044C002CBE
:10A6A000E7D094FAA4F4B4FA84F404F01F05284621
:10A6B000FFF765FD083037F81020C2F3820201ABC6
:10A6C00003EB86034FEAD40C04F0070413F80C10D4
:10A6D0000120A04021EA000103F80C106B09CAD147
:10A6E0004FF0A044C8E7F8B506460F46144618E0F8
:10A6F00094FAA4F3B3FA83F301229A4024EA020401
:10A7000003F5A27356F82350C5F3042556F8230029
:10A71000C0F30140FFF78BFD024629463846FFF79C
:10A7200082FE002CE4D1F8BD70B505460E46D0F887
:10A730000413C9B2326D41F00041FFF7A3FC041EBF
:10A7400005DB224631462846FFF7CDFF70BD314676
:10A750002846FFF76DFF24F00044F2E708B5F4F750
:10A76000DDF808BD08B5F3F7FDFF08BD08B5FFF734
:10A7700007FE08BD08B5F4F771F808BD08B5F4F791
:10A780009DF908BD08B5FFF708FE08BD08B5F4F748
:10A790007BF908BD08B5FFF717FF08BD08B5FFF73F
:10A7A000BEFE08BD08B5FFF702FE08BD08B5FFF7FD
:10A7B00070FD08BD4FF08053186970474FF080530B
:10A7C0005869704710B5FFF7F5FF0446FFF7F6FF2D
:10A7D00004FB00F010BD10B50446FFF7EBFFB4FB1F
:10A7E000F0F300FB1340B0FA80F0400910BD38B51B
:10A7F00004460D46F4F79AF929462046F4F7A6F9DF
:10A80000F4F78CF938BD08B5FFF7DCFF08BD08B5D3
:10A81000FFF7D0FF08BD08B5FFF7D0FF08BD4A6BB2
:10A820008B6A9A4207D00023C0F800350522C0F891
:10A830000025184670470120704703464A6B886A16
:10A84000824205D2496A8A5CC3F81C250120704700
:10A8500091F82C0030B90A6A12F0400F06D101209D
:10A86000586170470122DA61002070470122DA61E5
:10A8700081F82D20704784464B6B8A6A934229D217
:10A880004A6AD0F81805D0544B6B01334B638A6A7F
:10A89000501E834207D093420DD0934211D0012025
:10A8A000CCF820007047086A10F0400FF3D1022363
:10A8B000CCF80032F3E7086A10F0400FEDD1012028
:10A8C00070470B6A13F0400FE9D0022381F82D3056
:10A8D000002070470120704770B504460D46D0F83F
:10A8E0000431CBB10023C0F80431D0F80431012683
:10A8F00095F82F3093B10023C4F82431D4F82421E3
:10A90000C4F81C31D4F81C21C4F80831D4F808313B
:10A91000002E4CD1012070BD0026E9E7D4F8243187
:10A920004BB10023C4F82431D4F8243101236361EE
:10A9300085F82F30ECE7D4F81C31DBB10023C4F8E4
:10A940001C31D4F81C316B6B01336B63D4F82431A8
:10A950004BB10023C4F82431D4F8243101236361BE
:10A9600085F82F30D4E729462046FFF766FF0028F8
:10A97000CED1D0E7D4F80831002BC9D00023C4F8D9
:10A980000831D4F80831D4F824314BB10023C4F88D
:10A990002431D4F824310123636185F82F30B7E7DF
:10A9A00029462046FFF767FF0028B1D1B3E700230F
:10A9B00085F82D3095F82F300BB10020ABE72946F4
:10A9C0002046FFF72CFF80F0010085F82F00F4E708
:10A9D00070B586B005460C46FFF77EFF00285ED1B5
:10A9E00094F82F6026B9227B931EDBB2012B17D976
:10A9F0000DF1040C04F10C0EBEE80F00ACE80F00E2
:10AA0000DEF80030CCF80030C6B3D5F8C434C5F851
:10AA1000C43413F0020F1FD001238DF8003030E052
:10AA2000616AA3699942E3D1E36963626369A362DE
:10AA3000236AC3F3401384F82C30002384F82D30AC
:10AA4000032A04D021462846F4F720F927E02146BE
:10AA50002846F4F7BDF822E013F0040F03D00223D8
:10AA60008DF800300DE013F0010F03D003238DF8B3
:10AA7000003006E004238DF8003002E000238DF85A
:10AA80000030002384F83030236A13F0040F02D022
:10AA900094F82F301BB1236861686846984706B068
:10AAA00070BD0369C268934204D881688A1A13444E
:10AAB000581E7047981A013870472DE9F84304462C
:10AAC00088461646C5688768A7EB0509914507D9EA
:10AAD0004068284401F0A1FE3544E560BDE8F883F4
:10AAE00040684A46284401F098FEED1B35442A464A
:10AAF00008EB0901606801F090FEE560EEE72DE9E2
:10AB0000F843064688461746C5684FF0000918E026
:10AB10005B1B5A1EB3685C1B944228BF1446BC42A0
:10AB200028BF3C46706822464146284401F075FE25
:10AB3000A144A0443F1B2544B368AB4209D0F56053
:10AB40004FB133699D42E3D3B2685B1B1A44013AAB
:10AB5000E0E70025F3E74846BDE8F88338B5054649
:10AB60000C460846E1F7EEFC024621462846F4F77B
:10AB700055FB38BD08B5F4F781FA08BD08B5FFF7F5
:10AB8000F9FF002008BD70B5036A9A685C689442BA
:10AB900004D30BB10122DA60002070BD00220274E0
:10ABA0005A6801325A60026A5368013B126803EB2B
:10ABB000C30C034602EB8C0200F120061D685C68A2
:10ABC000D3F808E0D3F80CC015605460C2F808E070
:10ABD000C2F80CC010331032B342EFD11B681360BF
:10ABE00081600120D9E7F0B58BB004460D461646CA
:10ABF0000DF1040C8646BEE80F00ACE80F00BEE87D
:10AC00000F00ACE80F00DEF80030CCF80030226A0C
:10AC10005168002942D0013915F0010F24D015F0F8
:10AC2000040F07D1136801EBC10003EB80031B7C09
:10AC3000002B39D1136801EBC10103EB81032046DE
:10AC400003F12007D3F800E0D3F804C09968DA686C
:10AC5000C0F800E0C0F804C08160C260103310305A
:10AC6000BB42EFD11B68036015F0020F03D0226ACC
:10AC70005368013B5360039BB3421AD815F0040F8D
:10AC800001D0019B236015F0080F18D0143406ABD7
:10AC900093E8070084E80700012003E00AB10223DB
:10ACA000D36000200BB0F0BD0AB10F23D3600020A9
:10ACB000F8E7236A0BB10422DA600020F2E70120F2
:10ACC000F0E710B402601A44C260019B8360002365
:10ACD0000374037583610362012915D901EBC10374
:10ACE0009B00243BC21802620022C250036A8C1EE1
:10ACF0009C60036A5A60036ADA60036A1A74022964
:10AD000002D9036A243018605DF8044B7047182894
:10AD100071F1000312D3B0F5807F71F100030FD3FE
:10AD2000B0F5803F71F100030CD34FF0FF33834245
:10AD30004FF000038B4107D3052070470120704777
:10AD40000220704703207047092070470246002008
:10AD500000E00130884202D2135C002BF9D1704729
:10AD600017280BD9A0F11803DBB2032B01D90F2050
:10AD700070471838012303FA00F07047002070472D
:10AD80000268C3689A4201D201207047036A0BB17E
:10AD90000822DA600020704738B504460D46FFF7F8
:10ADA000EFFF48B123681B78B5EB531F04D0236A2B
:10ADB0000BB10A22DA60002038BD43680360836863
:10ADC00001338360036A03B1D9607047002308E050
:10ADD000A2EB030C0CF1FF3C11F80CC000F803C00F
:10ADE00001339342F4D3704710B50446FFF7C8FF10
:10ADF00040B123681A78FF2A05D0236A0BB10A22D2
:10AE0000DA60002010BD01332360FBE72DE9F84F25
:10AE1000044688461746FFF7B3FF054600B3A3680C
:10AE2000CBB1D4F800A09AF8006006F01F063046B7
:10AE3000FFF796FF81461B2E15D8B84219D800F1AE
:10AE4000010BDA44E3689A4519D9236A0BB1082249
:10AE5000DA60002504E0236A0BB10322DA600025E2
:10AE60002846BDE8F88F236A0BB10722DA60002577
:10AE7000F6E7236A0BB10522DA600025F0E73A46CF
:10AE80000021404601F0F1FCB9F1000F09D188F82A
:10AE90000060236863605B442360A368013BA36098
:10AEA000DEE721684A4601314046FFF78FFFF0E7B1
:10AEB00038B505460C461146FFF76EFF00B938BDA0
:10AEC0000422A1182846FFF7A1FF0028F7D02B681D
:10AED0002360F4E738B504460D46FFF7E9FF28B1D3
:10AEE0006A68E36821685B1A9A4200D838BD082175
:10AEF0002046FFF762FF0020F8E738B504460D460C
:10AF0000FFF7E8FF18B123686A681344236038BD6F
:10AF100030B583B00446FFF73FFF0346C0B1226857
:10AF2000127802F01F021F2A1BD16FF00F0201924C
:10AF3000A26882B12168481C20606160013AA26069
:10AF40001D4601992046FFF71EFE0346A0B1257558
:10AF5000184603B030BD236A0BB10322DA60002328
:10AF6000F6E704220DEB02012046FFF74FFF0346F0
:10AF70000028EDD00025E4E762682260A268013273
:10AF8000A260E5E710B50446037D3BB1FFF72CFF57
:10AF900048B1002323754FF0FF3200E00022072163
:10AFA0002046FFF720FE10BD70B504460D4616463C
:10AFB0000021FFF7F1FE00B970BD32462946204658
:10AFC000FFF724FFF8E708B50422FFF7EDFF08BDFF
:10AFD00008B50422FFF7E8FF08BD08B50222FFF715
:10AFE0008CFF08BD08B50322FFF787FF08BD38B501
:10AFF00004460521FFF78CFF40B1257D35B9A368D4
:10B000006FF00042934202D25B00A36038BD05217D
:10B010002046FFF7D2FE2846F8E7037D1BB9836878
:10B0200053B1002070470368C268934206D21B7870
:10B03000FF2B05D00020704701207047002070478B
:10B040000120704708B5FFF79DFF08BD38B50446DD
:10B050000D460721FFF7A0FE50B123681B7803F0CF
:10B060001F03182B05D9236A0BB10A22DA600020CE
:10B0700038BD012229462046FFF7C8FEF8E730B563
:10B0800083B005460C460DF10701FFF7DFFF58B10D
:10B090009DF80730143BDBB28DF80730012B05D843
:10B0A000003B18BF0123237003B030BD0A2128469E
:10B0B000FFF783FE0020F7E738B504460D4606216A
:10B0C000FFF76AFE00B938BD042229462046FFF783
:10B0D0009DFE0028F7D0A3680133A360F3E72DE9B4
:10B0E000F0438DB00546FFF74BFE064618B93046D3
:10B0F0000DB0BDE8F0832B681B785C0903F01F0CD2
:10B1000000220023CDE90A23AE460DF1040805F123
:10B1100020094746DEF80000DEF80410DEF80820BB
:10B12000DEF80C300FC70EF1100EB846CE45F0D148
:10B13000DEF800003860062C13D1694601A8FFF73D
:10B14000BBFF60B1019B049A934204D21B785C0957
:10B1500003F01F0CEFE72B6A0BB10822DA60002620
:10B16000C5E7BCF11F0F1AD000231F46FBB1042C0A
:10B1700033D025D8023CE4B2012C0AD8019A049BB2
:10B180009B1AD9170A9883420B9B99413ED30244DC
:10B190000192019B2B60AB68013BAB60A7E7231FCB
:10B1A000DBB2012B01D90023DFE70123DDE7082211
:10B1B0000AA901A8FFF72AFE0028D8D1064696E77B
:10B1C000052CE6D10A9B0B9AB3F1004F72F10001F6
:10B1D00022D2DB1852410A930B923FB1019B0133FB
:10B1E00001936FF00F020023CDE90A230A9B03931A
:10B1F0008DF8187001A8FFF710FF98B9002101A879
:10B20000FFF76DFF0028F5D1064670E72B6A0BB1FA
:10B210000822DA6000266AE72B6A0BB10522DA60A1
:10B22000002664E7002FB4D001A8FFF7DDFD002859
:10B23000AFD106465BE710B584B0089C0294079C2A
:10B240000194069C0094FFF73CFD04B010BD023849
:10B25000062805D8DFE800F01206080A0C0E1000D8
:10B26000002070470220704702207047032070477B
:10B270000320704703207047032070470120704768
:10B2800038B108B5FFF7E3FF00F11801C9B208466D
:10B2900008BD0846704710B40368C468A3420AD2C8
:10B2A0005C1C046002F01F0242EA41111970012087
:10B2B0005DF8044B7047036A0BB10822DA60002086
:10B2C000F6E7F8B5054616461C460368621C1344AB
:10B2D000C268934205D9036A0BB10822DA600020E4
:10B2E000F8BD0F4631782046FFF7CAFF02463946BF
:10B2F0002846FFF7D0FF0028F2D02B685A1E2A609C
:10B300002B6005E0013C2B685A1C2A60325D1A70E4
:10B31000002CF7D1AB680133AB60E1E708B511460B
:10B320001F22FFF7B8FF08BD08B51F220721FFF74E
:10B33000B2FF08BD70B505460E46144619461046C4
:10B34000E1F70AF9431E224631462846FFF7B9FFC6
:10B3500070BD70B505460C4616460B6853B1042106
:10B360006018E1F7F9F8636818442B681844EB6833
:10B37000984206D80423E21831462846FFF7DAFF40
:10B3800070BD2B6A0BB10822DA600020F8E770B5B7
:10B3900004460D460168C368994209D268685B1A81
:10B3A00098420CD9236A0BB10822DA60002604E027
:10B3B000036A0BB10822DA600026304670BD2946C8
:10B3C0002046FFF7C6FF06460028F6D02068296809
:10B3D000884202D06A6801F02EFA23686A68134432
:10B3E0002360EAE7082A0ED810B582B00C4613464F
:10B3F0008A1812F9012C002A1BDB00212246FFF7D4
:10B4000099FF02B010BD036A0BB10522DA6000207B
:10B41000704714F80CE06FEA0E0E0CF108026A4453
:10B4200002F808EC0CF1010C9C45F2D36C460121AA
:10B43000E4E74FF0000CF7E708B513460A46002191
:10B44000FFF778FF08BD00B583B0019104220DEB32
:10B450000201FFF7C7FF03B05DF804FB00B583B03E
:10B46000019104220DEB0201FFF7E6FF03B05DF846
:10B4700004FB00B583B0019104220DEB0201FFF73C
:10B48000DBFF03B05DF804FB08B50222FFF77FFF86
:10B4900008BD08B50322FFF77AFF08BD00B583B0E9
:10B4A000009101926946FFF7F4FF03B05DF804FBD9
:10B4B00038B505460C4611462046FFF747FC0246C4
:10B4C00021462846FFF7EAFF38BD08B50422FFF7FA
:10B4D00025FF08BD08B50522FFF720FF08BD08B508
:10B4E0000422FFF721FF08BD08B50522FFF71CFF66
:10B4F00008BD00B583B08DF8071001230DF10702D8
:10B500000721FFF717FF03B05DF804FB08B519B179
:10B510001521FFF7EEFF08BD1421FAE710B584B03E
:10B52000002402940194069C0094FFF7CAFB04B027
:10B5300010BD10B586B00092019300238DF808303D
:10B54000089B0393099B049307238DF814308368A9
:10B550009C680B4602226946A04706B010BD00B5A4
:10B5600085B08DF80F100193009201230DF10F02A9
:10B5700081880068FFF7DDFF05B05DF804FB10B5BA
:10B5800088B08DF807200DF1070202920122039284
:10B5900000228DF8102005930A9B069302228DF855
:10B5A0001C2083689C680B4602A9A04708B010BD08
:10B5B00000B585B08DF80F100123019300920DF1B5
:10B5C0000F0281880068FFF7B4FF05B05DF804FB47
:10B5D00010B586B00092019300238DF80830089BC7
:10B5E0000393099B049307238DF8143083689C68A8
:10B5F0000B4602226946A04706B010BD00B585B0D3
:10B600008DF80F100193009201230DF10F02818834
:10B610000068FFF7DDFF05B05DF804FB10B588B0EA
:10B620008DF807200DF107020292012203920022F9
:10B630008DF8102005930A9B069302228DF81C209A
:10B6400083689C680B4602A9A04708B010BD00B9EA
:10B65000704708B5E8F7B8F908BD60B1C3685A7813
:10B6600012F0010F03D01B781BB10020704700209F
:10B6700070470120704700207047EFF3118340238B
:10B6800083F31288BFF36F8FFEE710B54468036839
:10B690008BB12046984730B100280ADBFF2800DD37
:10B6A000FF20E3681870E268537843F00103537099
:10B6B00010BD4042F2E70020F5E708B501F0D5F8EB
:10B6C00008BD08B501F0A9F808BD10B500F10C04DB
:10B6D000C4600461F8F742F810BD2DE9F04F89B05D
:10B6E00006468A469146129D139C2A46234606A882
:10B6F00000F053FEDDE90623CDE9022306F1140B29
:10B70000EFF31181402383F31288BFF36F8F4FF063
:10B7100000084746CDF814B08B4615E0DDE902235A
:10B7200006A800F070FE069D079C0095019406F1A6
:10B730000C0259460598F5F7C9F8EFF3118B402331
:10B7400083F31288BFF36F8F77B94A46514630466C
:10B75000F7F779FF074638B9254305D0B8F1000F50
:10B76000DCD14FF00108D9E78BF31188BFF36F8F5D
:10B77000384609B0BDE8F08F70B5044600F11406F4
:10B78000EFF31185402383F31288BFF36F8FF7F730
:10B790000AFF04F10C0000F037FD20B985F3118891
:10B7A000BFF36F8F70BD29463046F5F707F9F9E70B
:10B7B000426983681A4312F003020DD10021C1606F
:10B7C00005E0C1681960C36041690B440132016939
:10B7D0009142F6D8002070476FF015007047F8B519
:10B7E00004460D46EFF31186402383F31288BFF31E
:10B7F0006F8FC36853B1E3682B60E560A369013BB9
:10B80000A36186F31188BFF36F8FF8BD00F10807BD
:10B8100000F0A0FC0028EED00022C0F8B020456166
:10B8200000F0EDFB31463846F5F7C8F8EDE708B50E
:10B83000EFF31183402383F31288BFF36F8FF9F77F
:10B8400078FAF5E700BF7047884200DA014611F147
:10B850007F0F01DB084670476FF07E00704708B528
:10B86000806890F90E308B4201D1002008BDF5F7B9
:10B8700049F8FBE70B6803F003030B60426832B141
:10B88000136803F003030B4313604160704741608A
:10B890000160704708B591B18C460B6823F0030135
:10B8A000032B18D9136803F003030B431360DCF870
:10B8B000003003F003031343CCF8003008BD0168E7
:10B8C000136803F003030B43136002604368002B0B
:10B8D000F4D14260F2E71146FFF7CCFFEEE708B57E
:10B8E0000022C0F8B020416100F089FB08BD2DE9BD
:10B8F000F84304460E4615461F469DF8203000F1D9
:10B900000808EFF31189402282F31288BFF36F8F8A
:10B9100003B14668404600F01DFC98B9DFB900232A
:10B920002B602A4631462046FFF7B4FF042104F17C
:10B93000100000F04AFF49464046F5F73FF8002066
:10B94000BDE8F8832946FFF7CAFF49464046F5F7A8
:10B9500035F80020F4E708210020F5F7C9FC20B1F4
:10B960004560012202600546DBE789F31188BFF3D9
:10B970006F8F6FF00B00E3E760B1036813F0030F04
:10B9800008D010B5446809B9204610BD00F03CFF4E
:10B990002046FAE7704700230360436000F1080384
:10B9A0008360C36000F1100303614361704700B519
:10B9B00083B00A460123009300231946FFF797FF3F
:10B9C00003B05DF804FB00B583B00A460021009186
:10B9D0000B46FFF78CFF03B05DF804FB08B50021B0
:10B9E0000068FFF7C9FF08BD5AB18A420CD38160D5
:10B9F000C2600060406000F11003036143610020F9
:10BA000070476FF0150070476FF0150070470B46D8
:10BA100021B1096851B111601A6070470368136061
:10BA200002604368002BF8D1426070470023136026
:10BA3000436813B11A604260704742600260704709
:10BA40000B4639B11168196041688A4209D0002358
:10BA5000136070471368036041688A42F7D14360FE
:10BA6000F5E74360F3E708B50A460368002101E003
:10BA700019461B682BB19342FAD1FFF7E1FF012071
:10BA800000E0002008BD704708B5CB6823F0040231
:10BA9000CA6013F0040F00D108BDF830FFF7E3FFD0
:10BAA000FAE710B50446C36813F0020F09D0E36843
:10BAB00013F01F0004D043F00202E26040F00200E5
:10BAC00010BD01468068FFF7DFFFF0E738B108B529
:10BAD0000022114600F5807000F0D0FB08BD002068
:10BAE000704770B50D46C36813F0020F22D10446AB
:10BAF00013F0040F23D10B68ABB1E36813F0010F0F
:10BB000014D0A3682B60022621462868F4F774FB42
:10BB1000002811DBE36843F00403E3602B68A360B3
:10BB200036B130460AE083680B60E6E70126EBE7B2
:10BB3000304601E06FF00F0000232B6070BD002045
:10BB4000FAE710B582B00346EFF31184402282F386
:10BB50001288BFF36F8F0022019250F8042C22F05C
:10BB6000080140F8041C12F0080F05D184F3118875
:10BB7000BFF36F8F02B010BD10389B69019301A90C
:10BB8000FFF7AFFFF2E708B5EFF31180402383F32F
:10BB90001288BFF36F8FF4F745FF08BD10B502465A
:10BBA000C46814F0020FC4F3400401D1204610BD54
:10BBB00008461146F4F75EFBF8E708B5C36823F0C2
:10BBC0001003C3601030F4F787FA08BD08B5C368E6
:10BBD00023F00802C26013F0080F01D1002008BD55
:10BBE000103000F0B5FBB0FA80F04009F7E710B56F
:10BBF0000446FFF7EBFF2046FFF753FF10BD00237D
:10BC0000036043608360C36041607047F8B50646D7
:10BC10000D461746D0F8F8304BB1AB4215D01C4654
:10BC20001B68002BF8D0002CF6D12346F4E7002443
:10BC30003846F4F7FDFB54B9D6F8F8303B60C6F847
:10BC4000F870D6F8FC304BB1F8BD0124F0E73A4665
:10BC5000294606F1F800FFF7DAFEF5E7C6F8FC70B2
:10BC6000F2E738B5C36803F00503002B14BF0124C5
:10BC7000002401D1204638BD85680A460146284681
:10BC8000FFF7C4FF2846FFF721FFF3E7EFF3118327
:10BC9000402282F31288BFF36F8FC06800F01F004C
:10BCA00083F31188BFF36F8F704710B582B0019096
:10BCB0000846EFF31184402383F31288BFF36F8F9C
:10BCC00001A9FFF70EFF84F31188BFF36F8F02B055
:10BCD00010BD10B5FFF7E9FF041E01DC204610BDC2
:10BCE000FFF751FFFAE770B50D46EFF311864023D9
:10BCF00083F31288BFF36F8FFFF7B3FF044686F319
:10BD00001188BFF36F8F08B9204670BD05F1100090
:10BD10004FF0FF324FF0FF33F4F706FAF4E710B5B7
:10BD2000EFF31184402383F31288BFF36F8FFFF783
:10BD3000B8FE84F31188BFF36F8F10BD08B54FF4C0
:10BD40008C72002100F091FD08BD38B504460D4607
:10BD50003022002100F089FD65604FF48073E360BC
:10BD600038BDEFF31183402282F31288BFF36F8F47
:10BD7000C06800F01F0083F31188BFF36F8F704716
:10BD800010B582B00190EFF31184402080F3128847
:10BD9000BFF36F8FC86810F01E0F06D0002084F329
:10BDA0001188BFF36F8F02B010BD01A8F4F726FB16
:10BDB000F5E7F0B583B001900C4616461D46EFF34B
:10BDC0001187402383F31288BFF36F8F0846FFF774
:10BDD000FDFE32462B46214601A8F4F70FFB87F300
:10BDE0001188BFF36F8F03B0F0BD10B5EFF311846E
:10BDF000402383F31288BFF36F8FFFF7F8FE84F3BD
:10BE00001188BFF36F8F10BDF8B50D46EFF31187A2
:10BE1000402383F31288BFF36F8FC36803F01F03BF
:10BE2000002B14BF0126002607D1002087F31188BC
:10BE3000BFF36F8F48B93046F8BD0446FFF7D7FE11
:10BE400029462046FFF7AAFEF0E705F108004FF06B
:10BE5000FF324FF0FF33F4F767F9ECE7EFF30580BB
:10BE6000003818BF01207047F8B50546D31D23F0F0
:10BE70000703BF3323F07F0301F14007A3F140061E
:10BE80003F2B07D8002282F31188BFF36F8F042263
:10BE9000104602DFCC1821462846E6F755FE07304B
:10BEA00020F00700C5F89870C5F89C60C5F8A000A0
:10BEB000201AF8BD7830704708B5F4F795FD08BD35
:10BEC00010B400248460037342738173C47384616B
:10BED000C4615DF8044B7047F0B587B00446129E0C
:10BEE000139D00270597109F04970F9F03970E9FA0
:10BEF00002970D9F01970C9F0097F4F7E3FAB5F1B5
:10BF0000FF3F08BFB6F1FF3F02D1204607B0F0BDAA
:10BF100032462B462046F4F7C7FAF6E70020704772
:10BF20004268036813605A60002303604360427BE9
:10BF300022F0020242738360704708B5E7F7CCF93C
:10BF400008BD90F90E3091F90E00834201D0C01A5D
:10BF500070470020704770B506463468A64216D078
:10BF6000ACB16268236813605A6000252560656083
:10BF7000637B23F002036373A56004F1180000F0F3
:10BF8000E7F9C4F8B0502046F4F750FBE5E770BD80
:10BF900070B505460E46F4F71DFB6B7B43F00203BC
:10BFA0006B73FEB1AE603468A64208D1002406E08F
:10BFB00063686B602C601D60656013E0002464B1F1
:10BFC00021462846FFF7BDFF0028F1DC002CF6D003
:10BFD00073689C42F2D02468F1E773682E606B604E
:10BFE0001D60756070BD70B5044616461D46FFF7AE
:10BFF000CFFF32462B462046F4F708FB70BD38B51C
:10C0000004460023EFF31185402282F31288BFF328
:10C010006F8F04E085F31188BFF36F8F012343B95D
:10C020002046FFF77BFF0028F4D12046F4F7FEFA04
:10C03000F0E738BD10B50446183000F089F9EFF389
:10C040001181402383F31288BFF36F8F637B13F05A
:10C05000100F04D081F31188BFF36F8F10BD002241
:10C060002046F4F7B1FBF9E738B504460023EFF3B7
:10C070001185402282F31288BFF36F8F04E085F3AD
:10C080001188BFF36F8F012333B9A368002BF6D05B
:10C090002046FFF745FFF2E738BD70B504460E466F
:10C0A0000023EFF31185402282F31288BFF36F8FD4
:10C0B00007E02046F4F7BAFA85F31188BFF36F8FD3
:10C0C0000123DBB9637B13F0280FF5D1A3685BB1C3
:10C0D0006268236813605A60002323606360627B98
:10C0E00022F002026273A360637B23F00402627396
:10C0F000002EDED023F014036373DAE770BD08B5B9
:10C1000001211838FFF7C9FF08BD01460023EFF3EE
:10C11000118C402282F31288BFF36F8F184605E01E
:10C1200000208CF31188BFF36F8F01238BB908684F
:10C130008142F5D00028F4D04268036813605A6049
:10C14000002303604360427B22F00202427383605B
:10C15000E7E7704770B505460023EFF311864022EC
:10C1600082F31288BFF36F8F1C4605E0002486F32C
:10C170001188BFF36F8F0123ABB92C68A542F5D0AE
:10C18000002CF4D06268236813605A600023236097
:10C190006360627B22F002026273A36004F1180004
:10C1A00000F0D6F8E3E7204670BD08B50023EFF3B2
:10C1B0001181402282F31288BFF36F8F04E081F374
:10C1C0001188BFF36F8F01237BB98368002BF6D0F2
:10C1D0004268036813605A60002303604360427B37
:10C1E00022F0020242738360E9E7183000F0B0F8F1
:10C1F00008BD08B5EFF31180402383F31288BFF325
:10C200006F8FF4F70FFC08BD38B5054600202C6889
:10C21000A54208D03CB12046FFF7C7FF2046FFF7F4
:10C22000EEFE0120F3E738BD031D436083607047D5
:10C2300008B5EFF31181402383F31288BFF36F8FAA
:10C24000037B13F0010F08D1437B13F0080F11D0CB
:10C2500081F31188BFF36F8F0BE081F31188BFF377
:10C260006F8F002383F31188BFF36F8F0423184669
:10C2700002DF08BD0122F4F7A7FAFAE72DE9F04141
:10C280000546884617460023EFF31186402282F3C5
:10C290001288BFF36F8F184604E086F31188BFF34E
:10C2A0006F8F0123F3B92C68A542F6D0002CF4D08F
:10C2B000C4F8B08067616268236813605A60002325
:10C2C0002360636094F80DC02CF0020C84F80DC05C
:10C2D000A36004F1180000F03BF82046F4F7A6F93B
:10C2E0000120DAE7BDE8F08110B50446F4F7A0FDBF
:10C2F00048B102460369416920691B18606941EB36
:10C300000001136151616268236813605A60002361
:10C310002360636010BD10B5F4F780FD0446F4F7A8
:10C3200093FD7CB1236962691B1A62EBE072B3F181
:10C33000004F72F1000108DA002A01DB184610BD37
:10C340000023FBE76FF00040F9E76FF00040F6E7ED
:10C3500070B504460023EFF31186402282F3128861
:10C36000BFF36F8F6FF0150004E086F31188BFF301
:10C370006F8F01231D463BB92368002BF5D0204663
:10C38000FFF7B2FF2846F0E770BD08B5F4F750FE9E
:10C3900008BD08B5F4F74CFE08BD70B50646B3F10C
:10C3A000FF3F08BFB2F1FF3F09D015461C4653EAD4
:10C3B00002010CD100220023C0E9002305E04FF068
:10C3C000FF324FF0FF33C0E90023304670BD6FF0FD
:10C3D0000101891A4FF0FF3262EB0303002B02DBED
:10C3E00001604360F1E7F4F723FE2B462246012D5E
:10C3F00074F1000401DA01230022C01841EB0201AC
:10C4000030607160E1E7F8B50546B3F1FF3F08BF62
:10C41000B2F1FF3F0AD014461F4657EA02030CD17F
:10C4200000220023C0E900232846F8BD4FF0FF3268
:10C430004FF0FF33C0E90023F6E7F4F7F9FD0346B8
:10C440000A46A042B94105D2E61A67EB02022E6005
:10C450006A60E9E700263246F9E708B5EFF3118094
:10C46000402383F31288BFF36F8FF4F7DBFA08BD24
:10C47000016242620023036300F118028261C2611B
:10C48000036043604363704710B50446FFF760FFE5
:10C4900060B9636A0BB12046984704F11800FFF7B2
:10C4A00034FE18B1FFF7ABFDFFF7D7FF10BD437B9C
:10C4B00003F03F03013B072B26D8DFE803F0140409
:10C4C000250D2525251C03699B680BB900207047A5
:10C4D00002230B600120704703691B68B3B104237A
:10C4E0000B600120704703699B680BB900207047FF
:10C4F00001200860704703691B6A0BB90020704770
:10C5000010230B6001207047002070470020704707
:10C5100008B160387047704700238360437B03F0A5
:10C520003F03082B0ED84FF48B7222FA03F313F05B
:10C53000010F07D003682BB1426813605A600023D3
:10C5400003604360704770B50646144611E005EB82
:10C55000850006EB8000FFF7DFFF84F31188BFF34F
:10C560006F8FEFF31184402383F31288BFF36F8F33
:10C5700029464D1E0029EAD170BD2DE9F04105463E
:10C580000E460368984215D01446436893B19868E4
:10C59000FFF7BEFF80462046FFF7BAFF0746014679
:10C5A0004046FFF7CEFC002804DC2C68A5420FD1E2
:10C5B00000240DE06B68356073601E606E60BDE83E
:10C5C000F0816368736034601E606660F7E7002482
:10C5D0009CB1A068FFF79CFF01463846FFF7B1FC0D
:10C5E0000028EEDC22466B689C42F0D02468002CC8
:10C5F000EED0002AECD11446EAE76B683560736030
:10C600001E606E60DBE738B504460D46437B03F0E1
:10C610003F03013B072B0BD8DFE803F013040A0CA0
:10C620000A0A0A1900690A4621461030FFF7A5FFD9
:10C63000A56038BD00690A4621461030FFF79DFF0E
:10C64000F6E70A4601460069FFF797FFF0E7006941
:10C650000A4621462430FFF790FFE9E72DE9F04F25
:10C6600083B080460F4691469A460025AB460AE0C5
:10C67000BAF1000F02D199F8003023BB86F311887C
:10C68000BFF36F8F0135BD4224DAEFF311864023EB
:10C6900083F31288BFF36F8F05EB850408EB8404E6
:10C6A00001A92046FFF703FF0028E1D00021A16087
:10C6B000E368C3F386320198024362F39433E36084
:10C6C00089F80010DAE749462046FFF79CFF0BF196
:10C6D000010BD3E7584603B0BDE8F08F38B50D46DF
:10C6E0008068FFF715FF437B13F0020F01D1002094
:10C6F00038BD0446FFF759FD082D0AD00023C4F8C1
:10C70000B030637B13F01F0F08D1A36923B100235E
:10C7100005E06FF00303F2E7012300E00023002BA4
:10C72000E5D02046FFF76BFCE1E770B5846823781D
:10C7300073B154F8045C5DB1A4F1140604F1140063
:10C74000FFF706FE0023E36231462846FFF7ADFA05
:10C75000002070BD70B504460D468668D6B173786A
:10C76000012B0DD0022B12D0002030700023A360CB
:10C77000E368C3F386322A4362F39433E36070BD07
:10C78000FFF7ACFF002333709842EFDAF7E7FFF7CB
:10C79000CCFFF7E70020E9E710B40024846090F8AC
:10C7A0000DC061F3050C80F80DC0C16864F39431CD
:10C7B000C160817B62F345118173C28964F38F127A
:10C7C000C28103615DF8044B704710B50346EFF377
:10C7D0001184402282F31288BFF36F8F0068834276
:10C7E00008D04268036813605A6000230360436006
:10C7F000FFF7B0FF84F31188BFF36F8F10BD0060A7
:10C80000406000238360704730B108B5011F50F8C5
:10C81000040CFEF7B1FF08BD70470A44914200F1D5
:10C82000FF3300D1704710B511F8014B03F8014FE9
:10C830009142F9D110BD884210B501EB020402D932
:10C840008442234607D8431EA14208D011F8012B89
:10C8500003F8012FF8E7024401468A4200D110BDD7
:10C8600013F8014D02F8014DF7E7024403469342E5
:10C8700000D1704703F8011BF9E710B501390244F4
:10C88000904201D1002005E0037811F8014FA34246
:10C8900001D0181B10BD0130F2E710B50139044674
:10C8A00032B111F8013F00F8013B013A002BF7D1FA
:10C8B0000021FFF7DAFF204610BD2DE9F047C3F154
:10C8C0003709074688465FFA89F903F01F051646BF
:10C8D0004FF0000A384641462A465346D0F710F931
:10C8E000D4B2092C88BF4C443A46434688BFE4B2D0
:10C8F000AA4204F1300473EB0A0306F8014B074621
:10C900008846E7D23046BDE8F0872DE9F04F89B080
:10C910000618994604AB41EB0104009315463046D6
:10C92000D2E900232146DDF84CB000F0ABF806ABAD
:10C930000093D5E90223074688463046214600F099
:10C94000A1F8DDE90463841951EB0306069BD5E9E0
:10C9500000014FF0000228BF0122D218079B43F1CB
:10C960000003381848EB0101B84271EB0801E9688F
:10C970000391A96834BF0120002014EB010C039936
:10C9800046EB010110EB0C0041F10001A04271EBFC
:10C99000060C34BF4FF0010C4FF0000CCDE906231C
:10C9A000A9F1410A1CEB020243F10003CDF800A0FB
:10C9B00000F083F8129BC3E90001149B012BDDE911
:10C9C000062329D1D5E90201D5E900C5201A66EB75
:10C9D0000101674578EB050534BF01250025401BA3
:10C9E00061F10001844276EB010534BF0125002589
:10C9F000521BCDF800A063F1000300F05EF8DDE902
:10CA00000623CBE90001CDF800A02046314600F016
:10CA100054F809B0BDE8F08F17EB070E48EB080C8F
:10CA2000201946EB0601BE457CEB080834BF012700
:10CA30000027C71941F10008D5E9000186457CEBC4
:10CA4000010CD5E9021534BF01200020381A68F125
:10CA5000000C401A6CEB050192185B41A74278EB81
:10CA6000060534BF01250025521943F10003874212
:10CA700078EB010834BF01250025521BA9F14005C0
:10CA80000095B8E7F0B50F460446A0FB0201A7FBEE
:10CA900002524919A3FB044542F10002A7FB0373AC
:10CAA000611845F10004D219059E43F100031219E3
:10CAB00043F10003C6E90023F0BDF0B5059CC4F1C5
:10CAC0004007C4F1200602FA06F6A4F12005BB4097
:10CAD00022FA05F53343C4F120062B4301FA06F68A
:10CAE000A4F12005E04021FA05F53043BA4028437F
:10CAF000E14010431943F0BD2DE9F04F55EC104BC8
:10CB0000A446C5F30A54034644EA0C0708462946DE
:10CB1000C5F31305302657EA05085E71E146AE46B7
:10CB200073D10024A1421C716DDA01211971A04258
:10CB30004FF000041ADA204603F112060D25C2F167
:10CB400057024FF0300C07F00F013F0947EA0E770C
:10CB50004FEA2E1E002940F08680A84201DB86F8AD
:10CB600000C0013D06F1FF36EDD175E00C2867DC11
:10CB7000C0F10D018900012601F1FF3EA1F121085C
:10CB8000C1F1210726FA07F706FA08F806FA0EF6A9
:10CB900048EA070816EB060A48EB080BDAF100072B
:10CBA0006BEB4B0E1AF1FF3A4BF1FF3B0AEA0C0A12
:10CBB0000BEA050B564578EB0B0B10DBC1F1200B94
:10CBC000B1F1200A05FA0BFB2CFA01F141EA0B0145
:10CBD0005CBF45FA0AFA41EA0A01C90724D51CEBF1
:10CBE000060C45EB0805B5F5801FE1461CDB5979BD
:10CBF000B4F5806F01F10101597127D007EA0C07E4
:10CC00000EEA050E98E7002892E75CB13126C90FBD
:10CC10000028A4F2FF345E7119710FDB0C28A7DD28
:10CC20000D2005E00124F2E707EA09090EEA0505EF
:10CC3000B4F5806F06D04F46AE467DE70020F7E79B
:10CC40000D2079E759EA05051A7908D01A7942F0DA
:10CC500008021A714FF480641C60BDE8F08F42F046
:10CC600004021A71F8E70929D4BF30318918A842A3
:10CC70003170B8BF284674E7D1E9043293421EBF31
:10CC80005A1C0A611870704701480068704700001C
:10CC9000E43A002010BBFD7F01000000F10B020010
:10CCA00000000000B1390200000000001DC20200B7
:10CCB0006CCD03007DAB0300000000003DFE0200D0
:10CCC0000000000061FE0200000000005DCA0200DA
:10CCD00080CD0300439A030000000000899A0300FE
:10CCE000000000001D8C0300A8CD0300EDC402006D
:10CCF00094CD0300C5D10200000000005550020091
:10CD000000000000DD1802000000000061030200C6
:10CD1000000000008D3902000000000015DF020055
:10CD200000000000C10103000000000019BF020064
:10CD3000BCCD030075C70200D0CD03006590030091
:10CD4000E4CD03008151020000000000C1D80200C0
:10CD500000000000D79A0300F8CD0300E13902007B
:10CD600000000000DD490200000000000C1D04006E
:10CD70003C1D0400541D0400A80800202C41002084
:10CD8000441E0400541E04006C1E0400B008002061
:10CD9000F4410020701D040000000000801D04000C
:10CDA000AA08002080410020881D04000000000027
:10CDB000981D0400AC08002000000000D41C0400F2
:10CDC00000000000F41C0400A60800200000000081
:10CDD000001E040000000000281E0400AE08002011
:10CDE00000000000941E0400B41E0400F01E0400A5
:10CDF000B2080020F4070020B82104000000000061
:10CE0000D8210400B408002064440020A39A030041
:10CE1000C99F030000000000FD4C0300000000005B
:10CE2000FD4C03009DEF0200C99F030000000000BD
:10CE3000FD4C030000000000FD4C030009EB020064
:10CE4000C99F0300BCCD030059BF020000000000D1
:10CE5000FD4C030000000000FD4C0300000000003A
:10CE6000FD4C030000000000FD4C0300000000002A
:10CE7000FD4C03008041002051C40200000000006E
:10CE8000FD4C030000000000FD4C0300000000000A
:10CE9000FD4C030000000000DDD202000000000095
:10CEA000FD4C030000000000FD4C030000000000EA
:10CEB000FD4C030000000000FD4C030000000000DA
:10CEC000FD4C030000000000FD4C030000000000CA
:10CED000FD4C03000000000065DF020000000000C0
:10CEE000FD4C030000000000FD4C030000000000AA
:10CEF000FD4C030000000000FD4C0300000000009A
:10CF0000FD4C030000000000FD4C03000000000089
:10CF1000FD4C030000000000FD4C03000000000079
:10CF2000FD4C030000000000FD4C03000000000069
:10CF3000FD4C030000000000FD4C03000000000059
:10CF4000FD4C030005000000918F0200000000006E
:10CF50000600000091B9020000000000040000007B
:10CF6000F1940200000000005D580300114B020024
:10CF700000000000000000000000000000000000B1
:10CF8000000000005419040008000000241A0400E6
:10CF9000070000006C0204000400000004E8030025
:10CFA000220000000CF803000300000044E5030029
:10CFB00003000000E41C04000300000074E403000C
:10CFC000030000003CF40300030000001C0D0400FB
:10CFD00003000000E40E040003000000EC1604004F
:10CFE0000300000044120400030000007403040066
:10CFF000030000004C19040003000000100C0400A2
:10D0000003000000380E040003000000E0130400D9
:10D0100003000000DC2004000300000040210400A5
:10D0200003000000B0200400030000002C1B0400DB
:10D030000300000014F503000300000048F403009F
:10D04000030000002C1D0400030000001C1E04004F
:10D0500003000000A821040003000000901E04004B
:10D0600003000000A41E040003000000DC260400EE
:10D070000300000080F503000300000084F50300B6
:10D080000300000084DD0300030000009425040079
:10D0900003000000D8220400030000004001040047
:10D0A00003000000D401040003000000000204009B
:10D0B000030000006C210400030000009CFE03003C
:10D0C00003000000401B040003000000481B040094
:10D0D00003000000DC2704000300000040E503001B
:10D0E000030000001CFF030003000000C82104002F
:10D0F00003000000F8EC030003000000B4F6030096
:10D10000A03A0020A4F60300010000000400000083
:10D110000F000000010000000800000028000000CF
:10D1200064000000740000000D0000000C0000000E
:10D130000E0000005000000078000000AC0000006D
:10D1400008000000FFFFFFFF49000000FFFFFFFF96
:10D150002144020045480200D54F0200FFFFFFFFB7
:10D160000C0024000000800CFB0090420C00240006
:10D170000000800C00000000000000010000000220
:10D180000000000400000008000000100000002063
:10D1900000000040000000800000001B000000367E
:10D1A0000600090000002A000C0024000000800C8A
:10D1B000040B04000C0B0400100B0400140B0400FF
:10D1C000180B04001C0B0400200B0400240B0400AB
:10D1D000280B04002C0B0400300B0400340B04005B
:10D1E000380B04003C0B04000C0024000000800CF1
:10D1F00000000000E027040000010000F401FA0034
:10D20000960064004B0032001E0014000A00050066
:10D210000200010000000000141E00003011000098
:10D2200001000100000101000001000100000100F7
:10D230000100000001000B0002000A0005000900C7
:10D240000A000800140007001E0006003200050056
:10D250004B0004006400030096000200FA00010085
:10D26000F40100000C0802170D0101020909010177
:10D270000602091818030101090903030503020145
:10D28000230202240910040405050B0B040B2B1BBD
:10D290001B151A1A1C021D16130501490D15050050
:10D2A000A301B103BF05EF024906A309C505F50BAC
:10D2B00025120E021C045A03B4063006600C00004E
:10D2C00001000000101100400000000000000000FC
:10D2D00000000000000000000406080A0C0E1012F6
:10D2E0001416181C1E20222426282A2C2E303234F4
:10D2F00036383A3C3E40424446484A4C4E021A5068
:10D3000000000000280000001800000000000000DD
:10D31000141E00003011000000002CA6E0A1000047
:10D320000000000070170000A00F00000000DC05E6
:10D33000E803000000000000141E0000301100008F
:10D34000D8ECF0F4F8FC000203040506070800001E
:10D3500000000000000000000000000000000000CD
:10D36000000001010101020202020303030304049D
:10D37000040405050505060606080900000000006E
:10D38000000000000000000000000000000000019C
:10D390000101010202020203030303040404040561
:10D3A00005050506060708090A0B0C0D0709090201
:10D3B000030700100200FA000000000025C501006C
:10D3C00031C5010035C501003DC5010041C5010061
:10D3D0000338FDD870470000010000000000000085
:10D3E000050000000000000019000000000000001F
:10D3F0007D0000000000000071020000000000003D
:10D40000350C000000000000093D00000000000095
:10D410002D31010000000000E1F5050000000000D2
:10D4200065CD1D0000000000F9029500000000001D
:10D43000DD0EE90200000000514A8D0E00000000E0
:10D440009573C24800000000E941CC6B0100000068
:10D450008D49FD1A07000000C16FF286230000000D
:10D46000C52EBCA2B1000000D9E9AC2D78030000A4
:10D470003D9160E45811000031D6E275BC560000C1
:10D48000F52E6E4DAEB10100C9EA2683677808001B
:10D49000ED95C28F055A2A00A1EDCCCE1BC2D30058
:10D4A00025A4000A8BCA220400000000000000002E
:10D4B000000000000000001000000000000000005C
:10D4C000B9340332B7F4AD1410DB1AB30892540E1A
:10D4D0000D307D951447BA1A66088F4D26ADC66D7E
:10D4E000F598BF85E2B74511CA96853D92BD1DEB03
:10D4F000FCA11860DCEF52163C92AE220BB8C1B40E
:10D50000839D2D5B0562DA1C304C7E8F4E8BB25BA7
:10D5100016F4529F8B56A512FBD4827643ED8AF007
:10D520008FE7F9311565191850F19BD94A13EEB4FC
:10D53000284CF0A686C1251F035FC270CB9E4916FA
:10D54000E642889C44EB2014B0650836AD6EA58594
:10D5500085F0CA14E2FD031A0B899979D5B13D090A
:10D56000D8DA973A35EBCF10AC363F5E73BB38CF85
:10D570003E6752FA44AFBA150100000000000000F7
:10D580000000000000000020345065C05FC9A652B2
:10D59000BB13CBAEC440C21806C8DF7100D5A87C4F
:10D5A000F56F0FDA58FC27136E4756357D2420653A
:10D5B00002C7E768E48CA41DE9E60268D7CD3961AB
:10D5C0007977FCC2405BEF16798CDE43FFA751F9F7
:10D5D00091F3B278F5BDBE11E857E9D6E8BEE87B15
:10D5E000B054AC8F848D751BEA23A499E9F9D38BD1
:10D5F000B7A3714061DA3E15CEE33ECB73F948081C
:10D600008C97B427D51B7010A2BFEFB9EB853215EC
:10D610004DB44DB49BBB6F1996B6076CF8E7EEADF1
:10D6200036D9B4F59135AE13222218AF4E6A684D43
:10D6300091DAAA3D4F40741E9FBD9EE006A1C0989E
:10D6400057C2A7FDA40E90170E7D497173E3208F7A
:10D65000B220D87605143B12853D7434811343B053
:10D66000AD297A5F27F4351C4661696C65642074C6
:10D670006F2064697361626C6520677265656E20F6
:10D680004C454420666F7220776F726E206D6F6418
:10D69000650000004661696C656420746F207365E5
:10D6A0007420505047204C454420504120666F72F2
:10D6B000204C4544202564004661696C65642074F3
:10D6C0006F2064697361626C6520505047204C453F
:10D6D0004420504120666F72204C45442025640050
:10D6E0004F6E2D646F636B20696E76617269616E37
:10D6F000743A20666F7263696E6720776F726E3D51
:10D700003000000044657669636520737461746558
:10D7100020256420286F6E5F646F636B3D25642055
:10D72000776F726E3D2564206368617267655F6123
:10D7300063746976653D2564290000005573657240
:10D7400020646576696365206D6F646520257520AA
:10D750002D3E206F6E5F646F636B3D256420776F95
:10D76000726E3D2564000000436F6E6E6563742029
:10D7700070726F62653A20505047204C45447320C8
:10D780006F666620286469653D25642E2530326405
:10D7900020432900436F6E6E6563742070726F6260
:10D7A000653A20505047204C454473206F66660010
:10D7B000436F6E6E6563742070726F62653A2064A9
:10D7C000696D20677265656E20505047204C454456
:10D7D000202850413D25642900000000424C45208E
:10D7E0006C696E6B20646F776E3A206F6E5F646F4A
:10D7F000636B3D256420776F726E3D2564207374E2
:10D800006174653D2564000063687273747320253C
:10D81000733A207068793D25642064743D25642046
:10D820006163746976653D2564206D616A3D256498
:10D8300020696E766572743D256420646F636B5F4A
:10D840007261773D2564206F6E5F646F636B3D2569
:10D85000642070686173653D256420656467657345
:10D860003D256C64206173736572745F683D257536
:10D8700020696E6163745F683D257520636861721D
:10D8800067653D2564206D763D25640066773A2006
:10D89000636872737473202573207068793D256402
:10D8A0002064743D2564206163743D2564206D61AE
:10D8B0006A3D256420696E763D2564207261773D5E
:10D8C0002564206F6E3D25642070683D25642065C9
:10D8D0003D256C642061683D25752069683D25758E
:10D8E0002063683D2564206D763D256400000000BE
:10D8F000424C45206C696E6B2075703A206F6E5FEC
:10D90000646F636B3D256420776F726E3D256420E4
:10D9100073746174653D2564206261743D256425DE
:10D9200025206368617267653D2564206469653DF3
:10D9300025642E2530326420432070726F62653D6D
:10D94000256473006C696E6B00000000536F667491
:10D9500020666C6F6F72202872656D6170706564EF
:10D9600020302525293A2025646D5620676175678A
:10D97000653D25752525206368656D3D2575252543
:10D9800020E2809420636C656172696E6720776F16
:10D99000726E2C207472696D6D696E672073656E8E
:10D9A000736F7273000000004661696C65642074D7
:10D9B0006F2066657463682074656D70657261744C
:10D9C0007572652073616D706C652077697468206D
:10D9D0006572726F72202564000000004661696CF8
:10D9E000656420746F206765742074656D7065725E
:10D9F00061747572652076616C75652077697468ED
:10DA0000206572726F7220256400000054656D708D
:10DA1000657261747572653A2025642E2530326412
:10DA200020430000737461745F6F6E0073746174DF
:10DA30005F6F6666000000006368617267655F6122
:10DA4000637469766520757365725F6D6F646520B8
:10DA50006465743D256420737461743D2564206D94
:10DA6000763D2564206F6E5F646F636B3D256400B7
:10DA700066773A206368617267655F61637469768F
:10DA80006520756D206465743D25642073743D25A3
:10DA900064206D763D2564206F6E3D256400000096
:10DAA00063687273747320706861736520256420E5
:10DAB0002D3E2025642065646765733D25752061D2
:10DAC00073736572743D2564206F6E5F646F636B62
:10DAD0003D2564206D763D256400000066773A2080
:10DAE0006368727374732070686173652025642D98
:10DAF0003E256420653D257520613D2564206F6EBF
:10DB00003D2564206D763D2564000000535441544A
:10DB1000206F6E2D706164207769746820776F7252
:10DB20006E3D3120E2809420636C656172696E679E
:10DB300020776F726E00000068620000312E302E78
:10DB40003730000054474D204170706C6963617438
:10DB5000696F6E2025730A004750494F2069732072
:10DB60006E6F742072656164790000004661696CB3
:10DB7000656420746F206C61746368204241544571
:10DB80004E202850302E3130292C206572723D25D0
:10DB9000640000002A2A2A20424154544552592048
:10DBA000504F57455220454E41424C4544204F4E20
:10DBB0002050302E3130202A2A2A0A00626C655FFC
:10DBC000696E697428292072657475726E656420A7
:10DBD00025640000626174746572795F696E6974AE
:10DBE00028292072657475726E65642025640000B2
:10DBF000626174746572795F73746172745F6D656C
:10DC000061737572656D656E74282920726574750F
:10DC1000726E6564202564004661696C65642074D9
:10DC20006F20656E61626C652073656E736F722024
:10DC3000706F7765720000007070675F696E69745D
:10DC400028292072657475726E6564202564000051
:10DC50006163635F696E69742829207265747572E7
:10DC60006E656420256400004661696C65642074FB
:10DC70006F20636F6E666967757265206368727383
:10DC800074732070696E00004661696C656420746D
:10DC90006F206164642063616C6C6261636B2074EB
:10DCA0006F206368727374732070696E00000000E7
:10DCB000626F6F74000000004661696C65642074D7
:10DCC0006F20636F6E666967757265206368727333
:10DCD00074732070696E20696E74657272757074E9
:10DCE000000000004661696C656420746F207374E5
:10DCF00061727420746865205050472073656E739C
:10DD00006F722077697468206572726F7220256463
:10DD10000000000054656D70657261747572652055
:10DD20006D6F6E69746F72696E672073746172745F
:10DD3000656400003D3D3D20494E495449414C49F0
:10DD40005A4154494F4E20434F4D504C4554452065
:10DD50003D3D3D004465627567207265626F6F747A
:10DD6000206166746572202575732028696E74655C
:10DD70007276616C202575732900000080CD030048
:10DD8000050011006D61696E00000000636F6E6E2A
:10DD9000656374696F6E2F737570657276697369E8
:10DDA0006F6E2074696D656F7574000072656D6FBC
:10DDB00074652075736572207465726D696E617427
:10DDC000656400006C6F63616C20686F737420740D
:10DDD00065726D696E617465640000004D49432091
:10DDE0006661696C757265006661696C6564207452
:10DDF0006F2065737461626C697368007365652078
:10DE0000436F7265205370656320566F6C2032201B
:10DE100050617274204400004D5455206578636849
:10DE2000616E67652072657475726E6564207769CE
:10DE30007468206572726F7220636F646520256458
:10DE4000000000004D54552073756365737366754B
:10DE50006C6C792073657420746F20256400000059
:10DE6000436F6E6E656374696F6E20706172616D71
:10DE7000657465727320757064617465643A2069B5
:10DE80006E74657276616C20252E3266206D732C5F
:10DE9000206C6174656E637920256420696E7465F9
:10DEA0007276616C732C2074696D656F75742025B2
:10DEB00064206D73000000007075626C696300007F
:10DEC00072616E646F6D0000253032583A25303231
:10DED000583A253032583A253032583A253032589F
:10DEE0003A25303258202825732900007075626C5D
:10DEF00069632D696400000072616E646F6D2D6945
:10DF000064000000436F6E6E656374696F6E20700D
:10DF10006172616D657465722075706461746520ED
:10DF200072657175657374206661696C65643A2009
:10DF300025640000436F6E6E656374696F6E2070B8
:10DF40006172616D657465722075706461746520BD
:10DF5000726571756573746564202874696D656F89
:10DF60007574202564206D73290000004D545520E0
:10DF700065786368616E6765206661696C656420B9
:10DF80002865727220256429000000004D54552038
:10DF900065786368616E67652070656E64696E6739
:10DFA000202E2E2E0000000044617461206C656EEE
:10DFB0006774682075706461746520726571756539
:10DFC0007374206661696C65643A20256400000002
:10DFD00044617461206C656E67746820757064615B
:10DFE00074656420746F202564000000436F6E6EBA
:10DFF000656374696F6E206572726F7220256400AC
:10E00000436F6E6E656374656420746F206465761B
:10E0100069636520776974682061646472657373ED
:10E020002025730062745F636F6E6E5F6765745F57
:10E03000696E666F28292072657475726E6564203A
:10E0400025640000436F6E6E656374696F6E2070A7
:10E050006172616D65746572733A20696E74657280
:10E0600076616C20252E3266206D732C206C6174D5
:10E07000656E637920256420696E74657276616CC3
:10E08000732C2074696D656F7574202564206D7321
:10E0900000000000436F6E6E656374696F6E2072DE
:10E0A000656379636C65643B207265737461727437
:10E0B000696E67206164766572746973696E670062
:10E0C000446973636F6E6E65637465642C204843A6
:10E0D0004920726561736F6E203078253032782068
:10E0E0002825732900000000313030206D730000B6
:10E0F000353030206D7300005374617274696E673F
:10E1000020636F6E6E65637461626C652061647616
:10E110006572746973696E672028696E74657276BA
:10E12000616C207E25732900416476657274697381
:10E13000696E67206661696C656420746F20737412
:10E140006172742C206572723A2025640000000010
:10E150004164766572746973696E67207374617265
:10E1600074656400426C7565746F6F746820696EC5
:10E170006974206661696C65642028657272202567
:10E1800064290A00426C7565746F6F746820696E4B
:10E19000697469616C697A65640A0000071000009F
:10E1A000500500204F72616C61626C6500000000D8
:10E1B000010100006005002009080000A4E103003F
:10E1C000436F6E6E6563742070726F626520656E5A
:10E1D0006465642028776F726E3D25642900000015
:10E1E000656E61626C65640064697361626C65642C
:10E1F000000000004669726D7761726520636F6E82
:10E20000666967207374617465206E6F74696669EE
:10E21000636174696F6E732025730000414343206E
:10E220006E6F74696669636174696F6E73202573BC
:10E2300000000000505047206E6F7469666963618A
:10E2400074696F6E73202573000000004465666575
:10E250007272656420414343207374617274206656
:10E2600061696C6564202825642900004669726D27
:10E2700077617265206C6F67206E6F746966696381
:10E280006174696F6E7320257300000044657669C0
:10E29000636520737461747573206E6F7469666949
:10E2A000636174696F6E732025730000456E61624F
:10E2B0006C6564206E6F74696669636174696F6E02
:10E2C0007320666F722077726974652070706720A2
:10E2D000726567206461746100000000456E6162D0
:10E2E0006C6564206E6F74696669636174696F6ED2
:10E2F0007320666F7220726561642070706720728F
:10E300006567206461746100456E61626C656420BC
:10E310006E6F74696669636174696F6E7320666F8E
:10E32000722074656D70206461746100526561646F
:10E33000696E6720626174746572792076616C75AC
:10E340006500000052656164696E67205555494457
:10E350002076616C7565000057726974696E67207C
:10E360005050472072656769737465720000000041
:10E3700052656164696E6720505047207265676915
:10E380007374657200000000456E61626C65642004
:10E390006E6F74696669636174696F6E7320666F0E
:10E3A0007220626174746572792064617461000026
:10E3B00052656164696E67206669726D7761726526
:10E3C0002076657273696F6E3A2025730000000035
:10E3D00047415454206E6F74696679206661696C98
:10E3E000656420282573293A206572723D256420D2
:10E3F0006C656E3D257500004465666572726564E6
:10E4000020505047207374617274206661696C6596
:10E41000642028256429000052656164696E6720C4
:10E4200064657669636520737461747573000000B8
:10E430006F6E2D626F6479202866756C6C20726136
:10E44000746529006F66662D626F647920286D6996
:10E450006E696D616C20424C4529000053747265F1
:10E46000616D696E6720706F6C6963793A202573FE
:10E4700000000000626174746572790073746174E5
:10E4800075732D6B656570616C69766500000000C1
:10E4900074656D702D6B656570616C6976650000E3
:10E4A00042617474657279206E6F74696679207246
:10E4B0006571756573746564206275742063616C41
:10E4C0006C6261636B206973206E6F742073657476
:10E4D0000000000042617474657279206E6F746987
:10E4E00066792064656665727265643A206E6F2095
:10E4F000636163686564206D56207965740000006F
:10E5000044656665727265642062617474657279CF
:10E51000206E6F74696679206661696C6564202875
:10E520002564290042617474657279206E6F746984
:10E5300066792073656E743A2025646D560000007C
:10E54000707067006163630074656D7000000000A7
:10E550007070672D7265672D726561640000000040
:10E560007070672D7265672D7772697465000000A1
:10E5700053656E64696E67207374617475733A20B5
:10E580006F6E5F646F636B3D25642C20776F726ED6
:10E590003D25642C2073746174653D25642C2062D4
:10E5A0006174746572793D256425252C206368614A
:10E5B0007267655F6163746976653D25640000007C
:10E5C000737461747573000066772D6C6F6700005B
:10E5D00066773A206C6F672073747265616D206F87
:10E5E00070656E0066773A20636872737473206F8B
:10E5F00070656E207068793D25752064743D2575C1
:10E60000206163743D2575206D616A3D257520721A
:10E6100061773D2575206F6E3D25752073746162AD
:10E620003D2575206D69733D2575000066773A209C
:10E630007374617473207070675F6F6B3D25752014
:10E640007070675F6572723D2575207070675F6CD2
:10E650006173743D2564206163635F6F6B3D257555
:10E66000206163635F6572723D2575206163635F3E
:10E670006C6173743D2564206C6F675F6F6B3D2523
:10E6800075206C6F675F6572723D2575206C6F67D2
:10E690005F6C6173743D25642070726F62653D2507
:10E6A0007500000066773A20736E617020646F63B6
:10E6B0006B3D257520776F726E3D25752073743D17
:10E6C0002575206261743D2575206368673D257559
:10E6D0002070726F62653D2575000000737461746F
:10E6E00075732D736E61700066776366672D736E48
:10E6F0006170000066773A20636667206C65643D50
:10E7000025752070613D2575206572723D25640078
:10E7100066773A206366672073746174735F70650F
:10E7200072696F645F733D257500000066773A205B
:10E7300063666720636F6E6E5F706172616D5F7597
:10E740007064617465206572723D2564000000008C
:10E7500066773A2063666720626174746572795FD8
:10E76000696E74657276616C5F733D25750000009B
:10E7700066773A206366672074656D705F696E74B2
:10E78000657276616C5F733D2575000066773A208F
:10E790006366672073747265616D5F656E61626C3C
:10E7A000655F6D61736B3D30782530327800000015
:10E7B00066773A2063666720757365725F6D6F6474
:10E7C000653D25752028303D6175746F20313D63AE
:10E7D00068617267657220323D69646C6520333D03
:10E7E000776F726E2900000066773A2063666720B3
:10E7F00064656275675F7265626F6F745F733D25F4
:10E8000075000000F4EC03003F80030000000000EE
:10E81000E0EC030000000100DCEC0300F5800300E5
:10E82000000000009406002000000100B4EC03008A
:10E8300085EC010000000000601A002000000100CB
:10E84000B0EC0300F5800300000000008C060020FF
:10E850000000010088EC030099ED010000000000B9
:10E860009C0600200000010084EC0300F5800300FA
:10E870000000000084060020000001005CEC0300A2
:10E8800019EC0100000000004038002000000100E9
:10E8900058EC030077800300C1A602006C0600203C
:10E8A0000000030054EC0300F580030000000000AA
:10E8B00064060020000001002CEC030000000000B2
:10E8C00000000000F03800200000010028EC0300E8
:10E8D00077800300C1A602004C0600200000030060
:10E8E00024EC0300F5800300000000004406002033
:10E8F00000000100FCEB030000000000000000002D
:10E900005438002000000100F8EB0300778003007A
:10E91000C1A602002C06002000000300F4EB030057
:10E92000F580030000000000240600200000010024
:10E93000CCEB030000000000000000004C38002079
:10E9400000000100C8EB030077800300C1A60200AD
:10E950000C06002000000300C4EB0300F580030058
:10E960000000000004060020000001009CEB0300F2
:10E970000000000019ED010000000000000002008E
:10E9800098EB030077800300C1A60200EC0500208D
:10E990000000030094EB0300F5800300000000007A
:10E9A000E4050020000001006CEB03000000000003
:10E9B000DDEC0100000000000000020068EB030035
:10E9C00077800300C1A60200CC05002000000300F0
:10E9D00064EB0300F580030000000000C405002084
:10E9E000000001003CEB0300C5F001000000000046
:10E9F000443800200000010038EB0300778003005A
:10EA0000C1A60200AC0500200000030034EB0300A7
:10EA1000F580030000000000A405002000000100B4
:10EA20000CEB0300000000000000000000000000EC
:10EA30000000010008EB030077800300C1A602007C
:10EA40008C0500200000030004EB0300F5800300A8
:10EA5000000000008405002000000100DCEA030043
:10EA600000000000E5FA01000000000000000200C4
:10EA7000D8EA0300F5800300000000007C050020B8
:10EA800000000100B0EA0300B72E03000000000000
:10EA9000AC06002000000100ACEA03007780030010
:10EAA000C1A6020064050020000003000000022946
:10EAB000028EC4D40FEE1AAF94B246C4980CF00F75
:10EAC0003A000000028EC4D40FEE1AAF94B246C4CE
:10EAD000980CF00F3A00000000000328028EC4D406
:10EAE0000FEE1AAF94B246C4980BF00F3A00000034
:10EAF000028EC4D40FEE1AAF94B246C4980BF00F36
:10EB00003A0000000000032800000229028EC4D44D
:10EB10000FEE1AAF94B246C4980AF00F3A00000004
:10EB2000028EC4D40FEE1AAF94B246C4980AF00F06
:10EB30003A0000000000032800000229028EC4D41D
:10EB40000FEE1AAF94B246C49809F00F3A000000D5
:10EB5000028EC4D40FEE1AAF94B246C49809F00FD7
:10EB60003A0000000000032800000229028EC4D4ED
:10EB70000FEE1AAF94B246C49808F00F3A000000A6
:10EB8000028EC4D40FEE1AAF94B246C49808F00FA8
:10EB90003A0000000000032800000229028EC4D4BD
:10EBA0000FEE1AAF94B246C49807F00F3A00000077
:10EBB000028EC4D40FEE1AAF94B246C49807F00F79
:10EBC0003A0000000000032800000229028EC4D48D
:10EBD0000FEE1AAF94B246C49803F00F3A0000004B
:10EBE000028EC4D40FEE1AAF94B246C49803F00F4D
:10EBF0003A0000000000032800000229028EC4D45D
:10EC00000FEE1AAF94B246C49802F00F3A0000001B
:10EC1000028EC4D40FEE1AAF94B246C49802F00F1D
:10EC20003A0000000000032800000229028EC4D42C
:10EC30000FEE1AAF94B246C49801F00F3A000000EC
:10EC4000028EC4D40FEE1AAF94B246C49801F00FEE
:10EC50003A0000000000032800000229028EC4D4FC
:10EC60000FEE1AAF94B246C49804F00F3A000000B9
:10EC7000028EC4D40FEE1AAF94B246C49804F00FBB
:10EC80003A00000000000328028EC4D40FEE1AAF31
:10EC900094B246C49806F00F3A000000028EC4D425
:10ECA0000FEE1AAF94B246C49806F00F3A00000077
:10ECB00000000328028EC4D40FEE1AAF94B246C4EB
:10ECC0009805F00F3A000000028EC4D40FEE1AAF80
:10ECD00094B246C49805F00F3A00000000000328E3
:10ECE000028EC4D40FEE1AAF94B246C49800F00F4F
:10ECF0003A0000000000002874676D5F736572764B
:10ED0000696365004661696C656420746F20726593
:10ED10006164205050472073656E736F7220726576
:10ED200067697374657220307825303258000000AE
:10ED30004661696C656420746F2077726974652020
:10ED40005050472073656E736F72207265676973E8
:10ED50007465722030782530325800004661696C45
:10ED6000656420746F207265616420505047207381
:10ED7000656E736F72207265676973746572203097
:10ED80007825303258206166746572207772697414
:10ED9000696E67004661696C656420746F207365F5
:10EDA0006E642050504720726567697374657220E5
:10EDB00076616C7565206E6F7469666963617469EC
:10EDC0006F6E00004661696C656420746F20726527
:10EDD00061642050504720646174610050504720A6
:10EDE0006E6F74696679206661696C656420282598
:10EDF0006429000049324320646576696365206EAA
:10EE00006F7420726561647920647572696E672021
:10EE1000696E697469616C697A6174696F6E206F7B
:10EE200066205050472073656E736F7200000000BB
:10EE30004750494F20646576696365206E6F742082
:10EE4000726561647920647572696E6720696E69A4
:10EE50007469616C697A6174696F6E206F662050A5
:10EE600050472073656E736F720000004661696CD5
:10EE7000656420746F20636F6E66696775726520C4
:10EE80005050472073656E736F7220696E742070E6
:10EE9000696E20617320696E707574004661696CDB
:10EEA000656420746F206164642063616C6C6261CE
:10EEB000636B20746F205050472073656E736F72C0
:10EEC00020696E742070696E000000004661696CF4
:10EED000656420746F2072652D656E61626C6520BB
:10EEE0005050472073656E736F7220696E7420698D
:10EEF0006E74657272757074000000004661696C12
:10EF0000656420746F2073746172742050504720C0
:10EF100073656E736F7200004661696C656420747E
:10EF20006F20636F6E666967757265205050472069
:10EF300073656E736F7220696E742070696E2069DC
:10EF40006E74657272757074000000004661696CC1
:10EF5000656420746F2064697361626C6520505031
:10EF6000472073656E736F7220696E742070696ECE
:10EF700020696E746572727570740000505047207D
:10EF8000656E737572655F6177616B652066616937
:10EF90006C656420282564292C2072657374617265
:10EFA00074696E672073656E736F720080CD0300A5
:10EFB000140011004661696C656420746F207265ED
:10EFC000616420616363656C65726F6D6574657201
:10EFD0002064617461000000414343206E6F7469D6
:10EFE0006679206661696C656420282564290000C3
:10EFF00049324320646576696365206E6F742072C0
:10F000006561647920647572696E6720696E6974E0
:10F0100069616C697A6174696F6E206F66206163E3
:10F0200063656C65726F6D657465722073656E7370
:10F030006F7200004750494F206465766963652010
:10F040006E6F7420726561647920647572696E6791
:10F0500020696E697469616C697A6174696F6E2088
:10F060006F6620616363656C65726F6D6574657250
:10F070002073656E736F72004661696C65642074FD
:10F080006F20636F6E666967757265206163636583
:10F090006C65726F6D657465722073656E736F72E7
:10F0A00020696E742070696E20617320696E7075BE
:10F0B000740000004661696C656420746F206164AF
:10F0C000642063616C6C6261636B20746F206163A8
:10F0D00063656C65726F6D657465722073656E73C0
:10F0E0006F7220696E742070696E00004661696CF1
:10F0F000656420746F20737461727420616363654A
:10F100006C65726F6D657465722073656E736F7276
:10F11000000000004661696C656420746F20636FB5
:10F120006E66696775726520616363656C65726F91
:10F130006D657465722073656E736F7220696E748D
:10F140002070696E20696E7465727275707400004B
:10F150004661696C656420746F2064697361626CD8
:10F160006520616363656C65726F6D65746572209F
:10F1700073656E736F7220696E742070696E20699A
:10F180006E74657272757074000000004661696C7F
:10F19000656420746F2073746F7020616363656CA5
:10F1A00065726F6D657465722073656E736F720042
:10F1B00041444320646576696365206E6F742072F4
:10F1C0006561647900000000414443206368616E1A
:10F1D0006E656C207365747570206661696C65641A
:10F1E0002C20657272202564000000004750494FB2
:10F1F0002070696E20636F6E66696775726520287E
:10F20000626174656E3D4849474829206661696CB2
:10F2100065642C20657272202564000041444320FF
:10F2200072656164206661696C65642C2065727228
:10F23000202564004144432072617720746F206D63
:10F24000696C6C69766F6C7473206661696C656457
:10F250002C206572722025640000000042617474E5
:10F260006572793A20696D706C61757369626C655D
:10F27000207261775F6D763D2564202877696E6422
:10F280006F772025642E2E25646D562920E2809408
:10F290002073616D706C652064697363617264656D
:10F2A0006400000042617474657279207363616C5C
:10F2B000696E672066616C6C6261636B3A2075737E
:10F2C000696E6720646976696465722F36202872DA
:10F2D00061775F6D763D2564202D3E2025646D5657
:10F2E0002900000042617474657279207363616C57
:10F2F000696E672066616C6C6261636B3A2075733E
:10F30000696E67206E6F2D64697669646572202866
:10F310007261775F6D763D2564202D3E2025646DFA
:10F320005629000042617474657279207363616CC0
:10F33000696E672066616C6C6261636B3A207573FD
:10F34000696E67206E6F2D646976696465722F3609
:10F3500020287261775F6D763D2564202D3E202543
:10F36000646D562900000000426174746572792052
:10F370007363616C696E67206F7574206F662072AD
:10F38000616E67653A207261775F6D763D25642016
:10F39000765F6469763D256420E280942073616D18
:10F3A000706C652064697363617264656400000059
:10F3B000426174746572793A2025646D56202D3E41
:10F3C0002067617567653D25752525206368656D36
:10F3D0003D2575252500000080CD03000A000000B2
:10F3E000BCCD03000001080400000005000000007F
:10F3F0000C00000042617474657279204C45443AF7
:10F40000206F6E5F646F636B3D256420636861727B
:10F4100067653D256420776F726E3D2564206D76AB
:10F420003D25646D56207063743D2575202D3E206A
:10F430007061747465726E2025640000626174747A
:10F440006572795F6C6564006368617267655F64AB
:10F45000657400005B4541524C595D205254542064
:10F46000696E697469616C697A65640A00000000FC
:10F4700028756E7369676E65642920636861722000
:10F480002A207573656420666F72202525702061BF
:10F490007267756D656E742E2049742773207265CE
:10F4A000636F6D6D656E64656420746F2063617356
:10F4B0007420697420746F20766F6964202A20623A
:10F4C000656361757365206974206D61792063617E
:10F4D000757365206D69736265686176696F722006
:10F4E000696E206365727461696E20636F6E666910
:10F4F0006775726174696F6E732E20537472696ED2
:10F50000673A2225732220617267756D656E743AC1
:10F510002564000063627072696E74665F70616377
:10F520006B616765000000004661696C656420746A
:10F530006F207265626F6F743A207370696E6E69C6
:10F540006E6720656E646C6573736C792E2E2E0A5F
:10F55000000000006C6F6767696E6700201C002068
:10F56000000100005D430300C742030002000000E9
:10F57000FF45030000000000000000000000000044
:10F580006C6F67006C6F675F6D676D7400000000E3
:10F590004D657373616765202822257322292064D5
:10F5A000726F707065642062656361757365206950
:10F5B0007420657863656564732073697A65206C6F
:10F5C000696D69746174696F6E2028257529000062
:10F5D0005B2530386C755D20000000005B25303203
:10F5E000753A253032753A253032752E253033750F
:10F5F0002C253033755D20001B5B306D0000000052
:10F6000025732E0025733A20000000003C25733E30
:10F610002000000025732F00257320000D0A000034
:10F620002530327820000000202020007C000000DF
:10F6300025630000206D65737361676573206472D4
:10F640006F70706564202D2D2D0D0A1B5B306D00D1
:10F650001B5B313B33316D2D2D2D20001B5B313B6E
:10F6600033316D001B5B313B33336D0065727200CB
:10F6700077726E00696E66006462670000000000C9
:10F680005CF6030064F603000000000000000000C8
:10F69000000000006CF6030070F6030074F603002F
:10F6A00078F603006C6F675F6261636B656E645F21
:10F6B00072747400D5230200C5230200AD2302003A
:10F6C000B122020000000000CD2202000000000074
:10F6D0003D230200A83A0020B83A002010000000A4
:10F6E0004275666665722073697A65206973206267
:10F6F0006967676572207468616E20706167650074
:10F700004572726F72202564207768696C65206786
:10F71000657474696E67207061676520696E666FD5
:10F72000000000004572726F7220256420776869BE
:10F730006C652065726173696E6720706167650032
:10F7400073747265616D5F666C6173685F65726129
:10F7500073655F7061676520657272202564206F34
:10F7600066667365743D30782530387A780000001D
:10F77000666C6173685F7772697465206572726F19
:10F7800072202564206F66667365743D307825307D
:10F79000387A7800666C61736820726561642066EF
:10F7A00061696C65643A20256400000063616C6CDB
:10F7B0006261636B206661696C65643A2025640050
:10F7C0004275666665722073697A65206973206E7A
:10F7D0006F7420616C69676E656420746F206D6959
:10F7E0006E696D616C2077726974652D626C6F63F0
:10F7F0006B2D73697A650000496E636F7272656381
:10F800007420706172616D65746572005354524565
:10F81000414D5F464C415348000000002A2A2A20EF
:10F82000426F6F74696E67204D79204170706C690A
:10F83000636174696F6E2076312E302E37302D362D
:10F840006433343634623739636232202A2A2A0A12
:10F85000000000002A2A2A205573696E67206E5224
:10F860004620436F6E6E6563742053444B2076329E
:10F870002E372E302D35636238353537306361349D
:10F8800033202A2A2A0A00002A2A2A205573696E60
:10F8900067205A6570687972204F532076332E3670
:10F8A0002E39392D31303062656663373063373435
:10F8B000202A2A2A0A00000006000000000000009A
:10F8C0000000000000C00000D0CD030001000000D7
:10F8D00000C0000000020000D0CD030002000000C4
:10F8E00000C0000000A00300D0CD03000300000012
:10F8F00000C20000009E0300D0CD03000400000001
:10F9000000C20000009E0300D0CD030005000000EF
:10F910000060040000A00300D0CD0300637C777B6F
:10F92000F26B6FC53001672BFED7AB76CA82C97DFB
:10F93000FA5947F0ADD4A2AF9CA472C0B7FD93268C
:10F94000363FF7CC34A5E5F171D8311504C723C390
:10F950001896059A071280E2EB27B27509832C1AD4
:10F960001B6E5AA0523BD6B329E32F8453D100ED2E
:10F9700020FCB15B6ACBBE394A4C58CFD0EFAAFB12
:10F98000434D338545F9027F503C9FA851A3408FDA
:10F99000929D38F5BCB6DA2110FFF3D2CD0C13ECF2
:10F9A0005F974417C4A77E3D645D197360814FDC87
:10F9B000222A908846EEB814DE5E0BDBE0323A0A6B
:10F9C0004906245CC2D3AC629195E479E7C8376DEF
:10F9D0008DD54EA96C56F4EA657AAE08BA78252E14
:10F9E0001CA6B4C6E8DD741F4BBD8B8A703EB5669D
:10F9F0004803F60E613557B986C11D9EE1F898118E
:10FA000069D98E949B1E87E9CE5528DF8CA1890D7C
:10FA1000BFE6426841992D0FB054BB1672302F617A
:10FA2000313A2020307825303878202072312F610B
:10FA3000323A2020307825303878202072322F61F9
:10FA4000333A2020307825303878000072332F6127
:10FA5000343A2020307825303878207231322F69BE
:10FA6000703A2020307825303878207231342F6C6D
:10FA7000723A202030782530387800002078707372
:10FA8000723A20203078253038780000735B2532B8
:10FA9000645D3A20203078253038782020735B254B
:10FAA00032645D3A20203078253038782020735B2E
:10FAB0002532645D3A202030782530387820207354
:10FAC0005B2532645D3A202030782530387800009C
:10FAD00066707363723A20203078253038780000E1
:10FAE0004661756C74696E6720696E7374727563B4
:10FAF00074696F6E2061646472657373202872315B
:10FB0000352F7063293A203078253038780000008E
:10FB1000556E68616E646C6564204952516E3A207E
:10FB200025640000535053454C20696E2074687260
:10FB3000656164206D6F646520646F6573206E6F0E
:10FB40007420696E646963617465205053500000CD
:10FB50002A2A2A2A2A205553414745204641554CF6
:10FB600054202A2A2A2A2A002020446976697369A7
:10FB70006F6E206279207A65726F00002020556ECA
:10FB8000616C69676E6564206D656D6F7279206167
:10FB9000636365737300000020204E6F20636F70F5
:10FBA000726F636573736F7220696E7374727563BD
:10FBB00074696F6E730000002020496C6C6567618A
:10FBC0006C206C6F6164206F66204558435F52451E
:10FBD0005455524E20696E746F205043000000004F
:10FBE0002020496C6C6567616C20757365206F66B9
:10FBF0002074686520455053520000002020417455
:10FC000074656D707420746F2065786563757465B4
:10FC100020756E646566696E656420696E737472C2
:10FC2000756374696F6E00002A2A2A2A2A204465A7
:10FC3000627567206D6F6E69746F72206578636599
:10FC40007074696F6E202A2A2A2A2A005265736509
:10FC50007276656420457863657074696F6E2028DC
:10FC60000000000053707572696F757320696E74BF
:10FC7000657272757074202849525120000000008E
:10FC80002A2A2A2A2A20257320256429202A2A2A7A
:10FC90002A2A00002A2A2A2A2A204255532046418D
:10FCA000554C54202A2A2A2A2A0000002020537466
:10FCB00061636B696E67206572726F72000000008D
:10FCC0002020556E737461636B696E672065727274
:10FCD0006F72000020205072656369736520646153
:10FCE000746120627573206572726F72000000008B
:10FCF00020204246415220416464726573733A2069
:10FD000030782578000000002020496D707265630E
:10FD10006973652064617461206275732065727215
:10FD20006F7200002020496E737472756374696F7E
:10FD30006E20627573206572726F72002020466CAF
:10FD40006F6174696E672D706F696E74206C617A73
:10FD50007920737461746520707265736572766161
:10FD600074696F6E206572726F7200002A2A2A2AE7
:10FD70002A204D5055204641554C54202A2A2A2AE3
:10FD80002A0000002020537461636B696E67206550
:10FD900072726F722028636F6E746578742061725E
:10FDA0006561206D69676874206265206E6F7420DC
:10FDB00076616C69642900002020446174612041EF
:10FDC00063636573732056696F6C6174696F6E004D
:10FDD00020204D4D46415220416464726573733A50
:10FDE00020307825780000002020496E73747275E9
:10FDF0006374696F6E204163636573732056696F26
:10FE00006C6174696F6E00002A2A2A2A2A204841F0
:10FE10005244204641554C54202A2A2A2A2A0000BE
:10FE20002020427573206661756C74206F6E207699
:10FE30006563746F72207461626C652072656164C1
:10FE40000000000020204465627567206576656EBD
:10FE50007400000020204661756C74206573636136
:10FE60006C6174696F6E20287365652062656C6FC4
:10FE700077290000415243485F455843455054207C
:10FE80007769746820726561736F6E2025780A0047
:10FE9000000000200000000000000B066D707500DF
:10FEA0004661696C656420746F20616C6C6F63617E
:10FEB0007465206E6577204D505520726567696FB7
:10FEC0006E2025750A000000506172746974696FB4
:10FED0006E2025753A2073616E69747920636865B8
:10FEE000636B206661696C65642E0000020000008F
:10FEF00004FF0300464C4153485F30005352414DCC
:10FF00005F30000000000000F4FE03002400020245
:10FF100000000020FCFE03001E000B11736F630045
:10FF20007263000067726F75700000004661696C53
:10FF3000656420746F20726561642064617461205F
:10FF400066726F6D20666C61736820617265613ADC
:10FF5000202564004661696C656420746F206F70B1
:10FF6000656E20666C61736820617265612049442A
:10FF70002025753A202564004661696C656420740B
:10FF80006F20657261736520666C617368206172B1
:10FF900065613A20256400004661696C65642074DF
:10FFA0006F207265616420646174612066726F6D98
:10FFB00020666C6173683A202564000055706C6F90
:10FFC000616420746F6F206C6172676520666F7268
:10FFD00020736C6F743A202575203E202575000033
:10FFE000736C6F740000000076657273696F6E0049
:10FFF0003C3F3F3F3E000000626F6F7461626C6582
:020000040004F6
:100000000000000070656E64696E6700636F6E6665
:1000100069726D6564000000616374697665000053
:100020007065726D616E656E7400000046616C658E
:100030006420626F6F745F7365745F6E657874209F
:100040007769746820636F64652025642C20666F6F
:100050007220736C6F742025642C2077697468207B
:1000600061637469766520736C6F74202564206108
:100070006E6420636F6E6669726D202564000000F7
:10008000696D61676573000073706C6974537461A6
:1000900074757300636F6E6669726D002568752EE6
:1000A0002568752E256875002E257500696D6167B8
:1000B000650000006C656E007368610075706772A2
:1000C00061646500496D6167652075706C6F61647E
:1000D00020696E7370656374206661696C65643A4B
:1000E0002025640049727265636F76657261626C87
:1000F00065206572726F723A20666C617368207752
:1001000072697465206661696C65643A20256400D3
:10011000414102005D420200000000002D46020045
:1001200000000000000000000000000000000000CF
:100130000000000000000000000000009D450200DB
:100140006D63756D67725F696D675F6772700000E0
:100150007175657279000000626F6F746C6F616415
:10016000657200004D4355626F6F74006D6F64657A
:10017000000000006275665F73697A650000000028
:100180006275665F636F756E7400000079490200E6
:10019000794902000000000000000000000000009B
:1001A000000000000000000000000000000000004F
:1001B0000000000000000000614902001149020037
:1001C0000000000000000000000000005548020090
:1001D000000000006D63756D67725F6F735F67721B
:1001E00070000000341B0400F0010400AB090000A3
:1001F000908700206D63756D677220736D700000CD
:100200006D63756D67725F736D700000F4010400BB
:10021000000000004E756C6C20637064206F626A91
:1002200065637420666F7220636F6E6E65637469B8
:100230006F6E202570000000426C7565746F6F74DE
:100240006820534D50207472616E73706F72742009
:100250007265676973746572206661696C65642094
:10026000286572722025642900000000C402040081
:100270003F80030000000000DC02040000000100D9
:10028000C0020400F58003000000000020070020E9
:1002900000000100C802040000000000ED4C020054
:1002A0000000000000000200BC0204007780030090
:1002B000C1A6020008070020000003000000022978
:1002C000000003280000002802487C997411269E33
:1002D000AE014ECEFB28782EDA0000000284AA6020
:1002E00074528A8B86D34CB71D1DDC538D000000E1
:1002F00000FFFFFFFFFFFF00000000000000000004
:10030000FFFFFFFFFFFF00000000000000000000F3
:10031000303132333435363738396162636465667B
:10032000000000004254204C5720575100000000AC
:1003300002FB349B5F800000800010000000000082
:1003400000000000341B0400500304000001000002
:10035000BCAE0020341B0400600304002E0000002B
:10036000D4B90020341B040070030400080000000E
:10037000B4BA002062745F6461746100756E6B6E64
:100380006F776E00546F6F20736D616C6C20282541
:100390007520627974657329206576656E742030E6
:1003A00078253032780000004461746120627566FF
:1003B000666572206F766572666C6F7720286C694F
:1003C0006E6B207479706520307825303278290082
:1003D0004E6F2070656E64696E672070657269701B
:1003E000686572616C20636F6E6E656374696F6EB1
:1003F00000000000556E61626C6520746F206C6FA8
:100400006F6B20757020636F6E6E20776974682043
:1004100068616E646C65202575000000556E616230
:100420006C6520746F206C6F6F6B757020636F6EDE
:100430006E20666F722068616E646C6520257500A1
:10044000657674206E756D5F68616E646C6573208F
:10045000283D25752920746F6F206C6172676520B7
:10046000282575203E202575290000004E6F206349
:100470006F6E6E656374696F6E20666F722068615F
:100480006E646C65202575007061636B6574732004
:10049000636F756E74206D69736D617463680000BD
:1004A0004E6F20636F6D6D616E642073656E742096
:1004B000666F7220636D6420636F6D706C65746528
:1004C00020307825303478004F70436F64652030D9
:1004D000782530347820636F6D706C6574656420A6
:1004E000696E7374656164206F66206578706563FA
:1004F000746564203078253034780000556E657856
:1005000070656374656420484F53545F4E554D5F6A
:10051000434F4D504C455445445F5041434B455427
:1005200053202873746174757320307825303278C5
:1005300029000000486172647761726520657272FB
:100540006F722C20686172647761726520636F64DA
:10055000653A202564000000556E68616E646C6524
:1005600064206576656E7420307825303278206C92
:10057000656E2025753A202573000000496E76616E
:100580006C696420484349206576656E7420736900
:100590007A65202825752900574553545F544F50DC
:1005A0004449522F7A65706879722F737562737936
:1005B000732F626C7565746F6F74682F686F7374D6
:1005C0002F6863695F636F72652E630062745F6892
:1005D00063695F6576745F6765745F666C61677396
:1005E000286864722D3E65767429202620283155AE
:1005F0004C203C3C20283129290000004153534520
:100600005254494F4E204641494C205B25735D2092
:10061000402025733A25640A00000000556E686189
:100620006E646C65642076656E646F722D737065A0
:100630006369666963206576656E743A2025730088
:10064000436F756C64206E6F74207375626D69748E
:100650002072785F776F726B3A202564000000008B
:10066000496E76616C6964204843492041434C20BF
:100670007061636B65742073697A6520282575291C
:100680000000000041434C2064617461206C656E81
:10069000677468206D69736D6174636820282575BF
:1006A00020213D2025752900556E61626C652074FE
:1006B0006F2066696E6420636F6E6E20666F7220B5
:1006C00068616E646C65202575000000556E6B6E68
:1006D0006F776E20627566207479706520257500CD
:1006E0006D61785F74785F6F63746574732065788B
:1006F0006365656473207468652076616C69642045
:1007000072616E6765202575000000006D61785F7D
:1007100072785F6F63746574732065786365656470
:1007200073207468652076616C69642072616E67FD
:1007300065202575000000006D61785F74785F7436
:10074000696D6520657863656564732074686520EC
:1007500076616C69642072616E67652025750000A2
:100760006D61785F72785F74696D65206578636527
:10077000656473207468652076616C6964207261B9
:100780006E67652025750000657272203D3D203042
:100790000000000009636F6D6D616E64206F70630F
:1007A0006F6465203078253034782074696D656F0A
:1007B00075742077697468206572722025640A0058
:1007C0006F70636F646520307825303478207374DF
:1007D0006174757320307825303278004E6F6E2D3D
:1007E0004C452063617061626C6520636F6E74724A
:1007F0006F6C6C6572206465746563746564210058
:1008000056656E646F722048434920657874656E42
:1008100073696F6E73206E6F7420617661696C61AD
:10082000626C6500485720506C6174666F726D3A57
:1008300020257320283078253034782900000000E6
:1008400048572056617269616E743A2025732028DA
:1008500030782530347829004669726D7761726589
:100860003A202573202830782530327829205665A3
:100870007273696F6E2025752E2575204275696C1F
:1008800064202575000000004661696C6564207471
:100890006F207265616420737570706F7274656427
:1008A0002076656E646F7220636F6D6D616E647328
:1008B000000000004661696C656420746F207265F9
:1008C000616420737570706F727465642076656EF4
:1008D000646F722066656174757265730000000054
:1008E00041434C2042522F45445220627566666552
:1008F0007273206E6F7420696E697469616C697AB5
:10090000656400004661696C6564207265616420FD
:1009100072656D6F746520666561747572657320AC
:1009200028256429000000004661696C6564204C3C
:10093000452053657420504859202825642900001B
:10094000556E657870656374656420737461747541
:100950007320307825303278000000004E6F207010
:10096000656E64696E6720636F6E6E20666F7220BD
:1009700070656572202573005B305D004964656EAB
:100980007469747925733A20257300004964656E93
:10099000746974795B25645D3A202573000000005A
:1009A0004843493A2076657273696F6E202573203B
:1009B0002830782530327829207265766973696F1E
:1009C0006E203078253034782C206D616E7566612C
:1009D00063747572657220307825303478000000B9
:1009E0004C4D503A2076657273696F6E20257320E6
:1009F0002830782530327829207375627665722028
:100A00003078253034780000556E61626C65207452
:100A10006F2073656E6420746F20647269766572EE
:100A2000202865727220256429000000556E6162DD
:100A30006C6520746F20616C6C6F636174652062FB
:100A40007566666572000000556E636C656172655F
:100A5000642070656E64696E672073656E745F6391
:100A60006D640000556E6578706563746564206B15
:100A70005F706F6C6C206576656E74207374617442
:100A800065202575000000006576745F666C6167FF
:100A9000732026202831554C203C3C202830292921
:100AA00000000000496E76616C6964206275662002
:100AB00074797065202575004E6F20484349206485
:100AC00072697665722072656769737465726564B0
:100AD00000000000425420545800000042542052AC
:100AE000582057510000000048434920647269763D
:100AF0006572206F70656E206661696C6564202880
:100B000025642900312E306200000000312E3100B2
:100B1000312E3200322E3000322E3100332E300092
:100B2000342E3000342E3100342E3200352E300079
:100B3000352E3100352E3200352E3300352E34005F
:100B40005374616E6461726420426C7565746F6F7A
:100B5000746820636F6E74726F6C6C657200000055
:100B600056656E646F722073706563696669632091
:100B7000636F6E74726F6C6C657200004669726DA3
:100B800077617265206C6F61646572005265736392
:100B9000756520696D6167650000000072657365A9
:100BA00072766564000000006E52463531780000B0
:100BB0006E524635327800006E524635337800006A
:100BC0006E524635344878006E524635344C7800C3
:100BD000496E74656C20436F72706F726174696FD7
:100BE0006E0000004E6F726469632053656D696327
:100BF0006F6E647563746F72000000004E58502071
:100C000053656D69636F6E647563746F7273000012
:100C100062745F6863695F636F726500400B040014
:100C2000600B04007C0B04008C0B04009C0B040084
:100C3000A80B0400B00B0400B80B0400C00B0400A8
:100C4000C80B04009C0B0400D00B0400E40B040050
:100C5000FC0B04000E030000955902000F04000075
:100C60006D5902001A0100000D5502000504000034
:100C70000B5B0300130100002D560200FF01000072
:100C8000615C02003E0100006D5B02000504000093
:100C9000B155020010010000E159020001120000EC
:100CA000F56902000A1E0000AF5C030003090000A2
:100CB0009D5E0200040B000009590200060A0000B4
:100CC000C56E0200070A0000C15D02000C050000AD
:100CD000FD550200341B0400E00C04004700000036
:100CE000D8BA0020636D6420646973616C6C6F779F
:100CF0006564000052656164205374617469632007
:100D000041646472657373657320636F6D6D616EAA
:100D100064206E6F7420617661696C61626C65003D
:100D20004661696C656420746F207265616420732C
:100D300074617469632061646472657373657300C0
:100D40004E6F2073746174696320616464726573AB
:100D50007365732073746F72656420696E20636FAE
:100D60006E74726F6C6C6572000000004F6E6C796F
:100D70002072616E646F6D207374617469632069A1
:100D800064656E746974792061646472657373203C
:100D9000737570706F72746564000000496E7661DF
:100DA0006C696420696E70757420706172616D6524
:100DB00074657273000000004661696C656420749C
:100DC0006F2072656164207075626C696320616474
:100DD000647265737300000043616E27742073654D
:100DE0007420626F7468204944454E544954592018
:100DF00026204E5250410000556E61626C65207491
:100E00006F20736574206964656E746974792061FC
:100E10006464726573730000556E61626C65207462
:100E20006F207365742072616E646F6D20616464FD
:100E3000726573730000000062745F6964000000F3
:100E4000546F6F206269672061647665727469739C
:100E5000696E672064617461000000004661696C1E
:100E6000656420746F2073746172742061647665A8
:100E700072746973657200004E6F2076616C6964EC
:100E8000206C656761637920616476004661696CF6
:100E9000656420746F2073746F702061647665726E
:100EA000746973696E673A2025640000436F6E743D
:100EB000726F6C6C65722063616E6E6F7420726508
:100EC00073756D6520636F6E6E65637461626C65CA
:100ED000206164766572746973696E672028256481
:100EE0002900000062745F616476000064697363C6
:100EF0006F6E6E65637465640000000064697363FF
:100F00006F6E6E6563742D636F6D706C65746500D4
:100F10007363616E2D6265666F72652D696E6974AB
:100F2000696174696E670000696E697469617469EA
:100F30006E672D66696C7465722D6C697374000040
:100F40006164762D636F6E6E65637461626C6500BB
:100F50006164762D6469722D636F6E6E6563746172
:100F6000626C6500646973636F6E6E656374696E4D
:100F70006700000028756E6B6E6F776E29000000A9
:100F8000556E657870656374656420666972737404
:100F9000204C32434150206672616D6500000000B4
:100FA000556E6578706563746564204C32434150BA
:100FB00020636F6E74696E756174696F6E000000F6
:100FC0004E6F7420656E6F75676820627566666522
:100FD0007220737061636520666F72204C324341EA
:100FE0005020646174610000556E657870656374AB
:100FF00065642041434C20666C616773202830781B
:10100000253032782900000041434C206C656E2069
:101010006D69736D6174636820282575203E2025F5
:101020007529000062756620676976656E20746FA9
:1010300020636F6E6E20686173206F746865722024
:1010400072656673000000006E6F7420656E6F75C8
:10105000676820726F6F6D20696E20757365725FAF
:1010600064617461202564203C20256420706F6FCA
:101070006C202575000000006E6F7420636F6E6E2B
:101080006563746564210000446973636F6E6E6507
:1010900063746564207768696C6520616C6C6F634C
:1010A0006174696E6720636F6E7465787400000008
:1010B0006E6F207472616E736974696F6E20257330
:1010C00000000000496E76616C696420282575294E
:1010D000206F6C642073746174650000636F6E6EC2
:1010E000202570206661696C656420746F206573CB
:1010F0007461626C6973682E205246206E6F69734A
:10110000653F00006E6F2076616C6964202825754C
:10111000292073746174652077617320736574008E
:10112000696E636F6D70617469626C652068616E71
:10113000646C652025750000556E61626C652074D5
:101140006F20616C6C6F63617465206275666665A3
:10115000722077697468696E2074696D656F757443
:1011600000000000466F756E642076616C69642033
:10117000636F6E6E656374696F6E20282570292019
:1011800077697468206164647265737320257320C5
:10119000696E20257320737461746520000000005F
:1011A00053656E64204C4520706172616D207570CE
:1011B00064617465206661696C656420286572727B
:1011C000202564290000000053656E642061757459
:1011D0006F204C4520706172616D20757064617480
:1011E00065206661696C65642028657272202564DB
:1011F00029000000574553545F544F504449522F23
:101200007A65706879722F7375627379732F626C67
:101210007565746F6F74682F686F73742F636F6E6A
:101220006E2E6300341B0400301204000001000025
:10123000A0BB0020341B0400401204000001000089
:10124000E0BD002062745F636F6E6E00546F6F20AC
:10125000736D616C6C204C4520636F6E6E20706105
:1012600072616D20727370004E6F20617661696CDF
:1012700061626C65204C3243415020636F6E74652F
:10128000787420666F7220636F6E6E202570000088
:10129000556E61626C6520746F20616C6C6F636168
:1012A0007465204C32434150206368616E6E656CFA
:1012B00020494400556E61626C6520746F20616C3A
:1012C0006C6F636174652062756666657220666F17
:1012D00072206F702030782530327800546F6F2084
:1012E000736D616C6C204C32434150207369676EA2
:1012F000616C696E67205044550000004C324341D8
:1013000050206C656E677468206D69736D617463DD
:10131000682028257520213D202575290000000022
:10132000496E76616C6964206964656E74207661CB
:101330006C756520696E204C3243415020504455F5
:101340000000000052656A656374696E6720756EFF
:101350006B6E6F776E204C324341502050445520C5
:10136000636F64652030782530327800546F6F20C9
:10137000736D616C6C204C324341502050445520B9
:1013800072656365697665640000000049676E6F89
:1013900072696E67206461746120666F7220756E79
:1013A0006B6E6F776E206368616E6E656C2049446A
:1013B0002030782530347800F1660300F3660300AE
:1013C0000000000000000000000000004591020045
:1013D000000000000000000000000000000000000D
:1013E00062745F6C326361700000000041545420ED
:1013F0006368616E6E656C206E6F7420636F6E6ED5
:1014000065637465640000004E6F7420636F6E6ED8
:101410006563746564000000556E61626C652074DC
:101420006F2066696E6420415454206368616E6E5B
:10143000656C00004E6F20617661696C61626C655D
:1014400020415454206368616E6E656C20666F7233
:1014500020636F6E6E202570000000004E6F2061CB
:101460007661696C61626C652041545420636F6ED3
:101470007465787420666F7220636F6E6E202570BD
:1014800000000000556E61626C6520746F2063720D
:101490006561746520555549443A2073697A652021
:1014A00025750000556E61626C6520746F20637253
:1014B0006561746520555549443A2073697A652001
:1014C000256400004572726F72207369676E696EE1
:1014D000672064617461000052616E206F75742032
:1014E0006F662054582062756666657273206F724D
:1014F00020636F6E74657874732E0000476F7420DC
:101500006572722025642C206E6F742063616C6C90
:10151000696E672041545420636200004154542096
:101520004D54552065786365656465642C206D6154
:10153000782025752C2077616E74656420257A7576
:1015400000000000546F6F20736D616C6C2041547B
:1015500054205044552072656365697665640000C7
:10156000556E68616E646C65642041545420636FED
:10157000646520307825303278000000496E76614D
:101580006C6964206C656E20257520666F7220631F
:101590006F64652030782530327800004E6F20412E
:1015A0005454206368616E6E656C20666F72204DC6
:1015B000545520257A7500004E6F2070656E646961
:1015C0006E67204154542072657175657374000014
:1015D0004154542054696D656F757420666F722094
:1015E00064657669636520257300000002020100CE
:1015F000FD73030004040100C37303000606010029
:101600003D73030008040100D77203000A020100C1
:10161000BD7203000C040100A37203000E0401005C
:10162000519F020020040100B19E0200100401003D
:10163000FD71030012020100D171030016040100C4
:1016400077690300180101007B6903001E00040094
:101650009575030052020000A77103000104020007
:10166000F9A20200030202006175030005010200F5
:1016700053750300070402004575030009010200C9
:10168000377503000B000200297503000D000200EE
:101690001B7503000F0002000D75030021020200FC
:1016A000FF74030011010200F17403001300020033
:1016B000E374030017040200D5740300190002004C
:1016C000C77403001B020300136A03001D02050018
:1016D0003B71030023040300016A0300341B040070
:1016E000E81604000201000060CB002062745F6114
:1016F00074740000756E61626C6520746F20736194
:1017000076652053433A206E6F20636667206C65D0
:10171000667400004E6F20737061636520746F20E3
:1017200073746F7265204343432063666700000053
:101730004E6F20737061636520746F2073746F72D5
:101740006520436C69656E7420537570706F727498
:10175000656420466561747572657300777269749B
:10176000652063616C6C6261636B206973206465E2
:1017700070726563617465642C2075736520737580
:101780006273637269626520636220696E73746557
:10179000616400004661696C656420746F20636C4D
:1017A000656172205343202564000000556E61621C
:1017B0006C6520746F2073657475702041455320EB
:1017C000434D414300000000556E61626C6520741A
:1017D0006F2063616C63756C617465206861736808
:1017E000000000004C696E6B206973206E6F7420DE
:1017F000656E637279707465640000004465766993
:101800006365206973206E6F7420737562736372F1
:101810006962656420746F206368617261637465D6
:1018200072697374696300004E6F20627566666545
:101830007220617661696C61626C6520746F2073DF
:10184000656E6420696E6469636174696F6E00001F
:10185000534320726573746F726520696E646963A7
:101860006174696F6E206661696C656400000000D8
:10187000434343202570206E6F7420777269746132
:10188000626C65004E6F20627566666572206176D7
:1018900061696C61626C6520746F2073656E642091
:1018A0006E6F74696669636174696F6E0000000031
:1018B000496E76616C69642068616E646C650000D5
:1018C00042616420706565723A204154542072650B
:1018D00061642D62792D75756964207273703A2088
:1018E00048616E646C6520307825303478206973E7
:1018F000206F7574736964652072657175657374A2
:1019000065642072616E6765203078253034782DEB
:101910003078253034782E2041626F7274696E679A
:1019200020726561642E0000496E76616C696420E6
:1019300064617461206C656E202575203E202575DC
:101940000000000062742F636363000062745F67CD
:1019500061747400201A04003F800300000000003E
:101960001C1A040000000100181A0400F58003008E
:1019700000000000BC07002000000100101A040055
:101980000000000000000000000000000000000057
:101990000C1A040077800300C1A60200C4070020CF
:1019A00000000300081A0400F58003000000000096
:1019B000B407002000000100001A040003800300A7
:1019C0008DA702000000000000000300FC190400C5
:1019D000F580030000000000AC07002000000100BB
:1019E000F419040051AD02000000000000000000E6
:1019F0000000010000002A2B00002A2B0000032811
:101A00000000292B0000292B0000032800000229D8
:101A10000000052A0000052A000003280000011824
:101A200000000028D81A04003F80030000000000D6
:101A3000D41A040000000100D01A0400F58003004D
:101A400000000000EC07002000000100C81A04009C
:101A5000CB7F030000000000000000000000010038
:101A6000C41A0400F580030000000000E407002011
:101A700000000100BC1A0400977F03000000000072
:101A80000000000000000100B81A0400F580030007
:101A900000000000DC07002000000100B01A040074
:101AA000637F030000000000000000000000010050
:101AB0000000042A0000042A000003280000012A74
:101AC0000000012A000003280000002A0000002A6C
:101AD0000000032800000018000000284E6F20615D
:101AE0007661696C61626C6520534D5020636F6E46
:101AF0007465787420666F7220636F6E6E20257037
:101B000000000000000000000000000000000000D5
:101B10000000000000000000A58403000000000099
:101B200000000000000000000000000062745F730D
:101B30006D700000A5850300000000002F850300E4
:101B40006E65745F627566006E65745F6275665F70
:101B500073696D706C6500000601050104010301E5
:101B6000050202010302050401010102010301044F
:101B700001060108010C011001180120014001803B
:101B800053656C65637465642041444320676169F3
:101B90006E206973206E6F742076616C696400003A
:101BA00053656C65637465642041444320726566C7
:101BB0006572656E6365206973206E6F742076614F
:101BC0006C69640053656C656374656420414443CB
:101BD000206163717569736974696F6E2074696DD2
:101BE00065206973206E6F742076616C69640000F3
:101BF000414443207265736F6C7574696F6E207613
:101C0000616C7565202564206973206E6F74207681
:101C1000616C6964000000004F76657273616D70DD
:101C20006C696E6720697320737570706F7274656C
:101C30006420666F722073696E676C6520636861EB
:101C40006E6E656C206F6E6C790000004F76657269
:101C500073616D706C696E672076616C75652025A7
:101C600064206973206E6F742076616C6964000073
:101C700050726F766964656420627566666572206D
:101C8000697320746F6F20736D616C6C20282575EB
:101C90002F25752900000000496E76616C6964206B
:101CA00073656C656374696F6E206F66206368612D
:101CB0006E6E656C730000004368616E6E656C202B
:101CC0002575206E6F7420636F6E66696775726527
:101CD00064000000616463403430303037303030AD
:101CE000000000006164635F6E7266785F7361611B
:101CF00064630000E1BB0200EDBE02005802000078
:101D0000E9BF0200C9BF020000000000636C6F63FE
:101D10006B40343030303030303000006866636CF7
:101D20006B0000006C66636C6B000000636C6F639B
:101D30006B5F636F6E74726F6C00000051C00200C5
:101D4000C1C002001C1D0400D98B0300998B030045
:101D5000241D0400C1C10200238B0300658B030016
:101D600000000000378A03000000000000000000AF
:101D700072616E646F6D40343030306430303000EA
:101D800099C40200A1C30200656E74726F70795F1E
:101D900062745F6863690000218C0300000000002A
:101DA000756E616C69676E656420616464726573E9
:101DB000733A2030782530386C783A257A750000EF
:101DC000696E76616C696420616464726573733AEC
:101DD0002030782530386C783A257A75000000007C
:101DE0006E6F7420776F72642D616C69676E6564C5
:101DF0003A2030782530386C783A257A7500000022
:101E0000666C6173682D636F6E74726F6C6C657253
:101E1000403430303165303030000000666C617322
:101E2000685F6E72660000002DC7020095C6020052
:101E3000F1C502007DC502006DC50200040000006E
:101E4000FF0000006770696F40353030303030304F
:101E500030000000FFFFFFFF000000500000000006
:101E6000000000000060004000000000A5C8020063
:101E7000978F0300A58F0300BD8F0300C98F030058
:101E8000D58F0300B1C702001B90030000000000C3
:101E9000693263006932634034303030333030307F
:101EA000000000006932635F6E7266785F74776964
:101EB00000000000003000400000000000000000B2
:101EC0000000000000009801000001018DCB02001D
:101ED000D41E040000300040E01E04000100000099
:101EE000E81E04000200000007001800120016009F
:101EF000A5CC020000000000B1CA020000000000F2
:101F000000000000F9CC02004661696C6564207431
:101F10006F20696E697469616C697A6520646576A1
:101F20006963653A20257300756E737570706F7202
:101F300074656420737065656400000031302D6243
:101F40006974204932432041646472206465766973
:101F5000636573206E6F7420737570706F72746533
:101F6000640000000001020304050607536F667455
:101F700044657669636520436F6E74726F6C6C653F
:101F800072204153534552543A2025732C20256426
:101F9000000000004E6F206576656E7420627566E5
:101FA00066657220617661696C61626C6500000033
:101FB0004E6F20646174612062756666657220618F
:101FC0007661696C61626C6500000000556E657831
:101FD000706563746564206D73675F747970653ACA
:101FE0002025752E20546869732069662D656C73F1
:101FF00065206E656564732061206E65772062726E
:10200000616E636800000000536F66744465766912
:10201000636520436F6E74726F6C6C6572206275BD
:10202000696C64207265766973696F6E3A2000008E
:10203000456E74726F707920736F7572636520647A
:102040006576696365206E6F7420726561647900DE
:102050004661696C656420746F207265676973748A
:1020600065722072616E6420736F757263652028DB
:1020700025642900416C6C6F6361746564206D6533
:102080006D6F727920746F6F206C6F773A202575B1
:10209000203C202575000000536F66744465766906
:1020A000636520436F6E74726F6C6C657200000024
:1020B00062745F7364635F6863695F6472697665A5
:1020C00072000000982004000000000000000000E2
:1020D00079D60200779203004192030062745F7325
:1020E00064635F63727970746F0000007075626C76
:1020F0006963206B6579206973206E6F7420766147
:102100006C69642028657272202564290000000033
:10211000556E6B6E6F776E20636F6D6D616E6400D0
:102120003F49F6D4A3C55F3874C9B3E3D2103F501A
:102130004AFF607BEB40B7995899B8A6CD3C1ABDD1
:1021400062745F7364635F65636468004D50534CF1
:10215000204153534552543A2025732C20256400C6
:102160004D50534C20576F726B0000006D70736CB4
:102170005F696E69740000006D70736C5F74696DE7
:1021800065736C6F745F73657373696F6E5F6F7087
:10219000656E206661696C65643A20256400000004
:1021A00074696D656F757400666C6173685F7379CF
:1021B0006E635F6D70736C0074656D7040343030A9
:1021C000306330303000000074656D705F6E726691
:1021D000355F6D70736C00000000000000000000AF
:1021E00000000000DB9A0300C1E1020000000000D3
:1021F000000000007065726D00000000746573746B
:10220000000000004255473B2063616E2774206840
:10221000617070656E000000726576657274000012
:102220005365636F6E6461727920696D61676520C3
:102230006F6620696D61676520706169722028256D
:10224000642E2920697320756E726561636861620E
:102250006C652E205472656174206974206173204E
:10226000656D707479000000496D61676520696E65
:102270006465783A2025642C205377617020747946
:1022800070653A2025730000496D61676520696EAD
:102290006465783A2025642C205377617020747926
:1022A00070653A206E6F6E6500000000020000004D
:1022B00005000000040104030402040104010403F6
:1022C000010303040104000077C295F360D2EF7F9D
:1022D0003552500F2CB679806D6375626F6F745FE5
:1022E0007574696C000000005465726D696E616CF4
:1022F000000000000000000000005454522052452D
:1023000047474553000000004661696C65642074CE
:102310006F20736574204649464F204146554C4C0A
:10232000207468726573686F6C6400004661696C44
:10233000656420746F20736574204C454420736578
:102340007175656E636500004661696C6564207433
:102350006F20736574204C45442072616E67650080
:102360004661696C656420746F20736574205050F9
:102370004720636F6E666967203100004661696CB3
:10238000656420746F207365742050504720636F1C
:102390006E666967203200004661696C656420746E
:1023A0006F20736574204C45442070756C736520F4
:1023B000616D706C69747564650000004661696CDC
:1023C000656420746F20666C757368204649464FBB
:1023D000000000004661696C656420746F20656EC2
:1023E00061626C65204649464F20696E7465727261
:1023F000757074004661696C656420746F20656E49
:1024000061626C65205050472073656E736F720077
:10241000230100004661696C656420746F20646963
:102420007361626C65204649464F20696E7465721F
:1024300072757074000000004661696C65642074F8
:102440006F207475726E206F6666204C4544730071
:102450004661696C656420746F2064697361626CA5
:1024600065205050472073656E736F720000000046
:102470004661696C656420746F20726561642073C5
:10248000797374656D20636F6E74726F6C000000F9
:102490004661696C656420746F2077616B652050BC
:1024A00050472073656E736F722066726F6D207077
:1024B0006F7765722D736176650000004661696C07
:1024C000656420746F2072656164204649464F2020
:1024D0006F766572666C6F7720636F756E7400003F
:1024E0004661696C656420746F2072656164204682
:1024F00049464F206461746120636F756E740000FB
:102500004649464F206F766572666C6F772064652A
:102510007465637465642C206469736361726469B3
:102520006E672064617461202873616D706C6573DF
:10253000203D2025642900004661696C6564207493
:102540006F2072656164204649464F206461746162
:10255000000000004661696C656420746F2072653C
:102560006164207265676973746572203078253004
:10257000327800004661696C656420746F20777260
:102580006974652072656769737465722030782597
:10259000303278006D61786D3836313631000000A8
:1025A0004661696C656420746F20736574204649C8
:1025B000464F207468726573686F6C640000000099
:1025C0004661696C656420746F20736574204354A0
:1025D000524C36004661696C656420746F20726FDE
:1025E000757465204649464F207468726573686F3C
:1025F0006C6420696E7465727275707420746F20DB
:10260000494E5431000000004661696C65642074D5
:102610006F20656E61626C652074686520696E74F8
:1026200065727275707473004661696C65642074BC
:102630006F20656E61626C6520616363656C6572B5
:102640006F6D657465722073656E736F7200000044
:102650004661696C656420746F2064697361626CA3
:102660006520696E74657272757074730000000085
:102670004661696C656420746F2064697361626C83
:102680006520616363656C65726F6D65746572204A
:1026900073656E736F7200004661696C65642074C7
:1026A0006F2072656164204649464F2073616D70EA
:1026B0006C6573004649464F206F766572666C6F95
:1026C000772064657465637465642C206469736342
:1026D000617264696E672064617461006C69733251
:1026E000647477313200000043505520657863658B
:1026F0007074696F6E000000556E68616E646C6581
:102700006420696E746572727570740053746163CD
:102710006B206F766572666C6F7700004B65726E2A
:10272000656C206F6F7073004B65726E656C207006
:10273000616E696300000000556E6B6E6F776E20EE
:102740006572726F7200000048616C74696E672078
:1027500073797374656D00003E3E3E205A455048C3
:10276000595220464154414C204552524F52202547
:10277000643A202573206F6E204350552025640055
:102780004661756C7420647572696E6720696E7439
:102790006572727570742068616E646C696E670A28
:1027A0000000000043757272656E74207468726573
:1027B00061643A20257020282573290069646C65BE
:1027C000000000009CCC03009CCC0300F4CC030070
:1027D00004CD03005CCD03006CCD03006F730000DB
:1027E000737973776F726B7100000000512563FC81
:1027F000C2CAB9F3849E17A7ADFAE6BCFFFFFFFF7C
:10280000FFFFFFFF00000000FFFFFFFFAAAAAAAA28
:10281000AAAAAAAAAAAAAAAA5555555555555555C0
:10282000555555550000000055555555522563FC2A
:10283000C2CAB9F3849E17A7ADFAE6BCFFFFFFFF3B
:10284000FFFFFFFF00000000FFFFFFFF512563FCBB
:10285000C2CAB9F3849E17A7ADFAE6BCFFFFFFFF1B
:10286000FFFFFFFF00000000FFFFFFFF96C298D8A8
:102870004539A1F4A033EB2D817D0377F240A463A9
:10288000E5E6BCF847422CE1F2D1176BF551BF37B2
:102890006840B6CBCE5E316B5733CE2B169E0F7C85
:1028A0004AEBE78E9B7F1AFEE242E34F4B60D22752
:1028B0003E3CCE3BF6B053CCB0061D65BC86987648
:1028C00055BDEBB3E7933AAAD835C65AFCFFFFFFD4
:1028D000FFFFFFFFFFFFFFFF000000000000000000
:1028E0000000000001000000FFFFFFFF00000000EB
:1028F0000000000000000000000000000000004098
:102900009559695955555455155555560405154150
:102910001054554045515544404550445055554537
:102920000040004040044496655556554540455486
:1029300051411540559155555555405105010000DF
:102940005445545445550504001004101404400027
:102950000000014055551541540400004400010099
:10296000000000404100004450444550540055557B
:102970005455655100400040010000010005010070
:10298000115451515455550500000000000000003D
:1029900000000000D6DAC7AE08DB726F2AA3264912
:1029A0002A4DA8B3980E077F00FFFFFFFF1F0064AA
:1029B0007261676F6F6E2F6C6962732F73636865E6
:1029C00064756C696E672F7372632F72656D5F68D3
:1029D000616C5F6576656E745F74696D65722E6398
:1029E00000B0EA56C88D83335088D0EB89566569AC
:1029F0006D3CB0CEB90000202020202020202020D7
:102A0000282828282820202020202020202020209E
:102A100020202020202020881010101010101010CE
:102A20001010101010101004040404040404040412
:102A3000041010101010101041414141414101019A
:102A40000101010101010101010101010101010176
:102A50000101101010101010424242424242020284
:102A60000202020202020202020202020202020246
:102A700002021010101020000000000000000000F2
:102A80000000000000000000000000000000000046
:102A90000000000000000000000000000000000036
:102AA0000000000000000000000000000000000026
:102AB0000000000000000000000000000000000016
:102AC0000000000000000000000000000000000006
:102AD00000000000000000000000000000000000F6
:102AE00000000000000000000000000000000000E6
:102AF00000000000000000696E66006E616E002834
:102B00006E756C6C29000000FFFFFFFFFF1F0000C7
:102B10001F000000000000005D40000000000000F9
:102B2000FFFFFFFF1F0000000000000000800040CA
:102B300000000000000000000C0000000000000089
:102B400000FF7F0000000000000000000000000007
:102B5000000000000000000000000000E1FC000098
:102B60000000000039A601000000000017A60100C7
:102B700000000000F9FC00000000000061A6010058
:102B80000000000000000000000000000000000045
:102B90000000000000000000000000000000000035
:102BA0000000000000000000000000000000000025
:102BB0000000000000000000000000000000000015
:102BC0000000000000000000000000000000000005
:102BD00000000000000000000000000000000000F5
:102BE00000000000000000000000000000000000E5
:102BF00000000000000000000000000000000000D5
:102C000000000000000000000000000000000000C4
:102C100000000000000000000000000000000000B4
:102C200000000000000000000000000000000000A4
:102C30000000000000000000000000000000000094
:102C40000000000000000000000000000000000084
:102C50000000000000000000000000000000000074
:102C60000000000000000000000000000000000064
:102C70000000000000000000000000000000000054
:102C80000000000000000000000000000000000044
:102C90000000000000000000000000000000000034
:102CA0000000000000000000000000000000000024
:102CB0000000000000000000000000000000000014
:102CC0000000000000000000000000000000000004
:102CD00000000000000000000000000000000000F4
:102CE00000000000000000000000000000000000E4
:102CF00000000000000000000000000000000000D4
:102D000000000000000000000000000000000000C3
:102D100000000000000000000000000000000000B3
:102D200000000000000000000000000000000000A3
:102D30000000000000000000000000000000000093
:102D40000000000000000000000000000000000083
:102D50000000000000000000000000000000000073
:102D60000000000000000000000000000000000063
:102D70000000000000000000000000000000000053
:102D800000000000000000008402002041BE01009D
:102D900047BE010073BE01004BBE01007DBE0100B5
:102DA00051BE010089BE010057BE010059BE01009D
:102DB0005BBE010069BE01006DBE01005FBE010087
:102DC00065BE010079BE010083BE01000000000065
:102DD0000000000081560300000000000001000018
:102DE00000000000000000000000000000000000E3
:102DF00000000000000000000000000000000000D3
:102E000000000000000000000000000000000000C2
:102E100000000000000000000000000000000000B2
:102E200000000000000000000000000000000000A2
:102E30000000000000000000000000000000000092
:102E40000000000000000000000000000000000082
:102E50000000000000000000000000000000000072
:102E60000000000000000000000000000000000062
:102E70000000000000000000000000000000000052
:102E80000000000000000000000000000000000042
:102E90000000000000000000000000000000000032
:102EA0000000000000000000000000000000000022
:102EB0000000000000000000000000000000000012
:102EC0000000000000000000257202000000000069
:102ED00000000000000000000000000000000000F2
:102EE00000000000000000000000000000000000E2
:102EF00000000000000000000000000000000000D2
:102F000000000000000000000000000000000000C1
:102F100000000000000000000000000000000000B1
:102F200000000000000000000000000000000000A1
:102F30000000000000000000000000000000000091
:102F40000000000000000000000000000000000081
:102F50000000000000000000000000000000000071
:102F60000000000000000000000000000000000061
:102F700000000000000000007110030000000000CD
:102F800000000000000000008004002080040020F9
:102F9000998803000000000000000000000000000D
:102FA0000000000000000000A0040020A004002099
:102FB0000000000001000000B0040020B004002068
:102FC000B8040020B8040020000000000100000048
:102FD000C8040020C8040020000000000000000019
:102FE00000000000000000000000000000000000E1
:102FF00000000000000000000000000000000000D1
:1030000000000000000000000000000000000000C0
:10301000000000000000000000000000E32D03009D
:10302000B5CF0100D5CC01008DCC010001CC010051
:103030001D2E030061CB0100152E0300A1DE01004F
:103040009DE001007DE001000000000069DC01005E
:1030500000000000000000008EC4D40FEE1AAF94F0
:10306000B246C49800F00F3A0600000000000000CD
:10307000000000000000000049E601000000000020
:1030800000000000C4EA030000001200F0EA0300A0
:103090000000080000000000000000000000000028
:1030A00055E90100000000000000000020EB0300D3
:1030B0000000100000000000000000000000000000
:1030C0008DEA0100000000000000000050EB03004A
:1030D00000001200000000000000000000000000DE
:1030E00089EB0100000000000000000080EB0300FD
:1030F00000001800000000000000000000000000B8
:10310000B9EB01000000000000000000B0EB03007C
:103110000000180000000000000000000000000097
:10312000E9EB01000000000000000000E0EB0300FC
:10313000000010000000000000000000000000007F
:1031400031E70100000000000000000010EC030067
:10315000000010000000000000000000000000005F
:1031600025E80100000000000000000040EC030022
:10317000000010000000000000000000000000003F
:1031800051ED0100000000000000000070EC0300A1
:10319000000012009CEC030000000200C8EC0300D9
:1031A00000000200312E302E3730000000000000F9
:1031B0000000000002058020050A01030000000055
:1031C00000000000E4CD030062000000E4CD030035
:1031D000190000000000000000000000A8490020C5
:1031E0000200000000000000E7420300BCF80300FA
:1031F000000000001001040006000100B5430200B9
:10320000000000008C010400090000006356030068
:10321000000000000000000000000000714C0200EF
:103220000000000000000000C802040000001400BC
:10323000000000000000000000000000000400008A
:103240004404002000000000000000000000000016
:10325000000000000000000000000000000000006E
:10326000000000000000000000000000000000005E
:10327000515D020000000000000000007407002003
:10328000740700200000000000000000F198020018
:10329000FF750300000000000000000000000000B7
:1032A0009D9B0200E36F0300CD6E0300E1950200D9
:1032B00000000000F819040000000200041A0400D5
:1032C00000000A00141A04000000200000000000A2
:1032D000000000000000000000000000357C03003A
:1032E00000000000B41A040000000200C01A04002C
:1032F00000000200CC1A04000000020000000000E0
:10330000F8070020F807002001000000010000007D
:1033100008080020080800201008002010080020DD
:10332000000000000100000020080020200800200C
:10333000000000000000000000000000000000008D
:10334000000000000000000000000000000000007D
:10335000000000000000000000000000000000006D
:10336000000000000000000000000000000000005D
:10337000000000000000000000000000000000004D
:103380000000000008000000FF0000000000000036
:1033900001000000000000009008002090080020BC
:1033A000980800209808002001002C010305000067
:1033B0000000000000000000000000000000FFFF0F
:1033C00000000000000000000000000000000000FD
:1033D00000000000000000000000000000000000ED
:1033E00000000000000000000000000000000000DD
:1033F00000000000000000000000000000000000CD
:1034000000000000FC080020FC080020F8D8002084
:1034100000000000010000002C000000000000007F
:103420001809002018090020008700200000000073
:10343000010000009000000000000000340900209E
:103440003409002024D90020000000000C000000F6
:10345000100000000000000050090020500900206A
:1034600000000000000000000E00000064090020C1
:103470006409002000000000000000000E000000B1
:1034800078090020780900200000000000000000FA
:103490000E0000008C0900208C09002000000000B4
:1034A000010000009C0900209C0900200000000091
:1034B00000000000AC090020AC090020B409002085
:1034C000B40900200000000000000000C409002032
:1034D000C4090020CC090020CC0900200C000C00FD
:1034E000080000000000000034120400E0C90020C1
:1034F0000000000000000000F0090020F00900209A
:10350000F8090020F80900200C000C000800000059
:10351000EB700300DC16040078D7002000000000E8
:10352000000000001C0A00201C0A0020240A0020C1
:10353000240A002003000300010000000000000036
:103540005403040060BA00200000000000000000E6
:10355000480A0020480A0020500A0020500A002093
:103560000200020008000000000000002412040015
:10357000A0BD00200000000000000000740A002030
:10358000740A00207C0A00207C0A0020020002004D
:103590000100000000000000D40C040068BB002003
:1035A0000000000000000000A00A0020A00A002087
:1035B000A80A0020A80A00200A000A000100000052
:1035C0000000000044030400BCB80020000000001C
:1035D00000000000CC0A0020CC0A0020D40A002001
:1035E000D40A0020040004000800000000000000CD
:1035F000E40104003CAE00200000000000000000D8
:10360000F80A0020F80A0020000B0020000B002020
:10361000010001000100000000000000640304003C
:10362000BCBA002015E015E00769980010002000E2
:1036300027AA91A46E5BA718D085875EF7122C1D70
:10364000D44B7C02B135A14522A80B357A8EAC61F2
:1036500001002000E30466F6B8470C1F29070B178A
:10366000F1E2D3E94D445E3F608087FDC711E43845
:103670002BB538B6220048003046022100D7CA23B5
:10368000243048EA8F8948D495CF3B0DD668CE9038
:10369000E31C86DF8EED19BDD5CCDC88C10221008C
:1036A000D50BA979750F2BCAD1D0A8EF1B6273680F
:1036B000897C88E1DB792A73AF6DE8A1D50FA07210
:00000001FF
