:020000040000FA
:1000000040440020A12100005D5900008D21000026
:100010008D2100008D2100008D21000000000000D6
:100020000000000000000000000000007D22000031
:100030008D210000000000008D2100008D210000B6
:10004000E9230000E9230000E9230000E923000080
:10005000E9230000E9230000E9230000E923000070
:10006000E9230000E9230000E9230000E923000060
:10007000E9230000E9230000E9230000E923000050
:10008000E9230000E9230000E9230000E923000040
:10009000E9230000E9230000E9230000E923000030
:1000A000E9230000E9230000E9230000E923000020
:1000B000E9230000E9230000E9230000E923000010
:1000C000E9230000E9230000E9230000E923000000
:1000D000E9230000E9230000E923000053B94AB9ED
:1000E000002908BF00281CBF4FF0FF314FF0FF3040
:1000F00000F00CB8ADF1080C6DE904CE00F008F882
:10010000DDF804E0DDE9022304B07047704700BF6A
:100110002DE9F04786468C460846089E15467446EB
:100120001946002B40F0C2808542B2FA82F245D9CE
:100130004AB1C2F1200300FA02FC2EFA03F3954003
:1001400043EA0C0C94404FEA154EA8B2BCFBFEF8F3
:10015000230C0EFB18CC08FB00F943EA0C4399452D
:1001600028D9EB1808F1FF3704D2994502D9A8F134
:1001700002072B44A3EB0903A4B2B3FBFEFC0EFB66
:100180001C330CFB00F044EA0344A04214D92C19A0
:100190000CF1FF3304D2A04202D9ACF102032C448B
:1001A000241A43EA07401EB1D44000233460736030
:1001B000BDE8F0874746DDE76346F1E792BB431BA6
:1001C00001214FEA154EAFB2B3FBFEFC200C0EFB33
:1001D0001C330CFB07F840EA0343984562D9EB183F
:1001E0000CF1FF3004D2984502D9ACF102002B4447
:1001F000A3EB0803A4B2B3FBFEFC0EFB1C330CFB09
:1002000007F744EA0344A7424ED92C190CF1FF33F7
:1002100004D2A74202D9ACF102032C44E41B43EA06
:100220000040C0E7C2F1200320FA03F1954090405E
:100230002EFA03F303434FEA154EAFB2B1FBFEFCB7
:100240000EFB1C10190C0CFB07F841EA0041884515
:1002500004FA02F422D969180CF1FF3004D288455F
:1002600002D9ACF102002944A1EB08019BB2B1FB19
:10027000FEFC0EFB1C110CFB07F743EA01439F42F7
:100280000ED9EB180CF1FF3104D29F4202D9ACF128
:1002900002012B44DB1B41EA004192E76046E3E7A1
:1002A0006146F7E76046A3E76346B7E7834206D9AE
:1002B00016B9002108467BE7C6E900E0F9E7B3FA82
:1002C00083F78FB9834201D3724508D8BEEB02048D
:1002D00060EB030301209C461EB9002168E7384605
:1002E000FAE7C6E9004CF8E7C7F1200CBB4022FA58
:1002F0000CF41C432EFA0CF120FA0CF3B840014325
:100300004FEA14490EFA07F5B3FBF9F81FFA84FE19
:1003100009FB18300B0C08FB0EFA43EA00439A4520
:1003200002FA07F240D9E31808F1FF3004D29A45E7
:1003300002D9A8F102002344A3EB0A0389B2B3FB5C
:10034000F9F809FB183308FB0EFE41EA03418E451C
:100350002CD9611808F1FF3304D28E4502D9A8F1D7
:100360000203214443EA0040A0FB0298A1EB0E01E6
:100370004145CE46434602D306D14D4504D2B9EBA2
:10038000020E68EB04030138002EA6D0B5EB0E0276
:1003900061EB030101FA0CFC22FA07F34CEA0303B8
:1003A000F940C6E9003198E74046C5E74346D9E73A
:1003B000F0B52E4B2E4AC3F800262E48C3F804266B
:1003C00085B0C3F808264921C3F80C26C3F81026C7
:1003D000C3F81426C3F81826C3F81C2605F038FA0B
:1003E00003F0B0FF01A800F091FC234B1B6883428F
:1003F00004D02248452105F02BFAFEE7039A204855
:10040000492105F025FA1F48492105F021FA4FF44A
:100410004041002005F08BFC044620B11A484521DC
:1004200005F016FAFEE769469DF8080000F030F87E
:10043000009B039D1D44019B1E8902F077FEAF19AE
:1004400001F06AF901F03EF901F0D4FEAB5983F3F3
:10045000088884F31488BFF36F8FBFF36F8F7B68B6
:1004600098470A48452105F0F3F9FEE700000140EE
:100470003546526E0066000030010020196600000B
:100480003C6600006B66000090660000C3660000DA
:1004900008B5024638B105480023452105F0D8F9D2
:1004A0006FF0150008BD0860FCE700BFE6660000BD
:1004B00021B1012906D06FF015007047044B53F8A5
:1004C00030007047024B03EBC0035868704700BF11
:1004D000A86200002DE9F04FD9B0DDE96489DFF8AA
:1004E000D4A1669FDAF8005038A816461C4601F0E1
:1004F000BDF8B8F1000F07D0B9F1000F04DD4A468E
:10050000414638A805F037F833897289D6F80CB01F
:1005100013449B444FF00008C3453AD838A90CA8AF
:1005200005F04FF827B120220CA9384605F067FAEC
:100530000023009322464FF6FF73314606A803F0CE
:1005400002FF804610BB20460B9E00F07BF98642DE
:100550001CD8DFF864914FF0FF370DF1120304AAA5
:1005600005A906A803F03DFF00280FDB40F09A80A4
:10057000059906A803F081FF10BBBDF812004F4A91
:100580004FF6FF7132F8023B8B4217D1DAF8005078
:100590008CE0639B629AABEB0809994528BF9946AA
:1005A0004B464146204605F061F90028EED162999C
:1005B0004A4638A804F0DFFFC844ADE79842E1D1CD
:1005C000BDF81230102B17D1BDF81060202EDDD1F0
:1005D0000599334638AA204605F048F90028D5D1B8
:1005E000324638A90CA803F082FF354B1B688342C2
:1005F000CCD14FF00108B0E7012B32D1BDF810305B
:10060000202BC3D8059938AA204605F02FF90746B4
:100610000028BBD19DF810B0BBF1200F02D94FF0DC
:10062000FF379AE7D9F80030264E0393039B9F4289
:10063000F5DA1CA801F01AF8726856F8081B12685F
:100640001CA804F098FF1CA914A804F0BAFF5A468D
:1006500038A914A805F0C3F900283FF47EAF01378C
:10066000E4E7222B7FF479AF7B1C3FF476AFD9F817
:100670000030BB42D3DDBDF81030802B86D8059901
:1006800038AA204605F0F2F800287FF47FAFFFB2C9
:10069000BDF81030009738AA20210CA800F014F8FB
:1006A0000546BCE7B8F1000F3FF470AF284659B0DB
:1006B000BDE8F08F04000020B0620000D4650000A7
:1006C00030010020B46200002DE9F04798B01646D2
:1006D0001D469DF88020394BDFF8E48053F8321036
:1006E000039103EBC20307465B68D8F800901868D3
:1006F00004AA0144302303A804F0F5F8002849D1E6
:10070000DDE903431C4405AA08AB214603A804F015
:1007100012F900283ED1069A072A3BD129490798A9
:1007200005F05DF9002835D1099A082A32D1264909
:100730000A9805F054F968BB04AA214603A804F0FE
:10074000E6F838BBDDE903A30AEB0302944221D1AA
:10075000412B1FD13544302305AA294604A804960D
:1007600004F0C1F8A0B9DDE9043213449D420FD36F
:100770002A4604A908A803F08EFE48B92A4604A90F
:1007800010A803F088FE18B99AF80030042B05D0A1
:10079000D8F80090484618B0BDE8F08700F07AFE1F
:1007A00008AB0090202239460AF1010004F080FDD8
:1007B0000128EDD1054BD3F80090EBE7B4620000BF
:1007C00004000020156700000C67000030010020C5
:1007D000094A0B78400052F820108B4209D00130B2
:1007E00052F82000834214BF4FF0FF304FF4C07026
:1007F00070474FF4C0707047BC6200001FB50F4BCC
:1008000013F830000C4601F00DFB50B920688168E8
:1008100010236A46103905F029F828B1206805F040
:1008200024F84FF0FF3006E005491022684605F035
:10083000D6F80028F2D104B010BD00BFBC620000A1
:10084000F065000013B5044603F058FE6A46014601
:10085000204603F05EFD30B10448452104F0F8FF66
:10086000002002B010BD0098FBE700BF1D6700002C
:100870002DE9F041364B88B0064600200D461C6835
:10088000FFF716FE06A9C0B201F0CCFA002858D135
:100890002946FFF70DFE2C2407A9C0B204FB05640E
:1008A00001F0C0FA002833D02C276F4306EB07086D
:1008B000069BD8F8101011F0100138D14FF4807257
:1008C0000192244A0092CDE9031122460291084682
:1008D000FFF700FE0446204BF25906989A420CD1CD
:1008E000D8F80C20B8F808309B1806D282689342DA
:1008F00003D21A4B1B68A34220D035B38268002173
:1009000004F0DEFF164A1748452104F0A1FF13E06A
:10091000079804F0F0FF0746079804F0A6FF631E4F
:10092000E21C13F8011FB942BED19342F9D11DB1A7
:100930000699304603F0CCFE0B4B1C68069804F079
:1009400094FF204608B0BDE8F081084ADBE700BF0D
:1009500004000020D40E00203DB8F39630010020A2
:10096000606700006A670000000000205867000010
:100970007FB50D46044600212846CDE9021103F05B
:1009800066FE28B32368194EB34203D103AA20465A
:1009900003F0F2FDE36AB34204D102AA012120462A
:1009A00003F0EAFDDDE90232934288BF0393039B23
:1009B000AB60039A2946204600F0A8FB0C4B1A684E
:1009C000002A03DD0B48572104F042FF04B070BD3C
:1009D00001A9FFF713FF019805F1080103F099FD44
:1009E000AB680198039304F040FFE2E73DB8F3964B
:1009F000940D0020926700002DE9F84FDFF870B0E9
:100A00001C4C1D4D884691469A4600260B9B9E42E3
:100A100001D300200FE00B9B154A9F1BB7F5806F99
:100A200028BF4FF480673B4606EB0A01404604F0BE
:100A30001DFF10B10120BDE8F88F0A993B465A46C8
:100A40007118484604F027FF0028F3D1C4F8005677
:100A50003E44C4F80456C4F80856C4F80C56C4F80A
:100A60001056C4F81456C4F81856C4F81C56CDE7EE
:100A700034090020000001403546526EF0B5994B14
:100A800043620E46984B0365002189B00446084630
:100A9000FFF70EFD04F120010546C0B201F0C2F9D6
:100AA0000346E8B90121FFF703FD04F14C010546B7
:100AB000C0B201F0B7F90346E0B9204603F09DFD4E
:100AC0000546C8B900221146204603F03FFD054601
:100AD00060B386480022572104F0BAFE01239CE04F
:100AE0000022CDE90023824800232A46452104F054
:100AF000AFFEFEE70122F4E77E488022572104F092
:100B0000A7FE01239D4284F85830DBD194F8583079
:100B10008DF81730042B00F28380012B00F28780C0
:100B200000F09A80FF2384F8583095E0204600F0CA
:100B3000FFF90028D2D004A803F080FD014620462A
:100B400003F01BFE18B16C482A465721C4E704A8DD
:100B500003F07DFD80F0010104AAC9B2204603F034
:100B6000F5FC02460028B4D104A803F070FD054648
:100B700060BB04A92046FFF7FBFE9DF8173084F800
:100B80005830033B012B06D8284600F0E5F810B199
:100B9000FF2384F858309DF81730023B022B0BD806
:100BA000002000F0C3F838B1FF2384F858305348D0
:100BB000452104F04DFEFEE794F85830FF2BF6D0A7
:100BC00004AA0021204603F0C1FC87E79DF81770B6
:100BD000012F17D1104602F037FB831E022B05466A
:100BE0000DD839462046FFF743FE454B1B68984217
:100BF00005D0444B1D68A84214BF0525012584F883
:100C0000585083E701212046FFF732FE3C4B1B681A
:100C100098420CBF9DF81730052384F8583075E7CB
:100C2000052B7FF47FAF002000F096F811E004A9B7
:100C30002046FFF79DFE94F85830DA1E012A14D89A
:100C4000002000F089F800287FF46CAF002000F04D
:100C50006DF800287FF466AF94F85830FF2B07D169
:100C60002648452104F0F4FDFEE7022BF4D1EDE720
:100C70000022012B244D039214D01146204603F08C
:100C800065FC78B12D68102200210DEB020004F004
:100C9000C1FEE06C04F0E9FD206A04F0E6FD2846A0
:100CA00009B0F0BD00212046FFF7E2FD144F3B687C
:100CB0009842E7D12B689842E4D0124B1B689842C7
:100CC000E0D0039B01330393039B012B00D0FEE78D
:100CD000206A03F01CFB3071236A5B6834603D6856
:100CE000B360D0E7340500203401002050680000D4
:100CF000C16700000E6800007C680000A668000064
:100D000030010020000000200400002038B5064D0E
:100D1000044660220021284604F07CFE2146284635
:100D2000FFF7ACFE38BD00BF340D002013B5094BF2
:100D300001A913F8300001F075F848B9019805F0E1
:100D4000E4F80446019804F090FD204602B010BD7E
:100D50000124FAE7C46200001FB50F4B01A913F884
:100D6000300001F05FF8A8B9019802A902F016FA64
:100D7000044668B99DF80B30032B03D1019805F0A8
:100D800092F80446019804F070FD204604B010BDAE
:100D90000124F7E70124F8E7C46200002DE9F341DC
:100DA00006460C4617461D460BB9002628E0184695
:100DB00003F04DFC0028F8D16946FFF71FFD0098AD
:100DC00038B90124009804F050FD204602B0BDE877
:100DD000F08101A903F09DFB0028F2D1009804F0F6
:100DE00044FD3046019903F015FD736A5E686B7926
:100DF000012B21D1002CD8D12B68834298BF00262B
:100E000021460020FFF754FB6946C0B201F00AF802
:100E10000028D6D1009820233A46314604F026FD1A
:100E200004460028CDD1002DCCD03C680D4BE41AEF
:100E300018BF4FF0FF34C5E7022BB6D12B68012B4A
:100E400005D98342B1D8B4FA84F46409ADE7ACD1D2
:100E5000002CD5D0012CA8D12C79023C18BF01243C
:100E6000A3E700BF3DB8F3962DE9F04F074685B0E4
:100E70000C46014600201646FFF7AAFC051E50DB73
:100E80003846E46D03F03AFB5FFA84F96B1E09FB08
:100E900003084FF0000A4FF0010B4FF0FF349DB9EB
:100EA000BAF1010F03DD2148452104F0D1FC631C98
:100EB00006D07F2C2ADC013440F201133460B38069
:100EC000284605B0BDE8F08F6B1E00930DF10F02B0
:100ED00001234146384604F0C9FC031E019322DB7E
:100EE00001220DF10F01384604F078FF019B40B15B
:100EF0005B4501D00AF1010A009DA8EB09089B4659
:100F0000CDE7B4F1FF3F08BF2C46F5E70223803C54
:100F10007371631004F001040133013433603471E0
:100F2000CEE70725CCE70125CAE700BFB26800007D
:100F300070B5866A456D044603F05BFCAE420AD08C
:100F40006B1CB34207D0834205D01448572104F0EC
:100F50007FFC002070BD802E1CD911485721F6E778
:100F6000626A216D02EBC30201EBC301526849685A
:100F7000914202D00B485721E9E701339D42EFD15E
:100F8000AE4205D9636A03EBC5035B689342F1D1B6
:100F90000120DFE700231A46F0E700BFD568000014
:100FA0000D6900003C69000000B589B004A9022069
:100FB00004F086FF9DF81020012A41D0254B2649D8
:100FC000032A08BF0B469DF8132002929DF81220B9
:100FD00001929DF81120214800924921204A04F0F5
:100FE00037FC06A9052004F06BFF9DF81820012AA4
:100FF00028D0184B1849032A08BF0B469DF81B2020
:1010000002929DF81A2001929DF81920009213482F
:10101000144A492104F01CFC9DF81030012B13D117
:101020009DF81230032B0FD19DF81830012B0BD0F7
:101030000D48492104F00CFC022009B05DF804FBC6
:101040000A4BC0E7094BD9E70948492104F000FCE5
:101050000020F2E7686900007169000085690000FE
:1010600077690000C6690000D66900006C6900005D
:10107000F569000070B54B6814461E4A03F0FF2363
:10108000934286B006460D462FD10B68012B2CD11A
:1010900004A9204602F082F89DF81020012A26D0EB
:1010A000154B1649032A08BF0B469DF813200292E0
:1010B0009DF8122001929DF8112000921048114ACB
:1010C000492104F0C5FB9DF81030032B0DD12146BA
:1010D000304603F0FDFA204604F0E5FEA9682046FC
:1010E00003F025FA204602F039F806B070BD064B31
:1010F000DBE700BF000100046869000071690000BF
:1011000085690000C66900006C6900002DE9F04F98
:10111000164689B005460C467448492104F098FBF0
:101120003146284603F076FB6B6A824620465E68AD
:1011300003F08DFAE8B1E86D03F0DBF9AF6A002344
:10114000013F3344834201D2013FFAE7BA4510D34D
:101150006748572104F07CFB07FB06F365480AFB50
:101160000662572104F074FB0123E37109B0BDE866
:10117000F08F06A9022000F055FE07A9052000F017
:1011800051FE079A21462846FFF774FF6379012B29
:101190004BD1DFF864B1574641E02268C2F1010348
:1011A00053449F423AD86B6A196853F8370003EBEF
:1011B000C703012A53F8083CA3EB0103A0EB010984
:1011C000049311D1079B0393E368022B08D0414697
:1011D000284603F07DFA22464146284603F0AEFA3F
:1011E0000399284603F074FA32464946404603F014
:1011F0006DFA049B42464146CDE900962846FFF72A
:10120000FBFB2146284603F02FFA236801332360B5
:1012100020B1DBF800300133CBF80030013FDDF8BE
:101220001880002FB9D101232360022363710127A5
:10123000BA45DDF8189006D2484604F016FB079828
:1012400004F013FB92E723689F424DD36A6ADDF8EE
:101250001CB052F837100491FB00083B1168039151
:10126000D1582A6DD0581368A0EB03082379012BBD
:1012700038D1039B3246C91A4846059103F026FA35
:101280000599009143464A46594601962846FFF77C
:10129000B3FB2146284603F0E7F90223237118B176
:1012A000154A13680133136032464146584603F02D
:1012B0000DFADDE9032349469B1ACDE900865A461B
:1012C0002846FFF799FB2146284603F0CDF923680D
:1012D000013323600123237130B1074A13680133BE
:1012E000136001E0022BDFD00137A1E70C6A000098
:1012F000356A0000646A0000940D00200A4619B1A6
:10130000024B00211B681847704700BF08000020EF
:10131000F0B5082289B003F04AFCCB6A03930B6B4B
:1013200004934B6B05938B6B0693CB6B0793134620
:101330006A460C460646002711461046CDE901775D
:10134000009703F042FB31460546304603F03DFB73
:10135000216B0391616B0491A16B0591E16B0544D5
:10136000CDE906171046114603F02FFB3146054420
:10137000304603F02AFB0544206A0090606A019021
:10138000A06A0290A06B0690E06B07903046CDE912
:101390000477039703F019FB0544606A0090A06A84
:1013A000D4F838C00190E06A0290CDF810C0606BAC
:1013B000D4F83CC00390CDE905C0206A07903046C0
:1013C00003F003FB0544E06A0090206B0190606B22
:1013D0000290206A0690A06A07903046CDE9047713
:1013E000039703F017FC236B0093636B0193A36BCC
:1013F0000293E36B0393636A0693E36A07932D1AE0
:101400000823304603F006FC636B0093A36B019343
:10141000E36B0293236A0393636A0493A36ACDE99F
:101420000537236B07932D1A0823304603F0F2FB90
:10143000A36B0093E36BCDE90137636A0393A36A5F
:101440000493E36A0593636B07932D1A08233046D0
:1014500003F0E0FB2D1A10D40D4C35B908223146AB
:10146000204603F0B0FB01280FD008232246314666
:10147000304603F0CFFB2D1AEFE7054A082331462B
:10148000304603F0A2FA2D18F8D409B0F0BD00BF21
:10149000D062000000487047CC6200002DE9F04F98
:1014A0009DB0036802934368039383680493C36801
:1014B0000593036906934369079383690893C36996
:1014C0000993DDE9062CDDE904BEDDE90246984614
:1014D000DFF890A1089B00930027CD595AF8049B90
:1014E0000CAB2DBADD514FEAF223A94483EAB213C3
:1014F000009D83EA72634B4425EA020502EA0C0967
:1015000085EA09052B44434486EA0B054FEA743803
:1015100088EAB408254006EA0B0985EA090588EA45
:10152000B4580437A844402F03EB0E054344DE466D
:10153000DDF8008040F087804B490A914FF0100A97
:1015400051460AF1010A0DF1700E0AF00F070EEB79
:10155000870701F00F0957F8407C01974FEAB74819
:1015600088EAF71801F10E0707F00F070EEB87075F
:10157000093157F8407C4FEAF74E8EEA774ECDF8A6
:101580002CE001F00F010DF1700E0EEB81010EEB5E
:10159000890951F8401C59F840EC7144DDF804E029
:1015A00088EADE08DDF82CE041448EEA972E71448B
:1015B00005EA02084FEAF52E2CEA050787EA080734
:1015C0008EEAB51EDDF8288049F8401C8EEA756E5B
:1015D000774458F804EFCDF8288077440F440099F9
:1015E000CDF800C039444FEA733E84EA06078EEA1C
:1015F000B30E1F4004EA06088EEAB35E87EA0807C6
:101600007744BAF1400F01EB0B0E0F44B34622D1E1
:1016100002993944016003991944049B41602344B1
:101620008360059B3344C360069B73440361079B3F
:101630002B444361089B13448361099B6344C3614A
:101640001DB0BDE8F08FCDF800C0B34694462646E5
:101650002A461C4641E7944626462A461C467546BD
:101660003B466DE77C630000B863000010B504469C
:10167000C8B17022002104F002F80B4B0B4A0C4950
:101680000C48C4E900230C4BC4E902130B4BC4E91A
:1016900004030B4BA36103F17453A3F52303A3F6D7
:1016A0009243E361012010BD85AE67BB67E6096A1E
:1016B00072F36E3C7F520E513AF54FA58C68059B34
:1016C000ABD9831FBFF36F8F72B6124B4FF0FF324F
:1016D000C3F88020C3F88420C3F88820C3F88C2086
:1016E000C3F89020C3F89420C3F89820C3F89C2036
:1016F000C3F88021C3F88421C3F88821C3F88C2162
:10170000C3F89021C3F89421C3F89821C3F89C2111
:10171000704700BF00E100E01A4B70B54FF0FF3496
:1017200001265E60C3F84843C3F8084303F5C0438D
:10173000154D5E60C3F84843C3F8084303F598337A
:1017400002205E60C3F84843C3F80843C5F8084365
:1017500000F0B2FD00236E60C5F84C31D5F84C2185
:10176000C5F81031D5F81021C5F84431D5F8442119
:10177000C5F80035054BC3F808454FF08043C3F862
:10178000084370BD00B000400020004000F0014060
:10179000014B1B68184700BF0C00002007B50B4623
:1017A000002102460091034800F006F803B05DF8FE
:1017B00004FB00BF911700002DE9F04F8DB01D46CE
:1017C000531E8246019103934FF00009039B587802
:1017D000252803F1010419D11E4600204FF0FF38DF
:1017E000023603460290444631780396392954D88C
:1017F0001F2914D8002900F0EE8101992520D04737
:1018000001993078D04709F10209DFE7002800F09C
:10181000E2810199D04709F101090394D6E7A1F1CA
:101820002002192AE9D801A757F822F095180000DC
:10183000FB170000FB17000095180000FB170000C5
:1018400015190000FB170000FB170000FB17000034
:10185000FB1700006119000095180000FB1700003D
:101860007519000021190000FB1700002F19000056
:101870004F1900004F1900004F1900004F190000C8
:101880004F1900004F1900004F1900004F190000B8
:101890004F19000008460136A6E7582900F0EB80F2
:1018A000A1F16302D7B2172FA7D8172AA5D801A78D
:1018B00057F822F01D1B00009B190000FB170000C9
:1018C000FB170000FB1700007B1900009B190000AC
:1018D000FB170000FB1700007B190000FB1700003E
:1018E000FB170000FB170000511A0000FB17000057
:1018F000FB170000F11A0000FB1700009B19000005
:10190000FB170000FB170000511A0000FB17000036
:101910007B19000001992520D04709F1010955E7FD
:10192000029A02F0FE0202924FF00008B3E7002C88
:101930000DDAB8F1000F0DDA029A002A00F04381A7
:1019400024EAE4740A2202FB0414303CA3E7B8F151
:10195000000FF5DB0A2202FB0812A2F130089AE719
:10196000B8F1000F55F8042B80F22F81002A80F285
:101970002E815442022202928DE7682903D1682BFE
:1019800006D1482387E76C2902D16C2B00F0218116
:10199000002B7FF432AF0B467DE77A2B06D17529F9
:1019A00055F8046B14D14FF0000B0CE06C2BF6D003
:1019B0004C2BF4D1073525F007037529D3E9006BCB
:1019C00003F1080506D120283BD1854F013C09E0F1
:1019D0004FEAE67BBBF1000FF5DA7642814F6BEB05
:1019E0004B0B013C0DF12D0305930023049330466E
:1019F00059460A220023FEF771FB059B303203F89B
:101A0000012DB4460593049B5A46BCF10A0F8B4640
:101A100072F1000203F1FF3106460491E7D2C3F1EF
:101A2000010B30330DEB0306B8F1000FA6F10406ED
:101A30006DDA029BD9077DD4A8EB0B03A4EB0B0452
:101A400013E02B280ABF684F684F04F1FF34C9E741
:101A500070290FD155F8042B0023FAB9634F644E57
:101A6000053C6FF004034FF0050B029A920770D407
:101A7000A04666E078216C2B03D155F8042B002397
:101A800008E04C2BF9D1073525F007031D465B68AC
:101A900055F8082B232825D1880621D5554F023C1F
:101AA00001F06001A1F1390B0DF12D0E002602F0BD
:101AB0000F01092988BF594430310EF8011D102A41
:101AC0004FEA121141EA03714FEA131C73F100034C
:101AD00006F1FF3008D2C6F1010B06F13003A1E791
:101AE000454FDCE7414FDBE706460A466346DEE743
:101AF00055F8046B304603F06BFFB8F1000F8346D6
:101B000002DB4045A8BFC346384F4FF00008A8EBA2
:101B10000B03002B92DDA4EB0804A6E755F8043B69
:101B20008DF81830314F013C4FF0FF334FF0010B6F
:101B300006AE9AE7A046EAE7029301992020D04733
:101B4000029BB8F10108F7D524EAE472013C914404
:101B5000A41AB84606E0049302920199D047029A6B
:101B6000049B9046424612F8010B0028F3D11A4616
:101B7000013A15D5002BACBFC7EB03077F425B468C
:101B8000013B15D5BBF1000FA8BF5F444F4426466B
:101B9000013E14D5002CA8BF3F1907EB080915E634
:101BA0000493029201993020D047049B029ADFE708
:101BB0000293019916F8010BD047029BE0E70199C7
:101BC0002020D047E4E70122D5E6904663E614469C
:101BD00061E64C235FE648460DB0BDE8F08F00BFDC
:101BE000F26A0000F06A0000F46A0000B1680000C8
:101BF000FC6A0000F66A0000F96A00002DE9F0476F
:101C0000058B04462807904611D4022905F00705E4
:101C100040F0CC80204603F043FD78B10138218BA1
:101C2000042811D8DFE800F0C2106D859500012965
:101C30000CBF45F0100545F02005258388F3118879
:101C4000BFF36F8FBDE8F08701F0070AAA4500F0E7
:101C5000A5800027B9463E46A368002B00F0BC8053
:101C600041F00801218388F31188BFF36F8FA168C9
:101C7000002900F0BA800D68002900F0B680D1F884
:101C80000480334652462046C047002D76D02B684C
:101C900029461D46F0E701F007035A1F012A1BD809
:101CA000002221F00701062B276889B2C4E900222F
:101CB00009D13B4603E0628B013262831B68002B33
:101CC000F9D141F002012183204603F0E9FC00280C
:101CD0007AD041F0200176E0042B0AD121F00701EF
:101CE00089B22183204603F0DBFC10B141F02001D2
:101CF0002183218B01F0070AAA454FD00027B9465E
:101D0000AAE7236921F0070141F00601062DD3F867
:101D1000009021832DD1B9F1000F3FD041F008018F
:101D2000218388F31188BFF36F8F3A492046C84753
:101D300029E021F00701236941F0040189B2042D53
:101D4000D3F804902183E6D000273E464FF0040AE2
:101D500082E721F00701236941F0050189B2052DD1
:101D6000D3F808902183D6D000273E464FF0050ACD
:101D700072E700273E464FF0060A6DE72B4687E7DD
:101D8000B9F1000FD1D1EFF31188202383F312882A
:101D9000BFF36F8F238B23F008032383258BEA0681
:101DA0002ED525F01003238305F007056669218BE6
:101DB000002EBFF670AF00232768C4E9003321F07E
:101DC000070141F001012183218B01F0070AAA4597
:101DD0004FF000097FF440AF002F9CD041F0080184
:101DE000218388F31188BFF36F8F002FC8D03D681F
:101DF000394633465246204603F07EFC2F46F4E730
:101E0000AB067FF51BAF25F02003238305F0070504
:101E100000E700BF25570000014B0360002070471A
:101E20008064000070B5114B1C680D46DCB1104B8E
:101E3000196800238B4202DB6FF0010070BD22465F
:101E400012F8106B864202D001331446F2E7E068C4
:101E500010B96FF01200F1E704F000F90028F8D093
:101E60002C600020EAE76FF00C00E7E7100000208C
:101E70008064000070B588B005460C46C0B2694663
:101E80001646FFF7CFFF00281BDB0098C8B1436858
:101E90000293836822680195CDE903360023CDE9DA
:101EA00006230593C56803F0E0FC6DB12846084998
:101EB00001AA03F0AFFE079808B9059B236008B09C
:101EC00070BD6FF01500FAE76FF01200F7E700BF82
:101ED0000559000008B5054803F0D5FB044803F098
:101EE000D2FBBDE80840034803F0CDBB026B000005
:101EF000336B0000666B000030BFFFF7FDBF00BF13
:101F000070B5264B15469A6A12F0100F9A6A14BFE4
:101F10001124102412F0080F9A6A18BF1224920795
:101F200006460AD5586B9A6A140634D519B19A6ACE
:101F300022F080029A62132401E06FF01500174B23
:101F40009A6A12F0010F9A6A18BF142412F0200F37
:101F50009A6A18BF1524D20602D49B6A9B070AD539
:101F60000E4B5B68190506D5314600F0FBF910B140
:101F700080F309880224094B9A6A920642BF5A6A82
:101F800022F400525A629A6A42F0FF029A620023D7
:101F90002B70204670BD6FF01500CCE700ED00E01F
:101FA000134B9A6A12F0007F9A6A14BF1E201D20FC
:101FB00012F0807F9A6A18BF1F2012F4002F9A6ACD
:101FC00018BF212012F4802F9A6A18BF222012F421
:101FD000003F9A6A18BF232012F4803F9A6A6FEA82
:101FE00002426FEA12429A6218BF2420704700BF73
:101FF00000ED00E010B5194B0246986A9C6A10F497
:10200000805F14BF1720162014F4006F9C6A18BF5D
:102010001820A40509D5986B986A000404D51AB154
:102020009A6A22F400429A6219200C4B9A6A12F4BE
:10203000806F9A6A18BF1A20D2050CD49B6A13F4D9
:10204000005F18BF1C20054A936A43F47F439362E4
:1020500000230B7010BD1B20F5E700BF00ED00E072
:1020600070B5454B5B688AB00546C3F3080300268C
:1020700086F31188BFF36F8F02F07F40B0F17F4F7E
:1020800011D102F00C0008280DD010074CBF0D46EE
:1020900001260022033B8DF80720032B05D8DFE83B
:1020A00003F01E5D615A3546F3E700249DF80730C2
:1020B0009BB92022294602A803F0A1FC099B002E0F
:1020C00054D0C3F3080222B96FEA53236FEA4323C3
:1020D000099302A9204603F037FC0AB070BD264BD5
:1020E000DA6A9107E1D4DA6A002ADEDBDA6A5200A2
:1020F000DBD55A69A96942F480725A61BFF34F8FE8
:10210000BFF36F8F5A6931F8021C22F480725A6152
:10211000BFF34F8FBFF36F8F4DF6027291420AD01B
:102120009A6AD2B24AB10DF1070201212846FFF79F
:10213000E7FE0446BAE72C68B8E79A6A12F47F4FC4
:1021400005D00DF107010120FFF754FFF1E79B6A6D
:10215000B3F5803FA9D3FFF723FFEAE70DF10702AC
:102160000021E3E70DF107010020EDE723F4FF7301
:1021700023F00103ACE700BF00ED00E0024A536921
:1021800043F010035361704700ED00E0EFF3088067
:10219000EFF3098101B57246FFF762FF01BD00BF91
:1021A000002080F31488BFF36F8F01F0FBF800204C
:1021B0000D490860BFF34F8F0C4880F3088800F08A
:1021C0002BF8202080F3118809484FF4046140184F
:1021D00080F30988EFF314800221084380F3148808
:1021E000BFF36F8F00F0A2F894ED00E040440020B0
:1021F000001400200749D1F890200023C2F30722E1
:102200001846934200DB7047C1F89830C1F8A0002F
:102210000133F6E700ED00E008B572B6002383F362
:102220001388FFF7E7FF144B4FF0FF32C3F880200D
:10223000C3F88420C3F88820C3F88C20C3F890200A
:10224000C3F89420C3F89820C3F89C20C3F88021D9
:10225000C3F88421C3F88821C3F88C21C3F89021E6
:10226000C3F89421C3F89821C3F89C2162B6BFF348
:102270004F8FBFF36F8F08BD00E100E01EF0040F29
:102280000CBFEFF30880EFF30980816911F8021C9D
:102290000229FFD001B503F05DFB01BD40B200286B
:1022A00007DB044A4109012300F01F00834042F884
:1022B0002130704700E100E040B200280CDB430908
:1022C000064900F01F0020330122824041F82320FC
:1022D000BFF34F8FBFF36F8F704700BF00E100E087
:1022E000054B420900F01F0053F82220012303FA96
:1022F00000F01040704700BF00E100E040B200284D
:10230000A8BF00F1604001F10101B8BF064B4FEAE0
:102310004111ACBF00F5614000F00F00C9B2B4BF7D
:10232000195480F80013704714ED00E00B4A08B50B
:102330000B4B22F07F029A60BFF34F8FBFF36F8F7A
:10234000D3F8882022F47002C3F8882001F0D0FE70
:1023500001F016FF00F03CF801F0D6FE000000008E
:1023600000ED00E010F1160F074B08D0984208D39B
:102370004033834205D98B4203D904487047403328
:10238000F9E70020704700BF401C0020801C00209F
:1023900080B584460C4615461E46074F87F30988CC
:1023A0004FF0000005498847204629463246E0475D
:1023B00003488047FEE700BF8044002075590000B5
:1023C00083590000014B10221A61704700ED00E0B4
:1023D000044800232021C2180133272B82F8001360
:1023E000F9D1704700E100E008B5EFF30583064A34
:1023F000103B02EBC30152F8330049688847BDE83F
:10240000084003F0B2BA00BF60610000024B034A0B
:102410000348022100F066B80000012000000020FF
:10242000E4640000084AC2F898000B6823F01F0318
:10243000034343F01003C2F89C308B6843F0010360
:10244000C2F8A030704700BF00ED00E02DE9F04376
:10245000DFF8608085B00E461F4604464FF0000945
:10246000B14523DA6068D8B13FB1411E08421BD1A3
:102470001F2819D92368194216D12368019303F044
:1024800097FAA36803430393D8F89050C5F3072540
:10249000D0B2013DA84207D801A9FFF7C3FF421CF3
:1024A00009F101090C34DBE76FF01502104605B0A5
:1024B000BDE8F08300ED00E0044B0522C3F8942052
:1024C000BFF34F8FBFF36F8F704700BF00ED00E089
:1024D000BFF35F8F024B0022C3F89420704700BF08
:1024E00000ED00E010B5034C01232278FFF7AEFFAA
:1024F000207010BDD40F00202DE9F043534B544CF5
:10250000D3F890302568C3F307239D4285B000F2CD
:102510009A80FFF7DDFF00200C2685421AD14D4C32
:102520004D4F25706846FFF777FCDFF82081DFF814
:102530002C9106460025AE4213D123784349002052
:10254000D1F89020C2F30722934276DBFFF7B4FF65
:10255000002042E0616806FB0011FFF763FF0130D5
:10256000DBE7009800EB05114FEA051CCB683B4008
:10257000B3F5000F48D00AD8B3F5001F30D0B3F53B
:10258000800F36D0B3F5801F10D00135D3E7B3F1FB
:10259000807F42D0B3F1007FF7D150F80C308868CB
:1025A0004A6803F005FA40F4802009E050F80C3046
:1025B00088684A6803F0FCF940F0885040F4302005
:1025C000CDE901230390D8F890302078C3F3072396
:1025D000013B98422AD96FF0150005B0BDE8F083A1
:1025E00050F80C3088684A6803F0E2F940EA0900C4
:1025F000E6E750F80C3088684A6803F0D9F940F0F3
:10260000007040F40030DBE750F80C3088684A680E
:1026100003F0CEF940F08270D2E750F80C308868B1
:102620004A6803F0C5F940F08870C9E701A9FFF7CF
:10263000F9FE237801332370A7E7C1F89830C1F879
:10264000A00001337CE74FF0FF30C6E700ED00E06B
:10265000FC640000D40F00200000F0FF000008110F
:10266000044A0123C2F840354FF080420020C2F8EE
:102670007835704700E0014020B1034B800143F002
:1026800001031847704700BFA0620000084B70B5F7
:10269000C31A0D4607499B10044659430648402279
:1026A00003F0CAF92B4601462046BDE870401847A2
:1026B000AC0D0020B76DDBB62461000073B50C4C87
:1026C0000C4A4023041B00930D460B460A49A410F4
:1026D00061430646094803F0DAF9011E05DA30467F
:1026E0002B4602B0BDE87040184702B070BD00BF75
:1026F000AC0D0020FD5A0000B76DDBB62461000070
:10270000002270B5012104461046FFF7F7FD0F487F
:1027100001F034F80E4B984215D101F03FF82669CC
:102720000C49304603F00BF800280BDB012535641B
:102730002469084904F11C0003F001F8002801DBBA
:10274000E564002070BD6FF00400FBE77528000011
:102750000000AD0B1C65000010B5074C23782BB9A9
:102760004FF4A57003F075FC01232370BDE8104001
:10277000002001F025B800BFD50F002010B5EFF301
:102780001184202383F31288BFF36F8F074A1368E5
:1027900023F00201DB07116002D4012003F0CEFB1D
:1027A00084F31188BFF36F8F10BD00BFFC0D0020B4
:1027B00030B4104B0C2202FB003301460020D3E959
:1027C0000E529863EFF31180202484F31288BFF334
:1027D0006F8F1C6C04F0C00444F002041C6480F38E
:1027E0001188BFF36F8F1DB12B46034830BC1847CB
:1027F00030BC7047AC0D00202461000010B4EFF332
:102800001182202383F31288BFF36F8F174801686A
:1028100041F002040460C80707D482F31188BFF3B3
:102820006F8F012010BC00F0CBBF4FF08041D1F87A
:102830000C04D1F80C14C907EFD5EFF3118083F322
:102840001288BFF36F8F0A490B6C03F0C00343F08B
:1028500002030B6480F31188BFF36F8F82F311883A
:10286000BFF36F8F002010BCFFF7A2BFFC0D00204C
:10287000AC0D002010B1012804D07047034B1B6C35
:102880005B0701D1FFF794BF704700BFAC0D00207C
:102890002DE9F8433649BFF35B8F0746012251E823
:1028A000003F41E800200028F9D1BFF35B8F33B926
:1028B000304931484B60CB608A6002F053FF7B1E89
:1028C000012B2DD8012F07D14FF08043D3F81C34B2
:1028D00003F00303012B23D003F001FC054608BBE2
:1028E000264B1B78F3B14FF080430222C3F8082334
:1028F0000646DFF88C904FF080444FF00108D4F882
:102900001824D4F81834D20315D503F00303012B8F
:1029100001D0012F0FD125B386F31188BFF36F8F3C
:10292000BDE8F883EFF31186202383F31288BFF309
:102930006F8F0125DDE7304603F02BF8D4F818350A
:10294000002BDCD1D4F80421002AD8D0C4F80431FB
:10295000D4F80431C4F81885C9F88081C4F8088017
:10296000CDE74FF080430222C3F80423D8E700BF2D
:10297000A80D0020980D0020C80D0020E6130020AF
:1029800000E100E0024B0B6001231360704700BFC1
:10299000000E0020004870477065000010B503F07D
:1029A0004DFB034C206003F045FB6060002010BD30
:1029B000000E0020F8B50E463046194617461D4653
:1029C00003F0A8F8B8B146EA050414F0030412D1E4
:1029D0004DB12B19032BA6EB040006D8074AD2F8F9
:1029E0000034DB07FBD50020F8BD3B1B043C196815
:1029F00001F00EFBEDE76FF01500F5E700E0014098
:102A000038B545682B69B3B11035284601F0C4F9D3
:102A1000044680B90146284601F08AF9084B9842DD
:102A20000BD108492246284601F06AF922460521C1
:102A30000620FFF763FC002038BD6FF00400FBE7C1
:102A40000000AD0B492A0000430970B507D10B4BBC
:102A5000596821B101250C68094E854001B970BD46
:102A60008A682A4002D04B68304698471CB12368D8
:102A700021461C46F2E72346FAE700BF080E002075
:102A8000386100002DE9F043476840F20636D00671
:102A90003B7B87B002EA060654BFC2F34010032016
:102AA00001F01F05B6F5837F144645EA43158DF8FE
:102AB000030042D00FD8062E18D007D8B6B1022E88
:102AC0003DD06FF0150007B0BDE8F083B6F5807F0C
:102AD000F7D101260AE040F20222964231D0B6F543
:102AE000407F30D0B6F5007FEBD1022622032CD5F3
:102AF0007A6801238B40C2F808353B696BBB05F04F
:102B00001F026D0976D1920002F1A04284F4803157
:102B1000D2F80037C1F30041C4F3404423F4E16329
:102B200044EA410423F007031C4344EA800444EAD6
:102B30000624C2F800470020C5E70726D6E704268A
:102B4000D4E70526D2E70326D0E7630341BF01237C
:102B50007A688B40C2F80C35CFE710370DF10202CE
:102B60002946384601F0D2F814F4403F80460CD193
:102B70002946384603F054FA214B9845DBD19DF89D
:102B80000210384601F012F9D5E701AB4FF0000909
:102B900003AA29463846CDE90439CDE90199CDF893
:102BA0000C9000F087FF164B98428AD114F4003342
:102BB00015D09DF803308DF80E3084F48034C4F3C2
:102BC00000444B4603AA294638468DF80C608DF820
:102BD0000D4001F01FF80A4B9842CDD071E7CDE9C6
:102BE000043303AA0DF1030329463846039300F08A
:102BF00061FFF0E702F5E07253F82230FFDE00BF1C
:102C00000000AD0BF0B54068057B01F01F0444EAFD
:102C10004514056987B0002D60D0B2F5001F00F1A2
:102C2000100506D12146284603F0FCF9002007B024
:102C3000F0BD01AE0027B2F5800F0197776038D163
:102C4000B3F1007F14BF052304238DF80430002363
:102C5000CDE904630393836823FA01F111F00101C4
:102C600019D1B2F1A07F16D104F01F03620903F558
:102C7000E07339D14FF0A04252F82330DB070AD479
:102C80000DF1030632462146284601F03FF8184B65
:102C9000984219D0029603AA2146284600F00AFF5E
:102CA000144B98421DD101222146284601F08AF892
:102CB000BCE7B3F1C06F05D0B3F1007F14BF0123AF
:102CC0000223C2E70323C0E73146284601F074F827
:102CD000084B9842DED06FF00B00A8E76FF085003C
:102CE000A5E76FF01500A2E751F82330FFDE00BF23
:102CF0000400AD0B0000AD0B70B5012383400E4AFC
:102D0000BFF35B8FDC4352E8001F01EA040542E891
:102D10000056002EF7D1BFF35B8F4FF48032824014
:102D20000648C0F80823BFF35F8FBFF36F8F0B42D5
:102D300014BF0120002070BD180E002000100140BB
:102D400070B40E49D1E90034D01AC31844F100041C
:102D500022F07F46C1E90034A6F50013B3F5400F19
:102D600009D2074B1B681A0A1B069C19054B42F136
:102D70000005C3E9004570BC01F062BA980000206C
:102D80001C0E0020A000002011B3BFF35B8F0123B5
:102D9000104A834052E800CF4CEA030C42E800C1DD
:102DA0000029F7D1BFF35B8F0B4A4FF48033834088
:102DB000C2F80433094BBFF35B8F1B68BFF35B8F13
:102DC000C340DB0742BF064B4FF40032C3F800217B
:102DD000704700BF180E002000100140140E0020A4
:102DE00000E100E00D4B1868010A0006BFF35F8F99
:102DF0000B4BD3F80435181841F10001B3F5801FCF
:102E00000AD2084BD3E90023904271EB030303D2AB
:102E100010F1807041F10001704700BF1C0E0020CE
:102E200000100140A00000202DE9F04F85B01646AB
:102E30001F469DF840A00446FFF75EFF0190FFF794
:102E4000D1FFB04271EB070354D23E4B301A67EB0F
:102E50000101984271F100014FD23B4B03EB041387
:102E6000D3E902239F4208BF96425ED037494FF410
:102E7000803804F1500508FA04F8AD00C1F8488321
:102E80002046ADB202F047FF26F07F4B05F18045AA
:102E900004F5A87305F58835DC464FF00309029365
:102EA000029A2CF07F4341F82230C1F84483D1F8D4
:102EB0000435274A6FF00200C01A604420F07F40BA
:102EC000904232D9286868B1D1F804350393A3EB56
:102ED0000B0020F07F40B0F5000F26D9204602F00D
:102EE0001AFF039BBAF1000F07D109EB030C09F19C
:102EF0000109D5E7BAF1000F09D06FF0150520469A
:102F00000199FFF741FF284605B0BDE8F08F012386
:102F1000104ABFF35B8FA34052E8000F184342E80A
:102F200000010029F8D1BFF35B8F07490E982301F8
:102F300001EB0412C8500F9B5360C2E902670025E1
:102F4000DDE700BF01008000880000200010014084
:102F5000FDFF7F00140E00207FB51C4C1C4BC4F8F5
:102F60000833C4F848331B4B00254FF0FF304FF0B7
:102F7000FF31C4F80855C3E902014FF48033C4F8A7
:102F80000433154B02264FF400320121C4F80463C8
:102F90001120C3F880212A46FFF7B0F91120FFF76E
:102FA0007DF90E4A0123A360236013600C4B0D4A88
:102FB0000093CDE9015500232846FFF735FF304641
:102FC000FFF766FC284604B070BD00BF001001404A
:102FD00003000F008800002000E100E0180E002030
:102FE000412D0000FFFF7F002DE9F7432F4CD4F85F
:102FF000043399070BD5D4F8043143B12C4A00238C
:10300000C4F80431D4F80431136801331360D4F8E0
:103010000433DA0329D5BFF35B8F264B53E8002F27
:1030200022F0010143E800100028F7D1BFF35B8FC5
:10303000D30702D4D4F84031BBB10025C4F84051C5
:10304000D4F84031FFF7CEFEEFF31182202383F353
:103050001288BFF36F8F184BD3E90267B042B941B2
:1030600006D282F31188BFF36F8F03B0BDE8F083FF
:103070004FF0FF384FF0FF39C3E90289D3E9001060
:103080001D604FF48033C4F84833C4F84051D4F87D
:10309000403182F31188BFF36F8F0029E5D0009093
:1030A00032463B4628468847DFE700BF0010014014
:1030B0001C0E0020140E00208800002030B5431C98
:1030C000124C85B005D08442A8BF0446012CB8BF7D
:1030D0000124FFF787FE0E4B0C4DD3E90013401A75
:1030E000B0F5000F10D22218AA4228BF2A46521863
:1030F0004FF0000007490091CDE9010043F10003C2
:10310000FFF792FE05B030BD2A46F0E7FFFF7F00D3
:1031100098000020412D000008B5FFF763FE024B28
:103120001B68C01A08BD00BF9800002010B5084CED
:10313000012363601120FFF7BFF8064BC4F8083382
:10314000C4F84833044B4FF40032C3F8802110BD5B
:103150000010014003000F0000E100E030B581687D
:1031600085B0103921F00704054602F0C4FB102297
:103170000146684602F04EFC07491022684602F0FC
:103180003EFC10236A462146284602F084FB0038A4
:1031900018BF012005B030BDF065000030B50D4608
:1031A000816887B0102302AA1039044602F05EFB42
:1031B000002802DA012007B030BD102202A9204603
:1031C00002F00CFE00283AD11E49102202A802F09B
:1031D00006FC00280CBF012302232B70204602F0BE
:1031E000E9FD012301460DF10702204602F03EFBF6
:1031F0000028DFDB9DF8073003F00F021B096A701F
:103200002B7101220DF10701204602F0E7FD10B9F4
:103210006B78042B03D901236B7000232B71A268F8
:10322000183A22F00702083AA91C204602F0E9FDEC
:103230000028BFD1E91C204602F03CFEBBE7032377
:10324000CBE700BFF0650000F0B5354F460085B014
:103250000546694657F8260002F032FE044610B1D2
:10326000FF2005B0F0BD013602A957F8260002F094
:1032700027FE012837D12B482A46492102F0E8FAD7
:10328000294B02938DF80C409DF800609DF8087062
:10329000264C00222078314602F092FD50B360782F
:1032A000394602F08DFD28B3A378042B03D09DF896
:1032B000031099421ED1E378042B03D09DF80B1024
:1032C000994217D12379042B10D16279022A1DD19A
:1032D000174B18482A46492102F0BAFA6079831E32
:1032E000022BBED9BCE70028CED0B9E79DF802106A
:1032F0009942EAD00132032A04F10604CAD10E48E9
:103300002A46492102F0A4FA0120AAE7032A05D09F
:103310000A4B0B49042A08BF0B46DAE7094BD8E7EA
:10332000B4650000096C0000030103039E6C0000FB
:10333000EB6B0000546C0000786C0000F06B000038
:10334000026C0000E66B0000BFF34F8F0549064B8F
:10335000CA6802F4E0621343CB60BFF34F8F00BF33
:10336000FDE700BF00ED00E00400FA054FF07043F8
:1033700093F8E02F062A09D1D3F8E83FC3F30313EB
:10338000033B042B02D8024AD05C704700207047F0
:10339000BF6C0000024AD2F80034002BFBD070470B
:1033A00000E0014010B502F0B8FD40B14FF080538D
:1033B000944AD3F82433C3F30423C2F84035FFF70B
:1033C000D5FF10B1904B914A5A6702F0A6FD48B163
:1033D0004FF080534FF08042D3F84432C3F342336E
:1033E000C2F83C35FFF7C2FF30B1894AD2F8FC3051
:1033F00023F08073C2F8FC3002F08FFD40B14FF033
:1034000080430022C3F80C21C3F81021C3F83825EB
:10341000FFF7ACFF20B14FF080430322C3F8A02593
:10342000FFF7A4FF60B17B4B0522C3F810260122F1
:10343000C3F888260022C3F818263F22C3F81426B2
:103440004FF08053D3F83021511C09BF4FF0704327
:10345000D3F8343193F8E02FD3F8E83F08BFC3F333
:103460000313062A4DD1033B042B03D86A4AD35CCD
:10347000002B46D04FF08052684BD2F80414C3F8AA
:103480002015D2F80814C3F82415D2F80C14C3F888
:103490002815D2F81014C3F82C15D2F81414C3F858
:1034A0003015D2F81814C3F83415D2F81C14C3F828
:1034B0004015D2F82014C3F84415D2F82414C3F8E8
:1034C0004815D2F82814C3F84C15D2F82C14C3F8B8
:1034D0005015D2F83014C3F85415D2F83414C3F888
:1034E0006015D2F83814C3F86415D2F83C14C3F848
:1034F0006815D2F84014C3F86C15D2F84424C3F808
:10350000702502F00AFD48B14FF080534FF0804221
:10351000D3F8583203F04F03C2F8E43E02F0FDFC4A
:1035200048B14FF08043D3F80024D20744BF6FF076
:103530000102C3F800244FF08053D3F83021062A4B
:1035400026D1D3F83431033B042B02D8344AD35C60
:1035500063B1344AD2F83C3743F48063C2F83C3755
:103560004FF08053D3F83031062B11D14FF08053F8
:10357000D3F83431033B042B02D82B4AD35C3BB144
:103580004FF01023D3F808224FF08043C3F858259A
:103590004FF01021D1F80C32DB0714D5234801235A
:1035A000C0F80435FFF7F6FED1F80C3223F0010322
:1035B000C1F80C32FFF7EEFE0023C0F80435FFF728
:1035C000E9FEFFF7C1FED1F80032002B03DBD1F892
:1035D0000432002B14DA154901234FF01020C1F8F2
:1035E00004351524FFF7D6FEC0F80042FFF7D2FEDF
:1035F000C0F80442FFF7CEFE0023C1F80435DEE731
:1036000010BD00BF0030014000C007400DF0ADBA52
:1036100000ED00E000500040BA6C000000C0004027
:10362000B56C000000100040B06C000000E00140EC
:1036300030B50468CCB1BFF35B8FB4FA84F3C3F147
:103640001F03DBB201229A4024EA020250E8005F25
:10365000A54204D140E8002CBCF1000FF6D1BFF325
:103660005B8FE6D102480B7030BD0248FCE700BF1B
:103670000000AD0B0200AD0B10B50368CB40DB07BB
:1036800014D401238B400268BFF35B8F43EA02012D
:1036900050E8004F944204D140E8001CBCF1000FF8
:1036A000F6D1BFF35B8FEED1014810BD0148FCE7B6
:1036B0000000AD0B0400AD0BF7B5044618B10128AE
:1036C00023D003B0F0BD4FF080430222C3F808239B
:1036D0000122DA60C3F80401D3F80431064601235D
:1036E0008DF8073042F210754FF08047D4B1012CAD
:1036F000E7D1D7F80C3403F48033AEBB83B3012099
:1037000002F01AFC013DF4D12AE04FF08043002280
:10371000C3F808035860C3F80021D3F800310DF155
:103720000706DCE7D7F8183403F480333EB9002BE2
:10373000C7D0012002F000FC013DF3D1C1E7D7F86A
:10374000182402F003023260002BBAD09DF8070063
:10375000012803D102F0F0FB013DC7D1012CB0D10B
:10376000054B00225A71ACE7D7F80C2402F0010295
:103770003270002BEAD1F3E7200E0020044B1A79B7
:1037800022B9012218609A800248704702487047A7
:10379000200E00200000AD0B0C00AD0B08B5074B50
:1037A0001B682BB10020FEF79BFD08B9FEF776FDE4
:1037B0004FF080430022C3F8182508BD200E0020DA
:1037C00038B5B0B1012855D14FF080420023C2F87E
:1037D0000031D2F80021304A03F180430121196001
:1037E0002E4B1B68002B50D04FF08043C3F80403CE
:1037F00040E04FF08043D3F81814D3F81824C803DE
:103800002AD502F00303012B04D013B10020FFF7E7
:1038100053FF00234FF08042C2F818350023C2F84E
:103820000431D2F804311E4AD2F8FC0040F0807313
:10383000C2F8FC301B4B1C6844F0010119605D6844
:103840005968491BB1F50A5FFAD31C60C2F8FC0045
:103850000823154A0220BFE7D3F81424D107D8D58E
:10386000D3F81C249207D1D40C4A12681AB1022250
:10387000C3F8042338BDD3F80421002AFBD000226A
:10388000C3F80421D3F80431F4E71368002BFCD00B
:10389000002313601368EDE700010040200E0020B4
:1038A00000ED00E0001000E00401004010B54FF012
:1038B0008043D3F800216AB10022C3F80021D3F875
:1038C00000210122C3F80823114B587910B95A710D
:1038D0001B6898474FF08043D3F8042172B100224F
:1038E000C3F80421D3F80421D3F81824D3F81824FA
:1038F000920704D10122C3F818259A6010BD022254
:10390000C3F80823024BBDE810401B68012018478C
:10391000200E002070B500F108030C4C34F8133071
:10392000DA0505460E4607D5C3F3432304EBC3026D
:1039300054F8333052689847A3682BB1E268314697
:103940002846BDE87040184770BD00BF1400002035
:1039500010B4C0B2114A083032F81030D9051BD566
:10396000C3F3432123F4F85322F8103002F10E047C
:10397000002034F8023F13F4807F03D0C3F34323C5
:10398000994209D001302028F3D1002342F8313088
:10399000034810BCFFF770BE10BC70471400002035
:1039A0006C000020F0B505460020044601260746BD
:1039B0008C420BD1114BD3F87C2132B10022C3F8D9
:1039C0007C21D3F87C3140F00040F0BDE3B29B0095
:1039D00003F580729B0806FA03F31D420BD002F137
:1039E000804202F5C042D2F800C0BCF1000F02D004
:1039F0001760126818430134DAE700BF0060004026
:103A0000CBB20246083308460C4931F81330990608
:103A100011D599070FD410685B0B01219940C0F8AC
:103A20000813126802EB8303D3F8102522F0030277
:103A3000C3F810257047002102F0D5BA1400002009
:103A4000F7B5CDB2174E0835074636F81530DB0707
:103A50000C4624D5FFF7D4FF36F815309A0606D564
:103A60005B0B3A6803F5A273002142F8231020464D
:103A7000FFF76EFF002301A826F81530019402F02D
:103A80005FFA019B00EB8300074BD0F8002713403F
:103A900043F00203C0F80037044803B0F0BD044807
:103AA000FBE700BF14000020F0F8FCFF0000AD0BA6
:103AB0000400AD0B2DE9FF41136807460C4615467F
:103AC000FBB1CEB2DFF83C81083638F8162002F0A0
:103AD0002202222A22D00022CDE900228DF80E20D7
:103AE0008DF80F200DF10E010DF10F02204602F0AE
:103AF00031FA38F8163023F0020343F0010328F8B6
:103B000016306B684BB393F800C05A683D4EE3B271
:103B1000083336F81310880702D5B2B13A481FE0CF
:103B200021F02001C904C90C26F813106AB1BCF1B8
:103B3000030FF3D86A68386852681278BCF1000F36
:103B400011D102F5A27240F822C036F8132022F0FB
:103B50001C0242EA8C0226F81320AB6843BB2B48B8
:103B600004B0BDE8F08100EB820041EA4231D0F8B8
:103B700010E52EF0030EC0F810E53F6807EB820752
:103B800041F02001D7F8100526F8131020F4473033
:103B900020F44070C7F810052002D7F810E500F4B3
:103BA000F85040EA0C4040EA0E00C7F81005CCE798
:103BB000D3E900672046FFF7CBFE002ECFD0114D92
:103BC000D5E90023964203D19F4201D1002209E0AA
:103BD0000F480DF10F01FFF72BFD0C4B9842BFD1A1
:103BE0009DF80F2045F83260E4B205EBC2030834BB
:103BF0005F6035F8143043EA422343F4807325F8BC
:103C00001430ACE7140000200400AD0B0000AD0B35
:103C10006C0000202DE9FF4107460C461E4612B3FA
:103C2000CDB2DFF8D080083538F81530980701D4C8
:103C3000990621D413F01C0F02D05378012B1BD00E
:103C400001238DF80F300023CDE900230DF10F0182
:103C5000931C2046013202F07DF938F8153043F00C
:103C6000030328F81530002E42D0E1B2214D08316F
:103C700035F81120930703D41F4804B0BDE8F08144
:103C800096F800E0D7F800C022F020020EF5A270EE
:103C9000D2040023D20C4CF8203025F8112096F8DD
:103CA00001C0BCF1000F23D03868B67800EB8E005D
:103CB0004FEA0C4CD0F8103523F4981323F4F85342
:103CC000C0F81035230203F4F8530CF4403C3605D9
:103CD000D0F8107543EA0C0306F4801642EA4E321F
:103CE000334342F020023B4325F81120C0F8103541
:103CF0000248C2E7140000200400AD0B0000AD0B29
:103D0000014BC3E90212704714000020C9B2083108
:103D1000044B33F81130990643BF5B0B0248137014
:103D200002487047140000200000AD0B0400AD0BEA
:103D300070B5164D95F8604006462CBB21464022D2
:103D400005F1100001F066FE30682E6D21468E42AE
:103D50000ED10023C0F87C31D0F87C3140F307301D
:103D6000FEF79CFA01230A4885F86030AB6570BD08
:103D7000CBB29B0003F580727C2B08BF845001F10D
:103D8000010108BF8358E2E70248F0E71400002071
:103D90000000AD0B0C00AD0B034B93F86000003836
:103DA00018BF0120704700BF140000200148FFF732
:103DB00063BC00BF680000200148FFF739BC00BFAA
:103DC0006800002073B503680C46D3F8041300297B
:103DD000A4BF4FF00041C3F80413E3B21D490833F8
:103DE00031F8133099061AD513F0020617D15B0B80
:103DF0009C00056804F580716E5069580168214483
:103E0000D1F8104544F00104C1F810452AB1016809
:103E1000012202FA03F3C1F8043302B070BDC3F308
:103E20008203042B12D0052B12D001A8019402F0BA
:103E300087F8019AD0F81035D34003F00103991C9C
:103E4000204602B0BDE8704002F0CDB80321F7E78C
:103E50000221F5E7140000202DE9F347544B554F9C
:103E6000D3F80403396DC0B240F00040FFF79AFD6B
:103E7000051E18DA0023F96D0093684602F0C2F8B7
:103E80004FF0010897F85C30DA075AD4396D4FF0DB
:103E90000040FFF787FDF96D684602F0B3F800288F
:103EA000F0D125F000450124002D69D102B0BDE814
:103EB000F08794FAA4F4B4FA84F4E00804F1080357
:103EC00004F0070237F813901DF80030019408FA47
:103ED00002F223EA02030DF8003001A802F030F8E4
:103EE000019B03F5E0734FEA990150F82360C9F391
:103EF000820A4B07D146C6F3014626D520465146D5
:103F0000FFF708FD01A8019402F01AF8019B03F5E0
:103F1000E073F6B250F82330C3F301439E4207D159
:103F20000021204602F05FF83146204602F05BF89F
:103F300001A8019402F004F8019B08FA03F3C0F809
:103F40002035009C002CB4D1A0E7022E0CD1032117
:103F5000204602F048F80AF00503012BE8D1494653
:103F60002046FFF7D7FCE3E70221204602F03BF8AA
:103F7000BAF1030FF3D0032EDAD1BAF1020FEDE755
:103F800095FAA5F3B3FA83F304FA03F29B0003F165
:103F9000804303F5C04325EA0205D3F81005D3F8A2
:103FA0001015C0F30420C1F30141FFF7B3FC7BE718
:103FB0000060004014000020044AD2F80034DB07FF
:103FC000FBD50160BFF35F8F704700BF00E0014089
:103FD0004FF080531A69B0FBF2F302FB130373B97D
:103FE000084B0222C3F80425C3F80805D3F80024BF
:103FF000D207FBD500220448C3F8042570470348C4
:10400000704700BF00E001400000AD0B0A00AD0B9F
:1040100010B5054C0123C4F80435FFF7CDFF00238C
:10402000C4F8043510BD00BF00E0014010B5144CC9
:10403000A8220021204601F0EDFC03232361114A50
:104040006361114BA261E3614FF48063236200233B
:10405000A3626362E36222660C4A62661022A26671
:104060002367E3666367BFF35F8F094A12F8011D98
:10407000E1540133102BF9D1BFF35F8F10BD00BFA6
:10408000280E0020C46C0000E60F0020D60F002090
:10409000DD6C000038B5094B53F82040013053F86F
:1040A0002050A54200D838BD636823B1204601F0F6
:1040B000FAFF0834F5E723689847FAE7BC65000083
:1040C00008B5094B012203201A70FFF7E3FFFDF743
:1040D00001FF0420FFF7DEFFFCF76AF9034A137BB8
:1040E00023F00103137308BDE6130020A80000208D
:1040F00008B50348034A0021121A01F0ECFF08BD7D
:1041000088000020E813002008B50020FFF7C2FF58
:10411000184B83F30888184C636943F40073636198
:104120000025E02384F82230E57725766576A576AC
:1041300084F82050636A43F4E023636284F82350D8
:10414000FEF71CF8FEF73EF94FF0FF33A362E3627F
:10415000FEF7D2F9FEF75AF901F07FFF0120FFF7D1
:1041600099FF0220FFF796FF04482B462A4629466E
:10417000FEF70EF9401C002000ED00E0C1400000F9
:1041800008B50648064A0749121A01F0A6FFBDE81D
:104190000840054A0549064801F09FBF000000207D
:1041A00086000020E06C000000000000E06C0000D1
:1041B00000000020034B1B680BB9FEF7ADBF0020C9
:1041C000704700BFD00E002030B570B10B4B5B685C
:1041D00098420AD0036843B1D3E90421D0E90445E9
:1041E000121941EB0501C3E90421D0E90032136043
:1041F0005A600023C0E9003330BD00BF78000020C2
:1042000010B50E4B1C689C4204D1FFF7D3FF6FF032
:10421000004010BDFFF7CEFF002CF8D0D4E90432E7
:104220001B1A62EBE072B3F1004F72F10001EEDA9B
:10423000002AACBF18460020EBE700BF7800002042
:104240002DE9F84FEFF3118C202383F31288BFF38D
:104250006F8FDFF8ACA0DFF8AC902B4FC9F80000EF
:10426000DAF800000024504508BF00200025D7E9F7
:104270000021D9F80030E04678B3D0E9046C4FEA69
:10428000E37EB3427EEB0C0B05DAF61A6CEB0E0400
:10429000C0E9046421E0B21841EBE671C0E90445CD
:1042A000C7E90021FFF790FF88F31188BFF36F8FF4
:1042B00083689847EFF31188202383F31288BFF3B4
:1042C0006F8FD9F80030DAF800009B1B5045C446C8
:1042D000C9F80030CBD1D7E900219A1841EBE3733C
:1042E0000024C7E90023C9F80040FFF789FF2146F1
:1042F000FEF7E4FE88F31188BFF36F8FBDE8F88FF7
:1043000078000020D00E00202801002070470020F7
:10431000704730B583688B4285B0044615460ED988
:104320006368C068194401AA01F070FC28B962688A
:10433000019B9B1A2B60029B6B6005B030BD6FF038
:104340002100FAE770472DE9F7430E4617469946D4
:10435000044628B94FF0FF38404603B0BDE8F0836B
:104360000029F7D0002AF5D0CB680D891D4404231D
:104370000DEB03022946384601F078FA8046002802
:10438000E8D1BDF80410738946F60812914225D190
:10439000BDF806109942DDD104230DEB0302294438
:1043A000384601F063FA0028D4D1BDF8042046F65F
:1043B00007139A42CED1C4E900679DF82830A4F8CB
:1043C0000890A3727389BDF806202B44E3607389BB
:1043D00013442B44043563612561BDE7002BE4D011
:1043E000B8E72DE9F3410E4617461D46044620B9AD
:1043F0004FF0FF3002B0BDE8F0810368002BF7D02A
:104400004368002BF4D04FF6FF78D4E904239A4296
:1044100016D223685B8923B1E368934204BF043357
:1044200023610423216960680DEB030201F01EFA89
:104430000028DDD1A37A2BB1D4E903329A4201D30B
:104440000120D7E72389BDF80610434501F1040296
:1044500003D0BDF804C09C450BD115B1BDF80430A4
:104460002B8023690433336039802369134423612B
:10447000C0E7236913442361C7E748B103683BB130
:1044800043682BB1C068884294BF00200120704768
:104490004FF0FF30704773B50C46064611460223B5
:1044A00001AA204600F01FFA0546E8B9019A1F2A22
:1044B0000ED92368A2F1200119442022304601F0D0
:1044C0009EFA2368019A13442360284602B070BD07
:1044D0000146C2F12002304601F09CFA019A21689F
:1044E000C2F120003044EAE76FF00205EDE701F089
:1044F00076BA4FF4C07358433030704710B5044655
:1045000001F0F2F9A3684FF4C072303B02FB1030A7
:1045100010BD70B50D46044601F04CFC2A46A0F1D2
:10452000080104232046BDE8704001F09FB913B58F
:104530000446019101F03EFC0423A0F108010DEBBB
:104540000302204601F079FC02B010BD70B513469D
:104550000E461546002102460446FCF71FFC50B9E2
:104560002B4604F12C0201212046FCF717FC10B168
:10457000002E08BF002070BD73B5044600200D4614
:104580001646FBF795FF6946C0B2FDF74BFC30BB02
:104590002C2303FB05440098E36825891D4404236C
:1045A0000DEB0302294601F061F9C0B9BDF8042002
:1045B0006489009846F608139A4215D1BDF8063072
:1045C0009C420CD104230DEB0302611901F04EF95A
:1045D00028B9BDF8042046F607139A4207D0009880
:1045E00001F043F902B070BD002CF2D0F7E7BDF83E
:1045F0000610214429443160F1E737B50446426A88
:10460000802501A902200195FDF734FC58B9019BD2
:10461000226DA36201A905200195FDF72BFC05463B
:1046200028B1092500E00125284603B030BD019BD3
:10463000206A636501F058F9E065F5E7012303603E
:1046400003F1012343600023C0E90233704743793B
:10465000012B07D10368012B04D10079431E584276
:1046600058417047002070477FB506460D4602202E
:1046700001A9FDF7D7FB38BB0198FFF73FFFF16DAC
:104680000446284600F0D0F80444019801F02CF9C3
:104690000646019801F02FF9082201460DEB0200B1
:1046A00001F0B8F92B798DF808302146019833468E
:1046B00002AA01F0F0F8041E019818BF012401F0CD
:1046C000D4F8204604B070BD0124FAE701F0F8B830
:1046D0002DE9F8430E46002107460846FBF7E8FEA1
:1046E000012104460020FBF7E3FE33789C4221D0F1
:1046F000984221D101252C2303FB0575F86DAC6A86
:10470000FFF7F7FE013C07464FF000086B6A03EB2A
:10471000C40253F83410D2F804901B684A46C91AF0
:104720003046C844FFF7D2FFB84504F1FF34EDD35B
:10473000BDE8F8830025DEE70120F9E737B5154627
:104740000C460520694601F0BBFBE979012903D03D
:104750000022204601F0C8FB9DF80330012B02D156
:10476000204601F0A0FBA9682046FFF7E0FE2046A6
:10477000FEF7F4FC002003B030BD73B50D460646CD
:10478000FCF712FC0446E86050B302282DD101A9C1
:10479000FDF748FB58BB01982A463146FCF764FBFD
:1047A0000446D0B9019801F005FB012301460DF143
:1047B0000302019801F05AF80446A0B901980122B9
:1047C0000DF1030101F00AFB10B101238DF8033054
:1047D0009DF8033003F00F03EB71019801F045F8E9
:1047E000204602B070BD0124F7E70724F8E7012452
:1047F000F6E738B5436A0446C06D5D68FFF779FE99
:104800000246A06A002301382B449A4201D901389C
:10481000FAE738BD436A00205A68034613448B42C6
:1048200000F10100FAD3704710B543790279012BEA
:1048300014BFCB01002302F1FF3201FB02330268F7
:1048400014BF4C000C46013A04FB023010BD70B599
:104850000368CD1A002D02DC6FF05F0070BD93F984
:1048600000601C78002E0ADB5C1C04601B7813605F
:104870000368C91A13688B42EED80020EEE704F0F3
:104880007F04013C032C2BD8DFE804F0020A14213A
:10489000012DE1D05B781360036802330360E7E722
:1048A000022DD9DDB3F801305BBA9BB21360036807
:1048B0000333F3E7032DCFDD9C785D78DB782402AA
:1048C00044EA05442343136003680433E6E7042DF8
:1048D000C2DDD3F801301BBA136003680533DDE78E
:1048E0006FF06300BAE770B404680E1B002E07DD9A
:1048F00026789E4208D10134046070BCFFF7A7BF40
:104900006FF05F0070BC70476FF06100FAE738B578
:1049100003230446FFF7E7FF18B9136813B96FF0D4
:10492000670038BD013B136023681A78002AF6D16E
:1049300001332360F5E72DE9F34190461F4601AAB4
:10494000302305460E46FFF7CEFF0446F0B92B682C
:10495000F61A002E34DD42461B7842F8043B019BD8
:104960002E681E44314606232846FFF7BCFF044646
:1049700060B92B68D8F80420C8F808309918B142FB
:10498000296007D10C213846FCF7B8FC204602B05C
:10499000BDE8F0819B5C3A46314642F8043B2B6807
:1049A00001332B602846FFF752FF60B92B687A6805
:1049B000BB601344B3422B6018BF6FF06504E5E79A
:1049C0006FF05F04E2E70446E0E7F0B50024064636
:1049D000204665B2AB4200DCF0BD51F8247052F8BD
:1049E00024503D440544AF4200F0010018BF0020B0
:1049F00046F8245088BF40F001000134E9E700EB9D
:104A000081010023884200D3704751F8042D43EA06
:104A100052030B60D307F5E770B50368DB07054663
:104A2000144604D4BDE870401146FFF7E8BF1346B2
:104A30000A460146FFF7C9FF214606462846FFF70A
:104A4000DEFF46B104F18044013C55F8243043F0C8
:104A5000004345F8243070BD4FF0000C2DE9F74FAE
:104A6000654664464FFA8CF94B4516DC4FF0FF362D
:104A700006EB430601964FF00008019F53FA88FEAB
:104A80004FFA8EFEBE455FFA88F628DB00EBC300C6
:104A900040F8044C03B0BDE8F08F4FF0000E02EB7D
:104AA0008C0AF04651F82E705AF80469A6FB076785
:104AB00036190EF1010E6F4134464FFA8EF64FF063
:104AC000000B28BF4FF0010B4E45D8443D46E9DDB1
:104AD00040F82C4045460CF1010C3C46C2E701363B
:104AE000A94676B202EB8E0A002577B2BB4205DCFE
:104AF00040F82E4008F101084C46BEE76FF003076E
:104B0000774351F826C05AF80770A7FB0C7C3F1971
:104B10005CEB090C4FF0000B28BF4FF0010B5D441C
:104B2000E1463C460136E0E7002310B51C465AB288
:104B3000914200DC10BD40F823400133F7E710B587
:104B400000231A465CB2A14203DCB2FA82F04009AB
:104B500010BD50F8234001332243F3E74A110123EB
:104B600050F8220001F01F018B40184070474B1E87
:104B700010B55BB2041D1A0603D45A1E54F8221055
:104B800071B101335BB283B103F18042013A50F855
:104B90002210002231B9013B02EB431210B210BDCA
:104BA0001346E8E749080132F4E71846F7E710B57D
:104BB00000235CB2A24200DC10BD51F8234040F853
:104BC00023400133F5E710B5013A52B2130601D57F
:104BD000002010BD50F8224051F822309C4205D8E8
:104BE00002F1FF32F2D24FF0FF30F2E70120F0E79E
:104BF00030B5013A52B20023140603D5181E18BF6F
:104C0000012030BD50F8224051F822506C4023431F
:104C1000013AF1E7F0B5002406469C46204665B20D
:104C2000654500DBF0BD51F8247052F824303D1A80
:104C3000ED1AAF4200F0010018BF002046F82450E2
:104C400038BF40F001000134E9E770B59DF910600C
:104C50001D4633460446FFF7B8FE30B932462146BA
:104C60002846FFF7B0FF012807D033462A462146E1
:104C70002046BDE87040FFF7CDBF70BD70B59DF90F
:104C800010601D4633460446FFF7C4FF38B1334673
:104C90002A4621462046BDE87040FFF796BE70BD0B
:104CA0002DE9F04FA5B01D4614ABCDE902310190BE
:104CB000294610461746FFF75AFFC0EB851424B269
:104CC000002C2146B8BF04F11F01634203F01F030B
:104CD00041F3471104F01F0604A858BF5E42FFF7D6
:104CE00023FF002E4FEA81002DDD04AB0022184483
:104CF000C6F1200E13469D421AD804AB03EB850380
:104D000000936F1E24AB4FEA45084FEA8509012640
:104D100003EB8707002C53DA24AB03EB86060198DC
:104D200056F8881C2A46FFF742FF25B0BDE8F08FF1
:104D300057F823C00CFA06F10A4340F8042B01335C
:104D40002CFA0EF2D7E704AB2A4639461844FFF78F
:104D50002EFFD2E75AF8883C53F8202024AB03EB0F
:104D600080030CF1010C53F8803C0B44D31A34BF80
:104D70004FF0010B4FF0000B9A425EF8882C42F87E
:104D8000203018BF59464FFA8CF04045E2DB731AC9
:104D90005E42294604A85E41FFF731FE09F1900307
:104DA0006B44009853F8802C57F8803C294643EA1E
:104DB000C273013C47F8803C24B2FFF720FEA9E70C
:104DC00024AB4FF0000CC6F1010E614603EB860ADE
:104DD00003EB8E0ED7E730B591B004461D4668460A
:104DE0009DF95030FFF738FE2A4669462046FFF706
:104DF00057FF11B030BD30B51C4691B0054693F950
:104E000000306846FFF728FED4F8AC3069462846E3
:104E1000984711B030BD13460A46FFF7ECBF2DE9A5
:104E2000F04793F9006092B0044689461046314637
:104E300015461F46FFF783FE002840F091803A4652
:104E4000494602A8FFF7E7FF3B4602AA21460AA807
:104E5000FFF7D1FF02A908463A46FFF7DCFF3B46C1
:104E60002A4649464846FFF7C6FF07F104083A4676
:104E700029462846FFF7CFFF43462A4621462046CB
:104E80000096FFF7E2FE43462A462946284600964A
:104E9000FFF7DBFE43462A46214628460096FFF7E9
:104EA000EDFE3B462A4621462046FFF7A4FF434637
:104EB0002246214628460096FFF7C7FE4346009645
:104EC0002A4621462046FFF7C0FE2368DB074AD565
:104ED0003346424621462046FFF777FD314682465B
:104EE0002046FFF78CFD06F18043013B54F8232058
:104EF00042EACA7244F823203A4621462846FFF780
:104F00008AFF43460AAA294628460096FFF7B6FEBE
:104F100043460AAA294628460096FFF7AFFE0AA98B
:104F2000084643462A460096FFF7A8FE3B460AAAD3
:104F300021462046FFF75FFF02AA4346104621465E
:104F40000096FFF79BFE324629462046FFF72FFECC
:104F500049462846FFF72BFE02A94846FFF727FEE1
:104F600012B0BDE8F08731462046FFF748FDC3E7A1
:104F70002DE9F04115468AB004460E461C22002158
:104F800003A800F047FD2F1D95F9008003232A4652
:104F9000314620460293FFF73EFF3B4602AA2146D8
:104FA0002046CDF80080FFF769FE2B4632462146A9
:104FB0002046FFF720FFCDF800803B4605F1840234
:104FC00021462046FFF741FE0AB0BDE8F081F0B56A
:104FD0000F46A1B006461946384615461C46FFF74F
:104FE000AEFD28B1304621B0BDE8F040FFF79CBDD2
:104FF000224639466846FFF7DAFD294608A8FFF73A
:10500000D6FD10A82146FFF78FFD012318A81093A5
:10501000FFF78AFD224608A96846FFF7D4FD30B99C
:10502000224610A93046FFF7C2FD21B0F0BD009B1B
:10503000DA0709D421466846FFF7E1FC22462946F3
:1050400010A8FFF7E9FCE5E7089BDB0707D421463A
:1050500008A8FFF7D4FC2246294618A8F1E7002843
:1050600023461CDD08AA69466846FFF7D3FD2146A2
:105070006846FFF7C4FC224618A910A8FFF7A3FD55
:10508000002805DA10A923462A460846FFF79DFCAA
:1050900010A9234618AA0846FFF7BCFDCEE76A46CA
:1050A00008A8FFF7B7FD214608A8FFF7A8FC22468D
:1050B00010A918A8FFF787FD002805DA18A92346CC
:1050C0002A460846FFF781FC18A9234610AA08467D
:1050D000FFF7A0FDBFE7F0B5154689B01C460746AF
:1050E0000E461A4629466846FFF795FE23466A464D
:1050F00039463846FFF77FFE23462A46694668460A
:10510000FFF779FE23466A4631463046FFF773FEC5
:1051100009B0F0BD2DE9F0478AB01446DDF848A08B
:1051200055461F4615F9046B0096804689462B4666
:105130000246214602A8FFF7A1FD02A952460846F1
:10514000FFF769FE534602AA41464046FFF753FE69
:10515000534602AA21462046FFF74DFE2B464A46FB
:10516000394638460096FFF789FD5246394602A86F
:10517000FFF751FE02A92B46424608460096FFF76C
:105180007DFD02A92B46224608460096FFF776FDD4
:105190002B464246214620460096FFF76FFD5346B8
:1051A000224649464846FFF726FE2B4602AA4146BC
:1051B00020460096FFF762FD5346224639463846A0
:1051C000FFF719FE2B464A46394638460096FFF748
:1051D00055FD324602A92046FFF7E9FC0AB0BDE8BA
:1051E000F087F8B50E46D11C48BF911D41F38701E9
:1051F0001446FFF799FC0025671E6AB2A24205F12A
:10520000010500DBF8BDBB1A23F00301B25C03F01B
:105210000303DB009A40435813434350EDE72DE965
:10522000F0471F46B3F9023013F11F0448BF03F1E2
:105230003E046511DC1D48BF03F10E04E4109442E6
:105240004FFA85F928BF1446064688464946FFF7B7
:105250006BFC224641463046FFF7C3FFB7F90220F8
:10526000B2EBC40F4FEAC40320D29B1A06EB8504AD
:105270000021C3F12005A6420FD324374A46314608
:105280003846FFF7A0FC012810D04B463A4631467D
:105290003046BDE8F047FFF7BDBC54F8040D20FAD6
:1052A00003F20A43226000FA05F1E4E7BDE8F08763
:1052B0002DE9F04FFDB01F46869D0792B5F90230EB
:1052C00095F90040049113F11F0648BF03F13E0613
:1052D00046F3471606F1FF3B7CAA02EB8B02002344
:1052E0000DF1900842F8C03C42F8A03C014695F907
:1052F000012048F82B3081466CA8FFF772FFA3000D
:1053000095F9012006936CAB03EB8403184609EB77
:1053100002010393FFF765FF95F9012039464CA878
:10532000FFF75FFF95F9012054A8B918FFF759FF5F
:1053300021464CA8FFF703FC18B100207DB0BDE862
:10534000F08F214654A8FFF7FAFB02900028F4D111
:1053500005F1240A32464CA95046FFF734FC0128D7
:10536000EBD1324654A95046FFF72DFC0128059099
:10537000E3D10CAF3346524654A91CA8FFF727FED1
:10538000029B47F82B303846079A04992B46FFF7C3
:1053900046FF3946384653461CAA0096FFF71BFDC8
:1053A0000DF5B87953461CAA4CA914A80096FFF72E
:1053B00012FD484622466CA9FFF7F9FBA30009EB52
:1053C000030B584603992246FFF7F1FB05F144030E
:1053D0001946224634A80393FFF7E9FB039BA1007B
:1053E000591822463CA8FFF7E2FB2B1D494634AA78
:1053F0001CA800940493FFF741FC5B464A463CA975
:1054000034A80095FFF786FE1CA9084623462A1DEE
:10541000FFF7DDFD1CAA594648462B46FFF75BFE09
:10542000029B0893039B099331466CAB3846CDE948
:105430000A39FFF79CFB3146814614A8FFF797FB1A
:105440008145B8BF81461FFA89F909F1FF3109B2D8
:1054500038460291FFF782FB0299074614A8FFF72E
:105460007DFB003818BF0120003F18BF012747EA25
:1054700040070DF1200B22465BF827704046394665
:10548000FFF795FBA300F91822462CA8FFF78FFB26
:1054900021461CA8FFF748FB059B1C93A9F10209B4
:1054A0000FFA89F9B9F1000F21DA1CA90846049A0C
:1054B0002346FFF78CFD2B461CAA2CA94046FFF77C
:1054C0000AFE324641465046FFF77DFB012805D0D3
:1054D0003346524641464046FFF79CFB22464CA9C4
:1054E0004046FFF785FBB0FA80F0400926E72B46DF
:1054F0001CAAD5F8A4702CA94046B84749460CA868
:10550000FFF72CFB4946074614A8FFF727FB003896
:1055100018BF0120003F18BF012747EA400708AB2A
:1055200053F8277027B32246394634A8FFF73FFBCC
:10553000069B2246F9183CA8FFF739FB2B461CAA0C
:105540003CA934A8FFF7C7FD049B009434AA414648
:1055500044A8FFF793FB2CAB42463CA934A8009526
:10556000FFF7D8FD1CA92B4644AA0846FFF743FCC9
:1055700009F1FF3994E7F8B50C4610B1F9B10AB951
:105580000120F8BD8D1800F128060027836E5A1CF3
:105590008266034414F8011B83F828103F2A0BD9B4
:1055A0003146FBF77BFFD0E9083213F5007342F177
:1055B0000002C0E908328766A542E7D1E0E7084665
:1055C000DFE7F8B50C460546002855D0002954D031
:1055D0008B6ED1E90821D800121841F10001581C46
:1055E0002344C4E9082138284FF08002A0664FF018
:1055F000000783F8282004F128060AD9C0F14002E8
:105600003946304400F03BF831462046FBF746FF70
:10561000A766A06E0021C0F13802304400F02FF8D8
:10562000236A1ABA636A62661A0A84F8633084F8D5
:1056300062201A0C1B0E84F86030314684F8612019
:105640002046FBF72BFF2B1D211F243551F8042F7B
:1056500003F8012C100E03F8040C100C03F8030CD3
:10566000100A03F8020C0433AB42EFD1204670223B
:10567000002100F004F80120F8BD0846FCE700F026
:10568000C9B9002070470FB407B504A951F8040B3D
:105690000191FCF783F803B05DF804EB04B07047A8
:1056A000038B13F0070305D10368002B0CBF002008
:1056B00003207047022B05D1408BB0FA80F04009DF
:1056C00080007047012B05D10368002B0CBF002020
:1056D000052070470020704710B50C4600B111B985
:1056E0006FF0150010BD081D00F093F80028F9D1E7
:1056F000A368032BF6D9F3E72DE9F0410D460746E1
:105700001946281D90461E4600F094F8044638B10C
:105710003346424629463846A446BDE8F041604734
:10572000BDE8F08110B4EFF31182202484F31288D5
:10573000BFF36F8F416110BC0121FCF75FBA38B530
:105740000C46054658B151B10B6843B14B6833B1B3
:105750001C22002100F05EF92C61002038BD6FF0A2
:105760001500FBE770B505460E46FFF7B5FF041EB2
:1057700014DBEFF31182202383F31288BFF36F8FC2
:105780006B8B2C8B4FF6FF718B4204F0070407D113
:1057900082F31188BFF36F8F6FF00A04204670BD4B
:1057A000022C0CD101336B8382F31188BFF36F8F0E
:1057B0000023224631462846FFF79EFFEEE7062CDF
:1057C00014D8DFE804F004131313041A04000023B0
:1057D00033606B683BB9C5E90066ACB90221284665
:1057E000FCF70CFADAE71E606E60F6E782F31188C8
:1057F000BFF36F8F6FF00404D0E782F31188BFF31B
:105800006F8F6FF08504C9E782F31188BFF36F8F44
:10581000C4E7034658B1426802F00302012A03D0EC
:10582000032A04D1026812B10020986070476FF01B
:10583000150070474268816002F00302032A4FF0AE
:10584000000203460CBF006810465A60704770475C
:105850000FB407B504A951F8040B0191FBF79EFFA3
:1058600003B05DF804EB04B070477047002930B412
:10587000044618460BDBA5680844A84207D8E06830
:105880006468214484682468A44630BC60476FF093
:10589000150030BC7047002930B4044618460BDBB5
:1058A000A5680844A84207D8E06864682144846871
:1058B0006468A44630BC60476FF0150030BC704788
:1058C0000029034610B410460ADB9C680844A04235
:1058D00006D8D8685B681944836810BC9B68184771
:1058E0006FF0150010BC704708B5C0688368DB68AE
:1058F0009847006808BD08B5C0688368DB689847AA
:10590000007908BD70B54C680368A34201D201203C
:1059100070BD8A682244934201D30020F8E7D1E9A0
:1059200003254E69B54203D36FF00B038B61F4E797
:105930001B1B42F835304368086902EBC002536014
:105940000B6901330B61E2E7012801D1EFF3058315
:1059500000F09ABB01460068FFF7F6BF08B5FCF7F8
:10596000CBFABDE8084000F000B8704700210120E4
:10597000FFF7EABF61B662B680F31188BFF36F8F9D
:105980007047EFF31180202383F31288BFF36F8FEA
:10599000704772B6002383F31188BFF36F8FBFF394
:1059A0004F8F20BF80F31188BFF36F8F62B67047AF
:1059B000202809D9B0F1004F08D80138B0FA80F09A
:1059C000C0F11F0040007047082070473E2070471C
:1059D000034600201A5C02B970470130FAE710B59F
:1059E0005AB10139841810F8012B11F8013FA04277
:1059F00001D09A42F7D0D01A10BD1046FCE710B57E
:105A0000431E0A44914200D110BD11F8014B03F826
:105A1000014FF7E7C9B202440346934200D17047F1
:105A200003F8011BF9E70369C9B20C2201FB023339
:105A3000186C00F00700704770B5C9B20369EFF346
:105A40001185202484F31288BFF36F8F0C2606FB88
:105A50000134246C14F0C00408D0A24206D085F3AF
:105A60001188BFF36F8F4FF0FF3070BD71430B444F
:105A700001221A6485F31188BFF36F8F43680B44CA
:105A80005B6898470020F0E78022FFF7D5BFF8B5A4
:105A9000069F0469C9B2EFF31186202585F31288A9
:105AA000BFF36F8F0C2569430C44256C05F0070C80
:105AB000BCF1010F0BD1276486F31188BFF36F8F00
:105AC000C4E90E2343685B5898470020F8BD05F0F1
:105AD000C005AF4286F31188BFF36F8F0CBF6FF024
:105AE00077004FF0FF30F1E713B580240094FFF703
:105AF000CEFF02B010BD6FF08500704710B4006992
:105B0000CBB21C2403FB0400002110BC1047002072
:105B100000F014BA38B505460C4600F085FA002DA1
:105B200007DBA84205D9401B84428CBF002001201E
:105B300038BD0020FCE770B50C46154600F07AFA37
:105B4000294606462046FFF7E5FFB8B1B4FBF6F359
:105B500006FB134393B9B5FBF6F306FB13536BB97E
:105B6000AE4201D9002070BD00F064FA064620461E
:105B7000FEF72EFAAD1B3444F9D1F3E76FF01500B0
:105B8000F1E770B50D462846194616461C46FFF744
:105B9000C1FF38B124B1224629463046FFF72FFF16
:105BA000002070BD6FF01500FBE7F7B51C461646E8
:105BB000002382682360A36013690D4601AA694629
:105BC0009847019B5A1E01921BB96FF0150003B054
:105BD000F0BD0098A26847682168676085B9B31A6C
:105BE000D0F800C0634528BF63461A4403FB071181
:105BF0002160A26002689A4206D808300090E0E76F
:105C00006B1AB3FBF7F3EBE70020E0E71346002243
:105C1000FFF7CBBF2DE9F047836886B01B69884644
:105C2000914601A902AA98470024A2462546029B54
:105C3000AB4202D806B0BDE8F087019F07EBC5076D
:105C400000267B6804933A68B2420AEB060302D846
:105C500001359A46EBE703940593494603A8C047EC
:105C60000028E7D0049B01361C44ECE743685B68DE
:105C7000D3F810350B600020704743685B6802EA78
:105C8000010021EA0201C3F80805C3F80C15002041
:105C9000704743685B680020C3F808157047436885
:105CA0005B680020C3F80C15704743685A68D2F847
:105CB000043521EA03000B40C2F80805C2F80C3590
:105CC0000020704710B503695868F8B1884219D1AF
:105CD0009C6808685860A14200D198600020086064
:105CE0002AB15A680A609A68596002B9996000201E
:105CF00010E0814206D10868206098688142EDD1A9
:105D00009C60EBE7044600680028F2D1002AE8D145
:105D10006FF0150010BD00F150039B009BB203F122
:105D2000804303F5883300221A601B6870472DE911
:105D3000F0434FF080430446884685B0012744EA8B
:105D4000080400EB0109C3F80876050B10220021B6
:105D50006846C4F30B04FFF75DFE4FEA193624B919
:105D6000B9F5012F01D2B54210D96FF015001EE030
:105D70006A0904AB03EB820205F01F0352F8101C02
:105D800007FA03F30B4342F8103C0135B542EFD15B
:105D90004FF08043009AC3F80026019AC3F8042606
:105DA000029AC3F81026039AC3F81426002005B0FF
:105DB000BDE8F0838068183820F00700103870477D
:105DC000042809D0052803D1481E18BF01207047B8
:105DD000431A5842584170470120704738B515465C
:105DE0000C4661B15AB1FFF786FD2544214611F8F2
:105DF000013B834203D1A942F9D1012038BD0020E3
:105E0000FCE738B50C460123114622460546FFF74C
:105E10002DFD00280FDB012221462846FFF7DEFF7B
:105E200038B92378012B14BF0223012323700020EB
:105E300038BD0323FAE70120FAE72DE9F7431D46B1
:105E400006460F469046FFF74FFD6C1E0444404245
:105E50000440082C1AD83046FFF74DFD2A468146EB
:105E600041466846FFF7CBFD621B49460DEB050036
:105E7000FFF7D0FD23466A4639463046FFF70BFD53
:105E8000003818BF012003B0BDE8F0834FF0FF30A9
:105E9000F9E707B501238DF8042001AAFFF7CDFF2C
:105EA00003B05DF804FB81681839012221F0070175
:105EB000FFF7EFBF8268183A22F00702FFF7A1BF91
:105EC00013B50C46C0B201A9FBF7ACFF50B921468F
:105ED0000198FDF763F904460198FFF7C6FC2046D8
:105EE00002B010BD0124FAE713B541EA02110446DD
:105EF0008DF80710FFF75EFF012301460DF1070241
:105F00002046FFF79AFF02B010BD8168183921F0D2
:105F1000070101220839FFF7BCBF4FF08053D3F8C7
:105F20003001421C04BF4FF0704393F8E00F831F11
:105F3000584258417047004700F08BB8FDF7BCBB92
:105F4000036803F01F025B0902600CBF4FF0A04022
:105F500000207047F7B5019001A8DDE90847164613
:105F60001D46FFF7EDFF019BB6F1000C18BF4FF087
:105F7000010C00EB83000B1E18BF0123002D43EA28
:105F80004C0314BF4FF00C0C4FF0000C002C43EAF4
:105F90000C0314BF4FF4E06C4FF0000C002F43EAE9
:105FA0000C03D0F8002714BF4FF4403C4FF0000C16
:105FB00043EA0C0322EA030301B109780EB13678F3
:105FC000760019430DB12D78AD0031430CB1247822
:105FD000240229430FB13F783F040C433C43C0F8EF
:105FE000004703B0F0BD1FB50DF10F03019300236F
:105FF0008DF80F1000931A461946FFF7ABFF05B056
:106000005DF804FB024611F0010007D04FF0A041FB
:10601000D1F820351360C1F8203503B9002070474E
:10602000FDF70EBDFDF7ECBC4FF080531A695869BF
:10603000504370474FF08053186970474FF08053BA
:1060400058697047FDF7F2BF08B5FFF7FBFF002066
:1060500008BD08B1FCF710BB7047704740B1C3687A
:10606000587810F001001EBF1878B0FA80F040098F
:106070007047EFF31183202383F31288BFF36F8FF0
:10608000FEE708B5FFF7F5FF10B5EFF31184202305
:1060900083F31288BFF36F8FFFF7F3FF84F3118848
:1060A000BFF36F8F10BD10B5D0E9003433B90020B5
:1060B000E268537843F00103537010BD20469847BF
:1060C0000028F4D00028B8BF4042E368FF28A8BFEA
:1060D000FF201870ECE7FFF79DBCFFF790BCEFF3D3
:1060E0000580003818BF01207047000024A0FF7F02
:1060F00001000000612600000000000001270000F0
:10610000246100004960000000000000012A000036
:1061100038610000592F0000000000009D29000098
:106120004C610000A36B0000286500004065000082
:1061300080000020AC0D0020D86B000078650000C6
:106140009065000084000020080E0020BE6B000057
:10615000000000005C6500008200002000000000DC
:10616000AD380000375F0000000000006D590000EE
:10617000000000006D590000000000006D59000093
:10618000000000006D590000000000006D59000083
:10619000593E0000375F0000000000006D5900000C
:1061A000000000006D590000000000006D59000063
:1061B000000000006D590000000000006D59000053
:1061C000000000006D590000000000006D59000043
:1061D000000000006D590000000000006D59000033
:1061E000000000006D59000000000000E92F0000D1
:1061F000000000006D590000000000006D59000013
:10620000000000006D590000000000006D59000002
:10621000000000006D590000000000006D590000F2
:10622000000000006D590000000000006D590000E2
:10623000000000006D590000000000006D590000D2
:10624000000000006D590000000000006D590000C2
:10625000000000006D590000000000006D590000B2
:10626000000000006D590000000000006D590000A2
:10627000000000006D590000000000006D59000092
:10628000000000006D590000000000006D59000082
:10629000000000006D590000DE66000003000000F1
:1062A0000338FDD870470000020000000500000020
:1062B00001000000956A00007C64000002000000FC
:1062C0000500000002000000050000000820000199
:1062D000FFFFFFFFFFFFFFFFFFFFFFFF00000000CA
:1062E000000000000000000001000000FFFFFFFFB1
:1062F000512563FCC2CAB9F3849E17A7ADFAE6BC68
:10630000FFFFFFFFFFFFFFFF00000000FFFFFFFF99
:1063100096C298D84539A1F4A033EB2D817D03773F
:10632000F240A463E5E6BCF847422CE1F2D1176BDA
:10633000F551BF376840B6CBCE5E316B5733CE2BAD
:10634000169E0F7C4AEBE78E9B7F1AFEE242E34FDC
:106350004B60D2273E3CCE3BF6B053CCB0061D6519
:10636000BC86987655BDEBB3E7933AAAD835C65AA2
:106370001F4E0000714F000011130000982F8A4239
:1063800091443771CFFBC0B5A5DBB5E95BC2563987
:10639000F111F159A4823F92D55E1CAB98AA07D89F
:1063A000015B8312BE853124C37D0C55745DBE72C2
:1063B000FEB1DE80A706DC9B74F19BC1C1699BE442
:1063C0008647BEEFC69DC10FCCA10C246F2CE92DD2
:1063D000AA84744ADCA9B05CDA88F97652513E98F6
:1063E0006DC631A8C82703B0C77F59BFF30BE0C6FD
:1063F0004791A7D55163CA0667292914850AB7278B
:1064000038211B2EFC6D2C4D130D385354730A6527
:10641000BB0A6A762EC9C281852C7292A1E8BFA2FE
:106420004B661AA8708B4BC2A3516CC719E892D166
:10643000240699D685350EF470A06A1016C1A419E9
:10644000086C371E4C774827B5BCB034B30C1C39E8
:106450004AAAD84E4FCA9C5BF36F2E68EE828F74A7
:106460006F63A5781478C8840802C78CFAFFBE90C1
:10647000EB6C50A4F7A3F9BEF27871C65B00000084
:1064800006000000000000000000000000C0000046
:106490004C6100000100000000C00000000200008C
:1064A0004C6100000200000000C0000000A00300DA
:1064B0004C6100000300000000C20000009E0300C9
:1064C0004C6100000400000000C20000009E0300B8
:1064D0004C610000050000000060040000A0030003
:1064E0004C610000000000200000000000000B06CE
:1064F000401C00204000000000000B1502000000BE
:106500000465000000000000946B000024000202FB
:10651000000000209C6B00001E000B11BD26000037
:106520008D26000000000000FD2700007D270000F0
:10653000B26B0000592700000F5B0000B86B000031
:10654000F75A0000895A0000E95A000000000000D4
:10655000275A00000000000000000000835B0000DC
:10656000B5290000375B000095290000852900004F
:1065700004000000FF000000FFFFFFFF00000050CC
:10658000000000000000000000600040000000006B
:10659000852A00006D5C00007B5C0000935C0000BD
:1065A0009F5C0000AB5C0000052C0000C55C000097
:1065B000000000000200000005000000F460000080
:1065C000F4600000146100001C6100002461000000
:1065D00024610000010002001000110020002100D1
:1065E0002200230024003000310032003300FFFF7E
:1065F00077C295F360D2EF7F3552500F2CB6798079
:1066000025633A205374617274696E6720626F6FFC
:10661000746C6F616465720A0025633A20556E617F
:10662000626C6520746F2066696E6420626F6F749F
:1066300061626C6520696D6167650A0025633A20B7
:10664000426F6F746C6F6164657220636861696E1C
:106650006C6F61642061646472657373206F666639
:106660007365743A20307825780A0025633A204A09
:10667000756D70696E6720746F2074686520666937
:1066800072737420696D61676520736C6F740A00A2
:1066900025633A2050726F74656374206D63756270
:1066A0006F6F7420666C617368206661696C6564E5
:1066B0002C2063616E63656C2073746172747570F5
:1066C0002E0A0025633A204E657665722073686F46
:1066D000756C642067657420686572650A006D6377
:1066E00075626F6F740025633A20696E76616C691C
:1066F0006420666C6173682049442025643B2065F2
:10670000787065637465642025640A002A8648CE23
:106710003D030107002A8648CE3D02010025633A69
:1067200020556E61626C6520746F206465746572BB
:106730006D696E6520666C61736820736563746F44
:1067400072206F662074686520696D6167652074CA
:106750007261696C65720A007072696D61727900AC
:106760007365636F6E646172790025633A20496DC9
:1067700061676520696E2074686520257320736CDD
:106780006F74206973206E6F742076616C69642168
:106790000A0025633A2025642073746174757320A0
:1067A0007772697465206661696C732070657266C2
:1067B0006F726D696E672074686520737761700A07
:1067C0000025633A204661696C656420746F206F10
:1067D00070656E20666C6173682061726561204926
:1067E000442025642028696D616765202564207335
:1067F0006C6F74202564293A2025642C2063616E17
:106800006E6F7420636F6E74696E75650A00256320
:106810003A204661696C65642072656164696E67DF
:1068200020736563746F72733B20424F4F545F4D0A
:1068300041585F494D475F534543544F52533D259F
:1068400064202D20746F6F20736D616C6C3F0A00A3
:1068500025633A204661696C6564207265616469EC
:106860006E6720696D616765206865616465727334
:106870003B20496D6167653D25750A0025633A2017
:106880004661696C65642072656164696E67206247
:106890006F6F74207374617475733B20496D616709
:1068A000653D25750A0025633A2070616E69632194
:1068B0000A0025633A204465746563746564206941
:1068C0006E636F6E73697374656E74207374617434
:1068D0007573210A0025633A2043616E6E6F742040
:1068E000757067726164653A206E6F742061206311
:1068F0006F6D70617469626C6520616D6F756E7427
:10690000206F6620736563746F72730A0025633AA3
:106910002043616E6E6F7420757067726164653AB2
:10692000206D6F726520736563746F727320746875
:10693000616E20616C6C6F7765640A0025633A2094
:1069400043616E6E6F7420757067726164653A2082
:106950006E6F742073616D6520736563746F722050
:106960006C61796F75740A0062616400676F6F64AF
:1069700000756E736574005072696D61727920697B
:106980006D6167650025633A2025733A206D616764
:1069900069633D25732C20737761705F747970652E
:1069A0003D307825782C20636F70795F646F6E6559
:1069B0003D307825782C20696D6167655F6F6B3D90
:1069C000307825780A005365636F6E6461727920B0
:1069D000696D6167650025633A20426F6F742073AB
:1069E0006F757263653A207072696D617279207398
:1069F0006C6F740A0025633A20426F6F7420736FC6
:106A0000757263653A206E6F6E650A0025633A20E1
:106A10005374617274696E67207377617020757347
:106A2000696E67206D6F766520616C676F7269743F
:106A3000686D2E0A0025633A204E6F7420656E6FD4
:106A40007567682066726565207370616365207480
:106A50006F2072756E207377617020757067726138
:106A600064650A0025633A20726571756972656410
:106A700020256420627974657320627574206F6EBE
:106A80006C792025642061726520617661696C6192
:106A9000626C650A003059301306072A8648CE3DDD
:106AA000020106082A8648CE3D030107034200047E
:106AB0002ACB403CE8FEED5BA44995A1A91DAEE8B8
:106AC000DBBE1937CD14FB2F245737E5953988D90C
:106AD00094B9D65AEBD7CDD5308AD6FE48B24A6A99
:106AE000810EE5F07D8B6834CC3A6AFC538EFAC196
:106AF0002D0020002B00307800305800286E696C83
:106B000029002A2A2A20426F6F74696E67204D433C
:106B100055626F6F742076322E312E302D6465767B
:106B20002D646166323934366130663037202A2A66
:106B30002A0A002A2A2A205573696E67206E524657
:106B400020436F6E6E6563742053444B2076322E63
:106B5000372E302D35636238353537306361343345
:106B6000202A2A2A0A002A2A2A205573696E6720B9
:106B70005A6570687972204F532076332E362E393D
:106B8000392D313030626566633730633734202AFF
:106B90002A2A0A00464C4153485F30005352414D67
:106BA0005F3000636C6F636B4034303030303030B6
:106BB00030006866636C6B006C66636C6B00666CBF
:106BC0006173682D636F6E74726F6C6C65724034A4
:106BD00030303165303030006770696F40353030AB
:106BE0003030303030007065726D00746573740041
:106BF0004255473B2063616E277420686170706561
:106C00006E007265766572740025633A2053656381
:106C10006F6E6461727920696D616765206F6620AF
:106C2000696D6167652070616972202825642E296D
:106C300020697320756E726561636861626C652E90
:106C400020547265617420697420617320656D70D1
:106C500074790A0025633A20496D61676520696E81
:106C60006465783A2025642C20537761702074790C
:106C700070653A2025730A0025633A20496D6167E3
:106C80006520696E6465783A2025642C205377610D
:106C90007020747970653A206E6F6E650A00040189
:106CA00004030402040104010403010303040104B6
:106CB00000000000010000000101000001010101CD
:106CC000000000005465726D696E616C0000000088
:106CD00000000054545220524547474553000000DD
:106CE00001000000FFFFFFFF155A0000835600005F
:106CF00084640000000000000000000000000000AC
:106D00000000000000000000000000000000000083
:106D10000000000000000000000000000000000073
:106D20000000000000000000000000000000000063
:106D30000000000000000000000000000000000053
:106D40000000000008000000FF000000000000003C
:106D50000100000000000000780000207800002002
:0A6D600000000000000015E015E03F
:10C000003DB8F3960000000000020000508D0300D0
:10C0100000000000010043000000000000000000DC
:10C02000FFFFFFFFFFFFFFFFFFFFFFFFFFFFFFFF20
:10C03000FFFFFFFFFFFFFFFFFFFFFFFFFFFFFFFF10
:10C04000FFFFFFFFFFFFFFFFFFFFFFFFFFFFFFFF00
:10C05000FFFFFFFFFFFFFFFFFFFFFFFFFFFFFFFFF0
:10C06000FFFFFFFFFFFFFFFFFFFFFFFFFFFFFFFFE0
:10C07000FFFFFFFFFFFFFFFFFFFFFFFFFFFFFFFFD0
:10C08000FFFFFFFFFFFFFFFFFFFFFFFFFFFFFFFFC0
:10C09000FFFFFFFFFFFFFFFFFFFFFFFFFFFFFFFFB0
:10C0A000FFFFFFFFFFFFFFFFFFFFFFFFFFFFFFFFA0
:10C0B000FFFFFFFFFFFFFFFFFFFFFFFFFFFFFFFF90
:10C0C000FFFFFFFFFFFFFFFFFFFFFFFFFFFFFFFF80
:10C0D000FFFFFFFFFFFFFFFFFFFFFFFFFFFFFFFF70
:10C0E000FFFFFFFFFFFFFFFFFFFFFFFFFFFFFFFF60
:10C0F000FFFFFFFFFFFFFFFFFFFFFFFFFFFFFFFF50
:10C10000FFFFFFFFFFFFFFFFFFFFFFFFFFFFFFFF3F
:10C11000FFFFFFFFFFFFFFFFFFFFFFFFFFFFFFFF2F
:10C12000FFFFFFFFFFFFFFFFFFFFFFFFFFFFFFFF1F
:10C13000FFFFFFFFFFFFFFFFFFFFFFFFFFFFFFFF0F
:10C14000FFFFFFFFFFFFFFFFFFFFFFFFFFFFFFFFFF
:10C15000FFFFFFFFFFFFFFFFFFFFFFFFFFFFFFFFEF
:10C16000FFFFFFFFFFFFFFFFFFFFFFFFFFFFFFFFDF
:10C17000FFFFFFFFFFFFFFFFFFFFFFFFFFFFFFFFCF
:10C18000FFFFFFFFFFFFFFFFFFFFFFFFFFFFFFFFBF
:10C19000FFFFFFFFFFFFFFFFFFFFFFFFFFFFFFFFAF
:10C1A000FFFFFFFFFFFFFFFFFFFFFFFFFFFFFFFF9F
:10C1B000FFFFFFFFFFFFFFFFFFFFFFFFFFFFFFFF8F
:10C1C000FFFFFFFFFFFFFFFFFFFFFFFFFFFFFFFF7F
:10C1D000FFFFFFFFFFFFFFFFFFFFFFFFFFFFFFFF6F
:10C1E000FFFFFFFFFFFFFFFFFFFFFFFFFFFFFFFF5F
:10C1F000FFFFFFFFFFFFFFFFFFFFFFFFFFFFFFFF4F
:10C20000007B0020BD4502002D610300A94502000E
:10C21000A9450200A9450200A9450200000000004E
:10C22000000000000000000000000000F1470200D4
:10C23000A94502000000000085470200A945020050
:10C24000454B020037AF0300454B0200454B02004F
:10C25000454B0200454B0200454B0200454B020096
:10C2600007AF0300454B0200454B020021AF03001E
:10C27000454B0200454B0200454B0200454B020076
:10C28000454B0200454B0200454B0200454B020066
:10C29000454B0200454B0200454B0200454B020056
:10C2A000454B0200454B0200454B0200454B020046
:10C2B000454B0200454B0200454B0200454B020036
:10C2C000454B0200454B0200454B0200454B020026
:10C2D000454B0200454B0200454B0200FFFFFFFFAC
:10C2E0009FED197B70B51A4A1A4D002342F22000C7
:10C2F0002021A972288185F82130136082F8283026
:10C3000082ED027BAB7385ED067B1C4685F822101F
:10C3100085F8203005F1280202F814300134202C71
:10C32000FAD101260C48EE730BF0C0FF0B4B1870CE
:10C330000B4B1C700CF02AF8286009F013F885F8F4
:10C34000236070BDAFF30080FFFFFFFFFFFFFFFF23
:10C3500048170020C8170020055E0100781700204C
:10C360004017002081F0004102E000BF83F000434D
:10C3700030B54FEA41044FEA430594EA050F08BF80
:10C3800090EA020F1FBF54EA000C55EA020C7FEA44
:10C39000645C7FEA655C00F0E2804FEA5454D4EBC1
:10C3A0005555B8BF6D420CDD2C4480EA020281EA8B
:10C3B000030382EA000083EA010180EA020281EAC3
:10C3C0000303362D88BF30BD11F0004F4FEA013115
:10C3D0004FF4801C4CEA113102D0404261EB410124
:10C3E00013F0004F4FEA03334CEA133302D05242AA
:10C3F00063EB430394EA050F00F0A780A4F1010466
:10C40000D5F1200E0DDB02FA0EFC22FA05F280189F
:10C4100041F1000103FA0EF2801843FA05F3594185
:10C420000EE0A5F120050EF1200E012A03FA0EFC04
:10C4300028BF4CF0020C43FA05F3C01851EBE3712E
:10C4400001F0004507D54FF0000EDCF1000C7EEB4B
:10C4500000006EEB0101B1F5801F1BD3B1F5001F89
:10C460000CD349085FEA30004FEA3C0C04F10104A8
:10C470004FEA445212F5800F80F09A80BCF1004FD1
:10C4800008BF5FEA500C50F1000041EB045141EA53
:10C49000050130BD5FEA4C0C404141EB0101013C1C
:10C4A00028BFB1F5801FE9D291F0000F04BF01460B
:10C4B0000020B1FA81F308BF2033A3F10B03B3F1DD
:10C4C00020020CDA0C3208DD02F1140CC2F10C026D
:10C4D00001FA0CF021FA02F10CE002F11402D8BFCB
:10C4E000C2F1200C01FA02F120FA0CFCDCBF41EA97
:10C4F0000C019040E41AA2BF01EB0451294330BD66
:10C500006FEA04041F3C1CDA0C340EDC04F1140442
:10C51000C4F1200220FA04F001FA02F340EA030019
:10C5200021FA04F345EA030130BDC4F10C04C4F15F
:10C53000200220FA02F001FA04F340EA030029463F
:10C5400030BD21FA04F0294630BD94F0000F83F489
:10C55000801306BF81F480110134013D4EE77FEA6C
:10C56000645C18BF7FEA655C29D094EA050F08BFB8
:10C5700090EA020F05D054EA000C04BF1946104699
:10C5800030BD91EA030F1EBF0021002030BD5FEADD
:10C59000545C05D14000494128BF41F0004130BD05
:10C5A00014F580043CBF01F5801130BD01F0004559
:10C5B00045F0FE4141F470014FF0000030BD7FEACC
:10C5C000645C1ABF194610467FEA655C1CBF0B46C7
:10C5D000024650EA013406BF52EA033591EA030FDE
:10C5E00041F4002130BD00BF90F0000F04BF0021D6
:10C5F000704730B54FF4806404F132044FF0000509
:10C600004FF0000150E700BF90F0000F04BF002181
:10C61000704730B54FF4806404F1320410F00045E7
:10C6200048BF40424FF000013EE700BF42004FEAE2
:10C63000E2014FEA31014FEA02701FBF12F07F435F
:10C6400093F07F4F81F06051704732F07F4208BF16
:10C65000704793F07F4F04BF41F40021704730B51D
:10C660004FF4607401F0004521F000411CE700BF69
:10C6700050EA010208BF704730B54FF000050AE0EC
:10C6800050EA010208BF704730B511F0004502D5ED
:10C69000404261EB41014FF4806404F132045FEAEF
:10C6A000915C3FF4D8AE4FF003025FEADC0C18BF98
:10C6B00003325FEADC0C18BF033202EBDC02C2F18A
:10C6C000200300FA03FC20FA02F001FA03FE40EA1C
:10C6D0000E0021FA02F11444BDE600BF70B54FF020
:10C6E000FF0C4CF4E06C1CEA11541DBF1CEA1355FE
:10C6F00094EA0C0F95EA0C0F00F0DEF82C4481EA66
:10C70000030621EA4C5123EA4C5350EA013518BF85
:10C7100052EA033541F4801143F4801338D0A0FB72
:10C7200002CE4FF00005E1FB02E506F00042E0FB1F
:10C7300003E54FF00006E1FB03569CF0000F18BF25
:10C740004EF0010EA4F1FF04B6F5007F64F54074CD
:10C7500004D25FEA4E0E6D4146EB060642EAC62160
:10C7600041EA55514FEAC52040EA5E504FEACE2ECD
:10C77000B4F1FD0C88BFBCF5E06F1ED8BEF1004FD0
:10C7800008BF5FEA500E50F1000041EB045170BD4C
:10C7900006F0004646EA010140EA020081EA030190
:10C7A000B4EB5C04C2BFD4EB0C0541EA045170BD8C
:10C7B00041F480114FF0000E013C00F3AB8014F106
:10C7C000360FDEBF002001F0004170BDC4F100044F
:10C7D000203C35DA0C341BDC04F11404C4F12005D0
:10C7E00000FA05F320FA04F001FA05F240EA02002B
:10C7F00001F0004221F0004110EBD37021FA04F661
:10C8000042EB06015EEA430E08BF20EAD37070BD1A
:10C81000C4F10C04C4F1200500FA04F320FA05F079
:10C8200001FA04F240EA020001F0004110EBD3707B
:10C8300041F100015EEA430E08BF20EAD37070BDEB
:10C84000C4F1200500FA05F24EEA020E20FA04F3C4
:10C8500001FA05F243EA020321FA04F001F0004173
:10C8600021FA04F220EA020000EBD3705EEA430EE4
:10C8700008BF20EAD37070BD94F0000F0FD101F013
:10C880000046400041EB010111F4801F08BF013C4C
:10C89000F7D041EA060195F0000F18BF704703F08A
:10C8A0000046520043EB030313F4801F08BF013D11
:10C8B000F7D043EA0603704794EA0C0F0CEA1355CD
:10C8C00018BF95EA0C0F0CD050EA410618BF52EA87
:10C8D0004306D1D181EA030101F000414FF000008D
:10C8E00070BD50EA410606BF1046194652EA43069B
:10C8F00019D094EA0C0F02D150EA013613D195EA0F
:10C900000C0F05D152EA03361CBF104619460AD156
:10C9100081EA030101F0004141F0FE4141F4700160
:10C920004FF0000070BD41F0FE4141F4780170BD50
:10C9300070B54FF0FF0C4CF4E06C1CEA11541DBFB5
:10C940001CEA135594EA0C0F95EA0C0F00F0A7F8B7
:10C95000A4EB050481EA030E52EA03354FEA0131E4
:10C9600000F088804FEA03334FF0805545EA1313F7
:10C9700043EA12634FEA022245EA111545EA1065BF
:10C980004FEA00260EF000419D4208BF964244F156
:10C99000FD0404F5407402D25B084FEA3202B61A75
:10C9A00065EB03055B084FEA32024FF480104FF449
:10C9B000002CB6EB020E75EB030E22BFB61A7546BD
:10C9C00040EA0C005B084FEA3202B6EB020E75EB50
:10C9D000030E22BFB61A754640EA5C005B084FEAB8
:10C9E0003202B6EB020E75EB030E22BFB61A754685
:10C9F00040EA9C005B084FEA3202B6EB020E75EB90
:10CA0000030E22BFB61A754640EADC0055EA060E50
:10CA100018D04FEA051545EA16754FEA06164FEA93
:10CA2000C30343EA52734FEAC2025FEA1C1CC0D13F
:10CA300011F4801F0BD141EA00014FF000004FF0CC
:10CA4000004CB6E711F4801F04BF01430020B4F18D
:10CA5000FD0C88BFBCF5E06F3FF6AFAEB5EB030C45
:10CA600004BFB6EB020C5FEA500C50F1000041EB42
:10CA7000045170BD0EF0004E4EEA113114EB5C040F
:10CA8000C2BFD4EB0C0541EA045170BD41F48011E2
:10CA90004FF0000E013C90E645EA060E8DE60CEAEA
:10CAA000135594EA0C0F08BF95EA0C0F3FF43BAF07
:10CAB00094EA0C0F0AD150EA01347FF434AF95EABE
:10CAC0000C0F7FF425AF104619462CE795EA0C0FA2
:10CAD00006D152EA03353FF4FDAE1046194622E76F
:10CAE00050EA410618BF52EA43067FF4C5AE50EA49
:10CAF00041047FF40DAF52EA43057FF4EBAE12E739
:10CB000053B94AB9002908BF00281CBF4FF0FF31B4
:10CB10004FF0FF3000F00CB8ADF1080C6DE904CE19
:10CB20000BF040FEDDF804E0DDE9022304B07047BD
:10CB3000704700BF2DE9F00791E8F807B2E802104E
:10CB40005B1854EB0C04B2E802104D4156EB0C0696
:10CB5000B2E802104F4158EB0C08B2E8021059EB52
:10CB600001095AEB0C0A80E8F80780410130BDE862
:10CB7000F00770472DE9F00791E8F807B2E80210D6
:10CB80005B1A74EB0C04B2E802108D4176EB0C06D4
:10CB9000B2E802108F4178EB0C08B2E8021079EB92
:10CBA00001097AEB0C0A80E8F80780414042BDE8B1
:10CBB000F00770472DE9F007524290E87800B1E89D
:10CBC00080071740DB1918EA020854EB080419EA39
:10CBD000020955EB09051AEA020A56EB0A0678C063
:10CBE00090E87800B1E8800717407B4118EA020816
:10CBF00054EB080419EA020955EB09051AEA020A7E
:10CC000056EB0A0678C080410130BDE8F007704756
:10CC10002DE9F007524290E87800B1E8800717400C
:10CC2000DB1B18EA020874EB080419EA020975EB29
:10CC300009051AEA020A76EB0A0678C090E878003D
:10CC4000B1E880071740BB4118EA020874EB0804FA
:10CC500019EA020975EB09051AEA020A76EB0A06D7
:10CC600078C080414042BDE8F00770472DE9F001EF
:10CC700052424FF0040890E8300091E8C000A31B36
:10CC80001340E41AF618EB1B1340ED1AFF1830C0DE
:10CC9000C0C1B8F10108EED1BDE8F001704700BF96
:10CCA00000B592EC080AB1E8805707EE101A53EC71
:10CCB000102A56EC114AA7FB0251A8FB020BE7FB16
:10CCC0006310E9FB62B041EC145AA8FB0351EAFB84
:10CCD0006201E7FB64B5E7FB6605E8FB661505EE58
:10CCE00010BAA9FB03B6EAFB6316ECFB6356E8FB3C
:10CCF000640BE9FB641BEAFB645BECFB646B05EE15
:10CD0000900AACFB023012EE104AEEFB6250E9FBD7
:10CD10006460EAFB64B0E7FB6431E8FB645112EE47
:10CD2000904AE8FB6461E9FB64B1EAFB640106EE4A
:10CD3000103AA7FB043213EE104AE7FB6462E8FBEB
:10CD400064B2E9FB6402EAFB641211EE904AE9FB6B
:10CD50006453EAFB646313EE904AE7FB64B3E8FBB9
:10CD60006403E9FB6413EAFB642306EE905A17EEB2
:10CD7000109A99E8000610EE108AA9FB0854EAFB05
:10CD800068B412EE108AECFB6804EEFB6814E9FB51
:10CD90006824EAFB683410EE908AEEFB6865E9FBD4
:10CDA00068B5EAFB680512EE908AECFB6815EEFBAD
:10CDB0006825E9FB6835EAFB684507EE106A11EE65
:10CDC000108AAEFB0876E9FB6806EAFB681613EEEC
:10CDD000108AECFB6826EEFB6836E9FB6846EAFB46
:10CDE000685611EE908AECFB68B7EEFB6807E9FB2A
:10CDF0006817EAFB682713EE908AECFB6837EEFBB6
:10CE00006847E9FB6857EAFB686700BD2DE9F04F0A
:10CE100007EE900AFFF744FF17EE908A07EE90BAEC
:10CE2000A8EC084A88E8FF00BDE8F08F00B591E85B
:10CE30009857A3FB0352A3FB0401E3FB6420E3FB2D
:10CE4000671042EC145AA3FB0752E3FB6802E4FBB1
:10CE50006415E3FB6805E3FB6925A4FB07B6E3FB68
:10CE60006926E3FB6A56E4FB670BE4FB682BE3FBF4
:10CE70006A5BE3FB6C6B40EC151AA4FB0810E4FB47
:10CE80006950E3FB6C60E3FB6EB0E7FB6721E4FBFA
:10CE90006951E4FB6A61E3FB6EB1E4FB6E0106EEEF
:10CEA000102AA7FB0832E4FB6A62E4FB6CB2E4FBE5
:10CEB0006E02E7FB6E12E7FB6853E7FB6963E4FB76
:10CEC0006CB3E7FB6C03E7FB6E13E8FB6E2306EE27
:10CED000905AA7FB0954E7FB6AB4E7FB6C04E8FB34
:10CEE0006C14E8FB6E24E9FB6E34E8FB6865E7FB35
:10CEF0006AB5E8FB6A05E8FB6C15E9FB6C25E9FB04
:10CF00006E35EAFB6E4507EE106AA8FB0976E8FB72
:10CF10006A06E9FB6A16E9FB6C26EAFB6C36EAFB5B
:10CF20006E46ECFB6E56E8FB69B7E9FB6907E9FB67
:10CF30006A17EAFB6A27EAFB6C37ECFB6C47ECFBF1
:10CF40006E57EEFB6E6700BD2DE9F04F07EE900ABD
:10CF5000FFF76CFF17EE908A07EE90BAA8EC084A2C
:10CF600088E8FF00BDE8F08F30B44FF0000310F800
:10CF7000014B11F8015B013A84EA050443EA04031A
:10CF8000F5D1A3F101034FEAD37030BC704700BF65
:10CF90004FF0000310F8012B013943EA0203F9D1E5
:10CFA000A3F101034FEAD370704700BF30B411F80A
:10CFB000014B12F8015B6C4000F8014B013BF6D1CC
:10CFC00030BC70472DE9F00791E8F807B2E802108D
:10CFD0005B1854EB0C04B2E802104D4156EB0C0602
:10CFE000B2E802104F4158EB0C08B2E8021059EBBE
:10CFF00001095AEB0C0A8941B3F1FF3374F1FF3494
:10D0000075F1FF3576F1000677F1000778F1000839
:10D0100079F101097AF1FF3A51F100015B184C41B5
:10D020004D4156F1000657F1000758F1000859EB41
:10D03000D1795AEB010A80E8F807BDE8F00770479C
:10D040002DE9F00791E8F807B2E802105B1A74EBDB
:10D050000C04B2E802108D4176EB0C06B2E8021027
:10D060008F4178EB0C08B2E8021079EB01097AEBFA
:10D070000C0A89415B184C414D4156F1000657F1AD
:10D08000000758F1000859EBD1795AEB010A80E802
:10D09000F807BDE8F007704718EB040859EB0509DD
:10D0A0005AEB060A5BEB070B5FF0000C4CF1000C2F
:10D0B00018EB050859EB06095AEB070A5BEB070B5F
:10D0C00050EB0C005FF0000C51EB0C0152EB0C022A
:10D0D00063414CF1000CB8EB070879F100097AF1D3
:10D0E000000A7BEB040BA841B141A241B3416CF1B2
:10D0F000000CBBEB050BB041B941AA41BB416CF13F
:10D10000000C4CF001068CF0020718EB060859EBF6
:10D110006C095AEB6C0A7BEB6C0B70EB6C0471EBDB
:10D120006C0572EB670653EB6C076CEB6C0C18EB41
:10D130000C0059EB0C015AEB0C025BF1000354F1AB
:10D14000000455F1000556EBDC7657EB0C077047F1
:10D150002DE9F04F07EE900AFFF7A2FD59EC168A71
:10D1600017EE10AAFFF798FF59EC148A5BEC15AA8A
:10D17000FFF792FF17EE908A88E8FF00BDE8F08F76
:10D180002DE9F04F07EE900AFFF750FE59EC168A92
:10D1900017EE10AAFFF780FF59EC148A5BEC15AA72
:10D1A000FFF77AFF17EE908A88E8FF00BDE8F08F5E
:10D1B0001FB50B4B01934FF48C73ADF80830082367
:10D1C0008DF80A3083788DF80B3001A9FF230120F8
:10D1D0008DF80C3000F092FB05B05DF804FB00BF49
:10D1E0009FB801001FB50A4B01934FF43673ADF899
:10D1F000083008238DF80A3001A943788DF80B30E8
:10D2000000208DF80C0000F079FB05B05DF804FB00
:10D210002DBD0100F7B504460D4641B9124B1B78F0
:10D22000012B04D0019101A80121FFF7F3FF23682E
:10D230000E4E0F4F0733002D23F0070323600CBF62
:10D240002046002000F036FB002556F8043B0BB1C9
:10D25000384698470135032DF7D100F09FFB23682E
:10D260001844206003B0F0BD280B002040000020CF
:10D270002A0B00202DE9F7432A4C0190074601A80C
:10D280000E46FFF7C7FFA578E3784FF000091D446D
:10D29000EDB2C8465FFA89F39D4238D80198033051
:10D2A00020F00300002E0190414618BF002000F03E
:10D2B000B7FC019B21791D18019589B16379627CC6
:10D2C0000335002E25F003051A44D2B2A389019537
:10D2D0000CBF2846002000F017FD019B1844019068
:10D2E000A17B79B123796BB1019B073323F007034D
:10D2F000002E0CBF18460020019304F0D7F8019BC4
:10D30000184401900198C01B03B0BDE8F083A37AD4
:10D31000627A217AE0790CF0D9F809F101098044A8
:10D32000B8E700BF280B00208FB572B6194B9D6A75
:10D33000E5B9BFF34F8F1849184BCA6802F4E06291
:10D340001343CB60BFF34F8F00BFFDE7B4FBF6F490
:10D35000DAB20133002CF9D102F110036B440A2632
:10D3600003F80C4C32B901A8A847E2E704460023B1
:10D370000A26EDE7531E04AC54FA83F4DAB2C3B2C2
:10D38000B3FBF6F706FB1733303304F80C3CB0FB65
:10D39000F6F0E7E7280B002000ED00E00400FA05B6
:10D3A0001FB5104B9A7A8DF809205A7A8DF808200B
:10D3B00002A81A7ADB79ADF80C20ADF80A3002F039
:10D3C00057FC18B1DB210320FFF7AEFF012301A8B2
:10D3D0008DF804300DF0ECF808B1DF21F3E705B06B
:10D3E0005DF804FB280B002038B5044690B30AF022
:10D3F000E9FD10B94FF0FF3038BD07F031FCB0F552
:10D40000FA7FF7D8164D1748AC6200F0F3F9164BC7
:10D4100028460024C3E900449C6000F8024B262201
:10D4200021460BF04DF90123EB702B711B23EB719F
:10D4300040F21B332B810223AB721F23AB810823E5
:10D44000AB73EFF3108572B600F034FD2DB962B600
:10D450002846D1E76FF01500CEE72046CCE700BFA5
:10D46000280B0020A1D300004000002010B50028A8
:10D4700036D1204C2378022B2FD059B1002A32D03C
:10D48000023905292CD8DFE801F0030F1D2B2023DA
:10D490001378E37001210020FFF7ECFEB0F5803F28
:10D4A00024DA0123237010BD9378E3B1D378D3B18C
:10D4B00013781A2B17D953781A2B14D91368C4F878
:10D4C0000730E7E713782371E4E71388A381E1E7E6
:10D4D0001388FF2B07D8A373DCE74FF0FF30E2E798
:10D4E0006FF02C00DFE76FF01500DCE76FF00B004A
:10D4F000D9E700BF280B002070B50D460646E8B1FD
:10D50000E1B111F0070419D100F0B2F8C8B130460A
:10D510000AF0CCFE0C4E214686F82C002846FFF778
:10D52000A9FE0EF045FC96F82C00214602F034FCD2
:10D53000FFF736FF02233370204670BD6FF01500F1
:10D54000FBE74FF0FF30F8E7280B002010B5074C41
:10D550002378022B05D102F037FC94F82C000AF056
:10D56000C1FE0CF0A0F80020207010BD280B002098
:10D5700050B1074B03F1140253F8041B40F8041B8D
:10D580009342F9D1002070476FF01500704700BF3B
:10D59000B442040010B5064B1C7834B902F0C6FB47
:10D5A000044B054A5A60204610BD4FF0FF30FBE7A0
:10D5B000280B002040000020B1D1000010B5064B20
:10D5C0001C7834B902F0C6FB044B054A1A602046A9
:10D5D00010BD4FF0FF30FBE7280B0020400000207B
:10D5E000E5D1000010B5054B1C781CB902F06AFBB0
:10D5F000204610BD4FF0FF30FBE700BF280B002096
:10D6000010B5054B1C781CB90CF0E8FF204610BD86
:10D610004FF0FF30FBE700BF280B002010B5054B93
:10D620001C781CB90CF0DDFF204610BD4FF0FF3018
:10D63000FBE700BF280B002008B5054B1B78022B29
:10D6400003D002F01DF9002008BD4FF0FF30FBE7CA
:10D65000280B0020024B02681A600020704700BFB0
:10D66000580B0020014B1B68184700BF580B0020C7
:10D67000024B1868003818BF01207047580B002073
:10D680002DE9F341284E031D04463360304603F074
:10D69000D7F90228054607D1234920460BF0F1F9B6
:10D6A000284602B0BDE8F081042836D13378072B34
:10D6B00018D13E2000F04EF878B9F378327901A9FC
:10D6C00043EA02236846ADF800300BF0A8FC0028BE
:10D6D000DCD053210820FFF727FE052000F07AF860
:10D6E0000028EAD0314620460BF032FAB0F5817FAF
:10D6F00001D37221EEE70028C8D0277894F8028081
:10D70000384600F027F80028C0D03E2FC8D1404648
:10D7100000F060F80028C3D1B8E70828C0D102495A
:10D7200020460BF0DDF9BBE75C0B0020074B4FF008
:10D73000FF3141F6FF72C3E9001205490022C1E939
:10D7400000221F21C3E90212704700BF0000002021
:10D75000A00B00203F280CD801380B4BC0F342121D
:10D7600000F01F0053F8223023FA00F000F001000F
:10D770007047FF2806D04038C0F34212034B00F038
:10D780001F00EFE70120704700000020A00B0020E1
:10D790000146074B006849681A4603C240F48C22D0
:10D7A0001A6041F0107242F4FF625A60704700BF85
:10D7B000000000200246024B0068516803C3704716
:10D7C000A00B00200246024B0068516803C370475B
:10D7D000080000200138064BC0F3421203EB82031D
:10D7E00000F01F009B6823FA00F000F00100704772
:10D7F00000000020014B1860704700BFA80B0020FC
:10D8000007B5FFF793FF0CF048FB044B1B6813B1FF
:10D8100001909847019803B05DF804FBA80B002025
:10D820000B880288F0B5C3F30E049EB204F118030E
:10D83000C57CC35A05352A442B4497B213FA82F3A8
:10D84000013B4288B3FBF7F313FB07439BB29A42B9
:10D85000044A93BF22EA0603324013439BB20B8073
:10D86000F0BD00BF0080FFFF10B5114B00EB41047D
:10D870001A786389B3FBF2F303FB0223013A1A44DB
:10D88000B2F5706F027928BF00231A448378B2FB87
:10D89000F3F0194403FB1020091AB1FBF3F003FB6A
:10D8A000101313446FEA43436FEA5343638110BD7F
:10D8B000AC0B002010B5104BC8B15A78022A04D026
:10D8C00040F22B111720FFF72FFD03225A70026838
:10D8D00012F0070102D04FF49871F3E75C685A60C8
:10D8E00022440260C3E903119A60596110BD01220C
:10D8F000C3E901005A70F9E7AC0B00202DE9F041B3
:10D90000254E96F801E00EF0FD0CBCF1010F04D09D
:10D9100040F245111720FFF707FD91F80680B8F196
:10D92000080F02D940F24711F4E7CF7997B3454683
:10D93000022D726838BF02257B1D5C0002EB430399
:10D940006A1E13446D422B408D884544013DC8F149
:10D9500000022A404FF6FE75AA4202D94FF4A9717F
:10D96000D8E7BEF1030F12D106EB80001C1BC5687F
:10D9700015B140F25711CDE7C460A770228084F83A
:10D9800003C0087A09682071080CE080218107FB38
:10D9900002337360BDE8F081AC0B00202DE9F04745
:10D9A000364C6378012B65D0032B04D040F267110D
:10D9B0001720FFF7B9FCD4E901329A4202D04FF4A4
:10D9C000B571F5E72546002305F80C3B1E460222FB
:10D9D000994655F82200013A58B190F804808178B0
:10D9E000B8F1FF0F2FD180F804908E423CBFCEB229
:10D9F0000123511CEDD103B12670022640F6FF69C8
:10DA000055F826709FBB013EFAD2042363700020B4
:10DA1000BDE8F08755F82CE0BEF1000F06D09EF867
:10DA200004A0C24504BF9EF802E077440CF1FF3C1D
:10DA3000BCF1000FEEDA3944FF2907D903B1267093
:10DA40004FF48371B4E794460027F1E70771CCE700
:10DA500007EB41033846A3F80A90FFF705FF08F1EA
:10DA60000108BB785FFA88F18B42F1D8CBE74FF021
:10DA70000008F6E7022360686370C9E7AC0B00207A
:10DA8000F8B54FF6FF730380184B03EB8101054691
:10DA9000C868B8B186780379B3FBF6F206FB123397
:10DAA000DBB219460A1D00EB4202B2F9027054883B
:10DAB000002F09DB0131B1FBF6F206FB1211C9B2EE
:10DAC0008B42EFD10020F8BDFF29FBD0C4F30E0339
:10DAD000C4782B8024B94FF4D9711720FFF724FCA8
:10DAE0005380BDE8F8400BF0D0BC00BFAC0B002069
:10DAF0001D4B03EB810170B5CC68054644B30304AC
:10DB000004D54FF4E0711720FFF70EFC01462046C4
:10DB10000BF09DFCFF28014604D02046BDE8704074
:10DB20000BF0B3BCA078B5FBF0F300FB1353DBB2F2
:10DB300019460A1D04EB4206B6F90260002E09DB05
:10DB40000131B1FBF0F200FB1211C9B28B42F0D1EE
:10DB5000002070BDFF29FBD08B4204EB42021CBFAA
:10DB60000023E3705580D8E7AC0B0020094B03EB92
:10DB7000810110B5CC68014620460BF068FCFF28F7
:10DB8000014604D02046BDE810400BF07EBC0020CA
:10DB900010BD00BFAC0B0020F8B5104B03EB8101AA
:10DBA0000746CC68014620460BF051FCFF2805468D
:10DBB00011D0E688238953EA064606D0014620465E
:10DBC0000BF063FC01463846B04720462946FFF774
:10DBD0004BFE0020F8BD0320FCE700BFAC0B00208B
:10DBE00038B50E4B827903EB82030446D86808B936
:10DBF000022038BD8278E1799142F9D24B1CE37161
:10DC000000EB41035D89B3F90A30002BF3DBA580FB
:10DC10000BF03BFC20600020EBE700BFAC0B0020CA
:10DC200070B5044610F003000E4603D049211820B9
:10DC3000FFF77AFB0BF0B0FB054624B103483146F1
:10DC400004600BF0A9FB284670BD00BFC40B002088
:10DC50002DE9F04F1E4C85B092462268BDF83CB0CD
:10DC600098468146BDF838300D461AB95B21182018
:10DC7000FFF75AFB1A460A21504603930BF037FA76
:10DC80005A460646092140460BF031FA311807463C
:10DC900020680BF0ABFB039BC9F8000018B92860A3
:10DCA00005B0BDE8F08F84192C60D9F8000000930E
:10DCB000524631460A230BF0CCF92868CDF838B02B
:10DCC00009234246394605B0BDE8F04F0BF0C1B913
:10DCD000C40B002070B50E4604460BF011FA054641
:10DCE00030460BF00DFA044B2A1821461868BDE89F
:10DCF00070400BF0A5BB00BFC40B0020014B18689F
:10DD00000BF067BBC40B0020F8B511441D4EC9B21F
:10DD100010F00305317003D04D210920FFF704FBFB
:10DD20001F2B19D89B009BB2033323F003039BB234
:10DD300008B17060338101EB81047668E2004FF036
:10DD4000010C00EBC404EFB2B94212D8D01D03FBA2
:10DD5000010020F00700F8BDFF2B4FEA430204D971
:10DD6000FF339342DFDB93B2DEE77C2AFBDC7C23CC
:10DD7000DAE710B186F800C07460013528361C441B
:10DD8000E1E700BFC80B002038B5144A1478536887
:10DD90000021C8B2844203D8A8210920FFF7C4FAA1
:10DDA0001846013105782833002DF2D0002181700A
:10DDB00001241289447044688161C161920800F1B4
:10DDC0002001051D21F8022B994245F8044B14440B
:10DDD000F8D100234361037038BD00BFC80B002099
:10DDE0002DE9F8434B7880460C4602F0040602F019
:10DDF000FB07D3B1DFB12E4BD4F804901D89B7BB1C
:10DE000001236370AD08A761E76104F120034A466E
:10DE1000211D04F1280023F8025B984241F8042BED
:10DE20002A44F8D10023636101E0002FE3D0FF23EF
:10DE3000A370002E18BF0226A3191B7D032B03D14C
:10DE4000022F1CBF0136F6B2A31901221A7506F182
:10DE50000C0204EB8606002324F812307268A370CB
:10DE6000C8F80020A8F804304046BDE8F883002137
:10DE700014226170A0180AF023FCB5F5FF7F0FD2C1
:10DE80006B08ED1AADB209EB0502C4F804902584C5
:10DE9000A2606384C4F80C90A5842261E384C6E781
:10DEA000B5F5EE6F4FF0FF03EBD940F27265EAE78C
:10DEB000C80B0020134B012200214FF0FF309A6065
:10DEC000C3F80012C3F80803C3F80015C3F804250B
:10DED0009A60C3F80803C3F80015C3F804250A497B
:10DEE0000A4A03F580334FF40040C3F80825C1F80F
:10DEF0008000BFF34F8FBFF36F8FC1F88001C3F86D
:10DF00000825704700F0004000E100E00000F63F07
:10DF10000A46192302F8033B0448C368C1F80330DA
:10DF20000369536043699360704700BFD80B0020BA
:10DF3000024B5A8C02435A845B6A1847D80B002064
:10DF4000014B00215B6A1847D80B002010B5154C17
:10DF500005F050FF05F070FB208DFFF7F1FF237EE9
:10DF60006BB12246104952F80C3BE3606368536082
:10DF7000A368936004F1190002220DF02AF8236BC4
:10DF800093F87030022B02D1084803F045FAA36BD6
:10DF900094F8341094F835009847002384F83C3006
:10DFA00010BD00BFD80B002011DF0000040C0020C2
:10DFB000034B93F83C300BB1FFF7C8BF704700BF6D
:10DFC000D80B002070B51D4C256B636C236495F84D
:10DFD0009C30064694F848000BB1031DD8B295F862
:10DFE00069102EB9FF2803D195F868308B4201D013
:10DFF00005F0C2FD95F89C30D3B1E06C06F07CF8DA
:10E00000012384F86830D5E94023E16C206CC4E931
:10E01000182305F0C7FA16B9304606F0ABF895F8A4
:10E020006810002006F0F0F8022384F83C3070BD40
:10E03000206C06F061F805F0FFFAECE7D80B002041
:10E040002DE9FF41414C94F83C30266B012B0546ED
:10E050000F465FFA83F804D040F275412720FFF79E
:10E0600063F996F88C303BB1002186F88C100420BF
:10E07000FFF75EFF86F88E80A16F0B7803F0030335
:10E08000032B05D196F8923013B90220FFF750FF09
:10E09000A26F137803F00303032B03D05378002BF4
:10E0A0003FD1012386F8923096F89C30BBB1D6E977
:10E0B0004001236B94F848200392C4E918014FF003
:10E0C000010893F8690084F868800BF0EEFA0021EB
:10E0D00003460091039A1E49404605F01DFADDB93A
:10E0E000D7B1E36F28469847B0B194F834309BB964
:10E0F00094F88030D906C3F300125CBF636C1D78BE
:10E10000D4F884305CBFC5F30015C5F1010553B9DF
:10E11000B4F888303BB132B904B0BDE8F041FFF744
:10E1200015BF0223BEE7638C9A0709D5A36FDB787E
:10E13000022BF1D1002004B0BDE8F041FFF742BF4F
:10E14000002DE9D1002BF5D0E6E700BFD80B002069
:10E15000280C002008B5094B93F83C20022A04D073
:10E160004FF40F712720FFF7DFF8DA7A42F001024F
:10E17000DA72BDE80840FFF7E9BE00BFD80B002007
:10E18000044B93F83C2002F0FF000AB91876704760
:10E190000C207047D80B00200A4B0B4A70B506467E
:10E1A0000D461A60FFF7ECFF18B1DE212720FFF7BC
:10E1B000BBF8064C012104F18A000CF0FAFD6664FC
:10E1C000E56470BD4C00002078E90000D80B002009
:10E1D000024B012283F8AC20704700BFD80B00200F
:10E1E000F0B57F4C85B002AE86E8030094F83C1091
:10E1F0000A9F01F0FF0511B90AB103B127B940F236
:10E200004F112720FFF790F896E8030004F12C0C3B
:10E210008CE8030084F8AC5084F8345084F8AD5096
:10E2200084F8355084F8AE5065842585256BE36706
:10E230006262A76305F0DEFC05F0FEF995F96C005B
:10E2400005F06AFD686A05F049FFE86905F06AFDB6
:10E2500095F8AC0005F08CFD236B93F8FF310BB102
:10E2600005F0B6FC95F86910012005F053FE002872
:10E2700000F0B4805B4B5C4E186805F035FF2B69ED
:10E28000C4F8B0306B69C4F8B43005F58C7705F587
:10E29000847318685968324603C20833BB42164675
:10E2A000F7D1D5F81821C4F869205A684F4B5A6045
:10E2B000236B93F89620A2F12501012993F86810A9
:10E2C0000E4603D993F89700252853D193F8AE3220
:10E2D0002BB1012E03D0012B14BF0226012605F11C
:10E2E0003007314638460CF004FF31460CF0BAFBDB
:10E2F000AB8F95F86910984228BF184684F8B8008B
:10E3000038460CF0DFFE95F8691095F89C70B5F86A
:10E310004460082908BF04210CF0A4FB0FB90430A5
:10E3200080B2B04228BF304695F89C30C6B284F81F
:10E33000486093B1D5E9402395F869000127C4E905
:10E34000182384F868700BF0B0F90022034600929D
:10E3500025493246384605F0DFF80120FFF732FE46
:10E36000234BD3F8503523F00803032B2AD140F276
:10E37000F91146E7203A012A0CD8232893F83E21C8
:10E380000AD012F0010319D19207A8D5012918BFAC
:10E390000226A4E723280DD193F83E2193F861309B
:10E3A000134013F001020BD19B0798D5012908BF38
:10E3B0000E46ECE7042908BF082690E71E468EE7C4
:10E3C00016468CE7002323606360A360B5F89030A5
:10E3D00063802B88238095F8AC30237105B0F0BDA5
:10E3E000D80B00204C000020280C0020410C0020FD
:10E3F0000010004008B50C4B93F83C201AB9BDE85A
:10E400000840FFF7A3BD93F83C20022A04D040F255
:10E4100012212720FEF788FF1B6BD3F81802BDE8F6
:10E42000084005F07BBE00BFD80B0020014B1876DA
:10E43000704700BFD80B0020014B93F8AE00704727
:10E44000D80B0020024B188DC0F38020704700BF0E
:10E45000D80B0020014B93F8AD007047D80B00207B
:10E460002DE9F3411E4D82072C6B06460F4622D53F
:10E47000D5F8843023B940F266412720FEF754FFD7
:10E48000B5F88820296C1846033291F801800AF00B
:10E49000A1F80DF1020201A92864D5F8B4000AF030
:10E4A00071FF01980AF058FF012238604146D5F803
:10E4B000B4000AF0FDFEF3070ED5D4E94032013373
:10E4C00042F10002C4E9403294F89430012B0CBFB1
:10E4D0000023012384F8943002B0BDE8F08100BF2E
:10E4E000D80B00202DE9F04FA04C002387B0CDE9D8
:10E4F000043394F83C30276B022B80468A4604D0C4
:10E500004FF49D612720FEF70FFF238D590606D497
:10E510004020FFF715FD238D43F04003238597F836
:10E520009C30B8F1000F00F01281A3B105F0B2F8F1
:10E5300005F096F878B9236C5A7862B11B7897F891
:10E540009420C3F3C0039A4205D1012384F83530E7
:10E55000FFF7FCFC4FE1236C5978A4F8881011B345
:10E56000D4F8B4000AF07AFEC4F88400238D97F83A
:10E57000932043F480732385236C1B78C3F38003BB
:10E580009A4200F0B980256B95F89230002B3ED06E
:10E59000022B12D1D4F8B00004A90AF0F6FD28B974
:10E5A0004FF47971AEE7C4F88410DFE7D5E93E3265
:10E5B000013342F10002C5E93E3295F88E30002168
:10E5C00085F8921023B185F88E101020FFF7B0FC6B
:10E5D00095F88D309BB1002685F88D6001F0C8FD5F
:10E5E00010B940F2FB318DE731460820FFF7A0FC5F
:10E5F000D5E93E32013342F10002C5E93E3295F8D9
:10E600009330012B0CBF0023012385F89330238D19
:10E6100043F4806323854FF0000B216C97F894201E
:10E620000D78C5F3C0039A4240F0868005F00305DB
:10E63000032D266B62D0002D6BD196F89430013BF0
:10E6400018BF012386F89430236C5B7833B1D6E988
:10E650004032013342F10002C6E9403297F89B3064
:10E6600093B1D7E93E01236BC4E91801002693F862
:10E67000680084F868600BF018F83D49009603467E
:10E68000FB22304604F048FFBAF1000F72D1628CD1
:10E6900094F8AD30120703D5A26FD278022A69D060
:10E6A000012B67D8E36F01209847002862D094F8C7
:10E6B0003490B9F1000F5DD1266B94F8483096F88C
:10E6C0009C208DF80D90002A40F09880FF2B96F842
:10E6D000681003D196F869308B4202D0FF2005F014
:10E6E0004BFA96F89230032B00F22F81DFE813F0FB
:10E6F00089000E0111012401C3468EE7238D0120FC
:10E7000043F4006386F88C002385FFF711FC002595
:10E7100093E74B78002BFAD0228DD4F8845042F442
:10E7200000622285002D99D0FB2B07D894F8AC30DD
:10E730005BB12020FFF704FC00258FE794F834300C
:10E7400043F0100384F83430F6E7454675E70BB123
:10E7500004F0D6FF94F8AD30013384F8AD30238D4A
:10E76000002543F400732385AB4677E7D80B0020E0
:10E77000280C002005F068FD4FF0010A1DB105A925
:10E780000220FFF76DFEBBF1000F0DD0B4F807209B
:10E79000B4F805301343B7F8902013431EBFB4F804
:10E7A00009300133A4F80930B8F1000F00F0D5802A
:10E7B000B4F805300133A4F80530002384F8AD30F7
:10E7C000694802F007FE049840B10AF0C5FD216BCC
:10E7D00000234372072201300CF0E9FB059B33B1A3
:10E7E000216B00221A720C2205980CF0E0FBBAF1A2
:10E7F000000F7FF4ADAE07B0BDE8F08F0433DBB29D
:10E8000064E794F8B830ADF80E305848A6F85830A0
:10E8100001F09EFC00285DD0A16F8020FFF788FBEF
:10E82000012386F88D3096F89330A26FDB0003F059
:10E830000801137803F0F3030B4396F89410890052
:10E8400001F004010B4323F0100103F00303032B39
:10E85000117002D1D378022B0FD0D4F8B0000AF097
:10E86000DCFC40B9A36F1B7803F00303032B04D037
:10E8700001F094FC08B94FF01009A06F037849EA41
:10E88000030980F8009096F89B30002B60D0437805
:10E89000002B5DD0E06C05F02FFC002384F868307D
:10E8A000D6E93E23A16FE06CC4E9182304F07AFE98
:10E8B00096F86910012005F0A7FCA26F1188A4F852
:10E8C000801091782A4A012384F8AE30917084F840
:10E8D0003C3053E7D4F8B0000DF10D020DF10E01FC
:10E8E0000AF030FCA06788B196F8D73073B99DF86C
:10E8F0000D302BB903808370A06F01210CF059FA01
:10E90000BDF80E10A06F0CF021FB8CE7194BA3672C
:10E9100089E7B6F85830D4F8B000ADF80E300DF1F4
:10E920000D020DF10E010AF00DFCA06700287FF426
:10E930007AAF40F2D521E5E50C4801F009FC00284A
:10E940007FF471AF40F2DE21DCE540F2EB21D9E546
:10E9500005F0D2FB04F070FEAAE7B4F807300133EB
:10E96000A4F807302CE700BF040C0020500C002056
:10E97000580C0020620C002055E10000E5E4000086
:10E9800041E00000B1DF00000B2808B504D94FF4C6
:10E9900052710620FEF7C8FC014B33F8100008BD89
:10E9A0000CE703002DE9F04F2DED028B8BB00446F0
:10E9B00015460293894690F869B00BF05DFE064655
:10E9C00094F80002FFF7E0FF94F897300393304487
:10E9D00085F0010386B2059355BB94F84C32032BA6
:10E9E00026D1039B0D2B23D1B4F8AC324B451FD15C
:10E9F000D4F85432C4F84032A369B4F81E22C4F8E3
:10EA00004432B4F892321344C4F84832204604F039
:10EA1000A3FCD4F8B032A362B4F8AE32A385D4F824
:10EA2000B432A361D4F8B8322362022384F84C32A2
:10EA3000B4F89072B4F89080A9EB07073FB204F5E0
:10EA40001A73002F08EE103AB7BFD4E9A023029B37
:10EA5000C4E9A22301230493CD4BA9EB08081B783A
:10EA60000FFA88F8B8BF474603F0FF05002B53D0D4
:10EA700006F076F900286FD0B4F83432012B6BD948
:10EA800094F84C32022B67D094F86252002D63D177
:10EA900094F80002FFF778FF94F84C3200F5C86054
:10EAA000012B86B2D9B24AD194F89A30D4F828A072
:10EAB000032B3ED1D4F8445255443146D4F8440295
:10EAC00006F0A4F8D4F84032C4F84002A0EB030AE0
:10EAD000D4F848323146284603FB0AFA06F096F885
:10EAE000D4F85052C4F85002451B3146A06906F0D4
:10EAF0008DF8AA44B4F81E52D4F848324544ED1BB0
:10EB0000DB432B44D4F85452451B05FB03A50123DA
:10EB1000C4F8540284F8623294F84C32DFF870A2E0
:10EB2000032B00F28081DFE813F019001401690063
:10EB3000350128460BF0C0FF00EB0A05BDE7A069D0
:10EB4000314606F063F8B4F81E52D4F85432454406
:10EB5000ED1BC31A5D43DAE70025DDE70121002044
:10EB60000BF0AAFF8046A06A3146404406F04EF8FA
:10EB70003146C4F85002A06906F048F807A9C4F865
:10EB8000540208A805F068FB079B0093D4E9A20192
:10EB9000DDE9082309F0FAF8074620460AF0CBFD24
:10EBA000D4F89832A66A94F869001E4405F09AFCDD
:10EBB000D4F85012A38D203E761AB044A8EB070873
:10EBC00000F5234030314FF47A7703EB4101A13057
:10EBD000B0FBF7F0A8EB000794F869000AF098FD85
:10EBE000D4F89832FB1A2230B3F5CA7FCAF8040071
:10EBF00055D840F2F2413020FEF796FBA36AD4F8D4
:10EC000044023146184406F001F83146C4F8500277
:10EC1000A06905F0FBFFC4F8540220460AF08BFD02
:10EC2000B4F81E32A66AD4F84472002B40F08C80EF
:10EC3000029B002B00F0888094F869B0584605F0DC
:10EC400051FC3E44D4F89C12D4F8503204938046D0
:10EC5000203E58460E4405F03DFC049BF61A361A39
:10EC600008F523484FF47A7708F1A108B8FBF7F8C4
:10EC7000A6EB0807D4F85012D4F84032D4F8482252
:10EC800094F86900303102FB0311A38D03EB4101BD
:10EC90000AF03EFD0123CAF8040084F84C32A6694C
:10ECA000D4F85432A6F21F26F61ADAF804309E423F
:10ECB00028BF1E467423A4F87032D4E9A2327F1B09
:10ECC000DF1942F100024FF00008C4E99E72C4F857
:10ECD000186284F8688204F130000CF0F1F9B4F89D
:10ECE0000812A4F89092D4E99E23A1EB09090FFA27
:10ECF00089F9C145C4E9A223C8BF022384F87282FE
:10ED0000C8BF84F87232039B30440D2BC4F86C02E8
:10ED1000029B00F08B80002B40F0898094F84C32ED
:10ED2000002B00F0A280A169D4F8543218EE100A2A
:10ED3000C91A0BF066FE80B2002800F09680169B80
:10ED400003B118800120A0E0D4F8500237443F1AE4
:10ED500090E7D4F85422A369D4F84802D4F84012BA
:10ED60009B1A5F43B4F81E329844C3439844D4F8C6
:10ED70005032303301FB0033A18D94F8690002FB5F
:10ED8000083301EB43010AF0C3FCCAF8040086E72C
:10ED9000940C0020A369D4F854021B1A5F4394F822
:10EDA0009630252B03D094F89730252B0AD1B4F850
:10EDB000AC32A9EB03031B0404D494F8AF32002B4C
:10EDC00018BF9B46049B03B3B4F81E32EBB9D4F8CA
:10EDD0009C3213B940F244510DE794F8690005F0F4
:10EDE00081FBD4F89C320646203B94F869000493DA
:10EDF00005F070FB049B1F44381A06F52343A1332A
:10EE00004FF47A77B3FBF7F7C71BB4F81E12D4F8A8
:10EE10005432414459433031490058460AF078FC95
:10EE20001C4B58603BE740F25951E4E6EBB1B4F8B3
:10EE3000341221B3B4F8362294F83832A4F83622CA
:10EE400002FB0333994202F101000EDD94F87232A5
:10EE50005BB1002384F87232A4F8360201F028FF77
:10EE600000F00700013084F8380218EE101A94F808
:10EE7000940207F0E1FE20B940F2A351BBE60A4636
:10EE8000DAE7059B84F8603200200BB0BDEC028B02
:10EE9000BDE8F08F940C00202DE9FF41044618B91D
:10EEA0009C213020FEF740FA082900F22381DFE898
:10EEB00011F0090071007B007B00760021010D013B
:10EEC00015011F010023C0F89C3290F86032B0F8A1
:10EED0009020002B56D0B0F85E3293424CD1B0F85F
:10EEE0000C22A0F89020D31AA0F80E32D4E99E2369
:10EEF0002046C4E9A02304F013F994F81332002B40
:10EF000000F0A780A569D4F85432DFF8F0819D4263
:10EF100088BFED1A98F8083098BF00251BB9236BFD
:10EF20009D4228BF1D4604F13000D4F818720CF041
:10EF3000C7F80744022008F055FCEE1B26EAE676E7
:10EF4000864228BF06460221304608F09BFC00B9E5
:10EF5000374440F27D22394620460CF0FCF8D4F8C4
:10EF60001832C8F80C00A069184408F0DFFB00282C
:10EF70006FD140F2AA3194E79A1AA0F80E22A4F8B1
:10EF80009030B3E7B0F85C329A1AA0F80E22B0F8CD
:10EF90005C32F4E704B0BDE8F0410CF0E8BE04B028
:10EFA000BDE8F04105F064B90DF0D0F9D4E9A02333
:10EFB000801A61EB0301012871F1000302DA4FF4BA
:10EFC000C4616EE76FF0010383424FF000038B4191
:10EFD00002DA40F2216164E7A3690BB1B0FBF3F3FD
:10EFE00094F89710B4F85E220D2935D10132A4F8B7
:10EFF0005E22B4F89232B4F890500133A4F8923201
:10F00000B4F8CA301D44B4F8C830013DED1AADB2B1
:10F010000DF10E06B4F85E126B1A1B0436D594F887
:10F020009A303549002B0CBF3E23082384F8B930B1
:10F0300004F1B0000BF0C7FF20460CF09AFE00234D
:10F0400084F84C3294F8940207F0ACFC202384F846
:10F05000943204B0BDE8F081B4F890100B449BB238
:10F06000D11A090454BF531C01339BB2A4F85E3279
:10F0700094F86132002BBCD1B4F80C32B4F85E22A3
:10F08000934204BF0133A4F85E32B2E70023009636
:10F090001A462046FFF786FC0028DAD0012812D154
:10F0A000B4F85E22B4F80812BDF80E301344521AB8
:10F0B00012049BB204D5EA1A12F4004F18BF0B4693
:10F0C000A4F85E32A6E74FF4CC61EAE6012005F031
:10F0D00067FD04B0BDE8F0410AF0F5BA90F84C3293
:10F0E000042B01D0C021DCE6002380F84C32B0E7CD
:10F0F000C621D6E6CA21D4E68BB20100940C0020CA
:10F1000090F8E8302DE9F04104460D46164603F02C
:10F11000FF0813B10C20BDE8F0810146474807F015
:10F1200015FC20280746F5D05022414604F1C800BE
:10F1300009F0C6FA012384F8C870C4F8CC5084F8EA
:10F14000E83035B101F0CCFD00F00700013085F862
:10F15000380220460AF0B9FA00270223A4F8FA3050
:10F16000A4F8F80084F8F07005F080FDB4F8F850C9
:10F170009D35284485B220460CF076FC014668B3E4
:10F180000BF07AFA00F5CD6081B2304605F03EFD15
:10F190003044C4F8F4000DF0D9F8281841F100010A
:10F1A000C4E94001012084F8D000E7840CF029FD77
:10F1B000DB3E361AC4F8D4604FF0FF326FF00043E4
:10F1C000C4E9422394F8C80004F1F00107F034FDCB
:10F1D00030BB40F2EF113020FEF7A6F820460CF0CD
:10F1E00068FB174FDB30C4F8F400388A40B1E08C7C
:10F1F00030B101F075FD3B8AB0FBF3F202FB130066
:10F2000005440DF0A3F82D1841F10001C4E9405167
:10F21000002ED1D0751941F10001C4E94251D1E766
:10F22000D4E9402300252046C4E93823A4F8EA5055
:10F2300029460CF045FC28466DE700BFFB9701000E
:10F24000940C0020F0B5002385B0CDE900330123F4
:10F250008DF806306846FEF7C3FC70B11B4E0123E3
:10F26000B3740027CDE9027702A8FEF7B9FC054682
:10F27000A8B10020B07405B0F0BD00980AF072FB90
:10F28000E8E790F8940208F027FC94F8940284F8D8
:10F290004C5207F087FB202384F89432E2E7029B6C
:10F2A000002BE1D093F89422202ADDD018884FF665
:10F2B000FF739842DDD02946FEF758FC044600282B
:10F2C000DFD140F229113020FEF72EF8940C0020F7
:10F2D000054B002201211A7219709A7442F21072C1
:10F2E0001A82FFF7AFBF00BF940C0020014B1872C9
:10F2F000704700BF940C002008B504F0FFFB044BDE
:10F30000DA6882422ABF987C002080F0010008BDA4
:10F31000940C00202DE9F74F0446052900F2908057
:10F32000DFE801F003806D7D8489D0F89C32002BEA
:10F3300053D090F86232002B4FD090F84C32032B10
:10F340004BD190F869B00BF097F9074694F800029A
:10F35000FFF71AFB814607445846D4F89C5205F043
:10F36000B9F8A5EB0008584605F0BCF800F2E73301
:10F370005846D4F818624FF47A7AB3FBFAF3A8EB44
:10F38000030805F0A7F8361A584605F0ABF800F563
:10F390002340A130B0FBFAF0321A5108A2F1600309
:10F3A000BFB209F5C86929317B431FFA89F9B3FB5C
:10F3B000F9F360335A08A1EB5303984502D3114483
:10F3C000884501D905F0B8FEA069394605F01EFC54
:10F3D0000023C4F8540284F862321B4B9B7C03F078
:10F3E000FF0263B9B4F80C12009201232046FFF724
:10F3F000D9FA38B140F2DA613020FDF795FF0423E5
:10F4000084F84C3204F040FD07F0F8F8B4F890208E
:10F41000A4F85E220023A4F8923284F8613203B08B
:10F42000BDE8F08F032380F84C32F8E704F060FB6E
:10F43000C4F89C02F3E703B0BDE8F04F0AF07BB9D3
:10F4400040F26E71D8E700BF940C00202DE9F8431C
:10F4500006460C4615468ABB04F050FB0121D4E950
:10F460004089074684F8E850D4F8CC0084F8D0509E
:10F4700084F8E91001F0D4F8D4F8CC00C0E9A089F0
:10F4800094F8C82080F89422C0E9A289C0F8987244
:10F490000AF065F920B140F21D713020FDF744FFFC
:10F4A00004F0F2FC07F0AAF8074994F8C8003246C5
:10F4B00005F04AFB28B940F28171EEE74FF4F361A1
:10F4C000EBE7BDE8F88300BF99EE0000014B18821E
:10F4D000704700BF940C0020F0B5070CA7F5AA42B6
:10F4E000144B543A012A03EA90231FD927F4004011
:10F4F00042F6AA22801A18BF0120002216211646C1
:10F500001F2487EA060562EA0505013510D0DD03F0
:10F51000ADB245EA5606E503ADB2013945EA5202FD
:10F520004FEA53034FEA5404EBD1F0BD0020E4E767
:10F530000020FAE7E0FF3F0010B501210020FEF7B0
:10F5400015FB044670B90121FEF7D2FA044620B932
:10F5500040F21B313920FDF7E7FE034B93F9001011
:10F560000CF06FF9204610BDA80C0020304BF0B510
:10F570005A88B0F85C70B0F85A609D88974228BFEE
:10F580001746964228BF16461B2E85B00C462ED035
:10F59000B5F5A47F2DD040F648039D4201A928BFB0
:10F5A0001D460AF058FBBDF80A309F4228BF1F468F
:10F5B000BDF80C30E780AB4228BF2B462381BDF855
:10F5C00006309E4228BF1E46BDF8083066809D4228
:10F5D00028BF1D46A580FF232370E3881B3B9BB2F9
:10F5E000E02B08D94FF4B7613920FDF79DFE1B2FA2
:10F5F000CED105B0F0BD63881B3B9BB2E02B02D996
:10F6000040F2BA51F0E72389A3F5A4739BB2B3F596
:10F61000E06F02D940F2BC51E6E7A388A3F5A473DA
:10F620009BB2B3F5E06FE4D940F2BE51DCE700BF16
:10F63000A80C002008B50BF048F900F0FBFE00F024
:10F64000F3FB0BF0B2FC01F0A3F801F041FF01F075
:10F65000B7F8084B1B224FF4A4715A809980064BCF
:10F6600006499A8000221960DA825A821A835A74F3
:10F6700008BD00BFA80C0020D410002003021B000E
:10F68000044B41F64C52C3E902221B221A74FFF7C5
:10F69000D1BF00BFD41000202DE9FF41364DAB682B
:10F6A000044640F8303F0AF093F9064600F0ACFB00
:10F6B0006687324E2B7C84F8383010F0200F336888
:10F6C0001DBFAA886988A4F85A101B2208BFA4F895
:10F6D0005A20A4F85C205BB1012302A88DF8083001
:10F6E00003940CF05AFB336894F96C102088984707
:10F6F000AE7CEF7CB5F8148041F64C53A36116B98B
:10F7000000F088FB064657BB00F084FB074646B373
:10F7100038B302A920468DF808608DF80970ADF85D
:10F720000A800BF0C5F96B7801932B7800936A88F7
:10F73000AB8804F1140104F11000FEF789FA236983
:10F7400013B940F28F5114E0636913B94FF4B261F9
:10F750000FE0002004B0BDE8F0810920FAE7002E98
:10F76000D7D120880021FEF717FA0028F5D040F203
:10F770007E513920FDF7D8FDD41000205000002024
:10F78000F7B505460E460CF08FF8002873D02846D2
:10F790000CF06AF940B1B6F80130013B7F2B03D978
:10F7A0001224204603B0F0BD28460CF061F908B9D8
:10F7B0000C24F6E728460AF0CBF90028F8D12846B1
:10F7C0000CF030F804460028F2D1284602F03EFB47
:10F7D0000028E5D0B6F80170F17842F210722846A0
:10F7E00057430CF02EF928460CF036F9014658B96B
:10F7F0003A462846FFF784FC04460028D1D041F65B
:10F8000016013920FDF790FD21460DF10600FEF7A7
:10F8100037F9064668B3214600F002FFBDF806300E
:10F820003380284631460CF039F928460CF026F989
:10F8300098B928460CF024F901463046FFF72CFF12
:10F8400004460028ADD13A4631462846FFF758FC19
:10F85000044620B141F63901D3E70121EDE7074B1A
:10F860009B68002B9DD0024606F59971304698475B
:10F8700097E70D2495E7422493E700BFA80C0020EA
:10F8800008B500F04FFF0AF095F9014B187008BD5C
:10F89000A80C0020034B5A8802801B78837000203C
:10F8A000704700BFD410002037B583781A2B054667
:10F8B00009D8042B05D9012202FA03F3134A134293
:10F8C00005D112241AE0292B01D03B2BF9D128882D
:10F8D000B0F5706FF5D269460BF046F888B9019B18
:10F8E00093F8302102F0FF046AB9AA7883F8312135
:10F8F000FF2283F8302168460BF032FB204603B02C
:10F9000030BD0224FAE70C24F8E700BF20003804D9
:10F910000188A1F11B039BB2E02B0CD84288A2F511
:10F92000A4739BB244F24810834204D8034B0020D6
:10F9300059809A8070471220704700BFA80C0020A1
:10F94000034B5A889B88028043800020704700BF89
:10F95000A80C002038B504784278857804F00103BB
:10F9600052EA030104F0020401D1112038BDBCB9F0
:10F97000002DFAD0002B08BF144601E000242546D4
:10F9800020460AF021F90028EFD028460AF01CF999
:10F990000028EAD0054B00209C74DD749882E5E7CE
:10F9A000002BEBD114461D46EAE700BFD41000201F
:10F9B00013B5008869460AF0D7FF18B10224204623
:10F9C00002B010BD019A92F84C32DBB292F8B82026
:10F9D000002AF3D113F0FB0FF0D0019890F84231D8
:10F9E0000BB13A24EBE790F8E23003F0FF04002B70
:10F9F000F7D190F8D9309B0706D1012380F8423126
:10FA000068460BF0ADFADAE702490222DA300BF071
:10FA1000E0FAD4E7E5B60100F0B50778EF2F85B03E
:10FA200004460D4603D91225284605B0F0BDB0F8AE
:10FA30000130ADF80C309DF80C30DA063FD49E064C
:10FA400003F0030238D5002AEDD11807EBD4637810
:10FA5000190711D42179E278E07942EA012261792B
:10FA600042EA0142A17941EA0021207A41EA0041BB
:10FA70008A42D8D81F2AD6D9627A013A062AD2D821
:10FA8000A27A032ACFD813F0040102D1023A012A44
:10FA900003D8E27A012AC6D811B9A27C032AC2D8B7
:10FAA00013F01001227D19D0012ABCD1227E012A37
:10FAB000B9D8B1B91125B7E7032AC6D1B3E713F016
:10FAC000600FB0D103F00F0203F00703052BBED087
:10FAD000931E012BBBD9002AA5D1B8E7022AE5D194
:10FAE000A1E7DA071FD46378227D03F01801082903
:10FAF0001ED1022ADED11B0709D4E279A37943EA99
:10FB00000223227A43EA0243B3F5804FD2D8BFB230
:10FB100001213846FEF72AF8064678B10AF018F8AF
:10FB2000B8B10C2580E700F031F90028DBD1C1E73E
:10FB3000022AE0D0A27E002ADDD0BBE701213846B0
:10FB4000FDF7D6FF064650B3164B93F900100BF0A5
:10FB500078FE30460BF07DFF21462870E074304679
:10FB60000BF0C3FE637E0546002B3FF45DAF00281B
:10FB70007FF45AAF316B02466846FEF731F9306BBD
:10FB80002A46012109F0E3FC316B68460422FEF7A6
:10FB900027F9306B2A46294609F0D9FC44E70725A6
:10FBA00042E700BFA80C002070B50579042D8AB08B
:10FBB000034658D84488B4F5804F54D82B48465D46
:10FBC000284400214279857AC07BADF8041042F0C8
:10FBD000100242EA460242EA850242EAC00202F00C
:10FBE0001F028DF80420BDF80420ADF80D201A88FE
:10FBF0008DF80F208DF81240120A240A8DF811108A
:10FC00008DF814108DF810208DF813405A7B8DF864
:10FC100015205A798DF816209A79D3F807008DF8B7
:10FC20001720B3F80B209B7B8DF81E307F238DF8B7
:10FC30001F3001238DF80C1006908DF82110ADF8BF
:10FC40001C208DF820308DF8223003A88DF8231069
:10FC50008DF824108DF825108DF8261001A9FFF7D6
:10FC6000DBFE0AB070BD1220FBE700BF30E70300E7
:10FC70000278034672B1427862B142881A2A09D9E1
:10FC800082881A2A06D9044A006810609B889380EB
:10FC90000020704712207047D4100020024B0268E9
:10FCA0009A600020704700BFD41000200378A3F1B1
:10FCB0000A02112A9DBF024A0020137412207047C5
:10FCC000D410002008B5052000F090F803F074FB74
:10FCD000014B024A9A6008BDA80C00206DF5000097
:10FCE00008B502F09BF8FFF7F3FABDE808400148B9
:10FCF00002F07EB8B40C002010B50B4C012384F840
:10FD0000023102F093F80CF030F80AF0DCFD04F256
:10FD100003112046FEF740FA002009F0BEFBBDE8C3
:10FD2000104000F085BE00BFB40C002010B5064C9A
:10FD3000064904F502700AF060FC04F503700449FA
:10FD4000BDE810400AF059BCB40C0020540000205B
:10FD50005C00002010B5094C094904F502700AF056
:10FD60004CFC04F5037007490AF047FC04F50470E5
:10FD70000549BDE810400AF040BC00BFB40C0020AB
:10FD80006C0000207400002064000020014B93F8F8
:10FD900002017047B40C002010B5074C00F040FE83
:10FDA000D4F808020AF021FCFFF76AFC00F0B0FF6B
:10FDB000012384F8143210BDB40C0020014B93F8D9
:10FDC00014027047B40C002010B5074CD4F80C0294
:10FDD0000AF00BFCD4F810020AF007FCFFF72AFC2B
:10FDE000002384F8143210BDB40C0020C208054969
:10FDF000012300F0070003FA00F08B5C18438854DD
:10FE0000704700BF10000020014BD3E9000170478C
:10FE100010000020034B1868C0F30020400040F0A1
:10FE2000010070471000002008B504F019FF084ACF
:10FE3000002332F82310814205D302EB83039B7821
:10FE4000044A137008BD01330C2BF2D10023F7E7ED
:10FE500044E70300C90E002010B544682388A4F8C5
:10FE6000903194F8683084F88F11012B06D0022B62
:10FE700004D040F281210620FDF756FA84F8923131
:10FE800094F86930012B01D0022BF2D184F8933120
:10FE90000449022204F5C3700BF09BF8002384F898
:10FEA0003C3110BD7DA60100406808490388A0F8D8
:10FEB000823190F8603080F8843190F8613080F8B9
:10FEC000853100F279100BF07EB800BF93A60100D7
:10FED0002DE9F743456895F8973095F89680232BE0
:10FEE00004460F462DD1973538460BF018F80028F8
:10FEF0004DD038460BF00DF8814638460BF00BF824
:10FF000001460AF01BFC6668034648B396F8682071
:10FF1000904225D096F83C0101280CBF96F83E018E
:10FF200096F86400014232D0B8F1210F18D096F84B
:10FF30006100014214D152B940F26D110620FDF763
:10FF4000F3F9B8F1210F40F0B3809635CCE7042ADD
:10FF500001D0042B31D1934294BF00230123B3B9C4
:10FF600048460AF0EBFB002849D096F869308342F6
:10FF700045D096F83C31012B0CBF96F83F3196F8EE
:10FF8000653019EA030F14BF01230023BBBB63686C
:10FF900093F83C21012A19D11E212046FFF75CFF6E
:10FFA000B8F1210F1FD1FA786368182A83F821214C
:10FFB00010D040F26D217E20C1E7082ACBD0082B5B
:10FFC000C9D093422CBF00230123C8E7002283F845
:10FFD0003C21E5E7092283F8962093F8D23093BBC1
:10FFE00040F27521E7E7002320462B700BF0FDF867
:10FFF0003946204603B0BDE8F0430BF01AB930464D
:020000040001F9
:1000000001AA39460AF0A7FBD4F804800646F8B9DD
:1000100098F83C31012B18D101462046FFF71CFF10
:100020002E70636803F19702954202D1002283F893
:100030009720636803F1970295424FF0000534D191
:1000400020460BF0D2F8002033E088F83C01E8E7C6
:1000500038460AF062FFA8F8AC026068B0F8AC322B
:10006000B0F89020013B9B1A9BB247F6FD72934279
:1000700007D9282380F8B9300F49B0300AF0A3FF20
:10008000D7E790F897300D2B02D00A3B012B01D80F
:100090002A23EFE79DF8043080F8AE329DF8053052
:1000A00080F8AF3225232B70C3E783F8D250CAE71C
:1000B000022003B0BDE8F0838BB20100044B0022A4
:1000C00083F822204FF6FF729A84DA841A857047EB
:1000D000CA0E0020054B9A8C824201BF002283F891
:1000E00022204FF6FF729A84704700BFCA0E00208C
:1000F000014BD884704700BFCA0E0020084B998C72
:100100004FF6FF72914206D193F82220012A04D0C3
:10011000036001207047002303600020704700BF88
:10012000CA0E0020064B93F82220012A1FBF01208F
:10013000DA8C83F822009A8408BF0020704700BF41
:10014000CA0E0020014B1885704700BFCA0E002060
:10015000064A918C138D994205D192F8223013B141
:100160000260012070470020704700BFCA0E0020C7
:10017000094B998C1A8D914201D0002070474FF69F
:10018000FF729A8493F82220002AF6D0002283F886
:1001900022200120704700BFCA0E0020054B998C19
:1001A0001A8D914203BF93F82200B0FA80F0400903
:1001B00001207047CA0E002050B90A4A1346012098
:1001C00003F8010B0868C2F801008A889A8070471A
:1001D000012805D1034B0A689A608A88D8719A81F0
:1001E000704700BFF40E002048B90A4B187880B160
:1001F000D3F80120B3F805300A608B8070470128DE
:1002000006D1044BD87920B19A680A609B89F4E73B
:1002100000207047F40E002020B9054B187800F03C
:100220000100704701280ABF014B0020D879F6E78A
:10023000F40E0020F7B500228B888DF80600ADF88B
:10024000043008680C4B8DF80720019D1C7801468E
:1002500003F5AC73D0B2844201D8082009E0D3E999
:100260000076AE4208BF8F4203F1080302F101029B
:10027000F0D103B0F0BD00BF080F002030B5094B2E
:1002800001465C78002203F58173D0B2844201D824
:10029000082005E013F8015B8D4202F10102F4D160
:1002A00030BD00BF080F0020F0B5254D95F89841EE
:1002B00089B0224605F29911684608F08BF921466B
:1002C00068460AF021FB0446B8B300EB4001C9B20E
:1002D00002A8FDF7C7F9601E95F8A161C0B201241C
:1002E00095F8982105E0731CB3FBF2F102FB113382
:1002F000DEB206F120030DEB030111F8203C002BC8
:10030000F1D100EB400220326A4406EB46032B4455
:1003100012F8187C83F8A27112F8177C12F8162CC8
:1003200083F8A37183F8A42101F8204C0138AB199C
:10033000C0B2FF2883F89941D2D109B0F0BD00BF07
:10034000080F002070B5064688B00C46002A4FD032
:100350002A4A92F8A131D01890F8991121B94FF496
:1003600080712820FCF7E0FF03EB430111440133C7
:1003700091F8A251E57091F8A35191F8A41161711F
:100380000021257180F8991192F89811B3FBF1F0D2
:1003900001FB103382F8A13192F8C23123B9184918
:1003A00002F5DD700AF012FE657905F03F0545F0B3
:1003B000400565710D220021684608F081F9E37857
:1003C0008DF80F3023798DF80E3004AA0423694686
:1003D00030468DF80D5007F069FE9DF81F302370F0
:1003E0009DF81E3063709DF81D30A37008B070BD7D
:1003F00003216018FDF736F9D6E700BF080F00208B
:10040000A9020100044B5A78824286BF1B1893F858
:100410004A010020704700BF080F0020044B5A78A3
:10042000824286BF1B1893F842010020704700BF2C
:10043000080F0020064B00224FF461711A8083F8E8
:10044000C32183F8C421A3F8C61183F8C2217047E1
:10045000080F0020014B83F8C4017047080F0020EB
:10046000014BB3F8C6017047080F002030B50A4BA6
:100470005C7884420ED9184490F802012B3003EBCB
:10048000C004A5790D7053F830001060A3889380E4
:10049000012030BD0020FCE7080F0020024607487D
:1004A00010B590F8C34124B1417821B1023002F077
:1004B000A9FF204610BD0C46FBE700BF080F002037
:1004C0002DE9F74F2F4C00921A46637883428046FD
:1004D000894654D9231893F8425185F00105E9B1B2
:1004E00093F84A31D3B945F002070135C2B9F9078B
:1004F0000BD5062101FB084104EB081001F58571BD
:1005000082300092FFF71EFF009ABB0733D504EB41
:10051000081049460230FFF715FF2CE02F46E5E7AB
:1005200094F8A1614FF0010A002DE0D004EB060B16
:100530009BF8991199B9009B0192D3B100F0B8FBD7
:1005400006EB460121444FEA102C81F8A201019AE2
:1005500081F8A3C1000C81F8A4018BF899A194F84B
:1005600098110136B6FBF1F001FB1066F6B2013DC1
:10057000DAE747F00407384603B0BDE8F08F0027FC
:10058000F9E700BF080F0020074B5A78824209D9CB
:100590001A1892F842212AB9062202FB003000F50F
:1005A0008570704700207047080F0020064B5A786E
:1005B000824281BF1B1893F83A01B0FA80F04009DB
:1005C00098BF0020704700BF080F002030B50024FE
:1005D000A0F85040B0F8544042F210754C43B4FBC0
:1005E000F2F4A0F85440541E05FB0343B3FBF2F3AE
:1005F000A0F85230094BB3FBF2F30133A0F85830A6
:10060000B0F84C3005FB0344436CB4FBF2F459439F
:100610008464B1FBF2F2426430BD00BF005A620252
:1006200070B504460D4659BB4FF4367208F048F8D1
:10063000012384F89E30492384F8E930042384F8A8
:10064000EA306FF03B0384F8EB306F2384F8EC3032
:100650006FF03F0384F8ED302B2384F8E830FE235D
:1006600084F826317F2384F895301E4BC4F88030FF
:10067000202384F8EE5084F8EF5084F8943270BD53
:10068000012922D100238269A0F81E3280F813329A
:10069000154B1344B3FBF2F3C0F8C03040F6B83347
:1006A000A0F8C4301146438C7830FFF78FFF0BF071
:1006B00017FF30B1E069FEF70FFF10B984F8FF5162
:1006C000DDE7002384F8FF31D9E70229D7D1B0F85C
:1006D000BA32D0F8B4228169BDE870407830FFF7B3
:1006E00075BF00BF00E0FCFF7FC3C901034B80F86A
:1006F0006C101B680BB10088184770477C00002005
:10070000074B93F900301844142804DC10F17F0FD4
:1007100003DB40B27047142070476FF07E007047D3
:10072000D0100020084B1B785B4240FA83F014285D
:1007300004DC10F17F0F03DB40B2704714207047D8
:100740006FF07E00704700BFD010002007B57F23F8
:100750000DF107008DF8073003F04AFD9DF90730D1
:1007600068B10A4A5078404243FA80F0142808DC05
:1007700010F17F0F07DB40B203B05DF804FB1846B1
:10078000FAE71420F8E76FF07E00F5E7D0100020BC
:10079000024B00221A705A70704700BFD010002020
:1007A000054BFF221A70054A016811600179117129
:1007B00000221A70704700BFD210002018000020DD
:1007C00007B5064B186800901B798DF80430684611
:1007D000FFF7E6FF03B05DF804FB00BFC942040069
:1007E000437843B1C2783A2A07D80549885CC31ACE
:1007F000584258417047184670470120704700BF63
:1008000074E703003A2908B5C17003D8064B5B5C56
:10081000437008BDFF2904D04FF489612A20FCF7FA
:1008200083FD0123F4E700BF74E703002DE9FF47D0
:100830008A4602A9164699460AF096F80546002807
:100840003FD1039F36B9012487F89D40204604B06C
:10085000BDE8F087D7F810803146404608F021FC0B
:1008600004460028F2D0194B5B88B3422BD30146D3
:1008700001AA404608F06AFD019B1D809D7097F813
:100880009D300198002B0CBF514602210AF091FACD
:10089000019832464946033007F09CFE31464046F7
:1008A00008F034FC044618B97B212B20FCF73CFDF2
:1008B00002A80AF055FB039BA3F80A5287F89D5043
:1008C000C4E70124C2E72C46C0E700BFD4100020D3
:1008D000024B987DC04300F001007047D410002007
:1008E000034B987D80F00200C0F34000704700BFCA
:1008F000D410002010B5094C14220021204607F026
:10090000DFFE1222002104F1140007F0D9FE0123BA
:100910002373231DC4E9003310BD00BFF010002075
:100920007FB505460C4619B9F1211020FCF7FCFCF7
:1009300003888B8000234B724669304608F0F8FC30
:10094000014608B9FA21F0E701AA304608F0FEFC9A
:10095000E08008B9FF21E8E7FB2802D940F2011145
:10096000E3E701980AF02DFA012801D0022805D109
:100970002072206828B94FF48C71D6E740F211112B
:10098000D3E70199E288033107F024FE304608F0EE
:10099000E5FC10B940F21D11C7E70021304608F010
:1009A00019FC10B94FF49171BFE70B4BDA7D82B19E
:1009B0001A8B2888013A02A91A8309F0D5FF10B1D1
:1009C00040F22B11B1E7039AB2F8AE300133A2F82E
:1009D000AE3004B070BD00BFD410002010B520B9F7
:1009E00040F21B211020FCF79FFC41600272EFF3E4
:1009F000108472B6094B1A1D0260596819B1097A40
:100A0000012908BF1A601A681060186004B962B63C
:100A1000BDE8104093F8260007F074BCF0100020E9
:100A2000024B83F82600FFF765BF00BFF0100020DF
:100A3000014B024A1A607047800000202109010022
:100A4000F7B54F4D4F4F06466B681B7A0C2B07D1FD
:100A5000FB7D2BB13B8B1BB90022104603B0F0BDD0
:100A60002B699BB11B7A8BB12C69002CF4D0237AB3
:100A7000DBB205222272023B0A2B72D8DFE803F0B8
:100A800017324671714F7171717164006C68237A0D
:100A9000012BE1D0EFF3108372B66A6812686A60C6
:100AA00003B962B6237A002BDAD02C61DFE76368E2
:100AB00023B940F2A1111020FCF736FC3146204644
:100AC00098470422EFF3108372B6217A0529C8B241
:100AD00001D000284ED1002121722961002B45D17F
:100AE00062B643E0636813B94FF4D571E3E731466A
:100AF00020469847C0F30723012BADF80400C2B28B
:100B000032D0022BDED100232B612FE0636813B9B2
:100B10004FF4DA71CFE7204698470022D2E76368A6
:100B20000BB9C621C7E70B2232701988A6F803104B
:100B300001220024B27072711869B471214608F064
:100B400049FB2C61042288E7606810B940F2DF118C
:100B5000B1E70D4B31461B68984700232B610222F9
:100B60007BE74FF4F471A6E703232372002A3FF4D6
:100B70006BAF72E7002B7FF467AF62B664E700BF2C
:100B8000F0100020D4100020800000200448037FD3
:100B900023B90449022214300AF009BA704700BF91
:100BA000F0100020A1AF01001B234FF01B12838423
:100BB000038482618382C260038539B94FF4A473D0
:100BC000034AC3844384C261C3820261704700BF89
:100BD00048014801B0F854200B46B0F84810914243
:100BE000F0B528BF1146B0F84C40B0F85620B0F828
:100BF0004450C78FB0F84260C187A24228BF224646
:100C0000B0F84640A0F84220944238BF14468D42C6
:100C100038BF0D468F42A0F84450A0F846402ED170
:100C2000B61A18BF0126B0F84A50B0F85040B0F8D4
:100C300052E0B0F83CC0B0F84070A54228BF25464D
:100C4000B0F84E408587744528BF7446AC45A0F87F
:100C5000404002D1A74200D19EB10088A3F809000C
:100C6000A3F80B50A3F80D40A3F80F10A3F8112020
:100C7000BDE8F0400349022218460AF0AAB901264D
:100C8000D1E7F0BDE5AF01000B8BA2F80B304B8B29
:100C9000A2F80D308B8BA2F80F30CB8BA2F8090095
:100CA0000249A2F8113010460AF08DB925B00100B2
:100CB000094AD2E90003434083EAB01181EA4321A3
:100CC0004FEAF3435360054B116058434FEAF0601D
:100CD00000EB8000704700BF18110020BB79379EE1
:100CE000094AD2E90203434083EAB01181EA432171
:100CF0004FEAF343D360054B916058434FEAF060ED
:100D000000EB8000704700BF18110020BB79379EB0
:100D100038B50A4C04F1080508212846FCF7A2FC66
:100D2000D4E902231343F7D0FFF7DAFF2060FFF77F
:100D3000D7FF236860600343F6D038BD1811002048
:100D4000174B184A9A60184A5A60184A1A60184A8B
:100D50009A62184ADA62184ADA60184A9A61184A9E
:100D60001A63184A1A62184ADA64184A9A64184AC6
:100D70005A62184B184A9A60184A5A62184ADA623C
:100D8000184A1A61184A5A61184A9A61184A1A632D
:100D9000184A9A64184ADA64184A9A63704700BF7E
:100DA00084000020F1B20100E10F01004D100100AC
:100DB0008BB401005DB50100D7B4010073B501002B
:100DC00009130100A11101005FB6010087B60100FF
:100DD000F9110100700100201DB301001FB60100D0
:100DE00095B5010005110100B9B501003D110100E3
:100DF00003B70100BFB60100ADB60100F9B50100AF
:100E0000044B054A5A65054B054A1A65054A5A6559
:100E1000704700BF8400002089B3010070010020EA
:100E200063B3010001B40100054B064A9A65064A06
:100E30001A66064B064A9A65064ADA65704700BF8D
:100E400084000020EDA70100D1FE00007001002009
:100E500017A7010095A80100252A70B505460C4684
:100E600018D8012A19D9023A232A16D8DFE802F045
:100E70001A15252424331535152439444815154DE4
:100E8000242467676D741515151515151515151599
:100E900015808990FF2A00F0828040F2D6315120DF
:100EA000FCF742FA02784368012A02D193F828310C
:100EB00001E093F83131237170BD4168204601F59E
:100EC0000A7109F0E8FF6968204601F50C71BDE878
:100ED000704009F0E2BF4368E8E7BDE8704000F009
:100EE000F7B90D230B7159234B7100238B71FB2331
:100EF000CB7111230B72DFE7436893F82231DAE7F5
:100F0000BDE87040084600F0D1B90378466873B96F
:100F100096F828315BB196F8251120460AF00EF8B4
:100F200096F824112046BDE870400AF00BB896F8F8
:100F3000231120460AF002F896F82211F2E74168E0
:100F40002046BDE870400AF088B9436893F83E2116
:100F5000227193F83F3109E0436893F83C21012A5C
:100F6000F4D093F864200A7193F865306371A3E7B5
:100F7000104B1B68002B9FD002462320BDE8704019
:100F800018470C4B1B68002B96D002462420F5E72F
:100F9000084B1B68002B8FD002462520EEE74368E4
:100FA000204693F8A722D3F8A812BDE8704009F0B4
:100FB0000CBF00BF5C0200203A289ABF024B53F8D6
:100FC00020000020704700BF840000203A289ABF0C
:100FD000024B53F820000020704700BF7001002032
:100FE00070B5044640680D4690F897200123002113
:100FF000783009F0C6FC20B32846666809F02EFF59
:10100000A6F8AC026068B0F8AC32B0F89010013BC2
:101010005B1A9BB247F6FD718B4208D9282380F8F2
:10102000B9300949B03009F0CEFF002070BD00F2A0
:10103000AE21284609F00DFF63680A2283F8972045
:10104000F3E70120F2E700BF8BB2010070B505465F
:1010500040680C4690F8972001230021783009F071
:1010600090FC002849D00021204609F0C5FE28B98F
:1010700021462846BDE870400AF0DBB86868B4F83D
:101080000D30B0F89020A0F8AC32D24313449BB29C
:1010900047F6FD72934208D9282380F8B9301849E1
:1010A000B03009F090FF002070BD204609F09BFE93
:1010B0006E6840F2E2425043C6F8B4022379C3EBB3
:1010C000431103EB810303EB83035B00A6F8AE320D
:1010D000B4F805305343C6F8B032204609F086FE16
:1010E000A6F8B80220466E6809F083FE6B68A6F881
:1010F000BA020D2283F89720D5E70120D4E700BF7C
:101100008BB2010008B5406890F89730152B04D0D9
:101110004FF492711F20FCF707F9012380F8D730B4
:10112000162380F89730BDE808400349022200F5F5
:101130002F7009F03CBF00BF63B4010038B54368AD
:1011400093F897201C2A044604D040F271111F2006
:10115000FCF7EAF893F8D8101D88002283F8D7200E
:1011600003F5F97071B10C4983F8D82083F8FB219D
:10117000A3F8FC51022209F01AFF6368002283F8E9
:10118000972038BD012283F8FB1183F8FE21034923
:10119000A3F8FC510222EEE74FB4010037B401007E
:1011A000436830B5D3F8884014F001001FD14D6872
:1011B000104A8968A3F8D4002A40C3F8E820C2F393
:1011C000076242F0080221F41E5121F0100183F859
:1011D000EB2093F8D6200904090C013244F00104F5
:1011E000C3F8EC1083F8D620C3F8884030BD012046
:1011F000FCE700BF2F4904F770B54468037894F802
:1012000096200D4604F17800072109F0BAFB80B35F
:101210006968AA68194B22F41E520B40C4F8E830E2
:1012200022F01002C3F3076343F008031204120C08
:1012300084F8EB300023C4F8EC2084F8D23084F832
:10124000963094F89C2102F0FF06A2B92388A4F8F6
:101250009E3184F89D616B68C4F8A031AB68084981
:10126000C4F8A431022204F5CA7009F0A0FE304689
:1012700070BD0126FBE71E46F9E700BF2F4904F7C2
:10128000D7B50100406890F89C315BB90388A0F89D
:101290009E311A2380F89D310349022200F5CA705D
:1012A00009F085BE704700BFD7B5010010B50446F0
:1012B000FEF7AAFD21F41E51044B21F01001090490
:1012C0000340090C6360A16010BD00BF2F4904F703
:1012D00037B50C464568FEF797FD0A4B95F8E820B0
:1012E00021F41E5121F01001034009040093090C60
:1012F00013408DF8003001916B4603CB6060A16014
:1013000003B030BD2F4904F738B54468037894F82A
:1013100096200D4604F17800082109F032FB18B937
:10132000D4F88830980744D494F8D93099071DD45C
:10133000284609F0B5FD84F8E300B5F80530A4F8B7
:10134000E430B5F80730A4F8E63094F8D93043F02B
:10135000020284F8D920DA0702D494F842312BB182
:101360001549022204F1DA0009F033FE94F8D9306D
:10137000DB0713D4D4F8883013F0020203D05621CF
:101380004020FBF7D1FF43F00203C4F8883094F803
:10139000D630A4F8D420013384F8D63094F89630AF
:1013A000012B4FF0000003D184F8960084F8D2009E
:1013B00038BD0120FCE700BFE5B60100044B9B6887
:1013C0005843C3F580534B4303EB2030704700BFB5
:1013D0002811002070B54568044602F083FB85F8AB
:1013E0008700FFF7B3F97F28014685F895000ED0F6
:1013F000D5F88000FFF7E2FF054BC5F880001B7BA6
:101400002BB1044B20461B68BDE87040184770BDE7
:101410002811002064020020014B1B68184700BF00
:1014200060020020F0B5204D2B7800241470CBB35F
:10143000013B6F68DBB21D1B012D0BDC07EBC40504
:1014400057F834606D688D4208BF864212D114701F
:101450000120F0BD1D196E1007EBC60E57F836C0FF
:10146000DEF804608445C5F347058E412CBF2B464A
:101470002C46E0E7B04271EB050502D21470002063
:10148000E7E707EBC30457F8335064688C4208BFA2
:10149000854201D11370DBE7A842A14128BF013387
:1014A0001370ECE71846D4E73811002010F007025B
:1014B00008B503D063214820FBF736FF18B1034B72
:1014C000197258601A70C80008BD00BF381100209A
:1014D000014B00221A70704738110020014B187A16
:1014E000704700BF381100202DE9F7430AF03BF99F
:1014F0000DF1070206460D46FFF794FF98B9104913
:101500000A780B7A93420ED04C6813466FF060470E
:101510009DF80700984209D304EBC003C3E90065B6
:1015200001320A70012003B0BDE8F083D81904EB42
:10153000C000D0E90089013BC0E90289DBB2E7E7DE
:101540003811002037B50AF00EF90DF10702FFF748
:1015500069FF0446A0B10C4A9DF80700137855684E
:10156000013BDBB213701A1AD2B2411CD200834283
:1015700038BF002205EBC10105EBC00006F0E6FF15
:10158000204603B030BD00BF3811002038B5074DEC
:10159000044600F15101286809F081FB94F85010CD
:1015A0002868BDE8384009F088BB00BF441100201E
:1015B000F8B504460E466588407F15F0040508BF5F
:1015C0002946134618BF04F15F013246FEF778FF43
:1015D000C20705460BD5012384F85030607FFEF723
:1015E000D3FF0368C4F851308388A4F85530AB07A3
:1015F0000CD5094E0127306884F85E7004F15F0154
:1016000009F054FB3068394609F060FB85F00400AE
:10161000C0F38000F8BD00BF4411002038B5C38D71
:101620000E4D0133C385AB7C04462BB102F0D2FDD5
:1016300001F01AFF0023AB7400232B7194F8713072
:101640002BB101212046BDE8384008F037BA637C51
:1016500013B1E28D9A42F4D20021F3E74411002045
:1016600070B5294C2379012B07D02379022B04D0A4
:1016700040F6E2412D20FBF757FEA0B90125A37CDF
:101680001BB102F0A7FD01F0EFFE002D3AD0E0699A
:1016900008F08CF9002830D002F0ACFB236ABDE8DA
:1016A00070409B6818472168E26911F8095B02F1F4
:1016B0005103E80992F8502009F008F90028DDD01C
:1016C0002068002109F027FB0028D7D02379E069A2
:1016D000012B05D02379022B02D040F6BB41C9E78C
:1016E0002379226A03F180435269013B05F00F011F
:1016F00052F8233098470546C1E7E069BDE87040DD
:10170000FFF78CBF70BD00BF4411002010B5134C13
:10171000A37C1BB102F05EFD01F0A6FEE06908F0BB
:1017200045F970B12379E069012B0FD12379226A41
:1017300003F18043D268013BBDE8104052F82330EA
:101740001847E069BDE81040FFF768BF2379022B16
:10175000ECD040F6E7312D20FBF7E6FD44110020E8
:1017600018B1084BD869FFF759BF51B1054A137931
:10177000116AD069096903F18043033B51F82330B2
:1017800018477047441100202DE9F043032985B024
:10179000054690467ED090F8703003F0FF02002B93
:1017A0007DD1052904D16B88D8075FD5002A5DD18A
:1017B0000127DFF8F09099F81260B6B109F0BBF894
:1017C000082888F8000014D002AA0DF10701FEF7DE
:1017D0004DFE20B940F642712D20FBF7A5FD9DF886
:1017E000070002A909F0CBFF064698F80030082B45
:1017F00008D1D9F8001011F8030BC0F3801009F0DC
:10180000BEFF0646D9F8001095F8572011F8030BD3
:1018100005F15803C0F3801009F058F8D9F800100A
:10182000044611F8030BC0F3801009F07AF88146E2
:10183000FEF7BCFE40B1B9F1080F1CD04846FEF7D8
:10184000E1FD80F00100C0B298F80020082A16D00F
:101850009CB96B7F991A4B424B416A88520706D458
:1018600020B99EB9EB7C9BB1BB4211D00023184636
:1018700005B0BDE8F0830020E6E70123EDE714B1F1
:1018800080F00104E4B204F00103E6E73346EEE73A
:101890000123ECE743889B07E8D5022789E7052960
:1018A000E4D180E7441100202DE9F04F85B00823F2
:1018B0000DF10702052104468DF80730FFF764FF9C
:1018C000064620B90026304605B0BDE8F08F7D4DB4
:1018D0002968EA7C11F8030B05F11403C0F38010AA
:1018E00008F0F4FF07460028ECD12B68216A18465F
:1018F00091F89E2010F803CB02EA5C1202F001027C
:1019000081F89E20D3F80320C1F803208288A1F833
:1019100007201A46216A12F81F0BC0F38010887046
:1019200012798DF80C20D3F80F20D3F81F00CA616C
:101930005A7D0290187D120442EA0022D87C0243AC
:101940004A62B3F8192040F2E24808FB02F28A61C9
:101950009A7DC2EB421002EB800202EB820252003F
:101960008A85B3F8172008FB02F28A62B3F81B20BD
:101970000A84B3F81D204A8493F8243003F01F032F
:1019800081F8AA30D4F8209094F912B002A909F194
:101990009E0009F0DAF82B6893F824305B0989F887
:1019A000003240F20113A9F868304FF0FF0A89F8BD
:1019B0006AA0394609F13000FFF7F6F85946484663
:1019C000FEF794FE236A84F87B701A88A4F87C20C2
:1019D00084F899A04FF6FF72A4F89A209A69B2FB96
:1019E000F8F2A4F892201A8CA4F894205A8CA4F847
:1019F000962093F8002284F89820227F9DF8070013
:101A000004F186015AB394F85020012A27D194F8A2
:101A1000562002F0C002402A21D1D4F85120C4F847
:101A20008620B4F855208A809A7884F87F20082888
:101A300003F1030704F18002D3F8033004F18C01B1
:101A400036D0C4F88C30BB888B8004F17F01FEF760
:101A50000DFD40B94FF444612D20FBF765FC0022D9
:101A6000C4F88620DFE794F87F3043F0020384F85F
:101A70007F301549022204F1720009F098FA236AB6
:101A800012491A88A4F8B32093F89E3084F8B53030
:101A9000022204F1AA0009F08AFA0D4B206A1B68A1
:101AA00000222A71002B3FF40EAF214698470AE727
:101AB000C4F88030BB8893800023C4F88C308B80BE
:101AC000D7E700BF44110020C1B7010093B7010060
:101AD0006C020020032973B5044604D0052953D0B5
:101AE000012002B070BD08230DF107028DF8073008
:101AF000FFF74AFE0028F3D0237C284D0BB39DF856
:101B0000070094F8BE30E3B9237884F8BF30082882
:101B100004F1C10229D004F1C001FEF7A7FC20B9ED
:101B200040F6BF712D20FBF7FFFB94F8C03043F067
:101B3000020384F8C0301A49022204F1B60009F009
:101B400036FA2B68062204265A701E702046FFF7CC
:101B50001DFD94F84020E16B286809F0CDF8286855
:101B60002E7102F0C9FA0020BBE72868034613F87B
:101B7000031BC1F3801184F8C010D0F80310C4F81F
:101B8000C1109B889380D6E7064B1B6823B198470A
:101B900080F00100C0B2A4E71846A2E7441100207B
:101BA000A9B70100680200202DE9F04104460E4665
:101BB00019B300F12805284609F0FCFFA0B9638895
:101BC0001A072ED528460AF00CF80746284609F0D1
:101BD000F1FF381AC0B20AF014F8544A9368184456
:101BE0009060284609F0C2FF284609F0C4FF02F0C1
:101BF000BFF82179252001F0BFFF4C4D94F85E20FD
:101C000028680023037043706388103B0D2B57D85E
:101C1000DFE803F052564E0C563956565656565675
:101C200056392046BDE8F041FFF7F8BC0623437063
:101C3000202303702046FFF7A9FC638823F00803E4
:101C40009BB2152B05D094F83820616B286809F0F9
:101C500044F8286802F050FA03232B7136B16388E8
:101C6000102B32D12179002002F088F86388103BD4
:101C70000D2B56D8DFE803F058554F4F554F5555AB
:101C800055555555554F0C2343702123037042B1D0
:101C900004F15F0109F00AF80121286809F016F83B
:101CA000C8E704F1580109F001F894F85710F4E777
:101CB000062303704370BDE7022303700623F9E790
:101CC00040F255612D20FBF72FFB04F12808404618
:101CD000EF6809F086FF0646404609F06BFF013EBB
:101CE000301A61882822C0B200F03EFA63881B07D0
:101CF000074406D5AB681F4409F080FF3844C4F898
:101D0000D80022793946002002F06CF90028ADD1C4
:101D100040F65751D6E721790120BDE8F04102F0A5
:101D200073BA40F66B51CDE7BDE8F0814411002055
:101D300038B54388102B044604D1BDE83840012152
:101D4000FFF732BF0B4DAB7C23B101F073FB40209A
:101D500002F034FA286802F0CFF9608810F004002D
:101D600002D1217902F050FA002002F003FA012397
:101D70002B7138BD44110020024B0121D869FFF7B7
:101D800013BF00BF4411002007B50D4B1A799AB15B
:101D90001A79D869012A02D01A79022A07D19B7CC4
:101DA0002BB1019002F016FA01F05EFB019803B02E
:101DB0005DF804EBFFF732BC03B05DF804FB00BF35
:101DC0004411002010B50948037903F0FF0453B90A
:101DD00018222146043006F073FC02F0FBF901F0F2
:101DE00043FB204610BD0C24FBE700BF441100203C
:101DF00010B5094C002323712060FFF7E3FF20B1E9
:101E000040F225312D20FBF78FFA236A13B94FF4E6
:101E10004A71F7E710BD00BF44110020014B024A90
:101E20001A6270474411002010210100034B044A3C
:101E30001A60044B044A1A60704700BF6802002011
:101E4000A91801006C0200204DF400002DE9F041BA
:101E5000067DB31EDBB2012B04468CBF4FF0000899
:101E60004FF001087EB3B71E18BF0127012B36D8EB
:101E700000F1580190F8570008F053FD0828054676
:101E80002DD0FEF7CBFA58BB657784F81C8084F818
:101E90005070FEF7E5FA05460AF058FA174BA5FB15
:101EA0000335181845EB01050022C4E9120584F832
:101EB0005E2011462046FFF77BFB70B940F2C2411D
:101EC0002D20FBF731FA3746082504F15101002097
:101ED000FEF78AF90028D7D10020BDE8F081082557
:101EE000022EF2D0E37E002BF6D0D4F81530C4F8E1
:101EF0005130B4F81930A4F85530C5E740420F000E
:101F00002DE9F041634E337988B0044603F0FF05B4
:101F100013B90378FF2B04D140F6DE112D20FBF717
:101F200003FA5D4B04935D4B05935D4B0693336A57
:101F300075715B6880F8715004A807933582B560AD
:101F4000B57102F0D1F801F055FE02F043F901F04D
:101F50008BFA544801F0E6FE534802F0BFF804F152
:101F60002800019009F002FE019809F004FE01F03A
:101F7000FFFE2179252001F0FFFD94F9120001F008
:101F8000CBFE2846217901F0C5FF0546F06030B947
:101F90002046FFF743FB284608B0BDE8F081012149
:101FA00004F1680008F086FC04F13401206B07F0AE
:101FB000EBFA04F13C010746206B07F00AFB0546EB
:101FC0001FB194F82430002B3ED10DB194F8255068
:101FD000237F13B963885B070AD5D4E912126FF027
:101FE00000439A4208BFB1F1FF3F2FD1002D35D1F8
:101FF00030680330FEF752FA6588B07415F00105B9
:1020000046D00023276ACDE90233FF23F37407F19A
:102010000A0802A8FBF7E4FD0028BCD1029CA742F5
:10202000F7D07A7A607A434604F10A0108F04EFC50
:102030000028EED0A378F374D4F8030070611B4B32
:10204000B4F807209A80A6E70125C1E70AF07EF9D7
:10205000D4E91223904271EB0303C7D3012205EAAE
:1020600002012046FFF7A4FA68B1FEF7F9F9054628
:102070000AF06CF90E4AA5FB0232181842EB010275
:10208000C4E91202B4E7002DB2D040F61F2145E7A3
:10209000012580E7441100200D17010061160100A1
:1020A00061170100D6BE898E555555005811002084
:1020B00040420F00024BD8611B6A1B68184700BFE3
:1020C0004411002043881B0710B5044612D5036A4B
:1020D0000A493C2280F87B201B88A0F87C30FF2333
:1020E00080F899304FF6FF73A0F89A3002227230D0
:1020F00008F05DFF012384F8713010BDC1B7010005
:10210000D51A0100311D010021B801001BB80100E2
:1021100085BA0100891D0100791D01000C21010013
:1021200004210100002101000138022808B503D96B
:10213000CA212F20FBF7F8F813290A4B05D81129DB
:102140000CD8102907D0D821F3E71529FBD103EBD0
:102150004003D88801E033F8100008BD03EB4003CA
:102160009889FAE7B0E7030008B5431EDBB2012BFC
:1021700005D91D291ED0EE212F20FBF7D5F81039E7
:102180000D291BD8DFE801F0071A11111A0C1A1AD1
:102190001A1A1A1A1A160B4A02EB4303588A08BD78
:1021A000084A02EB4303D88AF9E7064A02EB4303E5
:1021B000588BF4E740F25A335843F0E74FF48171FB
:1021C000DAE700BFB0E7030008B5084B586890F89D
:1021D0009C304BB990F8972001230621783008F005
:1021E000D0FB00F0010008BD0120FAE768110020D3
:1021F000F8B52D4B1A89402842EA00021A8105D110
:1022000058680421BDE8F840FDF784B800F00302E7
:10221000032A04D140F60E213120FBF785F810F097
:10222000020418BFD960C50705D5CA781961062A06
:102230000DD00B2A18D02CB1DA68D278052A1FD01D
:102240000B2A2AD0820644BF08221A75F8BD5A68A4
:1022500092F897101829EED1002600270121C2E933
:102260003E6782F89B10E6E75A6892F897101229A9
:1022700001BF002182F89B10012182F8D810DAE713
:102280005A6892F897101629DCD100240025C2E97B
:102290004045012182F89C10D4E75A6892F89710C3
:1022A0001129CFD10021F5E76811002013B50446AC
:1022B00001A8FDF723FF20B940F2ED713120FBF7B3
:1022C00033F822220021019806F0FAF9019803213F
:1022D00008F06FFD0198037823F010030370214686
:1022E000FEF790FA019906482246FEF7B5FDFDF784
:1022F00019FF10B940F2F771E0E702B010BD00BF5E
:102300006811002070B5274C636893F8AE6293F8AB
:10231000AF52002E3FD193F86810002D3DD193F8B5
:10232000692083F8681083F86920FF2283F86A2007
:102330001D4B1B680BB160689847636893F83C318C
:10234000012B02D056EA050303D016480021FDF701
:1023500083FD6068303008F0B3FE0546606800F227
:102360005311FEF737FC60680521FCF7D3FF606866
:10237000303008F0A5FE8542044610D202F020FC61
:102380000146601B322838BF322005F07BFAB0FAD4
:1023900080F0400970BD3146BFE72A46C1E7012001
:1023A000F8E700BF6811002074020020002908BF70
:1023B0001F21172810B503460BD80D280DD90E384C
:1023C00009280AD8DFE800F00B0909090B090B09F5
:1023D000110BA0F12303022B24D9002010BDBDE86E
:1023E00010400021184609F010BC124C606890F8AB
:1023F0009630212B09D12046FDF72EFD636800227F
:1024000083F8962083F8D220E7E72E2BE5D190F8C9
:10241000972001230B21783008F0B3FA0028EDD182
:102420002A21E8E7044B1B68002BD6D0BDE81040FA
:10243000184700BF6811002070020020114B097975
:102440000246586890F89630212B11D02E2B0FD0D1
:10245000282B0FD0042B0FD00F2B0FD01D2B0FD0FC
:1024600090F89730232B14BFFE201720FFF79EBF54
:102470001620FBE72320F9E70E20F7E71220F5E707
:102480001420F3E76811002008B50C4B5B6893F843
:102490002621FE2A04D040F2FC713120FAF744FFD5
:1024A00083F8260111B9A3F8D41008BD0022A3F8BF
:1024B000CE20012283F8D220F7E700BF6811002068
:1024C0000D4B1A7D9AB940B95B68B3F858109A8FD2
:1024D00091420FD81846FCF70FBF1A89120708D58A
:1024E0005B6893F89800073818BF012070470020F8
:1024F00070470120704700BF6811002070B5436825
:10250000D3F8883013F0300F86B004460D4655D10D
:10251000084608F0DFFC30B92946204606B0BDE881
:10252000704008F086BE2846666808F0CFFC05902B
:10253000284608F0C7FC0490284608F0C9FC039020
:10254000284608F0C1FC3036DDE9033200900599D9
:10255000304608F0C7FD1A4B1A89920710D5DA6881
:10256000D278142A0CD16268D2F8883043F0100374
:10257000C2F88830204608F02EFE002006B070BD5C
:10258000626892F896101D29EDD092F83321002A46
:10259000E9D1626892F83221002AE4D16168D1F869
:1025A000882042F02002C1F888205A68114602F5BE
:1025B000B37231F8300BFEF767FBDBE70120DDE794
:1025C00068110020F7B5834C0546002840F0B28022
:1025D00023891F0728D5636893F82621FE2A04D192
:1025E0004FF4A8613120FAF79FFEFE2283F82621DE
:1025F00093F897201A2A07D183F8D700204608F0CD
:10260000F4FD636883F89750606890F89630202B4B
:1026100033D0332B40D0636893F89820072A02BF49
:102620000222627583F826212389DE073DD423899F
:10263000580700F1B180990713D5E368DE780D2EB5
:1026400000F0B280112E00F0B180072E00F0B080B3
:102650003046FEF7BBFC0346002800F0AB805D4827
:1026600098472389DA0665D5636893F897200A2A84
:1026700060D10B2283F897205CE090F8972001232B
:102680000B21783008F07DF9636818B12E2283F8A9
:102690009620C0E72122FAE7012380F8A532002323
:1026A00080F8963080F8D230B5E76068276990F8F6
:1026B0009720FE7801230521783008F062F958B19F
:1026C000B31EDBB2092B00F28180012202FA03F370
:1026D00040F23332134279D03846FEF781F820B900
:1026E00039463C4808F0A5FD4BE0FE78012E01D9A3
:1026F000162E0FD1636893F8960008F08BFD48B151
:10270000636893F89620202A04D0212A0ED12E2225
:1027100083F89620112E39D02AD8072E38D00D2EC6
:1027200038D03046FEF748FC034625E0162E0CBF95
:1027300020250225237D1B0717D56068012390F80B
:1027400097200521783008F01CF9064600283FD173
:10275000019001A90320FBF783FE019B2BB11E72A0
:102760000C226168019808F022FC284603B0F0BDF5
:10277000142ED6D1184B1B68002BB1D021691548F7
:10278000984700283FF453AF0546D3E7134BF5E7CE
:10279000134BF3E7134BF1E7626892F89820062A8F
:1027A00004BF0122627546E70F4B58E70F4B56E70F
:1027B0000F4B54E7FF2E06D16268332182F8961042
:1027C00082F8A4024DE740F234510BE70825B1E747
:1027D0000825CAE7681100207C020020FDBC01002A
:1027E000552801003D240100AFBC0100CDBC010013
:1027F000F527010010B5164BDB681979436893F88B
:102800009620092A09D193F821218A4205D1002274
:1028100083F8962083F8D22010BDD3F8882012F0D8
:10282000080407D022F00802BDE81040C3F8882051
:1028300008F0DBBCFF2905D1332283F8962083F80A
:10284000A442E9E740F2CE413120FAF76DFD00BF26
:102850006811002010B50B794268172B92F896206A
:1028600004460CD80D2B0CD9A3F10E01092908D868
:10287000DFE801F009070707090709071009232BFB
:1028800026D0002010BD22460121BDE81040184688
:1028900009F0BBB9212A01D02E2AF2D1204608F036
:1028A00091FC636893F89720222AEAD093F8E920F4
:1028B00022F0010283F8E920626892F8E93023F0FF
:1028C000080382F8E9301A212046FDF7C5FAD8E757
:1028D000282AD6D1024B1B68002BD2D09847D0E7CC
:1028E000780200202DE9F041B04C22896368074648
:1028F000D00555BFB3F8C82000220132A3F8C82084
:102900004CBF83F81C22A3F8C8200E46FFF75CFCDE
:1029100050B12389606819055FD590F89C30002B71
:102920005BD00023C0F8BC30238903F4407333B17B
:10293000606890F89A30002B6CD0032B70D06168DF
:10294000238991F89A20012A04D15A0544BF022212
:1029500081F89A20002F40F0EB825D065DBFB1F850
:102960003422013292B23A46A1F8342203F00A022C
:102970000A2A0DD1E268D278022A09D123F008038D
:1029800030462381FFF71EFE08233043C6B2238161
:102990003046FFF717FE3043C6B2606890F8263124
:1029A000FE2B77D1002E75D1012390F8982019467F
:1029B000783007F0E6FF00286CD1636893F8303177
:1029C0009BB3636893F83121A3F8CC6083F8282186
:1029D00001210220FFF758FD5CE0D0F8BC30D0F8B0
:1029E000C02001339342C0F8BC3004D8E18AD51A24
:1029F00005318D4202D8012180F8C610934293D34D
:102A00000023C0F8BC306A49022200F5A57008F026
:102A1000E0FA89E7012180F89A10FCF77BFC8EE749
:102A2000022380F89A300121F7E76068012390F8CB
:102A300097200421783007F0A4FF0546A0B1636811
:102A400093F89720113A0B2A00F24481DFE812F044
:102A5000040142014201420107010A01420142010F
:102A600042014201420130016268D2F88830D80741
:102A700002D531460920ADE7990740F192803146F1
:102A80000C20FFF701FD626892F8D93043F0010392
:102A900082F8D9306568B5F8103295F814820133A0
:102AA000A5F81032B8F1000F00F01882FBF7CAFC4D
:102AB00010B10023A5F810326068012390F8972028
:102AC0000021783007F05DFF28B9636893F89730EC
:102AD0000B2B40F01B826068012390F896200021A8
:102AE000783007F04EFF002800F010826068012364
:102AF00090F898200021783007F043FF002800F07C
:102B00000582636893F89A20022A40F0FF8193F8C7
:102B10001C22002A40F0FA81186906F077FB002891
:102B200000F0F481606890F82631FE2B40F0EE81D1
:102B3000B0F80A32012B40F2E981B0F8CA20B0F8AF
:102B4000C810951E0123A94280F81232BCBF02F1C1
:102B5000FF335B1AB0F81052E18AB8BF9BB28D42C6
:102B60003BBF4A1C521B012292B2934228BF13461C
:102B7000012B02D1002280F812226068B0F8902068
:102B800090F89A1013449BB20129A0F80C3240F23D
:102B9000CD810239012940F2C18140F66101312025
:102BA00033E1580706D53146132013E7681100209A
:102BB00051B60100190706D592F8203182F8283164
:102BC0003146072006E713F0300F3FD092F833313B
:102BD000002B40F09682636893F83231F3B160685D
:102BE00090F89730252B00F5997100F2AE222BD08A
:102BF00090F89630A3F1250CDCF1000343EB0C03B5
:102C000008F062FA6268D2F8883023F0200343F0BB
:102C10001003C2F88830002382F832316068D0F89F
:102C20008830DB0640F16D8200F25311FDF7D2FFD0
:102C30006368B3F85220A3F82821B3F85620A3F80C
:102C40002A2100211520C5E60123D9E7590640F1C4
:102C5000588200212420BDE600210B20BAE6002185
:102C60000420B7E693F8A002012808D1002105202E
:102C7000FFF70AFC6368002283F8A0220AE7022813
:102C80007FF408AF93F8D85006221DB183F82821AD
:102C90000021EDE7A048032108F0B6FA636893F835
:102CA000E83013F0040F294614BF11200D20DFE790
:102CB000002106208EE693F83C21022A02D1002151
:102CC000172087E693F83C21012A03D193F83D3180
:102CD000002BF4D06068012390F896200021783012
:102CE00007F04FFE78B16068012390F89720042127
:102CF000783007F046FE30B9636893F8C63013B1F8
:102D00000121122066E6606890F89620092A05D114
:102D100090F8213180F82831012152E7002D7FF40D
:102D2000B9AE01232946783007F02BFE002800F0C9
:102D30009D80636893F843213AB101210E20FFF78B
:102D4000A3FB636883F84351A4E693F842218AB158
:102D500093F8D92092070DD101210C20FFF794FBA5
:102D6000636893F8D92083F8425142F0010283F856
:102D7000D9208FE693F8323153B3636893F8333137
:102D800033BB606890F89730252B00F5997100F2FD
:102D9000AE221BD090F89630A3F1250CDCF1000395
:102DA00043EB0C0308F090F96368002283F83221AA
:102DB00001211420FFF768FB6368B3F85220A3F8E1
:102DC0002821B3F85620A3F82A2163E60123E9E776
:102DD000626892F83C110129CBB25DD192F83D2195
:102DE000002A59D160680B2190F89720783007F0BD
:102DF000C8FD002850D1606890F86810012906D0FD
:102E0000022904D040F281210620FAF78DFA90F8C9
:102E10006920012A01D0022AF4D1022990F83E311A
:102E200018D0012B14BF00230123ABB990F89720D1
:102E300001230321783007F0A4FDB8B960680123AD
:102E400090F897200221783007F09BFD70B901219E
:102E50001620BFE5022BE5E7022A90F83F3119D092
:102E6000012BE3D12C480021FCF7F6FF6068012319
:102E700090F896200021783007F083FD00283FF479
:102E800009AE636893F8A432002B3FF403AE01212E
:102E9000FF209FE5022BE4E7636893F849317BB19B
:102EA000636893F83D315BB96068012390F897201F
:102EB0000B21783007F065FD10B90121232089E549
:102EC000636893F84631002BD0D001212520FFF70D
:102ED000DBFA6368002283F84621DBE5FBF7ACFAF6
:102EE00008B1A5F81082FBF7B5FA00283FF4E4AD6D
:102EF00095F81C320133DBB2022B85F81C3282BFFD
:102F00000023A5F8103285F81C32D5E5636800224D
:102F100083F81222012330E66811002090F89850BF
:102F2000B0F8C810072D5DD1022954D8A0F8083296
:102F30002289636855065BBFB3F81E22B3F80E12F0
:102F400000225218A3F81E2293F83031002B00F013
:102F500081806368B3F8CC20B3F80E120A44A3F85A
:102F6000CC20636893F8D20030B1B3F8CE20B3F828
:102F70000E120A44A3F8CE2093F9D6100029C1BF3F
:102F8000B3F8D420B3F80E525219A3F8D42093F812
:102F9000B92052B9002F40F0AE80627D022A65D17F
:102FA00093F82821062A18BF1622636893F8B830D0
:102FB00033B96068594980F8B920B03008F003F897
:102FC000606808F0D6FE63680022BDE8F04183F82F
:102FD0001322FDF7CDB8B0F8CA301A440132A0F878
:102FE0000822A5E7B0F8CA504B1CAB420FDA6D1AA5
:102FF000ADB2022D0BD0033DADB290F8C63043B94F
:10300000FFF7E2F8B0B96DB1013DADB20BE00025BC
:10301000F3E790F8962001230921783007F0B1FCFE
:103020000028EDD100256368B3F80C221544A3F8FD
:1030300008527DE76268D2E92F23911C8B4207D3A7
:103040009B1A022B04D0033B9D4288BF9DB2DAE756
:103050000023F9E76068012390F89820194678303A
:1030600007F08FFC00287FF474AF7AE7012A08D1BB
:1030700093F89920002A98D160680021FCF74AF95A
:10308000A1E756B1F00634D4310734D4B20634D4B3
:10309000B30734D140F68D1181E538B1B3F8CE00D5
:1030A000B3F8D020904201D322227EE7002905DD2B
:1030B000B3F8D410B3F8D0209142F5D2B3F8CC10C5
:1030C000B3F8CA2091420BD2636893F89A10B3F810
:1030D000C82051B1B3F8CA309342CDD8082264E772
:1030E00093F83031002BDFD1EEE7052AC4D93E2218
:1030F0005BE71E2259E73D2257E7232255E72A22A4
:1031000053E7636893F89720222A3FF4D4AD312A1D
:103110007FF4E0AD002111205CE400BF8BB2010020
:10312000F7B5734C012727700023606080F8137295
:103130000088238123756375FCF7DAFF63681888BC
:10314000FDF700F86368B3F80A22264612B393F835
:103150002621FE2A1ED193F83031DBB160683B4650
:1031600090F898203946783007F00BFC054688B96E
:10317000636893F83121A3F8CC0083F8282102205A
:103180003946FFF781F96368022083F81252FFF78E
:103190008DF804E0636893F82601FE28F7D1636890
:1031A00093F81522002A4FD000236268E382B2F818
:1031B0000E32B2F81012013B11FA83F1A2F810128C
:1031C000B2F8C8109FB211FA83F3A2F8C830FEF724
:1031D000FBFF28B16268D2F8BC303B44C2F8BC3077
:1031E0006068B0F80A32012B9CBF0133A0F80A32A4
:1031F00000250FB180F81C5290F8973080F81252D9
:10320000A3F10A02012A2AD8B0F89030B0F8AC2213
:103210009B1A19043DD400F2AE219E3007F095FCB4
:10322000636883F89750FF2283F8F0206168B1F853
:103230000E2201F1780007F0CEFC00283FD040F6C6
:1032400015113120FAF770F893F8B03123B962689C
:10325000D38D128C9A42A8D363681B8CA5E7252BCB
:1032600017D1B0F8AC22B0F890309B1A1A0410D4E1
:1032700080F89750FFF746F86368014630B983F845
:103280003C0103B0BDE8F040FFF72CBB83F83C5194
:10329000CCE790F8963003F0FD03252BC6D1B0F8AB
:1032A0009030B0F8AC229B1A1B04BFD4002380F8E6
:1032B0009630FFF727F801460028B7D1E1E70D4B1C
:1032C000009396E803000C4B0C4AFAF789FF6068FC
:1032D000012390F897200521783007F052FB20B1A8
:1032E00003B0BDE8F040FAF773BF03B0F0BD00BF14
:1032F00068110020E5280100C1240100F12101002E
:1033000038B50446084694F8A03213B10C25284677
:1033100038BD94F89730162BF8D194F8C43203F0E6
:10332000FF05002BF2D199B10A4B5968D1F8303220
:10333000C4F81C3101F58472052301F5087104F00D
:10334000B5FE012384F8A032204608F01FFDDEE719
:103350000223F7E768110020D0F8B4328269934263
:1033600010B5044604D1D0F8B812026A914216D0C2
:103370002288A4F8B22140F2E242B3FBF2F3A4F8AF
:10338000B431B4F8B832A4F8B631B4F8BA32094955
:10339000A4F8B831022204F5D47007F01AFE022115
:1033A0002046FDF73DF9002384F89730032384F885
:1033B0009A3010BD3BB3010008B5FDF721FD024B6B
:1033C000024A1A6008BD00BF7C020020FD240100F3
:1033D000064BD3F8000138B1D3F8040120B1D3F87B
:1033E0000801B0FA80F04009704700BF00F00040CB
:1033F000034B00221A705A7010229A70704700BF57
:103400008211002070B50646022014460D4600F0D9
:103410009BF9064B01221A70054B033CC3F810457B
:10342000C3F80865C3F8045570BD00BF82110020C1
:1034300000F0004008B5022000F086F9084B012298
:103440001A70084B0022C3F80021C3F80421C3F806
:10345000082103F580334FF40002C3F8042508BDAA
:103460008211002000F000400D4A08B513787BB1AE
:103470000C4B4FF40001C3F80815FFF7A9FF60B12A
:1034800001235370084BD3F800349370002313705A
:10349000BDE80840002000F057B950701023F4E751
:1034A0008211002000F0014000F000400A4B1A7821
:1034B0006AB10A4BD3F800215AB1D3F8040120B104
:1034C000D3F80801B0FA80F04009C0B270475878CC
:1034D00070470220704700BF8211002000F00040BA
:1034E00008B5074B1A783AB1FFF772FF30B1054BB8
:1034F000D3F80004C0B208BD9878FCE71020FAE7C2
:103500008211002000F00040024B00221A705A7015
:103510009A707047851100202DE9F04104461C4D3A
:1035200001201E468846174600F00EF904F00300FD
:103530002E7140EA0643174E43F08073C6F80435F7
:10354000C6F8088508F0A2FF30B9D6F8183523F080
:10355000FF033B43C6F818350F4B104AC3F8082544
:1035600014F0FB0F01BF0E4AC3F89825FC3AC3F8CC
:103570009C250122022C6A70EC7007D8054B2A703A
:103580000021C3F80011C3F800121A60BDE8F081F1
:103590008511002000F0004000F001400000020210
:1035A00000F10040214A537870B523B940F2172149
:1035B0003C20F9F7B9FE1E4BC3F80C15C3F81005F3
:1035C000D57801249470C5B912780AB9E621EFE7DD
:1035D000184AC3F804514FF40035C2F80455D3F823
:1035E000006116B15C60C2F808550B7803704B7827
:1035F000043343708B78837070BD042D4FF000014D
:1036000006D11470C3F80411C3F800421C60F3E73C
:10361000127812B94FF48971CAE7C3F80411054B47
:103620004FF00072C3F80425E6E700BF85110020C3
:1036300000F0004000F00140064B1A782AB1064A1B
:103640000649C2F8081500221A7000225A709A70B2
:10365000704700BF8511002000F001400000020209
:1036600008B50A4B1B7823B940F27D213C20F9F7BD
:103670005BFE074BD3F8042112B940F27E21F5E737
:10368000D3F80004003818BF012008BD85110020C0
:1036900000F00040164B1B7870B523B940F28E2124
:1036A0003C20F9F741FE134CD4F80431BBB9022396
:1036B000C4F80433104B114E1D691A6942F0100210
:1036C00005F010051A61D4F804314BB125B90A4A46
:1036D000136923F0100313610223C4F8083370BD8B
:1036E0004FF40043C6F8803108F018FFEBE700BF45
:1036F0008511002000F0004000ED00E000E100E056
:10370000014B01229A60704700F0004008B50B4B56
:103710004FF40042C3F88020BFF34F8FBFF36F8F89
:10372000074B0022C3F80025C3F80025FFF784FFEC
:10373000044B4FF40002C3F8082508BD00E100E087
:1037400000F0004000F0014038B5144C0023C4F8EC
:103750000035C4F800350546FFF76EFF104B4FF4F7
:103760000002012DC3F8082503D0022D08D085B929
:1037700038BD0223C4F800350A4BC4F81435F7E706
:103780000321C4F800150749C4F81415C3F804252B
:10379000EEE782213D20F9F7C7FD00BF00F00040B1
:1037A00000F001408A110020084B0022C3F80021DC
:1037B000C3F80C21C3F81021C3F80421C3F8142165
:1037C000C3F81821C3F80821704700BF001000405B
:1037D000024B00221A809A701A71704798120020CA
:1037E00038B5134B93F831500246084625B940F6D8
:1037F00051013E20F9F798FD5AB9012DDC6A93F882
:10380000301003D100F08AFE204438BD08F0EDFAF4
:10381000FAE7012A0AD1012DDC6A93F8301002D1AF
:1038200000F06EFEF0E708F0EBFAEDE70020ECE7C1
:103830009812002008B5094B012883F82000084B96
:1038400006D0022808D040F6B9513E20F9F76CFDA9
:103850000322C3F8102508BD0422FAE798120020BD
:103860000010004007B50B4A01AB92F9212000F08F
:1038700099FE9DF9040000F03BFE9DF8050000F064
:103880000BFF20B140F2CD513E20F9F74DFD03B0C2
:103890005DF804FB9812002008B503460F4863B991
:1038A0002831C1600E4900F0DFFE0130012814D933
:1038B00040F224713E20F9F737FD012B0AD129315E
:1038C000C160074900F0D6FE0130012805D940F259
:1038D0002E71EFE740F23271ECE708BD20000020C6
:1038E000D0E7030008B5134B93F83D30D9071FD537
:1038F0009A0711D5104BD3F8002242F00102C3F809
:103900000022D3F8503503F0F603022B10D140F219
:10391000FC513E20F9F708FD5B0709D5074B084A23
:10392000C3F8AC2508F014FD10B140F20361F0E7D4
:1039300008BD00BF981200200010004000F00140B8
:1039400008100040084B1A783AB993F83D2042F02D
:10395000020283F83D20FFF7C5BF012AFBD193F88F
:103960003D2042F00402F4E79812002008B50C4B09
:103970009B78012B09D100F083FE013001280ED97C
:1039800040F6A2013E20F9F7CFFC022B07D100F050
:103990007DFE0130012802D940F6A801F2E708BDFA
:1039A00098120020054B034400F07F001A7E044B60
:1039B000C3F80825C3F85405704700BFD0E70300DB
:1039C0000010004038B50D460446FFF733FF284687
:1039D000FFF7E8FF29462046FFF744FF08F080FD87
:1039E00090B10A494FF08053D1F88825D3F820339D
:1039F000022C0CBFC3F30663C3F3062322F4FE427A
:103A000042EA0323C1F8883538BD00BF00100040EA
:103A100010B50C46FFF70EFF2046FFF7C3FF0E4B15
:103A20005A78012A03D1D8782146FFF71BFF0B4CA7
:103A3000D4F8003243F48873C4F8003208F050FD23
:103A400040B908F05CFD28B9D4F8683543F4C023C8
:103A5000C4F8683510BD00BF981200200010004067
:103A600010B550220021194804F02AFEFFF7B0FEDD
:103A700008F0F1FC60B124221548FF2104F020FE7B
:103A80004FF080430022C3F8082EC3F8102E10BD5B
:103A900008F0EAFC0028EED108F0EFFC0028EAD19B
:103AA00008F009FD08B14022E6E708F0FBFC0446F7
:103AB0000028F8D106483822FF2104F001FE4FF01B
:103AC0008043C3F8084EC3F8104EE0E79812002078
:103AD000000E0040024B1844007E00F5166070474F
:103AE000D0E70300014B93F8300070479812002094
:103AF000014B986A704700BF98120020014BD86AAA
:103B0000704700BF98120020084A094B92F8301005
:103B1000906A03EB81031A6CDB6C801A03F2DB53AF
:103B20004FF47A72B3FBF2F3C01A70479812002078
:103B3000D0E7030008B50E4890F83010012906D0F0
:103B4000022912D040F2AA213E20F9F7EDFB40F6FF
:103B5000B833084A806A02EB8102126C801A4FF473
:103B60007A72B3FBF2F3184408BD4FF4FA63F0E73E
:103B700098120020D0E7030008B5134B012983F801
:103B80003C0006D002291BD040F20B313E20F9F751
:103B9000CBFB00230D4A43F4801340F0007043F444
:103BA000847340F44030C2F81435C2F81805D2F8D6
:103BB000503503F0F703032B05D140F22331E5E73D
:103BC0004FF08073E6E708BD981200200010004017
:103BD00008B508F085FC50B1054AD2F8743723F0D7
:103BE000807323F0010343F08073C2F8743708BD7B
:103BF00000100040424B022270B5C3F88020BFF392
:103C00004F8FBFF36F8F3F4C0023C4F8FC3F01235D
:103C1000C4F8FC3F08F073FC28B1D4F83C3743F4F7
:103C20008063C4F83C3708F031FC58B1D4F83C3715
:103C300023F0004323F0FF0343F0004343F09603D7
:103C4000C4F83C3708F04CFC2E4C38B1D4F840375F
:103C500023F47F4343F4B053C4F840372A4BC4F8ED
:103C6000783700F029FD38B14FF08053D3F8303366
:103C7000591C18BFC4F84C374FF01023214C1B6E51
:103C80005A1C09D0D4F88C251B0403F47F0322F4BA
:103C90007F021343C4F88C3540F20313C4F8343563
:103CA0001A4D40F25B63C4F838350123C4F830354F
:103CB00085F820300323C4F8103540F20123C4F8FE
:103CC00050360226124BC4F80062187C00F0FAFC51
:103CD000104B4FF04062C3F8042500232B86EB62A3
:103CE00085F83D30064B1022C3F88061C4F80423E8
:103CF0001E602B6D13B1BDE87040184770BD00BF4A
:103D000000E100E0001000402C0000899812002023
:103D10002000002000F00140014B83F82100704793
:103D200098120020034B020E0002C3F82425C3F8AA
:103D30001C0570470010004038B5044600680A4D65
:103D4000FFF7F0FF094B6268C3F83C25237A85F83A
:103D50002230617AA07AFFF70FFF607AFFF76AFDE1
:103D6000E37A85F8213038BD981200200010004019
:103D7000014B83F8220070479812002070B51A4D4D
:103D800095F83D30DA070446084604D440F25771EE
:103D90003E20F9F7C9FA154ED6F8002243F0020387
:103DA00042F00102C6F8002285F83D3084B995F84A
:103DB0002210FFF707FE0E4A0123AB70D364336075
:103DC0000B4B2046D3F84C15BDE87040FFF764BD9F
:103DD000012CF5D195F82210FFF71AFE0223AB70E3
:103DE000034BDC647460EBE7981200200010004085
:103DF00000800040214B102213B5D3F80443C3F8D0
:103E000008230222C3F800221D4A002182F83D1037
:103E10001C4A4FF46020C2F80805D3F85025D2B2EE
:103E200004F01004DAB1FF228DF807200122C3F854
:103E300010111A619DF8072012B1D3F810213AB180
:103E40009DF807305BB940F691013E20F9F76CFA16
:103E50009DF80720013AD2B28DF80720EAE7FFF774
:103E600085FD06490023C1F81031FFF7B1FC14B1FC
:103E70001023C1F8043302B010BD00BF0010004091
:103E80009812002000F0014038B51E4D0024C5F8FE
:103E90004845C5F84445C5F84045C5F84C45FFF7C9
:103EA000A9FF00F0DBFB0130012804D940F24151A9
:103EB0003E20F9F739FA144B14495A6B42F0446228
:103EC000C1F80825C3E90A445C631C76104BC5F8A9
:103ED00048450222C5F84445C5F84045C5F84C455B
:103EE000C5F84841C5F84441C5F84041C5F84C41C2
:103EF000C3F88020BFF34F8FBFF36F8FC3F88021CB
:103F000038BD00BF008000409812002000F0014042
:103F100000E100E070B52F4C94F83D3043F002030F
:103F20000E4684F83D30054678BB94F822103046A2
:103F3000FFF748FD0123A37023782749012B01BF18
:103F4000264AD2F8003243F00803C2F80032636B0D
:103F500001EB460143F480136363214BB1F85840F1
:103F60004FF48012C3F8042504F5FA744FF47A7301
:103F7000B4FBF3F4FFF7E6FC08F0EAF9014620B3DE
:103F8000FFF738FF0024204670BD01281BD194F8AC
:103F900022103046FFF73CFD0223A3702378012B4B
:103FA00001BF0E4AD2F8003243F00403C2F80032D7
:103FB000636B43F400136363094B4FF40012C3F8BF
:103FC00004252924D6E70024D4E72846FFF764FC1B
:103FD000D9E700BF98120020D0E70300001000408E
:103FE00000F001402DE9F047354C0E4615460746D6
:103FF000002848D194F822101046FFF7E3FC2178FE
:1040000001239942A37010D02E4A02EB4502B2F868
:1040100058304FF47A7203F5FA73B3FBF2F3F61AE1
:1040200019B9294B294AC3F8AC25DFF8AC90DFF861
:104030009880274BC9F84065C8F8A835234B102253
:10404000C3F80423636B4FF4002A43F40023636333
:104050000125C8F804A5FFF775FCC9F84C50D9F83C
:104060004C359E4226D80025C9F84055C8F8AC55B5
:10407000636B23F400236363C8F808A5FFF7BAFE57
:104080002846BDE8F08701280FD194F82210104689
:10409000FFF7BEFC0223A3702378012BC5D0293E75
:1040A000002BC2D1084B0B4ABDE74FF401613E2003
:1040B000F9F73AF931463846FFF7EEFBE0E700BF83
:1040C00098120020D0E7030000F0014000100040EB
:1040D000408100400410004000800040014BC3F8C4
:1040E0003C0570470010004010B50FC8014C84E833
:1040F0000F0010BDEC120020064BC3F80405064B60
:1041000093F83D20986342F0010283F83D20FFF7C9
:10411000E9BB00BF001000409812002008B5124B08
:10412000DA6A824204D340F622113E20F9F7FCF805
:104130000E4AD861012119765164D2F8441588429B
:1041400002D840F62B11F0E70021C2F84411C2F862
:1041500044055A6B42F480025A63054B4FF48002C7
:10416000C3F8042508BD00BF98120020008000405D
:1041700000F0014010B50F4C034694F8310094F85C
:1041800030100222012822764FF0960094F8202069
:104190000CD100F0D1F9084AE0610023C2F84431A3
:1041A000E36AE1690B44C2F8443510BD00F0DEF962
:1041B000F1E700BF9812002000800040044BC3F8D4
:1041C0006005D3F8002242F04002C3F80022704795
:1041D00000100040054BD3F8002222F04002C3F843
:1041E00000220022C3F86025704700BF0010004085
:1041F000044BD3F8483503F07F035B420370012082
:10420000704700BF0010004008B50D4B0A46D9703A
:104210000021197088B901215970997802290ED1AD
:1042200093F822101046FFF71DFB064AD2F8003221
:1042300043F48873C2F8003201E002225A7008BDCC
:104240009812002000100040024B0022C3F84025C5
:10425000704700BF00800040044B30B5D3E91045E3
:104260009B6CC0E900450B6030BD00BF9812002078
:104270002DE9F843924D934C0123EB64D5F84C752E
:1042800094F83C8003F0ACFA0026C4E91006A76459
:10429000FFF76CFB8C4B626BC3F808258B4A666397
:1042A000D2F8003223F48E7323F00103C2F80032F7
:1042B000237E84F83D6023B1D5F844319B1B18BFA1
:1042C0000123A578012D50D1D2F80C31002B0CBF61
:1042D0000025082515F00B0F06D17C4BD3F81031C3
:1042E00013B145F01005EDB2FFF75EFA05F01803C3
:1042F000102B05D1A378012B04BF45F02005EDB2AA
:104300006F4B6678D3F84825E262D3F8443594F8C9
:104310002020A362A37884F8302084F83130002E66
:104320003AD1FFF755FA2676EF077ED5636D9847A9
:10433000EB0601D5236E9847A378022B13D1237E79
:104340008BB1022B5E4A40F0AD80E36AE1690B4419
:10435000C2F84435636B43F4800363635A4B4FF4F4
:104360008002C3F80425BDE8F883022D12D1574A14
:10437000D2F80C11D2F80024002908BF0025D2077A
:104380005CBF45F00405EDB2002BA3D045F001055C
:10439000EDB29FE700259DE715F0110F1BD12379A2
:1043A00094F80090013E18BF0126012B17D0022B74
:1043B0002AD073BB96213046FFF712FA0146FFF769
:1043C00007FAB9F1010F29D13B378F4224D93F4B6E
:1043D00001261E61A8E7FFF70DFD0026A4E73C4873
:1043E000FFF7AAFC94F8313023B940F24E713E2019
:1043F000F8F79AFF012B04D1FFF79CFB6169014498
:10440000DDE7FFF781FBF9E73148FFF795FC6169CC
:10441000D5E740F6BF21EAE784F80090E27830461D
:10442000FFF7E0FD0028D2D0D7E7A8072FD508F086
:1044300057F8E8B908F063F8D0B9244BD3F85034F2
:10444000D90115D51A0705D013F0F00F02D013F4D7
:10445000706F0DD11D4AC3F304410129D2F85424D1
:1044600006D1012A04D0C3F34253022B7FF65EAF7C
:10447000A36B5B78434584BF45F00405EDB285F03E
:104480000400A36D3146C0F38000984750E715F053
:10449000280F3FF44DAF85F02001E36DC1F34011CB
:1044A0003046F2E7012B02D040F69B419FE7E369DB
:1044B000E16A8B423FF64CAF40F69C4197E700BF64
:1044C000008000409812002000F0014000100040E1
:1044D000A0120020024B03EB8000006C704700BF6D
:1044E000D0E70300014B53F8200070471CE803009D
:1044F000024BC0B2C3F80C05704700BF001000406B
:10450000054B33F8113002384FF47A7203F2E73377
:10451000B3FBF2F3184470473CE80300054B33F853
:1045200011304FF47A7203F57A73B3FBF2F3184447
:10453000704700BF3CE8030038B51D460A4B33F80E
:10454000111003EB820305359C6821444FF47A7304
:1045500001F6B73103FB00141046B4FBF3F4FFF788
:10456000B9FF2C44204438BD3CE8030070B5064632
:1045700008461546FFF7B6FF094A02EB8502916827
:104580004FF47A7201F6B73102FB0613181AB0FB2A
:10459000F2F42846FFF79EFF0530204470BD00BFAF
:1045A0003CE803002DE9F74F284C074698460D4696
:1045B000164600F0A9F82378BB42814611D16378F2
:1045C000AB420ED194F90230B3420AD1E378834270
:1045D00007D1A388A8F8003094F9060003B0BDE81D
:1045E000F08F7B1E072B13D8DFE803F01704121996
:1045F0001212121001200DF107033246294600F075
:1046000089F8824668B13D21752004E00220F2E776
:1046100040F2F2310620F8F787FE0020EBE7032096
:10462000E9E728469DF907B0FFF754FA53460246DA
:104630004146584600F036F8B8F80030A071A38023
:1046400027706570A67084F80390C5E738000020D5
:10465000014B1B681B68184780020020014B1B6838
:104660005B68184780020020014B1B68DB68184715
:1046700080020020014B1B681B6918478002002044
:10468000014B1B685B69184780020020014B1B68C7
:104690009B69184780020020014B1B689B6A1847E2
:1046A0008002002010B4034C2468A468A4465DF87E
:1046B000044B604780020020014B1878704700BF10
:1046C0004419002000220F4938B50446134644FA25
:1046D00002F0C007D5B248BF581C02F1010244BF26
:1046E000CD54C3B2042AF2D1064DC3F10402042B07
:1046F000D2B24FF0FF0188BF0022E81803F0E0FFBC
:104700002C7138BD50190020014B187D704700BF37
:1047100000130020042810B511D883B104280CBF61
:1047200010242824A1420AD2064C54F8200018B1C3
:1047300041568A42A8BF0A461A70002010BD6FF089
:104740001500FBE70013002030B50246114890F930
:104750001C3093421ADD90F92430934218DAD31AB0
:10476000856A0D4CE85C235693420ED00E34002926
:104770000CBF0346431CA542D8B206D129B1013A69
:10478000D2B2012A01D80130C0B230BD0D20FCE701
:104790000020FAE70013002050E8030008B5054B9D
:1047A00093F91C30984203DAFFF7CEFF024B1B56F9
:1047B000184608BD0013002050E8030010B51C4C3B
:1047C00094F82C3073B9012384F82C3007F055FE8F
:1047D00048B1184BA362D823236284F824300823FD
:1047E000A361237710BD07F05DFE0028F1D107F02B
:1047F00062FE0028EDD107F025FE38B10E4BA36212
:10480000D823236284F824300423E9E707F023FE49
:104810000028F3D107F028FE0028EFD107F036FE7C
:104820000028EBD140F2BB11742003F08BFB00BFDA
:10483000001300208BE803005EE80300034610B37A
:10484000007888B91A79012A1ED85A79012A1BD80A
:104850009A680E49643A8A4216D8D8680C4B984236
:104860002CBF00200120704701280CD11A79012AA1
:1048700009D85A79012A06D8DA680449643A8A4282
:1048800001D89868EAE70020704700BF3C86010025
:104890000040420F10B5054C236813B19847002320
:1048A0002360BDE8104001F0A9BE00BF3013002016
:1048B0002DE9F8438846074680B300F037F84FF0FB
:1048C000000905465FFA89F6AE420AD2304600F08A
:1048D00033F890F8264009F10109002CF2D1FF2E9F
:1048E00003D16FF00B00BDE8F883304600F024F8E8
:1048F0000546848480F8264080F8286001460A48EE
:1049000002F024F8202885F827000AD001232F621E
:1049100085F82630204688F80060E4E76FF015003F
:10492000E1E76FF02200DEE7DFBF0100014B1879FD
:10493000704700BF34130020054B1A79824283BFB1
:104940001B6800EB400003EB00100020704700BF25
:104950003413002010B510F003040BD1074A117175
:10496000106030B101EB41010A01214603F0A8FEBD
:10497000204610BD6FF00D00FBE700BF3413002090
:1049800043F60952C0F3080302FB03F3400A03F5A0
:10499000807302FB00F000EB5320704743F6095C84
:1049A000C0F3080210B50CFB02F2C0F34E24030E54
:1049B00043EA01230CFB04F0090E02F580724FEA72
:1049C000411C00EB52205A01B2EB030E4CEAD36CAF
:1049D0006CEB01044FEA841C4FEA8E12B2EB0E021C
:1049E0004CEA9E6C6CEB040C4FEACC0C4CEA527C0B
:1049F000D200D31841EB0C01DA03C903801841EA55
:104A0000534141F1000110BD430B48F2376C0CFBE0
:104A100003F34FEA134C00B5104B43F6095E0EFB4F
:104A20001C0000FB03F35B0D0EFB03FE03EB4C23AA
:104A30000EF5745C0CF1080CB0EB5C2F08D80EF589
:104A4000807EA0EB5E20C0B20B6010705DF804FBAE
:104A5000013300200B6010705DF804FB6F0C010047
:104A6000F8B5274DA94246D8264E274F450F45EAAF
:104A7000C105A6FB0514C0F34F31A40B01EB0541A2
:104A800007FB1411A6FB0151890B41EA04411F4C9D
:104A900004FB110448F2376C600B0CFB00F04FEA8A
:104AA000104C43F6095E1A480EFB1C4505FB00F04E
:104AB000400D0EFB00FE00EB4C200EF5745C0CF17B
:104AC000080CB5EB5C2F12D80EF5807EA5EB5E2EA0
:104AD0005FFA8EFE069D85F800E00D0628184FEA65
:104AE000112141F10001186059601460F8BD0130D6
:104AF0004FF0000EEEE796219B2003F023FA00BF53
:104B0000FF7F841E83DE1B43000024F40080841E8C
:104B10006F0C0100420B48F2376303FB02F2120CE8
:104B200043F6095C074B0CFB120101FB0333013B0D
:104B30005B0D0CFB03FC5002B1EB5C2F88BF013016
:104B4000184470476F0C01001F2810B59FBF054B1C
:104B5000440103EB4010195196BF42600020012030
:104B600010BD00BF4013002070B5012504460E465D
:104B700085407AB1002000F065FDE30003F1804339
:104B800003F5F833C3F81005C3F81465034BC3F8F5
:104B9000045570BD014BC3F80855FAE700F0014019
:104BA00008B5064B93F80024202A03D13F210220A8
:104BB00003F0C8F983F8300408BD00BF401300209B
:104BC00008B5064B93F80024202A03D14521022082
:104BD00003F0B8F993F8280408BD00BF4013002083
:104BE00010B5094A92F80034202B03D1502102203D
:104BF00003F0A8F9590102EB4313BDE810405258E5
:104C000058680421104700BF4013002008B501B3C5
:104C1000F0B14FF0FF331A46E0FB01320E498A42F1
:104C200003D971216D2003F08DF9180D40EA02308F
:104C3000C3F30F134FF22441B0FBF1F203EB00403A
:104C4000064B03FB1200B0FBF1F040EA02400130DA
:104C500008BD0846FCE700BF3F420F00000024F4F7
:104C6000014B9888704700BF7C170020014B588883
:104C7000704700BF7C17002010B5EFF3108472B6A8
:104C8000064A93790133DBB293719379012B01D1F9
:104C900007F07AFB04B962B610BD00BF7C17002094
:104CA00070B50C4C267866B90125A0602570FFF719
:104CB000E3FF00F075FA30B94FF080432573C3F875
:104CC0000453002070BDA368002BFAD09847A6605B
:104CD000F7E700BF7C17002038B5FFF7CDFF00F0E5
:104CE0005FFA094C4FF0804540B107F03AFB0123D1
:104CF0002B61042363730023A37338BD0323637301
:104D00000123C5F80433F6E77C17002010B5EFF354
:104D1000108472B60A4B9A7922B94FF496716D20BD
:104D200003F010F99A79013AD2B29A719A791AB9C4
:104D3000DB7B0BB900F022FA04B962B610BD00BFEC
:104D40007C17002008B5054B1A7822B100221A738F
:104D50001A70FFF7DBFF002008BD00BF7C170020A2
:104D6000024B587B003818BF012070477C17002089
:104D700073B51B4D2B7F63B9286A00F0030007F061
:104D80001DFB30B1EFF3108372B66A7B1AB103B921
:104D900062B602B070BD01226A7303B962B64FF009
:104DA00080430822C3F808234FF42073ADF806307F
:104DB000BDF80640A4B2631E9BB2ADF80630002CCD
:104DC000F6D14FF080460748C6F80C4107F01CFBAF
:104DD00085F82540FFF780FF0823C6F80433D8E79D
:104DE0007C170020A01700202DE9F041384C94F8E2
:104DF0002630002B69D04FF08043D3F80071D3F8F0
:104E0000046157B10122C3F80823237B2BB1A368A7
:104E1000002525730BB19847A5604EB14FF0804334
:104E20000022C3F804210222C3F80823FFF7A0FFE1
:104E30004FF080462748D6F80C8194F82550EDB203
:104E400007F0E6FA20B140F2C5116D2003F07AF8C0
:104E500047B1637B032B05D10423637307F081FA09
:104E600001233361B8F1000F16D04FF080430022C8
:104E7000C3F80C21637B042B02D040F2D711E4E786
:104E800007F022FBC0B14FF080430022C3F8342C5E
:104E900002236373FFF73AFF4DB1002384F82530F6
:104EA000637B022B01D1FFF717FFFFF72FFFBDE850
:104EB000F041084807F0BBBA07F0E8FA0028E2D151
:104EC00007F0F9FA0028DED1E2E7BDE8F08100BF83
:104ED0007C170020A017002010B5044C206A00F0B9
:104EE000030007F06BFA0028F8D010BD7C170020F3
:104EF000F8B5054650B10278042A07D8437842B97C
:104F0000013B1F2B02D88378212B07D96FF01500A6
:104F100076E0002BFAD18378002BF7D1814B012763
:104F2000C3F88070BFF34F8FBFF36F8F4FF0804691
:104F3000C3F880717C4C4FF0FF33C6F80833002370
:104F4000C6F80031C6F80431C6F80C31A371AB883D
:104F5000A38007F01EFA08B12770A771D6F80C24B9
:104F6000D6F80C34D20303D5DF0701D500F012F9CF
:104F700040F2F55363802B78A978237700222262D0
:104F80002174A273042B4ED8DFE803F005033B49DC
:104F90004B000123236207F003FA00284ED007F0EC
:104FA00006FA236A03F00303984247D1AB79002B3A
:104FB0003ED1FFF791FF237C6BB12B785BB900F0FA
:104FC000EFF8054603F034F96FF00043002D00F0D0
:104FD000A580C4E905034FF08043D3F80C24D3F82F
:104FE0000C34D20303D5DB0701D500F0D3F84D4ACA
:104FF00001230020607384F82630C2F880311360EA
:10500000F8BDFFF739FE4FF08043D3F80C14D3F806
:105010000C24CE03F9D5D007F7D50223BAE7434BCA
:10502000B8E7434BB6E740F216316D2002F08AFF35
:105030004FF080430222C3F80423BCE74FF08043C3
:105040000122DA600022C3F80421226AC3F818257D
:1050500007F0F8F910B34FF080534FF08042D3F8C7
:105060004432C3F34233C2F83C3507F0EBF910B3D6
:105070004FF080430122C3F84C254FF080430122BA
:105080009A600222C3F80423AA79002A93D1D3F8A4
:10509000042391071CD440F2CD21C6E707F0DBF9C9
:1050A0000028D8D107F0E0F90028D4D107F0EEF9B4
:1050B0000028D0D1D9E707F0CEF90028D8D107F0E1
:1050C000D3F90028D4D107F0E1F90028D0D1D4E7F2
:1050D000184A1669116941F010011161D3F80431C1
:1050E00006F010060BB907F01BFA4FF08047D7F80F
:1050F000043183B1FFF7F0FE26B90E4A136923F09D
:10510000100313614FF080430222C3F808230022EA
:10511000C3F804214FE707F001FAE8E7C4E90530D6
:1051200059E700BF00E100E07C1700200100020009
:105130000100030000ED00E010B50D4C04F1240067
:1051400007F066F948B9637B022B01D1FFF7C4FD74
:10515000BDE81040074807F06AB9074A012384F800
:105160002530BDE81040C2F80031FFF785BD00BF13
:105170007C170020A017002000E100E04FF08042E3
:10518000012353600023C2F80031014A13707047B5
:10519000A3170020014B01221A707047A3170020AB
:1051A0004FF08043D3F8003123B9034B187800F057
:1051B000010070470120FAE7A3170020094B4FF0C8
:1051C000FF32C3F808230022C3F84025C3F840216A
:1051D000C3F84425C3F84421C3F84825C3F848213F
:1051E000704700BF00800040084B094A1B78012B24
:1051F00016BF4FF440314FF400310023C2F848137A
:10520000C2F808130BB9C2F840317047A817002044
:1052100000B0004070B5EFF3108472B6094A0A4B33
:105220000025D2F80415D2F804612EB15968013175
:105230005960C2F80451F4E75B6804B962B6C0E98A
:10524000001370BD00B00040A8170020094BD3F830
:105250000435C01A20F07F4323F001033BB120F056
:105260007F40B0F5000F8CBF022000207047012066
:10527000704700BF00B00040104B4FF40062C3F80D
:105280008020BFF34F8FBFF36F8FC3F880210C4B8B
:1052900001225A609A60D3F80425002AFBD10949FB
:1052A000C3F808134FF44031C3F84813C3F8402142
:1052B000C3F84421C3F80421704700BF00E100E0B7
:1052C00000B000400200030008B5144BD3F80425D9
:1052D00022F00302C3F80425D3F8082542F00302A4
:1052E000C3F80825102292FAA2F2B2FA82F2092A31
:1052F00004DD0B4840F2913102F01AFEC3F810258C
:105300000122DA60074A9268C3F80022064B4FF484
:105310008072C3F880211A6008BD00BF0080004081
:10532000CF420400A817002000E100E008B50A4BB6
:105330004FF48072C3F88020BFF34F8FBFF36F8F9D
:105340000649C3F8802101204860FFF737FF044B6E
:10535000086100221A7308BD00E100E000800040EF
:10536000A817002010B5234C0023FF224FF0FF3177
:105370004FF0FF30C4E90401237062736360FFF7EC
:10538000D5FFFFF779FF1C4B4FF400621A60A1694B
:105390001A4A31B901231360184B0222C3F80423BF
:1053A00010BD174B1748C3F8A805C3F8AC15C3F8D0
:1053B0005C294FF40022C3F80425134A0521C2F8E2
:1053C000401501211160D2F840110029FBD04FF4A3
:1053D0000021C3F8081501215160D1600021C2F8F5
:1053E0004011C2F84015C3F8A815C3F8AC15C3F8AE
:1053F000AC15D1E7A817002000E100E000B00040A4
:1054000000F001404081004000800040014BD3E9A2
:1054100004017047A8170020014BD3F8040570471A
:1054200000B0004013B56846FFF7F4FEDDE9000464
:10543000FFF7A6FA024B0021E4FB030102B010BD06
:105440000080841EB1F1FF3F08BFB0F1FF3F2DE99E
:10545000F041424C05460E463AD1414DD5F8003157
:105460008BB3404E404BC6F80835FFF7BDFE4FF0FA
:1054700000080123A36084F80D80FFF757FFFFF7B2
:1054800023FF3A4BC5F80081394FC6F8A8354FF4D1
:105490000023C6F8AC75C6F8043506F0A0FFD5F8B1
:1054A00000312BB10123C5F800817B60FB60F4E77C
:1054B000013041F100010223C4E904012370FF23FC
:1054C0006370BDE8F08106F08AFFC51C41F100065B
:1054D000D4E90473B34208BFAF42F2D0214B224A51
:1054E000C3F80825FFF780FE1D4A4FF4803125F0F0
:1054F0007F480023C2F808134046C2F84813C2F898
:105500004031FFF7A3FE20B140F226316C2002F0BB
:1055100019FDC2F84085C2F844132378012B06D147
:1055200027F07F473846FFF791FE0128FAD0002385
:1055300001276373A760FFF7F9FEFFF7C5FE094B6C
:1055400027704FF00042C3F8042504236370044B16
:10555000C4E90456C3F84873B3E700BFA817002096
:1055600000B0004000F001400000088000B10040A1
:1055700000800040032870B52D4B06D9011FC9B229
:1055800001292FD940F276310BE0D3E90441B1F182
:10559000FF3F08BFB4F1FF3F06D11B7B23B940F2A8
:1055A00055316C2002F0CEFC2249234D00F110044D
:1055B0000123800003FA04F4C5F808430B5000F1FE
:1055C000804101F50041D1F84005101A022805DD9F
:1055D000C1F84025C5F80443012002E00020C1F8CD
:1055E000400570BD1C782CB15B78834202D140F23B
:1055F0007231D6E7114B124E22F07F458A001344D8
:105600004FF480348C400022C6F808432846C6F880
:1056100048431A60FFF71AFE40B901F5A87146F831
:105620002150C6F80443C6F84443D5E71046D8E7EE
:10563000A8170020408000400080004040B100409A
:1056400000B0004008B520B14FF461716C2002F049
:1056500079FC014808BD00BF40810040032837B5F0
:1056600008D9041FE4B2012C19D940F2CA316C20C8
:1056700002F068FC234900F1100201239340C1F8B5
:10568000083300F5A873002241F823201E4B810047
:105690005A5053F820300093009B03B030BD1B4D8F
:1056A0002B7893B16A7882420FD1194A1949C2F80E
:1056B0000815012B01D1FFF739FE00232B704FF0A5
:1056C000FF324FF0FF33C5E90423134A4FF4803310
:1056D000A340C2F80833C2F8483304F5A87352F85F
:1056E0002300FFF7B3FD012818BF0C4B22B24FEA8D
:1056F00084041CBF00211951084B53F82230019338
:10570000019BCAE70080004040810040A8170020AC
:1057100000F001400000088000B0004040B10040AF
:1057200010B50A4B0446012210B1C3F8442310BD42
:10573000C3F84823FFF7FAFD054B4FF0FF304FF059
:10574000FF31C3E904011C70F1E700BF00B0004065
:10575000A81700201F4A08B5D2F80433D90311D581
:10576000D2F8403173B10023C2F84031D2F840057D
:10577000FFF76CFD30B14FF48033C2F808330420DA
:1057800001F060FE134AD2F804339B0311D5D2F81E
:10579000443173B10023C2F84431D2F84405FFF715
:1057A00055FD30B14FF40033C2F80833052001F045
:1057B00049FE084BD3F8042132B10022C3F804217A
:1057C000054A536801335360044B4FF40062C3F839
:1057D000802108BD00B00040A817002000E100E0D3
:1057E00038B5364C637BFF2B64D0237883B101221C
:1057F000022B227319D1324B4FF40022C3F8082533
:10580000002323704FF0FF324FF0FF33C4E904232D
:105810002C4BD3F8042310030DD5D3F84C2152B1EF
:1058200040F20F416C2002F08DFB02236078237060
:10583000FFF714FFECE7D3F8042351030DD5D3F899
:10584000483153B10220FFF709FF1F4B4FF480721C
:10585000C3F88021022001F0F5FD1A4BD3F8042390
:1058600092030DD5D3F8443153B10120FFF7F6FE72
:10587000154B4FF48072C3F88021012001F0E2FD46
:10588000104DD5F80433DB0316D5D5F840319BB164
:105890000020FFF7E3FE0C4B4FF48072C3F8802129
:1058A0000020FF236373A060C5F80002BDE8384004
:1058B00001F0C8BD0620F9E738BD00BFA8170020D9
:1058C00000F001400080004000E100E02DE9F04FD1
:1058D00097B01C46CDE90312DFF808A38046FFF716
:1058E00095FD4FF080420123C2F80835DAF8002018
:1058F00006460F46B8481360082101EB44121318FE
:10590000D3E901B100EB441C15581C7BDA890691E0
:105910000CF1080C597BDB68009201910793BCE8FD
:105920000F000DF1380EAEE80F009CE803008EE882
:10593000030025F07F40FFF723F8009A531C1C4416
:10594000A64B9842044400F237829C4200F3E38065
:10595000002CC0F2C080FFF723FC019B012B024604
:1059600008D0DAE90613B3F1FF3F08BFB1F1FF3FFA
:1059700000F0B6800292FFF779F940F25633984270
:10598000029A00F0D68040F2F553984200F0CE80A3
:10599000B0F5C67F00F0C4800023029300210320ED
:1059A0000591B7F1FF3F08BFB6F1FF3F1FD0AE42F0
:1059B00077EB0B03C0F08180B6EB050C67EB0B03B4
:1059C000BCF5000F73F1000380F00082A5EB060C1C
:1059D000BCF1000F33460ADD0598002800F0AC80CA
:1059E0009AF8200000280CBF0846002000E043463B
:1059F00015F1FF39A9EB030C4BF1FF3184454B4600
:105A000056DB002A41D00993039B0891B9EB0808A3
:105A100061EB03020392FFF729F940F2563C60451F
:105A2000DDE90813039A00F0D48040F2F55C60458C
:105A300000F0BD80B0F5C67F14BF09201620804558
:105A400072F1000280F0B980049A012A00F0CC8043
:105A5000059A002A72D1B7F1FF3F08BFB6F1FF3FA8
:105A60006CD0B6EB090C67EB0102BCF1050F72F1CB
:105A7000000080F28481BCF1010F72F1000317DA9B
:105A800039463346059FB14667E0DAE90620B0F1B2
:105A9000FF3F08BFB2F1FF3FB5D0AA1A6BEB000C75
:105AA000029882427CF10002ADD2019A012AAAD06A
:105AB0000026304617B0BDE8F08FB5EB060C6BEB57
:105AC0000703BCF5000F73F1000381D340F231717D
:105AD000702002F037FA04F1F45404F590243AE708
:105AE00000287FF447AF0290FFF7C0F840F256332A
:105AF0009842029A00F04C8140F2F553984200F02F
:105B00001E81B0F5C67F00F02081012303201146DD
:105B10000292059345E704F1614404F5F7041AE79E
:105B200000210D230320029305913AE732230293CB
:105B300034E71C23029331E7084659E748460593AA
:105B40000391FFF77FFC0399059B0027B1F1FF3F0D
:105B500008BFB9F1FF3F00F0348123F07F402A1ADB
:105B600022F07F42013AB2F5000FA1D2069B5B19E9
:105B70001B1A23F07F43B3F5000F99D80391FEF76A
:105B8000FFFE174B0399A4EB000898453CD3041B78
:105B90009C42C0F0E080114B984531D89C4240F2C5
:105BA0002981C4F1614404F5F704A0462DE03B20AF
:105BB000804572F10002FFF447AF0593019B03910A
:105BC0005F1E484618BF0127FFF73CFC059B039961
:105BD000BCE7252033E700BF40130020FF7F841E71
:105BE0000040420FC8170020B7F1FF3F08BFB6F1D1
:105BF000FF3F00F0F58039463346B1460027ACE759
:105C000008F1F45808F5902844467D4B93F8283065
:105C100023B9009B1E33A34280F2A580049B012B75
:105C200004D001200391FFF719FD0399009B4BB1AC
:105C3000A8EB0302012000230391FFF79BFC0399CB
:105C4000002854D00023424618460391FFF792FCE7
:105C50000399064600284AD0019BDAF81820012B48
:105C6000DAF81C3000F08480002F44D1B3F1FF3FFC
:105C700008BFB2F1FF3F00F098800120FFF750FD10
:105C80009AF82030002B40F08980009A1932A24205
:105C900080F2A1800024A8EB020223460220FFF735
:105CA00069FC30B1DAF800301C604FF08043C3F873
:105CB0000845069B1093079B119300238DF85030E5
:105CC0000A934FF0FF324FF0FF33CDE90E5BCDE981
:105CD0000C230AAD0FCD4A4C0FC40FCD0FC495E86D
:105CE0000F0084E80F00304617B0BDE8F08F0120A8
:105CF000FFF7B4FCDCE6B3F1FF3F08BFB2F1FF3FB2
:105D00000BD00191FFF702F84FF0FF324FF0FF3355
:105D1000CAE906230199002FB2D0029BB9EB030216
:105D200061F100030520FFF725FC00285DD09AF8FB
:105D30002030002BA9D101238AF82030A5E7322199
:105D400001233520029105932BE60D21012310201C
:105D50000291059325E62A4B93F828306442A04629
:105D6000002B7FF45BAF4FF4F261702002F0EAF891
:105D7000B3F1FF3F08BFB2F1FF3FCCD0C1E74846C7
:105D800008930391059FFFF75DFB0399089BDDE6F0
:105D90001C2101231F200291059302E60520FFF735
:105DA0005DFC00238AF820306FE7FEF765FF06F000
:105DB00016FBCAE9060160E740F22141702002F0BB
:105DC000C1F840F27C71702002F0BCF840F23571ED
:105DD000702002F0B7F840F2BA71702002F0B2F809
:105DE00040F2A361702002F0ADF840F2262170204D
:105DF00002F0A8F840F65801702002F0A3F800BFA6
:105E0000481700202DE9F04F8F4F97F8214004EB01
:105E100044033B4483B05E7A202E48D08B4BE5B2DE
:105E20006400002B00F08980894BDFF82C92002B56
:105E30005FD006EB451207EB420A4FEA45189AF885
:105E40002830013BDBB2052B34D8824A12F803B06C
:105E5000BBF1090F2ED0AFF30080EFF3108372B6C1
:105E60002C443C449AF829206272A27AB24204BFC0
:105E70002022A27213B9AFF3008062B6B04473015E
:105E800007EB480809EB4616012259F80330706801
:105E900088F828205946984797F8214004EB440396
:105EA0003B44E5B25E7A202E4FEA4404C1D103B0F0
:105EB000BDE8F08F40F26E61702002F043F862B6E8
:105EC000B044730107EB480809EB4616012259F864
:105ED0000330706888F828205946984797F8214081
:105EE00004EB44033B44E5B25E7A202E4FEA4404BF
:105EF000DDD006EB451207EB420A4FEA45189AF847
:105F00002830013BDBB2052BD4D8524A12F803B03B
:105F1000BBF1090FCED0AFF30080EFF3108372B660
:105F20002C443C449AF829206272A27A964204BF1B
:105F30002022A272002BC3D1C1E7454BDFF814B178
:105F4000DFF814A14FF02009002B51D006EB4512C9
:105F500007EB42024FEA451892F82830013BDBB2CA
:105F6000052BA7D81BF803100929A3D0EFF3108342
:105F700072B62C443C4492F829206272A27A96426E
:105F800008BF84F80A90002B54D0B04407EB4808AF
:105F900073010AEB461601225AF80330706888F83C
:105FA0002820984797F8214004EB44033B44E5B28E
:105FB0005E7A202E4FEA4404C8D178E762B6B04436
:105FC000730107EB48080AEB461601225AF8033022
:105FD000706888F82820984797F8214004EB44031C
:105FE0003B44E5B25E7A202E4FEA44043FF45FAFB3
:105FF00006EB451207EB42024FEA451892F82830AB
:10600000013BDBB2052B3FF655AF1BF80310092906
:106010003FF450AFEFF3108372B62C443C4492F837
:1060200029206272A27A964208BF84F80A90002B57
:10603000C5D1C3E70191AFF3008062B6B0440199C6
:1060400007EB4808A4E700BFC817002000000000C5
:1060500000000000BCE80300401300202DE9F04FD1
:1060600085B00D4614461F469DF838B0FEF752FD28
:106070002E686968031947F10002B342019372EB7D
:1060800001030292C0F0CA80DFF8A891DFF8A8816E
:106090000BEB4B034B440393DA46039B1C7A202CF7
:1060A0003BD040F2F5578C460FE06B7B012B02D0C2
:1060B000537D012B56D004EB4A1409EB440494F8A9
:1060C0002940202C29D0D5E9006C08EB44124FEA76
:1060D000441B91681369D0685B1840F100009E4230
:1060E0007CEB0003E1D240F2563740F2F55608EB64
:1060F0000B0C2968AB68DCF808006A685B1842F191
:1061000000029842DCF80C3093411AD39CF8153009
:10611000012B02D06B7B012B03D0012005B0BDE821
:10612000F08F411A0091FEF7A1FDB84200993FD0CF
:10613000B04228D0B0F5C67F14BF01230E23994288
:10614000EBDA08EB0B032A7C197E91421FD904EB92
:106150004A1409EB440494F82940202CDDD04FEA7E
:10616000441BC4E7761AFEF781FD40F2563398428D
:1061700020D0B84209D0B0F5C67F14BF01230E234A
:106180009E42B0DB97E73323D9E73323F8E7D3E91F
:1061900002611C695B7DA61941F10001012B0BD046
:1061A000019BB342029B8B4138D3C5E9006174E780
:1061B0001D23C4E71D23E3E76B7B012BF0D0009187
:1061C000FEF754FD40F25633984200992CD040F22D
:1061D000F553984226D0B0F5C67F14BF01230E2395
:1061E0009C42DDDAFEF742FD40F2563398421FD062
:1061F00040F2F553984219D0B0F5C67F14BF01267E
:106200000E26C344DBF80830DBF80C10F618019BAF
:1062100041F10001B342029B8B41C6D2002005B080
:10622000BDE8F08F3323DBE71D23D9E73326E8E70A
:106230001D26E6E7C8170020401300202DE9F0478F
:10624000154692F8008092F80BC0AF7A12891C466E
:1062500086B00023E3602361C4E9003327749DF80E
:10626000389084F80DC00646A3606361E28184F82B
:1062700011800F46B8F1000F42D1FEF78FFBD5E930
:1062800004C24C4BC31841F1000E9C4572EB0E0347
:106290000AD3013E47F1FF37C4E900674FF47A7330
:1062A000A36006B0BDE8F087263041F100018445C7
:1062B00072EB0103EDD3288901300021844572EB94
:1062C00001036AD3BCEB000062EB010104F10C0393
:1062D000009303AA04ABFEF7C3FB039B6A682889FB
:1062E000473313441844FEF715FCDDE90432C01AA5
:1062F00020F07F40C4E90032A06006B0BDE8F0871E
:106300002D4804A9801A04F10C02FEF77DFB2B4BEB
:106310001B78202B24D02A490B69D1E905210533AC
:1063200042F1000A13EB01084AF1000A6B68227B74
:10633000E089473310441844C4E9008AFEF7EAFBB9
:106340003246A0603B462869CDF800902146FFF711
:1063500085FE0028A5D1C4E9006706B0BDE8F08736
:10636000637B16F1090847F1000A012BDED0FEF726
:1063700017FF0028DAD1FEF779FC40F25633984235
:106380000ED040F2F55398420FD0B0F5C67FCDD174
:1063900016F1160847F1000AC8E74046414695E75E
:1063A00016F1250847F1000AC0E716F13B0847F14E
:1063B000000ABBE70040420FFF7F841E4017002009
:1063C000481700202DE9F047374DDFF8E08000EB5B
:1063D00040032B4406461C7A4700FFF71DF84FF098
:1063E000200C4FEA461E08EB44110EEB0403D1F8D3
:1063F00008A00A69AAEB000929F07F49B9F5000F46
:1064000005EB43030DD812EB0A02121A22F07F4269
:10641000B2F5000F05D8BCF1200F0BD12046BDE826
:10642000F08793F82930202BA4461C46DBD1BCF121
:10643000200FF3D0BB192B440CEB461205EB4202A4
:1064400093F8088092F829201A72710144464FF09F
:10645000040E0B1905EB430322469445204683F8AE
:1064600028E093F82940F4D1BB192B440A4493F84F
:106470000AE0BEF1200F5FFA8EFC18BF8C443E4448
:1064800018BF05EB4C0C05EB4202354408BF83F8FE
:1064900009804FF0200318BF8CF82980A87282F879
:1064A00029302046BDE8F087C8170020401300209F
:1064B0002DE9F0414E4D01EB41032B440C461E7A71
:1064C000202E80464FEA410741D14A4B0BB1AFF332
:1064D000008005F084FF95F82230202B0AD0464B2F
:1064E000D3E904E210F1020C41F10003E64572EB3E
:1064F000030331D3202E0AD042463346FFF7E6F994
:1065000000283FD085F822600220BDE8F081D5E95F
:106510000623B3F1FF3F08BFB2F1FF3F1FD195F84B
:10652000203043BB0420FFF799F805F066FF0020F8
:10653000FFF7F6F829684FF08042202085F8220006
:1065400000230B600120C2F80835BDE8F081084641
:10655000FFF738FF8642B8D00020BDE8F081FEF793
:10656000D5FB4FF0FF334FF0FF32C5E9062395F816
:106570002030002BD6D00520FFF770F8002385F8D7
:106580002030CFE73B192B4406EB441205EB4202C7
:1065900093F808E092F829201A72610173460420EA
:1065A000CA189C4605EB4202664592F8293082F8EB
:1065B0002800F5D13B192B443C44987A2028C2B2DC
:1065C00018BF5218614418BF05EB420205EB4101A8
:1065D000254408BF83F809E04FF0200318BF82F874
:1065E00029E085F80AC081F829300020BDE8F08153
:1065F000C817002000000000481700202DE9F04FC8
:1066000085B005F0ECFEC14E0746884605F0F5FE64
:10661000D6E90223B3F1FF3F08BFB2F1FF3F05D037
:106620004FF0FF324FF0FF33C6E9022396F82830CF
:10663000ABB94FF40C71B069FEF7E8FA33697269CF
:10664000B169023342F100025B1842F100021818EE
:1066500042F10002874278EB020380F06381AC4C88
:106660004FF0FF304FF0FF31FEF7ECFEE37B002BE5
:1066700040F04681A74991F800B00122BBF1200FFC
:10668000E27300F0388120220A7084F82220A3737C
:10669000336094F8213003EB430AA2445FFA83F994
:1066A0009AF808505B009542009307D09A4B03EB91
:1066B00045102A46407E012800F0C580009BDFF887
:1066C00060A203EB0908202DA0444FEA491708D027
:1066D0004846FFF777FE854203D098F80850202DF2
:1066E000F6D1BAF1000F01D0AFF3008005F077FECC
:1066F00094F82230202B09D0D6E9042310F1020EA1
:1067000041F1000C724573EB0C03E6D3202D38D019
:106710002B460122FFF7DAF8002859D084F82250DE
:1067200007EB0B0304EB430393F82820022A1DD147
:10673000009A4A442244062183F82810917ACBB269
:1067400020291CBFDB1904EB43035F4418BF83F807
:1067500029B0009B08BF82F809B04B44234404EBE6
:10676000470783F80AB0202387F82930FF232374D2
:10677000009B4B441C44637A202B5DD105B0BDE8DF
:10678000F08FD4E90623B3F1FF3F08BFB2F1FF3F1A
:1067900007D0FEF7BBFA4FF0FF324FF0FF33C4E9EA
:1067A000062394F82030002B3FD10420FEF756FF3B
:1067B00005F023FE0020FEF7B3FF21684FF0804272
:1067C0000023202084F822000B60C2F80835A7E7D8
:1067D0007B1904EB430398F8080093F8293088F8F4
:1067E0000830024604211346BA1804EB42029D42C7
:1067F00082F8281092F82920F5D198F80A1088F824
:106800000A30CAB220291CBFD21904EB42023B4411
:1068100004EB430318BF82F829004FF0200208BFA1
:1068200088F8090083F8292057E70520FEF716FFAE
:10683000002384F82030B8E7384B187805B0BDE85D
:10684000F04F01F05FBD0978202914D031697069DB
:106850004F1DB16940F10000791840F1000001902E
:1068600003EB4213D3E9020288420198824128BF18
:10687000C3E9021022E701FB053191F815C017F1B9
:10688000090148F10000BCF1010F0190E8D0CDE909
:106890000251FEF785FCDDE902211F4B10B19AF889
:1068A0000850DDE7CDE90221FEF7E0F940F2563568
:1068B000A842029A184B0CD040F2F555A84214D0C9
:1068C000B0F5C67F03990AD0009848442044057A61
:1068D000C6E717F1250148F100000190F4E717F130
:1068E000160148F100000190EEE717F13B0148F175
:1068F00000000190E8E74FF43171702001F022FBB5
:1069000040F2C121702001F01DFB00BF481700209C
:10691000C8170020401700204013002078170020DF
:1069200000000000074B084A1B78580102EB431394
:10693000082112585868904740F2B621702001F0A3
:1069400001FB00BF401700204013002070B5134C1E
:106950000D460646FEF7C0FA94F8213004F1280CE3
:10696000D9B20CEB831C002302E00133202B12D0A0
:106970001CF81320D8B2002AF7D103EB4111084AC2
:1069800004EB4104590102EB43135650012284F8F1
:1069900028205D6070BD184670BD00BFC81700207C
:1069A000401300201F280AD80C4991F8213000EB31
:1069B000431301EB430393F82820012A01D0002060
:1069C000704791F8213000EB431301EB43034FF084
:1069D000000C104683F828C0704700BFC81700207D
:1069E00010B5094C04EB4014D4E90201FDF7D6FFC1
:1069F000227DE38A9B1803F101034FF0000252410C
:106A0000181842EB010110BD401300200378002B41
:106A100040F0EF802DE9F04F804A5368C3F308033C
:106A20008BB08246002B40F0CF80DFF804927C4F81
:106A3000DFF800B209F1080827B1002140F249400F
:106A4000AFF3008099F82140E4B24FF0000389F8D9
:106A5000103027B1002140F24E40AFF30080714B5F
:106A6000661C03EB841E06F0010503EB851CBEE8E3
:106A70000F00ACE80F00BEE80F00ACE80F00BEE866
:106A80000F00ACE80F009EE80F0024B28CE80F0066
:106A90002E4627B1002140F2DE30AFF3008004EB38
:106AA000440405EB450508EB040338F804209B7803
:106AB00028F805204544AB7057B1002140F2E23080
:106AC000AFF3008027B1002140F25340AFF30080C4
:106AD00005F085FC009604AB524604460D46FFF7D0
:106AE000ADFB27B1002140F25A40AFF300804E4B7E
:106AF0001B78202B44D0DBF81030DBF81420DBF8B7
:106B00001810053342F100025B1842F10002DDE982
:106B10000401984271EB020C009628D343482246A8
:106B20002B4604A9FFF79AFAC0B1DDE90401FDF78D
:106B300035FFBDF81E309DF81C401B1903F1010301
:106B40004FF000025241181842EB0101CAE904015A
:106B500027B1002140F26D40AFF3008099F810306A
:106B6000002B7FF469AF01200BB0BDE8F08FCDE9B9
:106B7000043204A922462B462C48FFF76FFAD4E7CB
:106B80009DF81D1014F1090345F100020129BED042
:106B9000CDE90232FEF704FBDDE902320028B6D16E
:106BA000FEF764F840F25631884232D040F2F55197
:106BB000884229D0B0F5C67FDDE90232A7D114F1B1
:106BC000160345F10002A2E7103B59B2002912DB7F
:106BD00001F1604101F5614191F80003400900288D
:106BE000C2D0DFF84C900E4FDFF848B009F108082A
:106BF00022E70020704703F00F03043B1344187E84
:106C000040090028EDD1AFE714F13B0345F1000244
:106C10007DE714F1250345F1000278E700ED00E07F
:106C200000000000F0170020401700200040420F35
:106C3000C8170020481700202DE9F04FB04A5368CC
:106C400091B0C3F3080303900791002B40F03B82FF
:106C500008230693079B1B78012B00F2DB82DFF8E9
:106C6000BCB2BBF1000F04D0002140F24350AFF39F
:106C700000800023DFF8A8A2DFF8A8820493012493
:106C8000BBF1000F04D000214FF4AA60AFF30080E5
:106C900024B99C4B0BB1AFF3008062B69AF8213057
:106CA000DBB205934FF000028AF81020069A002A02
:106CB00040F0AD809946BBF1000F04D0002140F2B6
:106CC0006450AFF3008005F08AFB059B0093079AA0
:106CD0000AAB0446FFF7B2FABBF1000F04D0002163
:106CE00040F26C50AFF30080039B03EB49130AEBB7
:106CF00043034FEA491693F82830013B012B00F279
:106D00008480DDE90A3224F07F441D1B25F07F4199
:106D100021F00101002940F0D580039A09EB4903D5
:106D20005344B218997A0AEB4202042082F82800F0
:106D300020294FEA49020992CAB200F00182324486
:106D4000039B0AEB420282F829301A46099B4B4406
:106D5000534416440AEB46069A72202386F82930DB
:106D6000002304930125BBF1000F04D0002140F261
:106D70007150AFF30080644B0BB1AFF30080EFF3C1
:106D80001086344672B69AF81030002B7FF478AF34
:106D9000039B0AAF08EB43140FCF08340FC497E8E6
:106DA000030084E80300A5B1069B002B00F0B2812C
:106DB000049B23B1554B1B78202B00F0F1819AF8EE
:106DC0002130DB4303F001038AF82130FF238AF8E6
:106DD000103026B94B4B0BB1AFF3008062B6BBF15C
:106DE000000F04D000214FF4B560AFF30080002DF8
:106DF00053D1BBF1000F04D0002140F2B450AFF3E7
:106E00000080284611B0BDE8F08F0025ABE7059A59
:106E10003F4B551C05F0010503EB821E03EB851C5F
:106E200017B2BEE80F00ACE80F00BEE80F00ACE8F8
:106E30000F00BEE80F00ACE80F009EE80F00A94667
:106E40008CE80F002EB2BBF1000F04D0002140F2FD
:106E5000DE30AFF300802F4B07EB470706EB46060B
:106E6000DA19D95B9278995333449A70BBF1000FC9
:106E70000CD0002140F2E230AFF30080BBF1000FF4
:106E800004D0002140F25A50AFF300809AF810303D
:106E9000002B7FF4F5AE05950DE79AF8213003EB52
:106EA000430353445B7A202BA3D0BBF1000F04D0E3
:106EB000002140F2AF50AFF30080174B187801F07B
:106EC00021FA96E725F07F45B5F5000F3FF625AF8F
:106ED0000C99C9180C1B24F07F44B4F5000F3FF641
:106EE0001CAF09EB490151440C7A4FEA4901202CAF
:106EF000099100F03A812021944604911A4627E036
:106F000000ED00E00000000000000000401700203D
:106F1000F0170020D0170020781700200000000094
:106F2000C8170020401300209DF83510012903D018
:106F3000417D012900F0B18033190AEB430393F836
:106F40002930202B00F02081DDE90A2C04941C4616
:106F500008EB4410650187680169C368C91943F1EA
:106F6000000E8A427CEB0E03DED213466246049F7B
:106F70000C9908EB0500C918D0F808C042F10002CE
:106F80008C45C16871EB020275D3427D012A03D0A2
:106F90009DF83520012A59D0049B9F4200F0DF80E4
:106FA000202F00F03C81049B202B06EB07030AEB0B
:106FB000430393F8292000F02481049BF3180AEB83
:106FC000430393F8294083F8292022460520B3186B
:106FD0000AEB430311468F4293F8292083F82800D7
:106FE000F5D1099B4B445344987A202808BF5C7222
:106FF000099B4B44C1B253441CBF89190AEB4101A0
:107000009F72039B18BF81F82940F318F1190AEB0E
:1070100043030AEB4101202081F8290083F829204D
:10702000049B834200F0A7801C4634440AEB4404CE
:10703000039B84F8293000230493039B1E440AEB2E
:107040004606032386F8283001258CE6ACEB0303C3
:107050000893FDF70BFE40F256339842089B55D03B
:1070600040F2F55290424DD0B0F5C67F14BF0122D8
:107070000E229A4290DD45449DF838302A7E9A428D
:107080004FD933190AEB4303274693F82940202CA4
:1070900061D0DDE90A3265016AE7D71BFDF7E6FD3D
:1070A00040F25633984233D040F2F55398422BD0F9
:1070B000B0F5C67F14BF01220E22BA427FF73CAF63
:1070C000DDE90A3253E7103B59B200293BDB01F1FD
:1070D000604101F5614191F800335B090693002B93
:1070E0007FF4B8AD534B1B78202B00F09D80079B9D
:1070F0001B780693002B3FF4B2AD40F23C51702058
:1071000000F020FF3322B4E73322D6E71D22B0E798
:107110001D22D2E7FF238AF81030002E7FF45FAEE5
:1071200058E6099B039A4B445344B218997A0AEBE8
:1071300042020420202982F82800CAB27FF4FFAD61
:10714000039A5A7202E603F00F03043B13441B7EBA
:107150005B090693C3E7049B9F427FF424AF202B77
:1071600011D1099B4B4453441C7A039BF3180AEB3F
:10717000430383F82940099B039A4B4453441A72F2
:107180000123049359E71C4633190AEB430393F890
:107190002920039BF3180AEB430383F8292044E7D3
:1071A00005990220FFF784F900287FF408AE9AF8C9
:1071B0002130039F03EB4301514407EB43128C7AC8
:1071C0000AEB42020420202C82F82800DDB24FEAAC
:1071D0004312E0B24FEA430319D011180AEB410100
:1071E00081F8297039462B4453440A440AEB420281
:1071F00099722023049D82F82930002E7FF4EFAD90
:10720000E8E5099B4B4453441C7A1A72DDE64F7241
:107210003946E8E74FF4A861702000F093FE4FF480
:10722000E871702000F08EFE40F23951702000F0BD
:1072300089FE00BF401700202DE9F84F7B4CDFF896
:10724000008205464FF0010B04F1080AB8F1000F67
:1072500004D0002140F2C650AFF30080BBF1000F14
:1072600004D1734B0BB1AFF3008062B64FF0000353
:107270002374B8F1000F04D0002140F2CB50AFF3DB
:10728000008094F821606B4BB146013606F001078F
:1072900003EB891E03EB871CBEE80F00ACE80F0070
:1072A000BEE80F00ACE80F00BEE80F00ACE80F002E
:1072B0009EE80F003E468CE80F00B8F1000F04D0A6
:1072C000002140F2DE30AFF3008009EB490907EB03
:1072D00047070AEB09033AF809209B782AF80720A8
:1072E0005744BB70B8F1000F04D0002140F2E230E7
:1072F000AFF30080237C03F0FF01002B40F0868079
:10730000B8F1000F03D040F2D550AFF3008005EB89
:10731000461304EB4303770193F82820032A73D123
:1073200006EB4602224492F808904D4578D0B9F118
:10733000200F69D04B4601E0202B65D0FA1804EBF2
:107340004202194692F829309D42F5D1202D5BD09A
:107350007B19394404EB430304EB410193F82930D2
:1073600081F82930B8F1000F0CD0002140F24B30E9
:10737000AFF30080B8F1000F04D0002140F2DA50E2
:10738000AFF300802F4404EB4707012387F8283030
:10739000B8F1000F04D0002140F2E350AFF30080B9
:1073A000254B0BB1AFF30080EFF3108B72B6237C4B
:1073B000002B7FF44BAF4D4503D1204B1B78202B86
:1073C0001CD094F82130DB4303F0010384F8213012
:1073D000FF2323740124BBF1000F04D1144B0BB124
:1073E000AFF3008062B6B8F1000F04D0002140F284
:1073F0000560AFF300802046BDE8F88F31460220DB
:10740000FFF756F80028DCD10024E4E7B8F1000FBC
:107410003FF424AF002140F2D150AFF3008015E7D4
:10742000202DF1D093F8293013729BE7C817002064
:1074300000000000F01700200000000040170020AE
:107440000000000070B506280DD8DFE800F01C52DF
:10745000040C0C740D00B14A4FF0804112680123F6
:10746000C1F80835136070BDAD4D2B78202B00F0AE
:107470009180AC4C5A0104EB4313A2585868BDE804
:10748000704005211047A54CD4E90623B3F1FF3F16
:1074900008BFB2F1FF3F00F0D080A34E0120FEF7FD
:1074A0003FF9737F012B04D0FDF77AFE002800F02E
:1074B00030819B4D2B78202B00F09B80FF23A37302
:1074C000D6E90223B3F1FF3F08BFB2F1FF3F05D079
:1074D0000520FEF74FF8002800F016812B78914A1E
:1074E000590102EB4313BDE870405258586801211E
:1074F00010478B4D2B78202B00F0A6808A4E737F8F
:10750000012B04D0FDF74CFE002800F0F380834CE3
:10751000D4E90623B3F1FF3F08BFB2F1FF3F61D0CA
:107520002B78804A590102EB4313BDE87040525852
:10753000586800211047794C94F820307BB1D4E989
:107540000623B3F1FF3F08BFB2F1FF3F00F0A28076
:107550000120FEF7E5F8002384F8203070BD704D5F
:107560002A78202A00F09D806F4E4FF0FF324FF0B6
:10757000FF33C6E90223A37B002B00F0B6802B78F3
:10758000684A590102EB4313BDE8704052585868ED
:1075900006211047614890F8213003EB4301014474
:1075A000DAB20B7A202B00F0AA8003EB421200EB38
:1075B000420292F829400C72FF210174022182F8E4
:1075C0002810584C58492B700022C27381F828208B
:1075D00004EB4312127E002A7FF44CAF01F0DCF87A
:1075E0002B7847E7FDF748FB04F0F9FEC4E90601F4
:1075F00096E794F82130DAB203EB43032344197A77
:1076000020297CD001EB421204EB420292F82900BF
:107610001872FF232374434B297003EB411100239D
:10762000097EE37386F82830022382F82830002987
:107630007FF444AF01F0B0F840E7FDF71DFB04F024
:10764000CEFEC4E9060128E7344A92F8213003EB64
:1076500043001044DBB2017A202950D001EB4313E0
:1076600002EB430393F829400472FF2010740220B8
:1076700083F828002B4B297003EB41112A4E097E19
:107680000023D37386F8283000297FF438AF01F047
:1076900083F834E7FDF7F0FA04F0A1FEC4E906012F
:1076A00056E794F82120D1B202EB42022244107A2C
:1076B000202824D000EB411104EB410191F829600E
:1076C0001672FF222274174A287002EB4010164EE1
:1076D000027EE37386F82830022381F82830002ADE
:1076E0007FF443AF01F058F83FE740F24361702068
:1076F00000F028FC40F25161702000F023FC40F2C1
:107700004721702000F01EFC40F22F61702000F035
:1077100019FC40F22961702000F014FCC817002009
:1077200040170020401300204817002070B5284B58
:107730001A78202A86B045D0264CD4E90213B3F13A
:10774000FF3F08BFB1F1FF3F37D1234D05EB421595
:107750000646D5E90201FDF721F92B7DEA8AD21808
:1077600002F101024FF0000C4CEB0C0C93194CF1A0
:10777000000C18180DF10B034CEB0101009303AA48
:1077800004ABFDF76DF99DF80B20DDE904310F2AFC
:1077900094BF002201229B1841F10001C4E902318B
:1077A0000E4B9B7B13B9012006B070BDD4E90223B8
:1077B0000520FDF7DFFE06B070BD40F62F017020FA
:1077C00000F0C0FB40F62E01702000F0BBFB00BFB4
:1077D000401700204817002040130020C817002041
:1077E000FDF71ABE38B5234B93F800E0BEF1200F29
:1077F0003AD0214D95F8213095F821C003EB430391
:107800002B445FFA8CFC1B7A202B1FD01B4C4FEAB9
:107810004C1C06E0634405EB430393F82930202B0E
:1078200014D004EB4312117E8142F3D804EB4E14C2
:10783000D4E9021320694018D2E9021243F100038F
:10784000814272EB030304D2002038BD4FF0FF30B9
:1078500038BD0B4B081A1C68FDF792F804F132038F
:107860008342F1D8001B38BD40F66801702000F05B
:1078700069FB00BF40170020C817002040130020FC
:10788000481700202DE9F04F8D4B1E7887B0202E31
:10789000019000F010818B4F8B4D97F821302868B4
:1078A00003EB43033B440DF113021C7A019B184484
:1078B0002B6903938946AB69029305A9FDF7A4F8E8
:1078C000019A824B323A9A4261D8DFF80882059BCE
:1078D000696908EB4616B2689B1832699B182A69D9
:1078E0009B1A23F07F40B0F5000F50D897F821A0E5
:1078F000AB61202C85F820905FFA8AFA18BF4FF010
:10790000200B00F0CB8008EB441C9B18DCF808002F
:1079100041F100019842DCF80C308B414FEA4416EB
:107920004ED39CF81530012B02D06B7F012B32D047
:107930000520FDF793FE97F821104FF0FF324FF02E
:10794000FF33BBF1200FC5E90223C9B240F0A48088
:1079500001EB4101394420240B7A594A97F8211050
:10796000127802EB411207EB420282F829302B68B1
:10797000019A13442B60FF233B74202C40D0544BBE
:10798000187800F0BFFC002007B0BDE8F08F0120A0
:1079900007B0BDE8F08FA0EB0209FDF767F940F2F0
:1079A0005633984220D040F2F55398421AD0B0F5A1
:1079B000C67F14BF01230E234B45B9DD95F82090F7
:1079C0004644337E4B4511D904EB4A1307EB43037E
:1079D00093F82930202B17D0A346D5E904211C4663
:1079E000AB6990E73323E7E71D23E5E7DDE90231E3
:1079F0002A695B189B1A0220AB6107B0BDE8F08FC3
:107A0000002007B0BDE8F08F0520FDF727FE4FF0FE
:107A1000FF324FF0FF3397F82110C5E90223C9B2B6
:107A200001EB41033B4404EB411207EB420293F8A4
:107A300008A092F829201A724FEA410C48015346D7
:107A40004FF0050800EB030E07EB4E0E1A4694426A
:107A50001E468EF828809EF82930F3D10CEB010EDB
:107A6000BE4461449EF80A90B9F1200F5FFA89F88C
:107A700018BF80443944024418BF07EB480807EB9D
:107A800042028E724FF0200114BF88F829A08EF8B0
:107A900009A082F8291060E75C46C1E70520FDF7E0
:107AA000DDFD97F821104FF0FF324FF0FF33C5E9AD
:107AB0000223C9B24CE74FF40961702000F042FA8A
:107AC00040170020C817002048170020CE3F420F63
:107AD00078170020401300202DE9F04FA64C94F8B1
:107AE000213000EB431304EB430383B093F82830B9
:107AF000002B00F03C8194F82170DFF88882054665
:107B0000FFB2B8F1000F04D0002140F6CF00AFF370
:107B100000807E0105EB471704EB4707B8F1000F23
:107B200040F0E880771904EB470797F82830012BDD
:107B300009D0043B022B40F2D08004F0EFFC97F810
:107B40002830012BF5D1DFF840B201230193ABF1CE
:107B5000200AB8F1000F04D0002140F6E600AFF390
:107B60000080019B23B9854B0BB1AFF3008062B657
:107B70004FF000032374B8F1000F04D0002140F649
:107B8000EB00AFF3008094F82160B1460BEB891E47
:107B9000BEE80F00013606F001070BEB871CACE8CE
:107BA0000F00BEE80F00ACE80F00BEE80F00ACE825
:107BB0000F009EE80F003E468CE80F00B8F1000F62
:107BC00004D0002140F2DE30AFF3008009EB490918
:107BD00007EB47070AEB09033AF809209B782AF8D4
:107BE00007205744BB70B8F1000F04D0002140F2C9
:107BF000E230AFF30080237C03F0FF01002B40F064
:107C00008E80B8F1000F03D040F6F500AFF300808E
:107C100006EB460323444FEA46095F7ABD4200F073
:107C20009B80202F30D0700101E0202F2CD0C31971
:107C300004EB430339463A4693F82970BD42F4D128
:107C4000202D21D00144284404EB400004EB4101E5
:107C500090F8293081F82930B8F1000F06D00021C2
:107C600040F243300192AFF30080019A09EB060322
:107C700023449B7A9F4260D0B8F1000F0CD00021C2
:107C800040F24B30AFF30080B8F1000F04D0002178
:107C900040F6F900AFF30080394B0BB1AFF3008031
:107CA000EFF31083019372B6227C002A7FF451AF68
:107CB00084F82160FF22227423B9304B0BB1AFF35B
:107CC000008062B6B8F1000F04D0002140F60B101E
:107CD000AFF3008003B0BDE8F08F731904EB4303EA
:107CE000DFF8A4B0012283F8282001230193ABF12F
:107CF000200A2EE797F82830012B3FF424AF043BED
:107D0000022B16D9002140F6DB00AFF3008004F00F
:107D100005FC002140F6DF00AFF30080FEE6B8F17D
:107D2000000F3FF41EAF002140F6F100AFF30080DA
:107D30000FE7012387F82830EBE7B8F1000F06D0F2
:107D4000002140F246300192AFF30080019A09EB26
:107D5000060323449A728FE7202D95D005EB461237
:107D600004EB420292F829205A72202274E740F66E
:107D7000C601702000F0E6F8C817002000000000DF
:107D80000000000000000000F017002070B586B071
:107D900063BB064610460D46FCF7F2FD0DF10B03E2
:107DA00004460093304604AB294603AAFCF758FE6C
:107DB00003981349231A8B420BD3001B88420ED31E
:107DC000104A93420DD8904215D9C0F1614303F592
:107DD000F7030A9AA2F10F00C01A06B070BD434221
:107DE000F7E703F1F45303F59023F2E740F611119E
:107DF000702000F0A7F840F65801702000F0A2F8BB
:107E00000040420FFF7F841EBFF34F8F0549064B92
:107E1000CA6802F4E0621343CB60BFF34F8F00BF28
:107E2000FDE700BF00ED00E00400FA05094B012268
:107E30005A604FF0FF32C3F80823074B4FF48042DB
:107E4000C3F88020BFF34F8FBFF36F8FC3F880213B
:107E5000704700BF00E0004000E100E0094B012254
:107E60005A604FF0FF32C3F80823074B4FF480529B
:107E7000C3F88020BFF34F8FBFF36F8FC3F880210B
:107E8000704700BF00C0004000E100E0084B002246
:107E9000C3F8FC2F0122C3F8FC2F064B0222C3F8C3
:107EA0008020BFF34F8FBFF36F8FC3F880217047DF
:107EB0000010004000E100E0F8B51B4E33780546A5
:107EC0000C4617466BBBFCF779FC184B7760002D0E
:107ED00008BF1D4628463472FFF7D8FFFFF7BEFFE4
:107EE000FFF7A4FFFDF704F80546C0B9F4F7F8F969
:107EF000FCF7F2FFFCF73CFF04F079F9002C0CDBF7
:107F000004F01F026409A40004F1604404F5614414
:107F100001239340C4F88031236001233370284645
:107F2000F8BD4FF0FF35FAE770180020C2E80300F3
:107F300008B572B6024B5B6803B19847FFF764FF60
:107F4000701800201FB572B6134B5D688DB9FFF72E
:107F50005BFFB2FBF6F2DCB20133002AF9D104F187
:107F600010036B4403F80C2C0A2234B901A8A8476B
:107F7000EDE7024600230A26EDE7631E04AEDCB2FD
:107F800056FA83F3B0FBF2F602FB1600303003F82A
:107F90000C0C3046E9E700BF70180020074B93F93E
:107FA0000830002B09DB5A09012103F01F0301FAF5
:107FB00003F34032024941F8223070477018002024
:107FC00000E100E0014B1878704700BF70180020F6
:107FD0002DE9F84FDFF8CCA0304C314DDFF8C890D8
:107FE000074601269AF800805FFA88F8FF238AF88E
:107FF0000030B8F1000F01D08AF80130EFF31082A1
:1080000072B600236660C4F80031C4F80431C4F8C5
:10801000047526603AB962B605E0D4F8043133B984
:108020002B69DB0620D4D4F80031002BF5D0D4F82E
:108030000431002BE2D1B8F1000F13D19AF80130CE
:10804000DBB28AF8018003214FF48042C4F80813A0
:10805000C4F80481C4F80081C9F880218AF800803E
:10806000002BBFD1BDE8F88F4FF48043C9F88031B1
:10807000EFF3108B72B60323C4F80433D4F8003145
:1080800013B9D4F804311BB1BBF1000FCBD1C2E757
:1080900004F044FABBF1000FC5D1BCE700E000409A
:1080A00000ED00E07C18002000E100E070B516460D
:1080B000DA078CB01D4686468C4640F1A280C37B11
:1080C0008DF80030837B8DF80130437B8DF80230D2
:1080D000037B8DF80330C37A8DF80430837A8DF8F2
:1080E0000530437A8DF80630037A8DF80730C3796E
:1080F0008DF8083083798DF8093043798DF80A308E
:1081000003798DF80B30C3788DF80C308378427882
:108110008DF80D3003788DF80F308DF80E20CA7B66
:108120008B7B8DF810208DF811304A7B0B7B8DF8FE
:1081300012208DF81330CA7A8B7A8DF814208DF8BE
:1081400015304A7A0B7A8DF816208DF81730CA79D7
:108150008B798DF818208DF819304A790B798DF8C4
:108160001A208DF81B30CA788B788DF81C208DF87A
:108170001D304A780B788DF81E208DF81F306C4624
:108180002046FFF725FFAB0731D59DF82F009DF85E
:108190002E109DF82D209DF82C30307071709DF8B8
:1081A0002B009DF82A10B270F3709DF829209DF8DD
:1081B0002830307171719DF827009DF82610B2713A
:1081C000F3719DF825209DF82430307271729DF86E
:1081D00023009DF82210B272F3729DF821209DF8C1
:1081E000203030737173B273F3730CB070BD0DF146
:1081F000200CBCE80F0030607160B260F3600CB01E
:1082000070BDDEF80410DEF80820DEF80C300068DF
:108210006C46A646AEE80F00DCF80000DCF804105F
:10822000DCF80820DCF80C30AEE80F00A8E700BF4F
:108230001B4B4FF4805270B5C3F88020BFF34F8FB3
:10824000BFF36F8F174D184C0021C5F80011C3F80C
:1082500080212669236943F0100323610123C5F8B7
:10826000043306F010062B60D5F80031A3B11EB917
:10827000236923F0100323610A4B0122D3F8080578
:108280005A60C3F808230022C3F80021044B4FF4BE
:108290008052C3F8802170BD04F040F9E4E700BFCC
:1082A00000E100E000C0004000ED00E038B50C49FE
:1082B00002460520431ED8B2FF2803D14821692079
:1082C000FFF740FE01EBC0031D7905F0FF04002D10
:1082D000F0D141F8302001225C719C711A7138BDD7
:1082E00080180020042808B503D94F216920FFF722
:1082F00029FE034B03EBC0000023037108BD00BF40
:1083000080180020042808B503D958216920FFF7F8
:1083100019FE094B03EBC0000379012B01D0592151
:10832000F4E7437982790133DBB29A4218BF437193
:10833000BDE80840FFF732BE8018002070B5124C2F
:1083400006250026013D15F0FF0500D170BD94F80B
:10835000281004EBC1031A79012A09D158799A79B6
:10836000904205D05A79D2B29A7154F83130984778
:1083700094F828300133DBB2042B94BF84F8283002
:1083800084F82860DEE700BF8018002008B504F0FC
:1083900059F870B904F05FF858B904F065F840B9BD
:1083A00004F074F8044A054B002808BF1346184629
:1083B00008BD024BFBE700BF00E701400C05004091
:1083C00008B504F063F808B3EFF3108072B6104AF2
:1083D0001369116941F010011161A2F5406203F0C7
:1083E0001003D2F80011D2F804210A4300D040BF94
:1083F00020BF00BF00BF00BF00BF23B9044A1369FC
:1084000023F01003136100B962B608BD20BFFCE77A
:1084100000ED00E0914270B53BD2B2FA82F33BB17D
:10842000C3F1200420FA04F49940214398409A4073
:10843000160CB1FBF6FC06FB1C1424041FFA82FE8A
:10844000030C85B204EB10400CFB0EF4844206D9F9
:10845000201A90428CBF02200120ACEB000C03EBF1
:1084600001410CFB1211B1FBF6F006FB101105EBFC
:10847000014100FB0EFE8E454FEA0C4C06D9AEEBD7
:10848000010E96458CBF02220122801A40EA0C00A0
:1084900070BD73219620FFF755FD00BF2DE9F8430D
:1084A0001C4652EA040349D0074615460E467CB9DD
:1084B000914208D321463046FFF7ACFF04462A46D6
:1084C000384604FB1561FFF7A5FF2146BDE8F88398
:1084D000B4FA84F9B9F11F0F34DC4FF0010808FA3F
:1084E00009F2A2FB051320FA08F002FB043226FA77
:1084F00008F140EAC670FFF78DFFC9F11F03D840AD
:108500004FF0000118D0431E8C4661EB010105FBC2
:1085100001F203FB042280461846A5FB033EFB1A2A
:10852000724466EB02061F46AF4276EB040324BF9B
:1085300040466146BDE8F8838446F5E7CA219620A7
:10854000FFF700FDE7219620FFF7FCFC30B5441A49
:10855000944229D33AB34B1CC31A022B2FD9531E72
:10856000072B2CD922F003058C4686460D445CF877
:10857000044B4EF8044BAC45F9D122F003039A4268
:1085800002F0030400EB030501EB030C0BD0CA5C03
:10859000C254012C07D09CF801306B70022C02D021
:1085A0009CF80230AB7030BD002AFCD08B1802441E
:1085B00013F801CD02F801CD8B42F9D130BD4B1E2D
:1085C0000244014613F8014F01F8014B9142F9D1E1
:1085D00030BD00BF81EA000370B59E075DD18507FD
:1085E0005FD0002A58D0034601E0002A54D011F889
:1085F00001CB03F801CB9C0702F1FF32F5D1032A2E
:1086000029D941EA0305141F6E074FEA940E4AD197
:108610002B2C48D90EF101064FEA560C03EBCC0C7B
:10862000A1F108051C4695ED027BA4EC027B644594
:1086300005F10805F7D1F50726F0010403D551F837
:10864000245043F824500EF1010402F0030203EB1E
:10865000840301EB8401FAB1541E022C1FD922F0CD
:1086600003058C460D449E465CF8044B4EF8044BC3
:10867000AC45F9D122F00304A2422344214402F084
:10868000030509D00A781A70012D05D04A785A706E
:10869000022D1CBF8A789A7070BD0346DBE7154631
:1086A000F0E70346ABE70EF1010C01EB8C0C1D1F4C
:1086B0000C4654F8046B45F8046F6445F9D1C2E7E1
:1086C0002DE9F04184075FFA81FE5FD0002A59D07E
:1086D000034601E0002A55D003F801EB990702F1A7
:1086E000FF32F7D14EEA0E24032A44EA04443ED96D
:1086F000151FAE08172D06F10106C3F3800147D9F7
:108700009846002940D048F8044B771A03EB810CB7
:1087100079080CEBC101CCE900440CF1080C61456F
:10872000F9D127F0010C08EB8C016745CCEB8C7874
:1087300005EB880517D02F1F032F0C6013D9A5F167
:108740000807032F4C600ED9A5F10C07032F8C608E
:1087500009D9A5F11007032FCC6004D9143D032DCE
:108760000C6188BF4C6102F0030203EB86034AB13F
:10877000013A83F800E005D0012A83F801E018BF30
:1087800083F802E0BDE8F0811546BEE70346A9E79D
:1087900019461546CFE700BF014B01229A77704773
:1087A000E81800202DE9F04786468C460846089ECA
:1087B000154674461946002B40F0C2808542B2FA35
:1087C00082F245D94AB1C2F1200300FA02FC2EFA26
:1087D00003F3954043EA0C0C94404FEA154EA8B2BF
:1087E000BCFBFEF8230C0EFB18CC08FB00F943EA97
:1087F0000C43994528D9EB1808F1FF3704D2994565
:1088000002D9A8F102072B44A3EB0903A4B2B3FBDE
:10881000FEFC0EFB1C330CFB00F044EA0344A042B8
:1088200014D92C190CF1FF3304D2A04202D9ACF1B7
:1088300002032C44241A43EA07401EB1D44000230B
:1088400034607360BDE8F0874746DDE76346F1E7D3
:1088500092BB431B01214FEA154EAFB2B3FBFEFCA6
:10886000200C0EFB1C330CFB07F840EA0343984531
:1088700062D9EB180CF1FF3004D2984502D9ACF163
:1088800002002B44A3EB0803A4B2B3FBFEFC0EFBD7
:108890001C330CFB07F744EA0344A7424ED92C19BA
:1088A0000CF1FF3304D2A74202D9ACF102032C44ED
:1088B000E41B43EA0040C0E7C2F1200320FA03F1C1
:1088C000954090402EFA03F303434FEA154EAFB2A2
:1088D000B1FBFEFC0EFB1C10190C0CFB07F841EA67
:1088E0000041884504FA02F422D969180CF1FF30DE
:1088F00004D2884502D9ACF102002944A1EB080159
:108900009BB2B1FBFEFC0EFB1C110CFB07F743EA0C
:1089100001439F420ED9EB180CF1FF3104D29F4264
:1089200002D9ACF102012B44DB1B41EA004192E782
:108930006046E3E76146F7E76046A3E76346B7E7CB
:10894000834206D916B9002108467BE7C6E900E054
:10895000F9E7B3FA83F78FB9834201D3724508D898
:10896000BEEB020460EB030301209C461EB900210C
:1089700068E73846FAE7C6E9004CF8E7C7F1200C8B
:10898000BB4022FA0CF41C432EFA0CF120FA0CF333
:10899000B84001434FEA14490EFA07F5B3FBF9F862
:1089A0001FFA84FE09FB18300B0C08FB0EFA43EA91
:1089B00000439A4502FA07F240D9E31808F1FF3064
:1089C00004D29A4502D9A8F102002344A3EB0A037A
:1089D00089B2B3FBF9F809FB183308FB0EFE41EA34
:1089E00003418E452CD9611808F1FF3304D28E451E
:1089F00002D9A8F10203214443EA0040A0FB0298F7
:108A0000A1EB0E014145CE46434602D306D14D456A
:108A100004D2B9EB020E68EB04030138002EA6D095
:108A2000B5EB0E0261EB030101FA0CFC22FA07F32D
:108A30004CEA0303F940C6E9003198E74046C5E730
:108A40004346D9E71FB5014601A800F006F801A882
:108A500002F090FA05B05DF804FB0B88C3F30B033A
:108A600083804B88C380002242724B78C3F301138A
:108A7000012B02D0022B18BF134604310372016090
:108A8000704710B58B880370437803F0F003437090
:108A90008A88C2F3032213434370CA888270CA884B
:108AA00003F0CF03120A4370C2700A7A120102F077
:108AB0003002134303F03F0343704A7A43EA8213C0
:108AC00043700C4609680430814205D0E288FB2AD5
:108AD00028BFFB22FFF77EFDE0880430C0B210BD46
:108AE00010B48B880370437803F0F00343708A88D6
:108AF000C2F3032213434370CA888270C27802F023
:108B0000C002C270CC88C4F30524224303F0CF0313
:108B10004370C2700C7A240104F03004234303F044
:108B2000BF0343704C7A43EA841303F07F0302F0DF
:108B30003F024370C2700B680430834205D0CA887C
:108B40005DF8044B1946FFF745BD5DF8044B7047CF
:108B500070B50B78013B05460C46182B00F20A81D4
:108B6000DFE813F02F0033000801A600AC00B200CC
:108B7000B800BE00C200C400D400DA001900080129
:108B800008013700C800CE00DE00E400EA00F00073
:108B9000F600FC0002010E23B1F803200B7042F234
:108BA00083039A4209D106236370667802363246FF
:108BB00021462846FFF70EFD51E03121C720F4F78A
:108BC000B3FB0C230B700823EEE71A230B70012371
:108BD000EAE72920F4F7FEFD30B13E23237022237B
:108BE00063702923A370E0E70A20F4F7F3FD3E2326
:108BF00005F1080204F108012B7090B30A23AB7051
:108C0000E378EB70A3882B71A3881B0A6B71A3799F
:108C1000AB71E379EB71A368AB608B889380D4F878
:108C20000E30C5F80E30638A6B8263696B61238BEB
:108C30002B83638BAB76638B1B0AEB76A38B2B7733
:108C4000A38B1B0A6B77E38BAB77E38B1B0AEB776A
:108C500094F8203085F820301F266E70023630469A
:108C600070BD0123AB70E378EB70A3882B71A388F0
:108C70001B0A6B71A379AB71E37903F00103EB710C
:108C8000A368AB608B889380638BAB73638B1B0A89
:108C9000EB73A38B2B74A38B1B0A6B74E38BAB74EA
:108CA000E38B1B0AEB7494F820302B751326D4E762
:108CB0003E230B7004234B70142393E73E230B7069
:108CC0000C234B7004238DE73E230B700A234B705B
:108CD000032387E73E230B700D234B70052381E7A9
:108CE0000523237004235FE70823FAE730230B7082
:108CF000032359E73E230B700B234B70072371E7C7
:108D00003E230B7006234B700C236BE713230B7071
:108D10008B789B00013347E757230B70022343E70F
:108D20003E230B7006234B7012235BE73E230B7030
:108D300009234B70132355E73E230B7005234B701B
:108D400020234FE73E230B7009234B70212349E773
:108D5000FF230B700B234B70A22343E7FF230B7001
:108D600005234B70A3233DE7FF230B700D234B70AE
:108D7000802337E740F26F2120E708B510B1FFF7F5
:108D800061FE10B96FF0150008BD0020FCE710B5BA
:108D90000C4630B129B1F4F773FC28B120700020E3
:108DA00010BD6FF01500FBE76FF02200F8E708B583
:108DB000F4F7EEFC002008BD01F0C7B808B5F4F7E1
:108DC000F9FC002008BD01F08EBB01F09CBB022223
:108DD00002708270D62242716FF0250282716FF0AC
:108DE0003802C2716FF051020272082242726FF0B3
:108DF00024020023827272224370C3700371C27214
:108E00001846704701F0F1B838B54FF0805304466A
:108E1000D3F8A020D3F8A410013106D1D3F8A8309C
:108E20004FF6FF719BB28B423ED0D3073CD54FF03B
:108E30008055D5F8A420D5F8A830A4F80530C3F3A0
:108E4000072363F03F03C4F80120A371D5F89030E5
:108E5000013323D0D5F8943001331FD0D5F89830A2
:108E600001331BD0D5F89C30013317D00020F7F721
:108E7000D3F998B9D5F89000D5F89410D5F8982082
:108E8000D5F89C30C4F81330C4F80700C4F80B10B0
:108E9000C4F80F2001232370002038BD10220021C8
:108EA000E01DFFF70DFCF5E70023F4E770B54FF088
:108EB0008055102200210446D5F8A060FFF700FC81
:108EC00010220021A018FFF7FBFBD5F880300133FA
:108ED0000BD1D5F88430013307D1D5F88830013370
:108EE00003D1D5F88C3001330BD0D5F88000D5F8FC
:108EF0008410D5F88820D5F88C30E3612061616159
:108F0000A2610020F7F788F908B9F3071DD44FF0E4
:108F10008053D3F8902001320BD1D3F89420013242
:108F200007D1D3F89820013203D1D3F89C20013225
:108F30000BD0D3F89000D3F89410D3F89820D3F83E
:108F40009C30E36020606160A260002070BD10B5BD
:108F50000446FFF76DF9B0F5007F09DA10F5007FE0
:108F600008DD031EB8BF03339B102370002010BD23
:108F70007F23FAE76FF07E03F7E7012070470120B7
:108F8000704701F015BB0078003818BF012001F0D0
:108F900023B9F6F783BE8178008801F0D4BA01F0D6
:108FA000F0BA37B505460C4600880DF1060101F010
:108FB00018F92B882380BDF80630638003B030BDDC
:108FC000F6F774BE01F00FBB00F0A8BF01F002B8C5
:108FD00008B5F4F7F7FB002008BDF6F75BBC01F01D
:108FE00019B8F6F7E1BD00F0E1BF01F01ABA01F0DF
:108FF000E4B901F02BBA00F055BF00F05ABF00F001
:1090000066BF00F078BF01F016B801F0F7B800F0C5
:10901000D8BF00F094BF03880B8001F049BA0388E1
:109020000B8001F053BA01F02DB8F6F789BCF6F7C2
:109030006FBC01F055B801F063B8F6F78BBC01F0D6
:10904000A0B800F0A2BF01F0BCBAF6F72DBCF6F74D
:10905000AFBCF8B5D4181F46BDF81830053414FB62
:1090600003F4A4B2054604F11B0020F0030080B213
:109070008842164603D0A3211420F4F755F915F0C1
:10908000030101D0A421F7E7B4F5004F01D9A521D0
:10909000F2E71422281DFFF713FBEF746C802E807B
:1090A000F8BD70B50688C58803898E42C5F30E02E7
:1090B000C3F30E0403D2C9211420F4F735F95D403F
:1090C000C5F30E030BB92D0409D4A24209D2C37C07
:1090D000A41A0533E41AA14203DD00238374184661
:1090E00004E01832012381528374104470BD01449E
:1090F000053111FB02F01B3020F0030080B27047F5
:1091000040881B3020F0030080B2704738B50388D8
:109110008B4204D240F201111420F4F705F9857C4A
:1091200065B1C388C3F30E031833C25A8A4207D30A
:10913000C152811DF4F774FB00238374284638BDA7
:109140000025FBE70346F0B59C88A5B2C4F30E06E4
:10915000DC88AC4200F1180002D10020D881F0BDBB
:109160005F89DC7C855B3C4402343444ED1B204445
:109170000C88ADB2AC4288BF0D805C89B4FA84F42F
:10918000640914700A88DA81E9E7F8B58288C3892E
:10919000002604460D4692B20E60CBB1C2F30E0219
:1091A0004189183287180B44825A9BB293424381FB
:1091B00004D94FF4A7711420F4F7B6F804D1011DB7
:1091C000F4F72EFB46812F600023E3810120F8BDD8
:1091D0001846FCE770B5044604F11806A3882289F6
:1091E0009BB29A420846C2F30E050DD021B1A91CCC
:1091F000E27C3144FFF7EEF904F108012046755B8B
:10920000F4F70EFB284670BD0025FBE78388C08875
:109210009BB2C31A584258417047828873B5C488BC
:1092200095B2AC42C2F30E0202F1180212D041898B
:10923000C689835A314499420EDB0DF10601ADF81F
:109240000650F4F7EDFABDF80600001B18BF012028
:1092500002B070BD0020FBE70120F9E7028970B57C
:10926000C588C5F30E065540C2F30E04C5F30E02C1
:109270000346183022B92A0402D50020188270BD96
:10928000B4421D8806D9DA7CA41B0532A41AA54273
:10929000A8BF25469A890AB1845B2D1BA942ECDC44
:1092A000DC7C1982033A0534324422441044E6E758
:1092B000F8B5038A002B39D08B4237D3C48885890F
:1092C00000F11803C4F30E041E1995B91D557570ED
:1092D00085891E5B0D44ADB2314485811953DAB1E5
:1092E000811DF4F79DFA002383810023038201206E
:1092F000F8BD1E5BAE4204D040F201211420F4F709
:1093000013F8C57C878A033E2644053535445E192B
:109310005F53857DB570DBE7C27C2C441444023476
:109320001A191B5B838293788375DEE70020DFE7E1
:109330008388C2889BB29A4206D0428922B9C3F37D
:109340000E0318331844704700207047C37C088808
:1093500002330B44136070470230704738B583887E
:10936000C2889BB29A4209D043893BB9C5893DB9AD
:10937000011DF4F755FAC581012038BD0020FCE736
:109380001846FAE703881380C388C3F30E03183323
:1093900003440B608089704708B54B1E062B04D828
:1093A0004FF4D1711520F3F7BFFF19B900B1016077
:1093B000084608BD58B1B1F5803F02D34FF4DA71C9
:1093C000F0E7036800225A601A1D19811A600431FF
:1093D000EEE70268002322B90381031D42600360A7
:1093E0007047918812680B449BB2F4E703464FF62E
:1093F000F672A1F10800904270B504D94FF4ED71F6
:109400001520F3F791FF1868B8B1848802688C4280
:1094100014D03AB98EB206F10805ADB2AC4204D20E
:1094200010460AE003461046EFE742501A68451816
:109430001268A41BAC8042501D6070BD1A60FCE72E
:1094400000230B6003688A800B600160704730B5B1
:1094500090B18478B1FBF4F304FB131300EB4302E7
:1094600052898A4201D1D8B230BDC27822B900F106
:109470000A03D0B2844201D8FF20F5E733F8025B3B
:10948000A94202F10102F4D1EEE7827803880532A5
:10949000594301EB42010844704713B50023CDE95D
:1094A000003304468DF806006846F4F799FB08B1CE
:1094B00002B010BDBDF804002146F4F76DFB002892
:1094C000F2D040F21D211720F3F72EFF70B50D46A4
:1094D0000A211E46FFF70BFE3246044609212846A4
:1094E000FFF705FE204470BD012303707047F8B5F7
:1094F00005460846002811461E4614BF00240224D3
:10950000FF23AB702B191B7D012B04D001342B19C9
:109510001B7D012B19D105EB44073B8B3A8C981925
:10952000904204DD2C44002038832075F8BD05EB03
:109530008404324660681844FFF74CF83A8B1644AE
:109540003E830023AB700120F0E70020EEE7002906
:1095500010B514BF00230223FF218170C1180C7DB8
:10956000012C07D10C3320F8132002230B750023A4
:10957000837010BD0133C1180C7D012CF2D040F274
:1095800015110920F3F7D0FE30B5827802F0FF0301
:10959000EAB9027D022A18D0427D022A17D11A4662
:1095A000012381B185180C3200242C7520F812405B
:1095B000C2180324147500EB83020C33526830F890
:1095C00013300A608B80012002E00122E9E70020CD
:1095D00030BD30B58378E3B9837D022B17D0C47DCD
:1095E000022C16D1032381B105190C3400222A75EF
:1095F00020F81420C2180324147500EB83020C33E6
:10960000526830F813300A608B80012002E0032496
:10961000E9E7002030BD037D012B01D1008B7047AD
:10962000437D012B0CBF408B00207047837D012BB5
:1096300001D1808B7047C37D012B0CBFC08B0020F4
:109640007047038B23B9408B003818BF0120704747
:1096500001207047838B23B9C08B003818BF0120CD
:10966000704701207047027D022A01D1008B7047AC
:10967000437D022B01D1408B7047032AF6D0032B88
:10968000F9D000207047827D022A01D1808B70477B
:10969000C37D022B01D1C08B7047032AF6D0032B68
:1096A000F9D000207047F4F705BC012808B506D0B2
:1096B000022806D040F2B2310620F3F735FE002032
:1096C00008BD0120FCE7F4F741BC37B5002305468F
:1096D00001A80193FAF7BCFF019B284613F0030F82
:1096E0000CBF00240A2402F0C9F970B1284602F028
:1096F000B3F938B9284602F0B3F918B904F15000AB
:1097000003B030BD04F15A00FAE704F16100F7E755
:1097100070B50D460646FAF7E5FE04463046FAF700
:10972000D9FE04F5234328444FF47A72A133B3FBE6
:10973000F2F3184470BD10B5044690F86900FAF7CA
:10974000D1FE00F55F4141314FF47A70B1FBF0F189
:10975000204601F24511BDE8104001F00CBD13B5E3
:10976000002380F84C32A0F890321A460093194634
:109770000446F5F717F920B140F221213020F3F724
:10978000D3FD012284F84C22C4F84802C4F84002F8
:10979000A4F85E02A4F85C0284F86102B4F8902098
:1097A000A4F89202013AA4F8902002B010BDF8B5D6
:1097B00090F81031044603F0FF05E3B9D0E94212F6
:1097C0006FF000439A4208BFB1F1FF3F13D0294622
:1097D000D0E9406702F06DF8D4E94232DB309B1BE0
:1097E00062EB07021B1A62F10002002A03DA20462C
:1097F000F8F768FC01252846F8BD2DE9F047044636
:1098000018B9D2213020F3F78FFD082900F2A58086
:10981000DFE801F005123C3C38A33199A100F8F7CC
:1098200049FCD4F8F400CB38FDF780FF002840F065
:10983000888040F28121E5E702F016F90546F8B983
:109840000146204602F035F800F1DB06D4F8F400BA
:10985000B04209D2301A322838BF32200321FEF735
:1098600011F8051E18BF0125C4F8F460204602F067
:1098700021F9002D65D02046BDE8F04702F01EB961
:109880000025F3E7BDE8F047FAF7F2BCFFF71DFF4C
:10989000002384F8F03084F8FB30B4F8EA30A4F800
:1098A000F800062B0BD80133A4F8EA3004F1F005D8
:1098B0002846FDF7ABF858B940F29F61A2E7D4F80B
:1098C000CC301BB1012384F8FA30EFE70223FAE72A
:1098D0002046FFF76CFF034694F8C80033B92946C9
:1098E000FDF7AAF938B940F2A3618BE7FDF75AF802
:1098F000002384F8E830D4E94078D4E9389AB945AF
:109900007AEB08031DD2204601F0DEFF50EA010386
:1099100005460E4615D0B7EB09002A4668EB0A014A
:109920003346FEF7BBFD05FB01F200FB0621A5FB5C
:1099300000520A44D4E93801451942EB0102C4E956
:109940003852BDE8F08790F8C800FDF72BF80023E7
:1099500084F8E830F5E7F22154E7F62152E7D0F831
:10996000CC00704790F8E83010B50446E3B101210F
:1099700080F8101102F0A4F894F8E830A3B194F83C
:10998000C800FDF759FC94F8C800FEF7A5F894F854
:10999000C800FDF707F820B940F20D213020F3F799
:1099A000C3FC002384F8E830002010BD90F810219B
:1099B00010B542B990F8D02042B1D0E93531994282
:1099C00002D9F8F77FFB0022104610BD0122FBE709
:1099D00008B540F2C32101F0DAFB40F64803984293
:1099E00028BF184680B208BD7FB590F813320446F0
:1099F00003F0FF05002B45D190F84C32032B41D1E9
:109A000002F0A4FCD4E9A023801A61EB0301012831
:109A100071F1000336DB6FF00103834275EB010344
:109A200004DA40F2D7513020F3F77EFCA269B4F893
:109A300090300AB1B0FBF2F2013313449BB2A4F8A8
:109A40005C32B4F85C22B4F80C329B1A1BB2002BC7
:109A500018DD94F89402FDF7EFFB98B1FF2384F82A
:109A60006132B4F8CA30B4F890501D44B4F8C8302C
:109A7000013DED1AADB20DF10E06B4F85C32EB1AF1
:109A80001B0401D504B070BDB4F85C12009600232D
:109A9000012289B22046F4F785FF0028F2D0012880
:109AA00009D1B4F85C32BDF80E2012FA83F39BB2F0
:109AB000A4F85C32E1E74FF4C261B4E7F8B50446BC
:109AC00021B1012940D04FF4F56131E0C68C36B1A7
:109AD000F7F7EEF8E68CB0FBF6F303FB160620462C
:109AE000D4E9385701F0F0FE281847EB01010023B4
:109AF000801941F1000184F8F0300223C4E94001EB
:109B0000A4F8FA302046FFF7E0FDD4E94023A4F89A
:109B1000F800C4E938232046FFF749FE58B994F805
:109B2000C80004F1F001FDF787F820B940F2FA61AE
:109B30003020F3F7F9FB0023A4F8EA30FAF7A4F990
:109B4000BDE8F840FCF75ABD002380F8D030F5E7B7
:109B500090F8E800704713B50023CDE900330123E6
:109B60008DF806306846F4F73BF808B100200AE0AB
:109B7000009C2046FFF7ECFF0028F3D0204601F0C0
:109B8000A6FE0028EED002B010BD07B50023CDE937
:109B9000003301238DF806306846F4F721F808B148
:109BA000002004E00098FFF7D3FF0028F4D003B0B2
:109BB0005DF804FB07B5002340F6881201A9FAF707
:109BC00071FD03B05DF804FB10B5044638B1F6F73B
:109BD00021F934EA00030CBF0120002010BD012050
:109BE000FCE710B5F5F7A8FC044601F039FF40B9D1
:109BF000204601F031FF80F00100C0B200F001000A
:109C000010BD0020FAE738B5054601F04DFEF0B171
:109C10002846FFF79DFF08B9002038BD2846FFF70A
:109C20009EFE04462846FFF79DFE054688B9002C97
:109C3000F2D02088F6F74EFA20882946F3F7ACFFD9
:109C40000028E9D041F65C013920F3F76DFB422092
:109C5000E3E70C20E1E72DE9F843B0F85A60B0F8EB
:109C60005C50804630300F46FFF7B2FE02210446BA
:109C700000F0F8FE02218146204600F0F3FE4E453A
:109C800028BF4E46B6B21B2E38BF1B26FB2E28BF60
:109C9000FB26A84228BF284680B21B2838BF1B20BD
:109CA000FB28B8F800303B8028BFFB20B4F5A47F28
:109CB00038BF4FF4A47440F648039C4228BF1C46AA
:109CC0007E80F880BC803C81BDE8F8832DE9F041BE
:109CD00086B0054601A9008800F046FE044600282B
:109CE00073D1029A92F86E31003B18BF01238DF8B0
:109CF0000230D2F8883099064ABF9DF802300346F8
:109D000083F0010303F001038DF8033092F8E8308B
:109D10009B0603D49DF80330002B5CD0EB881B3BE3
:109D20009BB2E02B59D82989A1F5A4739BB244F2C8
:109D30004810834251D86B881B3B9BB2E02B4CD818
:109D4000AA88A2F5A4739BB2834246D840F648077E
:109D5000B94244D8BA4242D8029E4FF0FF0886F872
:109D600033819DF80230A3BB03A93046FFF773FF90
:109D70006A88BDF81230E888934228BF1346A6F8D7
:109D80003831BDF81430AA88BB4228BF3B4619467B
:109D9000BDF80E30834228BF0346A6F83431BDF823
:109DA00010302889BB4228BF3B46834228BF034668
:109DB0008A42A6F83631134628BF0B46A6F83A3138
:109DC00086F83281002386F83331204606B0BDE89C
:109DD000F0813A24F6E71A24F7E71224F5E7112474
:109DE000F3E72DE9FF4107468846008802A900F005
:109DF000BBFD054618BB039C94F8813103F0FF05B9
:109E00001BB1B8F1020518BF012594F89730222B39
:109E100094F8E93043EAD3030CBFC5F101020022F4
:109E200003F00103134333D0BE7816B9F5F7F2FF00
:109E30000646F87870BBF5F7EDFF26B909252846E8
:109E400004B0BDE8F0810028F8D0FF2384F83D314C
:109E5000E5B994F83C3103F0FF05BBB984F83F0144
:109E600084F83C8184F83E613B797A798DF805006D
:109E700043EA022301A920468DF80460ADF80630BC
:109E800000F016FE002384F83D31D8E73A25F9E7C3
:109E90001A25D4E7002ED8D1D0E708B5F5F794FFFE
:109EA000002008BD10B50446F7F718FB207000200D
:109EB00010BD10B5FFF74FFE044630B9F7F708FBA9
:109EC0002046F6F7C7FA204610BD0C20FCE710B577
:109ED0000446FFF740FE50B92078012809D8611CDC
:109EE000F7F702FB002814BF0020072010BD0C204C
:109EF000FCE71220FAE738B50546FFF72CFE0446CA
:109F000040B92878012803D8691CF7F71BFB18B95A
:109F1000122038BD0C20FCE72046FAE710B50D24CE
:109F2000047000236FF004011122C47059244170A1
:109F30008270047143718171C271184610BD08B5F9
:109F40000821F3F78FFB002008BD73B506460C46C9
:109F50000088694600F008FD0546A0B9B3786BB9E2
:109F6000019B93F86C30A370338894F9020023802E
:109F7000F6F7C6FBA070284602B070BD7F20FFF741
:109F800019FEA070F0E70225F5E710B504466FF062
:109F90007F00FFF70FFEF6F7B3FB20707F20FFF77F
:109FA00009FEF6F7ADFB6070002010BD10B5044649
:109FB000F5F7C2FA01F04DFDF6F7A2FB2070002084
:109FC00010BD08B50A46072300F11001FEF76EF830
:109FD000002008BD10B5014604460020F6F704F93C
:109FE00008B92060A080002010BD10B50446F5F728
:109FF000E5FE28B900202146F6F7DEF8002010BD66
:10A00000FFF7C3FD0028F5D0FFF7EBFD0028F1D1E5
:10A010000C20F4E710B50446FFF7B7FD28B901207E
:10A020002146F6F7C9F8002010BDFFF7DAFD002839
:10A03000F5D10C20F8E7F7B50C46054669460088CF
:10A0400000F092FCA21C98B9019B03F19F0783F8D2
:10A05000F00039681160397911712988218093F8ED
:10A06000F06006F0FF01002EF1D1084603B0F0BD0C
:10A070000023C4F802300221137123706370F4E7E7
:10A08000FFF724BE1FB5838844F29022934217D86D
:10A0900040F64802934228BF13460288ADF80420D8
:10A0A0004088ADF80600ADF80A000A8001A8ADF8B6
:10A0B0000830ADF80C30FFF709FE05B05DF804FB81
:10A0C0001220FAE737B50D46694600F04DFC04460C
:10A0D00018B901982946FFF7BEFD204603B030BDF0
:10A0E00010B500236FF00404482108220470437067
:10A0F0008170C270047143718171C271184610BDC4
:10A1000037B505460C460088694600F02DFCF0B9CD
:10A11000019B014683F86A1093F86820012A06D053
:10A12000022A04D040F281210620F3F7FDF8A27044
:10A1300093F86920012A01D0022AF3D1E27093F842
:10A140006A2002F0FF00002AE4D12B88238003B0AC
:10A1500030BD10B58388022B044610D8C078FFF7B5
:10A1600033FD08B9112010BDA078FFF72DFD0028A0
:10A17000F8D020460121BDE81040FFF732BE122082
:10A18000F1E713B58378C178027903F0010451EA4D
:10A19000040C03F002031DD052EA030C1AD0002C69
:10A1A00018BF0021002B18BF00228DF80320037870
:10A1B00042788DF8021043EA0223ADF8003043796B
:10A1C0008279684643EA0223ADF80430FFF7C1FF05
:10A1D00002B010BD1120FBE708B5F4F727F9002005
:10A1E00008BD13B50C46694600F0BEFB20B9019BC3
:10A1F000B3F890300133238002B010BD07B500885A
:10A20000694600F0B1FB38B99DF80020019B012A96
:10A2100005D093F843216AB103B05DF804FB93F8CD
:10A220004C22D2B293F8B81011B912F0FB0FF0D152
:10A230000220F1E7012283F84321EDE72DE9F34104
:10A240000546477800780121F3F790FC0446002882
:10A250005FD001F0EFFBEB78984228BF1846042F3F
:10A2600086B23DD0206BFFF7D6F9304480B21F286C
:10A2700003D9122002B0BDE8F081FB1E012B2CD8BF
:10A28000204601F0FBFB6B78032B2CD107F0FD0877
:10A29000B8F1010F39D1204601F0F0FB002831D18F
:10A2A000012F08BF4FF00208216B42466846F3F7C2
:10A2B00097FD6A68206B33460121FFF718F950B308
:10A2C0006B78023B012B22D8206BFFF7A4F9012108
:10A2D0000246206BFFF73BF919E0002ED0D1C8E70A
:10A2E000002ECDD0C5E70028C3D1042BCED1204607
:10A2F000FFF72EFC0028BCD0206BFFF7A2F9002846
:10A30000C4D1B6E74FF00008CEE7042FD1D100202A
:10A31000B0E74220AEE70720ACE72DE9F7438046DF
:10A320004578C77800780121F3F720FC0446D0B1C6
:10A3300001F096FB0028206B08BF0027FFF776F995
:10A34000C619B6B21F2E1FFA87F910D8042D0ED0E9
:10A35000032D12D05FB12046FFF7FAFB58B10C2055
:10A3600002E0042212E0422003B0BDE8F083122094
:10A37000FAE70720F8E7012D0CD1204601F07EFB1B
:10A380000028EED1012D0CBF06220522216B684664
:10A39000F3F726FDD8F80420206B4B460021FFF789
:10A3A000A6F80028E5D0023D012D04D8206B3246E6
:10A3B0000021FFF7CCF80020D6E713B50446F5F7E7
:10A3C000BBF84FF44073ADF8003000238DF8023035
:10A3D000684614F8013B8DF803300194FFF79DFFA8
:10A3E00002B010BD38B5012105460078F3F7BEFB79
:10A3F0000446A0B1FFF7ACFB28B92046691C01F068
:10A400006BFA002038BD204601F02AFB08B10C2071
:10A41000F8E7204601F020FB0028F8D1EDE74220C4
:10A42000F0E713B50446F5F787F814F8013B8DF80B
:10A4300003304FF44073ADF80030684600238DF8C8
:10A4400002300194FFF7FAFE02B010BD73B5054665
:10A45000F5F772F82B78044663B100230DF1010182
:10A4600001208DF80030F5F7BFFE18B16846FFF700
:10A47000B9FFA0B9002620468DF8006001F0F4FA7B
:10A48000B04214BF80233346ADF801302B788DF8ED
:10A490000360012B05D169462046F5F771F902B03A
:10A4A00070BD1BB92046FFF7AEFBF8E71220F6E7B8
:10A4B00010B5002104460088F3F758FB20B1A11C19
:10A4C000BDE81040F8F71CBF022010BD08B5008899
:10A4D0000021F3F74BFB20B1BDE808400021F8F75D
:10A4E0000FBF022008BD37B505460C4600886946F7
:10A4F00000F03AFA28B92B882380019BB3F8C430C6
:10A50000638003B030BD2DE9F341438804460E4615
:10A51000BBB10088694600F027FA054668B9238870
:10A520003380019E06F17808B76962883946404653
:10A5300000F00BFAB369BB42F6D1284602B0BDE881
:10A54000F0811225F9E710B50C460021F3F70EFB58
:10A5500088B1022C11D804F00103C4F3400480F840
:10A56000153280F8144223B190F812323BB1FFF754
:10A570003BFA002010BD0220FCE71220FAE7184643
:10A58000F8E710B504460078FF280AD00121F3F758
:10A59000EDFA58B16378A27843EA0223C38400201D
:10A5A00010BDB4F80100F4F791FFF8E74220F7E797
:10A5B00008B50078003818BF0120F4F797FE002096
:10A5C00008BD10B50446F4F7B7FF6178C1F3400247
:10A5D00001F0010101F077FA002010BD0820F5F725
:10A5E00005BC01F0D8BB1220704710B5044604B971
:10A5F00010BD236898476468F9E703680BB90160E8
:10A6000070471A465B6813B18A42FAD170478A4292
:10A6100018BF5160704708B50020FEF73EFFF3F702
:10A620006DFBF5F74BFDF3F7ABFD20B140F20511E3
:10A630000120F2F779FE08BD08B5F4F703FE20B15A
:10A6400040F223110120F2F76FFEF7F7BBFB10B1C8
:10A650004FF49471F6E7BDE808400120FEF71DBFF6
:10A6600008B5FFF7E9FF01F07EFB20B140F23D1194
:10A670000120F2F759FE08BDFAF7F2BA0B46122292
:10A6800003F8032BD0F80920C1F80320427B1A718C
:10A69000704730B585B004460D46F6F719F980B31A
:10A6A0006FF4BC731C4402A92088ADF8000000F0D0
:10A6B0005BF918B12E217E20F2F736FE039B93F84A
:10A6C00064208DF80220022193F86520B3F86630EB
:10A6D0008DF803206846ADF80430FFF782FB08B11F
:10A6E0004421E8E78DF808009DF808308DF809004E
:10A6F000002063F307009DF8093063F30F2005B0D5
:10A7000030BD18232B70D4F80930C5F8033004236A
:10A710008DF80830E8E710B54468037894F896207F
:10A72000002104F1780000F02CF918B986217E2070
:10A73000F2F7FAFD202384F8963010BD10F00103E3
:10A7400005D1830705D410F0040318BF0823184669
:10A7500070470223FBE72DE9F84F0746084692466B
:10A76000884600F0D6FB8146404600F0D4FB834685
:10A77000FFF7E4FF05464846FFF7E0FF45EA00061D
:10A78000F6B2003E044618BF0126F5F743FB00EA87
:10A790000B00C3B2002B08BF0025F5F73BFB00EA16
:10A7A000090097F86830C0B2002808BF0024AB4207
:10A7B00008BF00258AF8005097F86930A34208BF07
:10A7C000002455EA04038AF801400CD1404600F009
:10A7D000A4FBB7F89030DB43184480B247F6FD7312
:10A7E000984288BF00263046BDE8F88FF8B5446827
:10A7F00004F1780794F8972005460E4601230B21B3
:10A80000384600F0BEF8014608B12020F8BD94F8A3
:10A8100097200123384600F0B4F8C8B394F8963076
:10A82000252BF2D0304600F068FB28B93146284687
:10A83000BDE8F84000F0FDBC737903F0070384F82D
:10A840006130337903F0070384F8603094F83D31C8
:10A8500093B994F83C31012B0ED094F8602094F811
:10A8600069309A4210D194F8612094F868309A4285
:10A870000AD1022384F83C312223284684F89730F9
:10A8800000F0A9FC0020C1E72846F5F70DFBF3E72F
:10A890000120BBE708B5436893F89720222A05D02A
:10A8A00022B140F28A317E20F2F73EFD232283F866
:10A8B000972008BD0A46437923B9016811B1007990
:10A8C000FAF752B97047F5F7F9BB704730B5424017
:10A8D0000C7818785D7844404878684004449D7846
:10A8E000887868400444DD78C878684004441D795D
:10A8F00008795B794979684004444B402344D3424A
:10A900000CBF0120002030BD024600200139C9B231
:10A91000FF2900D17047535C83F001030344D8B290
:10A92000F4E708B5F5F786FC082803D0BDE8084031
:10A93000F5F7A4BC08BD08B501F045FA18B1BDE8AB
:10A940000840F8F7CDBD082008BD10B500230C461F
:10A9500043644B1E42F21071A0F84C2001FB0232FE
:10A96000B2FBF4F2826410BD10B50C460021F3F77F
:10A97000FDF8606018B101232370002010BD022093
:10A98000FCE70C2939D8DFE801F0070B0E14161983
:10A990001C252A362C2E3400B2FA82F0400970476A
:10A9A000063A012A01E00A3A022A8CBF002001205F
:10A9B00070470D3AF5E7103A0C2AF6E7113A0B2AE0
:10A9C000F3E7A2F11003032B19D990F86000B8B196
:10A9D0001C2AEAE7042A14BF002001207047012A3C
:10A9E000F9E71D3AE0E7A2F12003062B07D92E2A4A
:10A9F000F1E7282AEFE70F2AEDE700207047012052
:10AA00007047F8B5D0E9047605460C46FBF7FEFF23
:10AA100020B94FF4E5712920F2F786FCF4B1D5E9AD
:10AA20000431DA1B61EB0603012A73F100014FF0D8
:10AA3000000115DB6FF00100904271EB030302DAB5
:10AA40004FF4EA71E7E7631E1344B3FBF4F35C438E
:10AA5000E41946F10006C5E904461C462046F8BD47
:10AA60000C46FBE711F00C0312D001F004010029A1
:10AA70000CBF4FF41673962303F5BC730CBF402232
:10AA80001022984212D9C01A90FBF2F080B270479F
:10AA9000022905D13C2809D93C38C0F38F00704702
:10AAA000702803D97038C0F3CF007047002070477A
:10AAB0000346086858667047012908B5024606D063
:10AAC00002290CD040F245212920F2F72DFC40F656
:10AAD000C41340F2E240002A18BF184608BD40F6F1
:10AAE000C410FBE7C3B293FAA3F3000A90FAA0F0F4
:10AAF0001B0E000E43EA002070470131F8B5C9B2C1
:10AB0000821D0023012512F8010B884216D312F88A
:10AB1000066C002405FA04F737421CBF01F1FF312F
:10AB2000C9B2E0B269B10134082CF3D10133DBB210
:10AB3000052BE8D199214620F2F7F6FB091AC9B294
:10AB4000F4E700EBC300C0B2F8BD0B6870B5C0F805
:10AB500001300B7903F01F03437100230446C372D5
:10AB6000451C861D15F8010B00F01BFB2871E37ACC
:10AB7000B5421844E072F5D170BD70B581EA11415B
:10AB800089B2C57A0446032682EA0100FFF7AAFFCC
:10AB9000013E00EB00100A1816F0FF0690B2F5D146
:10ABA00041402522B1FBF2F302FB1313C3F3C402AD
:10ABB0002244D8B2567803F00703012202FA03F3C5
:10ABC0001E4207D169432046C1F30741BDE87040EA
:10ABD000FFF793BF70BDF8B590F831506B1E242B72
:10ABE000044658D8002A58D090F8260018B10128F9
:10ABF00047D01F201AE094F8331094F8323002FB4B
:10AC000003132522B3FBF2F102FB1133DBB204EB99
:10AC1000D30284F8333092F82710012603F007029C
:10AC200006FA02F2114202D084F83430F8BDB3FBC8
:10AC3000F5F205FB12330133024604F12C01D8B2C0
:10AC400011F8013B834219D311F8067C002306FA60
:10AC500003FC1CEA070F1CBF00F1FF30C0B2DDB2DD
:10AC600020B905EBC20284F83420DFE70133082B5A
:10AC7000EDD10132D2B2052AE2D1BAE7C01AC0B290
:10AC8000F7E7228BC96904F12600FFF776FF84F805
:10AC900034000020CAE71220C8E71046C6E70B6858
:10ACA000C0F803308B88A0F8073070470B68C0F8F5
:10ACB00009308B88A0F80D3070470378890123F0A4
:10ACC000400301F040010B4303707047037803F029
:10ACD0007F0343EAC111017070471F2A38B505464A
:10ACE000144603D9BF212A20F2F71EFB093006348F
:10ACF000FDF770FC6C7038BD1F2A38B50546144648
:10AD000003D9E1212A20F2F70FFB09300634FDF7C1
:10AD100061FC6C7038BD30B5037803F00F03032B72
:10AD2000024640D0052B1FD1C37F90F8200003437B
:10AD300092F82100034392F82200034392F8230083
:10AD400020F01F0018432DD05378222B0CD1B2F8DD
:10AD50001930B2F81740907D41B1B3F5506F05D965
:10AD600040F607518B420ED900201BE0991F89B293
:10AD700040F67A45A942F7D8411E0729F4D8834204
:10AD8000F2D9A342F0D3B2F81B30B3F5FA7FEBD27D
:10AD9000B2F81D000A3880B240F6764398428CBF64
:10ADA0000020012030BD4078A0F10C0358425841EA
:10ADB000F8E7037801F0030123F003030B4303706A
:10ADC0007047007800F0030070471B2A08B504D9CB
:10ADD00040F252412A20F2F7A7FA4270BDE808403B
:10ADE0000330FDF7F7BBB0F807007047B0F8090073
:10ADF0007047B0F80B00704770B5B0F80730B0F886
:10AE00000950B0F805600479B0F80B0091B1B3F5C2
:10AE1000506F0FD940F60752934218D8B5F5FA7F14
:10AE200015D20A3880B240F6764398428CBF002093
:10AE3000012070BD9A1F92B240F67A418A4206D82C
:10AE4000621E072A03D89C4201D29E42E5E70020F9
:10AE5000EFE743680B60037A0B717047B0F80900A5
:10AE60007047007970470B6843604B688360704798
:10AE700043680B6083684B60704783890B80704721
:10AE8000D0F80E300B60D0F812304B607047D0F81D
:10AE900016300B607047FFF7E6BF0B68C360704762
:10AEA000007970470171090A417170478171090A7F
:10AEB000C17170470172090A417270478172090AB3
:10AEC000C172704780887047C0887047008970479A
:10AED0004089704703891A2B0DD94389B3F5A47FA4
:10AEE00009D383881A2B06D9C088B0F5A47F34BF54
:10AEF00000200120704700207047037913F00703FA
:10AF000005D0407910F0070018BF0120704718469F
:10AF100070470079704740797047C0887047027960
:10AF2000437902F0070203F00703511E0A40591E3D
:10AF30000B4013430CBF0120002070470171704784
:10AF4000007970474171704740797047FB2908B517
:10AF500004D940F2E5712A20F2F7E6F9417008BD04
:10AF6000406890F8123223B1002380F81232FEF7C5
:10AF70003BBD704708B5017A19B101290DD00020F9
:10AF800008BD0368C28802218088F5F74FFC0028BD
:10AF9000F6D1F5F7FBFD0120F2E70368C288F3E77D
:10AFA00002230B7001238B707047F5F7A3BC08B523
:10AFB000037A23B14FF41A711020F2F7B5F9BDE806
:10AFC0000840F5F70BBD0322FFF7F1BF0422FFF79E
:10AFD000EEBF30B4057A15B1027230BC704730BC98
:10AFE000F5F7FCBC0B46112203F8032BD0F809201F
:10AFF000C1F80320D0F80D205A60B0F811201A8152
:10B000007047012908B503D10E30C00080B208BDD9
:10B01000022902D10F308000F8E740F2CF1106205C
:10B02000F2F782F930B587B004460D46F5F758FCC3
:10B03000A0B300232372A4F5B37469462488204684
:10B04000FFF740F818B1D8212C20F2F76DF9BDF8C0
:10B050000630ADF80E30BDF80830ADF81030BDF850
:10B060000230ADF8123003A8BDF80430ADF80C4042
:10B07000ADF81430FFF704F808B1E121E4E78DF8EA
:10B080000C009DF80C308DF80D00002063F30700D4
:10B090009DF80D3063F30F2007B030BD2B4617220B
:10B0A00003F8032BD4F80920C5F80320D4F80D20A9
:10B0B0005A60B4F811201A8104238DF80C30E0E7AF
:10B0C00040687047C08A704710B58A880B89CC8861
:10B0D0004988A0F85010A0F85440A0F85220A0F8D9
:10B0E000563010BD8383BDF8003001834283C38393
:10B0F000704738B5C38B458C04469D42007A28BF03
:10B100001D46FFF77EFF6389AB4228BF2B4698425E
:10B1100038BF184680B238BDF8B50646808F17464E
:10B120000C46FFF76EFF2146054606F13000FFF79B
:10B13000E0FF854228BF05463946B6F84400FFF7D0
:10B1400060FFB6F846309842ADB228BF184615FAEF
:10B1500080F09C30F8BD38B50D46144690F8681064
:10B1600090F86920FFF7D8FF96342044A84294BF96
:10B17000281A002038BD38B50D4690F8692090F89F
:10B1800068100446FFF7C8FF2844606338BD0068B4
:10B1900001F19C02904283BF401A9C384008002075
:10B1A000704700F05503400800F05500184400F0C7
:10B1B0003303800800F03300184400F00F0303EB62
:10B1C000101070474368002283F8962083F8D2203D
:10B1D000A3F8CE20704743680022A3F8D42093F848
:10B1E000D620013283F8D620704708B5426892F81D
:10B1F000D630013B5BB2002B82F8D63003DA342123
:10B200004A20F2F791F808BD436883F8231183F8C8
:10B2100022217047A0F10A03042B08D9A0F12003D2
:10B22000062B04D9A0F12E03584258417047012043
:10B2300070474268D2F8883010B513F008040AD17C
:10B2400043F00803C2F88830CB7882F82031FFF74A
:10B25000C2FF204610BD0120FCE738B50C4605466C
:10B26000B1F85410FFF71EFEB4F82A112846FFF774
:10B270001DFEB4F850102846FFF71CFEB4F8281144
:10B280002846BDE83840FFF719BE37B530F8024C04
:10B290007CB100238DF804308DF805309DF8043022
:10B2A000002063F307009DF8053063F30F2003B01F
:10B2B00030BD30F8B05CA1F8035008230B708C70DF
:10B2C000437A4B7150F89C0CFDF7A0FF18B983210D
:10B2D0006320F2F729F82846F4F7FCFE21462846B9
:10B2E000F2F75AFC04238DF804308DF80540D5E7B9
:10B2F00038B54468037894F898200D4604F1780036
:10B300000121FFF73EFB38B92846FFF7AAFD0623C7
:10B3100084F8990084F89830002038BD10B544684E
:10B32000037894F89820012104F17800FFF729FBB5
:10B3300010B9072384F8983010BD0B46062210B5CB
:10B3400003F8032BA0F5D4720024D485D0F809208B
:10B35000C1F80320D0F80D205A60427C1A72CC70DC
:10B3600010BD10B54468037894F89620002104F1CC
:10B370007800FFF706FB18B924214520F1F7D4FF28
:10B380001D2384F8963010BD70B54568037895F894
:10B39000962086B006460C4605F178000A21FFF794
:10B3A000F0FA58B32046FFF795FD00B32046FFF7AB
:10B3B0008DFD05902046FFF785FD04902046FFF7A0
:10B3C00087FD03902046FFF77FFDDDE903320599F5
:10B3D000009005F13000FFF785FE7168284601F204
:10B3E0005311F5F7F7FB70680521F3F793FF002081
:10B3F00085F8D20085F8960006B070BD0120FBE705
:10B400004268D2F88830D90610B5044603D49A2190
:10B410004520F1F789FF990601D59B21F8E723F034
:10B420001003C2F88830FFF7E0FE60680521BDE830
:10B430001040F3F76FBF09230B70437A8B70A0F5B0
:10B44000F9731B88A1F80330037B4B7170470A2303
:10B450000B70437A8B70A0F5F9700388A1F8033064
:10B46000704707230B70A0F52F731B88A1F80330DA
:10B47000D0F80B30C1F80530D0F80F30C1F80930E2
:10B48000B0F81330A1F80D30704738B50446406865
:10B49000012390F8972000217830FFF772FA656851
:10B4A00060B995F897200123052105F17800FFF791
:10B4B00068FA002814BF0820012038BD95F89C00C8
:10B4C0000028FAD02046FFF786FE6368112283F831
:10B4D00097200020F1E770B5044640680D4690F8CB
:10B4E0009720012300217830FFF74BFA666870B986
:10B4F00096F89720132A0AD00123052106F1780037
:10B50000FFF73FFA002814BF0820012070BD96F80D
:10B51000D83013B92046FFF75EFE6168284601F572
:10B520000871FFF7ADFC6168284601F58C71FFF7E3
:10B53000AEFC61680B88A1F8C532284601F2C7212C
:10B54000FFF796FC6168284601F2CF21FFF795FCD2
:10B550006368152283F897200020D7E7436893F8A3
:10B560009720122A03BF1322002083F8972002207D
:10B57000704710B5436893F89730182B044607D1ED
:10B58000FFF733FE63681C2283F89720002010BD6C
:10B590000220FCE708B5436893F89720112A04D0ED
:10B5A0004FF4A8711F20F1F7BFFE012283F8D720C6
:10B5B000122283F8972008BD08B5436893F89720B6
:10B5C000162A04D04FF4B0711F20F1F7ADFE1822F7
:10B5D00083F8972008BD0B46052203F8032BD0F80B
:10B5E0000920C1F80320D0F80D205A60B0F81120CE
:10B5F0001A81C27C9A72704710B54468037894F837
:10B600009620002104F17800FFF7BBF918B9AA21B0
:10B610001C20F1F789FE042384F8963010BD42689F
:10B62000D2F8881008B5CB0703D4B7211C20F1F756
:10B630007BFE92F8D630013B5BB2002B82F8D6300D
:10B6400001DAB921F2E721F00101C2F8881008BD42
:10B650000C23A0F5A5700B7003884B80704710B5C4
:10B660004468037894F89620092104F17800FFF7E4
:10B6700088F930B1002384F8C63084F8D23084F8D9
:10B680009630002010BD38B54568D5F8883013F0E5
:10B69000040409D1FFF79FFDD5F8883043F0040377
:10B6A000C5F88830204638BD0120FCE74268D2F852
:10B6B000883023F00403C2F88830FFF796BD10B538
:10B6C0004468037894F89620002104F17800FFF78D
:10B6D00058F918B971214B20F1F726FE0F2384F891
:10B6E000963010BD01230B7000238B7030F8DA3CCC
:10B6F000A1F80330437A4B714389CB8083890B8156
:10B70000704738B5446894F8D95015F0020514D143
:10B71000037894F89620294604F17800FFF731F970
:10B7200018B975214020F1F7FFFD012384F8963008
:10B7300084F8D230A4F8CE5038BDD4F888209307CE
:10B740000DD594F8D630013B5BB2002B84F8D6308F
:10B7500001DA8721E6E722F00202C4F888200023FC
:10B7600084F84231E8E710B50B794C790A68012872
:10B7700043EA042108BF41F48031104610BD07B5EB
:10B78000FFF7F1FF0DF10702F5F74CFE03B05DF88E
:10B7900004FB0B46042203F8032BB0F80920A1F8A0
:10B7A0000320C27A9A7070470B46142203F8032BC9
:10B7B000D0F80920C1F80320D0F80D205A60704756
:10B7C00038B50B46102203F8032B0C4600F1090292
:10B7D000293052F8041B43F8041B8242F9D1127835
:10B7E0001A70A5880123A37100212846F2F7BEF93B
:10B7F00090B1E27862B10088F4F76CFC0021284631
:10B80000F2F7CAF940B140F242212D20F1F78CFD48
:10B81000BDE8384000F0BABA38BD0121F6F7C4B926
:10B82000FFF7FBBF90F87A300BB10120704790F81A
:10B83000B22002F0FF03002AF7D190F8A4201846A6
:10B84000704737B504460D464FF48C720021FCF763
:10B8500037FFFF2323701323638042F21073E384C6
:10B86000F2F792FA0022014620636846F2F7B8FA2E
:10B87000206B00220121FDF76AFE216B684604223D
:10B88000F2F7AEFA0022206B1146FDF760FE04F1DC
:10B890002800A57403B0BDE8304000F04CB9FF2388
:10B8A000086B0B70FDF720BE0078FF3818BF012031
:10B8B000704710B50446283000F093F961882822BB
:10B8C000BDE81040F6F730BCD0E902017047C07CFB
:10B8D000003818BF012070470B68C0F815308B88FE
:10B8E000A0F819300123C37670472DE9F04F0646C2
:10B8F0000D4607460FCE91B006AC0FC40FCE0FC455
:10B9000096E803000DF1100884E80300404600F0BB
:10B9100012F995F814906E7895F80AA095F800B091
:10B92000B9F1010F06F07F0607D0B9F1020F04D07C
:10B9300040F293210620F1F7F7FC697A404600F0C7
:10B9400001F92B7DAA7E022B08BF697D02F101025D
:10B9500006BF0131C9B20121D2B2404600F0F4F86D
:10B9600016F0080363D14046019300F03AF928220B
:10B970003146F6F7D9FB2A79EC78019B44EA022498
:10B980006A7940F2712144EA024400F2D6204C4325
:10B99000B0FBF1F04843A0420BD9EC79AA7942EA16
:10B9A00004222C7A42EA044201FB02F4A04200D8AD
:10B9B00004462A7E0393531E5A425A41A97C386B8F
:10B9C00002910192FDF74FFE386BFDF75CFE039B81
:10B9D000019A0299ADF81A6008948DF828208DF824
:10B9E0002B108DF82CA08DF818B08DF81C900993B1
:10B9F00006AE0FCE3C460FC40FCE0FC496E8030030
:10BA000084E8030098E80300B862B985EB7A13F084
:10BA1000FD0F14BF0123002387F85730EB68BB6587
:10BA20002B8AA7F85C30002011B0BDE8F08F00240D
:10BA30002346BEE7438813F0040F0CBF1F200020ED
:10BA400070470023C38543881D2B08BF0021417424
:10BA5000704790F912007047408800F0010070476D
:10BA60004088C0F3400070474088C0F3C000704772
:10BA700008B5006BFDF7EEFD012008BD0120704701
:10BA80000120704710B50446F6F73AFA28B120466F
:10BA90000021BDE81040F6F787B810BD90F850308F
:10BAA00001624B72D0F85130C1F80A30B0F855300D
:10BAB000CB81704700216830FEF7FCBEF5F7AEBDC4
:10BAC00080F87010704780F8241080F825207047A7
:10BAD000C0F34002C0F38003134400F00100184497
:10BAE0007047022808B507D0042807D0012807D0DE
:10BAF00039212E20F1F718FC262008BD2720FCE76D
:10BB00002520FAE7837813F0010202D0C178C90733
:10BB10000DD5990702D5C27892070AD513F0040211
:10BB200005D0C37813F0040F14BF0022042210467E
:10BB300070470222FBE70023C0F802300123437064
:10BB4000037070478170704710B542700170807843
:10BB50001446FFF7BDFF10FB01F004FB00F2FE2AC4
:10BB600003DD5C212E20F1F7DFFB10BD0023C37045
:10BB700043710371704710B50446FFF7C3FF637943
:10BB800062780133DBB29A4263710FD1E378A17816
:10BB90000343DBB29942E37008BF23794FF0000200
:10BBA00008BF0133627104BFE2702371BDE8104029
:10BBB000FFF797BF38B501468078FFF789FF044645
:10BBC000C8784D78FFF784FF0B790A78D21A12FBF8
:10BBD00005F212FB04F34A799B1A00FB1530C0B240
:10BBE00038BD08B501468078FFF772FF4B780A78B8
:10BBF00013FB02F313FB00F0C0B208BD40F2EF20CC
:10BC0000704740F25A335843704713B50346104605
:10BC100052680E3B0C4692F89610092B42D8DFE88A
:10BC200003F005414141104118414128042905D143
:10BC30000190FFF7C7FA0198F5F724FB002002B046
:10BC400010BD0F29FAD1002102B0BDE81040FFF766
:10BC500006BD1D29F2D10190FFF7B4FA0198002C1E
:10BC6000ECD0426892F8E83023F0200382F8E83004
:10BC7000E4E792F89730232BE0D1002482F8974034
:10BC80000190FFF7B2FA0198436893F83C31012B19
:10BC900003D12146F4F7E0F801984368002283F8C5
:10BCA0003C21CBE74FF413713120F1F73DFB08B590
:10BCB000436893F89720162A04D040F2D4413120EB
:10BCC000F1F732FB1A2283F8972008BD08B54368C4
:10BCD00093F89720312A06D1002283F89720BDE8F7
:10BCE0000840FFF782BA162A03D11A2283F8972058
:10BCF00008BD40F2E9413120F1F716FB37B5426843
:10BD000092F8E83043F0040382F8E830044608462D
:10BD10000D46FFF719F901902846FFF711F901992F
:10BD2000224603B0BDE83040F6F740BB38B50C46BC
:10BD30000546D1E90401F1F7CDFF94F894022028DB
:10BD40000BD0FBF7C9FE94F89402FAF72BFE20B94A
:10BD500040F674013120F1F7E7FA28460221BDE8E8
:10BD60003840F1F719BF00207047F4F7E9BFF2F748
:10BD700041BB90F813320022A0F8962080F89A2058
:10BD800013B10221F3F7C6BA0321FBE70C2100F53A
:10BD90000A70F1F767BCF5F747B842680023A2F8CC
:10BDA000443182F84631A2F8473182F84931704770
:10BDB00008B5F7F755FEF7F7A9FCF7F719FBBDE84B
:10BDC0000840F7F7A1BB08B5C821F7F76FFB0228B9
:10BDD00007D1013911F0FF01F7D1FA213B20F1F72A
:10BDE000A3FA431E5842584108BD10B50446084600
:10BDF000F8F778FB4FF47A73B0FBF3F0201A10BD1C
:10BE000010B504460846F8F76DFB023C4FF47A7310
:10BE100000F2E730B0FBF3F0201A10BDF8F7CEBC0B
:10BE200070B5841A04F307040E4660B259B2154681
:10BE3000F8F7B4FC002330702844737040B270BD32
:10BE4000002303607047002070474FF0FF307047B9
:10BE50004FF0FF30704770477047002070474FF039
:10BE6000FF307047002070470020704700230370A8
:10BE700070470022FFF7D4BF002070474FF0FF301B
:10BE800070474FF0FF3070474FF0FF30704738B5C4
:10BE9000054691F827000C46FAF784FD18B9D3211E
:10BEA0006A20FCF74FF80023A38484F82630092188
:10BEB000236A2846984718B103780BB1D721EFE7DA
:10BEC00038BD426808B5034611441A785960012A02
:10BED000A1F1500006D1FBF729FC40B9B7216A2037
:10BEE000FCF730F8FBF722FC08B9BC21F7E708BDE6
:10BEF000F8B504460E4619B9012384F829303CE010
:10BF00000D78032DF8D8DFE805F03A0212154868DD
:10BF1000C72802D800252846F8BD0421FBF7B2FC4B
:10BF20000028F7D171682046FFF7CBFFF3E7F8F759
:10BF3000B1FCF0E790F82470FFB94D682846F8F797
:10BF40007DFC0028D8D02978D9B9012222702B791C
:10BF50002181003B18BF0123E3726B79002B0CBFDA
:10BF600002230423A372AB6860336360EB68236130
:10BF7000032384F8263084F82520F8F78BFC02256B
:10BF8000C9E794F82630052B04D040F277116A20D7
:10BF9000FBF7D8FF27702B7994F827002781003B07
:10BFA00018BF0123E3726B79002B0CBF022304231B
:10BFB000A372EB68A96860336360D4E906325B184A
:10BFC00042EBE172C4E90432042384F826302146AE
:10BFD000FAF732FE0028D0D140F27911D7E770B5D8
:10BFE0000D46044620B940F291116A20FBF7AAFFE2
:10BFF00090F82860082900F2F080DFE811F0EB00EB
:10C000000900410041007C0086009000A9009700D3
:10C0100090F82630033B012B02D94FF4CE71E4E7B0
:10C02000052390F8241080F82630002380F829306A
:10C0300011BBFFF746FF2378012B18D194F8270096
:10C04000FAF7CEFCC4E90601236A0021304698477E
:10C0500001462046FFF74CFF022820D0002800F0C0
:10C06000BF80012840F0BF80236A0421EEE7D4E9B5
:10C070000423C4E90623E7E7BDE87040F8F70ABCEB
:10C0800090F82630DA1E012A02D94FF4DD71ACE7B0
:10C0900090F8242072B101463046FFF7F8FE002DDB
:10C0A00040F0A48000F054F9002800F09F8040F296
:10C0B0002E219AE7042B0CBF02230123022980F8CA
:10C0C0002630036A0CD1052130469847002800F03D
:10C0D0008D800378002B00F0898040F2CF1184E737
:10C0E0000621304698470028D9D00378002BD6D0B7
:10C0F0004FF4EA7179E790F82630052B02D040F230
:10C10000DB1172E7036A0221A0E790F82630052BC5
:10C1100002D040F2E11168E7036A012196E790F846
:10C120002630052BA8D040F2E7115EE790F82630C4
:10C13000052B02D04FF4F67157E7036A0A21304607
:10C14000984701462046FFF7D3FE40F2EF114CE737
:10C1500090F82630052B07D090F825200AB1032B44
:10C1600002D040F2F31140E794F824202AB121468E
:10C170003046BDE87040FFF78ABE94F8293073B1AD
:10C18000022384F8263084F82920236A08213046C7
:10C19000984758B303784BB340F2FF1125E794F862
:10C1A000252052B194F8270084F825302146FAF76B
:10C1B00043FDD8B94FF4017117E7022384F8263004
:10C1C0000721236A3046984780B1037873B140F263
:10C1D0000B210AE74FF4047107E74FF4057104E7F8
:10C1E000236A032132E740F22521FEE670BD70B5D7
:10C1F000F8F79CFB002405462646E0B2854200D8AD
:10C2000070BDF8F799FB0134868480F82660F4E766
:10C21000F8B504460D46F8F789FB00270646F8B244
:10C22000864204D8082D0CD96FF0150008E0F8F705
:10C2300083FB90F826300137002BF0D04FF0FF3011
:10C24000F8BD2CB129462046BDE8F840F8F782BB7E
:10C2500021462046F8E738B50546F8F76DFB01465C
:10C2600088B190F824408CB990F8263073B1013B26
:10C27000012B04D82846FFF70AFE204638BD0123CB
:10C2800080F82430F9E76FF00100F7E76FF0220043
:10C29000F4E770B50D46F8F74FFB044600284AD086
:10C2A00090F82660731E012B4BD8002D46D02846EF
:10C2B000F8F7C4FA002841D02A7802BB0123237082
:10C2C0002B792281003B18BF0123E3726B79002B8D
:10C2D0000CBF02230423A372AB6860336360EB6876
:10C2E0002361032394F8270084F826302146FAF7C7
:10C2F000A3FC48BB4FF42B716A20FBF723FE022EF0
:10C300001FD1002222702B7922819B1A18BF012392
:10C31000E3726B79934218BF0426A672EB68A96892
:10C3200060336360D4E906325B1842EBE172C4E922
:10C3300004320423D6E76FF0010070BD6FF01500E2
:10C34000FBE76FF02200F8E70020F6E7F9F76AB89C
:10C3500008B50020F9F776F90068003818BF012009
:10C3600008BD08B500F0B0F828B14FF080430222B4
:10C37000C3F8342C08BD00F089F80028F5D100F08E
:10C380009AF80028F1D1F5E74FF0804301221A60B6
:10C3900070474FF08043D3F8080400F00100704765
:10C3A0004FF08043D3F8140400F0010070474FF0C1
:10C3B0008043D3F81C0400F0030070474FF0804224
:10C3C000D2F81834D2F8182413F4803305D002F0D0
:10C3D00003031B1A5842584170471846704707B567
:10C3E0006846F8F717FFDDE900024FF0807300217F
:10C3F000E2FB030103B05DF804FB08B5F8F7F4FEB7
:10C40000BDE80840F8F7DABE00230370184670470D
:10C41000EFF3108272B603780121DBB2017002B92A
:10C4200062B6012B0CBF6FF0220000207047EFF3C3
:10C43000108372B60022027003B962B60020704702
:10C44000FBF77CBF4FF08053D3F83001A0F10F030E
:10C450005842584170474FF08053D3F83001A0F153
:10C460000A035842584170474FF08053D3F83001C7
:10C47000A0F10E035842584170474FF08053D3F853
:10C480003001A0F110035842584170474FF08053DB
:10C49000D3F83001062803D0431C58425841704756
:10C4A000012070474FF08053D3F83001A0F10D0305
:10C4B0005842584170474FF08053D3F83001A0F1F3
:10C4C000080358425841704708B5FFF7C4FF30B120
:10C4D0004FF08053D3F83401B0FA80F0400908BD22
:10C4E00008B5FFF7D3FF48B14FF08053D3F83401BC
:10C4F000063810F1080F94BF0020012008BD08B5D0
:10C50000FFF7C4FF48B14FF08053D3F83401063829
:10C5100010F1080F8CBF0020012008BDFBF750BFB1
:10C52000FBF74EBF00280CBF6FF0150000207047CE
:10C5300000207047072303700020704700207047D9
:10C5400000207047034613F8012B002AFBD1181A6C
:10C55000013870470000000000B583B09FED0A7BF2
:10C560008DED007B082903D9002003B05DF804FBA2
:10C570000A460146684621F0D7FBDDE900011FF0BD
:10C580004DFEF2E7AFF30080000000000000000065
:10C5900030B589B004460C9D0020C4F8F800C4F8FA
:10C5A000FC0004F58070C4F80001C4F8040104F52F
:10C5B0008470C4F80801C4F80C011DB3287918BBB5
:10C5C0000120C4F810019FED127B8DED067B002049
:10C5D000049003930290019000940F4B204620F0AA
:10C5E00002FF55B1296811B1204615F071F96B7938
:10C5F0001BB1237B43F001032373204620F0E3FEAD
:10C6000009B030BD0120DCE740F20110D9E700BFDE
:10C61000FFFFFFFFFFFFFFFF4D17030000000000BB
:10C6200010B582B00446002304320ED27BB99FEDD0
:10C630000A7B8DED007B41F00401204620F0D4FA06
:10C6400008B140F8044B02B010BD0123EEE7002012
:10C65000F9E700BFAFF30080000000000000000019
:10C66000044B18780138C0B201288CBF002001208B
:10C67000704700BF914A002000B583B0114883681D
:10C68000DB683B219847C0B90E4883681B696A463E
:10C690000C21984798B9009A019B0B4981FB030133
:10C6A000D817C0EB213002EB820303EB830300EBCE
:10C6B000830000B203B05DF804FB0448FAE70348C6
:10C6C000F8E700BF08E30300AD8BDB680080FFFFE5
:10C6D00008B50521014817F073FD08BD90E203007D
:10C6E00008B50521034817F06BFD003818BF01207D
:10C6F00008BD00BF90E20300014B00221A80704782
:10C70000804A002010B5104B1C7817F094FD30B90A
:10C710000E4B1B789BB1012C13D0002010E00B4B6B
:10C720001B780BB900200BE005F054FC28B9012C54
:10C7300001D0002004E0012002E0012000E0002000
:10C7400010BD0120FCE700BF914A0020954A00205F
:10C7500070B582B001F0A0FF10B103F0BBF830BBA0
:10C760000021022004F012FE0021012004F00EFE40
:10C7700005F074F8044605F077F8054640F63B737B
:10C780009C4202DC502800D950250B4B1E78F6B293
:10C790000A4B19780139C9B201290AD9FFF7B2FF4A
:10C7A000009023462A460021304605F06DFA02B07B
:10C7B00070BD0126F2E700BF954A0020914A002093
:10C7C00008B5074A0321074819F094F817F048FD07
:10C7D000054B1B7803B108BDFFF7BAFFFBE700BFAD
:10C7E00078EB030094E50300944A0020F0B583B091
:10C7F00000AFFFF781FF17F025FDFFF7A9FF264BDC
:10C800001B78DCB2254B1B78D8B2254B1D788AB03B
:10C810006B4613F1100238D0142182B18C460429E2
:10C8200001DD204E5E61BCF1080F00DD9C61BCF1B2
:10C830000C0F00DDD861BCF1100F00DD1D62132963
:10C8400026DD4FF0140C3AB10521397100217971C0
:10C85000B971F9717868186100216FF300016FF305
:10C8600041016FF382016FF3C501032363F3881164
:10C87000CCF30A0C6CF353216FF31F5100230A48C9
:10C8800006F084FC0C37BD46F0BD6FF00041C4E7F4
:10C890006FF01B0CD7E700BF954A0020944A002098
:10C8A000AC08002094EB030094E5030010B50024CD
:10C8B0000A4B1C70FFF720FF05F03EFB204603F0FB
:10C8C00095F9074C207803F07FF917F0BBFC22782C
:10C8D000044B1A70FFF73CFF10BD00BF944A0020C4
:10C8E000954A0020AC08002070B582B004F0B6FF75
:10C8F00004F0BAFF05460F4B1C78E4B21B7833B93D
:10C900000D4B1B7803F0FF0613B9002600E000264C
:10C91000FFF7F8FE14B95EB1022201E00122002601
:10C9200000902B463146204603F0ECFB02B070BD70
:10C930000022F5E7954A0020944A00202DE9F041B5
:10C9400082B000AF0C460546002840F09B807F4B2C
:10C950001B78DBB2AB4200F099807C4B1B78DBB2DA
:10C96000AB420DD0794B1D701B78002B00F09680E8
:10C9700005F0E2FA04F072FF744B197805F0EAFA58
:10C98000734B1B78DBB2A34208D0714B1C701B7831
:10C99000002B00F088806F4B02221A706B4B1B78C3
:10C9A000002B00F0B1806A4B1B78002B40F0A18077
:10C9B000684B01221A70674B93F80080634B1E7816
:10C9C000F6B2634B1C78E4B205F004FB6D468AB006
:10C9D0006B4613F1100200F0AF804FF0180CA2B1BB
:10C9E0006146BCF1040F03DDDFF878E1C3F814E021
:10C9F000082901DDC3F818800C2900DDDE6110294B
:10CA000000DD1C62142900DD5862BCF1170F40F3F1
:10CA1000968018243AB10621397100217971B971D3
:10CA2000F9717868186100216FF300016FF341011B
:10CA30006FF382016FF3C501032363F38811C4F31D
:10CA40000A0464F353216FF31F510023424806F098
:10CA50009DFBAD463E4B187803F0C8F83B4B187869
:10CA600003F0B2F817F0FCFB01F016FE002869D0C5
:10CA700005F000F9FFF738FF002420460837BD46CF
:10CA8000BDE8F081FFF738FE002460E7304B1B78EB
:10CA9000DBB2A3427FF461AF0024EEE7FFF72CFE88
:10CAA00005F04AFA66E701F0F7FD00287FF476AF5B
:10CAB00003F084F800287FF471AF0021022004F015
:10CAC00065FC044670B90021012004F05FFC0446B7
:10CAD00000283FF463AF0123204A19461E4818F08E
:10CAE00013FFCAE702231D4A01211B4818F00CFF5F
:10CAF000C3E71B4A0221184818F0FCFE144B002221
:10CB00001A7017F09FFB53E7114B1B781BB1114BA9
:10CB100002221A704FE70F4B1B78032B08D00C4BE7
:10CB20001B78002B7FF447AF0A4B00221A7042E7B4
:10CB3000084B00221A703EE76FF0004C4FE76FF091
:10CB40001B0467E7FFF704FE94E700BF954A002047
:10CB5000944A0020AC08002094E50300C0EB0300D9
:10CB6000E8EB03000CEC030010B5044617F063FB80
:10CB700000B110BD024B18782146FFF7DFFEF8E741
:10CB8000954A00202DE9F04385B002AF03F022F86A
:10CB900002286ED0032850D001284AD10024012554
:10CBA00003F018F8A846A6466E468AB002AB13F109
:10CBB000100261D01421A2B18C46042903DDDFF8F4
:10CBC000D090C3F81490BCF1080F00DD9861BCF15F
:10CBD0000C0F01DDC3F81C80BCF1100F01DDC3F8A0
:10CBE00020E013294BDD4FF0140C3AB105213971C7
:10CBF00000217971B971F9717868186100216FF3BA
:10CC000000016FF341016FF382016FF3C50103234C
:10CC100063F38811CCF30A0C6CF353216FF31F51AB
:10CC20000023184806F0B2FAB54621462846FFF719
:10CC300085FE0C37BD46BDE8F08304F003FF0546D2
:10CC400008B90124ACE704F009FE044604F00CFE28
:10CC5000009023460C4A02210A4818F060FE214643
:10CC60000A4803F023FB002003F0A8FD002425461A
:10CC700096E70024254693E76FF000419BE76FF0AD
:10CC80001B0CB2E794E5030044EC030070EC0300D6
:10CC900094EC030070B5044617F0F6FA0646FFF769
:10CCA00017FD054605211E4817F08AFA002C35D0DD
:10CCB0000346002D24DBEDB22570002B22DBDBB216
:10CCC0006370FFF70DFDF8B10123A370F6B10123E6
:10CCD000E370144B1B78DBB101232371124B1B78DB
:10CCE000C3B101236371BFF35B8F104B1B68BFF3AC
:10CCF0005B8F0F4A1278A271FF2B0DDCDBB20CE0C8
:10CD00000025D9E70023DBE70023DEE70023DFE788
:10CD10000023E2E70023E5E7FF23E37170BD00BFD6
:10CD200090E20300924A0020954A0020B03800208B
:10CD3000914A002008B50E4B1B7803B108BD0523AE
:10CD40000C4A03210C4818F0DFFD04F093FF17F0A4
:10CD500087FA04F081FA0021022004F017FB002179
:10CD6000012004F013FB0521002004F00FFBE5E790
:10CD7000944A0020C0EC030094E503002DE9F04341
:10CD800083B000AF04F06AFD054600F1FF3940F6BC
:10CD90003A73994537D84FF01008402604F05CFAF2
:10CDA0000021084604F0F2FA4146022004F0EEFAAF
:10CDB0003146012004F0EAFA17F0FFFB041E28DDDB
:10CDC00040F63A73994522D801232A4621463A482B
:10CDD00003F06CFA40F63B739C4223DC40F63A7356
:10CDE00099451FD91021022004F0D0FA40210120DA
:10CDF00004F0CCFA10224021304803F057FA4026C4
:10CE00004FF010080EE04FF020088026C6E7002300
:10CE1000DBE740F63A73994545D801222946284870
:10CE200003F044FA8AB06B4613F110023DD018208B
:10CE30009AB10146042803DDDFF88CC0C3F814C0A2
:10CE4000082901DDC3F818800C2900DDDE611029F6
:10CE500000DD1D62142900DD5C62172828DD18241E
:10CE60003AB10621397100217971B971F971786887
:10CE7000186100216FF300016FF341016FF382012C
:10CE80006FF3C501032363F38811C4F30A0464F349
:10CE900053216FF31F5100230A4806F077F90C372E
:10CEA000BD46BDE8F0830022B8E76FF00040BFE761
:10CEB0006FF01B04D4E700BFECEC030018ED030097
:10CEC0003CED030094E5030068ED03002DE9F04F0D
:10CED00097B00CAF3861F960FFF7FAFBB861052134
:10CEE000764817F06DF97861FFF7FAFB044604F015
:10CEF000B5FCF86102F076FC714B93F80080714B41
:10CF00001D78EDB2704B93F80090BFF35B8F6F4BC1
:10CF10001B68BB60BFF35B8F6D4B93F800B06D4B2C
:10CF200093F800A0FFF7EEFB78606E46002387F8C9
:10CF30002430022387F8253096B00CA911F1100295
:10CF40004DD04FF0420C22B1BCF1040F01DD624B19
:10CF50004B61002387F82030022387F82130002A14
:10CF60004CD06346BCF1080F01DD386988610C2B99
:10CF700001DDB869C861102B01DD78690862142BE6
:10CF800000DD4C62182B01DDF86888621C2B03DD84
:10CF90004FF0000EC1F82CE0202B01DDC1F83080ED
:10CFA000242B00DD4D63282B01DDC1F838902C2B9C
:10CFB00001DDB868C863302B01DDC1F840B0342B07
:10CFC00001DDC1F844A0382B01DD786888643C2B72
:10CFD00001DDFB69CB6401F1500300200CE06FF030
:10CFE000004CB0E700F1080507F1200E754415F874
:10CFF000085C03F8015B01300128F3D9BCF1410F53
:10D0000058DD422362B1102087F82400002087F801
:10D01000250087F82600012087F82700786A086134
:10D0200000216FF300016FF341016FF382016FF391
:10D03000C501032060F38811C3F30A0363F353218E
:10D040006FF31F510023254806F0A0F8B5461C4B8E
:10D050001E781C4B1D78EDB21B4B93F80080BFF37C
:10D060005B8F1A4BD3F80090BFF35B8F184B93F88C
:10D0700000A0184B93F800B0FFF744FBFB690A933C
:10D080000990CDF820B0CDF81CA0CDF81890CDF8BF
:10D0900014800495039600230293FB680193009487
:10D0A0007B69BA6939690E4803F000F92C37BD462F
:10D0B000BDE8F08F6FF01B03A4E700BF90E2030010
:10D0C000924A0020954A0020914A0020B038002062
:10D0D000904A00208F4A0020A0ED030094E5030051
:10D0E00024EE03002DE9F04F83B000AFFFF7C4FA40
:10D0F0000446454B93F800805FFA88F8434B1E784E
:10D10000F6B2434B93F800A004F0A8FB04F0ACFB8C
:10D110000546FFF7F7FA002C6CDB3E4A82FB04322F
:10D12000E317C3EB62130FFA83FC642202FB134480
:10D1300024B2E9468EB0694611F110025ED04FF07C
:10D14000280E1AB37346BEF1040F03DDDFF8D0B02A
:10D15000C1F814B0082B01DDC1F818800C2B00DDDC
:10D16000CE61102B01DDC1F820A0142B00DD4D6233
:10D17000182B00DD88621C2B01DDC1F82CC0202B90
:10D1800000DD0C63242B01DD00234B63BEF1270F70
:10D1900037DD28233AB10A20387100207871B87140
:10D1A000F8717868086100216FF300016FF34101A5
:10D1B0006FF382016FF3C501032060F38811C3F39D
:10D1C0000A0363F353216FF31F510023124805F044
:10D1D000DDFFCD4604F04EFD17F034F8FFF784FB79
:10D1E00017F052F801460D48FFF770FE0C37BD46A8
:10D1F000BDE8F08F4FF0000C64469AE76FF0004EE8
:10D200009FE76FF01B03C5E7954A0020944A002072
:10D21000AC0800201F85EB5194E50300DCEE030011
:10D2200088EE0300064BBFF35B8F53E8001F01310C
:10D2300043E80012002AF8D1BFF35B8F704700BFAC
:10D24000B03800202DE9F04182B000AF044604F070
:10D250000BFB0546042805D940F619639C4212DCF5
:10D26000012600E00126494B1978204604F072FEA1
:10D270005EB9474B1B78002B7DD1FFF735FB083794
:10D28000BD46BDE8F0810026EDE7414B1B7893B128
:10D2900002F0A0FC03285DD03E4B1B78002B60D130
:10D2A00001F0FAF90028EAD102F088FC0028E6D162
:10D2B000FFF74EFAE3E7204604F0FAFAE8468AB0B0
:10D2C0006B4613F110023FD014217AB10E460429A7
:10D2D00003DDDFF8D0C0C3F814C0082E00DD9C6168
:10D2E0000C2E00DDDD61102E00DD186213292EDD0D
:10D2F00014263AB10521397100217971B971F9719A
:10D300007868186100216FF300016FF341016FF33A
:10D3100082016FF3C501022363F38811C6F30A0685
:10D3200066F353216FF31F5100231B4805F02EFFB6
:10D33000C5462A462146194802F0B8FF17F010F8F2
:10D34000134B01221A70A3E76FF00041BDE76FF0A5
:10D350001B06CEE702F002FC00289DD103F02EFA56
:10D360009AE702F0FBFB00289AD1084B18780021BD
:10D37000FFF7E4FA94E7064B00221A702A4621468A
:10D38000074802F093FF16F0D0FF76E7954A002099
:10D39000934A0020944A002094E5030038EF0300EC
:10D3A0005CEF0300E4EE030010B584B04A488368E4
:10D3B000DB683B21984700284CD1474883681B69AC
:10D3C00002AA0C2198470346002862D1029B039CC5
:10D3D000424A82FB0412E417C4EB223403EB8303BA
:10D3E00003EB830304EB830424B23D4B83FB042350
:10D3F000E217C2EB631213B2642101FB124212B2B4
:10D400000092384A0321384818F089FA01F044F9AB
:10D4100018B9364B1B78002B59D0204602F014FE69
:10D42000334B18884FF47A7303FB00F0410CC003B0
:10D4300040F2E733C0184FF47A724FF0000341F125
:10D440000001EFF75DFB02460B462A4814F038FA5C
:10D4500004B010BD0346284A0121234818F054FAAD
:10D46000234B18884FF47A7303FB00F0410CC00380
:10D4700040F2E733C0184FF47A724FF0000341F1E5
:10D480000001EFF73DFB02460B461A4814F018FA6C
:10D49000DEE71A4A0121144818F036FA144B1888AE
:10D4A0004FF47A7303FB00F0410CC00340F2E73302
:10D4B000C0184FF47A724FF0000341F10001EFF70A
:10D4C0001FFB02460B460B4814F0FAF9C0E702F0C6
:10D4D00075FB0028A4D0A0E708E30300AD8BDB6850
:10D4E0001F85EB51E8EF030094E50300944A002008
:10D4F000A80800205819002084EF0300B8EF0300AB
:10D500002DE9F04F89B004AFA64B0022BFF35B8F2B
:10D5100053E8009F43E800210029F9D1BFF35B8F56
:10D52000FFF7DEF80646A04B93F80080B8F1010F34
:10D5300014BF4FF0000B4FF0010B9C4B1C78E4B272
:10D5400004F08CF9054616F076FE786000287ED14E
:10D55000964B1978284604F0FDFCB9F1010F40F212
:10D5600089810124904B1C700023914A1370914AC9
:10D570001370914B1C708C4B93F800C0C44556D06F
:10D58000A246EB468CB004AB13F1100200F0BA8156
:10D590002020E2B10146042803DDDFF83CE2C3F8B5
:10D5A00014E0082901DDC3F818800C2901DDC3F857
:10D5B0001CC0102901DDC3F82090142900DD5E6233
:10D5C000182901DDC3F828A01C2900DDDD621F2811
:10D5D00040F39B814FF0200C3AB1082139730021B0
:10D5E0007973B973F973F868186100216FF300015A
:10D5F0006FF341016FF382016FF3C501032363F3FE
:10D600008811CCF30A0363F353216FF31F510023F6
:10D610006A4805F0BBFDDD46634B1A780295CDF8EC
:10D6200004A000964B464146654802F03FFE5F4B22
:10D630001B78DBB2A34200F06B81002C00F07E81EE
:10D64000604B1B78002B40F072815F4877E104F05B
:10D65000C1FC8046554B1978284604F07BFC0446F3
:10D66000B9F1010F40F2BC804F4B01221A70002328
:10D670004F4A13704F4A1370A04500F0E0804A4BA8
:10D680001B78012B14BF4FF0000C4FF0010C474BDF
:10D690001B78DEB2E8468AB004AB13F1100200F04A
:10D6A000D88018209AB10146042803DDDFF82CE168
:10D6B000C3F814E0082900DD9C610C2901DDC3F8E2
:10D6C0001CC0102900DD1D62142900DD5E621728D0
:10D6D00040F3C28018263AB10621397300217973CC
:10D6E000B973F973F868186100216FF300016FF3E3
:10D6F00041016FF382016FF3C501032363F38811C6
:10D70000C6F30A0666F353216FF31F5100232B481B
:10D7100005F03CFDC546254B1B78234A1278009343
:10D720002B46012A14BF002201222146274802F07D
:10D73000BDFDFFF7D9F81C4B1C78013CE4B202F0A8
:10D74000CDF9002840F08B800123012C00F20581E7
:10D75000002B00F0028102F0D1F9002840F0FD809A
:10D7600002F038FA032800F08180104B1B7813B1C7
:10D77000144B1B7843B1164A0321104818F0BAF82D
:10D7800000210120FFF7DAF800F086FF002800F002
:10D79000E48002F045F9002800F0DF800D4800F039
:10D7A00081FFDAE0B0380020914A0020954A00203D
:10D7B000904A00208F4A0020924A002094E50300FE
:10D7C00008F10300944A002000F003004CF003002D
:10D7D0007CF00300B4F00300CCF0030014F003006D
:10D7E000B9F1000F04D05F4B1B78012B3FF43CAF25
:10D7F00096B15D4B00221A705C4B1B78FF2B02D058
:10D8000001335A4A1370594B1B78022B7FF634AF01
:10D81000544B02221A702FE7544B00221A70524BBD
:10D820001B78FF2B02D001334F4A13704E4B1B78ED
:10D83000022B7FF621AF4B4B00221A701CE7494B9D
:10D840001B78012B14BF002301235B457FF417AF26
:10D8500071E76FF0004025E76FF01B063BE702F031
:10D86000DFF808B9002370E701236EE7002002F01B
:10D87000A5FF7AE7B9F1000F04D03A4B1B78012BD2
:10D880003FF46FAE36B3384B00221A70374B1B781B
:10D89000FF2B02D00133354A1370324B1B78012B1A
:10D8A0000CD0324B1B78022B7FF665AE2D4B02223B
:10D8B0001A702F4B01221A7034465CE62C4B012261
:10D8C0001A702A4B1B78022B1AD9264B02221A7087
:10D8D000344650E6254B00221A70234B1B78FF2B51
:10D8E00002D00133204A13701F4B1B78022B7FF6A6
:10D8F00042AE00231B4A13701D4A137034463AE6A9
:10D90000344638E66FF0004043E66FF01B0C63E6E8
:10D9100024B1184B1B78002B7FF48FAE114B1B7872
:10D9200098451AD0FEF7E0FFFEF712FF15E0124A05
:10D930000221124817F0DEFF114800E0114821468D
:10D94000FFF7C4FA2CB90B4B1B7803F0FF0203B1AD
:10D950007A6079682046FEF7F1FF1437BD46BDE8CE
:10D96000F08F00BF914A00208F4A0020904A00208B
:10D97000924A0020944A002038F1030094E5030005
:10D9800000F0030008F0030010B516F07DFC04461B
:10D99000FFF7B6FD0D4A13780133DBB21370042B89
:10D9A00009D80B4B1B7813B10A4B1B7813B102F04B
:10D9B00005F940B110BD134600221A7021460648F1
:10D9C000FFF784FAEDE7FEF7C3FEF3E78E4A002087
:10D9D000944A0020954A002064F1030008B50346EC
:10D9E00000B901230D4A13800D4A5268AAB14FF4C1
:10D9F0007A7202FB03F3590CDB0340F2E73298180A
:10DA00004FF47A724FF0000341F10001EFF778F81C
:10DA100002460B46024813F053FF08BDA808002039
:10DA200058190020F0B583B0B449B54817F005FA8D
:10DA3000B4481FF099F8002800F097804FF4202296
:10DA40000A21B04816F07DFB0446002840F095807E
:10DA5000AD4817F0F2F94FF420220821A94816F03A
:10DA600070FB00F0F3FE0446002840F08F80A748CA
:10DA700002F02AF904F0F2F8A549A6481FF0ECFBE1
:10DA800000F014FFA44803F07BFE0346002840F09A
:10DA9000848003F0D7FE0346002840F084800122F2
:10DAA0000821984816F0ACFB0446002840F081801D
:10DAB00040F6CD40002114F0C3FA03F0FBFA034610
:10DAC00000287CD103F0B2FC034600287DD14FF43E
:10DAD0008031924816F05DFB044600287BD19049C6
:10DAE000904B4B6020238B60864816F096FB0446D3
:10DAF000002876D116F0C8FB8B4B187019788B4A2A
:10DB000011701B78002B72D00223894A1370894B45
:10DB10000022BFF35B8F53E8001F43E8002000287A
:10DB2000F9D1BFF35B8F804B1B78002B61D00323AF
:10DB3000814A13707C4B1B78002B5CD000237F4AFA
:10DB40001370794B19787E48FFF7C0F94FF0E862FF
:10DB500005216C4816F0DDFA044600284DD0794ABC
:10DB60000121794817F0C6FE0DE0784A0121764878
:10DB700017F0C0FE4FF0FF3405E00346744A012160
:10DB8000714817F0C1FE204603B0F0BD0346714A4C
:10DB900001216D4817F0B8FEF5E76F4A01216A4888
:10DBA00017F0B2FE75E76D4A0121674817F0ACFE29
:10DBB00075E76B4A0121644817F09CFEE3E7694A68
:10DBC0000121614817F0A0FE7CE7674A01215E4809
:10DBD00017F09AFE7BE7654A01215B4817F08AFE41
:10DBE000D1E7634A0121584817F084FECBE70023B0
:10DBF0008BE700239CE70323A1E7FEF757FE16F00F
:10DC00002FFB5C4B1B884FF47A7202FB03F3002757
:10DC1000590CDB0340F2E73298184FF47A724FF058
:10DC2000000341F10001EEF76BFF02460B46394855
:10DC300013F046FE444C504A0321204617F05AFE8A
:10DC40004E4A0321204617F055FEFFF79DFE3D4644
:10DC50003C463E4614E0FFF797FE00261BE00025F9
:10DC60000134E4B2012C22D8013701F0B9FF10B120
:10DC7000B84240F2AA804FF40040002114F0E0F9CD
:10DC800001220A211F4816F0BBFA00F0BFFD013641
:10DC9000F6B2022EDFD8244B1B78002BDFD00135E3
:10DCA000EDB23B2DDCD903F0CDFD0025D8E701F026
:10DCB000B7FE0446FEF7D4FC10B101F01FFF48B1D7
:10DCC00000F0EAFC002861D101F078FF002866D05E
:10DCD0000024C9E701F002FF08B1002CF0D000F0E9
:10DCE000DBFC00B12CB901F069FF00284AD0002408
:10DCF000BAE7234800F0D6FCF5E700BF68F103005F
:10DD000070F1030090E20300C0F103000805002059
:10DD1000A9D301005819002045D20100A4F3030043
:10DD2000B438002025D20100954A0020924A0020F4
:10DD3000914A0020B0380020904A00208F4A0020ED
:10DD4000DCF20300E4F2030094E5030084F1030035
:10DD500098F10300E8F1030000F203001CF2030055
:10DD600044F2030064F203007CF2030094F2030027
:10DD7000B4F20300A808002010F3030030F30300FE
:10DD800050F30300FEF7E4FC00246DE701F092FD80
:10DD9000002899D0002C97D1FEF7F0FF64E700F03F
:10DDA0007BFC30B901F086FD60B1FEF7D1FC0024A8
:10DDB0005AE701F0C7FD08B9002CF3D00A4800F07B
:10DDC00071FCEFE716F03EFAEFE700903B46074A9A
:10DDD0000221074817F0A3FD40F6CD40002114F0C2
:10DDE0002FF9002004F0EAFD64F303007CF3030044
:10DDF00094E5030016280CD005D93D280FD03E2805
:10DE00000FD109487047082805D0132805D10748C5
:10DE100070470748704707487047074870470748EA
:10DE200070470548704700BF10F40300D4F30300A7
:10DE3000ECF30300B4F3030024F4030004F4030040
:10DE4000F0B583B000AF15461C460846EEF7DCFB84
:10DE50000022274BEEF742FC04EB84046400A4B2DA
:10DE600000220023EEF784FA41EC170B8AB06B46D0
:10DE700013F1100235D0182172B10846042901DDD2
:10DE80001C4E5E61082801DD83ED067B102800DD55
:10DE90001D62142800DD5C62172925DD18243AB1C3
:10DEA0000621397100217971B971F97178681861A9
:10DEB00000216FF300016FF341016FF382016FF3F3
:10DEC000C501032363F38811C4F30A0464F35321E7
:10DED0006FF31F510023084805F058F90C37BD4671
:10DEE000F0BD6FF00041C7E76FF01B04D7E700BF3C
:10DEF0000000F43F40F40300DCE4030008B531B156
:10DF00000B46064A0121064817F0FEFC08BDF72320
:10DF1000044A0321024817F0F7FCF7E798F40300DE
:10DF2000DCE40300C4F40300B0B582B000AF0D46DA
:10DF30000846FFF75FFF6C4601233B7103237B71AB
:10DF40008AB0EC461CF110021BD04FF0120E52B1F9
:10DF50007346BEF1040F02DD4249CCF81410082BC1
:10DF600001DDCCF8185001233B7003237B70AAB16C
:10DF7000BEF10C0F01DDCCF81C000CF120030021D8
:10DF80000AE06FF0004EE2E701F10800384410F8B3
:10DF9000080C03F8010B01310129F5D9BEF1110F6D
:10DFA00055DD12234AB10421397100217971B9710B
:10DFB0000121F9717868CCF8100000216FF300019D
:10DFC0006FF341016FF382016FF3C501032060F32A
:10DFD0008811C3F30A0363F353216FF31F51002326
:10DFE000214805F0D3F8A546204B186820B119F058
:10DFF000A3FC1E4B00221A601D4B1B7853BB1FF065
:10E000004FFC4A0142EAD06243011B1A62EB010253
:10E01000920042EA93729B001B1842EB0102D2006D
:10E0200042EA5372C3F3103343EA4243D20B11491D
:10E030005B1842F1000210490B604A604FF48032D5
:10E0400000230E4813F03CFC0837BD46B0BD6FF00E
:10E050001B03A7E70023064A1370094A137002F056
:10E06000B3F9CCE7E0F40300DCE40300C43800209B
:10E07000974A0020905F0100881900209019002025
:10E08000964A0020F0B58BB004460D46164603783C
:10E09000032B38D8DFE803F002212B311D4B93E826
:10E0A00003000790ADF82010090C8DF82210637959
:10E0B0002279E178A07867780DF11C0CCDF814C0B6
:10E0C00004970390029101920093A379124A31467A
:10E0D000284614F0ADFE0BB0F0BD104B93E80300E2
:10E0E0000790ADF82010090C8DF82210DFE70C4ADC
:10E0F00007AB07CA03C31A80D9E70A4A07AB07CAA6
:10E1000003C31A80D3E7084A0A2107A814F090FE37
:10E11000CDE700BF08F5030018F5030010F5030074
:10E120003CF5030048F50300B42E040000B583B0AD
:10E1300084460E4A6B4692E8030083E803001946C2
:10E14000604619F0FBFC40B10346094A0221094828
:10E1500017F0DAFB03B05DF804FB4FF4FA43064A0C
:10E160000321044817F0D0FBF4E700BF70E603007A
:10E1700054F50300DCE4030084F5030008B5094905
:10E18000094B0B600EF0ECFB30B10346074A01214E
:10E19000074817F0B9FB08BD064A0321044817F0E9
:10E1A000A9FBF8E7C0380020FDDE0100BCF5030044
:10E1B000DCE40300DCF5030010B582B004460C4B30
:10E1C0009B68019301A919F080FC50B9FB23094A0F
:10E1D0000321094817F098FB2046FFF7CFFF02B054
:10E1E00010BD0346054A0121034817F08DFBF6E7F1
:10E1F00070E6030020F60300DCE40300F8F50300FA
:10E20000F0B595B000AF29BB044619F05CFC1E22A6
:10E2100007F13001FFF736FF6E4600233B72022301
:10E220007B7288B06D4615F110021AD00E201AB11B
:10E23000042801DD694B6B6100233B7102237B7174
:10E24000E2B1082802DD07F13003AB6105F11C03E0
:10E25000002111E00B46624A0121624817F054FB8D
:10E26000A8E06FF00040E2E701F1500CBC441CF85C
:10E270004CCC03F801CB01310129F5D90D2840F32D
:10E280009C800E2342B10321397200217972B97248
:10E290000121F972B868286100216FF300016FF362
:10E2A00041016FF382016FF3C501032060F3881110
:10E2B000C3F30A0363F353216FF31F51002349484B
:10E2C00004F064FFB54607F10C0120460BF088FE10
:10E2D00010F0FF0F74D1388CEEF796F90022424B04
:10E2E000EEF7FCF9BB8C03EB83035B009DB20022CD
:10E2F0000023EEF73DF841EC170BB7F822C06E464D
:10E300008AB06B4613F1100261D018218AB1084619
:10E31000042903DDDFF8E8E0C3F814E0082801DD94
:10E3200083ED067B102801DDC3F820C0142800DD32
:10E330005D6217294EDD18253AB106213972002198
:10E340007972B972F972B868186100216FF300012F
:10E350006FF341016FF382016FF3C501032363F390
:10E360008811C5F30A0363F353216FF31F51002390
:10E370001C4804F00BFFB5461C4B186820B119F07F
:10E38000DBFA1A4B00221A60204619F0AEFA174B3E
:10E390001860174B01221A70164B00221A7016488B
:10E3A0001EF0AAFF01F0E8FC2046FFF7BFFE204662
:10E3B000FFF702FF5437BD46F0BD6FF01B0361E766
:10E3C000C3B20E4A0121074817F09EFAF2E76FF038
:10E3D00000419BE76FF01B05AEE700BF50F603005E
:10E3E0003CF60300DCE403000000F43FC4380020E6
:10E3F000974A0020964A00209019002074F60300E6
:10E4000094F6030008B5064A0321064817F072FA8D
:10E4100005481EF071FF054813F042FA08BD00BF21
:10E42000E4F60300DCE4030090190020C838002063
:10E4300008B5084B1B7803B108BD074A02210748FD
:10E4400017F058FA064801F031FF064813F028FA91
:10E45000F2E700BF974A002010F70300DCE4030056
:10E4600048F70300C8380020804B1B78002B40F091
:10E47000FC8090B58FB002AF7D4B1B78002B40F035
:10E48000928000233B777B77BB7705233B621FF0AD
:10E4900007FA4A0142EAD06243011B1A62EB010209
:10E4A000920042EA93729B001B1842EB0102D200D9
:10E4B00042EA5372C3F3103343EA4243D20B6D492D
:10E4C0000868496883428A4173DAA0237B621FF09F
:10E4D000E7F94A0142EAD06243011B1A62EB0102EA
:10E4E000920042EA93729B001B1842EB0102D20099
:10E4F00042EA5372C3F3103343EA4243D20B5D49FD
:10E500000868496883428A4156DAA123BB62002326
:10E51000FB6207F1080C07F11C0EBEE80F00ACE827
:10E520000F00DEF80030CCF800301FF0B9F94A01D6
:10E5300042EAD06243011B1A62EB0102920042EAF6
:10E5400093729B001B1842EB0102D20042EA537205
:10E55000C3F3103343EA4243D20B46490868496883
:10E5600083428A412BDA44496C4600233B710223E3
:10E570007B7188B00DF1080C1CF1100221D00E2027
:10E5800022B1042802DD3D4BCCF8143000233B704F
:10E5900002237B7012B3082801DDCCF818100CF1AF
:10E5A0001C03002118E00AF033FE314B00221A70E0
:10E5B00067E74FF4487389E740F22133A6E7304913
:10E5C000D2E76FF00040DBE701F1300EBE441EF8E9
:10E5D00030EC03F801EB01310129F5D90D283BDDC1
:10E5E0000E234AB10321397100217971B9710121DA
:10E5F000F9717868CCF8100000216FF300016FF317
:10E6000041016FF382016FF3C501032060F38811AC
:10E61000C3F30A0363F353216FF31F510023194817
:10E6200004F0B4FDA54601230093174B02221749BD
:10E6300007F108000AF0BCFD034610B110F1780F95
:10E640000DD10B4B01221A70114A03210D4817F00E
:10E6500051F93437BD4690BD6FF01B03C1E70D4A39
:10E660000121084817F050F9F3E77047974A002056
:10E67000964A00208819002068F7030078F7030005
:10E6800070F70300DCE4030070F8030084F8030073
:10E69000D0F70300A8F70300014B1878704700BFBC
:10E6A000974A0020B0B582B000AF044620B34D4B6E
:10E6B00019786D4600233B7102237B718AB0EC46CA
:10E6C0001CF110021AD0122022B1042802DD464BA0
:10E6D000CCF8143000233B7002237B70DAB1034680
:10E6E000082801DDCCF818400C2B01DDCCF81C10FB
:10E6F0000CF1200300210CE03C4CD8E76FF0004007
:10E70000E2E701F1080EBE441EF808EC03F801EB45
:10E7100001310129F5D9112859DD12234AB104210B
:10E72000397100217971B9710121F9717868CCF8DA
:10E73000100000216FF300016FF341016FF38201BC
:10E740006FF3C501022060F38811C3F30A0363F37A
:10E7500053216FF31F510023254804F017FDAD46E8
:10E760002146244801F0A2FD15F0FAFD224B18685D
:10E7700010B1132119F04AF91A4B1B7853BB1FF043
:10E780008FF84A0142EAD06243011B1A62EB010290
:10E79000920042EA93729B001B1842EB0102D200E6
:10E7A00042EA5372C3F3103343EA4243D20B134994
:10E7B0005B1842F1000212490B604A604FF480324C
:10E7C0000023104813F07CF80837BD46B0BD6FF049
:10E7D0001B03A3E70023034A13700B4A137001F0D5
:10E7E000F3FDCCE7974A0020E8F70300E4F70300C5
:10E7F000DCE4030008F80300C4380020905F010047
:10E800008819002090190020964A002008B50B4B6B
:10E810001B781BB90A4B1B785BB108BD01F092F85D
:10E8200018B901F0FDF80028F7D00648FFF73AFFC5
:10E83000F3E7054813F034F8EFE700BF974A0020EC
:10E84000964A00201CF80300C838002010B50F4875
:10E850000BF0E2FA0E490F481EF058FC0E490F4823
:10E860001EF0FAFC002009F0F3FE044630B90C4A11
:10E8700003210C4817F03EF8204610BD03460A4A13
:10E880000121084817F040F8F6E700BF3C050020DA
:10E8900069E40100C838002031E40100901900202B
:10E8A00058F80300DCE4030038F8030008B5024818
:10E8B00012F0F6FF002008BDC8380020144B1B786A
:10E8C000B3B9144B1B78ABB9134B1B78A3B9134BDB
:10E8D0001B789BB9124B1B7893B9124B1B788BB9E1
:10E8E000114B1B7883B9114B1B787BB1012070470A
:10E8F00001207047012070470120704701207047B8
:10E9000001207047012070470120704700207047A8
:10E91000A74A0020A64A0020A54A0020A44A0020B9
:10E92000A34A0020A24A0020A14A0020A04A0020B9
:10E93000194B1B784BB1194B18685968012871F1B4
:10E94000000304DA0020014601E000200146144BD8
:10E950001B7843B1134B1A685B68904271EB030C50
:10E9600001DA10461946104B1B7843B10F4B1A6859
:10E970005B68904271EB030C01DA104619460C4BB0
:10E980001B7843B10B4B1A685B68904271EB030C28
:10E9900001DA104619467047A74A0020F01A0020F5
:10E9A000A64A0020E81A0020A44A0020C81A002025
:10E9B000A04A0020C01A002008B503F043F808B1AF
:10E9C000002008BDFFF768FE20B9044B1B781BB17F
:10E9D0000120F6E70120F4E70020F2E79C4A00203E
:10E9E00008B51EF05DFF8E464A0142EAD06243013F
:10E9F0001B1A62EB0102920042EA93729B001B1801
:10EA000042EB0102D20042EA5372C3F3103343EAED
:10EA10004243D20B03490B604A60034B00221A7039
:10EA200008BD00BFD01A00209E4A002008B5194B2F
:10EA3000187860B3184B1A685B68012A73F10003F9
:10EA400026DB1EF02DFF8E464A0142EAD0624301CA
:10EA50001B1A62EB0102920042EA93729B001B18A0
:10EA600042EB0102D20042EA5372C3F3103343EA8D
:10EA70004243D20B0848016840685B1A62EB00020F
:10EA8000B3F57A6F72F10002B4BF0120002008BD17
:10EA90000020FCE7A74A0020E01A002010B5FFF78D
:10EAA000FBFD10B90024204610BDFFF7BFFF002872
:10EAB000F8D0234B1C780CB10024F4E702F0C2FF1D
:10EAC0000028F0D11F4B1C78002CECD01E4B19688D
:10EAD0005B68012973F100032DDB1C4B19685B682F
:10EAE000012973F1000328DB1EF0DAFE04464A0117
:10EAF00042EAD06243011B1A62EB0102920042EA31
:10EB000093729B001B1842EB0102D20042EA53723F
:10EB1000C3F3103343EA4243D20B0C480168406808
:10EB20005B1A62EB00020A498B4272F10002ACBF31
:10EB300001240024B7E70446B5E70446B3E700BF65
:10EB40009D4A0020A64A0020D81A0020D01A002092
:10EB5000C027090010B504461EF0A2FE8E464A01E9
:10EB600042EAD06243011B1A62EB0102920042EAC0
:10EB700093729B001B1842EB0102D20042EA5372CF
:10EB8000C3F3103343EA4243E1174FEA411C4CEA16
:10EB9000D46C6001001B6CEB010C4FEA8C0C4CEA4E
:10EBA000907C8000001941EB0C01C90041EA5071D2
:10EBB000C000C01841EBD231044B1A685B68824236
:10EBC0008B4102DA014B1860596010BD401A0020D9
:10EBD000002872D02DE9F0410D46044609B9BDE880
:10EBE000F0811EF05DFE02464B0143EAD063400116
:10EBF000801A63EB01039B0043EA90738000801846
:10EC000043EB0101C90041EA5071C0F3103040EA02
:10EC10004140C90B002319E0284A1680284AA2F86F
:10EC200000E0284A1780284A10605160274A0126D0
:10EC3000167009E0214A1680214AA2F800E0214A14
:10EC40001780214A106051600133DBB2AB42C6D25B
:10EC500003EB430C04EB4C0234F91C60B2F902E004
:10EC6000B2F90470194A1278002AD5D0134AB2F9C1
:10EC70000080A6EB0808124AB2F90020AEEB0202AF
:10EC8000DFF840C0BCF900C0A7EB0C0CB8F1000FD6
:10EC9000B8BFC8F10008002AB8BF5242BCF1000F4B
:10ECA000B8BFCCF1000CB8F5C87FC3DAB2F5C87FA5
:10ECB000C0DABCF5C87FC7DBBCE77047884A0020D4
:10ECC000864A0020844A0020D01A00209E4A002054
:10ECD00008B50B4B1B781BB90A4B1B7843B908BD11
:10ECE000FFF76AFE0028F7D0074812F0D9FDF3E7D6
:10ECF000FFF762FE0028F2D0044812F0D1FDEEE7E3
:10ED0000A74A0020A64A0020F0380020E038002062
:10ED100008B5FFF7C1FC00B908BD4FF4203200234D
:10ED2000014812F0CDFDF7E7781A002090B583B0C6
:10ED300000AF012914BF00210121314B1970F1B13D
:10ED400030496C4600233B7102237B7188B0EC464E
:10ED50001CF1100215D00E2022B1042802DD2A4B2E
:10ED6000CCF8143000233B7002237B70B2B108282A
:10ED700001DDCCF818100CF11C0300210CE0234934
:10ED8000DFE76FF00040E7E701F1080EBE441EF830
:10ED900008EC03F801EB01310129F5D90D2828DD34
:10EDA0000E234AB10321397100217971B971012112
:10EDB000F9717868CCF8100000216FF300016FF34F
:10EDC00041016FF382016FF3C501032060F38811E5
:10EDD000C3F30A0363F353216FF31F5100230C485D
:10EDE00004F0D4F9A546064B1B782BB90C37BD4669
:10EDF00090BD6FF01B03D4E7FFF78AFFF6E700BF73
:10EE00009F4A002094F80300A8F803009CF8030030
:10EE100004E6030090B583B000AF012914BF0021C0
:10EE200001214C4B1970F1B14B496C4600233B71E9
:10EE300002237B7188B0EC461CF1100215D00E2025
:10EE400022B1042802DD454BCCF8143000233B707E
:10EE500002237B70B2B1082801DDCCF818100CF148
:10EE60001C0300210CE03E49DFE76FF00040E7E7BC
:10EE700001F1080EBE441EF808EC03F801EB013165
:10EE80000129F5D90D2843DD0E234AB1032139713B
:10EE900000217971B9710121F9717868CCF81000FD
:10EEA00000216FF300016FF341016FF382016FF3F3
:10EEB000C501032060F38811C3F30A0363F35321F0
:10EEC0006FF31F510023274804F060F9A546214B3A
:10EED0001B78002B3BD0FFF71BFF234A13685268B7
:10EEE000134318D0002200232049C1E90023204900
:10EEF000C1E90023FFF774FD4FF4004200231D48D1
:10EF000012F0DEFC1C4812F0CBFC0C37BD4690BD65
:10EF10006FF01B03B9E71EF0C3FC4A0142EAD0625E
:10EF200043011B1A62EB0102920042EA93729B00BA
:10EF30001B1842EB0102D20042EA5372C3F31033B2
:10EF400043EA4243D20B08490B604A60CAE702F029
:10EF5000FDFADAE7A64A002094F80300D0F803008F
:10EF60009CF8030004E60300F81A0020E81A0020C9
:10EF7000D81A0020001B0020E038002090B583B094
:10EF800000AF012914BF002101214A4B1970F1B1D2
:10EF900049496C4600233B7102237B7188B0EC46E3
:10EFA0001CF1100215D00E2022B1042802DD434BC3
:10EFB000CCF8143000233B7002237B70B2B10828D8
:10EFC00001DDCCF818100CF11C0300210CE03C49C9
:10EFD000DFE76FF00040E7E701F1080EBE441EF8DE
:10EFE00008EC03F801EB01310129F5D90D2858DDB2
:10EFF0000E234AB10321397100217971B9710121C0
:10F00000F9717868CCF8100000216FF300016FF3FC
:10F0100041016FF382016FF3C501032060F3881192
:10F02000C3F30A0363F353216FF31F5100232548F1
:10F0300004F0ACF8A5461F4B1B78ABB3FFF768FE96
:10F040001EF02EFC4A0142EAD06243011B1A62EB19
:10F050000102920042EA93729B001B1842EB0102EC
:10F06000D20042EA5372C3F3103343EA4243D20B55
:10F0700015490B604A60002200231449C1E90023AE
:10F080001349C1E90023FFF7ABFC4FF40042002312
:10F09000104812F015FC104812F002FC0C37BD4667
:10F0A00090BD6FF01B03A4E7002001F0EFFF02F01A
:10F0B000FBF8F3E7A74A002094F80300E8F8030000
:10F0C0009CF8030004E60300F81A0020F01A002060
:10F0D000E01A0020001B0020F038002008B5094B82
:10F0E0001B7803B908BDFFF767FC0028FAD002F0CF
:10F0F000F1F903460028F5D0034A0221034816F02F
:10F1000003FCEFE7A64A002000F9030004E6030031
:10F1100090B583B000AF012914BF00210121424BFB
:10F120001970F1B141496C4600233B7102237B7198
:10F1300088B0EC461CF1100215D00E2022B1042834
:10F1400002DD3B4BCCF8143000233B7002237B7074
:10F15000B2B1082801DDCCF818100CF11C03002115
:10F160000CE03449DFE76FF00040E7E701F1080EFB
:10F17000BE441EF808EC03F801EB01310129F5D972
:10F180000D2847DD0E234AB1032139710021797121
:10F19000B9710121F9717868CCF8100000216FF382
:10F1A00000016FF341016FF382016FF3C50103208A
:10F1B00060F38811C3F30A0363F353216FF31F5104
:10F1C00000231D4803F0E2FFA546174B1B7823B32D
:10F1D000FFF79EFD4FF400520023184812F070FB19
:10F1E000174B1B78E3B14FF47A7202FB03F3590C0F
:10F1F000DB0340F2E73298184FF47A724FF00003C5
:10F2000041F10001EDF77CFC02460B460D4812F07F
:10F2100057FB05E06FF01B03B5E708481EF06CF8DC
:10F220000C37BD4690BD00BFA04A002094F80300F3
:10F2300020F903009CF8030004E60300F8190020FD
:10F24000AD080020301B0020B0B582B000AF0C46E6
:10F2500001291ED035496D4600233B7102237B7185
:10F2600088B0EC461CF1100215D00E2022B1042803
:10F2700002DD2F4BCCF8143000233B7002237B704F
:10F28000B2B1082801DDCCF818100CF11C030021E4
:10F290000CE02849DFE76FF00040E7E701F1080ED6
:10F2A000BE441EF808EC03F801EB01310129F5D941
:10F2B0000D2834DD0E234AB1032139710021797103
:10F2C000B9710121F9717868CCF8100000216FF351
:10F2D00000016FF341016FF382016FF3C501032059
:10F2E00060F38811C3F30A0363F353216FF31F51D3
:10F2F0000023114803F04AFFAD46012C14BF00243F
:10F3000001240E4B1C706CB1FFF702FD4FF400524C
:10F3100000230B4812F0D4FA0837BD46B0BD6FF099
:10F320001B03C8E706481DF0E7FFF5E79CF803005C
:10F3300040F9030094F8030004E60300A14A00200A
:10F34000C819002010B50C46074A0321074816F0DB
:10F35000D1FA012C14BF00240124054B1C7004B900
:10F3600010BDFFF7D5FCFBE760F9030004E60300DE
:10F37000A24A002010B50C46074A0321074816F0A0
:10F38000B9FA012C14BF00240124054B1C7004B9E8
:10F3900010BDFFF7BDFCFBE790F9030004E6030096
:10F3A000A34A002010B50C46074A0321074816F06F
:10F3B000A1FA012C14BF00240124054B1C7004B9D0
:10F3C00010BDFFF7A5FCFBE7BCF9030004E6030052
:10F3D000A54A00202DE9F04184B005460C461646AA
:10F3E0001F46D1F80C80124A0321124816F082FA07
:10F3F000114B1B6823B1DB6813B198470F4B1860A2
:10F400000E4B1B68002B0FDD04230293CDF8048004
:10F41000BDF8283000933B463246214628461AF074
:10F4200010F804B0BDE8F0816FF00D00F9E700BFFF
:10F43000E0F9030004E6030010390020143900202D
:10F440002DE9F04184B005460C4616461F46D1F81A
:10F450000C800E4A03210E4816F04CFA4FF08053F0
:10F460005A6E196E0B4B19605A6008230293CDF83F
:10F470000480BDF8283000933B463246214628469A
:10F4800019F0DFFF04B0BDE8F08100BFF8F9030018
:10F4900004E60300A81A002070B51C46BDF8103021
:10F4A000022C0DD17BB915785678084A03210848FB
:10F4B00016F020FA3146284601F04AFF204670BD7A
:10F4C0006FF00C00FBE76FF00600F8E70CFA0300A2
:10F4D00004E6030038B51C46BDF81030012C0BD1F2
:10F4E0006BB91578074A0321074816F003FA284636
:10F4F00001F00EFF204638BD6FF00C00FBE76FF007
:10F500000600F8E724FA030004E6030010B50C46F1
:10F510000C4A03210C4816F0EDF9012C14BF00240D
:10F5200001240A4B1C7004B910BDFFF7F1FB084819
:10F5300012F0B6F902F092F90028F5DC02F082F937
:10F54000F2E700BF3CFA030004E60300A44A0020EF
:10F55000003900202DE9F04786B004AF05460C467F
:10F5600016469846D1F80C90EA4600233B710223D8
:10F570007B7188B004A911F1100212D00E201AB1CB
:10F58000042801DD2B4B4B6100233B7002237B7071
:10F59000A2B1082801DD284B8B6101F11C0C00236E
:10F5A0000AE06FF00040EAE703F1080EBE441EF8DF
:10F5B00008EC0CF801EB0133012BF5D90D2835DDF2
:10F5C0000E2342B10320387100207871B8710120F8
:10F5D000F8717868086100216FF300016FF3410151
:10F5E0006FF382016FF3C501032060F38811C3F349
:10F5F0000A0363F353216FF31F5100230F4803F0F5
:10F60000C5FDD5460F2148461CF027FE80B202906A
:10F61000CDF804903B8D0093434632462146284660
:10F6200019F00FFF0837BD46BDE8F0876FF01B03E8
:10F63000C7E700BF64FA0300A406002004E6030045
:10F640002DE9F04F83B000AF06468846154699462F
:10F6500097F830A01EF024F94B0143EAD06344012F
:10F66000241A63EB01039B0043EA9473A40024185B
:10F6700043EB0101C90041EA5471C4F3103444EA78
:10F6800041444FEAD13BBAF1000F07D1514B1A6800
:10F690005B6894427BEB0303C0F298802B464246A2
:10F6A0003146002014F014FE064660B9494B1A6832
:10F6B0005B6894427BEB030308DB464B0020002190
:10F6C000C3E9000102E010F10C0F39D0002E75D013
:10F6D00016F10D0F72D016F1690F6FD03E4B1A68FC
:10F6E0005B68A21A6BEB0303B2F57A7F73F1000338
:10F6F00064DBE84600233B7102237B718AB0EC4651
:10F700001CF1100224D0162022B1042802DD334B54
:10F71000CCF8143000233B7002237B702AB30346DD
:10F72000082801DDCCF818900C2B01DDCCF81C600A
:10F73000102B01DDCCF820500CF12403002112E045
:10F7400014F150014BF10002224B19605A60BDE7E1
:10F750006FF00040D8E701F108053D4415F8085C5A
:10F7600003F8015B01310129F5D915282BDD16239A
:10F770004AB10521397100217971B9710121F971FD
:10F780007868CCF8100000216FF300016FF341019D
:10F790006FF382016FF3C501022060F38811C3F398
:10F7A0000A0363F353216FF31F5100230C4803F046
:10F7B000EDFCC546084B1C60C3F804B030460C375E
:10F7C000BD46BDE8F08F6FF01B03D1E76FF0680610
:10F7D000F4E700BF281A0020C019002084FA0300B3
:10F7E00004E60300154B1B6833B39B6A23B300B5D3
:10F7F00083B000220092019268469847104B022283
:10F800001A709DF800201A729DF801205A729DF816
:10F8100002209A729DF80320DA729DF804201A7370
:10F820009DF805205A739DF806209A739DF80720CD
:10F83000DA7303B05DF804FB704700BF1039002095
:10F84000B40600202DE9F04184B005460C4616466A
:10F850001F46D1F80C80FFF7C5FF0A4A03210A486A
:10F8600016F048F805230293CDF80480BDF828303F
:10F8700000933B4632462146284619F0E2FD04B08B
:10F88000BDE8F081ACFA030004E6030008B5074BBD
:10F890001B7803B908BDFFF7A5FF054B1B68002BBC
:10F8A000F8D05B6A002BF5D09847F3E7A14A002017
:10F8B0001039002008B5064B1B780BB9002008BD95
:10F8C000FFF77AF808B10120F9E70020F7E700BF59
:10F8D000A74A002008B5194B187860B3184B1A686E
:10F8E0005B68012A73F1000326DB1DF0D9FF8E4609
:10F8F0004A0142EAD06243011B1A62EB0102920004
:10F9000042EA93729B001B1842EB0102D20042EACA
:10F910005372C3F3103343EA4243D20B08480168E1
:10F9200040685B1A62EB0002B3F5FA6F72F10002F5
:10F93000B4BF0120002008BD0020FCE7A74A00203A
:10F94000F01A002010B5FEF7A7FE044650B12F4B69
:10F950001B7813B92E4B1C7824B102F073F80446BF
:10F9600010B10024204610BD1DF09AFF8E464A01BA
:10F9700042EAD06243011B1A62EB0102920042EAA2
:10F9800093729B001B1842EB0102D20042EA5372B1
:10F99000C3F3103343EA4243D20B1C490878C8B181
:10F9A0001C4908684968012871F1000C0EDB012828
:10F9B00071F1000CD6DB181A62EB0101B0F57A6F19
:10F9C00071F10001ACBF01240024CBE712490868A3
:10F9D0004968ECE7114C21686468012974F1000C56
:10F9E0000EDB012974F1000C0EDB5B1A62EB0402E2
:10F9F000B3F57A6F72F10002ACBF01240024B1E7C5
:10FA0000054C21686468ECE70446ABE7A74A002090
:10FA1000A64A0020E01A0020F81A0020D81A002078
:10FA200010B5FEF739FE044650B1274B1B7813B9C9
:10FA3000264B1C7824B102F005F8044610B10024CE
:10FA4000204610BD1DF02CFF8E464A0142EAD062CE
:10FA500043011B1A62EB0102920042EA93729B007F
:10FA60001B1842EB0102D20042EA5372C3F3103377
:10FA700043EA4243D20B14490978C9B114480168DA
:10FA80004068012970F1000C0EDB012970F1000CB7
:10FA9000D6DB5B1A62EB0002B3F57A6F72F10002FB
:10FAA000ACBF01240024CBE70A4801684068ECE7BA
:10FAB000094801684068012970F1000CE5DA054841
:10FAC00001684068E1E700BFA74A0020A64A00207D
:10FAD000F01A0020F81A0020E81A0020054B1B78C5
:10FAE00023B9054B1B781BB10120704701207047DB
:10FAF00000207047A74A0020A64A002008B5164BF0
:10FB00001A685B68012A73F1000301DA002008BD5E
:10FB10001DF0C6FE8E464A0142EAD06243011B1A1E
:10FB200062EB0102920042EA93729B001B1842EBC7
:10FB30000102D20042EA5372C3F3103343EA424354
:10FB4000D20B05490868496883428A4101DA0120DD
:10FB5000DDE70020DBE700BFB81A002008B5164B30
:10FB60001A685B68012A73F1000301DA002008BDFE
:10FB70001DF096FE8E464A0142EAD06243011B1AEE
:10FB800062EB0102920042EA93729B001B1842EB67
:10FB90000102D20042EA5372C3F3103343EA4243F4
:10FBA000D20B05490868496883428A4101DA01207D
:10FBB000DDE70020DBE700BFB01A0020014B18781A
:10FBC000704700BF9C4A0020014B1870704700BF6F
:10FBD0009B4A0020014B1878704700BF9A4A0020CA
:10FBE000014B1888704700BF824A0020314B1B78B8
:10FBF00083425ED090B583B000AF2E4B1870F0B149
:10FC00002D496C4600233B7102237B7188B0EC4682
:10FC10001CF1100215D00E2022B1042802DD274B62
:10FC2000CCF8143000233B7002237B70B2B108285B
:10FC300001DDCCF818100CF11C0300210CE0204968
:10FC4000DFE76FF00040E7E701F1080EBE441EF861
:10FC500008EC03F801EB01310129F5D90D2825DD68
:10FC60000E234AB10321397100217971B971012143
:10FC7000F9717868CCF8100000216FF300016FF380
:10FC800041016FF382016FF3C501032060F3881116
:10FC9000C3F30A0363F353216FF31F510023094891
:10FCA00003F074FAA5460C37BD4690BD6FF01B03F8
:10FCB000D7E770479D4A0020C4FA0300D8FA030032
:10FCC000CCFA030004E6030008B508B1154A106039
:10FCD000154916481DF01AFA154916481DF016FA6E
:10FCE000154916481DF012FA154916481DF0B4FAC8
:10FCF000154916481DF0B0FA154916481DF0ACFA22
:10FD0000154916481DF0A8FA154916481DF0A4FA21
:10FD1000154916481DF0A0FA154B1A79154B1A70A3
:10FD2000002008BD10390020B1FE0100003900207C
:10FD3000C50A0200F0380020DDF00100E0380020A4
:10FD400021FE0100781A002069430300481A0020B0
:10FD5000D9090200301B00204D080200001B0020C2
:10FD600001080200F81900208DF80100C8190020D0
:10FD7000B4060020AD08002008B5084B0020002183
:10FD8000C3E90001FEF7C4FFFEF7A2FF044B1B68A6
:10FD900013B11B6903B1984708BD00BF281A0020A2
:10FDA0001039002010B582B0184B1B7853B3184996
:10FDB000086001230093174B04221748FFF740FC0B
:10FDC000044610B1204602B010BD1DF069FD8E46FC
:10FDD0004A0142EAD06243011B1A62EB010292001F
:10FDE00042EA93729B001B1842EB0102D20042EAE6
:10FDF0005372C3F3103343EA4243D20B07490B60FB
:10FE00004A60DFE76FF00C04DCE700BFA44A002083
:10FE10001439002008FB03005C010400C81A00200C
:10FE200000B583B0FEF738FCC0B1FEF747FD98B1CE
:10FE3000154B1B7853B1154B1B683BB1DB682BB1DD
:10FE40009847002808DDFFF7ADFF05E0104B1B7851
:10FE50003BB9104B1B786BB9FEF75AFF03B05DF846
:10FE600004FB012300930C4B05220C490C48FFF7BF
:10FE7000E7FBF1E7012300930A4B08220A490B48EC
:10FE8000FFF7DEFBE8E700BFA44A0020103900209E
:10FE9000A14A0020A54A002010FB030018390020C9
:10FEA000C402040024FB03002039002010020400D7
:10FEB000164B1B784BB310B5154B1B6893B1DB6821
:10FEC00083B19847041E13DD2046FFF76BFF0346FE
:10FED000A0B110F10D0F0AD00E4A02210E4815F004
:10FEE00013FD04E00D4A02210B4815F003FD10BD7F
:10FEF0000B4A0321084815F0FDFCF8E72346094AA0
:10FF00000321054815F000FDF1E77047A44A0020E1
:10FF10001039002094FB030004E6030034FB0300C7
:10FF200068FB0300B8FB0300F0B583B006460C463F
:10FF3000FEF742FD00286AD0394B1B78002B69D0B0
:10FF4000002C6AD0192C00D91924364A1368591C80
:10FF50001160354F384640F8043B04EB44056D0012
:10FF60002A4631461DF0E0FE1DF09AFC4A0142EAA5
:10FF7000D06243011B1A62EB0102920042EA9372C3
:10FF80009B001B1842EB0101C90041EA5371C3F306
:10FF9000103343EA4143C90B244A136051602146A0
:10FFA0003046FEF715FE2A1D92B201230093204B26
:10FFB00039462048FFF744FB044640B11E4A136807
:10FFC000013313601D4B1860204603B0F0BD1C4A7E
:10FFD0001368013313601DF063FC4A0142EAD062EA
:10FFE00043011B1A62EB0102920042EA93729B00EA
:10FFF0001B1842EB0102D20042EA5372C3F31033E2
:020000040002F8
:1000000043EA4243D20B0F490B604A60DCE76FF0D2
:100010000C04D9E76FF00C04D6E70024D4E700BF46
:10002000A64A0020B83A002028390020D81A00201B
:10003000D4FB0300D4010400D03A0020CC3A0020C5
:10004000D43A0020E81A002000B583B00D4B1A689E
:1000500001321A609880FEF7AFFC68B10A4B1B783A
:100060006BB100230093094B082206490848FFF7AB
:10007000E7FA03B05DF804FB6FF00C00F9E76FF0EE
:100080000C00F6E720390020A54A0020D8FB030029
:100090001002040000B585B08DF80F00084B1B78E6
:1000A00053B101220092074B0DF10F010648FFF7F3
:1000B000C7FA05B05DF804FB6FF00C00F9E700BF6C
:1000C000A34A0020E0FB03004C02040000B585B009
:1000D0008DF80F00084B1B7853B101220092074B9B
:1000E0000DF10F010648FFF7ABFA05B05DF804FB10
:1000F0006FF00C00F9E700BFA24A0020F0FB0300FC
:10010000880204002DE9F04385B002AF154697F848
:100110002880354C20706170A270E37084F80480F0
:10012000324A1278002A5BD06E468CB002AC14F1D1
:1001300010024FD04FF01C0EE2B1F446BEF1040F96
:1001400003DDDFF8B890C4F81490BCF1080F00DDAF
:10015000A061BCF10C0F00DDE161BCF1100F00DD0E
:100160002562BCF1140F00DD6362BCF1180F01DDE4
:10017000C4F82880BEF11B0F2FDD1C233AB10721E4
:10018000397100217971B971F971786820610021A4
:100190006FF300016FF341016FF382016FF3C5014B
:1001A000032060F38811C3F30A0363F353216FF351
:1001B0001F5100230E4802F0E9FFB54601230093CA
:1001C0000C4B052208490C48FFF73AFA0C37BD469C
:1001D000BDE8F0836FF0004EAEE76FF01B03CDE794
:1001E0006FF00C00F2E700BF18390020A14A002090
:1001F00004E6030050FC0300C402040000FC0300FA
:1002000010B582B0224B1B78002B37D00A4600284D
:1002100037D0002938D0002300931E4B01461E48DA
:10022000FFF70EFA044640B11C4A1368013313600D
:100230001B4B1860204602B010BD1A4A13680133E8
:1002400013601DF02DFB8E464A0142EAD062430145
:100250001B1A62EB0102920042EA93729B001B1888
:1002600042EB0102D20042EA5372C3F3103343EA75
:100270004243D20B0C490B604A60DBE76FF00C0481
:10028000D8E76FF00C04D5E76FF00C04D2E700BF9D
:10029000A04A002058FC030000030400C43A0020D8
:1002A000C03A0020C83A0020C01A00200FB400B5A0
:1002B000ABB02C9A0C4B1B7873B16AB12DAB019388
:1002C000A02102A813F076FB002805DD9F2808DC9A
:1002D00081B202A8FFF794FF2BB05DF804EB04B0E5
:1002E00070479F21F5E700BFA04A00200D4B1B7807
:1002F000834216D010B504460A4B187078B101211C
:10030000094B1B68094A12680948FFF7CFFF094BE0
:100310001B681BB11B6B0BB12046984710BD002119
:10032000EEE77047984A0020DC380020D8380020DB
:1003300060FC03001039002008B50020084B18703D
:10034000084B1860084B1860002200230749C1E9D8
:1003500000230749C1E90023FFF7C8FF08BD00BF1C
:10036000994A0020DC380020D8380020381A0020B4
:10037000301A002008B50F4B1B7803B908BD0D4B90
:1003800000221A705A20FEF7E5FB0B4B1B780B4A34
:1003900003210B4815F0B8FA0A4B1B6813B11B6A0E
:1003A00003B19847FEF778F90028E7D113F0C1FFB1
:1003B000E4E700BF9C4A00209D4A002084FC030023
:1003C00004E6030010390020D0B529481CF094FF42
:1003D000FFF7D0FF0024274B1C70274B1C70274BC6
:1003E0001C70274B1C70274B1C70274B1C70274B15
:1003F0001C70274B1C70274B1C7000260027264BB7
:10040000C3E90067254BC3E90067254BC3E90067D3
:10041000244BC3E90067244BC3E90067234B1C70DE
:10042000234BC3E90067234BC3E90067224BC3E9B1
:10043000006722481CF060FF21481CF05DFF214846
:100440001CF05AFF20481CF057FF204BC3E90067FF
:10045000204600F01BFE1E481CF04EFF13F069FF03
:100460001C4B1B6813B15B6903B19847D0BD00BF3B
:10047000481A0020A74A0020A64A0020A54A0020CA
:10048000A44A0020A34A0020A24A0020A14A00203A
:10049000A04A00209F4A0020F01A0020E81A0020FD
:1004A000E01A0020D81A0020D01A00209E4A00200E
:1004B000C81A0020C01A0020F81A0020301B0020A3
:1004C000001B0020F8190020C8190020281A00205D
:1004D000781A002010390020F8B507460E461DF0A6
:1004E000DFF94B0143EAD0634401241A63EB0103B3
:1004F0009B0043EA9473A400241843EB0103DB0040
:1005000043EA5473C4F3103444EA4344002F00F028
:100510009680D90B002E00F09280002317E05A48F5
:1005200002605A4A00201060594A012010700CE005
:10053000AA1A1CE000F11F0C1CE053480560534D43
:100540002868121A00EBD20028600133DBB2B342F4
:1005500015D203EB430207EB820252684C48007845
:100560000028DCD048480568501BE1D40246844688
:100570000028DFDB15EB6C15DFD50025DDE7424BEE
:100580001868B0F5FA6F41D3404B1E680025B20FD2
:10059000B3009B1942F10002D20042EA5372DB0021
:1005A0009B1B62F10002120142EA13721B019B19AC
:1005B00042F10002120142EA13721B01870F86000A
:1005C000361847F1000700186D41B34272EB070778
:1005D0003AD3304B00260027C3E900672E4A136840
:1005E0005268134302D12C4B1C6059602A4B1A6885
:1005F0005B68A21A61EB030340F6C4118A4273F1EF
:1006000000031CDB0120FFF771FE18E0224B0026DF
:100610000027C3E900671F4A13685268134302D1D9
:100620001C4B1C6059601B4B1A685B68A21A61EB7B
:10063000030344F620618A4273F1000300DAF8BD37
:100640000020FFF753FEFAE78342AA41F7D2124B8C
:1006500000260027C3E900670E4A13685268134357
:1006600002D10C4B1C6059600A4A13685268E41AA4
:1006700061EB020344F62062944273F10003DEDB77
:100680000020FFF733FEDAE7DC380020D8380020FE
:10069000994A0020301A0020381A002070B582B024
:1006A00005460C46FEF788F900286AD0394B1B78BE
:1006B000002B69D0002C6AD0142C00D914242146B8
:1006C0002846FFF709FF1DF0EBF84A0142EAD06225
:1006D00043011B1A62EB0102920042EA93729B00F3
:1006E0001B1842EB0102D20042EA5372C3F31033EB
:1006F00043EA4243D20B28490B604A60274A1368F9
:10070000591C1160264E304640F8043B04EB44046B
:10071000A400224629461DF007FB0434A2B201239F
:100720000093204B31462048FEF78AFF044640B133
:100730001E4A1368013313601D4B1860204602B037
:1007400070BD1C4A1368013313601DF0A9F84A01FB
:1007500042EAD06243011B1A62EB0102920042EAB4
:1007600093729B001B1842EB0102D20042EA5372C3
:10077000C3F3103343EA4243D20B0F490B604A6084
:10078000DCE76FF00C04D9E76FF00C04D6E7002427
:10079000D4E700BFA74A0020E01A0020BC3A00209E
:1007A000C4390020A4FC030098010400DC3A0020B6
:1007B000D83A0020E03A0020F01A0020032815D88B
:1007C00008B501460A4B1B7883420ED0084B1870BF
:1007D000032807D0002200230648C0E9002306486A
:1007E000C0E900230548FFF761FD08BD704700BF61
:1007F0009A4A0020B81A0020B01A0020A8FC030072
:100800000E4B1B7803B9704730B587B0FEF7EAFF8F
:100810000B48FFF74BFD0B49CB7A0A7B487B8C7B5F
:10082000CD7B049503940290019200938B7A4A7ACF
:10083000097A0548FFF73AFD07B030BDA04A00200D
:10084000C4FC0300B4060020D8FC030070B5FDF71B
:1008500023FF002800F083804D4B1B781BB94D4BC4
:100860001B78002B7BD01DF01BF84B0143EAD063B3
:100870004401241A63EB01039B0043EA9473A40030
:10088000241843EB0103DB0043EA5473C4F3103430
:1008900044EA4344DD0B26463D4B1B78002B4AD0EF
:1008A0003D4B19685B68012973F100021DDB0129CA
:1008B00073F1000207DB761A65EB0303B6F57A6F76
:1008C00073F1000315DAFFF7ABF808BBFEF7E6F8A3
:1008D00050B3324A0221324815F00CF83148FFF784
:1008E000E5FC3148FDF7DEFE39E0304B19685B6806
:1008F000DDE7641A23462E4A0221294815F004F840
:1009000021462C48FFF7D2FC2B48FDF7CBFE26E012
:100910002A4A0221224814F0EDFF2948FFF7C6FCBD
:100920002848FDF7BFFE1AE04FF400420023264896
:1009300010F0C6FF13E0FDF7FBFF012871F1000383
:100940000EDB361A65EB0103B6F57A6F73F100031F
:100950000EDA4FF4004200231B4810F0B1FF70BDC7
:10096000124B18685968012871F10003E9DAF0E7C1
:10097000241A2346154A0221094814F0C5FF2146CE
:100980001348FFF793FC1348FDF78CFEE7E700BF21
:10099000A74A0020A64A0020E01A0020B0FD03006C
:1009A00004E60300F0FD030008FE0300F81A00202F
:1009B00020FD03004CFD030064FD030078FD0300EF
:1009C0009CFD0300A0FD0300001B002018FE030097
:1009D00044FE03005CFE03002A4B1B7833B92A4B0C
:1009E0001B781BB9294B1B78002B49D0F0B589B077
:1009F000274B1968274B1A68274B1B682748006844
:100A0000274C2468274D2D68274E3668274F3F68AE
:100A1000DFF8A8C0DCF800C0DFF8A4E09EF800E032
:100A2000BEF1000F12D04FF0010ECDF818E0CDF856
:100A300014C0049703960295019400901C48FFF798
:100A400035FC1C4B187820B909B0F0BD4FF0000EF2
:100A5000EBE74FF47A7303FB00F0410CC00340F264
:100A6000E733C0184FF47A724FF0000341F10001F0
:100A7000ECF746F802460B460F4810F021FFE3E77B
:100A8000704700BFA74A0020A64A0020A04A0020C5
:100A9000E03A0020DC3A0020D83A0020D43A002086
:100AA000D03A0020CC3A0020C83A0020C43A0020B6
:100AB00070FE0300AD080020301B0020C03A00206B
:100AC0009C4A002038B51F4B1B788BB91D4B1B78F7
:100AD00073B30124FDF7E0FD60B3012500F0B2FF20
:100AE00050B301232A4621461748FFF7DFFB38BDE4
:100AF000FDF762FF0028E9D000F042FB0446E8B1B0
:100B00000346124A0221124814F0FEFE2146114803
:100B1000FFF7CCFB012000F0B9FA00F0AFFA0E4B62
:100B20001B68002BE3D09B69002BE0D09847DEE7E1
:100B30000024CFE70025D1E70023D3E70748FFF7DC
:100B4000B5FBE7E7A74A0020E8FE030014FF030017
:100B500004E6030034FF0300103900204CFF0300BB
:100B600030B585B0FEF73EFE1848017842788378AC
:100B7000C4780079164D2D78A5B101250295019014
:100B800000941448FFF792FB134B1B7863B9134B87
:100B90001B7893B9124B1B6813B15B6A03B198477A
:100BA00005B030BD0025E9E7012300930D4B052278
:100BB00006490D48FEF744FDE9E7012300930B4B7E
:100BC00010220B490B48FEF73BFDE3E718390020E4
:100BD0009C4A002060FF0300A14A00209F4A002099
:100BE0001039002098FF0300C4020400A4FF030092
:100BF000B40600206403040070B582B01C46BDF842
:100C00001830002B40F03F818446002C00F03E81DC
:100C10001378013B092B00F23C81DFE813F00A0056
:100C20002A0058006A007B008A00B700BD00C2009D
:100C30002801032C40F030815578967865B9A74B90
:100C40005E702846314600F0A1FB03463246294635
:100C5000A348FFF72BFB5AE0012D06D0022D40F0F0
:100C60001E819E4BDE702846ECE79C4B9E7028460A
:100C7000E8E7022C40F0168151789A4D2970974B85
:100C800019719948FFF712FB2B78002B3FD0974A38
:100C900012782AB9964A127812B9964A1278B2B3E3
:100CA0004FF47A7202FB03F3590CDB0340F2E73294
:100CB00098184FF47A724FF0000341F10001EBF7FE
:100CC0001FFF02460B468C4810F0FAFD1FE0012C76
:100CD00040F0EB80894A6B4692E8030083E803000A
:100CE0001946604616F02AFF01468548FFF7DEFAEE
:100CF0000DE0022C40F0DC80507800B90A20774DDE
:100D0000687100F0B7FE69797E48FFF7CFFA204698
:100D100002B070BD022C40F0CE80507800B90120A6
:100D20006E4DA871FCF75AFEA9797748FFF7BEFA15
:100D3000EDE7022C40F0C280537843F00303674A8A
:100D4000D371DBB213F0020F0FD0644BDB7913F0D9
:100D5000010F0DD1614BDB7913F0020F0FD15F4B07
:100D6000D9796A48FFF7A2FAD1E700F0EFFBECE788
:100D7000FDF722FE0028EDD000F002FAEAE7FDF7C9
:100D80001BFE0028EBD000F0A5FBE8E7012C40F0AB
:100D90009880FFF7E5FEBAE7012CB8D06FF00C00A1
:100DA000B6E7022C40F090805378032B00F28F803E
:100DB000574A137015D0002200235649C1E9002379
:100DC0005549C1E90023524B19785448FFF76EFA90
:100DD000534B1B6813B1DB6A03B19847FFF7C0FEA2
:100DE00095E71CF05DFD4A0142EAD06243011B1AFF
:100DF00062EB0102920042EA93729B001B1842EBE5
:100E00000102D20042EA5372C3F3103343EA424371
:100E1000D20B41F288355B1942F100023D490B606B
:100E20004A601CF03DFD4A0142EAD06243011B1AB0
:100E300062EB0102920042EA93729B001B1842EBA4
:100E40000102D20042EA5372C3F3103343EA424331
:100E5000D20B34495B1842F100022F490B604A6003
:100E60004FF4B47229463048FFF720FAABE7032C61
:100E700030D15178937841EA03212C4B19802C48CA
:100E8000FFF714FA43E76FF0060041E76FF00C003C
:100E90003EE76FF012003BE76FF00C0038E76FF0B1
:100EA000120035E76FF00C0032E76FF00C002FE70F
:100EB0006FF00C002CE76FF00C0029E76FF00C00CE
:100EC00026E76FF00C0023E76FF00C0020E76FF0CF
:100ED00012001DE76FF00C001AE700BFB4060020F7
:100EE000B0FF0300AD080020CCFF0300A74A00209C
:100EF000A64A0020A04A0020301B00207CE6030008
:100F0000E8FF03000C0004002C000400480004006B
:100F10009A4A0020B81A0020B01A0020900004005D
:100F200010390020407E05006C000400824A002039
:100F3000C800040012F4801F00D1704708B50248B1
:100F400010F0AEFC08BD00BFF83A002030B583B009
:100F5000044601F045F8A37CBBB10DF10702217CEA
:100F60001F480FF097FD054601F046F835B99DF88A
:100F70000700FFF78FF868BB03B030BD237C194A28
:100F80000121194814F0C0FCF6E7627C217C14486A
:100F90000FF094FD70B90DF10702217C10480FF09D
:100FA00079FD054601F028F86DB99DF80700FFF7B7
:100FB0008DF8E0E701F020F8237C0C4A01210A4873
:100FC00014F0A2FCD8E7237C094A0121064814F05A
:100FD0009BFCEAE7074A0121034814F08BFCCBE7AE
:100FE000C4060020E4050400ECE50300100604003C
:100FF0003C0604007406040010B5BEB000F0F0FF1B
:101000000DF1070202A910480FF0B4FC044600F0ED
:10101000F3FF24B99DF8071039B93EB010BD0B4A53
:1010200001210B4814F066FCF7E702A8FFF736FB36
:1010300003460028F1D010F10D0FEED0054A022131
:10104000034814F061FCE8E7C4060020A40604008D
:10105000ECE50300BC06040008B5064B1B7803B999
:1010600008BDFFF7C9FF4FF480420023024810F08B
:1010700027FCF5E7A84A0020601B002008B50248BD
:1010800010F00EFC08BD00BFF83A002008B5074B71
:10109000187030B14FF480420023054810F010FC66
:1010A00008BD03481CF028F9FAE700BFA84A002051
:1010B000601B002010B5224B18681BF055FD18B3BB
:1010C00020481BF051FD38B34FF480311E4813F017
:1010D0008FF9044640BB1D491D4B4B604FF48013F4
:1010E0008B60184813F08FF9044618BB19491A4849
:1010F0001CF00CF819491A481CF0AEF819491A48A6
:101100001CF004F8204610BD184A0121184814F0BC
:10111000F1FB6FF01204F5E7164A0121144814F0B0
:10112000E9FB6FF01204EDE7134A0121104814F0B7
:10113000E1FBE7E7114A01210D4814F0DBFBE1E791
:10114000C406002090E20300CC080400083B002005
:10115000350F02001B440300F83A0020591002002A
:10116000601B00204D0F0200E43A0020D40604006A
:10117000ECE50300100704004C0704007C070400A2
:1011800010B51D4B1B78ABB900F02AFF1B480FF0C0
:101190008DFA044600F030FFDCB94FF0B86214213C
:1011A000174813F0E5F80446C8B9134B01221A702A
:1011B000204610BD4FF0B8621421114813F0D8F842
:1011C00004460028F4D00F4A01210F4814F092FB86
:1011D000EEE70E4A01210C4814F08CFBE8E70C4ABC
:1011E0000121094814F086FB00F0FAFE03480FF0D5
:1011F0003BFB00F001FFDBE7A94A0020C40600200A
:1012000090E20300AC070400ECE50300DC070400F7
:10121000F807040010B50020FFF738FF0A4B1B78D1
:1012200013B90024204610BD4FF4001214210748C2
:1012300013F09EF804460028F4D0054A0121054821
:1012400014F058FBEEE700BFA94A002090E203002B
:101250002C080400ECE5030010B50F4B1B7853B1CC
:1012600000F0BEFE0D480FF051FB044600F0C4FE36
:101270002CB9204610BDFFF783FF0446F9E723464B
:10128000074A0221074814F03FFB034B00221A7063
:10129000FFF776FF0446ECE7A94A0020C4060020C9
:1012A0005C080400ECE5030010B5134B1B7813B980
:1012B0000024204610BD4FF4001214210F4813F0F3
:1012C00057F8044690B900F08BFE0D480FF0CCFAA9
:1012D000044600F091FE084B00221A70002CE8D062
:1012E000084A0121084814F005FBE2E7074A0121FA
:1012F000054814F0FFFADCE7A94A002090E2030059
:10130000C40600208C080400ECE503002C0804004F
:1013100030B583B0054600F063FE0DF107022946A3
:1013200008480FF0B7FB044600F066FE14B92046EB
:1013300003B030BD2B46044A0121044814F0E4FAFE
:10134000F5E700BFC4060020E4050400ECE5030057
:1013500038B505460C4600F043FE224629460848AB
:101360000FF0ACFB044600F047FE0CB9204638BD38
:101370002B46044A0121044814F0C6FAF6E700BFE0
:10138000C406002010060400ECE5030010B5044676
:101390002330C0B2FFF7DCFF08B9002010BD2346A0
:1013A000024A0121024814F0AFFAF6E7A808040047
:1013B000ECE5030012F0400F00D1704708B5024879
:1013C00010F06EFA08BD00BF143B002010B5A8B0A5
:1013D00000F006FE0DF1070202A910480FF034FCE0
:1013E000044600F009FE24B99DF8071039B928B069
:1013F00010BD0B4A01210B4814F07CFAF7E702A854
:10140000FEF792FD03460028F1D010F10D0FEED04B
:10141000054A0221034814F077FAE8E7CC060020D9
:10142000D4080400BCE40300F808040010B51E4B07
:1014300018681BF099FBD8B11C481BF095FBF8B15C
:101440004FF480320621194813F00BF80446F8B91E
:101450001749184B4B6040238B60144813F029F850
:101460000446D8B9144915481BF050FE204610BD5B
:10147000134A0121134814F03DFA6FF01204F5E706
:10148000114A01210F4814F035FA6FF01204EDE70C
:101490000E4A01210B4814F02DFAE7E70C4A01210E
:1014A000084814F027FAE1E7CC06002090E2030098
:1014B000243B0020B5130200CD130200143B002092
:1014C00010090400BCE40300540904009809040056
:1014D000D409040010B5174B1B7813B10024204623
:1014E00010BD00F07DFD14480FF006FB044600F02F
:1014F00083FD5CB94FF0B8620621104812F099FFE5
:10150000044648B90B4B01221A70E8E70C4A012146
:101510000C4814F0EFF9E2E70B4A0121094814F0F6
:10152000E9F900F05DFD04480FF058FB00F064FDA0
:10153000D5E700BFAA4A0020CC06002090E20300B5
:101540000C0A0400BCE40300340A040010B5134B79
:101550001B7813B90024204610BD4FF40012062159
:101560000F4812F066FF044690B900F039FD0D48AF
:101570000FF034FB044600F03FFD084B00221A70C8
:10158000002CE8D0084A0121084814F0B3F9E2E73A
:10159000074A0121054814F0ADF9DCE7AA4A00200A
:1015A00090E20300CC060020AC0A0400BCE4030077
:1015B000700A040008B506481BF0D6FA28B14FF4AB
:1015C0002021044812F0B4FF08BD6FF01200FBE7C1
:1015D00090E20300F80C04002DE9F04385B002AF5F
:1015E0005A4883685B685A499847044600283AD1AC
:1015F000584BB3F900307B60391D574812F0BFFFDC
:10160000804600283BD17D68A5F1320240F66E731A
:101610009A423BD805EB850405EB44044F4B83FB12
:101620000429A9EBE47983FB0523A3EBE5762046A7
:1016300012F089FFF0B9484612F085FF002869D101
:10164000284612F080FF00286ED1304612F07BFF52
:10165000002872D000962B46414A0221414814F0DE
:101660005EF9344606E003463F4A01213D4814F046
:101670004BF9002420460C37BD46BDE8F0830346F5
:101680003A4A0121374814F03FF9F3E76C468AB033
:1016900002AB13F1100237D0142182B1084604299D
:1016A00001DD334E5E61082800DD9D610C2801DDFF
:1016B0003225DD61102802DD4FF47A6018621329AB
:1016C00025DD14253AB10521397000217970B970F2
:1016D000F9703868186100216FF300016FF3410160
:1016E0006FF382016FF3C501022363F38811C5F321
:1016F0000A0363F353216FF31F510023194801F0CC
:1017000045FDA5464446B5E76FF00041C5E76FF0DB
:101710001B05D7E7CDF800902B46164A0221114849
:1017200014F0FDF84C46A5E700952B46124A02211D
:101730000C4814F0F4F82C469CE700942B460F4A12
:101740000221084814F0EBF8444693E7CCE203008A
:10175000D40600208A4A0020000D0400ABAAAA2A61
:10176000D80B0400CCE40300D00A0400E80A04000B
:10177000100B0400580B0400980B04001C0C040010
:1017800038B5054622481BF0EFF990B1214812F018
:101790009AFE0446A8B9204B01225A600C221A7402
:1017A00000225A741D4B1D601D491E481BF054FD3C
:1017B00013E01D4A01211D4814F09CF86FF012043B
:1017C0001CE003461A4A0121184814F09DF815E060
:1017D000184B002243F824200134022CF8DD164B6C
:1017E00000221A704FF42021144812F0A1FE044682
:1017F00030B94FF42470002110F022FC204638BD8F
:1018000003460F4A0121094814F07EF8F6E700BFAD
:10181000CCE20300000D0400D4060020303B002081
:10182000F9180200901B0020640C0400CCE40300B3
:101830007C0C0400383B0020AB4A0020F80C04006C
:10184000A00C040008B500220023034810F038F86B
:10185000002800DB002008BD901B0020014B186809
:10186000704700BF343B002041F2FD03984214DC76
:1018700040F61A63984212DDA0F61A60642300FB5A
:1018800003F3094A82FB03121A44D817C0EB622003
:10189000064A934205DCC0B27047642070470020BE
:1018A00070476420704700BFB9D31FB1F323010014
:1018B00041F2FD03984214DC40F6B833984212DD41
:1018C000A0F6B830642300FB03F3094A82FB03123D
:1018D0001A44D817C0EBA220064A934205DCC0B2D6
:1018E000704764207047002070476420704700BF35
:1018F00007452EC29D140200F0B583B000AFFFF77C
:101900006BFE041E69DD464B1C6046480278464962
:1019100041F822400132454B83FB025303EB430362
:10192000D31A03700868012300E00133022B06DCA0
:101930003D4A52F823208242F7DD1046F5E7FFF7D3
:1019400093FF06462046FFF7B3FF6D468AB06B460D
:1019500013F1100247D0142192B18C46042903DD03
:10196000DFF8DCE0C3F814E0BCF1080F00DD9C6197
:10197000BCF10C0F00DDDE61BCF1100F00DD186260
:10198000132933DD14243AB105213971002179710D
:10199000B971F9717868186100216FF300016FF374
:1019A00041016FF382016FF3C501032363F38811D3
:1019B000C4F30A0363F353216FF31F5100231C4840
:1019C00001F0E4FBAD46164B1868FEF7EBF9194B36
:1019D0001B6813B1124A10689847174B1B8843B90C
:1019E0000C37BD46F0BD6FF00041B5E76FF01B044A
:1019F000C9E74FF47A7202FB03F3590CDB0340F2A0
:101A0000E73298184FF47A724FF0000341F1000169
:101A1000EBF776F802460B4608480FF051FFDFE778
:101A2000343B0020AB4A0020383B0020565555552A
:101A3000CCE40300303B0020AA080020901B0020CB
:101A4000D00C040010B50A4B1C68002C0EDD20469B
:101A5000FFF70AFF042805D940F619639C4203DC0E
:101A6000012000E0012010BD0020FCE70020FAE783
:101A7000343B002008B50E4B1880C0B10D4B5B689D
:101A8000ABB14FF47A7303FB00F0410CC00340F29A
:101A9000E733C0184FF47A724FF0000341F10001B0
:101AA000EBF72EF802460B4602480FF009FF08BD7F
:101AB000AA080020901B00201E4B1A681E4B1B68B2
:101AC0009A4200D0704710B512F0ABFC194B1A685F
:101AD000194B1B689A4200D010BD184C237883F034
:101AE0000103237000210220FFF750FC0021012098
:101AF000FFF74CFC2378BBB11C210020FFF746FC0C
:101B00000E4B1B7893B14FF4AF70C0034FF47A7251
:101B1000002300F2E7300021EAF7F2FF02460B460D
:101B200007480FF0CDFED7E70021E6E74FF4FA6053
:101B3000EBE700BF443B0020483B0020AC4A0020BC
:101B4000C01B002008B503481BF0D6FB024B002247
:101B50001A7008BDC01B0020AD4A002010B5114B03
:101B60001B78012B11D0FFF7EDFF01240D4B1C70EA
:101B700000210220FFF70AFC00212046FFF706FCA7
:101B80001C210020FFF702FC10BD00210220FFF7FE
:101B9000FDFB00210120FFF7F9FB1C210020FFF7CE
:101BA000F5FBF1E7AD4A002010B5274B1A68274B2B
:101BB0001A60274B1B78022B1DD0FFF7C3FF0220B2
:101BC000234B18700124234B1C701F4B1A681F4BAA
:101BD0001A600021FFF7DAFB00212046FFF7D6FB51
:101BE0001C210020FFF7D2FB42F6CD4200231A4809
:101BF0000FF066FE10BD00210220FFF7C7FB002199
:101C00000120FFF7C3FB134B1B78BBB11C21002045
:101C1000FFF7BCFB0F4B1B7893B14FF4AF70C003C1
:101C20004FF47A72002300F2E7300021EAF768FFF0
:101C300002460B4608480FF043FEDBE70021E6E7CB
:101C40004FF4FA60EBE700BF483B0020443B002024
:101C5000AD4A0020AC4A0020C01B002008B5034953
:101C600003481BF0F9FA002008BD00BFB91A0200B2
:101C7000C01B002008B5034A13680133136012F03B
:101C8000ABFC08BD483B00202DE9F04782B000AF17
:101C900004461646984697F82890914B1D680135E2
:101CA0001D608A46002969D1002800F0BB8012F02F
:101CB000B8FB00210220FFF769FB00210120FFF79C
:101CC00065FBB9F1000F06D04146304612F079FCB1
:101CD000002800F0FB80FFF741FF824B93F800C023
:101CE0006D468CB06B4613F1100200F0F28020209C
:101CF000E2B10146042803DDDFF8F0E1C3F814E0A7
:101D0000082900DD9C610C2901DDC3F81C90102915
:101D100001DDC3F820A0142901DDC3F824801829AF
:101D200000DD9E621C2901DDC3F82CC01F2840F392
:101D3000D38020243AB10821397100217971B97119
:101D4000F9717868186100216FF300016FF34101A8
:101D50006FF382016FF3C501032363F38811C4F3AA
:101D60000A0464F353216FF31F5100235E4801F00E
:101D70000DFAAD460837BD46BDE8F087FFF7E2FE35
:101D8000584B93F800C06D468CB06B4613F11002AF
:101D900042D02020E2B10146042803DDDFF84CE107
:101DA000C3F814E0082900DD9C610C2901DDC3F8AB
:101DB0001C90102901DDC3F820A0142901DDC3F80F
:101DC0002480182900DD9E621C2901DDC3F82CC087
:101DD0001F2824DD20243AB10821397100217971AE
:101DE000B971F9717868186100216FF300016FF320
:101DF00041016FF382016FF3C501032363F388117F
:101E0000C4F30A0464F353216FF31F5100233648CF
:101E100001F0BCF9AD46ADE76FF00040BAE76FF0F6
:101E20001B04D8E712F0D8FB2E4B93F800C06D4688
:101E30008CB06B4613F1100242D02020E2B1014673
:101E4000042803DDDFF8A4E0C3F814E0082900DD6E
:101E50009C610C2901DDC3F81C90102901DDC3F839
:101E600020A0142901DDC3F82480182900DD9E621A
:101E70001C2901DDC3F82CC01F2824DD20243AB121
:101E80000821397100217971B971F9717868186187
:101E900000216FF300016FF341016FF382016FF3D3
:101EA000C501032363F38811C4F30A0363F35321C9
:101EB0006FF31F5100230C4801F068F9AD4659E754
:101EC0006FF00040BAE76FF01B04D8E7FFF76CFE35
:101ED00003E76FF000400BE76FF01B042AE700BF39
:101EE000483B0020AD4A0020D4E40300140D040058
:101EF0000F4B1B78032B06D8591C0D4A11700D4A45
:101F000042F8230070470123032B0EDC10B4591E46
:101F1000084A52F8234042F821400133032BF6DDF2
:101F2000044BD8605DF8044B7047024BD860704793
:101F3000B04A00204C3B00200023034A1370034AA0
:101F40001370034A13707047B04A0020AF4A002054
:101F5000AE4A002038B505460C4641B1194B1B78F6
:101F60002BB9194B00221A70184B01221A70154B0D
:101F70001C702846FFF7BCFF8CB1B5F5875F13DAFC
:101F8000114B1B78012B13D9114B1B68ED1A0B2D2C
:101F900011DD0E4B01221A700C4B187803E00B4B2D
:101FA00000221A70204638BD0020084B1870FAE74E
:101FB000064B1878F7E715F10B0FEDDA034B00220B
:101FC0001A70E9E7AE4A0020B04A0020AF4A00206C
:101FD0004C3B0020014B1878704700BFAF4A0020EF
:101FE00008B54FF0FF324FF0FF3302480FF0A2F96F
:101FF00008BD00BF8009002008B502480FF01AFA9A
:1020000008BD00BF8009002008B51AF03AF803495E
:1020100000201AF02AF8002008BD00BF740D04004B
:102020002DE9F04F91B005920293134602F004029D
:102030000092C3F3C20310F00302019240F02C821D
:1020400080468A460133041D00284ED0B8F1000FA7
:1020500005D0A4EB08020432524500F22082029A15
:10206000551E019A04920692039200264FF0FF3B00
:102070000427B946B8F1000F01D0029A22605A1E17
:102080000792002B40F35E81059B13F0020228D0DB
:102090000120A4EB08018B081AB1B1F5007F80F094
:1020A000048203990F2900F20382B8F1000F00F0B7
:1020B0006181DBB201F140026A4402F8103C02F88F
:1020C00020BC002800F0528163F07F0301F1400240
:1020D0006A4402F8103C049B01330493039B0133D0
:1020E00003930434002140463DE001F0070A5444C4
:1020F000CAF1080AAAE7002634E0002632E00026EA
:1021000030E00827B9462DE0252B2BD10BF1010B30
:1021100001260427B94625E0472BEED82A2B14D3F5
:102120002A3BDBB24FF0010C0CFA03F34FF6DA7CDA
:1021300013EA0C0F16D113F0625F40F0C28013F067
:10214000010F40F08D8000260CE0252B03D10BF110
:10215000FF3B002606E001D9002603E0202B01D03A
:10216000232BCCD115466A1C6B78002B00F01B8109
:10217000002EC9D07A2BBED84C2BCDD34C3B2E2B66
:1021800062D80FF2080C5CF823F000BF6521020052
:10219000492202004922020049220200492202008B
:1021A000492202004922020049220200492202007B
:1021B000492202004922020049220200592202005B
:1021C000492202004922020049220200492202005B
:1021D000492202004922020049220200492202004B
:1021E000C3220200492202005922020059220200A1
:1021F000C3220200C3220200C322020065210200A2
:102200005922020003210200492202006521020036
:10221000492202001F230200592202001F2302004C
:102220004922020049220200272302005322020011
:1022300059220200492202004922020059220200CA
:10224000492202004D22020000268BE70427B946EE
:1022500088E70427B94685E72B786C2B25D0002624
:102260003C44013CB4FBF7F407FB04F4254620B1E1
:10227000231A4B44534500F21581002958D1B9F176
:10228000040F00F08880B9F1080F40F014811A9B08
:10229000073323F0070303F108051A9593ED007B3C
:1022A00008B184ED007B08345CE712F8023C6C2B2B
:1022B00003D000260427B946D2E700260827B946EE
:1022C000CEE72B784C2B1AD01A9B073323F0070349
:1022D00003F108061A96D3E90067073424F00704CF
:1022E00040B1231A0833534513D82B784C2B13D005
:1022F000C4E90067083400260827B94632E71A9B6C
:10230000073323F0070303F108061A96D3E90067A1
:10231000E3E76FF01B00BCE0C4E90067EAE70026D2
:102320000427B9469CE7314600260427B94697E7BB
:102330002C4680461A9B191D1A911B680293079B15
:10234000154697E6624B029A9A4204D3614B9A4231
:102350000AD3002300E00023002B7FF495AE059BF9
:1023600003F00202002094E60123F5E7069B013307
:102370000693B3E610B10AF1010AAFE6009B13B170
:102380000AF1020AAAE60298FAF7DCF800EB0A035F
:1023900003F1020AA2E61A9B1D1D1A951B6800B1E3
:1023A00023600434DEE68046231AB3F5806F80F0A4
:1023B000858090B1002202609B080370009B83B16E
:1023C000069BC370049B88F802301BBB019DDDF89F
:1023D0000C90DDF810B0029F3DE05344A3F10800DB
:1023E00057E0069B4370EDE701339842EED903F1C5
:1023F00040026A4412F8101C12F9102C002AF3DA79
:1024000001F07F01A4EB08020132524559D804F8CB
:10241000011BE9E7019B0398E7E7009B43B305F144
:1024200040036B4413F8203C04F8013B019EA4EBED
:10243000080333440133534546D805F140036B4448
:1024400013F8103C04F8013B3246394620461BF095
:102450006BFC34440135A94519D9BBF1000FDCD020
:1024600005F140036B4413F9103C002BD5DAF1E77A
:1024700005F140036B4413F8103C58F82370002218
:1024800048F823203846FAF75DF8461CCFE7A4EB5E
:10249000080011B0BDE8F08F6FF00D00F9E76FF0A4
:1024A0001B00F6E76FF01B00F3E76FF01500F0E795
:1024B0006FF01500EDE76FF01500EAE76FF015001B
:1024C000E7E76FF01B00E4E76FF01B00E1E700BFF8
:1024D000ACE10300284404002DE9F04F97B000AFB1
:1024E0008346BA61FB60D7F88030C3F3C0033B6218
:1024F000396111B912F01BFC38619BF80260B146DA
:1025000036B1D7F8803013F0010F0DD1002300E071
:1025100000239BF803207A6242B1D7F8802012F0A2
:10252000020F22D1002202E00123F2E7002202B9C9
:10253000EBB19BF80050AA00BA60DBF804207A6186
:102540000BEB8505BA69F2B1002B40F00481B9F1BB
:10255000000F00F00F81D7F8803013F0040F40F027
:102560000D810020F8610646F9E00122DFE7BB6932
:102570001BB1FA683969584698473C6920465C3770
:10258000BD46BDE8F08F3C69E3B94D4400233B6193
:1025900023E00444013501364E451AD22A7800233F
:1025A0005BF822201946B86912F0D6FBBAF1000F89
:1025B000EFD0D7F888309845EBD22AF8180008F108
:1025C0000108E6E70026C7F81C80B046D7F884A0CB
:1025D000E2E7C7F81080D7F81C80D7F8803003F006
:1025E0000503FB604FF0000AA146C7F81CB09CE051
:1025F00000253B6A7BB9002D79D0D7F8803013F0E5
:10260000010F79D1FB68002B6FD10223A9EB0309DD
:1026100088E00125EDE75946786912F0E3FB0028D0
:10262000E9D06C46002387F82C30022387F82D3040
:102630008AB0694611F1100237D012251AB1042D63
:1026400001DDB14B4B61002387F82830022387F866
:1026500029306ABB112D45DD122362B1042087F8B1
:102660002C00002087F82D0087F82E00012087F825
:102670002F00F86A08616FF300086FF341086FF3E9
:1026800082086FF3C508022161F38818C3F30A03B7
:1026900063F353286FF31F58002341469B4800F013
:1026A00075FDA546A9F102093CE06FF00045C5E7BC
:1026B0002B46082D01DD786988610C2B01DDC1F8FE
:1026C0001CB001F12003002009E000F1300C07F1FB
:1026D000280EF4441CF830CC03F801CB013001285B
:1026E000F3D9B7E76FF01B03B7E701238EE7D7F8FD
:1026F000803013F0020F15D0002322461946B86926
:1027000012F02AFBD7F8843053B13B69D7F8882000
:10271000934205D2D7F8842022F8130001333B619D
:10272000013881440AF1010A35467B6A9A4510D284
:102730002E4616F802BB6B78FA6952F82340744BA8
:102740009C42FFF455AF734B9C42FFF462AF0025EF
:102750004FE74C4612E707F144000023FB6118B134
:102760004A4629461BF0E0FA4D444FF00008C7F8EE
:1027700004901EE00020F8610646F0E7FE6107F1D4
:1027800034000026EBE700253B6A33BB002D3BD02D
:10279000D7F8803013F0010F26D0731C06F13002F9
:1027A00007F12801561806F8149CDEB208F101085A
:1027B00025467B6A984549D22C4614F802AB95F819
:1027C00001905BF82930524A9342DCD3514A93423C
:1027D00001D30025D8E70125D6E75146786912F0E4
:1027E00001FB0028D2D0E1E7D7F8803013F0040FC6
:1027F000DCD0FA69531C303207F128010A4402F890
:10280000249CDBB2FB61D1E7D7F8803013F0020FD4
:1028100009D0731C06F1300207F12801561806F89A
:10282000149CDEB2C2E7F9694B1C01F1300207F1DA
:102830002800024402F824AC8A1CD2B2FA6107F1E3
:10284000580252FA83F303F8249CAFE7D7F80490B8
:102850009BF8003087F854309BF80130334487F8F8
:102860005530D7F8803013F0020F0ED1FB69C3F357
:10287000470387F85730D7F8803013F0010F06D19F
:1028800013F0040F3DD1002302E00023F1E7002301
:1028900087F85630DBF800003863786DCBF800001D
:1028A000D7F80CA05246B9685846BB699847041E31
:1028B000FFF664AE386BCBF800005246F96907F1B9
:1028C0003400BB699847002857DB04EB0008B9685F
:1028D0004944786A01EB400152463869411A28465A
:1028E000BB699847041EFFF649AE08EB04054FF09C
:1028F00000087E62C7F820B0BE69D146D7F884B020
:102900001FE0FB69C4E700BF900D040044E503002D
:10291000ACE10300284404004FF0000A4A460121BC
:1029200007F12C00B047002829DB05445346224616
:102930004946304612F010FA002822DB054408F11F
:1029400001087B6A984511D208F1300307F128028B
:10295000134413F8143C87F82C303A6A52F8234099
:10296000BBF1000FD8D03BF818A0D7E7FA680021D8
:102970000846BB6998472C4600E60446FEE5044637
:10298000FCE50446FAE500BF80B505460E4617464D
:1029900098460FF083FB03461BF0FEFB0446DFF86E
:1029A000189049F80030424639463046A84754F856
:1029B000090001F083FE00BF0800000008B50446CE
:1029C000EFF31183402383F31288BFF36F8F0BF073
:1029D000F5FE204613F0D7FB024812F02EFA13F052
:1029E00005FCFCE7480E04002DE9F04383B00446E3
:1029F00008461546238B13F0080F05D103F0070690
:102A000000230093019354E0012909D043F02003EF
:102A1000238385F31188BFF36F8F03B0BDE8F08384
:102A200043F010032383F4E7204612F03DFD42E01B
:102A3000D4F814904A466946204612F04EFD4FF0F5
:102A40000008238B03F00707B74269D0A268002A69
:102A500066D0012243F00803238385F31188BFF376
:102A60006F8F002A64D1009B2BB14B463A466946D2
:102A7000204612F0ABFDB8F1000F02D034492046D9
:102A8000C047EFF31185402383F31288BFF36F8FA4
:102A9000238B23F008032383238B13F0100F4DD0D7
:102AA00023F0100323830120268B06F0070600285D
:102AB000AFD00228B8D00028ABD0013804282BD8DA
:102AC00001A353F820F000BF312A0200192B0200A5
:102AD000DD2A0200F12A0200052B02002369D3F847
:102AE00000800621204612F0B5FC4FF00009A8E74F
:102AF0002369D3F804800421204612F0ABFC4FF088
:102B000000099EE72369D3F808800521204612F0CA
:102B1000A1FC4FF0000994E74FF00008C14690E790
:102B2000009A0AB1002295E7B8F1000F92D1B3E7FD
:102B30004A463946204612F095FC94E713F0200FE0
:102B400004D023F0200323830220ADE70020ABE76D
:102B5000FB55030038B505460B4C00E010340B4B19
:102B60009C420FD263685B79002BF7D02946204640
:102B700012F018FE0028F1D023681B682946204671
:102B80009847EBE738BD00BF0CE603001CE60300E6
:102B900070B506460D46084C04E02A4631462046EC
:102BA00098471034054B9C4204D223689B69002B44
:102BB000F3D1F6E770BD00BF0CE603001CE603008E
:102BC0002DE9F041074605460AE007EA0807144BDD
:102BD00003EB06135B6804221968204600F0AAFA8A
:102BE000D5B195FAA5F6B6FA86F60D4C04EB0614A7
:102BF0000123B3406FEA030825EA0305237B002B7A
:102C0000EED03301064AD3581B69002BDDD0204695
:102C100098470028E4D1D8E73846BDE8F08100BFE6
:102C20000CE603002DE9F04180460F46204BBFF330
:102C30005B8F53E8005F6A1C43E800210029F8D14C
:102C4000BFF35B8F002D2FD11A4C002607E063687D
:102C500004221968204600F06DFA01361034164B34
:102C60009C4213D2237B002BF7D02368DB680BB187
:102C70002046984723681B69002BE8D020469847D8
:102C80000028E4D00123B3401D43E6E7B8F1000F6C
:102C90000BD055B12846FFF793FF0546002FF8D01B
:102CA0000A2012F085FDF4E700252846BDE8F081F2
:102CB000703B00200CE603001CE6030008B5064B41
:102CC000186018B1054B1B68092B00DC08BD0448CF
:102CD0000EF028FCFAE700BF643B00206C3B0020AC
:102CE0009409002008B502480EF01CFC08BD00BF86
:102CF0009409002030B589B000220F490F481AF01E
:102D00003EFE0F4D00220023CDE90623002404944B
:102D10000E2303930294019400940A4B4FF48862AB
:102D2000094928461AF05FFB084928460EF0D0FDF5
:102D3000204609B030BD00BFE52C0200F020002085
:102D4000F01B00208D300200004B0020740E0400A8
:102D5000014B53F820007047900E040048B108B5AD
:102D6000054A1060054B1960084600F097FC0020EA
:102D700008BD6FF015007047E8060020603B00209A
:102D800008B5054B1B781BB1034B01221A7008BD17
:102D900002480EF0C7FBF7E7B14A00209409002073
:102DA0000D4BBFF35B8F53E8001F013143E8001266
:102DB000002AF8D1BFF35B8F00B97047074BBFF310
:102DC0005B8F53E8001F013943E80012002AF8D155
:102DD000BFF35B8FF1E700BF683B00206C3B002036
:102DE000064B00200146BFF35B8F53E8000F43E81A
:102DF0000012002AF9D1BFF35B8F7047683B0020B7
:102E000038B5FFF7EDFF0546094C00E01034094BDB
:102E10009C420BD263685B79002BF7D023685B6818
:102E2000002BF3D0294620469847EFE738BD00BF76
:102E30000CE603001CE60300034B18680028D4BF0F
:102E400000200120704700BF683B002010B5044CF3
:102E50000449204612F065F9034B1C6010BD00BF09
:102E6000C00800207C0E04005C3B002008B5002355
:102E7000064A1370064A1360064A13604FF4004175
:102E80000548FFF76BFFFFF7E1FF08BDB24A0020DE
:102E9000683B00206C3B0020A957030008B50146A1
:102EA000014812F09BFC08BDC008002008B502488C
:102EB00012F018FA08BD00BFC008002008B501468E
:102EC000024B186812F090FC08BD00BF5C3B00206C
:102ED00008B5024812F08CFC08BD00BFC0080020F5
:102EE00010B582B000220023CDE90023284B1878CA
:102EF00008B902B010BD684612F092FC044688B1D1
:102F0000244BBFF35B8F53E8001F013943E80012E5
:102F1000002AF8D1BFF35B8F2046FFF71BFE204647
:102F2000FFF7CCFFFFF788FF58B91B4A13685168B9
:102F300013F57A7341F1000113605160FFF7C8FF88
:102F4000D7E71AF0ADFC4A0142EAD06243011B1AEE
:102F500062EB0102920042EA93729B001B1842EB63
:102F60000102D20042EA5372C3F3103343EA4243F0
:102F7000D20B0948016840685B1A62EB000240F21C
:102F8000E9318B4272F10002CFD3FFF739FFCCE772
:102F9000B14A00206C3B0020E82000200F4B1B783A
:102FA00003B1704710B500210120FFF73BFE0C4C28
:102FB00000E010340B4B9C4208D263685B79002B15
:102FC000F7D023689B6820469847F2E7FFF788FF11
:102FD0000028FBD1014B01221A7010BDB24A00201B
:102FE0000CE603001CE6030010B582B01A4BBFF3D9
:102FF0005B8F53E8002F511C43E800100028F8D1E4
:10300000BFF35B8F154B1B7863B9154B1B68B3B1CE
:10301000BAB1092A13D113481AF0BDFC12480EF0B8
:1030200081FA0CE0EFF31184402383F31288BFF39D
:103030006F8FFFF755FF84F31188BFF36F8F02B0D6
:1030400010BD00220023CDE900234FF400420023ED
:1030500004480FF0AFFAF2E76C3B0020B24A0020C0
:10306000643B0020F02000209409002010B50446A5
:10307000044B1B689847A0602146034812F0D4FB1C
:1030800010BD00BFE8060020C00800202DE9F04177
:1030900000210846FFF7C6FD804650B140F2676642
:1030A00000271BF079F8154B1858FFF707FE00258D
:1030B00015E04FF0FF364FF0FF37F2E74046FFF7DD
:1030C0007FFD804670B94FF0FF364FF0FF3709E0C3
:1030D0002C4632463B460A480EF04CFA2546B8F1DB
:1030E000000FEBD1FFF7FCFE04460028F6D1002DBF
:1030F000EED000210846FFF74BFDEAE7080000008C
:10310000940900200248034BC01AC008704700BF52
:103110000CE60300B4E4030010B50C46FFF7F2FF21
:10312000A04203D9024B53F8340010BD0020FCE745
:10313000B4E4030010B5084BC31A1B1101334468F3
:10314000237143689A7143681960436801225A7178
:10315000FFF716FE10BD00BF0CE6030000B589B0F6
:10316000059206930023079362B1074A0C9B0293D2
:103170000B9B01930A9B009305ABFFF7ADF909B0D8
:103180005DF804FB0022F1E7395803002DE9F04F08
:103190008BB004AF05461E468846C1F34A24002C76
:1031A00000F0898091460022FA603A617A61042336
:1031B0000293FB1801930A23009307F10C032146A5
:1031C0004846FFF789F9B0F5006F58D3D9F80410D5
:1031D0006D4600233B7302237B738AB004AC14F169
:1031E000100217D012201AB1042801DD3B4B636195
:1031F00000233B7002237B70CAB10346082800DD20
:10320000A1610C2B02DD40F2FF73E36104F12003A6
:1032100000210AE06FF00040E5E701F118063E44A6
:1032200016F8186C03F8016B01310129F5D9112842
:1032300022DD122342B10421397300217973B9735D
:103240000121F973F868206100216FF300016FF329
:1032500041016FF382016FF3C501022060F3881111
:10326000C3F30A0363F353210023C1F313011C4882
:1032700012F062FBAD462DE06FF01B03DAE760F35E
:103280005328C0F30A0A0AEB1850173020F0070041
:103290008008FFF703FE8346B0B104230293FB18B6
:1032A00001930A230093534600F110022146484639
:1032B000FFF754FF08E004EB1154173424F007041F
:1032C000A008FFF7EBFD83463346424629465846A1
:1032D00012F0C8FA1C37BD46BDE8F08FB00E0400EE
:1032E00084E50300406820B1034BC01A40F3CF00CF
:1032F00070474FF0FF307047B4E403000EB400B5E0
:1033000082B0014603AB53F8042B0193034801F04C
:103310002FFD02B05DF804EB03B07047635A030061
:1033200030B585B011F0440F05D01A4B1C6834B984
:10333000002005B030BD1849FFF7E0FFF9E7174B53
:103340001968B2FBF1F1B1FBF4FC154AA2FB0C3297
:10335000D20A4FF4616E0EFB12CE124BA3FB0E533A
:103360005B0904FB1C114FF47A7C0CFB01F1B1FBEF
:10337000F4F504FB15110CFB01F1B1FBF4F1029122
:103380000195C3EB0311AEEB810100910649FFF7F4
:10339000B5FFCEE7783B0020F00E0400743B002020
:1033A000C5B3A29189888888FC0E040061B108B574
:1033B0002AB1064A52F8232012B9054A00E0044A0D
:1033C0000449FFF79BFF08BD704700BF9C0F040036
:1033D000180F0400A43B04002DE9F04105461746F0
:1033E000069EDDF81C8081B900242EB132461149B9
:1033F0002846FFF783FF0444B8F1000F14D06FB1E3
:10340000099B042B13D00C4909E00C4B099A53F883
:1034100022200B49FFF772FF0446E6E706494246C1
:103420002846FFF76BFF04442046BDE8F0810549BC
:10343000F5E700BF340F0400240F0400B00F0400B0
:103440002C0F0400200F04002DE9F04F87B0054633
:103450000C46049205939DF84C7001F0020B01F0AC
:10346000010AC1F3C00801F4807912F0E3F918B33E
:10347000024616492846FFF741FF0646BBF1000FFA
:103480001CD13A465146284612F0ABFAB9F1000F6A
:1034900001D0002311930397129B0293119B019378
:1034A000109B00930023049A41462846FFF794FF9F
:1034B000304407B0BDE8F08F0026DFE7059A2146CB
:1034C0002846FFF72DFF0644DBE700BF380F040056
:1034D00011F0100F0BD108B511F0200F03D00449E3
:1034E000FFF70CFF08BD0349FFF708FFFAE7704735
:1034F000D41104003C0F04002DE9F04105460F46AD
:10350000164698460699FFF7E3FF0024444505DA7E
:1035100024492846FFF7F2FE0134F7E7002409E0CA
:1035200020492846FFF7EAFE0BE01F492846FFF72F
:10353000E5FE01340F2C0CDC002C02DD14F0070F2B
:10354000EED0B442F1D23A5D18492846FFF7D6FED4
:10355000EFE717492846FFF7D1FE002409E011499B
:103560002846FFF7CBFE0BE012492846FFF7C6FEC0
:1035700001340F2C13DC002C02DD14F0070FEED009
:10358000B44207D23A5D0C4B9B5C13F0970FEBD122
:103590002E22E9E703492846FFF7B0FEE8E7BDE839
:1035A000F08100BF300F0400480F0400400F0400FA
:1035B0004C0F0400500F0400174304002DE9F041A4
:1035C00084B004469DF82C500C9F0E9E95B9012B9B
:1035D0001ED019484FF0000827B13B462246174934
:1035E00011F0D0FBC6B905BB204612F02DFA04B08D
:1035F000BDE8F08103950A980290019300920B4672
:1036000000220F992046FFF71FFF80460C48E3E792
:103610000B484FF00008DFE70F9B0093434632460C
:103620000D99204612F0F5F9DDE72A460F9920465C
:1036300012F0E3F9D8E700BF9B5A0300714D020076
:10364000635A030070B582B00446056842F20F73F6
:103650008B4228BF0B460E4A052168460FF0E8FB57
:10366000064663685B680B220A49284612F0AAF9ED
:1036700063685B6832466946284612F0A3F96368BE
:103680005B681B220449284612F09CF902B070BD09
:10369000B4180400700F0400540F0400074B0122FB
:1036A0001A6004E04008054A13685B001360044B8D
:1036B0009842F7D8034B1860704700BF743B002056
:1036C00040420F00783B0020034B01221A70034B4D
:1036D000034A1A60704700BFB34A0020A43B002091
:1036E000A83B0020014B196000207047903B002050
:1036F00008B518B9074B00221A7008BD064B1B7895
:1037000023B141F2883019F029FAF6E7052012F0CA
:1037100006FAF2E7B34A0020B44A002038B504465E
:103720000A4B01221A700A4B1B782BB938BD651E53
:103730002046FFF7DDFF2C4600200CF093FF002809
:10374000F4D0024B1B78002BF1D1EFE7B34A0020F5
:10375000B44A0020F8B506460D4604270DE02A4677
:10376000314600200CF0C8FE044614E03846FFF74E
:10377000D5FFDCB9114B1B78C3B1114B1B78002B63
:10378000EDD10CF07FFF2A46314600200CF0B4FE4C
:1037900004460CF083FF002CE8D1084B1B78002B6B
:1037A000E7D0013F3846FFF7A3FFE2E714B9034B28
:1037B0001B7803B92C462046F8BD00BFB34A002051
:1037C000B44A002008B5034B01221A70024812F0D7
:1037D0003BF908BDB44A0020F00F040008B50248C8
:1037E000FFF730FF08BD00BFF00F040010B50C4616
:1037F000044B1868FFF7ACFA03460F222146024833
:10380000984710BD903B0020F00F0400014B03606F
:1038100000207047001004008446002300E00133BC
:10382000074A12689A4208DD1A010649096801EB45
:1038300003108A5C6245F2D100E00020704700BFAF
:10384000D8110400EC06002038B50C4B1B687BB186
:103850000C46FFF7E1FF054668B1C06828B119F0D2
:1038600083F910B12560002038BD6FF01200FBE72E
:103870006FF00C00F8E76FF00100F5E7EC060020B0
:1038800010B50C460A6843689A4204D84A68134443
:103890004B60012010BD044A0121044812F02AF8AF
:1038A00000206060F6E700BF00100400B4E40300ED
:1038B00030B585B00446C06801AA16F000FD054683
:1038C00078B9236A01998B4208D0E068029A83682C
:1038D0009B689847054658B9019B2362284605B066
:1038E00030BD0346064A0121064812F00DF8F5E7FF
:1038F0000346054A0121034812F006F8EEE700BF2F
:1039000020100400B4E403004410040070B582B039
:10391000466903691E44816819B90025284602B02A
:1039200070BD044631440139FFF7C2FF051E23DB99
:10393000E0688368DB6898470368A568B5FBF3F225
:1039400003FB12555DB15D1BE0688368DB68984737
:10395000A3682A460179206818441AF00DFAA36872
:103960002B44E068226881684D683146A8470546C7
:1039700050B9E369ABB926E000962B461C4A0121F9
:103980001C4811F0CCFFC9E7009603461A4A0121F2
:10399000184811F0C4FFC1E72068435DDB4343557D
:1039A0000135A368AB42F7D8E068226881680D68EA
:1039B0003146A847054668B9E3693246A1682068E0
:1039C0009847054668B92369A26813442361002318
:1039D000A360A3E70346094A0121064811F094FFBA
:1039E0009CE70346064A0121024811F08DFF95E746
:1039F00060100400B4E4030090100400B41004004C
:103A0000CC1004002DE9F04383B00A9FDDF82C8030
:103A1000002854D00C4691461E460546002951D038
:103A2000002A52D00093002301938B68DB6808467C
:103A300098470268B6FBF2F302FB1363002B2ED10A
:103A40006A462549204616F040FC019B002B3FD0DA
:103A500007EB080293422AD3A368DB682046984705
:103A60000268B7FBF2F302FB137303BBEC60C5F80B
:103A700000906E6000232B61AB606F61B8F1000FA6
:103A800002D1019BA3EB0708C5F818800C9BEB61E2
:103A90004FF0FF332B62002003B0BDE8F0830F4AE4
:103AA00001210F4811F026FF6FF00D00F4E70D4AD9
:103AB00001210B4811F01EFF6FF00D00ECE76FF0D5
:103AC0000D00E9E76FF00D00E6E76FF00D00E3E7AA
:103AD0006FF00D00E0E700BF81380200E010040045
:103AE000B4E403001811040008B5054811F0A5F965
:103AF000044811F0A2F9044811F09FF908BD00BF75
:103B00003C11040074110400A811040070B48DB0BD
:103B100006460D460DF1040C2B4C0FCCACE80F0003
:103B20000FCCACE80F0094E807008CE80700002EEB
:103B300045D03046002D44D000230FE015F8234037
:103B400005EB83014A78120442EA04628C7842EA67
:103B50000422C9780A4340F823200133032BEDD90E
:103B600006E0191F50F821104A4040F82320013385
:103B70002B2B20D85A1E50F8222013F0030FF0D11F
:103B80004FEA3262110E114C655CC2F30741615C71
:103B9000090441EA0561C2F30725655D41EA052193
:103BA000D2B2A25C114323F0030230326A4452F8CD
:103BB0002C2C4A40D5E701200DB070BC7047002086
:103BC000FAE70020F8E700BF84E603003C12040097
:103BD00000284ED070B584B01546064600294AD05C
:103BE000002A4AD010230A461946684612F098F86F
:103BF0002946684612F0AEF8002414E01DF80310C0
:103C00001F48415C0DF8031001330F2BF6D96846AD
:103C100012F0E1F8684612F058F9013405EB04118E
:103C2000684612F097F8082C01D80023EDE700232E
:103C300006E01DF8032012498A5C0DF803200133C9
:103C40000F2BF6D9684612F0C6F8611C05EB01117E
:103C5000684612F07FF810236A461946304612F083
:103C60005FF810220021684612F067F8012004B0C6
:103C700070BD002070470020F9E70020F7E700BF83
:103C80003C1204002DE9F04F87B000AF8146D0F818
:103C900000E0D0F804C085686E468AB06B4613F128
:103CA000100200F0878014218AB10846042903DD40
:103CB000DFF83C82C3F81480082801DDC3F818E05F
:103CC0000C2801DDC3F81CC0102800DD1D6213297B
:103CD00073DD14253AB10521397500217975B9755F
:103CE000F9757869186100216FF300016FF34101E4
:103CF0006FF382016FF3C501012363F38811C5F3EC
:103D00000A0565F353216FF31F5100237348FFF732
:103D10003DFAB546D9F80CE0D9F810C0D9F81450DE
:103D20006E468AB06B4613F1100249D014218AB155
:103D30000846042903DDDFF8BC81C3F81480082895
:103D400001DDC3F818E00C2801DDC3F81CC0102801
:103D500000DD1D62132936DD14253AB105213975C0
:103D600000217975B975F9757869186100216FF3CB
:103D700000016FF341016FF382016FF3C5014FF052
:103D8000010868F38811C5F30A0565F353216FF341
:103D90001F51524D00232846FFF7F8F9B546D9F8D0
:103DA0001C304F4A4146284611F0AEFD4FF0000B43
:103DB0005D4633E06FF0004176E76FF01B0589E761
:103DC0006FF00041B3E76FF01B05C6E76FF00040EE
:103DD00046E027286BDD28213AB10A2038750020FB
:103DE0007875B875F875786918616FF300046FF32A
:103DF00041046FF382046FF3C504012363F3881455
:103E0000C1F30A0161F353246FF31F5400232146C9
:103E10003248FFF7BBF9D7F80CD004350F2D49D83D
:103E200005F1080359F823A005F1010805F109037C
:103E300059F82330BB6005F1020C05F10A0359F86B
:103E400023307B6005F1030E05F10B0359F823B015
:103E5000C7F80CD08EB06B4613F11002B6D02820F4
:103E6000002AB6D00146042801DD1E4E5E610829F5
:103E700000DD9D610C2901DDC3F81CA0102901DDC6
:103E8000C3F82080142901DDBE685E62182901DDB7
:103E9000C3F828C01C2901DD7E68DE62202901DD0F
:103EA000C3F830E0242994DDC3F834B091E76FF013
:103EB0001B0191E7D9F86030084C0B4A01212046DC
:103EC00011F022FDD9F81830084A0121204611F0DE
:103ED0001BFD1C37BD46BDE8F08F00BFE4E50300C5
:103EE0009C130400AC130400F0130400001404003D
:103EF0003C1304006C13040038B504460D4611B1A0
:103F00000846FFF7BFFE012C04D0294620460CF0DE
:103F100061FF38BDEFF30583103B034A01210348DD
:103F200011F0F2FCF1E700BF30140400E4E50300F7
:103F300030BFFFF7FDBF00BF38B50446054D2A4628
:103F4000054919F0F1FE054A0021601919F014FF26
:103F500038BD00BF000000006CE603000400000054
:103F600070B50646064D074B1D444C1B2046FFF717
:103F7000E3FF083CC6F8A84005F1080070BD00BF8B
:103F80000000000004000000074B9B6893F90E201E
:103F9000002A08DB044A9269934204D0034A53681A
:103FA00043F0805353607047384A002000ED00E032
:103FB00081690D4B5A6942F480725A61BFF34F8F89
:103FC000BFF36F8F31F8021C5A6922F480725A6174
:103FD000BFF34F8FBFF36F8F4DF60273994201D03D
:103FE000002070470120704700ED00E04FF0000C0A
:103FF00083F800C002F07F4CBCF17F4F14D102F077
:104000000C0CBCF1080F04D012F0080F09D00846C0
:10401000704708B5054A0121054811F06BFC0020E6
:1040200008BD01221A707047002070474414040034
:10403000E4E5030008B52B4A01212B4811F05AFC96
:104040002A4B9B6A13F0007F21D11D20274B9B6ACE
:1040500013F0807F22D1254B9B6A13F4002F24D1CB
:10406000224B9B6A13F4802F26D1204B9B6A13F4BA
:10407000003F28D11D4B9B6A13F4803F2AD11B4A75
:10408000936A6FEA03436FEA1343936208BD184AC9
:104090000121154811F02EFC1E20D7E7154A0121F9
:1040A000114811F027FC1F20D5E7134A01210E48C3
:1040B00011F020FC2120D3E7104A01210A4811F019
:1040C00019FC2220D1E70E4A0121074811F012FC09
:1040D0002320CFE70B4A0121034811F00BFC2420D9
:1040E000CDE700BF70140400E4E5030000ED00E03C
:1040F000881404009C140400B8140400D8140400AC
:10410000001504001C15040008B500230B70034AB9
:104110000121034811F0EEFB08BD00BF4815040063
:10412000E4E5030090B583B000AF0F2923DC2F4CEA
:10413000103900233B7102237B718AB0EC461CF1DD
:1041400010021AD0122022B1042802DD284BCCF82C
:10415000143000233B7002237B70E2B10346082831
:1041600001DDCCF818400C2B01DDCCF81C100CF153
:10417000200300210DE01F4CDAE76FF00040E2E77A
:1041800001F1080404EB070E1EF808EC03F801EB3C
:1041900001310129F4D9112824DD12234AB1042167
:1041A000397100217971B9710121F9717868CCF800
:1041B000100000216FF300016FF341016FF38201E2
:1041C0006FF3C501012060F38811C3F30A0363F3A1
:1041D00053216FF31F5100230748FEF7D7FF0C3719
:1041E000BD4690BD6FF01B03D8E700BF6C150400FF
:1041F000A015040084150400E4E50300F8B50546A5
:104200000F461446374A0121374811F073FB374BEC
:104210009B6A13F4805F25D11626344B9B6A13F4F6
:10422000006F26D1314B9B6A13F4007F28D12F4BAE
:104230009B6A13F4806F3FD12C4B9B6A13F4807FF1
:1042400041D12A4B9B6A13F4005F43D1274A936AFA
:1042500043F47F4393620121284611F06DFF2070E3
:104260003046F8BD224A01211F4811F043FB1726B2
:10427000D3E7204A01211C4811F03CFB1826D1E766
:104280001D4A0121184811F035FB184A936B926AB8
:1042900012F4004F01D11926C9E7184A012112482A
:1042A00011F032FB37B1114A936A23F40043936251
:1042B0001926BCE71926BAE7114A01210A4811F06C
:1042C00019FB1A26B8E70F4A0121074811F012FB23
:1042D0001B26BBE70C4A0121034811F00BFB1C26EF
:1042E000B4E700BFB4150400E4E5030000ED00E00E
:1042F000CC150400E0150400F415040010160400A9
:1043000028160400441604005C1604002DE9F04150
:1043100004460F461546464A0121464811F0EAFA7E
:10432000454B9B6A13F0100F3CD11026424B9B6A01
:1043300013F0080F3DD1404B9B6A13F0020F3FD1A1
:104340006FF015083C4B9B6A13F0010F58D13A4BA4
:104350009B6A13F0200F5AD1374B9B6A13F0100F52
:1043600004D1354B9B6A13F0020F04D0324B5B68CB
:1043700013F4006F52D1304B9B6A13F0200F04D01E
:104380002D4A536A23F4005353622B4A936A43F035
:10439000FF0393620121204611F0CEFE28703046C3
:1043A000BDE8F081254A0121224811F0A3FA112627
:1043B000BCE7234A01211F4811F09CFA1226BAE7F4
:1043C000204A01211B4811F095FA1B4BD3F8348089
:1043D0009B6A13F0800F03D16FF015081326B1E725
:1043E0004346194A0121134811F08EFA37B1124A97
:1043F000936A23F0800393621326A3E71326A1E7B1
:10440000124A01210B4811F075FA14269FE7104A51
:104410000121084811F06EFA15269DE72146404615
:1044200000F0F0FA0028A6D080F309880226A2E75F
:104430008C160400E4E5030000ED00E0A41604007F
:10444000E0150400D8160400F01604000817040054
:104450005C16040070B506460D462B4A01212B4818
:1044600011F048FA00232B70294BDC6A14F0020487
:104470000AD1274BDB6A002B0DDB254BDC6A14F0DD
:1044800080440ED1204670BD224A01211F4811F000
:1044900031FA0024F6E7204A01211C4811F02AFADB
:1044A000F0E71E4A0121194811F024FA3046FFF7BF
:1044B0007FFD98B9164B9B6A13F0FF0F16D1144B72
:1044C0009C6A14F47F4418D1114B9B6AB3F5803F6A
:1044D000D8D33046FFF7AEFD0446D3E73368104A21
:1044E00001210A4811F010FA3468CBE72A4601216D
:1044F0003046FFF70BFF0446C4E72A460121304649
:10450000FFF77CFE0446BDE728170400E4E503003E
:1045100000ED00E040170400641704007417040065
:104520009417040030B59DB01A4B5C68C4F30804BE
:10453000002383F31188BFF36F8F0DF16E03FFF734
:1045400055FD05460DF16F02214611F0F7FD9DF86E
:104550006F300BB11DB030BD04466822294601A85A
:1045600019F0E2FB9DF86E304BB1089BC3F30802D3
:104570005AB96FEA53236FEA4323089305E0089B77
:1045800023F4FF7323F00103089301A92046FFF7EA
:10459000B3FCDFE700ED00E0024A536943F010038B
:1045A0005361704700ED00E0EFF30880EFF30981FD
:1045B00001B57246FFF7B6FF01BD00BF00201349E9
:1045C0000870002080F31488BFF36F8F0BF062F93E
:1045D00000200F490860BFF34F8F0E4880F3088812
:1045E00000F042F8402080F311880B484FF404613A
:1045F000401880F30988EFF314800221084380F308
:104600001488BFF36F8F00F061F90000BA4A0020F0
:1046100094ED00E0007B0020006D0020BFF34F8F81
:104620000549CA6802F4E062044B1343CB60BFF350
:104630004F8F00BFFDE700BF00ED00E00400FA056A
:10464000084BD3F89000C0F30720002306E0054A8A
:10465000C2F898300021C2F8A01001338342F6DB83
:10466000704700BF00ED00E010B572B6002484F37F
:104670001388FFF7E5FF234608E003F120010E4A07
:104680004FF0FF3042F821000133DBB2072BF4D9A1
:10469000002308E003F16001074A4FF0FF3042F8C1
:1046A00021000133DBB2072BF4D962B6BFF34F8F81
:1046B000BFF36F8F10BD00BF00E100E008B50A4BEB
:1046C0009B68834202D019F03AF808BDEFF30583E6
:1046D000002BF8D0054B5A6842F080525A605A6A53
:1046E00022F400425A62EEE7384A002000ED00E072
:1046F0000A4A9368C3F8AC006FF00A01C3F8B0101F
:1047000007494B6843F080534B60002383F31188C3
:10471000BFF36F8F9368D3F8B0007047384A00201A
:1047200000ED00E010B50346134A916881F8F500EA
:10473000EFF31181402181F31288BFF36F8F9069ED
:1047400090600E4A4FF000615160D0F8A8100C4AFA
:10475000116023F0FF0390F8F52043EA0204D0F83B
:10476000AC300022C0F8AC2083F31188BFF36F8F08
:1047700000F006FA204610BD384A002000ED00E0A7
:10478000C03B002019498A6882F8F5E04FF03000FC
:104790001044EFF3098C80E8F01F1EF0100F03D1D6
:1047A00002F1B40080EC108A74467046FFF7BAFF3D
:1047B000A6460E498A6886461EF0100F03D00023D5
:1047C000E1EE103A03E002F1B40090EC108AEFF34E
:1047D000148323F0040383F31488BFF36F8F02F173
:1047E000300090E8F01F8CF309887047384A0020A9
:1047F0001EF0040F0CBFEFF30880EFF3098081690E
:1048000011F8021C0229FFD001B511F089FC01BD8D
:10481000002807DB00F01F02400901239340024AF1
:1048200042F82030704700BF00E100E000280CDBB8
:1048300000F01F024009012393402030034A42F850
:104840002030BFF34F8FBFF36F8F704700E100E060
:10485000002808DB4901C9B200F1604000F5614061
:1048600080F80013704700F00F004901C9B2014BF6
:104870001954704714ED00E04209054B53F822200B
:1048800000F01F00012303FA00F01040704700BF42
:1048900000E100E00C4BD3F8882022F47002C3F84A
:1048A0008820D3F8882042F4A002C3F8882003F5BA
:1048B00000734FF040425A63BFF34F8FBFF36F8FC7
:1048C0000023E1EE103A704700ED00E008B5094B17
:1048D00023F07F03084A9360BFF34F8FBFF36F8FBE
:1048E000FFF7D8FF0CF024FC0DF0A4FC00F010F949
:1048F0000CF07EFC00C2000000ED00E010B4017B73
:1049000011F0020F09D0D0F898104031C0F898107B
:10491000D0F89C104039C0F89C10A2F12004154931
:1049200042F8081C21F0010142F8081C42F8203C22
:10493000019B42F81C3C029B42F8183C039B42F846
:10494000143C4FF0807342F8043C04650023C0F827
:10495000AC30C0F8F430FD2380F8F530037B13F061
:10496000020F03D04FF60853C0F8F4305DF8044B43
:10497000704700BF89290200037B13F0020F1ED18C
:1049800090F8F53013F0100F19D01D4A536B23F037
:1049900080435363D0F8F43013F0080F2DD023F088
:1049A0000803C0F8F430D0F89830403BC0F8983095
:1049B000D0F89C304033C0F89C3040207047104AFB
:1049C000536B43F080435363D0F8F43013F0080F77
:1049D0000DD143F00803C0F8F430D0F898304033DC
:1049E000C0F89830D0F89C30403BC0F89C30037B36
:1049F00043F002030373802070474020704700BFDC
:104A000000EF00E0164B9B68FBB1D3F8F42012F0E6
:104A1000080F0FD0802210F1160F0DD010B4D3F86C
:104A20009840A21A824212D8844214D98C4209D8E2
:104A300000200DE04022EEE7D3F898208A420CD8FF
:104A400000207047D3F8980002E000207047002053
:104A50005DF8044B70470020FAE7D3F898007047E0
:104A6000384A0020124B9B6883421BD1EFF3058329
:104A7000DBB9EFF31182402383F31288BFF36F8F0A
:104A8000037B23F002030373EFF3148323F0040387
:104A900083F31488BFF36F8F82F31188BFF36F8F96
:104AA000002070476FF0150070476FF015007047D9
:104AB000384A002008B505460E46144611F081FB21
:104AC0000C4B9D60D5F8A8200B4B1A60284600F0CF
:104AD00057F8A446644686F309884FF00000074B58
:104AE000984720464FF000014FF000024FF00003BE
:104AF000034C2047384A0020C03B0020DF61030000
:104B000089290200014B10221A61704700ED00E074
:104B1000002206E003F00F030949194440230B76F5
:104B20000132262A0ADC53B2002BF3DB03F1604387
:104B300003F56143402183F80013F1E7704700BF9C
:104B4000FCEC00E008B5EFF30583103B044A02EBF0
:104B5000C301496852F833008847FFF715FA08BDCA
:104B60001CE3030008B5034B034A0121034811F07D
:104B700061FC08BD0000012000000020B017040007
:104B800010B50446FFF7F8FE0346D4F89820121A31
:104B9000044802604360044B8360012111F04EFC25
:104BA00010BD00BFC43B002000000B15084AC2F82E
:104BB00098000B6823F01F03034343F01003C2F86F
:104BC0009C308B6843F00103C2F8A030704700BFEF
:104BD00000ED00E010B504460A4BD3F89030C3F363
:104BE0000723013B984203D8FFF7E0FF204610BDA2
:104BF0000346054A0121054810F086FE6FF01500B6
:104C0000F5E700BF00ED00E0C0170400CCE50300AD
:104C10002DE9F04780460F469A461646002409E0E3
:104C20002946F0B211F00FFB064610F1160F1AD00C
:104C300001360134BC4216DA04EB440508EB850565
:104C40006A68002AF5D0BAF1000FE9D0284611F0C1
:104C5000E9FA0028E4D12346044A0121044810F06F
:104C600053FE6FF015063046BDE8F087E8170400E4
:104C7000CCE5030010B5034C01232278FFF7C8FFF1
:104C8000207010BDB54A002008B500230B4A1278E9
:104C9000FFF7BEFF10F1160F0FD0024606E0084BDB
:104CA000C3F898200021C3F8A0100132044BD3F8B8
:104CB0009030C3F307239342F1DC08BDB54A0020CE
:104CC00000ED00E0044B0522C3F89420BFF34F8FA2
:104CD000BFF36F8F704700BF00ED00E0BFF35F8F41
:104CE000024B0022C3F89420704700BF00ED00E0A3
:104CF00038B51C4B1D681C4BD3F89030C3F3072309
:104D00009D422BD8FFF7EAFF002409E0154B5B68B2
:104D100004EB440103EB81012046FFF747FF013418
:104D2000A542F3D81148057011F0ACFA10F1160F36
:104D300013D00E4B1A780C4BD3F89030C3F30723E3
:104D40009A4207DA084BC3F898200021C3F8A01054
:104D50000132F0E7FFF7B6FF002038BD4FF0FF301B
:104D6000FBE700BF0C18040000ED00E0B54A00208E
:104D700030B587B00D46114600240094019402948A
:104D800003940494059402228DF80220044A0192AF
:104D9000049005951A4668460EF012F907B030BD2A
:104DA0004564030008B5064921F00701C1F100522E
:104DB00002F5803203480FF02EFF002008BD00BF2F
:104DC000EBDA0020D03B00200123044AC2F8403532
:104DD0004FF08042C2F878350020704700E0014073
:104DE00030B108B5034B800143F00103984708BD7B
:104DF000704700BFE0E8030010B5064C01E098479B
:104E00000434054B9C4203D22368002BF7D1F7E70B
:104E1000002010BD60E603006CE603000146094B6C
:104E2000186808B1036804E0034602E01A46184611
:104E3000134630B142898A4203D0002BF6D01A685B
:104E4000F5E77047DC3B00200B4B1A680AB113688A
:104E500004E0134602E019461A460B4632B1518966
:104E6000814203D0002BF6D01968F5E70AB1D0686B
:104E700070470020704700BFDC3B00200023036028
:104E8000054B5B681BB11860034B58607047024BC1
:104E900058601860704700BFDC3B00202DE9F041EE
:104EA00082B004460E46904685682F1D0221384682
:104EB00017F097FDF0B94FF000080221384617F0BF
:104EC0009AFD18EA000F29D06A682B68DB68D21AAD
:104ED000083A6946304611F0D1FA6B682A68D16801
:104EE0005B1A13826946204611F009FB002002B0CC
:104EF000BDE8F08102220A49384617F056FD10B984
:104F00004FF00008D9E74146384617F023FD10B1AD
:104F10004FF00108D1E74FF00008CEE70720E6E7A1
:104F2000401804000AB90120704770B504460D46C8
:104F30001646A0F84810A0F84A200322194917F095
:104F400034FD08B9002070BD0221204617F049FD4C
:104F500008B90020F7E705221349204617F025FD80
:104F600008B90020EFE72946204617F0FEFC08B9F3
:104F70000020E8E702220D49204617F016FD08B987
:104F80000020E0E73146204617F0EFFC08B900208A
:104F9000D9E70221204617F02EFD08B10120D2E703
:104FA0000020D0E78C0F04004418040040180400CF
:104FB0002DE9F04190B0836813F0030F1DD107462F
:104FC00010F01BFE00EB00231B0443EA002340EA21
:104FD0000305D7F808800026B0452ADDA8EB0604B3
:104FE0003F2C00D9402423466A463146384610F00B
:104FF000ADFD002803DB002314E011F029FA03467D
:105000000F4A01210F4810F07FFC0B2014E0B3EB96
:10501000A20F0CDA10AA02EB830252F8402C954240
:1050200009D101332246002CF1DAE21CEFE74036C9
:10503000D2E7012000E0002010B0BDE8F08100BF01
:105040004C180400ACE5030010B584B011F02EFC40
:10505000041E2DDB03A9E0B2FEF7F6FB00280CDBF3
:105060000398FFF7A5FF044680B101281ED00398DE
:1050700010F06BFD204604B010BD009023460D4A91
:1050800001210D4810F04BFC0A24F3E703988268D5
:10509000002110F091FD04460028E8D00346074A9D
:1050A0000121054810F030FC0D24E0E70024DEE784
:1050B0000E24DFE774180400ACE503009818040020
:1050C000F0B585B00F4615461E4611F0EFFB041EE5
:1050D00023DB03A9E0B2FEF7B7FB68B933462A46E3
:1050E0003946039810F032FD0446039810F02DFD68
:1050F0005CB9204605B0F0BD00902346084A012166
:10510000084810F00CFC0A24F3E72346064A012164
:10511000044810F0F9FB0B24EBE70E24E9E700BF8D
:1051200074180400ACE50300B818040070B50C4610
:1051300015461E4628B9094B1978094810F0D0FDCC
:1051400038B933462A462146054810F0A6FD10B965
:1051500070BD0A20FCE70C20FAE700BF0C3E0020DF
:10516000E43B002000230B604B608B60CB600B6145
:105170004B614368B3F1FF3F00F0828070B586B0A9
:1051800005460C46002B66D103691F2B57D983684F
:10519000B3F1FF3F55D00B6000234B60C668326807
:1051A0003B4B9A424FD18269202A4ED842B1394BAB
:1051B0001B68B3F1FF3F03D0364B1B7B9A4221D0D3
:1051C000286811F07CFBE060002840DB03A9C0B236
:1051D000FEF73AFBE8B9AA68039883689A4221D897
:1051E00010F0B3FC2B7F002B44D004A811F08AFCF4
:1051F00078BB06F1140104A811F075FB002839DB17
:105200001B2040E04169244818F0BEFD0028D7D19A
:1052100039E0E3680090214A0121214810F07FFB2A
:105220000A2030E010F091FCAB68039A926800927B
:105230001C4A01211A4810F072FB1E2023E01620A0
:1052400021E015201FE017201DE018201BE0092099
:1052500019E01A2017E00F4B1A68CA60996821609C
:105260000022626042685B689A420BD103691A446B
:1052700091420AD32B69A36001232374002002E02A
:1052800014207047002006B070BD1F20FBE700BF50
:105290003DB8F3960C3E0020193E0020741804001F
:1052A000ACE50300DC18040070B584B00D4611F0C5
:1052B000FDFA041E18DB03A9E0B2FEF7C5FA0646A4
:1052C00048B9039810F099FC2870039810F03DFC41
:1052D000304604B070BD00902346044A01210448C2
:1052E00010F01DFB0A26F3E70E26F1E77418040000
:1052F000ACE50300F0B595B005460C46174604AA88
:1053000002922023039313AB6946204600F0B6FABD
:1053100010B1012015B0F0BD06460F21284617F048
:1053200060FB10B906F00100F4E704224449284666
:1053300017F03BFB0028F5D004F00101284617F0D8
:1053400014FB0028EED007223E49284617F02DFB1B
:105350000028E7D00CA9684600F00CFA002869DBA9
:1053600000238DF8483019220CA9284617F027FB96
:105370000028D7D004223449284617F016FB00280D
:10538000D0D002A9284617F006FB0028CAD0082270
:105390002E49284617F009FB0028C3D0139B13F0B1
:1053A000100F0CBF01210021284617F036FB002802
:1053B000B8D007222649284617F0F7FA0028B1D0BE
:1053C000C7F34001284617F028FB0028AAD009227D
:1053D0002049284617F0E9FA0028A3D0C7F3800136
:1053E000284617F01AFB00289CD006221A492846A6
:1053F00017F0DBFA002895D007F00101284617F0D6
:105400000CFB00288ED009221449284617F0CDFA4B
:10541000002887D0C7F3C001284617F0FEFA0028FD
:1054200080D00F21284617F0E6FA00283FF47AAF23
:10543000012677E705220A49284617F0B6FA97E7CA
:105440000019040008190400FC30040018190400B5
:10545000241904002C190400381904004019040010
:10546000101904002DE9F04383B000AF06468846CA
:10547000154611F01BFA391DC0B2FEF7E5F90028F8
:1054800064D12A46B04514BF00210121786815F087
:10549000D6FE044600284FD0E9468AB06B4613F189
:1054A000100240D018209AB10146042803DDDFF82D
:1054B000A4C0C3F814C0082900DD9C610C2900DDDC
:1054C000DE61102901DDC3F82080142900DD5D6252
:1054D00017282BDD18253AB1062139700021797083
:1054E000B970F9703868186100216FF300016FF32B
:1054F00041016FF382016FF3C501012363F388114A
:10550000C5F30A0363F353216FF31F5100231048BF
:10551000FDF73CFECD46012C0DD0042C14D0032CFD
:1055200007D0012408E06FF00040BCE76FF01B05D6
:10553000D1E7172400E00C24786810F006FB204621
:105540000C37BD46BDE8F0831D24F5E70A24F6E7D5
:10555000ACE503004C1904002DE9F04383B08568E5
:10556000043506224149284617F01FFA90B9002455
:1055700011F094FA002604B1AEB12CB102212846F4
:1055800017F034FA00285DD111F089FA072003B032
:10559000BDE8F0830221284617F01EFA08B1012465
:1055A000E6E70024E4E700238DF807300DF107015A
:1055B000304611F0B8F90746304611F071FA04464A
:1055C00080F001089DF80730022B0AD04FF0050942
:1055D000A74209D0A3B1022B14D0012B14D000276D
:1055E00003E04FF00109F3E70027444518DA4A4683
:1055F00021462846FFF77EFE40B900240136BAE76F
:105600000A27F2E70427F0E70227EEE73A46414689
:105610002846FFF76FFE08B10124EFE70024EDE70D
:105620003A4641462846FFF765FE08B90024E5E7FB
:105630004A4621462846FFF75DFE08B10124DDE712
:105640000024DBE70B220A49284617F0AEF920B107
:105650000021284617F07EF918B911F020FA07202A
:1056600095E711F01CFA002091E700BFA019040093
:10567000A8190400F0B597B0054600238DF85730FF
:10568000149312AA12931393364908910421099195
:1056900035490A910B928DF83030344A0D92072229
:1056A0000E92334A0F920DF1570210928DF844304A
:1056B0008068071D686814AB022208A9043011F045
:1056C0006FF8041E0CBF0126002646D111F0E6F942
:1056D000139AEAB99DF857309BB111F0E3F911F034
:1056E000DFF99DF8571011F06CF958BB2846FFF709
:1056F00033FF054668BB11F0D2F986B3204617B0D8
:10570000F0BD182201213846FFF70CFC0646F2E7EF
:10571000202A06D0182201213846FFF703FC06464E
:10572000E9E71299684618F0FFFA0021684611F07F
:10573000CBF90028D5DA082201213846FFF7F2FB21
:105740000646D8E782B201213846FFF7EBFB064652
:10575000D1E711F0A4F92C46D0E70324CEE70724C3
:10576000CCE700BFFC300400E9C40300B419040016
:105770008DC5030070B582B004460E46437842885A
:105780000192009303780F4A192130460DF050FB27
:10579000051E0EDB63680BB900200BE00A4AC5F159
:1057A000190170190DF044FB002803DA4FF0FF30A7
:1057B00003E00020002D02DB284402B070BD4FF052
:1057C000FF30FAE7BC190400C8190400042810D9F6
:1057D0001C281CD8092814D3012383400D4A1342E6
:1057E00011D10D4A1A4082B913F4004F07D101209C
:1057F0007047032801D2012070470520704702201E
:105800007047012070470320704706207047012031
:10581000704700BF004078030002001810B5054C27
:1058200030220021204618F0A7FA4FF0FF33236002
:1058300010BD00BF0C3E002008B50248FFF71EFB5C
:1058400008BD00BFF006002010B5846804340322B0
:105850000849204617F0A9F808B9072010BD064BE3
:105860005968204617F08CF808B10020F6E70720A9
:10587000F4E700BF90EB03000C3E0020F0B58DB0C4
:1058800004460E4615461F460DF10301FFF70CFDB9
:10589000002840F08180202304AA00212046FFF741
:1058A0000FFC0246002878D12EB108229DF8031083
:1058B000304618F061FA9DF8033003EB032212041E
:1058C00042EA03221343049A39498A4203D09A4296
:1058D00025D0172261E01EB109AB03CB30607160A7
:1058E0000FB1089B3B60BDF81830079A1344029330
:1058F00046F6081301AA02A9204611F0B4F810B91F
:10590000019B043B029346F6071301AA02A9204615
:1059100011F0A9F80746002842D100260FE0032223
:105920003BE0BDF80E104FF6FF72914217D10522F1
:1059300033E0BDF80E30029A134404330293029907
:105940000A1D019B9A4224D8042303AA2046FFF78C
:10595000B7FB024608BBBDF80C30FF2BE1D0102B83
:10596000E7D1BDF80E30202BE3D1DEB9029B191D23
:10597000029165B12433019A934215D820232A4617
:105980002046FFF79DFB024638B90126D7E70126DE
:10599000D5E75EB13A4600E0022210460DB0F0BDF8
:1059A0000422FAE70622F8E70722F6E70822F4E7DE
:1059B0003DB8F39670B58AB085684468043411F038
:1059C00071F811F06DF880F0010007900023069344
:1059D0001A4A019204220292194A039207AA0492D7
:1059E0008DF8143006AB012201A9204610F0D8FE34
:1059F00010BB0435064600231A4608A90798FFF78E
:105A00003DFF18B9079810F0AFFF48B90798FFF7A6
:105A10001BFB0446FFF702FF44B930460AB070BDD5
:105A2000092201212846FFF77DFAF6E7A2B20121FB
:105A30002846FFF777FAF0E70326EEE7001904009F
:105A4000D5C403002DE9F04FAFB00546866847681E
:105A5000043700242D940DF194082022214640465D
:105A600018F08AF94FF0FF33269327936D4B00937C
:105A7000052301936C4B0293CDF80C808DF81040F8
:105A80006A4B059304230693694A079228AB08934F
:105A90008DF82440674B0A9303230B9366490C91BE
:105AA00027A80D908DF8384064480F9010931191FD
:105AB00026A912918DF84C406149149115931692C4
:105AC0002AAB17938DF860405E4B199307231A9306
:105AD0005D4B1B932CAB1C938DF874402DAB0622B1
:105AE0006946384610F05CFE041E0CBF4FF00108FA
:105AF0004FF0000840F0918004361EA925A8FFF75A
:105B000031FB074600282BD19DF88890B9F1000F92
:105B100035D04E4B219A1A601E9A9A60DDF898A0F3
:105B2000BAF1000F30D0299B002B53D0474A51685F
:105B30000B44926893423ED00023209A2899504605
:105B4000FFF7F4FA0746002837D1404A53682099F6
:105B50000B445360926893423ED04FF000093BE003
:105B600003463B4A01213B480FF0CEFEBAB2012169
:105B70003046FFF7D7F980464FF000092CE0284661
:105B8000FFF762FE04463BE000225A60DDF8ACB04D
:105B900083F80CB05A462A9903F10D0018F0C4F8A6
:105BA0000BF10800294B1844CBF1200200210530ED
:105BB00018F0E2F8B7E74B46BFE70346264A012153
:105BC00024480FF0A1FEBAB201213046FFF7AAF92E
:105BD000804601E04FF000091C4B59689B683A462B
:105BE000994214BF002101212698B0FA80F04009A3
:105BF00010F05AFF47B1FFF711FEB8F1000F0ED0B9
:105C000020462FB0BDE8F08F2846FFF71DFEB9F102
:105C1000000FF2D0FFF702FEEFE70324F0E70724BE
:105C2000EEE700BFCC190400D5C403006C3E0400AD
:105C3000E9C40300D4190400DFC4030090EB03009F
:105C4000D8190400DC1904008DC503000C3E0020A7
:105C5000E4190400ACE50300041A040008B5024886
:105C6000FFF70CF908BD00BF0007002030B589B070
:105C70008468406806AA002306930793254900918B
:105C8000052101912449029103928DF8103005AB52
:105C900001226946043010F083FD88BB04340546B8
:105CA000059B7BB90A221D49204616F07EFE08B9E5
:105CB000072526E007221A49204616F076FE00BB8B
:105CC00007251EE0134A0121684610F0C8FDD8B12F
:105CD000079A042A1AD10699124818F055F8054671
:105CE000B0B904220F49204616F05FFE08B9072517
:105CF00007E00321204616F02DFE10B9072500E02D
:105D00000325284609B030BD0325FAE70325F8E747
:105D10000325F6E7701A0400F3C40300781A0400A0
:105D2000841A04008C1A040010B584680434082214
:105D30000F49204616F039FE08B9072010BD40F67D
:105D4000AB11204616F011FE08B90720F6E709222C
:105D50000849204616F029FE08B90720EEE704217D
:105D6000204616F002FE08B10020E7E70720E5E72D
:105D7000941A0400A01A040008B54FF4005200233E
:105D800002480BF095FD002008BD00BFC8020020AE
:105D900030B589B04568846806A900230693079347
:105DA000114A0092012201921048029003918DF84D
:105DB000103005AB6946281D10F0F2FC80B90434A0
:105DC000054601220A49204616F0EFFD08B90725CD
:105DD00007E006A9204616F0E3FD10B9072500E00C
:105DE0000325284609B030BDC8100400F3C40300E1
:105DF0006423040010B582B0074C204617F025FA42
:105E0000064B009303234FF4046205492046F6F73E
:105E1000BFFB002002B010BD282100202C1B040075
:105E2000804F002008B500220023024813F057FEDF
:105E300008BD00BFCC0A0020836A6BB110B50446D0
:105E400010F0C0FE0649204617F060F904F110007A
:105E500017F028F8002010BD6FF01500704700BF44
:105E60005D6B030010B50446103013F075FE21463B
:105E7000014817F0B5F910BD28210020836B002BD5
:105E80003BD0F0B587B004460F4617F086F910F006
:105E9000050F03D1684617F005F807E0204617F014
:105EA000C5F9F7E73146684613F056FE04F11005D0
:105EB00000220023284613F018FE064668B1A36BA3
:105EC0003946304698470028ECD12146304610F03C
:105ED0006DFEEBE7284613F03FFE002200236846E4
:105EE00013F003FE01460028F4D123691BB12146BB
:105EF000024817F075F907B0F0BD7047282100205F
:105F000000230BB10020704703EB0312054951F841
:105F10003220824201D00133F3E703EB031301EB9C
:105F2000C300704740220020F0B583B000AF0546A3
:105F3000FFF7E6FF044629462948FFF79FFFA4B173
:105F4000002584F86950204640F8085B17F0D4F922
:105F500004F1380017F0D0F984F8685004F16C00AF
:105F60000BF0E0FA0C37BD46F0BD6E4688B06B46CC
:105F700013F110022DD00C213AB10846042901DD9D
:105F8000184C5C61082800DD9D610B2924DD0C2480
:105F90003AB10321397100217971B971F9717868C9
:105FA000186100216FF300016FF341016FF382016B
:105FB0006FF3C501012363F38811C4F30A0363F38C
:105FC00053216FF31F5100230748FDF7DFF8B54653
:105FD000C8E76FF00041CFE76FF01B04D8E700BFC0
:105FE0003C3E0020341B0400BCE5030070B50024D7
:105FF0000CB1002070BD04EB0413214A52F8333079
:106000000BB10134F4E704EB041342F8330000252C
:1060100002E0234693B101251DBB1A48027804EB28
:106020000411174B03EBC10383F86920531CDBB247
:106030000370002BEDD1931C0370EAE79C420ED055
:1060400003EB03110E4850F8311041B103EB03107C
:106050000B4901EBC00191F869108A42DCD0013391
:10606000D8E7260104EB0410C0006830044D284432
:1060700004300BF0A7FA264405EBC600BAE700BFD0
:1060800040220020B64A002010B50C46084810F007
:106090009EFD002800DB04B110BD054C204610F029
:1060A00005FE002303600371204610F0F1FDF3E7C5
:1060B0003C3E002030B583B00446FFF721FF60B1BD
:1060C000054690F8683013F0010F08D04FF42032E5
:1060D000002305F108000BF0F3FB03B030BD084AC4
:1060E0006B4692E8030083E803001946204610F04F
:1060F00018FE95F8683043F0010385F86830E5E74D
:10610000B0E603002DE9F04782B000AF80461546A7
:106110001C46FFF7F5FED0B18146DFF8F8A05046E7
:1061200010F055FD064622462946504610F057FD10
:10613000054610F10C0F66D0002845DB002E50DB21
:10614000002D5BD020460837BD46BDE8F0876D4680
:1061500088B06B4613F1100230D00C2142B10846D2
:10616000042901DD294C5C61082801DDC3F8188091
:106170000B2926DD0C243AB10321397100217971F4
:10618000B971F9717868186100216FF300016FF33C
:1061900041016FF382016FF3C501012363F388119D
:1061A000C4F30A0363F353216FF31F51002318480C
:1061B000FCF7ECFFAD466FF01000C4E76FF0004154
:1061C000CCE76FF01B04D6E7504610F06FFD10B11E
:1061D0000022026002710F4810F05AFD6FF01200A9
:1061E000B1E70C4810F062FD06464046FFF762FF3B
:1061F000C6F8008099F869303371A1E7002105489D
:1062000010F02EFD9EE76FF010009CE7341B040099
:10621000BCE503003C3E002000B585B0024690F886
:10622000303013F0010F0CD009496B4603C983E8E5
:106230000300194652F8380C10F073FD05B05DF8F4
:1062400004FB02AB034903C983E803001946F1E7E5
:10625000B0E60300B8E6030010B582B004466B4612
:10626000084A92E8030083E80300194654F8080C32
:1062700010F057FD94F8603023F0010384F860308B
:1062800002B010BDB8E603002DE9F04F93B004460C
:1062900000230C930D930E930F9310931193424B85
:1062A0000D93C3680E93414B109310F003FD00282B
:1062B00068D0804603A903F093FE054601900028AC
:1062C00062D19DF82C30022B0BD0052504F118006B
:1062D00010F0F2FC204610F051FC284613B0BDE847
:1062E000F08F204610F039FD074600284ED040467A
:1062F000FFF706FE814600284AD090F86930002B4F
:1063000048D0227F934201D00525DFE700F16C0BD6
:1063100058460BF057F94FF0000A564618E0ADF812
:106320003C700CA9404606F0EBF9054610F10C0F45
:106330001DD0B8BB3E44B6B2E36833440E934FF071
:10634000FF324FF0FF3358460BF014F94FF0010ABB
:10635000238AB342BAD999F86920EAB1217F8A42E7
:106360001CD1F2199A42DADD9B1B9FB2D7E7BAF132
:10637000000F03D1132F13D9C7F34F070BF0CCFD38
:10638000019DE5E70525A1E705259FE701259DE797
:1063900005259BE7052599E7052597E7052595E759
:1063A000022593E7012591E7B41B0400076D030064
:1063B00070B5002404B170BD250104EB0413D800AE
:1063C0000830074E0749304416F046FF2B19D80015
:1063D00038300549304416F03FFF0134EAE700BF8A
:1063E00040220020596202001962020010B5154BCC
:1063F00001221A70FFF7DCFF00247CB11248134B16
:106400008362134BC362134B0363134B4363134BFE
:106410008363FFF711FD034670B910BD04EB041050
:10642000C00068300E4B184404300122002116F0E1
:1064300062FD0134E4B2E0E70A4A01210A480FF0A4
:1064400063FAEAE7B64A00203C3E00208962020077
:106450005B6D0300C56C0300B96C0300D36C0300D3
:1064600040220020581B0400BCE5030008B5044886
:1064700016F07AFB08B1002008BD6FF01200FBE7B0
:10648000A4E20300F0B58BB004460D46164603782F
:10649000032B38D8DFE803F002212B311D4B93E8A2
:1064A00003000790ADF82010090C8DF822106379D5
:1064B0002279E178A07867780DF11C0CCDF814C032
:1064C00004970390029101920093A379124A3146F6
:1064D00028460CF0ADFC0BB0F0BD104B93E8030068
:1064E0000790ADF82010090C8DF82210DFE70C4A58
:1064F00007AB07CA03C31A80D9E70A4A07AB07CA22
:1065000003C31A80D3E7084A0A2107A80CF090FCBD
:10651000CDE700BF08F5030018F5030010F50300F0
:106520003CF5030048F50300B42E0400402928BFC1
:10653000402100238B421CD230B410F803C04FEA34
:106540001C1C5A000D4D15F80CC00D4C04F813C05E
:1065500010F803C00CF00F0C013215F80C50A554C4
:1065600001338B42E9D30648002200F8132030BCE7
:1065700070470348002200F813207047301C0400C5
:10658000A03E002010B5034C1E222146FFF77AFFE3
:10659000204610BD803E002070B584B002AE0024BD
:1065A00002940394084B0293084D284616F04DFEC2
:1065B00000960A234FF4A86205492846F5F7E8FF3C
:1065C000204604B070BD00BF441C0400C822002057
:1065D0000058002008B50146014816F058FE08BDD5
:1065E000C822002010B586468C460378012B18D0AF
:1065F000022B32D003B110BD224C0FCCCCF80000DE
:10660000CCF80410CCF80820CCF80C3023788CF8A7
:106610001030BEF802308CF80D301B0A8CF80E30AA
:10662000E9E7184C0FCCCCF80000CCF80410CCF8FB
:106630000820CCF80C3023788CF81030DEF80430C9
:106640008CF80D30C3F307228CF80E201A0C8CF84E
:106650000F201B0E8CF81030CDE70068DEF8041018
:10666000DEF80820DEF80C30CCF80000CCF804107E
:10667000CCF80820CCF80C309EF810308CF8103094
:10668000B9E700BF501C040038B50446054813F0B4
:1066900026FA054620B101210C3013F0A5FA2C761C
:1066A000284638BDA00A002010B513280ED091B19D
:1066B0000B4813F014FA044634B1012104F10C0024
:1066C00013F092FA01232376204610BD054813F0FB
:1066D00006FA0446F0E70120FFF7D6FF0446F3E789
:1066E0001C0A0020F80A002000238BB170470C4AD6
:1066F00032F8132032B940F47042094C24F81320C8
:10670000084AD1540133002BF1D05DF8044B704797
:10671000034A32F813200AB10133E6E710B4EAE77E
:10672000283F0020243F002040F4704000230BB19C
:1067300000207047064A32F81320824201D001330C
:10674000F5E7034A002122F81310024AD05C704793
:10675000283F0020243F0020C2685178084B83F86E
:1067600070105188A3F87210117983F87110B2F883
:106770000710A3F87410B2F80520A3F8762070472C
:10678000F8020020C268034BD2F80100D2F80510CD
:1067900003C37047D003002030B5C46804F1010C76
:1067A000094D4134AE46DCF80000DCF80410DCF89A
:1067B0000820DCF80C30AEE80F000CF1100C754628
:1067C000A445EFD130BD00BF78030020C268034B61
:1067D000D2F80100D2F8051003C3704770030020FF
:1067E00008B5C068013010F058FB024BC3E938010E
:1067F00008BD00BFF8020020032801D902487047F5
:10680000024B53F8200070479C1C040064250400D0
:10681000022807D1052901D903487047034B53F8D3
:1068200021007047004870479C1C04004C25040060
:10683000032801D902487047024B53F820007047E3
:106840009C1C04003C250400C3681B788BB9094BD1
:10685000BFF35B8F1A68BFF35B8F02F00902BFF3CF
:106860005B8F53E8001F43E800200028F9D1BFF3F5
:106870005B8F7047CC03002008B5C368B3F80120D4
:1068800091B209B1D97801B908BD0548A0F8042131
:10689000D9780A4600F5847016F02DFBF4E700BFA6
:1068A000F802002008B5C268084BB3F8043103B100
:1068B00008BDB2F801300548A0F8043191880A46B5
:1068C00000F5847016F017FBF2E700BFF802002015
:1068D00030B583B0054608464FF0000C63451AD921
:1068E00002EBCC0112F83C40AC4208D1038A4A7852
:1068F000934207D34B689847002003B030BD0CF19A
:10690000010CEBE70095054A012105480FF007F857
:106910006FF01500F1E76FF05E00EEE7A41C0400D5
:106920000CE5030008B5C3681B78034A022103483D
:106930000EF0EAFF08BD00BFC81C04000CE5030010
:10694000012801D00020704708B50622074B93F8B4
:106950006F0003F015FB00B108BD05220449034B8D
:1069600093F86F0003F00CFBF6E700BFF80200207D
:10697000101C040010B502F0BDFA1030BFF35B8F9D
:1069800050E8003F23F0800340E80032002AF7D1AE
:10699000BFF35B8F00210120FFF7D2FF044640B117
:1069A0003C234372002102F0E9FF204610F0C4FFAF
:1069B00010BD034A012103480EF09CFFF8E700BF19
:1069C000F01C04000CE5030038B5C368B3F80150AF
:1069D0001B7803B138BD0F21284603F015F9044692
:1069E00048B1002102F0CAFFA378012B0AD020464B
:1069F00010F0A2FFEEE72B46044A012104480EF0F6
:106A000083FFE7E7204610F097FFE3E7141D04003B
:106A10000CE5030010B5C368B3F80140012120461E
:106A200003F0F2F810B110F087FF10BD2346034ABF
:106A3000012103480EF068FFF7E700BF3C1D04008A
:106A40000CE503002DE9F04383B000AFD0F80C90C3
:106A500099F80040A3000133018A8B4202D84FF01D
:106A6000000899E06E468AB06D4615F110023BD0E1
:106A7000142092B18446042803DDDFF860E1C5F8F4
:106A800014E0BCF1080F00DDAC61BCF10C0F00DDBF
:106A9000EB61BCF1100F00DD2962132827DD142300
:106AA0003AB10521397100217971B971F9717868AC
:106AB000286100216FF300016FF341016FF3820140
:106AC0006FF3C501012060F38811C3F30A0363F378
:106AD00053216FF31F5100233D48FCF757FBB54688
:106AE0000C37BD46BDE8F0836FF00040C1E76FF0A2
:106AF0001B03D5E7013BE36182F31188BFF36F8F7E
:106B0000204602F007FD0AF00DFD24E0A16182F3AA
:106B10001188BFF36F8F002B34D0EFF31181402227
:106B200082F31288BFF36F8FDA68E2610022DA60C5
:106B30001A60626A002A47D01360636281F3118889
:106B4000BFF36F8F04F128000AF0AAFE204602F07E
:106B5000E1FC0AF0E7FC2E46751EADB2BEB1EFF3C4
:106B60001182402383F31288BFF36F8FE369002BF8
:106B7000C0D16369002BCAD019686161A0698342E2
:106B8000C5D1C3E7134A012111480EF0B3FE2046D8
:106B900010F0D2FE08F1010899F8003098459FDA0C
:106BA00009EB8803B3F80150B3F803600F212846BE
:106BB00003F02AF804460028CED12B46064A0121CC
:106BC00003480EF0A1FEE5E763622362B6E700BF6B
:106BD0000CE50300A81D04008C1D0400601D0400CA
:106BE00000B970472DE9F04182B00E4615460746C0
:106BF000464B0022BFF35B8F53E8004F43E8002170
:106C00000029F9D1BFF35B8FA046002C44D0204669
:106C100012F041FF00EB40003D4B03EB80035B882B
:106C2000BB4240D1AC420ED0204612F053FF0121AE
:106C3000217604F10C07384612F0D6FF2A8AE9685B
:106C4000384612F0DBFF204612F025FF00EB400033
:106C50002F4B03EB80035B680BB1002E47D020461F
:106C600012F019FF00EB4000294B03EB80039B68F7
:106C7000A3B3204612F00FFF254D00EB400005F8AE
:106C80002060204612F007FF00EB400005EB800576
:106C9000A8680AF047FC21E03B461E4A01211E4835
:106CA0000EF032FE1AE0204612F0F5FE00EB400036
:106CB000174B03EB80035B8800933B46174A012187
:106CC00015480EF02CFE114BBFF35B8F53E8008F7D
:106CD00043E80042002AF9D1BFF35B8FB8F1000FFF
:106CE00002D0404612F03CFF02B0BDE8F0812046E1
:106CF00012F0D1FE00EB4000054B03EB80035B6814
:106D00001A7A5968186810F078F9A8E73804002052
:106D10002C3F0020C01D04000CE50300E81D04000A
:106D200038B5C468B4F801500121284602F06CFF60
:106D300098B103462278BAB11A1DBFF35B8F52E8AF
:106D4000000F40F4005042E800010029F7D1BFF3E2
:106D50005B8F184610F0F0FD38BD2B46074A012125
:106D600007480EF0D1FDF7E7D4F80310D4F8072058
:106D7000C0F8AD10C0F8B120DEE700BF3C1D040034
:106D80000CE5030038B5044604210C3012F061FF15
:106D90004578224601784088FFF722FF05B938BDC3
:106DA00001480AF0BFFBFAE72004002038B504468A
:106DB00003210C3012F04DFF0578B0F80100E368B4
:106DC000197840F63542904204D02246FFF708FF7A
:106DD0003DB938BD0B46054A022105480EF094FD29
:106DE000F7E704480AF09EFBF3E700BF1C1E04000F
:106DF0000CE503002004002008B501210C3012F03E
:106E000028FF0378024A012102480EF07DFD08BDEB
:106E1000541E04000CE503002DE9F04182B000AFE0
:106E200005460C46FFF754FD10F15F0F03D00837FD
:106E3000BD46BDE8F081B4F810804146E068FFF738
:106E400075FB6E4602233B7104237B718AB06C464E
:106E500014F110021CD04FF0160C62B16346BCF165
:106E6000040F01DD25496161082B00DDA5610C2BB4
:106E700001DDC4F81C8002233B7004237B70A2B1A7
:106E8000BCF1100F00DD206204F1240300210AE0B0
:106E90006FF0004CE1E701F10800384410F8080CED
:106EA00003F8010B01310129F5D9BCF1150F22DDE1
:106EB000162342B10521397100217971B97101217F
:106EC000F9717868206100216FF300016FF34101CF
:106ED0006FF382016FF3C501022060F38811C3F3E1
:106EE0000A0363F353216FF31F5100230448FCF797
:106EF0004DF9B5469BE76FF01B03DAE7781E0400F7
:106F00000CE5030038B50446038A012B14D902218D
:106F10000C3012F09EFE054600780FF0D9FF10F0FD
:106F2000020F12D00423114A21462878FFF774FF7C
:106F3000204612F015FE38BD0D4A01210D480EF015
:106F4000E3FC204612F00CFEF5E740F6FB230A4A6C
:106F50000A490B480DF07FFF002383F31188BFF32C
:106F60006F8F0323184602DFDCE700BF9C25040077
:106F70009C1E04000CE50300B81E0400EC1E040077
:106F80001C1F040010B5044601210C3012F061FEF4
:106F90000723034A21460078FFF73EFF10BD00BFDC
:106FA000BC250400B0B582B000AF0C46FFF790FCE2
:106FB00010F15F0F02D00837BD46B0BD218AE068EE
:106FC000FFF7B4FA6D4600233B7102237B7188B052
:106FD0006C4614F1100214D04FF00E0C22B1BCF12B
:106FE000040F01DD224B636100233B7002237B70A1
:106FF000A2B1BCF1080F00DDA06104F11C03002167
:107000000AE06FF0004CE9E701F10800384410F89D
:10701000080C03F8010B01310129F5D9BCF10D0F62
:1070200022DD0E2342B10321397100217971B9713A
:107030000121F9717868206100216FF300016FF37D
:1070400041016FF382016FF3C501022060F38811E3
:10705000C3F30A0363F353216FF31F510023054861
:10706000FCF794F8AD46A6E76FF01B03DAE700BF24
:107070003C1F04000CE5030010B5044601210C3050
:1070800012F0E7FD0023034A21460078FFF78AFF4C
:1070900010BD00BFF425040008B50146074812F0F2
:1070A00028FD0749074816F09BF8031E00DB08BDC2
:1070B000054A012105480EF027FCF8E73C040020B2
:1070C0006C070020D8240020601F04000CE503009A
:1070D00070B582B00446038A032B18D904210C3002
:1070E00012F0B7FD42880088060BC0F30B006083E6
:1070F000FF236376238A934213D00092164A01211C
:1071000016480EF00CFC204612F02AFD07E0144A47
:10711000012112480EF0F8FB204612F021FD02B0CA
:1071200070BD0F2102F070FD054658B102F08CFDD4
:10713000607632462146284610F0CBFB284610F0F8
:10714000FBFBECE7638B074A012104480EF0DCFBF4
:10715000204612F005FDE2E7A41F04000CE5030041
:10716000801F0400C81F040010B5144812F0D6FC9C
:1071700088B10446037E012B0ED0032B0FD1FFF7FD
:10718000A7FF0F4BD3F844312BB10E490E4816F030
:1071900027F8031E0CDB10BDFFF7B4FEF1E70B4A26
:1071A00001210B480EF0B0FB204612F0D9FCE8E7B5
:1071B000084A012106480EF0A7FBECE73C0400203A
:1071C000F80200206C070020D8240020EC1F0400E7
:1071D0000CE50300601F04002DE9F84FC5682E88F8
:1071E0000121304602F010FDA8B30446B5F8028034
:1071F0001FFA88F3EE881FFA86FAAF881FFA87F91C
:107200002D891FFA85FBA3F11B0292B2E02A29D82F
:10721000AAF11B039BB2E02B2AD8A9F5A4739BB259
:1072200044F2481293422AD8ABF5A4739BB244F2BD
:10723000481293422AD8A4F8BC80A4F8BE70A4F8DF
:10724000C060A4F8C250204602F088FD204610F02D
:1072500073FBBDE8F88F3346104A012110480EF049
:1072600053FBF6E70F4A02210D480EF04DFBCFE726
:1072700053460D4A02210A480EF046FBCDE74B4625
:107280000A4A022106480EF03FFBCDE75B46084A5A
:10729000022103480EF038FBCDE700BF3C1D04007F
:1072A0000CE50300002004002C20040058200400FA
:1072B0008020040070B582B0C568B5F80160012176
:1072C000304602F0A1FC38B304462B781A2B2AD0A2
:1072D0002B78002B45D1B5F80330A4F89E30B5F8D3
:1072E0000530A4F8A430B5F80730A4F8A630231D63
:1072F000BFF35B8F53E8001F21F4807143E8001255
:10730000002AF7D1BFF35B8F204602F0D7FC20465E
:1073100010F012FB02B070BD3346244A012124480C
:107320000EF0F2FAF6E7C378012BD1D10A2104302E
:107330000FF088FE0028CBD1B4F8A030ADF80030B3
:10734000B4F8A230ADF80230B4F8A830ADF804308B
:10735000B4F8AA30ADF806306946204610F0F7FCC4
:10736000D5E7261D082130460FF0C8FD10B12B7857
:10737000202B0CD0BFF35B8F56E8003F23F48073C3
:1073800046E80032002AF7D1BFF35B8FBCE794F8E0
:10739000AC30002BEED0013B84F8AC304FF42032FF
:1073A000002304F158000AF083FAADE73C1D040005
:1073B0000CE5030010B50C460A604B609DF80830E0
:1073C0000B7212F068FB00EB4000024B03EB8003F2
:1073D0005C6010BD2C3F00202DE9F843064688462E
:1073E0004FF0FF324FF0FF33194812F078FB04469C
:1073F00058B300F10C070121384612F0F5FB4FF0AD
:10740000000984F81890204612F045FB114D00EB5E
:10741000400005EB80004680204612F03CFB00EB6C
:10742000400005EB8003C3F80890204612F033FBC0
:1074300000EB400005EB8005C5F8049003213846B9
:1074400012F0D6FB068080F802802046BDE8F88363
:10745000740A00202C3F0020F0B589B0074615467D
:107460000C4661B302AE01220021304615F043FD07
:10747000204612F010FB00EB4000334B03EB80037F
:107480009E60204612F086FB0146304812F064FBF5
:107490004FF4A022002330460AF06CF80646B0B93B
:1074A000204612F0F8FA00EB4000274B13F820605A
:1074B00016BB002D40D02C60002009B0F0BDFFF7B6
:1074C0008BFF04460028CDD16FF06800F5E740F24D
:1074D0004D131F4A1F4920480DF0BDFC3246394666
:1074E0001E480DF0B8FC002383F31188BFF36F8FA3
:1074F0000323184602DFD3E700963B46184A0221D1
:1075000018480EF00CFA204612F02AFB093E092E0C
:107510000FD8DFE806F0050E0E0B160E0E0E0E0845
:107520006FF06E00C9E76FF01500C6E76FF00C0052
:10753000C3E76FF00400C0E7204612F011FB002003
:10754000BBE76FF00B00B8E72C3F0020440400209D
:10755000B81E0400A82004001C1F0400B42004006E
:10756000E02004000CE5030010B582B0224BD3F8F4
:1075700064319B6813F0010F0DD101AA002140F680
:107580000340FFF769FF044668B90198FFF75CF90B
:10759000019812F0E5FA01AA002141F20300FFF779
:1075A0005BFF044610B1204602B010BD0198FFF702
:1075B0000DF9019812F0D4FA01AA002141F201005C
:1075C000FFF74AFF04460028EDD10198FFF7C4F801
:1075D000019812F0C5FA01AA002141F20200FFF75A
:1075E0003BFF04460028DED10198FFF7D5F801984B
:1075F00012F0B6FAD7E700BFF802002010B5082154
:1076000042F20100FFF7E8FE30B3044608210C30D7
:1076100012F0EEFA0246124B93F8D83013F0020F34
:1076200017D10F20002113F0200F01D040F04000AF
:107630000B4B93F8D93013F0090F01D040F40060E0
:107640000FF01AFC0022214642F20100FFF704FF6E
:1076500010BD2F200021E6E76FF06800F8E700BFBB
:10766000F802002010B582B0354B93F87C3013F04F
:10767000400F0AD001AA002142F20300FFF7ECFEFE
:10768000034650B1184602B010BD2E4A01212E48C3
:107690000EF030F96FF01203F4E70198FFF772F87B
:1076A000019812F05DFA01AA002142F20200FFF7F0
:1076B000D3FE03460028E5D10198FFF7DDF80198D5
:1076C00012F04EFA1E4B1F22A3F8202193F87C30B3
:1076D00013F0200F18D01A4B93F89C3013F0080FBA
:1076E0000ED001AA002142F21C00FFF7B5FE0346AE
:1076F0000028C7D10198FFF773F8019812F030FA0B
:10770000FFF77CFF0346BDE7022140F66D40FFF71F
:1077100063FE044680B102210C3012F069FA0123A5
:10772000037000224270214640F66D40FFF794FE40
:1077300003460028CFD0A5E76FF06803A2E700BF9B
:10774000F8020020FC2004000CE5030010B582B014
:107750000B4BB3F804311BB10024204602B010BD1E
:1077600001AA002141F20500FFF776FE0446002839
:10777000F3D10198FFF796F8019812F0F1F9ECE7D0
:10778000F802002010B5082140F60140FFF724FE62
:1077900088B1044608210C3012F02AFA0246074844
:1077A0004FF000510FF068FB0022214640F60140E7
:1077B000FFF752FE10BD6FF06800FBE71088000273
:1077C0002DE9F04184B000AF07F10C0200214FF623
:1077D0000140FFF741FE60BBFB68DC68B4F8016064
:1077E0003046FFF709F86D4600233B7202237B7297
:1077F0008AB0EC461CF1100221D04FF0120E2AB1D3
:10780000BEF1040F02DDAE4BCCF8143000233B7107
:1078100002237B7102B37346BEF1080F01DDCCF881
:1078200018000C2B01DDCCF81C600CF120030021AA
:1078300010E0A44A0221A4480EF05CF81BE16FF0AE
:10784000004EDCE701F11000384410F80C0C03F88E
:10785000010B01310129F5D9BEF1110F4FDD1223C2
:107860004AB10421397200217972B9720121F97289
:10787000B868CCF8100000216FF300016FF34101EC
:107880006FF382016FF3C501032060F38811C3F326
:107890000A0363F353216FF31F5100238A48FBF758
:1078A00075FCAD46B4F803603146B4F80100FEF74C
:1078B000AFFF6D4600233B7202237B728AB0EC4619
:1078C0001CF110021ED04FF0120E2AB1BEF1040FAF
:1078D00002DD7E4BCCF8143000233B7102237B7118
:1078E000EAB17346BEF1080F01DDCCF818000C2B8D
:1078F00001DDCCF81C600CF1200300210DE06FF0DD
:107900001B03ADE76FF0004EDFE701F110003844D4
:1079100010F80C0C03F8010B01310129F5D9BEF167
:10792000110F5ADD12234AB10421397200217972F4
:10793000B9720121F972B868CCF8100000216FF318
:1079400000016FF341016FF382016FF3C501032062
:1079500060F38811C3F30A0363F353216FF31F51DC
:1079600000235948FBF712FCAD4666793046FEF716
:107970005FFF94F806E0B4F80710D4F809806D466C
:1079800000233B7202237B728CB06C4614F1100210
:1079900026D04FF01E0C22B1BCF1040F01DD4C4B80
:1079A000636100233B7102237B7132B36346BCF1F8
:1079B000080F00DDA0610C2B00DDE661102B01DD5E
:1079C000C4F820E0142B00DD6162182B01DDC4F83F
:1079D000288004F12C0300210DE06FF01B03A2E7C7
:1079E0006FF0004CD7E701F11000384410F80C0C90
:1079F00003F8010B01310129F5D9BCF11D0F3EDD62
:107A00001E2342B10721397200217972B972012116
:107A1000F972B868206100216FF300016FF3410132
:107A20006FF382016FF3C501032060F38811C3F384
:107A30000A0363F353216FF31F5100232248FBF71E
:107A4000A5FBAD46F86812F08BF807F10C02002197
:107A50004FF60240FFF700FDA0B9F868C368B3F81D
:107A600001301C4CA4F8C13012F07AF894F8C130FF
:107A700013F0040F0CD11037BD46BDE8F0816FF054
:107A80001B03BEE7144A02210F480DF033FFF2E753
:107A900007F10C0200214FF60340FFF7DDFC40B96F
:107AA000F868C3685A780B4B83F8C02012F058F876
:107AB000E1E70A4A022104480DF01CFFDBE700BFA2
:107AC00044210400202104000CE50300602104008F
:107AD00078210400F8020020A8210400D421040029
:107AE00008B5FFF741FD034608B1184608BDFFF78A
:107AF000B9FD03460028F8D1114B93F87C3013F000
:107B0000200F0ED00E4BB3F8043183B1FFF73AFECD
:107B100003460028E9D1FFF753FE01F0A7F803461A
:107B2000E3E7FFF713FE03460028EFD0DDE7054A41
:107B3000012105480DF0DEFE6FF00403D5E700BF1C
:107B4000F8020020002204000CE5030070B582B0AA
:107B500006460C46124B93F99B30002B1DDAC4B13C
:107B60002546082C28BF082501AA002142F218004A
:107B7000FFF772FC034668B9019BD9682A460131B8
:107B8000304616F0D1F8019811F0EAFF2E44641B3C
:107B9000E5E70023184602B070BD6FF08503F9E7F2
:107BA000F8020020837A072B00D0704710B582B00E
:107BB00004460D2104300FF0A1F960B9E3782BB130
:107BC000164B93F8D83013F0080F04D020460FF06E
:107BD00052FA034658B9114B93F8D93013F0010FFC
:107BE00003D020460FF072F938B102B010BD0C4A34
:107BF00001210C480DF088FEEDE7002100910223E1
:107C00001A4620460FF087FA03460028EDD0064AB0
:107C1000012104480DF078FEE7E700BFF8020020DC
:107C2000242204000CE50300482204002DE9F04161
:107C300086B000AF0446B0F801603046FEF774FD30
:107C4000237853B13C2B05D06C4A02216C480DF0CF
:107C50005BFE32E0FEF78EFE2FE08046E278012ADE
:107C60002FD0224607F1080107F110000FF07EF92E
:107C700007F10801E078FEF763FE0546E378012B83
:107C800023D0ADB3224607F1080128460FF043F98F
:107C9000EB78012B00F088800721284601F06EFE6A
:107CA000B8F1000F40F0A28028460FF0A7FE28464A
:107CB000FFF778FF28460FF03FFE1837BD46BDE8B6
:107CC000F081504B93F86F30CBE701F013F900F1DE
:107CD0001003BFF35B8F53E8001F21F0800143E8DE
:107CE0000012002AF7D1BFF35B8F0FF091FCC8E7B9
:107CF000201DFEF747FC6D4600233B7102237B717C
:107D000088B06C4614F1100214D04FF00E0C22B162
:107D1000BCF1040F01DD3C4B636100233B70022387
:107D20007B70A2B1BCF1080F00DDA06104F11C035F
:107D300000210AE06FF0004CE9E701F11800384437
:107D400010F8180C03F8010B01310129F5D9BCF129
:107D50000D0F26DD0E2342B1032139710021797107
:107D6000B9710121F9717868206100216FF3000178
:107D70006FF341016FF382016FF3C501012060F3DE
:107D80008811C3F30A0363F353216FF31F510023D8
:107D90001B48FBF7FBF9AD46132130460FF084F981
:107DA0008BE76FF01B03D6E73869C5F88F00BA8AF6
:107DB000BB7DA5F8932085F8953001F09BF82B7AD0
:107DC000C3EBC3030F4A9918D358C5F89630888877
:107DD0008B79A5F89A0085F89C30D2F8E43013F03E
:107DE000400F3FF459AF01F059FA55E785F8098083
:107DF0000121284601F0C2FD56E700BF60220400C1
:107E00000CE50300F80200207C22040000B589B0D4
:107E1000C3681A788DF80020B3F80120ADF801206E
:107E2000DA788DF80320B3F80B20ADF81720B3F8FB
:107E30000D20ADF81920B3F80F20ADF81B205A7CA7
:107E40008DF81D20586801901A899B7AADF808209A
:107E50008DF80A30084B1A68CDF80B209B88ADF8D6
:107E60000F30CDF81120ADF8153068460FF078F9D5
:107E700009B05DF804FB00BF281C040010B58EB0EB
:107E80008646EC460C4C0FCCACE80F000FCCACE8AF
:107E90000F000FCCACE80F0094E803008CE803005F
:107EA000BEF10D0F02D905480EB010BD0EAB03EBAD
:107EB0008E0E5EF8380CF7E7C0E603009C1C040049
:107EC0002DE9F04182B000AFB54BDB79012B31D900
:107ED000DFF8E082B248FEF755FB6D4600233B71A8
:107EE00002237B710123BB710323FB718AB06E46B1
:107EF00016F1100221D04FF0140C22B1BCF1040F86
:107F000001DDA84B736100233B7002237B7022B11B
:107F1000BCF1080F01DDC6F818800123BB700323F4
:107F2000FB70BAB1BCF10C0F00DDF06106F120036B
:107F300000210DE0DFF88082CCE76FF0004CDCE739
:107F400001F10800384410F8080C03F8010B013166
:107F50000329F5D9BCF1130F23DD142342B1042109
:107F6000397100217971B9710221F9717868306134
:107F700000216FF300016FF341016FF382016FF392
:107F8000C501032060F38811C3F30A0363F353218F
:107F90006FF31F5100238448FBF7F8F8AD46012525
:107FA00031E06FF01B03D9E76FF0004C41E0012393
:107FB0003B7003237B70002A49D1BCF1110F59DDBE
:107FC000122342B10420387100207871B871012069
:107FD000F871786808616FF300046FF341046FF380
:107FE00082046FF3C504032161F38814C3F30A0309
:107FF00063F353246FF31F54002321466A48FBF7B1
:10800000C5F8B5460135664BDB79AB4235DDC5EBCE
:10801000C500634B1844FEF7B5FA6E4601233B7169
:1080200003237B718AB0694611F11002BCD04FF076
:10803000120C002ABBD06346BCF1040F03DDDFF84D
:108040007CE1C1F814E0082BB1DD8D61AFE7BCF134
:108050000C0F00DDC86101F12003002007E000F1F2
:10806000080EBE441EF808EC03F801EB01300128AD
:10807000F5D9A2E76FF01B03A3E7494C94F8708091
:108080004046FFF7FBFEB4F87210B4F876C06D46B8
:1080900000233B7102237B718CB06C4614F11002FB
:1080A0001DD01A261AB1042E01DD404B6361002356
:1080B0003B7002237B70FAB13346082E00DDA061CD
:1080C0000C2B01DDC4F81C80102B00DD2162142B69
:1080D00001DDC4F824C004F1280300210AE06FF098
:1080E0000046DFE701F10800384410F8080C03F8F7
:1080F000010B01310129F5D9192E4BDD1A2342B1AB
:108100000621397100217971B9710121F9717868FD
:10811000206100216FF300016FF341016FF38201D1
:108120006FF3C501032060F38811C3F30A0363F3FF
:1081300053216FF31F5100231B48FBF727F8AD466F
:10814000174C94F871603046FFF798FEB4F874103D
:1081500000233B7102237B718AB06C4614F110023C
:108160001BD016251AB1042D01DD114B63610023CC
:108170003B7002237B706AB32B46082D00DDA061A3
:108180000C2B00DDE661102B00DD216204F12403DD
:1081900000211DE06FF01B03B1E76FF00045E1E740
:1081A000F80200209C2204000CE50300C022040019
:1081B000002304009822040070110400AC22040083
:1081C00001F10800384410F8080C03F8010B0131E4
:1081D0000129F5D9152D24DD162342B10521397168
:1081E00000217971B9710121F9717868206100214C
:1081F0006FF300016FF341016FF382016FF3C5016B
:10820000032060F38811C3F30A0363F353216FF370
:108210001F5100230448FAF7B9FF0837BD46BDE8EF
:10822000F0816FF01B03D8E70CE5030008B5034BA2
:10823000D3F864315B69984708BD00BFF80200209D
:1082400038B504460D4651B140F635439C420ED038
:1082500029460F4811F080FC0024204638BDFFF766
:10826000BBF805460028EFD16FF06804F5E7284613
:10827000FFF7DCFF04460028EFD00346054A012142
:1082800005480DF041FB284611F06AFCE5E700BF08
:1082900044040020282304000CE5030070B50546C3
:1082A0000C46032142F22100FFF796F860B1064622
:1082B00003210C3011F09CFC05808470314642F2A1
:1082C0002100FFF7BDFF70BD024A012102480DF0F9
:1082D00011FBF8E74C2304000CE5030030B583B034
:1082E000C3681C885A88ADF800209A88ADF802202F
:1082F000DA88ADF804201B89ADF80630012120464C
:1083000001F082FC68B10546694601F04BFD98B961
:108310001E212046FFF7C2FF28460FF00DFB03B0D9
:1083200030BD2346074A012107480DF0EDFA02212E
:108330002046FFF7B3FFF2E7694620460EF041FF03
:10834000EAE700BF3C1D04000CE5030038B500223D
:108350000023294811F0C9FB044618B3274D4FF0FC
:10836000FF324FF0FF33284609F004F9AB696BB1D7
:10837000234A012123480DF0BDFAA5F59475D5F8DF
:10838000400111F0EDFB0023C5F84031204611F00B
:1083900001FC1D4BC3F840012046FFF747FF034691
:1083A00080B938BD40F60A33184A194919480CF00B
:1083B00052FD002383F31188BFF36F8F0323184608
:1083C00002DFCBE7144A01210E480DF09DFA0B485D
:1083D00009F0A8F8204611F05EFB00EB40000F4BBF
:1083E00003EB800322461F215888FEF7F9FB204645
:1083F00011F0B6FBD5E700BF4404002020040020A4
:10840000682304000CE50300F8020020B81E0400F5
:10841000643404001C1F0400282304002C3F0020A7
:1084200038B504460D4609E0FFF790FF04E00D4A19
:1084300002210D480DF068FA1434013D85B1E3685E
:10844000C3F38633022BF7D9042BF0D1237B002B07
:10845000EAD0012BF0D12069383801F023FFEBE797
:1084600038BD00BF842304000CE5030038B514E0D8
:1084700040F67833134A144914480CF0ECFC0023FE
:1084800083F31188BFF36F8F0323184602DF214661
:108490000F48FFF7C5FF09F03FFD0D4DEB686FF387
:1084A0009433EB6005F1140001F044FA441C4FF0E2
:1084B000FF324FF0FF33214628460AF0BBF8002870
:1084C000D6D1E4E7B81E0400A82004001C1F040055
:1084D0003007002070B582B0044600F10C05284634
:1084E00011F0C7FBADF80400238AADF80630012B6C
:1084F0001ED90221284611F0ACFB064600780EF08A
:10850000E7FC054610F0010F1BD00523174A214652
:108510003078FEF781FC15F0020F22D06369BDF8B8
:1085200004201344E360BDF80630238202B070BD1E
:108530000F4A01210F480DF0E7F9204611F010FB1A
:10854000F4E740F656730C4A0C490D480CF083FCD6
:10855000002383F31188BFF36F8F0323184602DFD4
:10856000D3E7204611F0FCFAE0E700BF74250400D1
:108570009C1E04000CE50300B81E0400A8230400A0
:108580001C1F040038B50446037E012B05D0032BC5
:1085900019D1FEF781FD002038BDC36818780EF0B0
:1085A00097FC054610F0010F04D115F0020F05D11C
:1085B0000020F1E72046FFF78DFFF6E72046FEF7A3
:1085C0006BFD0020E8E7054A012105480DF09CF904
:1085D000204611F0C5FA6FF01500DDE7C423040052
:1085E0000CE503000A4BD3F8643143B9C3684BB1BF
:1085F000436953B1064BC3F86401002070476FF024
:10860000770070476FF0150070476FF015007047E6
:10861000F802002008B5084BBFF35B8F53E8001F3A
:1086200041F0040143E80012002AF7D1BFF35B8F49
:10863000FFF746FC08BD00BFCC03002008B50EF0D4
:10864000F1FD024B1B6803B1984708BD443F002071
:10865000F0B589B03C4BD3F86431002B5DD00546B2
:108660003A4BBFF35B8F53E8002F22F0020243E83E
:1086700000210029F7D1BFF35B8FBFF35B8F53E875
:10868000002F42F0010143E800100028F7D1BFF3AA
:108690005B8F12F0010F53D12D4B1D602D4E012227
:1086A0001146304614F027FC06F1240014F0FAFBC2
:1086B000294F00220023CDE90623002404946FF003
:1086C00008030393029401940094244B4FF4C8626E
:1086D0002349384614F087FE2249384609F0F8F855
:1086E000214F384614F0B1FD00946FF007034FF4AA
:1086F00080621E493846F3F74BFF1D49384609F0A2
:10870000E7F8F36BDB689847044670B9A5B11948E0
:1087100009F0C6F8204609B0F0BD174A01211748F4
:108720000DF0E8F86FF01204F4E70346144A012153
:1087300012480DF0E9F8EDE70EF074FD0446E9E7A4
:108740006FF07704E6E700BFF8020020CC030020BA
:10875000443F002020040020E02300206D8402001C
:10876000805D0020F4230400D82400200064002051
:10877000FC230400BC030020D82304000CE5030004
:1087800008240400BFF35B8F034B1868BFF35B8FB3
:10879000C0F38000704700BFCC0300200048704742
:1087A00078F8030070B50546002401E00134E4B216
:1087B000094BDB79A3420BD92646C4EBC40107223F
:1087C000054B1944284615F0DFFA0028EED101E0E8
:1087D0006FF00106304670BDF802002038B504463F
:1087E0000622194915F0D0FA054608B9284638BDC1
:1087F000062142F20500FEF7EFFD054600B3062212
:1088000021460C3011F0FAF90022294642F2050007
:10881000FEF722FE054650B90C4B2268C3F86920CA
:10882000A288A3F86D20012283F86820DEE710F10A
:108830000D0FDBD1064A022106480DF05BF8D5E7A3
:108840006FF06805D2E700BF61030020F802002046
:108850000426040014E5030070B582B005460E46F8
:1088600029B107221849304615F08EFAE8B9684652
:108870000EF0E5FA044618BB6846FFF793FF0028A0
:10888000F5DAC5EBC505114AAB1800985051BDF893
:1088900004009DF80610988099718EB1525932608B
:1088A0009A889B79B280B3710AE0C5EBC505074A87
:1088B000AB1831685151B188B27999809A7100240E
:1088C000204602B070BD00BF181C0400F802002052
:1088D0002DE9F04383B0284B93F8C24014F0010413
:1088E00012D005460E4601AA00214FF60940FEF7B8
:1088F000B3FD844670B90198D0F80C9099F8014006
:10890000B44228BF344628E01C4A02211C480CF01F
:10891000F1FF27E01B4A022119480CF0EBFF00246D
:1089200020E0162101FB0CF16A1809EB0103D3F8D2
:1089300002E0D3F80680D3F80A70D3F80E6045F849
:1089400001E0C2F804809760D660D3F812E0C2F864
:1089500010E0DB8A93820CF1010C6445E1DC11F03C
:10896000FFF81CB1204603B0BDE8F083064A02219F
:1089700003480CF0BFFFF5E7F802002014260400BE
:1089800014E50300402604006026040070B584B09E
:1089900000294BD104460E4620B10722284915F084
:1089A000F3F928BB274BDB79012B45D0BFF35B8F55
:1089B000254B1B68BFF35B8F13F0010F0BD1002316
:1089C00000930193029303933CB307221C49204672
:1089D00015F0DAF908B31B4BD879421CDA71054659
:1089E00032462146FFF738FFD0B9284604B070BDA3
:1089F0002046FFF7D7FE00281BDA2378012B04D18D
:108A0000A37903F0C003C02BCCD0104A0121104839
:108A10000CF070FF6FF01505E7E76FF01505E4E760
:108A20000849CB79013BCB710546DEE76FF01505B0
:108A3000DBE76FF07705D8E76FF00B05D5E700BFF0
:108A4000181C0400F8020020CC0300208C2604002F
:108A500014E50300F0B583B0E0B1054601AA00219A
:108A600041F20900FEF7F8FCD8B9019EF7687C1CBA
:108A700006221649204615F087F928B10622144926
:108A8000204615F081F998B9304611F069F80020B8
:108A900003B0F0BD0F4A02210F480CF02BFF00205D
:108AA000F6E70E4A02210C480CF024FF0020EFE705
:108AB000D7F80130C5F80130A388A5F805300023A8
:108AC0002B70019811F04CF80120E1E7281C0400FC
:108AD000201C0400BC26040014E50300D826040072
:108AE00000B583B06846FFF7B5FF064BD87118B9DB
:108AF000002003B05DF804FB002269461046FFF732
:108B0000ABFEF6E7F802002010B588B0184BDC7910
:108B100024BB012102A8FFF7DBFE154BD87101E051
:108B20000134E4B2124BDB799C4216D202AA16231E
:108B300004FB03F3D118D358CDF801308B88ADF87E
:108B4000053001238DF80030002269462046FFF7EA
:108B500083FE03460028E3D005E03BB90021084628
:108B6000FFF714FF0346184608B010BD0023FAE7CC
:108B7000F8020020002865D0F8B50C4617461D46BF
:108B80000346002D61D0067811F4002F10D011F0AB
:108B9000040F05D10EF06EFB08B901232B70F8BD50
:108BA0002F4A01212F480CF0A5FE6FF01500F6E7C3
:108BB00011F0010F29D042B111F0200F05D02A4A3F
:108BC00092F8D82012F0400F42D0C6EBC6022649D8
:108BD0008A5C012A0ED0C6EBC606234B9B5D2B7028
:108BE000002F38D014F0200F37D043F002032B7041
:108BF0000020D4E7C6EBC6011B4A114401311846D8
:108C00000EF02BFB0028E6D0C9E711F0040F14D0BA
:108C1000C6EBC60214498A5C012A06D00020C6EBC6
:108C2000C606114B9B5D2B70B9E7C6EBC6010E4A19
:108C3000114401310EF011FBF1E70EF01BFB012393
:108C40002B70ACE76FF0150070476FF01500A6E7CA
:108C50006FF08500A3E70020A1E700209FE700BF99
:108C6000F826040014E50300F802002010B5154BA7
:108C7000DB792BB1134BDB796BB10024204610BD9F
:108C8000FFF72EFF04460028F4D00F4A01210F48B9
:108C90000CF030FEF2E7FFF737FF044658B90C48F6
:108CA000FFF79CFD04460028E8D00A4A0121074846
:108CB0000CF020FEE2E7044A012104480CF01AFE01
:108CC000DCE700BFF80200201827040014E50300C9
:108CD000F9020020382704000048704710030020E4
:108CE0002DE9F04F83B00646884615469A464FF068
:108CF000000B5B46D34544D205EBCB0955F83B70DE
:108D00000024CDF800B001951DE0204A0121204843
:108D10000CF0F0FD6FF0150003B0BDE8F08F5FFAC6
:108D200082FB591CC9B20BF1010E06F805E09D1C2F
:108D3000EDB27054DCF80410701914F0F5FFAB4478
:108D40005FFA8BF30134D9F80420944213D207EB75
:108D5000C40C9CF8012017F834001D469918023104
:108D60004145DCD99A1CA8EB02020928CDD1002A82
:108D7000CBDD0820D3E7DDF800B0019D0BF1010B3E
:108D8000B8E70C9A13700020C6E700BF6027040004
:108D9000E4E4030010B504460078214BDB799842E7
:108DA00030D2C0EBC00007221E491D4B184414F0FE
:108DB000EBFF48B3636813F0010F07D1184A92F82C
:108DC0007020082A02D8A2689F2A1FD913F0300FFA
:108DD00001D02269E2B113F0100F08D1226932B13B
:108DE00003F46033B3F5603F18D001200BE0A268B4
:108DF000E1688A420ED81F2A0ED9B1F5804FEFD90B
:108E0000002000E0002010BD0020FCE70020FAE771
:108E10000020F8E70020F6E70020F4E70020F2E762
:108E2000F8020020181C04002DE9F0410546884690
:108E3000044614F8096B194B83F86F600722184930
:108E4000204614F0A1FF70B90746164930460EF0CF
:108E5000F8FD0446C8B1052100F090FDC8F80040B7
:108E60003846BDE8F0812146304601F001F878B976
:108E7000214628780EF0E5FD044660B1062100F099
:108E80007DFDC8F800400027EAE76FF00B07E7E731
:108E90006FF01507E4E76FF00B07E1E7F802002039
:108EA000181C0400101C040070B504460D4600F1A7
:108EB000090607220D49304614F066FF78B90522ED
:108EC0000B49207801F05CF804463CB16572002142
:108ED000204600F053FD20460EF02EFD70BD062208
:108EE0003146207801F04CF80446EEE7181C0400E7
:108EF000101C040000487047100300202DE9F04FBB
:108F00008DB005929846002307930E69B6EB030BCC
:108F100018BF4FF0010BBFF35B8FA14B1B68BFF372
:108F20005B8F13F0040F00F0298105460C460846BC
:108F30000EF0DCFA002800F0248120460EF0B3F990
:108F40008246002800F0208105F1100707213846ED
:108F50000EF0DFF90490002840F0198100230893F7
:108F600009930A93CDF82B30A368ADF82030E3685D
:108F7000ADF82230D4F8049048460EF0B8F98DF8D8
:108F80002D0048460EF0B1F98DF82E00844BBFF34A
:108F90005B8F53E8002F22F4005243E800210029A0
:108FA000F7D1BFF35B8F22782A7003F8652C0DF19F
:108FB00025035A4661682846FFF7DCFD81460028F4
:108FC00040F0C18026B323691A68C5F809209A8841
:108FD0009B79A5F80D20EB7320460EF0D9FA834655
:108FE000636813F0010F25D006B313F0100F19D0EA
:108FF00004238DF8243023691A68CDF826209A8836
:109000009B79ADF82A208DF82C30DDF810A019E0FE
:10901000644B1A68C5F809209A889B79A5F80D2039
:10902000EB73D9E701238DF82430E4E700238DF8B2
:10903000243007E013F4007F01D1169B53B30223C1
:109040008DF824300F2142F20600FEF7C5F9814663
:10905000002800F09F800F2208A90C3010F0CEFDF0
:109060000022494642F20600FEF7F6F98146002842
:1090700069D1BEB1636813F0010F2BD007A9284650
:10908000FFF7D2FE30B310F10C0F40F08680DEB156
:10909000814658E00228D2D003238DF82430DDF831
:1090A00010A0CFE7CDF80CB0CDF808A000230193B5
:1090B000179B0093169B4246059928460EF08BF9A4
:1090C0000028D7D081463EE0626812F0020F0CD033
:1090D000814638E0012128460EF096FA0546002820
:1090E00035D1079808B10EF027FC002E3ED04A4635
:1090F00002F001020E2138460EF009FABBF1010F11
:1091000014BF00220122082138460EF000FABBF1FC
:10911000020F14BF00220122092138460EF0F7F990
:10912000626802F001020A2138460EF0F0F9524658
:109130000B2138460EF0EBF96268C2F380020D2174
:1091400038460EF0E4F948460DB0BDE8F08F164AF7
:10915000012116480CF0CEFB079828B1002100F041
:109160000DFC07980EF0E8FBA946ECE7636813F0E6
:10917000020F01D04A46BBE70122B9E76FF00A09A6
:10918000E1E76FF01509DEE76FF01509DBE76FF037
:109190007709D8E76FF06809D5E78146D3E700BFC4
:1091A000CC030020181C04007C270400E4E4030026
:1091B0002DE9F04182B006460C4615461F46FFF7E2
:1091C0008BFDF8B18046089B019300972B46224601
:1091D0003146FFF793FE0646294620460EF066F814
:1091E00018B9304602B0BDE8F08108F11808074907
:1091F000404614F031F84FF470220023404608F046
:109200005FFBEEE76FF00B06EBE700BF7D9202001D
:1092100038B5FFF76FFEB8B105460EF0F9F905F164
:109220001004BFF35B8F54E8003F23F4804344E80D
:109230000032002AF7D1BFF35B8F072120460EF0E2
:1092400068F840B9002038BD0A4A01210A480CF0EC
:1092500051FB0020F7E70A2120460EF05AF820B90A
:10926000002128460EF0A8F9EDE700212846FFF777
:109270001BFEF5E798270400E4E4030008B5FFF7B8
:10928000C7FF00B908BD0346024A022102480CF09C
:109290003BFBF7E7AC270400E4E40300F0B583B040
:1092A000FFF728FE38B1044600F110050E212846CC
:1092B0000EF02FF808B903B0F0BD072128460EF0D4
:1092C00028F806460028F6D10A2128460EF021F893
:1092D0000028F0D001A92046FFF7A6FD0028EAD11A
:1092E00007221D4904F1090014F04EFD071E18BFA6
:1092F000012720460EF01AF801460DF103033A4605
:109300002046FFF737FC0346B0B9012120460EF096
:109310007BF9B8B901980EF00FFB002ECBD0BFF34C
:109320005B8F55E8003F43F4804345E80032002A54
:10933000F7D1BFF35B8FBEE7084A012108480CF064
:10934000E3FAB8E70021019800F018FB0E21284647
:109350000EF002F90646DDE7181C0400CC270400D5
:10936000E4E40300082816D8DFE800F00517070931
:109370000B0D0F1113000A4870470A4870470A483E
:1093800070470A4870470A4870470A4870470A48B9
:1093900070470A4870470A4870470A48704700BF3C
:1093A0000C2804003C28040030280400482804004D
:1093B00060280400702804002C2D04008428040078
:1093C000942804001C28040010B50B4B1C6801E015
:1093D0009847A4691CB1A368002BF9D1F9E7074CA1
:1093E00000E01C34064B9C4204D2A368002BF8D04A
:1093F0009847F6E710BD00BF0840002078E403005E
:1094000094E4030038B505460C4B1C6803E0697A08
:1094100028469847A4691CB12368002BF7D1F9E7C7
:10942000074C00E01C34074B9C4206D22368002BFB
:10943000F8D0697A28469847F4E738BD08400020FC
:1094400078E4030094E4030038B505460C4B1C682F
:1094500003E0697A28469847A4691CB16368002B29
:10946000F7D1F9E7074C00E01C34074B9C4206D2C9
:109470006368002BF8D0697A28469847F4E738BD2E
:109480000840002078E4030094E4030008B5014696
:10949000002343608360C360014813F00FFD08BDE3
:1094A000AC09002010B58AB0044614F075FE094BD3
:1094B0001A58094B9A4209D02834204608F0F0F98E
:1094C0006946204613F096FE0AB010BD20460EF005
:1094D000DAF8F9E7080000008036002008B514F03B
:1094E0005BFE094B1A58094B9A4207D04FF0FF32E6
:1094F0004FF0FF33064807F0DBFF08BD00220023D2
:10950000034807F0D5FFF8E7080000008036002088
:10951000AC090020034BB3F804310BB1024870478B
:1095200000207047F8020020000400202DE9F041DF
:1095300004460D468E69EFF31183402181F31288B2
:10954000BFF36F8FA6B10021316087696FB13E60B4
:109550008661002783F31188BFF36F8F2946204669
:109560000EF0EEF870B9BDE8F08186614661F1E772
:10957000876927B10C37396801313960EAE700F1B2
:109580001C07F8E70346164A012116480CF0BCF9FF
:10959000EFF31188402383F31288BFF36F8FBEB1BE
:1095A000314604F114000EF04BF888F31188BFF334
:1095B0006F8F2046FFF7AEFF07F0B4FF66B10023C0
:1095C000AB61314620460EF085F86FF00400CAE723
:1095D0003B68013B3B60E8E76FF00400C3E700BF76
:1095E00028230400F4E403002DE9F84306460D4661
:1095F00014461F46FFF78EFF0022002307F0BAFF34
:1096000008BBB37A072B2FD134B3194BB3F80481BD
:1096100004F10C09484610F030FB404516D9144BB4
:10962000B3F80481424655F80C1F484610F0E6FA9C
:109630004146284610F005FB3A4621463046FFF7E2
:1096400075FFBDE8F8836FF06800FAE7484610F050
:1096500014FB1FFA80F8E5E70022002306F138002A
:1096600010F043FA0446E7E76FF07F00E9E700BF38
:10967000F802002038B500238B4228D2C82404FB0E
:10968000030404F1C4024FF0010CBFF35B8F52E8F6
:1096900000EFBEF1000F03D142E800C5002DF6D166
:1096A000BFF35B8F11D174B1C4220021204614F0A6
:1096B00063FB084904F1580013F0CEFD064904F19C
:1096C000280013F023FD204638BD6344D4E700246E
:1096D000E9E700BF15A10200CB76030008B5012120
:1096E0000148FFF7C7FF08BDF025002070B582B024
:1096F00004460D46012A21D0022A52D103693BB10A
:10970000344A012134480CF0F5F820460EF079F87F
:10971000256121690B8A012B4FD9CA6850781278CC
:1097200042EA0022043292B29A4246D847D300233A
:1097300023610122204600F05BFF3EE0006980B11A
:109740000E8AD6B10C3010F098FA864219D82069EA
:109750002A8AE9680C3010F051FA284610F000FA15
:10976000D7E71E4A01211C480CF0C4F820460EF031
:1097700048F8284610F0F4F91FE0084610F0F0F918
:109780001BE0174A012114480CF0B4F800222169AB
:10979000204600F02DFF00232361284610F0E0F959
:1097A0000BE013460F4A01210B480CF0ADF82046A0
:1097B0000EF027F8284610F0D3F902B070BD0092E1
:1097C000094A012104480CF0AAF820460EF019F8C5
:1097D000F3E700BFA0280400F4E40300C02804005D
:1097E000E028040008290400282904002DE9F0439A
:1097F00083B000AF05460C461E46097A91462AB34F
:109800000223994224DCE37A072B29D9AB7A072B70
:109810006CD1B9F1000F7CD0FFF760FE80460028C4
:109820007AD0AB7A072B69D1C0F804908660002308
:10983000C360A06100262677214605F1380010F0AC
:109840008BF930460C37BD46BDE8F0830123D8E7DD
:10985000334A012133480CF04DF86FF01500F1E761
:10986000A67A6C468AB0694611F1100238D01420ED
:1098700082B10546042803DDDFF8B4C0C1F814C086
:10988000082D00DD8B610C2D01DD0823CB61102D2F
:1098900000DD0E62132826DD14233AB1052038714D
:1098A00000207871B871F8717868086100216FF351
:1098B00000016FF341016FF382016FF3C5010120D5
:1098C00060F38811C3F30A0363F353216FF31F514D
:1098D00000231448F9F75AFCA5466FF01500B1E7CC
:1098E0006FF00040C4E76FF01B03D6E70E4A01217A
:1098F0000C480BF0FFFF6FF07F00A3E70B4A02213B
:1099000008480BF0F7FF4046FFF7C0FD6FF07F00FF
:1099100098E70023A3618DE76FF0680092E700BF2E
:1099200044290400F4E4030098290400A829040051
:109930006829040070B506460E4C204614F0E6F97E
:10994000234600220121304614F0ADF90125002400
:109950000CB1284670BD05EB850106EB8101C820DE
:10996000054B00FB04300DF076FF00B901350134E2
:10997000EEE700BF7C070020F0250020F0B583B0A3
:1099800000AF0D46867A8E4210D00446817216B919
:109990008378082B60D1A37A082B00F22281DFE8BC
:1099A00003F07EDF55555555555E55000846FFF7C7
:1099B000D9FC6D4600233B7102237B7188B06C4655
:1099C00014F1100211D00E261AB1042E01DD884BBD
:1099D000636100233B7002237B709AB1082E00DD87
:1099E000A06104F11C0300210AE06FF00046EBE7E0
:1099F00001F10800384410F8080C03F8010B01319C
:109A00000129F5D90D2E24DD0E2342B10321397130
:109A100000217971B9710121F97178682061002103
:109A20006FF300016FF341016FF382016FF3C50122
:109A3000022060F38811C3F30A0363F353216FF329
:109A40001F5100236B48F9F7A1FBAD460C37BD460B
:109A5000F0BD6FF01B03D8E70DF047FF9BE7A3783D
:109A6000042BF3D004F1380013F01CFA00216248F3
:109A700008F03CFE002323656365E378012BE5D104
:109A8000A378012B07D04FF42032002304F15800B3
:109A900007F00EFFDAE7032384F8AC30F3E7A3788E
:109AA000042B08D0082ED1D8DFE806F053092D3753
:109AB0004B4F4153530020460DF03EFFC6E7204672
:109AC000FFF7F0FCA378012B11D00434BFF35B8FB8
:109AD00054E8003F43F0400344E80032002AF7D145
:109AE000BFF35B8F0021444808F000FEAEE704F1AD
:109AF0005805284613F0BCFB10F00C0FE5D02846A3
:109B000013F0FAFBE1E7637A1BB920460DF014FF6E
:109B10009CE72046FFF776FCF7E7637A1BB92046FF
:109B20000DF00AFF92E72046FFF76CFCF7E7637A37
:109B30001BB920460DF000FF88E72046FFF762FCC6
:109B4000F7E720460DF0F8FE80E720460DF0F4FE22
:109B50007CE72B46294A022126480BF0D5FE75E703
:109B6000637A3E2B03D020460DF00BFE6EE76E4667
:109B700088B06B4613F110022DD00C213AB1084683
:109B8000042901DD1E4D5D61082800DD9C610B2963
:109B900024DD0C253AB10321397100217971B971A5
:109BA000F9717868186100216FF300016FF34101CA
:109BB0006FF382016FF3C501022363F38811C5F3CC
:109BC0000A0363F353216FF31F5100230948F9F788
:109BD000DDFAB546C7E76FF00041CFE76FF01B0530
:109BE000D8E72B46074A022102480BF08DFE2DE7ED
:109BF000D0290400F4E403007C070020E4290400D9
:109C0000FC290400242A040070B504460D460246CF
:109C100001210A480DF0B6FE064610B183782B42AA
:109C200001D0304670BD2346054A022105480BF09D
:109C30006BFE30460DF080FE0026F2E7F025002096
:109C4000402A0400F4E40300034BC01AC010034B85
:109C500003FB00F0C0B27047F0250020295C8FC2E2
:109C600038B504460D4653EA020106D014F094FAC2
:109C70000D4908580D4988420BD06CB120460FF0B1
:109C80002EFF044650B1691D0C300FF0ADFF204689
:109C900038BD00221346F0E7054CEFE7054A0221E4
:109CA00005480BF027FEF2E7080000008036002090
:109CB000C4090020582A0400F4E4030070B50446E7
:109CC000051D092128460DF02EFD78B1B4F89E300F
:109CD000B4F8A020934209D3B4F8A220934205D847
:109CE000D4F8A420D4F8A8309A4202D0184B1D68AA
:109CF00015E0BFF35B8F55E8003F23F4007345E8A0
:109D00000032002AF7D1BFF35B8FEFE7B4F8A6303B
:109D1000B4F8A420B4F89E102046B047AD691DB138
:109D20002E69002EF2D1F9E70A4D00E01C350A4BEE
:109D30009D420BD22E69002EF8D0B4F8A630B4F8AC
:109D4000A420B4F89E102046B047EFE770BD00BFD6
:109D50000840002078E4030094E4030038B5054689
:109D60000D4B1C6804E005F1BC0128469847A46926
:109D70001CB16369002BF6D1F9E7084C00E01C34F4
:109D8000074B9C4207D26369002BF8D005F1BC0158
:109D900028469847F3E738BD0840002078E40300E0
:109DA00094E40300F8B506460D4608460DF0E1F9C7
:109DB000074638B3154B1C6800E0A4696CB1E36832
:109DC000002BFAD0294630469847D0B128460DF0EE
:109DD000D0F90028F1D1074614E00D4C00E01C3406
:109DE0000C4B9C420ED2E368002BF8D0294630463B
:109DF000984748B128460DF0BCF90028EFD1074636
:109E000000E007463846F8BD0746FBE7084000205B
:109E100078E4030094E40300024B1A68826118603E
:109E2000704700BF08400020F8B507460E460024E2
:109E300014B100252846F8BDC8200C4B00FB0430A7
:109E40000DF053FD054670B18378012B09D13246E0
:109E500039460DF011FE0028ECD128460DF06CFDBE
:109E600001E00DF069FD0134E2E700BFF0250020BC
:109E7000F0B583B000AF0C46FFF7D6FF18B900204D
:109E80000C37BD46F0BD05462046FCF77BFB064679
:109E9000A87AFFF767FA03466C4601223A7103225B
:109EA0007A710222BA710422FA718AB0EC461CF16E
:109EB000100225D04FF0180E52B17146BEF1040FBA
:109EC00002DD2D48CCF81400082901DDCCF818502B
:109ED000012139700321797022B1BEF10C0F01DD2F
:109EE000CCF81C600221B9700421F970AAB1BEF14E
:109EF000100F01DDCCF820300CF1240300210AE022
:109F00006FF0004ED8E701F10800384410F8080C53
:109F100003F8010B01310329F5D9BEF1170F27DD35
:109F200018234AB10521397100217971B9710221D3
:109F3000F9717868CCF8100000216FF300016FF31D
:109F400041016FF382016FF3C501022060F38811B4
:109F5000C3F30A0363F353216FF31F510023074830
:109F6000F9F714F9A54628460DF0E6FC012087E72D
:109F70006FF01B03D5E700BF842A0400F4E403005C
:109F80002DE9F04180460F46164600251DB10024FC
:109F90002046BDE8F081C820104B00FB05300DF0D5
:109FA000A4FC044688B18378012B10D127B13A462E
:109FB00041460DF061FD68B1A37AB34202D1237A24
:109FC0004345E5D020460DF0B7FC0135DEE70DF046
:109FD000B3FCFAE720460DF0AFFCF6E7F0250020D1
:109FE00070B504460D4683780B70C3784B70037AC6
:109FF0008B70807A0DF034FB85F82000002685F800
:10A00000236020460DF01BFD85F8210085F82260B5
:10A01000A378012B3CD104F18803AB60237AC3EB16
:10A02000C3031F4A13446B60E37853BB04F18F03EF
:10A03000EB6004F196032B61B4F89E30AB82B4F868
:10A04000A430EB82B4F8A6302B8304F1BC03EB619F
:10A05000D4F8B83033B15B7B13F0100F02D001237A
:10A0600085F82330D4F8B830ABB15B7B13F0200F08
:10A0700013D095F8233043F0020385F823300020F5
:10A080000CE004F19603EB6004F18F032B61D3E73E
:10A090006FF0150002E0002000E0002070BD00BF5E
:10A0A000F802002038B504460D4608460DF061F868
:10A0B00050B3174B93F8D83013F0020F04D094F834
:10A0C000AD3013F0020F13D1E378C3B9294620460F
:10A0D0000DF00EFDB8B92B88A4F8A0306B88A4F859
:10A0E000A230AB88A4F8A830EB88A4F8AA300AE024
:10A0F0000A21201D0DF017FB0028E5D1E6E72946CF
:10A1000020460DF024FE38BD6FF01500FBE700BFC0
:10A11000F802002070B584B0A0F1580510F84E3C4C
:10A12000E3B3044610F8563C012B35D1A0F1540698
:10A13000092130460DF0DBFA00283FD0B4F8483052
:10A14000ADF80030B4F84A30ADF80230B4F8503011
:10A15000ADF80430B4F85230ADF806306946284600
:10A16000FFF7A0FF034618BBBFF35B8F56E8003F25
:10A1700023F4807346E80032002AF7D1BFF35B8FE7
:10A18000BFF35B8F56E8003F43F0800346E80032A0
:10A19000002AF7D1BFF35B8F04B070BD28460DF0E5
:10A1A0005DFD2846FFF750F928460DF0C5FBF3E7A3
:10A1B000124A022112480BF0A7FBE1E7114A02AB59
:10A1C00092E8030083E8030019462846FFF76AFF78
:10A1D000034660B9BFF35B8F56E8003F43F48073DA
:10A1E00046E80032002AF7D1BFF35B8FC8E7064A82
:10A1F000022103480BF088FBC2E700BFC02A04001D
:10A20000F4E40300F8E60300E82A040008B5014678
:10A210000148FFF725FD08BD480A00202DE9F0415F
:10A2200005460C460A8A1E4BB3F804319A4201D8FF
:10A230000B7FC3B1237F0BBB0026228A184BB3F8D8
:10A2400004319A421CD9214628460DF0C1FC07462C
:10A2500010B33346024621462846FFF7C5F980462B
:10A2600038B90126E9E702230022FFF7BDF980464D
:10A270000FE0267738460FF073FC0AE00126DCE792
:10A28000012323770323002221462846FFF7ACF958
:10A2900080464046BDE8F0816FF00B08F9E700BF4B
:10A2A000F802002070B50446837A23B906210430F1
:10A2B0000DF01DFAA8B904F1380012F016FE05469B
:10A2C00098B128460FF066FC054601462046FFF788
:10A2D000A5FF064628460FF043FC16F1050F14D0E3
:10A2E00070BD20460DF096FAFAE74FF477730D4AE9
:10A2F0000D490E480AF0AFFD002383F31188BFF328
:10A300006F8F0323184602DFDBE7AE690023AB61E2
:10A3100028460FF025FC002EE2D0314620460DF0F5
:10A32000D9F9DDE7142B0400643404001C1F040079
:10A3300010B50C4812F0B6FD002406E00A4901EB06
:10A340000411084812F0BAFD01340B2CF6D90EF0B6
:10A3500017FB0FF059FB044608B1204610BD0DF065
:10A3600016FDFAE7AC090020483F002005490A78AD
:10A37000531CDBB20B700BB902320A70014B187818
:10A38000704700BFB74A002008B50B8A012B00D9DF
:10A3900008BD034A012103480BF0ACFAF8E700BFFF
:10A3A0006C2B04001CE50300F0B583B000AF05463C
:10A3B0000020C0B36C4688B06B4613F1100243D046
:10A3C0000C213AB10846042901DD224E5E610828BD
:10A3D00000DD9D610B293ADD4FF00C0C3AB10321F1
:10A3E000397100217971B971F971786818610021AA
:10A3F0006FF300016FF341016FF382016FF3C50149
:10A40000012363F38811CCF30A0C6CF353216FF32F
:10A410001F5100231048F8F7B9FEA5466FF00B0056
:10A420000C37BD46F0BD00EB40031B010B4AD3586F
:10A430000BB10130BDE700EB4002084B03EB021308
:10A44000074A5A600B60EBE76FF00041B9E76FF025
:10A450001B0CC3E7882B04001CE503000C40002004
:10A46000D82C040010B591B10B4610314FF0000C00
:10A47000BFF35B8F51E800EF41E800C4002CF9D135
:10A48000BFF35B8F19460DF0D8FB012010BD034AC6
:10A49000012103480BF02EFA0020F7E7B02B04004F
:10A4A0001CE5030030B583B00546194C00E00C34C0
:10A4B000184B9C422AD2636801A928469847002875
:10A4C000F5DB019923888B828B84A2682846FFF7ED
:10A4D000C9FFD8B1019843681B6803B19847019B35
:10A4E0001033BFF35B8F53E8001F41F0010143E8D5
:10A4F0000012002AF7D1BFF35B8F01984368DB6934
:10A50000002BD4D000F110019847D0E703B030BD44
:10A5100054E4030078E40300F8B504460E461546FB
:10A520004FF480320023002108460DF0B2FB0746AD
:10A5300040B104210C300FF05BFB04704670458085
:10A540003846F8BD2346034A012103480BF0DCF9E5
:10A55000F6E700BFD42B04001CE5030070B582B001
:10A560000B8A032B17D906460C46042104F10C0074
:10A570000FF06FFB05464288238A934213D143783C
:10A58000C3B10378012B0BD0132B19D121463046D0
:10A59000FFF7FAFE04E0114A012111480BF0AAF975
:10A5A000002002B070BD00920E4A01210C480BF051
:10A5B000B6F9F5E70C4A012109480BF09BF9EFE7E2
:10A5C0000A4A022106480BF09FF96978002200929E
:10A5D000134630680DF089FBE2E700BFFC2B040056
:10A5E0001CE503001C2C0400402C0400642C040017
:10A5F000F8B50C460B8A032B11D9054616460421E3
:10A6000004F10C000FF025FB4788394628460DF071
:10A610008CFB68B1324621460DF0F3FAF8BD094AC9
:10A62000012109480BF066F920460FF099FAF5E789
:10A630003B46064A022104480BF066F920460FF01B
:10A640008FFAEBE78C2C04001CE50300AC2C040013
:10A65000522833D81B2821D3A0F11B03372B2FD826
:10A66000DFE803F0372E393B2E2A352E372E2E2EDB
:10A670002E2E2E2E2E2E2E2E2E2E2E2E2E2E2E2EFA
:10A680002E2E2E2E2E2E2E2E2E2E2E2E2E2E2E2EEA
:10A690002E2E2E2E2E2E2E2E2E2E2E3319280FD865
:10A6A00043B26BB101238340104A1A40BAB9104A31
:10A6B0001A402AB10120704701207047D22810D0DB
:10A6C00010F0400F0FD10620704700207047022085
:10A6D0007047032070470520704704207047022010
:10A6E0007047002070470020704700BFAAAA8A0266
:10A6F000545545012DE9F0410346806850F8342B4C
:10A70000D2F80080DD68DE881F6900210DF0D8FBDB
:10A7100010B175B100240AE0074A012107480BF087
:10A72000E9F806E039464046A8470134A4B2A642FB
:10A73000F8D8BDE8F08100BF0C2D0400ECE4030064
:10A7400010B58468002104F134000DF0B9FB48B164
:10A75000A36B33B14FF47022002304F1580007F0CB
:10A76000AFF810BD024A012102480BF0C3F8F8E728
:10A770000C2D0400ECE4030010B5837A072B0DD1F7
:10A7800004210DF0D2FA044678B1002130300DF0EA
:10A7900097FB80B154F8044C204610BD094A0221B1
:10A7A00009480BF0A7F80024F6E7084A01210648FB
:10A7B0000BF0A0F8F0E7064A012103480BF09AF8E5
:10A7C0000024E9E7282D0400ECE40300382D040000
:10A7D0000C2D0400F0B583B000AF05460E46436A69
:10A7E00003B1883B7B60002202E0013205E07B6020
:10A7F0007C686CB12368AB42F7D0012A77D014F1A2
:10A800008803F4D0D4F88830002BF0D0883BEEE7F2
:10A8100000220023391D384806F05AFD30BB7C6801
:10A8200090220021204613F0A7FA344BA36004F1D4
:10A830003C0012F037FB7B683433BFF35B8F53E887
:10A84000002F43E800610029F9D1BFF35B8F7B68DB
:10A850001D60796828460DF046FB7C6820460DF0A7
:10A86000BAFA00283FD0F523638341E02D686E4695
:10A8700088B06B4613F110022FD00C214AB1084664
:10A88000042903DDDFF87CC0C3F814C0082800DD0C
:10A890009D610B2924DD0C253AB10321397000217B
:10A8A0007970B970F9703868186100216FF3000190
:10A8B0006FF341016FF382016FF3C501022363F36C
:10A8C0008811C5F30A0565F353216FF31F51002367
:10A8D0000B48F8F75BFCB5460AE06FF00041CDE7A6
:10A8E0006FF01B05D8E717236385638300E000241E
:10A8F00020460C37BD46F0BD200900208C07002003
:10A90000ECE40300542D04002DE9F04182B000AFC7
:10A9100080460C4600220023391D324806F0D8FC40
:10A9200000BB054613F038FC2F4B1A582F4B1A600A
:10A930007E682C220021304613F01EFAC6F80080F3
:10A94000786800214160816041628162FFF742FFC7
:10A950000346002843D00433236028460837BD4609
:10A96000BDE8F0816D4688B06B4613F1100230D01F
:10A970000C2142B10846042901DD1D4C5C61082808
:10A9800001DDC3F818800B2926DD0C243AB1032120
:10A99000397000217970B970F97038681861002138
:10A9A0006FF300016FF341016FF382016FF3C50193
:10A9B000012363F38811C4F30A0464F353216FF392
:10A9C0001F5100230B48F8F7E1FBAD466FF00B0574
:10A9D000C3E76FF00041CCE76FF01B04D6E76FF0E0
:10A9E0000B05BAE704090020080000005C410020C4
:10A9F0007C2D0400ECE4030008B5011F014812F0AF
:10AA000075F908BD200900202DE9F04184B0054604
:10AA10000E461446176800238DF808304FF4205373
:10AA2000ADF80A3002A900680CF0B5F958B100235E
:10AA30008DF80C3042F60103ADF80E3003A92868FA
:10AA40000CF0A9F950BB616828680CF0A4F968BB48
:10AA5000E36893F80080B8F1000F07D038460DF096
:10AA6000BCF9A3681B8AC01A404525DBA0680421F5
:10AA70000C300FF0BDF82061068023695E800194E0
:10AA8000104B00930023A268294638460DF0E5FAE2
:10AA9000002813DB23699BB101200AE023691BB165
:10AAA0005A88B24200D25E80012002E00023236176
:10AAB000012004B0BDE8F0810020FAE70020F8E7AB
:10AAC0000020F6E75B7E03002DE9F04383B00546E6
:10AAD00088461446D2F80090D9F80470516800688E
:10AAE0000CF059F920B10126304603B0BDE8F083DF
:10AAF0009522294638460EF0C7FD0646207538B91E
:10AB0000294638460DF092F948B908232375EBE73A
:10AB1000E3681B780BB1002323750026E4E70027C8
:10AB20002775A0680FF03AF802210C300FF060F89A
:10AB30002061A0F800800194114B00933B46A2686D
:10AB4000294648460DF089FA002808DB2369002BC6
:10AB5000CAD048460DF041F9A368002206E00DF086
:10AB60005DF92075C0E7198A0A445B68002BFAD1A9
:10AB7000861AE3681B789E4294BF00260126B3E73D
:10AB8000317E03002DE9F04F93B005460E46144682
:10AB90001768D7F8048000238DF8403042F601038F
:10ABA000ADF8423010A900680CF0F5F828B9002380
:10ABB000A360012013B0BDE8F08F00238DF844306E
:10ABC0004FF42053ADF8463011A928680CF0E3F893
:10ABD00040B938460DF001F90146606803464FF070
:10ABE000000C0AE0A3681BB15A88B24200D25E8012
:10ABF0000120DFE71A8A94445B68002BFAD1A1EBAD
:10AC00000C03032B01D80020D4E70EF0C7FF8146C8
:10AC100038460DF0E2F86368002202E0198A0A441F
:10AC20005B68002BFAD1A0EB020A09F10C0B584625
:10AC30000FF023F882452DD238460DF0CEF8636828
:10AC4000002202E0198A0A445B68002BFAD1801ABC
:10AC500020B36F680023009310230CAA29464046B6
:10AC6000B847051EA3DB227CAA4227D12A460CA99D
:10AC7000E06813F089F8002899D100236374042157
:10AC800009F10C000EF0B4FFA0600680A3685E809E
:10AC900001208FE758460EF0F0FFD9E76368987AF5
:10ACA00002F0ECF8002200230EF019FF8146002884
:10ACB00080D0014660680EF082FFCAE7E16807A80D
:10ACC0000CF087F860B1EAB20CA902A80CF081F888
:10ACD00068B102A907A80CF05EF80028CDD066E79D
:10ACE000237C064A022106480AF00EFE5FE72B4647
:10ACF000044A022102480AF007FE58E7A42D040086
:10AD0000ECE40300C42D040010B50446043804F13B
:10AD10003003BFF35B8F53E8001F41F0010143E8AC
:10AD20000012002AF7D1BFF35B8F0DF009F9044937
:10AD300004F1540012F090FA206801F0E1FF10BD18
:10AD4000A5B70200F0B58BB004460D461646037851
:10AD5000032B38D8DFE803F002212B311D4B93E899
:10AD600003000790ADF82010090C8DF822106379CC
:10AD70002279E178A07867780DF11C0CCDF814C029
:10AD800004970390029101920093A379124A3146ED
:10AD9000284608F04DF80BB0F0BD104B93E80300C7
:10ADA0000790ADF82010090C8DF82210DFE70C4A4F
:10ADB00007AB07CA03C31A80D9E70A4A07AB07CA19
:10ADC00003C31A80D3E7084A0A2107A808F030F81D
:10ADD000CDE700BF08F5030018F5030010F50300E8
:10ADE0003CF5030048F50300B42E040008B50EF04E
:10ADF00052FE00EB4000024B03EBC00008BD00BF59
:10AE00003C4000202DE9F04184B007460C4608463E
:10AE1000FFF7ECFF0546D0F80880E668002107F14F
:10AE200034000DF04DF868B3E3681B782B710023F4
:10AE30002B603378D22B2DD004F10C000EF019FFCB
:10AE4000ADF80C00238AADF80E30AF603B6818688F
:10AE500000230093224604210CF020FF064668B12F
:10AE600010F1690F27D06369BDF80C201344E3602B
:10AE7000BDF80E302382C5F808802E60304604B03D
:10AE8000BDE8F0810F4A01210F480AF033FD6FF051
:10AE90001506F3E73B68214618680EF0B2FD06463A
:10AEA0000028C9D0094A012107480AF023FD20469D
:10AEB0000EF056FEE2E7064A012103480AF01AFDA9
:10AEC000D1E700BF0C2D0400ECE40300E42D0400E6
:10AED000F82D040038B504460079FFF7B9FB0546A4
:10AEE000A068E0B10368D3B11B68C3B123684BB954
:10AEF0000CF071FF60B1052D11D8DFE805F0110DE0
:10AF00001011100D084A012108480AF0FDFC06E066
:10AF100020460DF028FBEEE72046FFF711FC38BD78
:10AF20002046FFF7E7FBFAE71C2E0400ECE40300E1
:10AF300070B582B006460C46551C0CF04EFF85429B
:10AF40000BD82046FFF784FB02280FD004280DD031
:10AF50004FF0FF324FF0FF330BE000950346114AEC
:10AF6000022111480AF0DBFC002511E04FF47022A9
:10AF7000002300210D480CF08CFE054658B1FFF768
:10AF800035FF8660012105F10C000EF031FE0470E2
:10AF9000284602B070BD2346054A012102480AF046
:10AFA000B3FCF5E73C2E0400ECE40300F0090020BC
:10AFB000D42B04002DE9F04182B006460D46071F50
:10AFC00038460CF063FF2B8A7BB18046012105F1E6
:10AFD0000C000EF03EFE044698F80A30072B09D10B
:10AFE00056F8043C33B1002309E0244A01212448E7
:10AFF0000AF080FC002002B0BDE8F08101331D2B77
:10B000001DD894F800C01F4A12F833209445F5D19A
:10B010001C4E06EBC3062B8A7278934224D37368C6
:10B02000294638469847B378012BE3D10028E1D070
:10B0300003460022217838460DF020FBDAE723781A
:10B04000114A02210E480AF05FFC24782046FFF7DF
:10B05000FFFA0028CED00528CCD0062300222146B6
:10B0600038460DF00BFBC5E722780092074A012114
:10B0700003480AF054FC0420D5E700BF642E040006
:10B08000ECE403000C2F0400802E04009C2E04002E
:10B090002DE9F0418AB0044616461D4603688846ED
:10B0A000003918BF012118680EF036FC28B175B9B7
:10B0B000012738460AB0BDE8F081032104F13400CD
:10B0C0000CF0B2FF08B10027F3E71227F1E70023E5
:10B0D0000493059306930793089309933EB11A4688
:10B0E00031462046FFF724FF059000283AD0236818
:10B0F0001B6804938DF81880BDF84030ADF82230FD
:10B10000119B0793BDF84830ADF8203001238DF82E
:10B11000243004AB0293144B019300220092134697
:10B120002946284600F086FF9DF8247037B9059916
:10B130000029BED020460DF052FABAE726B9B8F180
:10B14000180F0CD00027B4E705980EF009FD9DF804
:10B1500024302A46414620460DF090FAEFE79DF84C
:10B160002470A6E71127A4E7B17F03002DE9F04181
:10B1700088461746FFF700FB044610B3446A1CB329
:10B18000883C14F1880607D0D4F8886026B1883E40
:10B1900002E0334634461E46C4B17D1C20460CF006
:10B1A0001CFE854207D9002EF3D0D6F88830002B3C
:10B1B000F0D0883BEEE73A4641462046FFF7B8FE1E
:10B1C00004462046BDE8F0812646E5E77B1C034A9D
:10B1D000022103480AF098FBF3E700BFBC2E0400ED
:10B1E000ECE40300F8B504460F464FF47022002348
:10B1F00011480EF074FC0646A0B120460CF0EBFDA1
:10B20000B8B9092106F10C0528460EF0EDFC3046D0
:10B21000FFF7ECFD8460012128460EF0E9FC077081
:10B220003046F8BD3B46054A012105480AF06CFB53
:10B23000F6E70B21E6E700BFF0090020D42B04005D
:10B24000ECE403002DE9F0418AB005468846164635
:10B250001F4600240594069407940894099411212C
:10B26000FFF7C0FF079050B30595CDF81880012176
:10B270000C300EF0BDFC089022460470099405AB1A
:10B280000293104B0193009423463946304600F058
:10B29000D1FE089B1C7844B1079928460DF09FF910
:10B2A000002420460AB0BDE8F08107980EF058FC53
:10B2B0000A233246102128460DF0E0F9F1E7112467
:10B2C000EFE700BF09AA020070B588B006460D4638
:10B2D0000368012118680EF01FFB50B9032106F125
:10B2E00034000CF0A1FE10B1002008B070BD122097
:10B2F000FBE700230493059306930793212130462F
:10B30000FFF770FF069058B304962B8A012B21D9C2
:10B3100005F10C000EF0A5FC044601238DF81C304D
:10B3200004AB02930F4B0193002200921346014697
:10B3300000F080FE9DF81C30002BE6D006980EF041
:10B340000FFC9DF81C302246202130460DF096F966
:10B350000020CAE7069930460DF041F90020C4E705
:10B360001120C2E7BD81030070B588B006460D46C6
:10B370000368012118680EF0CFFA50B9032106F1D5
:10B3800034000CF051FE10B1002008B070BD122046
:10B39000FBE7002304930593069307930F213046A0
:10B3A000FFF720FF069058B304962B8A012B21D972
:10B3B00005F10C000EF055FC044601238DF81C30FD
:10B3C00004AB02930F4B01930022009213460146F7
:10B3D00000F030FE9DF81C30002BE6D006980EF0F1
:10B3E000BFFB9DF81C3022460E2130460DF046F979
:10B3F0000020CAE7069930460DF0F1F80020C4E7B6
:10B400001120C2E73D820300F0B589B004460F4623
:10B4100016461D460368012118680EF07DFA20B11A
:10B420006DB90126304609B0F0BD032104F13400A6
:10B430000CF0FAFD08B10026F4E71226F2E700232B
:10B44000049305930693079331462046FFF7CAFEFF
:10B45000069030B30494BDF83830ADF814300123B1
:10B460008DF81C3004AB02930F4B01930022009225
:10B4700013462946284600F0DDFD9DF81C6026B9DC
:10B48000069920460DF0ABF8CCE706980EF068FB65
:10B490009DF81C302A46394620460DF0EFF800266C
:10B4A000C0E71126BEE700BF3D8203002DE9F04151
:10B4B0008AB00546884616461F4600240494059423
:10B4C00006940794089409940921FFF78BFE0690CF
:10B4D00068B30495CDF8148001210C300EF088FB80
:10B4E0000790224604700A238DF8243004AB02939F
:10B4F000104B0193009423463946304600F09AFDE4
:10B500009DF824403CB9069928460DF068F820467D
:10B510000AB0BDE8F08106980EF022FB9DF82430B9
:10B520003246082128460DF0A9F80024EFE711243F
:10B53000EDE700BFC9AA02002DE9F0418AB0054637
:10B540000E461746984600240594069407940894DE
:10B5500009940721FFF746FE069060B30595224641
:10B560000794CDF820809DF840308DF824300A23D0
:10B570008DF8253005AB0293104B019300942346C0
:10B580003946304600F056FD9DF825403CB90699F5
:10B5900028460DF024F820460AB0BDE8F081069850
:10B5A0000EF0DEFA9DF825303246062128460DF0D1
:10B5B00065F80024EFE71124EDE700BF85AB02003A
:10B5C00070B588B004460E461546002304930593D3
:10B5D000069307930521FFF705FE0590F8B1049443
:10B5E00004AB02930F4B01930022009213462946AD
:10B5F000304600F01FFD069B33B1059920460CF044
:10B60000EEFF002008B070BD05980EF0A9FA0A23DD
:10B610003246042120460DF031F80020F2E71120D7
:10B62000F0E700BF9F82030000B583B002460B46DF
:10B630000021019112F0B0FD0C4909580C48006836
:10B6400088420DD001A90B4805F042FE58B9019877
:10B650000023036043608360C36003B05DF804FBB4
:10B6600000221346EEE70020F7E700BF08000000C5
:10B670005C4100203C09002010B50446806818B1E8
:10B680000EF06EFA0023A3602146024811F02EFB53
:10B6900010BD00BF3C0900202DE9F04782B00446F0
:10B6A0000F4691461E46583011F026FEA06BF0B1B1
:10B6B000144B984222D045684FF0000AC0F804A00D
:10B6C000A06BD0F80C80FFF7D7FFC4F838A0206833
:10B6D0000CF0ABFE3DB123681868CDF800804B46F6
:10B6E0003A463146A847002002B0BDE8F087064A36
:10B6F000022106480AF0FEF80025E8E70025A563C8
:10B70000E5E700BF60410020D82E0400ECE4030010
:10B7100008B5CA68836B4BB107498B4208D0D37810
:10B7200043B100221146FFF7B7FF08BD0E23F8E72B
:10B730000E23F6E70E23F4E76041002070B582B0D7
:10B74000054602E018460EF00BFA0022002305F130
:10B750000C000EF0CAF903460028F3D10CE0AB60F0
:10B7600011E0E368009300231A466FF06701286830
:10B77000B0472046FFF780FF6C6844B123686B60D8
:10B78000AA68A242EBD06668002EEAD1F1E7002356
:10B790002B602946024811F0A9FA02B070BD00BF23
:10B7A00004090020B0B58AB000AF044650F8583CF8
:10B7B00018680CF088F91E2207F10801FFF7C2FA99
:10B7C0006D4600233B7102237B7188B0EC461CF16F
:10B7D000100215D00E2022B1042802DD264BCCF831
:10B7E000143000233B7002237B70B2B1082803DDC4
:10B7F00007F10803CCF818300CF11C0300210AE013
:10B800006FF00040E7E701F1280EBE441EF828EC77
:10B8100003F801EB01310129F5D90D2829DD0E23AB
:10B820004AB10321397100217971B9710121F9718E
:10B830007868CCF8100000216FF300016FF341012C
:10B840006FF382016FF3C501012060F38811C3F328
:10B850000A0363F353216FF31F5100230748F7F7DF
:10B8600095FCAD46A4F154000DF050F92837BD46C3
:10B87000B0BD6FF01B03D3E7F02E0400ECE403002F
:10B8800008B5836B8B4201D0002008BD034B836356
:10B890000846FFF7F1FE0120F7E700BF60410020F6
:10B8A0008068034B984214BF00200120704700BFFE
:10B8B000D9BA0200064B1A68C0F801209A889B7911
:10B8C000A0F80520C371002303700381704700BFF7
:10B8D000181C0400044B1A68C0F801209A889B7950
:10B8E000A0F80520C3717047181C040070B5064607
:10B8F000002414B10025284670BD0D4D05EB04153C
:10B9000066B123010A4901EB04120132C95C3046D9
:10B910000CF0B2F80028EED10134EAE728460722FD
:10B920000449013012F030FA0028F5D1E3E700BFF6
:10B930008C410020181C040070B506460D460024FA
:10B940000CB1002070BD04EB44030C4A12F8233004
:10B950009E4201D00134F3E704EB440302EB830081
:10B9600007222946013012F00FFA0028F2D104EB29
:10B970004404024800EB8400E4E700BF9C4100203F
:10B98000F8B507460D46002414B100263046F8BD30
:10B9900004EB840605EB460667B104EB84033246EC
:10B9A000013215F8131038460CF066F80028EDD176
:10B9B0000134E9E704EB840005EB4000072203496A
:10B9C000013012F0E1F90028F2D1DFE7181C040081
:10B9D00070B50646002414B10025284670BD0D4DF3
:10B9E00005EB041566B123010A4901EB041201328B
:10B9F000C95C30460CF040F80028EED10134EAE78B
:10BA0000284607220449013012F0BEF90028F5D17A
:10BA1000E3E700BFB4410020181C04000D4BBFF346
:10BA20005B8F53E8002F42F0020143E8001000282A
:10BA3000F7D1BFF35B8F12F0020F0AD1064B05E07E
:10BA40005A680649088802440A800833044A934227
:10BA5000F6D37047A841002094E403008C4A0020EC
:10BA6000B4E40300F8B506460F4615461C46FFF73A
:10BA700063FF844670B1BCF8083013B9BCF80A30D3
:10BA8000F3B123462A460CF10A010CF108000DF02F
:10BA900049F9F8BD0D49FFF74FFF844650B1034601
:10BAA00003F8016B3A68C0F80120B988BA79998027
:10BAB0009A71E0E7064A0121064809F01BFFE8E712
:10BAC000ACF80850ACF80A40E3E700BF181C0400CB
:10BAD0001430040004E503002DE9F8431C46BDF8CA
:10BAE0002030CF68002B50D181460E46631E9BB29A
:10BAF000012B4DD8012C1DD95378157845EA032523
:10BB000039464846FFF73CFF8046A8B13B6943B140
:10BB10002A46314648469847002809DB0138012863
:10BB200039D8A8F808507B899D4225D14DB32046CD
:10BB3000BDE8F8831578E3E70DB92046F8E7394604
:10BB40000020FFF71DFF804670B1D9F88830C0F89B
:10BB50000130B9F88C2099F88E30A0F80520C37117
:10BB600099F808300370D1E70C4A02210C4809F01B
:10BB7000C1FE6FF01000DBE7394630460DF02EF9BC
:10BB8000D4E74046FFF796FED1E76FF00600CFE717
:10BB90006FF00C00CCE76FF00D00C9E73430040003
:10BBA00004E503002DE9F0411E46BDF81830012BD5
:10BBB00030D804461746B0463344012B2DD8FFF742
:10BBC00095FE0546C8B13246394628460DF0CCF8F8
:10BBD00030B3D4F88830C5F80130B4F88C2094F82C
:10BBE0008E30A5F80520EB71237A2B7001212846B1
:10BBF0000DF04AFA4046BDE8F081FFF777FE0546B2
:10BC00000028E0D1084A0221084809F073FE6FF0CD
:10BC10001008EFE76FF00608ECE76FF00C08E9E7B3
:10BC20006FF01208E6E700BF5030040004E503009F
:10BC3000F8B507460E46069D05F11403BFF35B8F6A
:10BC400053E8001F21F0040143E80012002AF7D155
:10BC5000BFF35B8F8EB92B8A23B92C681A4629460D
:10BC60003846A04730460DF0D1F804466B6823B340
:10BC70002A46014638469847F8BD3846FFF7A8FEE1
:10BC800001460028F8D0836813B11C6800220AE03E
:10BC90001C46FBE72B4638460DF0DDF8E2E7204670
:10BCA0001A4623460446002BDCD005F1180C9C45AF
:10BCB000F0D0002CF3D02068F2E7AB68002BDBD08B
:10BCC000054A0221054809F015FEAB68002221460D
:10BCD00038469847D0E700BF7C30040004E50300F5
:10BCE00038B5044600F188052946007A0BF0ABFA16
:10BCF00038B92946207AFFF71FFE08B10DF014FA73
:10BD000038BD2946207A0DF014FA03460028F7D0F2
:10BD1000024A0121024809F0F7FDF1E7B4300400BE
:10BD200004E5030010B50446164BBFF35B8F53E8E0
:10BD3000002F22F0020243E800210029F7D1BFF3CF
:10BD40005B8FBFF35B8F1B68BFF35B8F13F0010F3B
:10BD500004D120460CF076FF30B910BD002200233C
:10BD6000094805F0ADFDF4E72046FFF7BFFD0028C8
:10BD7000F3D0027A12F0010FEFD001210DF084F917
:10BD8000EBE700BF70270020402700202DE9F04F8F
:10BD900083B005461646FFF783FD009078B1EF6843
:10BDA0007B8963B10024A1466CB1B9F1000F06D1C3
:10BDB00000237B81FB6813B10021284698470120AE
:10BDC00003B0BDE8F08F04EB840807EB4808B8F82F
:10BDD0000830CBB104EB840308F1010A524617F88E
:10BDE000131030460BF048FE98B904EB840351461B
:10BDF00017F81300FEF718F8034628B1827A072ACD
:10BE000004D018460BF098FD0134CDE7DDF8009022
:10BE1000F7E706F1880301931946307A0BF013FA1D
:10BE200050B90B4B9F4203D04046FFF743FDEBE771
:10BE30003046FFF755FFF7E7D6F88830C8F80130ED
:10BE4000019B9A889B79AAF804208AF80630DBE7E0
:10BE5000CC07002000B585B00A46012302930423D5
:10BE6000019308230093034B03490DF0D2F905B069
:10BE70005DF804FBD7930300F197030000B585B08C
:10BE80000A464B68012102918B40019320230093C5
:10BE9000034B04490DF0BDF905B05DF804FB00BF8C
:10BEA00051930300DB92030000B585B00A464B684E
:10BEB000012102918B4001930E230093034B04490F
:10BEC0000DF0A7F905B05DF804FB00BF7793030000
:10BED000A98E030000B585B00A460123029304230E
:10BEE00001930C230093034B03490DF092F905B025
:10BEF0005DF804FBC3920300F197030000B585B021
:10BF00008C4611460CF11403BFF35B8F53E800EF2E
:10BF10004EF0080E43E800E2002AF7D1BFF35B8F32
:10BF2000012302930423019312230093034B6246DF
:10BF30000DF06FF905B05DF804FB00BF9D930300A1
:10BF40000B4B1A68C0F801209A889B79A0F805204D
:10BF5000C371002303720C30BFF35B8F50E8002FD6
:10BF600040E800310029F9D1BFF35B8F704700BF73
:10BF7000181C0400114BBFF35B8F53E8002F42F0F5
:10BF8000010143E800100028F7D1BFF35B8F12F0E6
:10BF9000010F00D0704710B5FFF740FD084C09496C
:10BFA000204611F059F94FF4A47200232046FAF705
:10BFB00011FB0549054811F04FF910BDA8410020BB
:10BFC000C82600207996030059C4020040270020AB
:10BFD00028B38446008A38BB70B4144D012203E0B4
:10BFE0006B6813449AB20835114B9D421AD22C68E3
:10BFF0006445F5D86E6806EB86039B00143B23442A
:10C000006345EDD300239E42EDD903EB830104EB9E
:10C010008101614505D00133013292B2F3E700207E
:10C020007047104670BC7047704700BF94E403002F
:10C03000B4E403002DE9F04F89B0824607919046A1
:10C040009946139FDDF850B0BDF848301BB94FF644
:10C05000FF73ADF848301C4B1B8853452CD209B0F8
:10C06000BDE8F08F8CB20836184B9E42F7D2736849
:10C07000E118B942F6D3002506977368AB4219D987
:10C0800005EB8500CDF810B0CDF80CA012AB0293F3
:10C09000CDF80490CDF80080079B069A21463768BA
:10C0A00007EB80000DF07CF80028D8D00135013472
:10C0B000A4B2E2E7069FD6E7054E01241397574640
:10C0C000DDF84CA0D0E700BF8C4A0020B4E40300A8
:10C0D00094E4030010B5CCB00023489349934A93ED
:10C0E0004B931CAA48A904A809F047FF18B304AC55
:10C0F0000294174B01930022009213464FF6FF71F2
:10C100000120FFF797FF2146124809F0D3FFC0B185
:10C11000102110480CF0F0FD0F4BBFF35B8F53E87C
:10C12000001F41F0080143E80012002AF7D1BFF3D5
:10C130005B8F4CB010BD094A0121094809F0DAFBB8
:10C14000F7E7084A0121064809F0D4FBF1E700BFF0
:10C15000EB8E0300B826002070270020CC300400AE
:10C1600004E50300E83004002DE9F04184B0044602
:10C170000D4616461F461F49A1F1300011F0CBF8BD
:10C18000BFF35B8F1C4B1B68BFF35B8F13F0080F73
:10C1900017D02046FFF7AAFB18B1027A12F0010F60
:10C1A00012D110230293154B0193BDF82830009350
:10C1B0003B463246294620460DF043F904B0BDE81F
:10C1C000F081FFF787FFE4E700F10C08002140460B
:10C1D0000CF0FAFE0028E4D1BFF35B8F58E8003F73
:10C1E00043F0020348E80032002AF7D1BFF35B8F27
:10C1F000D7E700BFF826002070270020B8260020CF
:10C2000008B5BFF35B8F054B1B68BFF35B8F13F063
:10C21000080F00D008BDFFF75DFFFBE77027002087
:10C2200010B584B004460A46002303600290074913
:10C230000191012100914FF6FF718088FFF7FAFE0E
:10C240002068003818BF012004B010BD458E0300DF
:10C2500010B586B000240594FFF7BAFE013080B215
:10C2600005AB0293054B01930094234622460146F9
:10C27000FFF7E0FE059806B010BD00BFD78D0300A4
:10C280002DE9F04782B005460F46144656689422C1
:10C2900031460DF0F9F900283CD1022231462846FA
:10C2A0000DF015FA00283DD0A68A023600961D230F
:10C2B0000022214628480CF09EFF8146002848D0E5
:10C2C00032461D212846FEF751FF804690B30123D8
:10C2D000002211460CF0E1FC08F10C0A0221504644
:10C2E0000DF086FC064626F8027BA18A50460DF02A
:10C2F0007FFCA28A2169304611F016FDC9F808803A
:10C30000494628460CF029FC0446F0B9204602B004
:10C31000BDE8F087114A0221114809F0EBFA4FF00D
:10C32000FF34F3E70F4A02210D4809F0E3FA6FF0FA
:10C330001504EBE70C4A0221094809F0DBFA4846EC
:10C34000FFF79AF96FF00B04E0E74846FFF794F91E
:10C35000DCE76FF00B04D9E7198E03000431040009
:10C3600004E503001C31040048310400BFF35B8F77
:10C37000374B1B68BFF35B8F13F0040F5ED030B5F3
:10C380008DB005460C4610B1837A072B59D16068F1
:10C390000590FFF71DFEADF81800216841B305A810
:10C3A000FFF73EFF00284FD0059B6360059B186890
:10C3B00000238DF82C3042F60303ADF82E300BA984
:10C3C0000AF0E9FC48B90598C3689B7913F0200F7F
:10C3D00013D00DF0F8F8ADF818008DB10123A37556
:10C3E0002246BDF818102846FFF74AFF0DB030BDB1
:10C3F0000028DBD16FF00100F8E76FF01500F5E7DA
:10C400006FF07F0307930223ADF8203009940023D7
:10C41000A3758DF8283042F60212ADF82A2005AA3D
:10C4200002920C4A0192012200920AAA4FF6FF7171
:10C43000BDF81800FFF7FEFD0798D7E76FF00A0078
:10C4400070476FF07F00D1E76FF00100CEE700BFCB
:10C45000CC030020E5C7020010B582B0034630F8D7
:10C46000082CADF8042030F8062CADF80620A0F119
:10C47000200100F13004BFF35B8F54E8002F22F05D
:10C48000010244E800200028F7D1BFF35B8F0020B1
:10C4900023F8080C23F8060C0E4A43F81C2C0E4A0D
:10C4A00043F8182C01AA43F8102C042223F80C2C72
:10C4B000FFF75CFF08B102B010BDBFF35B8F54E81B
:10C4C000003F43F0020344E80032002AF7D1BFF3F3
:10C4D0005B8FF0E79C32040025BD020038B50446AE
:10C4E00000F18801007AFFF727FA00B305460389B7
:10C4F0000BB94389DBB12046FDF7A6FB2B890F4A18
:10C5000022F820306B8902EB800253800C4D00EB47
:10C51000400305EBC3030B4959600B4999601A614D
:10C5200004229A8219462046FFF720FF00B938BD41
:10C53000064A0121064809F0DDF9F8E770410020BC
:10C54000744100209C3204006791030070310400A4
:10C5500004E503002DE9F04782B000AF0646D2F8AB
:10C560000080FFF79DF918B1D6F80C90002424B193
:10C5700001200837BD46BDE8F08704EB840309EBD2
:10C5800043031B89002B54D004EB840309EB4302C3
:10C59000013219F8131040460BF06EFA002848D00B
:10C5A0004FF49572314640460DF06EF808B10328FD
:10C5B0000AD0494630460CF011FC224B9945D7D1A0
:10C5C0004046FFF78BFFD3E7EA4688B06B4613F18E
:10C5D000100230D00C214AB10846042903DDDFF8EF
:10C5E0006CC0C3F814C0082800DD9E610B2925DD4E
:10C5F0000C213AB10320387100207871B871F871BC
:10C60000786818616FF300056FF341056FF38205D9
:10C610006FF3C505022363F38815C1F30A0161F3C3
:10C6200053256FF31F55002329460748F6F7AEFD43
:10C63000D54601349BE76FF00041CCE76FF01B015A
:10C64000D7E700BFCC07002004E5030090310400C9
:10C650002DE9F84305460F461446566894223146A4
:10C660000DF012F858BB0122314628460DF02FF884
:10C6700068B3A28902321B212846FEF777FD804667
:10C6800068B300F10C09022148460DF0B1FA0646E4
:10C6900026F8027BA18948460DF0AAFAA289A16872
:10C6A000304611F041FB01236269216940460CF0DC
:10C6B000F4FA414628460CF03BFABDE8F8830C4AF0
:10C6C00002210C4809F016F94FF0FF30F5E70A4A4D
:10C6D0000221084809F00EF96FF01500EDE7074A4E
:10C6E0000221044809F006F96FF00B00E5E700BFEE
:10C6F0000431040004E503001C310400A4310400EB
:10C70000BFF35B8F354B1B68BFF35B8F13F0040FD8
:10C710005AD030B58DB005460C4610B1837A072B40
:10C7200055D160680590FFF753FCADF818002168FB
:10C7300031B305A8FFF774FD00284BD0059B63605B
:10C74000059B186800238DF82C3042F60303ADF8E2
:10C750002E300BA90AF01FFB48B90598C3689B79D6
:10C7600013F0100F11D00CF02EFFADF818007DB1B2
:10C770002246BDF818102846FFF76AFF0DB030BDFD
:10C780000028DDD16FF00100F8E76FF01500F5E744
:10C790006FF07F0307930122ADF820200994002356
:10C7A0008DF8283042F60211ADF82A1005A9029141
:10C7B0000B49019100920AAA4FF6FF71BDF81800CB
:10C7C000FFF738FC0798D9E76FF00A0070476FF061
:10C7D0007F00D3E76FF00100D0E700BFCC0300205B
:10C7E000E5C702002DE9F04707461646FFF758F85F
:10C7F000002800F0A780FD68544B9D422DD00024F6
:10C8000064E033691A6904EB440053881288414696
:10C81000DFF83CC11CF82000FFF724F90134002C9C
:10C82000EDD104EB44024A4B03EB820808F1010806
:10C8300007224849404611F0A7FA0028EED004EB41
:10C84000440307224146424810F82300FDF798FBB5
:10C850000028D6D00BF070F8E0E70024DFE70BF0FB
:10C860006BF832E040460BF067F82EE03A4A0221BE
:10C870003A4809F03FF840460BF05EF825E004EB3B
:10C88000840205EB4202128912F0020F49D032698C
:10C89000B1884046FFF7F4FC814670B93269937D58
:10C8A0000133937509E004EB840305EB43031B8913
:10C8B00013F0010F3AD14FF0000940460BF03CF85D
:10C8C000C6F80890B9F1000F39DB0134002C34D1DF
:10C8D00004EB840305EB4303B3F808C0B3899C451C
:10C8E000F3D104EB840305EB4301013115F8130088
:10C8F000FDF79AFA80460028E7D0837A072BAED15D
:10C900006B691BB1394698470028ABD09422394651
:10C9100040460CF0B9FE82460028A7D1B389022B0D
:10C92000ADD0012BBFD04FF00009C6E73269B18806
:10C930004046FFF78DFE8146BFE74FF0010A5046A3
:10C94000BDE8F0874FF0010AF9E700BFCC070020EF
:10C950009C410020181C04000431040004E503007D
:10C96000837A072B23D170B584B004460D46061D8B
:10C970000C2130460CF035FBE0B901230293022371
:10C98000019300930D4B2A460D4920460CF041FCC3
:10C9900058B1BFF35B8F56E8003F23F4805346E85D
:10C9A0000032002AF7D1BFF35B8F04B070BD6FF087
:10C9B0007F0070476FF07700F7E700BF97920300A2
:10C9C000918E0300837A072B23D100B585B04B6885
:10C9D00043B1012B0CD90B7B3BB1FFF74FFA05B0EC
:10C9E0005DF804FBFFF736FAF9E7FFF75DFAF6E7C3
:10C9F0004B895BB901230293022301930A2300931D
:10CA0000054B0A4605490CF004FCE8E7FFF762FA1B
:10CA1000E5E76FF07F007047AF920300F1970300E6
:10CA20002DE9F04F87B002AF78600D469046B1F81F
:10CA300008A0B1F80AB05C1EA4B2561C25E04C4A0E
:10CA400001214C4808F056FF70E0023B9BB2514573
:10CA500028D3594526D82A81D5F800900093B31CD5
:10CA60002A4600217868C84700285FD098F800302F
:10CA70009C426DD32B896A89934261D001332B810B
:10CA800098F80030E41AA4B21E44002C60D032881A
:10CA900091B20029D3D098F80030A342D5D9A31E73
:10CAA0009BB2D4E76C468AB002AB13F1100241D0BE
:10CAB00014208AB10646042803DDDFF8BCC0C3F8A1
:10CAC00014C0082E00DD99610C2E01DDC3F81CA0F6
:10CAD000102E01DDC3F820B013282EDD14263AB144
:10CAE0000521397300217973B973F973F8681861F6
:10CAF00000216FF300016FF341016FF382016FF3C7
:10CB0000C501022363F38811C6F30A0666F35321B5
:10CB10006FF31F5100231748F6F738FBA5462C6822
:10CB2000002300932A460E217868A0471437BD469B
:10CB3000BDE8F08F6FF00040BBE76FF01B06CEE75B
:10CB40002C68002100910B462A467868A047EDE743
:10CB500029467E683046FFF735FF0028E6DA2C6864
:10CB6000002300932A460E213046A047DEE700BF8F
:10CB7000D031040004E50300E0310400F8B5837A05
:10CB8000072B45D105460C46FEF722FF0746002835
:10CB900041D0836803B1183B0020064603E0012022
:10CBA0009B6903B1183B3BB1A342F8D09989A28994
:10CBB0009142F5D10126F3E780B3022104F114007C
:10CBC0000CF002FAD8B93EB900232382164A214656
:10CBD0002846FFF793F988B904F1180107F1080016
:10CBE0000CF07AF838460CF031F968B9CEB1266805
:10CBF00000231A4621462846B0470020F8BD2146AA
:10CC000028460CF035FEDEE73846FEF763FEEDE71A
:10CC10006FF07F00F2E76FF01500EFE76FF015009F
:10CC2000ECE70020EAE700BF31BC02002DE9F04F3D
:10CC300089B006460C461546FEF7CAFE70B1074697
:10CC40002A46214605A80CF0C9FFB04635E00095FC
:10CC50005B46294A0121294808F061FE09B0BDE878
:10CC6000F08FFEB1B36903B1183B34461E46FCB1E8
:10CC7000A3899945F5D1214640460CF007F90028D3
:10CC8000EFD05B460AF10402214640462568A847DA
:10CC90000028E6D121464046FFF770FFE1E726462F
:10CCA0000395E4E73346E0E70395E0E70395DEE725
:10CCB000039D594605A80CF0CCFFBDF81830042B95
:10CCC000CCD9042105A80CF0C4FF8246B0F800902E
:10CCD000B0F802B0BDF818305B45B8D3BC68002C82
:10CCE000DDD0183C14F11806DED0A669002EDDD088
:10CCF000183E0395BBE700BF4832040004E503007B
:10CD000000B587B0049001208DF8140004AB0293A5
:10CD1000054B01930022009213464FF6FF71FFF777
:10CD200089F907B05DF804FB55C50200F8B5054662
:10CD30000E4617460A4B1C6804B1043C74B12368C4
:10CD400043B13A463146284698476468002CF5D0EE
:10CD5000043CF3E7231DF8D11C46EFE7F8BD00BF04
:10CD6000AC41002010B584B004460290084B0193FA
:10CD70000022009213464FF6FF710120FFF75AF987
:10CD800020460CF085F920460CF040FB04B010BDA5
:10CD90008DBD02004268034B9A4200D07047C368C1
:10CDA0001982FBE7F1970300F0B583B000AF0546A9
:10CDB0000020C0B36C4688B06B4613F1100243D01C
:10CDC0000C213AB10846042901DD224E5E61082893
:10CDD00000DD9D610B293ADD4FF00C0C3AB10321C7
:10CDE000397100217971B971F97178681861002180
:10CDF0006FF300016FF341016FF382016FF3C5011F
:10CE0000012363F38811CCF30A0C6CF353216FF305
:10CE10001F5100231048F6F7B9F9A5466FF00B0033
:10CE20000C37BD46F0BD00EB40031B010B4AD35845
:10CE30000BB10130BDE700EB4002084B03EB0213DE
:10CE4000074A5A600B60EBE76FF00041B9E76FF0FB
:10CE50001B0CC3E7FC3304003CE50300C441002085
:10CE600024340400034BC01A8010034B03FB00F072
:10CE7000704700BFC4090020A38B2EBA2C22024B9E
:10CE800002FB0030704700BFC40900202DE9F043C9
:10CE900085B00546039116461C46684610F004FD11
:10CEA000DDE90089EFF31183402181F31288BFF39C
:10CEB0006F8F698BD9B11F462B8B99420BD2002201
:10CEC0000023284604F0F4FA044620B187F31188C1
:10CED000BFF36F8F20E0698B4B1E6B8387F3118844
:10CEE000BFF36F8F28460CF097FD044614E083F3E0
:10CEF0001188BFF36F8F54EA060306D011F04CF986
:10CF00001A4B1A581A4B9A4218D0324623462846D2
:10CF100004F0CEFA044668B1039B93B90023636121
:10CF200001232372002363726360039B63822046A4
:10CF30000CF0D0FD204605B0BDE8F0830026344655
:10CF4000E3E742464B46684610F0E4FCDDE9002387
:10CF500003A920460CF073FD054660610028DFD16F
:10CF600020460CF080FD2C46E4E700BF08000000DE
:10CF700080360020132810D80C4B13F810307BB1EA
:10CF80000A4A02EB400252786AB1086800FB03F3D8
:10CF900093FBF2F30B60002070476FF015007047B1
:10CFA0006FF0150070476FF015007047783404007B
:10CFB000074B0122C3F8002590F8863013B1044BCB
:10CFC000DA607047024B01221A605A60704700BF56
:10CFD0000070004069B938B5064CD4F82C56D4F826
:10CFE000341689B274300CF085FE0544C4F82C5612
:10CFF00038BD704700700040F0B583B00023009347
:10D00000CDF803300C7904F01F048E79072C66D814
:10D010000D460B780B2B2FD8DFE803F00906161A04
:10D020002E1E2E2E22262E2A01238DF802306B78FA
:10D03000032B29D0042B2AD02A4A01212A4808F0A0
:10D0400059FC6FF015073FE002238DF80230EEE740
:10D0500003238DF80230EAE704238DF80230E6E777
:10D0600005238DF80230E2E706238DF80230DEE773
:10D0700007238DF80230DAE71C4A01211A4808F02C
:10D0800039FC6FF015071FE001238DF8033001A96B
:10D0900068880CF031FE0746C8B92B79C3F34013FA
:10D0A0008DF805306A79124B234483F8A020114D86
:10D0B0006A46214628460CF0E9FD5134230105EB70
:10D0C000041466600022EA50384603B0F0BD0A4AF4
:10D0D0000121054808F00EFC6FF01507F4E76FF02A
:10D0E0001507F1E7C0340400C4E40300A0340400D1
:10D0F0006004002000700040E434040008B5037CA4
:10D10000A3F10802062A0DD8DFE802F0140C160C71
:10D11000040C0A000222094BC3F8F025002008BDC8
:10D120000322F8E7064A0121064808F0EDFB6FF0FC
:10D130001500F4E70022EEE70122ECE70070004062
:10D1400010350400C4E4030008B5012901D9437C6B
:10D150004BB9437C082B0ED8DFE803F015151515E5
:10D160001515151515000A4A01210A4808F0C2FBD9
:10D170006FF015000BE0084A0121064808F0C4FBD7
:10D180006FF0150003E0054AC2F8F435002008BD31
:10D1900038350400C4E403006C350400007000401E
:10D1A00010B582B004460CF0A5FD236813B19B892D
:10D1B00003FB0000E368834202D3002002B010BDED
:10D1C0000090044A0121044808F0A9FB6FF00B000D
:10D1D000F4E700BF90350400C4E4030010B582B04A
:10D1E00000F10804D0F88800410CC003084BC018B7
:10D1F000084A4FF0000341F10001DFF781FC009085
:10D20000019100220023204605F0D4F902B010BDA0
:10D210003F420F0040420F00F8B54E68731EFE2BD0
:10D2200003D80D4600231C4619E0314A012131483C
:10D2300008F060FB6FF0150339E02F4A01212D48FB
:10D2400008F062FB6FF0150331E003F151021201A7
:10D250002A49002088500133DBB2072B22D81A4616
:10D2600026FA03F111F0010FEFD02549194491F886
:10D27000A070002FE1D0697C003918BF0121DFF8D0
:10D280007CC00CEB031EDEF8180520F0807040EA2D
:10D290000160CEF81805513212014CF802700134C9
:10D2A000E4B2D8E72846FFF729FF034608B118463D
:10D2B000F8BD21462846FFF747FF03460028F6D170
:10D2C00021462846FFF76CFF03460028EFD1AA68E5
:10D2D0000A4BC3F82C26C3F83046094C2946204691
:10D2E0000CF07CFD20460CF06CFD0346DFE700BF30
:10D2F000B8350400C4E40300D835040000700040D1
:10D300006004002070B504460D46084E0022114608
:10D3100030460CF04DFD29462046FFF77DFF0446C0
:10D3200006F1400004F0FEF8204670BD60040020C5
:10D3300010B50D4B0024C3F80441D3F80421C3F801
:10D340001041D3F810211222C3F80423072008F05B
:10D350001DFF22460121072008F022FF03480CF0A0
:10D360006CFD204610BD00BF00700040600400202E
:10D3700008B5114BD3F8043173B90F4BD3F8103102
:10D380004BB10D4B0022C3F81021D3F8102101221C
:10D390009A601A605A6008BD074B0022C3F8042146
:10D3A000D3F8041101219960C3F800250146034810
:10D3B0000CF04BFDEFE700BF007000406004002060
:10D3C0000048704748420020034BC01A8010034BAE
:10D3D00003FB00F0704700BF08420020B76DDBB6CA
:10D3E00038B505460C46FFF7EFFF014640220348DB
:10D3F0000CF009FE01462846A04738BD7CE2030038
:10D4000030B583B005460C46FFF7DEFF01464023EA
:10D4100000932346054A06480CF00FFE011E01DB6F
:10D4200003B030BD2846A047FAE700BF83A0030041
:10D430007CE2030008B510B101280DD008BD002121
:10D4400008480CF06CFD836813F0070FF6D100213B
:10D4500004480CF0C6FDF1E7012102480CF0C1FDC3
:10D46000ECE700BF7CE2030010B582B0EFF311845B
:10D47000402383F31288BFF36F8F154A136843F07C
:10D480000201116013F0010F09D1002384F3118808
:10D49000BFF36F8FB3B90CF0FCFD02B010BD0DF1FE
:10D4A000070201214FF080400CF01DFD9DF8073070
:10D4B000012B01D00023E9E7FFF782FF0CF07FFD8D
:10D4C0000123E3E7002103480CF08BFDE5E700BFF3
:10D4D000584200207CE2030010B5EFF31184402392
:10D4E00083F31288BFF36F8F074A136823F002019A
:10D4F000116013F0010F04D084F31188BFF36F8F14
:10D5000010BD0CF0CBFDF7E75842002070B582B09B
:10D510000546012807D14FF08043D3F81C3403F0AF
:10D520000303012B4BD00FF020FF044618B9284B02
:10D530001B78002B38D1EFF31186402383F3128838
:10D54000BFF36F8F012424B94FF080430222C3F848
:10D55000082301AA00214FF080400CF0C4FC20B148
:10D56000019B012B26D0012D24D0FCB1304608F0C0
:10D570004AFE4FF08043D3F81835002BE9D14FF025
:10D580008043D3F80431002BE3D04FF080430022D6
:10D59000C3F80421D3F804210122C3F818250D494A
:10D5A000C1F880219A60D4E70026CCE701200CF076
:10D5B0007FFDDEE72CB186F31188BFF36F8F02B0D9
:10D5C00070BD4FF080430222C3F80423F7E700BF89
:10D5D000BA4A002000E100E000B587B0CDF800D0E5
:10D5E000CDF804D0002302930123039304AB0493EA
:10D5F00005936B46064A0CF03CFD002805DB4FF412
:10D6000080420023684603F0B5FF07B05DF804FBD5
:10D61000DDA0030008B5064B1B7803B108BD4FF42D
:10D62000A5700FF09BFA024B01221A70F6E700BFBB
:10D63000B84A002070B5064600220121104608F0C5
:10D64000AFFD114801F0BEFE104B984219D10DF00C
:10D65000AEFC0024012C12D8214630460CF05FFCB1
:10D660000546214630460CF067FC094907F0D3FF18
:10D67000002805DB0123AB601C44E4B2EAE700208C
:10D6800070BD6FF00400FBE735D402000000AD0B65
:10D690002036040010B50446104B0121BFF35B8F08
:10D6A00053E8002F43E800100028F9D1BFF35B8F47
:10D6B0001AB1631E012B0DD910BD09480CF03CFCBA
:10D6C000084900234B608B60CB6001238B6007F01F
:10D6D000BFFFEEE72046FFF719FFEDE70442002009
:10D6E0007CE20300F4410020EFF31182402383F336
:10D6F0001288BFF36F8F0A4BD3F800316BB1084B20
:10D70000D3F80805C0B20021C3F80011D3F80031E6
:10D7100082F31188BFF36F8F70476FF00A00F7E74D
:10D7200000D00040F0B586468578C478EFF3118CC0
:10D73000402383F31288BFF36F8F06783346477810
:10D74000AD1B2540AA4200D9AAB2B01820408EF8DD
:10D7500000008CF31188BFF36F8F084607E00EEBD3
:10D760000302527900F8012B01332340624602F193
:10D77000FF3C1FFA8CFC002AF1D1BE420ED1EFF320
:10D780001183402282F31288BFF36F8F9EF800202E
:10D790008EF8012083F31188BFF36F8F401A80B297
:10D7A0002D1A9EF80430AB4202D3024B01221A60BC
:10D7B000F0BD00BF00D00040F8B50D46144613F090
:10D7C000010F03D12548FFF7ADFFF8BD0AB9204688
:10D7D000FBE7EFF31186402383F31288BFF36F8FCB
:10D7E0000D20F7F749F807460D2008F0D4FC86F322
:10D7F0001188BFF36F8F1A4B0022C3F80021D3F8B2
:10D80000002101221A60174B4FF40052C3F8802107
:10D8100026460AE0EFF31180402383F31288BFF31A
:10D820006F8F08F0F0FC00E08EB10D4BD3F80031A3
:10D83000002BEFD0FFF758FF0A4B4FF40052C3F80C
:10D8400080210028F0DB013EB6B2A855ECE7002F9E
:10D85000BDD00D2008F09AFCB9E700BF8C42002033
:10D8600000D0004000E100E010B5FFF73DFF0028C8
:10D8700006DBC4B221460A480CF03CFC002800DB61
:10D8800010BD214607480CF035FC002803DB064894
:10D8900003F048FEF4E7054B01225A60F7E700BFAA
:10D8A0008C420020A14200207442002000D00040A1
:10D8B000F8B50F46144607E04FF0FF324FF0FF3344
:10D8C00006F1180003F056FEBCB10D4E4FF0FF32CA
:10D8D0004FF0FF33304603F04DFE2246394606F145
:10D8E0004500FFF71FFF0546304603F01BFE002DE5
:10D8F000E2D0641BA4B22F44E6E70020F8BD00BFCD
:10D900005C42002010B5184C0122114620460FF051
:10D91000F2FA0122002104F118000FF0ECFA0422BF
:10D92000082104F145000CF0F8FB0C22102104F151
:10D9300030000CF0F2FB0D4BD3F8042522F001026D
:10D94000C3F804250024C3F80041D3F800210121C5
:10D95000C3F80413196022460D2008F021FC0D20A5
:10D9600008F014FC204610BD5C42002000D00040AE
:10D97000034BD3F8003413F0010FF9D0704700BF08
:10D9800000E00140024B0B6001231360704700BFB1
:10D99000B0420020004870475C37040000B587B0F3
:10D9A00002AB00220292039204920592039004912A
:10D9B00001228DF81420064A00920193054801F0D7
:10D9C0006DFD684601F070FD07B05DF804FB00BF17
:10D9D00087A10300645E010000B587B00291039047
:10D9E000049201238DF81430064B009302AB01938F
:10D9F00041F64C5001F052FD684601F055FD07B06C
:10DA00005DF804FBEFA1030070B582B00E46154629
:10DA10000EF084F90446294630460CF0A0FB48B3CA
:10DA2000B6FBF4F304FB136353B9B5FBF4F304FB47
:10DA300013532BB9AC420DD90024204602B070BD5F
:10DA400000953346154A0121154807F068FF6FF02D
:10DA50001504F2E74FF0FF324FF0FF33114803F0A7
:10DA600089FD0DF0B1FA78B9294630460CF0B0FBCB
:10DA700004460EE0009533460B4A0121084807F0A2
:10DA80004EFF6FF01504D8E729463046FFF786FFB2
:10DA90000446044803F046FDCFE700BFC03604004B
:10DAA0005CE50300B8420020E0360400F0B583B026
:10DAB0000C4616461D46194620460CF050FB48B150
:10DAC00014F0030710D115F0030F0DD1B5B9384686
:10DAD00003B0F0BD00952346164A0121164807F011
:10DAE0001EFF6FF01507F2E700952346134A012148
:10DAF000114807F014FF6FF01507E8E74FF0FF3209
:10DB00004FF0FF330E4803F035FD0DF05DFA48B1DC
:10DB10002A4631462046FFF75FFF0746084803F0D4
:10DB200001FDD4E72A46314620460CF085FB074626
:10DB3000F4E700BFE03604005CE5030000370400B2
:10DB4000B842002070B582B00D4616461C461946F4
:10DB500028460CF004FB18B164B9002002B070BD77
:10DB600000942B46074A0121074807F0D8FE6FF0C2
:10DB70001500F3E722462946304610F0D5F800207C
:10DB8000ECE700BFE03604005CE5030010B50122BD
:10DB9000114607480FF0AFF901F076FC0EF0C2F81D
:10DBA000044C20600EF0BAF86060002010BD00BF89
:10DBB000B8420020B042002008B902487047002057
:10DBC000704700BF90E203002DE9F04786B0884619
:10DBD00015469946446801F01F06237B46EA431622
:10DBE00020460CF04EFC00285DD0B5F5001F2AD071
:10DBF0000DF10C0A002703970497494628460CF0BC
:10DC00007DFC8DF80C00009701970297CDF804A0D9
:10DC1000A36823FA08F313F0010F02D1B5F1A07F36
:10DC200018D010346A46314620460EF01EF8214BBB
:10DC300098423BD10122314620460EF03AF80020AE
:10DC400006B0BDE8F087314604F110000EF035F85B
:10DC50000020F5E706F01F03720917D14FF0A0422C
:10DC600003F5E07352F8233013F0010FD9D104F11A
:10DC700010050DF11702314628460EF002F80E4B42
:10DC8000984205D00DF117030493CAE73A46E7E737
:10DC90000DF1170128460EF008F8064B9842F1D016
:10DCA0006FF00B00CCE76FF08500C9E76FF015004F
:10DCB000C6E700BF0000AD0B0400AD0BF0B589B0A6
:10DCC0000F461446456801F01F062B7B46EA4316B3
:10DCD00010460CF0DBFB8DF81E0040F206332340AB
:10DCE000B3F5837F54D016D8062B4DD006D9B3F5A3
:10DCF000807F0DD101238DF81D3024E003B3022B6A
:10DD000003D104238DF81D301DE06FF0150039E0BC
:10DD10006FF0150036E040F2022293423CD0B3F59A
:10DD2000407F03D103238DF81D300CE0B3F5007F55
:10DD300003D102238DF81D3005E06FF0150021E0BE
:10DD400000238DF81D3014F4002F29D06A680123B8
:10DD5000BB40C2F8083528460CF093FB48B3103599
:10DD60000DF11F02314628460DF08BFF074614F4D3
:10DD7000403F37D1314628460DF08FFF3C4B9F4244
:10DD80006ED0002009B0F0BD06238DF81D30DAE713
:10DD900007238DF81D30D6E705238DF81D30D2E717
:10DDA00014F4802FD7D06A680123BB40C2F80C3529
:10DDB000D1E7C4F340438DF8083014F4803F0CBF22
:10DDC000012300238DF81030002401940DF11D0370
:10DDD00000930DF11E0304AA02A930460CF0C3FA09
:10DDE0002046CFE702AA00230293039304930593EE
:10DDF0000693059204AA314628460DF036FF1C4BC7
:10DE000098421DD114F4003F1DD09DF81D308DF8AF
:10DE1000103014F4803F0CBF012300238DF8113023
:10DE20009DF81E308DF81230002304AA3146284692
:10DE30000DF01FFF0E4B9842A0D06FF01500A1E728
:10DE40006FF015009EE700230493059306930DF1F0
:10DE50001E03049304AA314628460DF006FFE9E7A5
:10DE60009DF81F1028460DF01CFF00208AE700BF18
:10DE70000000AD0B10B5446820460CF002FB08B959
:10DE8000002010BD103420460DF003FF08B1002023
:10DE9000F7E7002120460DF0F8FE094B98420BD120
:10DEA0000022084920460DF0E8FE00220521062048
:10DEB00008F076F90020E4E76FF00400E1E700BF26
:10DEC0000000AD0B35A503002DE9F04F85B080466D
:10DED0000D461646994644680294D0F810A00AF1FF
:10DEE0000403184603934FF0FF324FF0FF3303F063
:10DEF00041FB0AF11C0B00220023584603F03AFBB9
:10DF0000204602F019FA002423464F461CE0002365
:10DF100004EB440205EB8201019300974B6855F82E
:10DF20002220097A404600F007F9B0BB4FF4804246
:10DF30000023584603F01EFB0346B8B9DAF8341044
:10DF4000174A91421BD10134A6421BD9731EA3422A
:10DF5000DDD9631C03EB430305EB83031B7A13F04A
:10DF6000040F01D00023D3E70123D1E7029802F088
:10DF7000F3F9404600F0CCF86FF0040703E06FF0CF
:10DF8000040700E01F46029802F0E6F9039803F048
:10DF9000C9FA384605B0BDE8F08F0746F3E700BF81
:10DFA0000000AD0B08B50B690278012A0CD0022ADB
:10DFB0000DD012B1074A5A6301E0074A5A6303F1D0
:10DFC0001C0003F0AFFA08BD044A5A63F7E7044A9D
:10DFD0005A63F4E70100AD0B0000AD0B0100AE0B7E
:10DFE0000200AE0BB0B582B000AF044640682346D5
:10DFF000826900F1080102F039F92D4B984203D1F2
:10E0000000200837BD46B0BD21686D4600233B7136
:10E0100002237B7188B06C4614F1100211D00E20DF
:10E020001AB1042801DD234B636100233B700223F6
:10E030007B709AB1082800DDA16104F11C03002166
:10E040000AE06FF00040EBE701F1080CBC441CF85B
:10E0500008CC03F801CB01310129F5D90D2824DDC5
:10E060000E2342B10321397100217971B971012167
:10E07000F9717868206100216FF300016FF34101AD
:10E080006FF382016FF3C501012060F38811C3F3C0
:10E090000A0363F353216FF31F5100230648F5F77A
:10E0A00075F8AD466FF00F00ABE76FF01B03D8E7D4
:10E0B0000000AD0B2838040074E5030010B5446877
:10E0C000026911F0010F1BD1C1F34203012B09D0EA
:10E0D000022B0FD00C4A01210C4807F00BFC6FF00B
:10E0E000150006E023684FF0CC70C3F824051160DA
:10E0F000002010BD23684FF0CD60C3F82405F6E77B
:10E100006FF01500F5E700BF4838040074E5030020
:10E1100008B543681B68D3F80805D3F80C1502F05E
:10E1200053F9044B984201D1002008BD6FF00F0055
:10E13000FBE700BF0000AD0B30B587B09DF82C5059
:10E14000406800240194029403940494059401F01F
:10E1500001048DF80440BDF828C08DF805C0029375
:10E16000049211F0080F06D111F0020F0BD165B91E
:10E17000CCB920220AE0104A0121104807F0BAFB6E
:10E180006FF085000DE0002200E0402201A902F0BE
:10E1900001F90B4B984209D00B33984208D16FF02C
:10E1A0000F0007B030BD6FF08500FAE70020F8E7F8
:10E1B0006FF00400F5E700BF5C38040074E503006D
:10E1C0000000AD0B30B500F01F0C400917D14FF027
:10E1D000A04E0CF5E0705EF820500A4C2C4041EA4D
:10E1E000420141EA83039DF80C2043EA02239DF893
:10E1F000102043EA024323434EF8203030BD4FF055
:10E20000000EE6E7F0F8FCFFF0B583B005460E46D9
:10E21000174600241AE04FF0FF302EE0C7F808053B
:10E22000D1B3B0F1FF3F0FD055F80E3013F4004FCB
:10E2300000D001224FF0000CCDF804C00091C3F3D0
:10E2400041236146FFF7BEFF0134E4B2B44225D258
:10E250004FEA840E55F82430C3F3C72CC3F3C3210F
:10E26000C3F308001CF008021AD1DFF83CC01CF808
:10E27000011040F2FF1C6045CDD05B0C0B2BCDD0C4
:10E280000C2B03D06FF0850003B0F0BDC7F80C0570
:10E290000029C6D10621C4E70621C2E70020F3E722
:10E2A0006FF01500F0E700BF8438040021F07F41D3
:10E2B00000F5A870014B43F8201070470010014092
:10E2C0004FF480338340024AC2F84433704700BFA2
:10E2D000001001404FF480338340024AC2F84833B3
:10E2E000704700BF00100140014BD3F80405704790
:10E2F000001001402DE9F843054689469046FFF796
:10E30000E9FF28460CF0C4F94E46032710E0FFF75A
:10E31000EBFF044649460CF0AAF9B0F5000F26D9E8
:10E3200028460CF0B5F9B8F1000F22D13E1901379B
:10E3300031462846FFF7BAFF2846FFF7C1FFFFF72F
:10E34000D3FF0446C11C30460CF091F90A4B9842A9
:10E350000AD928460CF08FF90028D8D1B8F1000F5F
:10E36000E4D06FF0150000E00020BDE8F883002045
:10E37000FBE76FF01500F8E7FDFF7F00034B044A51
:10E38000C3F80823C3F84823704700BF00100140BA
:10E3900003000F0010B5012383406FEA030C0E4AFF
:10E3A000BFF35B8F52E8001F01EA0C0E42E800E465
:10E3B000002CF7D1BFF35B8F4FF4803282400748C7
:10E3C000C0F80823BFF35F8FBFF36F8F0B4214BFFA
:10E3D0000120002010BD00BFE042002000100140DD
:10E3E0004FF480338340144AD2F80423134201D1FE
:10E3F0000020704710B5044601238340DB430F49DA
:10E40000BFF35B8F51E8002F02EA030041E8000CE4
:10E41000BCF1000FF6D1BFF35B8F22FA04F313F0C7
:10E42000010F03D120460CF026F918B120460CF05C
:10E430002FF9012010BD00BF00100140DC42002078
:10E4400001B9704701238340114ABFF35B8F52E843
:10E4500000CF4CEA030C42E800C10029F7D1BFF31A
:10E460005B8F4FF4803383400A4AC2F80433BFF312
:10E470005B8F094B1B68BFF35B8FC34013F0010F29
:10E48000DFD0064B4FF40032C3F80021D9E700BFBC
:10E49000E042002000100140DC42002000E100E0EA
:10E4A00038B51446104619460CF0FEF802460D49E0
:10E4B0000B68E01A1B184C6844F100040B604C60B8
:10E4C000A2F50013B3F5400F09D2074B1B68190AD8
:10E4D0001B06D41841F10005044BC3E9004503F0C5
:10E4E0006BFF38BD88270020E442002090270020E1
:10E4F00038B50D4B1C68250A2406BFF35F8FFFF764
:10E50000F3FE0346001945F10001B3F5801F0AD25E
:10E51000064BD3E90023904271EB030303D210F1C1
:10E52000807041F1000138BDE442002090270020B6
:10E530002DE9F041064614461D469DF82080104600
:10E5400019460CF0B1F80746FFF7D2FFA04271EB75
:10E55000050319D2201A65EB01011D4B984271F198
:10E5600000012FD21B4B03EB0613D3E90223AB426E
:10E5700008BFA24201D1002018E042463946304689
:10E58000FFF7B8FE90B11BE0B8F1000F1DD10123D9
:10E59000B340114ABFF35B8F52E8000F184342E8C3
:10E5A00000010029F8D1BFF35B8F0020094B320135
:10E5B00003EB0616C6E9024506999950079B73605E
:10E5C000BDE8F0816FF01500FAE76FF01500F7E78E
:10E5D0000100800078270020DC42002030B585B0A3
:10E5E000FFF7CCFE00231E4AC2F80835002B25DDBC
:10E5F0001B4C0225C4F804531A4B4FF40032C3F8E5
:10E60000802100220121112007F0CAFD112007F00E
:10E61000BDFD0123A3602360134A1360002402940C
:10E620000194124B0093124A002320460CF046F846
:10E630002846FFF72FF8204605B030BD0D4A02EB03
:10E6400003124FF0FF304FF0FF31C2E902014FF4E7
:10E6500080329A400249C1F804230133C6E700BF63
:10E660000010014000E100E0E0420020A1E40200CF
:10E67000FFFF7F00782700202DE9F04782B0044695
:10E68000FFF7AEFE10B902B0BDE8F087FFF730FF2C
:10E6900082460D460CF00BF80646154B03EB0413AF
:10E6A000D3E90289C24575EB09050BD20025304636
:10E6B0000CF001F8002DE6D0009742464B4620466C
:10E6C000A847E0E70A4A230102EB0411D5584F6836
:10E6D0000020D0504FF0FF324FF0FF33C1E902234A
:10E6E0002046FFF7F7FD20460BF0D2FFDFE700BF23
:10E6F0007827002010B50D4BD3F8043313F0020F28
:10E7000003D10024002C0BDD10BD022107480BF0C3
:10E7100078FF0028F5D0064A136801331360F0E74C
:10E720002046FFF7A9FF0134ECE700BF00100140CD
:10E73000E442002010B584B0B0F1FF3F18D00128AA
:10E740001BDD154B9842A8BF18460446134B012207
:10E750001A70FFF7CDFE124B1A685B68801AB0F58D
:10E76000000F0CD20444B4F5000F09D30A4C07E0A3
:10E770000A4B00221A70084CEBE70124E6E7064C2E
:10E7800000201219029001900649009143F1000304
:10E790000BF094FF04B010BDFFFF7F00B94A0020CA
:10E7A00088270020A1E4020008B5FFF7A1FE024B74
:10E7B0001B68C01A08BD00BF8827002008B5074B9A
:10E7C00001225A60112007F0E6FCFFF7D7FD044B49
:10E7D0004FF40032C3F8802108BD00BF0010014093
:10E7E00000E100E008B502460B46024802F0A2FD37
:10E7F00008BD00BF5809002008B5024802F01AFE03
:10E8000008BD00BF5809002010B503460A4603485A
:10E8100081680C681946A04710BD00BFA4E2030040
:10E8200090B583B000AF6C4600233B7102237B712F
:10E830008AB0EC461CF110021BD04FF0120E2AB128
:10E84000BEF1040F02DD2B4BCCF8143000233B70DB
:10E8500002237B70D2B17346BEF1080F01DDCCF804
:10E8600018000C2B01DDCCF81C100CF1200300214A
:10E870000AE06FF0004EE2E701F10800384410F8BA
:10E88000080C03F8010B01310129F5D9BEF1110F74
:10E890002DDD12234AB10421397100217971B9713A
:10E8A0000121F9717868CCF8100000216FF30001A4
:10E8B0006FF341016FF382016FF3C501012060F333
:10E8C0008811C3F30A0363F353216FF31F5100232D
:10E8D0000948F4F75BFCA546002383F31188BFF3D6
:10E8E0006F8F0323184602DF0C37BD4690BD6FF0D3
:10E8F0001B03CFE78C38040034E5030070B50446F1
:10E900000BF0FCFE034620781D4683B10022002355
:10E910002946F7F7C9FE064670B1627802322146F1
:10E920000C300BF06BF9304608F070FC70BD4FF006
:10E93000FF324FF0FF33EBE7002DF7D1024A012100
:10E94000024806F0D7FFF1E7B438040034E50300CD
:10E9500038B504464FF0FF324FF0FF330320F7F78E
:10E9600093FE50B105466288043221460C300BF00C
:10E9700045F9284608F04AFC38BD034A01210348FE
:10E9800006F0B8FFF8E700BFD038040034E5030014
:10E9900030B583B004464FF0FF304FF0FF31FFF742
:10E9A00021FF10B1002003B030BD0DF1070120465A
:10E9B00000F0ACFA0546FFF71FFF002DF2D19DF8DD
:10E9C0000730042B0AD0022B0DD0082B10D00B4A95
:10E9D00001210B4806F098FF0120E4E72046FFF7ED
:10E9E0008DFF0120DFE72046FFF7B2FF0120DAE7C5
:10E9F00020460BF098FE0120D5E700BFEC3804005C
:10EA000034E5030008B5024902480EF0E9FB08BDF1
:10EA1000E84300207833002038B504464FF0FF303B
:10EA20004FF0FF31FFF7DEFE054608B1284638BD3E
:10EA3000E068EAF7A2F90546FFF7DEFE002DF5D003
:10EA4000024903480EF0CCFBF0E700BFE84300208A
:10EA50007833002038B505464FF0FF304FF0FF31D6
:10EA6000FFF7C0FE044608B1204638BDE86800F054
:10EA700039FA0446FFF7C0FE002CF5D102490348DD
:10EA80000EF0AEFBF0E700BFE84300207833002033
:10EA900090B589B000AF594959480EF037FB00F0E6
:10EAA0005BFB07F10C00DEF763FD6C4600233B7156
:10EAB00002237B7188B0EC461CF1100214D00E20AA
:10EAC00022B1042802DD4F4BCCF8143000233B70F8
:10EAD00002237B70AAB1082802DD4B4BCCF818301A
:10EAE0000CF11C0300210AE06FF00040E8E701F19F
:10EAF000200EBE441EF820EC03F801EB0131012981
:10EB0000F5D90D283CDD0E234AB1032139710021CE
:10EB10007971B9710121F9717868CCF81000002180
:10EB20006FF300016FF341016FF382016FF3C501D1
:10EB3000032060F38811C3F30A0363F35321142302
:10EB400063F31F5107F10C033048F4F71FFBA54690
:10EB50002F480EF009F8B0B12E4BBB6007F108004A
:10EB6000DEF778FD0346B0B94FF0FF304FF0FF31CC
:10EB7000FFF738FE0446B0B120462437BD4690BDAD
:10EB80006FF01B03C0E7244A0121204806F0B2FEC3
:10EB90006FF01204F0E7214A01211C4806F0B4FE90
:10EBA0006FF01504E8E70420DEF746FDA8B91C491C
:10EBB0001C48DEF7A1FC0446A0B941F64C537B602B
:10EBC000381DEAF7E6F980B901233B703846EAF7C9
:10EBD000D8F978B9FFF710FECEE7FFF70DFE6FF01A
:10EBE0008504C9E7FFF708FEC6E7FFF705FE6FF0EB
:10EBF0008504C1E7FFF700FEF9E700BFF3A70300B4
:10EC0000E8430020A43B04002839040034E5030055
:10EC1000A4E2030009E8020050390400703904003E
:10EC20009827002005EA020000B587B001238DF87F
:10EC30000C3003AA02210020DEF718FC002833DB89
:10EC40000823ADF80C3003AA07210020DEF70EFCE4
:10EC5000002829DBFB238DF80D308DF80C300223C2
:10EC60008DF80F3003218DF80E1003AA0020DEF777
:10EC7000FDFB002818DB01238DF80C3003AA0421CA
:10EC80000020DEF7F3FB00280EDB1F23ADF80C306D
:10EC900003AA06210020DEF7E9FB002804DB40F68A
:10ECA000D933984203D8002007B05DF804FB0090E8
:10ECB000074A0121074806F032FE002383F311883A
:10ECC000BFF36F8F0423184602DF6FF00B00EBE7F2
:10ECD0009439040034E5030008B50648F9F782FCCE
:10ECE0000548DEF781FB0BF064FD00B108BDFFF7BE
:10ECF0009BFFFBE7E439040021E8020008B5054862
:10ED0000FFF746FE00B908BD034904480EF068FA53
:10ED1000F9E700BFE8420020E843002078330020F4
:10ED200042F24403984239D842F24303984255D202
:10ED300042F22603984229D842F20D03984218D293
:10ED400040F2064398424BD040F21D43984201D016
:10ED50000120704700207047A0F50150283880B28C
:10ED6000224BC34013F0010F01D101207047002056
:10ED70007047A0F500500D3880B21D4BC34013F012
:10ED8000010F01D1012070470020704742F2320389
:10ED9000984201D0012070470020704742F285035D
:10EDA00098420FD842F268039842D5D242F26403E7
:10EDB000984217D042F26603984201D00120704772
:10EDC000002070474FF6025398420DD04FF60A5379
:10EDD000984201D001207047002070470020704702
:10EDE0000020704700207047002070472F800020CF
:10EDF00041120003F0B583B007460E46437805780C
:10EE000045EA032504238DF80630354B1C683CB1D8
:10EE10000DF107030DF10602A0470446012821D198
:10EE2000AB0AB5F5105F0BD21AB2002A4BD0013BEA
:10EE3000072B4AD8DFE803F02249272F3749493FFB
:10EE40003F2B07D10DF10602314638460BF094FDF9
:10EE5000044600E001242846FFF762FF80F001002D
:10EE60008DF807009DF807300BB9012C2FD12246F1
:10EE7000294630460BF0C1FC03B0F0BD38460BF01C
:10EE800021FD0446E7E70DF10602314638460BF056
:10EE900030FD0446DFE70DF10602314638460BF03F
:10EEA000E1FE0446D7E70DF10602314638460BF085
:10EEB000BDFC0446CFE70DF10602314638460BF0A3
:10EEC00022FF0446C7E70124C5E70124C3E7234620
:10EED0009DF80620294630460BF098FCCCE700BF91
:10EEE000F8430020074B1B784BB910B5064C214660
:10EEF000FFF780FF012304F8013C002010BD4FF014
:10EF0000FF307047FC430020FD43002038B50C461D
:10EF1000084B1B7813B9E9F73AFF38BD054DAA78BD
:10EF20000232691C0EF000FF0020287004232370B9
:10EF3000F3E700BFFC43002038B505460C460948FE
:10EF40000DF012FE80F0010313F0FF0F06D1A2B204
:10EF5000044883681B682946984738BD6FF0120043
:10EF6000FBE700BFA4E2030008B502E04FF0FF306A
:10EF700090B120210948FFF7DFFF60B9202208493E
:10EF800006480EF001FF0028F0D0044901F12000EE
:10EF900003F0E8FBECE71F2008BD00BF5844002049
:10EFA000403A040070B5FFF7DFFF05464FF0FF322F
:10EFB0004FF0FF330120F7F767FB044600F10C0622
:10EFC000022130460AF014FE3E23037042234370B0
:10EFD000012130460AF00CFE08230370412130461F
:10EFE0000AF006FE05701DB9421C0E4B20210AE0F6
:10EFF0004022002101300EF0BFFE11E013F801C9DC
:10F0000002F801CB01390029F8D12130064B20222A
:10F0100004E013F8011900F8011B013A002AF8D1A5
:10F02000204670BD97440020B744002008B540B189
:10F0300008490948024603F0A9FB034618B9002015
:10F0400008BD0649F5E7064A0121064806F05CFCC2
:10F050001220F5E7403A040078440020584400208C
:10F060000C3A04002CE5030070B5FFF7DFFF0546FE
:10F070004FF0FF324FF0FF330120F7F705FB044656
:10F0800000F10C06022130460AF0B2FD3E23037067
:10F0900022234370012130460AF0AAFD09230370A0
:10F0A000212130460AF0A4FD05701DB90130094B3D
:10F0B00020220AE02022FF2101300EF05DFE06E052
:10F0C00013F8011900F8011B013A002AF8D1204673
:10F0D00070BD00BF9744002008B5024902480EF0F9
:10F0E0007FF808BD444400207833002008B5BFF302
:10F0F0005B8F164B1B68BFF35B8F022B1DD0042B5D
:10F100001FD0012B06D0124A0221124806F0F2FB52
:10F11000002001E0FFF746FF0C4B0022BFF35B8F9E
:10F1200053E8001F43E8002CBCF1000FF8D1BFF3F7
:10F130005B8F08B108F06AF808BD0020FFF794FF64
:10F14000EAE70120FFF790FFE6E700BF5444002004
:10F15000303A04002CE5030008B5024902480DF0DE
:10F16000D5FF08BDDBAE03004444002008B50A4BC0
:10F170000122BFF35B8F53E8001F002903D143E84E
:10F1800000200028F7D1BFF35B8F03D1FFF7A4FF66
:10F19000002008BD0C20FCE75444002008B5A1B1B4
:10F1A0000422174BBFF35B8F53E8001F002904D1E3
:10F1B00043E8002CBCF1000FF6D1BFF35B8F1CD1EC
:10F1C00000F11F020F4B202106E00222E9E712F8AE
:10F1D00001C903F801CB01390029F8D13F300A4BAE
:10F1E000202204E010F8011903F8011B013A002A5B
:10F1F000F8D1FFF771FF002008BD0C20FCE700BF2D
:10F2000054440020784400209844002000B583B086
:10F210000BF077FE8DF800003223ADF804300023A8
:10F220008DF806308DF801308DF80230064A19212C
:10F230006846E8F741FE10B103B05DF804FB012118
:10F240000248ECF7E5FFF7E751F20200B84400206E
:10F2500090B583B000AF6C4600233B7102237B71F5
:10F260008AB0EC461CF110021BD04FF0120E2AB1EE
:10F27000BEF1040F02DD2B4BCCF8143000233B70A1
:10F2800002237B70D2B17346BEF1080F01DDCCF8CA
:10F2900018000C2B01DDCCF81C100CF12003002110
:10F2A0000AE06FF0004EE2E701F10800384410F880
:10F2B000080C03F8010B01310129F5D9BEF1110F3A
:10F2C0002DDD12234AB10421397100217971B97100
:10F2D0000121F9717868CCF8100000216FF300016A
:10F2E0006FF341016FF382016FF3C501012060F3F9
:10F2F0008811C3F30A0363F353216FF31F510023F3
:10F300000948F3F743FFA546002383F31188BFF3B1
:10F310006F8F0323184602DF0C37BD4690BD6FF098
:10F320001B03CFE76C3A0400C4E5030030B583B09B
:10F330000D4D002400946FF009034FF488620B49CF
:10F340002846EDF725F90A49284602F0C1FA09498D
:10F3500009480DF0DBFE22460421192006F020FFAB
:10F36000204603B030BD00BF783300208068002005
:10F37000803A04007FAF0300E844002008B502494A
:10F3800002480DF02DFF08BDE8440020783300202E
:10F3900008B5024B1B680020984708BDF8440020C0
:10F3A00008B528B1012802D10448E5F779FC08BD69
:10F3B000034B1B6801209847F9E700BF91F3020057
:10F3C000F8440020014B186001487047F8440020C1
:10F3D0000000AD0B024B01221A64D3F840057047C0
:10F3E0000080004008B5064B002283F82920054A1A
:10F3F0001A6303F12401187EECF74BFF08BD00BF30
:10F40000FC440020FF3F420F08B5BFF35B8F1C4B4D
:10F410001B68BFF35B8F83BB062912D8052928D24E
:10F4200069B9184B1B6A1A68586890470346012847
:10F4300010D01448C363022300F8343F00E00020DA
:10F4400008BD072904D10F4802F06CF80020F7E747
:10F450000020F5E70B48012380F8293047F23053AC
:10F460000363032380F8343000F1240383633430D2
:10F47000E6E7FFF7B7FF0020E2E70020E0E700BF84
:10F480003C450020FC44002008B501220021024830
:10F490000DF031FD08BD00BFFC440020014BD861D8
:10F4A000704700BFFC44002038B505464FF0FF30E0
:10F4B0004FF0FF31FFF796F938493948E5F7F8F989
:10F4C0000446FFF799F9002C47DB364C002284F8FC
:10F4D0002420012384F8283084F82930E369643338
:10F4E000E36247F23053236325626FF07303E363F3
:10F4F00004F14003BFF35B8F53E8001F43E8002093
:10F500000028F9D1BFF35B8F4FF0FF304FF0FF3190
:10F51000FFF768F904F12401207EECF7BAFEFFF74B
:10F520006BF9214A0023204602F024F800281DDB55
:10F530004FF0FF304FF0FF31FFF754F9194C207EA8
:10F54000ECF789FEFFF758F9BFF35B8F236CBFF32D
:10F550005B8FF3B9134BD86B38BD2346134A012197
:10F56000134806F0D1F96FF00B00F5E7114A0121BD
:10F570000F4806F0BFF904F140030122BFF35B8F8F
:10F5800053E8001F43E800200028F9D1BFF35B8F48
:10F59000CEE7204602F016F8DCE700BF1445002055
:10F5A00009F40200FC440020447B0B00983A04005C
:10F5B00064E50300C03A040010B50446FFF70AFFF3
:10F5C000B0FBF4F42044034BDB69984234BF0020C5
:10F5D000012010BDFC44002003690C2919D110B48E
:10F5E000196881EAE173A3EBE173980803F0030360
:10F5F000094C04FB03F3002905DB10605360002075
:10F600005DF8044B7047404210605B42536000203D
:10F61000F6E76FF08500704790D0030008B5102220
:10F6200003490EF0B1FB08B1022008BD0120FCE740
:10F63000E83B040070B584B006468168103921F0BB
:10F64000070506F0DAFA01466C46102220460EF055
:10F6500093FB074B0FCB84E80F001023224629466B
:10F66000304606F08EFA08B904B070BD0120FBE701
:10F67000E83B04002DE9F04186B000AF06464400A7
:10F6800007F11001674B53F824000BF0A9FD002887
:10F6900040F0C380013407F10801624B53F82400A5
:10F6A0000BF09EFD012804D0002840F0B880002413
:10F6B00016E033465C4A03215C4806F025F9032333
:10F6C0003B7201227A72BB72FB7200233B73EEE73E
:10F6D00098F80430042B28D0BA7C934225D001340A
:10F6E000022C00F28F8004EB4402514D05EB4208DE
:10F6F000397C15F812000BF092FC0028EFD0397A13
:10F7000098F801000BF08BFC0028E8D098F8023044
:10F71000042B02D0FA7C9342E1D198F80330042BF9
:10F72000D6D0FA7A9342DAD1D2E798F80530022B94
:10F7300007D0032B28D0042B01D03E4902E03E49DC
:10F7400000E03E496C4601233B7103237B718AB084
:10F750006D4615F1100219D012204AB10346042853
:10F7600003DDDFF8E4C0C5F814C0082B00DDAE618E
:10F7700001233B7003237B70AAB10C2800DDE961F3
:10F7800005F1200300210CE02D49DBE76FF000407C
:10F79000E3E701F118063E4416F8186C03F8016B14
:10F7A00001310129F5D9112829DD122342B10421A3
:10F7B000397100217971B9710121F9717868286175
:10F7C00000216FF300016FF341016FF382016FF3CA
:10F7D000C501032060F38811C3F30A0363F35321C7
:10F7E0006FF31F5100231148F3F7D0FCA54698F89A
:10F7F0000500831EDBB2022B0BD9FF2009E06FF05E
:10F800001B03D3E733460F4A0321084806F07CF870
:10F8100001201837BD46BDE8F081FF20F9E7FF2041
:10F82000F7E700BFCC3B0400403B0400A4E5030025
:10F83000D43B0400243B0400383B04001C3B040080
:10F84000143B0400A83B0400883B0400BFF34F8F27
:10F850000549CA6802F4E062044B1343CB60BFF36E
:10F860004F8F00BFFDE700BF00ED00E00400FA0588
:10F87000024BD3F80034002BFAD0704700E001406F
:10F8800008B5034BC3F80405FFF7F2FF08BD00BF3E
:10F8900000E0014038B50BF015FD40B14FF080534A
:10F8A000D3F82433C3F304237D4AC2F840350BF068
:10F8B0001BFD10B17B4B7C4A5A670BF02BFD48B106
:10F8C0004FF08053D3F84432C3F342334FF08042B9
:10F8D000C2F83C350BF030FD30B1744AD2F8FC3040
:10F8E00023F08073C2F8FC300BF03CFD40B14FF0C8
:10F8F00080430022C3F80C21C3F81021C3F8382537
:10F900000BF042FD20B14FF080430322C3F8A02545
:10F910000BF050FD60B1664B0522C3F810260122A2
:10F92000C3F888260022C3F818263F22C3F81426FD
:10F930000BF056FD002846D04FF08052D2F8041448
:10F940005C4BC3F82015D2F80814C3F82415D2F87C
:10F950000C14C3F82815D2F81014C3F82C15D2F8DB
:10F960001414C3F83015D2F81814C3F83415D2F8AB
:10F970001C14C3F84015D2F82014C3F84415D2F86B
:10F980002414C3F84815D2F82814C3F84C15D2F83B
:10F990002C14C3F85015D2F83014C3F85415D2F80B
:10F9A0003414C3F86015D2F83814C3F86415D2F8CB
:10F9B0003C14C3F86815D2F84014C3F86C15D2F89B
:10F9C0004424C3F870250BF02DFD48B14FF080534F
:10F9D000D3F8583203F04F034FF08042C2F8E43EB0
:10F9E0000BF032FD60B14FF08043D3F8003413F0D8
:10F9F000010F05D04FF080436FF00102C3F80024DF
:10FA00000BF034FD30B12C4AD2F83C3743F480631C
:10FA1000C2F83C37254AD2F8883043F47003C2F864
:10FA20008830BFF34F8FBFF36F8F0BF047FD4FF060
:10FA30001023D3F80C3213F0010F0CD14FF0102328
:10FA4000D3F80032002B18DB4FF01023D3F8043228
:10FA5000002B12DB38BD0120FFF712FF4FF0102200
:10FA6000D2F80C3223F00103C2F80C32FFF700FF8A
:10FA70000020FFF705FFFFF7E9FE0120FFF700FF79
:10FA80004FF010241525C4F80052FFF7F1FEC4F81A
:10FA90000452FFF7EDFE0020FFF7F2FEFFF7D6FE5F
:10FAA0000030014000C007400DF0ADBA00ED00E0AD
:10FAB0000050004000C000400010004010B5046835
:10FAC000CCB1B4FA84F3C3F11F03DBB201229A4034
:10FAD00024EA0202BFF35B8F50E800CFA44504D1B3
:10FAE00040E8002EBEF1000FF6D1BFF35B8FE6D1E8
:10FAF0000B70024810BD0248FCE700BF0000AD0BD0
:10FB00000200AD0B0368CB4013F0010F15D100B517
:10FB1000026801238B401343BFF35B8F50E800CF93
:10FB2000944504D140E8003EBEF1000FF6D1BFF38A
:10FB30005B8FEDD102485DF804FB0248704700BFBF
:10FB40000000AD0B0400AD0B00F01F0240090CD10A
:10FB50004FF0A04102F5E07251F82200044B03403F
:10FB600043F0020341F8223070470021F2E700BF62
:10FB7000F0F8FCFF00487047340800202DE9F04100
:10FB800084B005460C4616461F4608460BF07EFD1F
:10FB9000804656B3214628460BF0C9FD28B12146C0
:10FBA00028460BF084FD002841D1214628460BF061
:10FBB0008DFD10B17378012B39D001238DF80F30F2
:10FBC000002301930096B31C721C0DF10F01204617
:10FBD0000BF0FDFC2879FFF7CDFF08F1080230F8A3
:10FBE000123043F0030320F81230002F39D02146A1
:10FBF00028460BF09CFD002835D13E782B6806F591
:10FC0000A272002143F822102879FFF7B3FF08F110
:10FC1000080230F8123023F02003DB04DB0C20F85C
:10FC200012307B782BB9114804B0BDE8F081104840
:10FC3000FAE7BA7800922246314628680BF06CFC4D
:10FC40002879FFF797FF024608F1080032F81030D4
:10FC50007603B6B2334343F0200322F81030034852
:10FC6000E2E70248E0E70248DEE700BF0000AD0B34
:10FC70000400AD0B70B506460D4614460BF017FD9B
:10FC800068B13079FFF776FF064628460BF0FEFC98
:10FC9000083036F810305B0B2370024870BD024804
:10FCA000FCE700BF0000AD0B0400AD0B2DE9F041F7
:10FCB00082B00546884616461F460BF0C1FEAEB31D
:10FCC0003A46314628460BF08EFD041E20DB28798B
:10FCD000FFF750FF40F834602879FFF74BFF00EB47
:10FCE000C40047602879FFF745FF054640460BF002
:10FCF000CDFC083035F81030E4B26402A4B22343DE
:10FD000043F4807325F81030094802B0BDE8F08153
:10FD10002879FFF72FFF0DF107015830FFF7CEFECE
:10FD2000034B9842F1D19DF80740D0E70048ECE73B
:10FD30000000AD0B2DE9F04385B004460D46174693
:10FD400008460BF0A3FC0646D7F80080B8F1000F78
:10FD500028D0294620460BF0D9FC00284FD100239B
:10FD60008DF80E308DF80F300193009343460DF15E
:10FD70000F020DF10E0128460BF029FC2079FFF748
:10FD8000F9FE06F1080830F8183023F0020320F8D5
:10FD900018302079FFF7EEFE30F8183043F00103F9
:10FDA00020F818307B68F3B193F80080D3F8049002
:10FDB000294620460BF09BFC18B3B9F1000F65D122
:10FDC0002079FFF7D7FE083630F8163023F01C03F1
:10FDD00020F816302079FFF7CDFE30F8163043EAD0
:10FDE000880320F81630BA68002A53D05368126886
:10FDF00029462046FFF75AFF05B0BDE8F0832648A4
:10FE0000FAE72079FFF7B6FE06F1080230F8123063
:10FE100023F02003DB04DB0C20F81230B9F1000FD3
:10FE2000CED0B8F1030F33D87B685B6893F80090AD
:10FE3000B8F1000F06D1236809F5A279002243F832
:10FE40002920BDE740460BF07AFC0346216809F5FE
:10FE5000A27C51F82C2022F0030241F82C202A46E3
:10FE6000494620680BF03EFB2079FFF783FE06F140
:10FE7000080230F812304FEA49391FFA89F943EA8B
:10FE8000090343F0200320F8123099E70248B3E752
:10FE90000148B1E70148AFE70400AD0B0000AD0B2E
:10FEA00038B505460C460BF0F3FB08B9074838BDDA
:10FEB000214628460BF074FC214628460BF0EBFD4A
:10FEC0002046FFF741FE0248F1E700BF0400AD0BFA
:10FED0000000AD0B70B582B005460E460079FFF705
:10FEE00049FE90F8603013B10B4802B070BD044673
:10FEF0004022002110300DF03FFF236D00930023BE
:10FF000032464FF0004128680BF0EFFD012384F8E2
:10FF10006030A3650148E8E70C00AD0B0000AD0BB5
:10FF200008B5024902480BF086FE08BD34080020DF
:10FF300000600040024B0022C3F80425704700BF58
:10FF400000E00140024B0122C3F80425704700BFC6
:10FF500000E00140024B0222C3F80425704700BFB5
:10FF600000E00140044BD3F8003413F0010FF9D046
:10FF70000160BFF35F8F704700E0014010B5044699
:10FF80000BF0B0FE08B9084810BDFFF7E3FF074BC0
:10FF9000C3F80845054BD3F8003413F0010FF9D02E
:10FFA000FFF7C8FF0248EFE70A00AD0B00E0014091
:10FFB0000000AD0B034610F0010F08D1064813F006
:10FFC000020F00D0054813F0040F02D17047044817
:10FFD000F5E70448FAE700BF0100AD0B0100AE0BE6
:10FFE0000000AE0B0200AE0B30B583B004460D46E8
:10FFF000294B01930023C0F80431D0F80421C0F844
:020000040003F7
:100000002431D0F82421C0F81C31D0F81C21C0F8CC
:100010000831D0F80821C0F800324B6381F82F3046
:100020000123036291F82D30012B01D0012383605D
:10003000294620460BF088FE2B685BB140F28623F0
:10004000AB60AB68C4F80433144803B030BD019B07
:10005000013B0193019B002B05DD294620460BF057
:10006000C2FE0028F3D195F82F303BB1D4F8C40478
:10007000C4F8C40470B1FFF79DFF00E00748019B7E
:10008000002BE2DC0023C4F800350523C4F800355A
:100090000348DAE70248F2E7A08601000000AD0B52
:1000A0000100AD0B30B583B004460D462D4B0193D6
:1000B0000023C0F80431D0F80421C0F82431D0F86E
:1000C0002421C0F81C31D0F81C21C0F80831D0F828
:1000D00008214B6381F82F308B6A012B15D0012347
:1000E000C4F800320123236295F82D30022B01D091
:1000F000012323602B689BB140F28623AB60AB6881
:10010000C4F80433184803B030BD0B6A13F0400F35
:10011000E5D10223C0F80032E4E7019B013B0193E3
:10012000019B002B05DD294620460BF05CFE0028D4
:10013000F3D195F82F303BB1D4F8C404C4F8C4040B
:1001400070B1FFF737FF00E00748019B002BDADCB6
:100150000023C4F800350523C4F800350348D2E76E
:100160000248F2E7A08601000000AD0B0100AD0BD4
:10017000F8B507460C4694461E4691F82D30012BE3
:100180002CD0022B2FD0274BC7F8083394F83030EF
:100190007BBB16F0040F0CBF0123002384F8303022
:1001A000266204F10C0E65460FCDAEE80F002B68F9
:1001B000CEF80030DCF80430A362DCF80C30636267
:1001C0009CF80130C7F888359CF80030012B21D00D
:1001D000A3B916F0200F1BD0012310E01278012ADA
:1001E000CFD1114813E09CF80030012BCBD00E4842
:1001F0000DE0A368C7F804330C4808E0012384F835
:100200002C3021463846FFF7EFFE23683BB1F8BD9E
:100210000023F4E721463846FFF744FFF5E784F86A
:100220003030F4E7864204000500AD0B0B00AD0B47
:1002300010B5CB7B33B903684A680C68C3F808452E
:10024000C3F80C2503688A68C3F824250379C3EB37
:100250000313054A52F8233023B1006840F30730F6
:1002600005F094FF10BD00BF4445002070B504792F
:10027000C4EB041C2C4D05EB8C0C9CF82E50002D6F
:100280004FD1294EC4EB041C06EB8C0546F82C20FC
:100290006B600023AB6085F82D3085F8313085F830
:1002A000303081B34D7B06EB8C0383F838508A7B6A
:1002B00083F839202ABB0B6803F01F025B092CD19D
:1002C0004FF0A04502F5E07255F82260174B33401D
:1002D00043F4C16343F0040345F822304B6803F054
:1002E0001F025B091BD14FF0A04502F5E07255F8E3
:1002F00022600E4B334043F4C16343F0040345F8DE
:100300002230FFF795FFC4EB0414074B03EB840383
:10031000012283F82E20064870BD0025D2E7002573
:10032000E3E70448F8E700BF44450020F0F8FCFF8D
:100330000000AD0B0C00AD0B037902680521C2F87B
:100340000015C3EB0313034A02EB8303022283F875
:100350002E20704744450020037902680B49C2F8FB
:100360000813D2F8001221F00301C2F80012002095
:10037000C2F80005064AC3EB031102EB81014FF0FE
:10038000010C81F82EC081F83000704786420400CD
:100390004445002008B5134690F804C0CCEB0C1C73
:1003A0000A46034901EB8C010068FFF7E1FE08BD36
:1003B0004445002008B5024902480BF090FD08BDF5
:1003C00044450020003000402DE9F84300F01F03B1
:1003D00040093ED14FF0A04501269E40C5F8086572
:1003E00001F01F08490936D14FF0A0474FF001092D
:1003F00009FA08F9C7F8089503F5E07355F82320C2
:100400002148024040F20D610A4345F8232008F5D7
:10041000E07257F8223003400B4347F822300420A3
:100420000BF05CF80024082C17D8D7F8103523FA05
:1004300008F313F0010F10D1C5F80C6504200BF080
:100440004DF8C5F8086504200BF048F80134E4B213
:10045000E9E70025C0E70027C8E7C7F80C950420A6
:100460000BF03CF8C7F8089504200BF037F8D7F8E4
:10047000103523FA08F313F0010F02D00348BDE84A
:10048000F8830348FBE700BFF0F8FCFF0000AD0B6A
:100490000100AD0B10B5134CA822002120460DF031
:1004A0006BFC0323236163610F4AA2610F4BE3617D
:1004B0004FF4806323620023A3626362E3622266D7
:1004C0000B4A62661022A2662367E366636706E052
:1004D000C3F10F020749895C024AD15401330F2B43
:1004E000F6D910BD90490020083C0400904500203A
:1004F00080450020143C04002DE9F84304460E46D4
:100500001546304B00EB400003EBC000826A476A9F
:10051000601C00EB400003EBC00358683844BA424B
:100520003CD804EB4401274B03EBC103D3F82080F4
:10053000A8EB070909F1FF339D4204D913449D42FA
:100540000ED900202FE02A4631460DF0EDFB2F4456
:1005500004EB44041B4B03EBC4035F62012022E065
:100560004A4631460DF0E0FBA7EB080818EB0505FD
:1005700007D104EB4404134B03EBC4035D62012079
:1005800011E0631C03EB43030E4A02EBC3032A464C
:1005900006EB090158680DF0C7FBEAE7D21B013AE8
:1005A000AA4202D20020BDE8F8832A460DF0BCFB27
:1005B0002F4404EB4404034B03EBC4035F620120AC
:1005C000F1E700BF90490020F8B50F461646451CDC
:1005D00005EB4505164B03EBC50500EB400003EBAF
:1005E000C003DC6A012C11D0022C1CD014B10024F1
:1005F0002046F8BD28460BF0DBFC8642F8D8324690
:10060000394628460BF0E0FC3446F1E728460BF06B
:10061000CFFC3446864228BF044622463946284647
:100620000BF0D2FCE4E728460BF0F0FC0446DFE7D1
:100630009049002070B504460D461646084B1B78BD
:100640005BB100F01FF8324629462046FFF7BCFF99
:10065000044600F023F8204670BDFFF71BFFF0E7CB
:1006600090490020064B00EB400203EBC202926A65
:1006700000EB400003EBC003586A801A704700BFCC
:100680009049002008B54FF0FF324FF0FF33024889
:1006900000F050FE08BD00BF6C09002008B50248FC
:1006A00000F0C8FE08BD00BF6C09002010B588B07E
:1006B000044644238DF81F30012300930DF11F03DE
:1006C0000922818800680CF0E1F900287DD15A4B9D
:1006D0001B68ADF81C301B0C8DF81E3003230093F3
:1006E00007AB2022A18820680CF0D0F9002872D135
:1006F0000023ADF818300223009306AB2A22A1880C
:1007000020680CF0C3F900286BD1DB238DF817307B
:10071000012300930DF117031122A18820680CF02A
:10072000B5F9002863D148238DF8163001230093D2
:100730000DF116031222A18820680CF0A7F90028F9
:100740005BD13E4B1B68ADF810301B0C8DF812309E
:100750000323009304AB2322A18820680CF096F9B0
:10076000002850D1022303AA002120460CF07EF974
:100770001A238DF80B30012300930DF10B030A228D
:10078000A18820680CF082F9002842D180238DF8DE
:100790000A30012300930DF10A030222A188206888
:1007A0000CF074F900283AD10C238DF8093001239C
:1007B00000930DF109030D22A18820680CF066F961
:1007C000002832D1002008B010BD1D4A01211D486B
:1007D00005F090F87BE71C4A01211A4805F08AF8D9
:1007E00086E71A4A0121174805F084F88DE7184A70
:1007F0000121144805F07EF895E7164A01211148B9
:1008000005F078F89DE7144A01210E4805F072F8CA
:10081000A8E7124A01210B4805F06CF8B6E7104A28
:100820000121084805F066F8BEE70E4A0121054897
:1008300005F060F8C6E700BF303D040000E70300A4
:10084000283C04009CE503004C3C0400683C040088
:10085000803C04009C3C0400B83C0400DC3C0400E8
:10086000F43C0400143D040070B584B00446002339
:100870008DF80F30012300930DF10F0302228188C0
:1008800000680CF003F9054608BB1B4B1B68ADF86C
:100890000C301B0C8DF80E300323009303AB232286
:1008A000A18820680CF0F2F80646B0B902238DF852
:1008B0000B30012300930DF10B030D22A18820685A
:1008C0000CF0E4F8044678B9284604B070BD0B4A31
:1008D00001210B4805F00EF8D7E70A4A0121084824
:1008E00005F008F83546E1E7074A0121044805F01C
:1008F00001F82546E8E700BF00E70300343D0400A7
:100900009CE50300583D0400703D040030B585B0FF
:1009100004460DF10F020D210CF0D1F80546B0B9D7
:100920009DF80F3003F00C030C2B0DD00C238DF829
:100930000E30012300930DF10E030D22A1882068D3
:100940000CF0A4F8054640B9284605B030BD064A6B
:100950000121064804F0CEFFF6E7054A01210348CD
:1009600004F0C8FFF0E700BF903D04009CE50300E1
:10097000B03D04002DE9F04182B000AF80460D4645
:1009800016460123FA1D06210CF070F800BB012366
:10099000BA1D072140460CF069F8F8B9BB793C2B29
:1009A00022D8BB7903EB4303DA1D02F4FF62ADEBFF
:1009B000020D6C466A46082140460CF057F8D8B93B
:1009C000BB792E4AA2FB03235B08337000214CE065
:1009D0002B4A01212B4804F08DFFD8E72A4A012138
:1009E000284804F087FFDCE7284A0221254804F064
:1009F0008BFF3C23BB71D4E7254A0121214804F039
:100A000079FFDDE701EBC103E05C5A1CA25C120236
:100A100042EA0042981C205C024301EB410C05EBCA
:100A20008C00C2F3120245F82C20DA1C14F802C024
:100A30001A1DA25C120242EA0C4203F1050C14F8E2
:100A40000CC042EA0C02C2F3120242609A1D14F872
:100A500002C0DA1DA25C120242EA0C420833E35CD7
:100A60001343C3F312038360013133789942C9DB26
:100A700000200837BD46BDE8F08100BFABAAAAAA96
:100A8000DC3D04009CE50300003E0400203E040021
:100A9000583E040038B50C4601230BF0E7FF05462D
:100AA00008B9284638BD2346024A0121024804F00D
:100AB0002BFFF6E7743E04009CE5030030B585B0DB
:100AC0000C468DF80F20012300930DF10F030A4609
:100AD000818800680BF0DAFF054610B9284605B09A
:100AE00030BD2346024A0121024804F00DFFF5E71C
:100AF000943E04009CE5030010B584B004463923FD
:100B00008DF80F30012300930DF10F032E22818801
:100B100000680CF00AF8002835D104238DF80E3057
:100B2000012300930DF10E032522A18820680BF00C
:100B3000FCFF70BB02238DF80D30012300930DF1F3
:100B40000D032322A18820680BF0EFFF38BB202380
:100B50008DF80C300123009303AB3F22A18820685D
:100B60000BF0E3FF08BB43238DF80B300123009308
:100B70000DF10B032022A18820680BF0D6FFD0B91D
:100B8000002004B010BD0F4A01210F4804F0B2FE4E
:100B9000C3E70E4A01210C4804F0ACFECAE70C4A38
:100BA0000121094804F0A6FED1E70A4A01210648BE
:100BB00004F0A0FED7E7084A0121034804F09AFE9A
:100BC000DEE700BFC03E04007CE50300E03E040019
:100BD000F43E0400283F0400483F040030B585B0CF
:100BE000044600238DF80F30012300930DF10F030D
:100BF0003F22818800680BF098FF054680B90023EA
:100C00008DF80E30012300930DF10E032022A188F0
:100C100020680BF08AFF044640B9284605B030BD75
:100C2000064A0121064804F065FEE8E7054A01216D
:100C3000034804F05FFE2546EFE700BF703F040065
:100C40007CE50300903F04002DE9F041A6B080460A
:100C50000C46154601230DF197022F210BF055FF8D
:100C60000646C0B99DF8977017F0400F19D117F0DC
:100C70003F071DD0192F00D9192707EB47035B0049
:100C800003F0FE036A46282140460BF03EFF06466D
:100C900088B92F7043E0254A0121254804F02AFE37
:100CA00040E0244A0221224804F024FE1927E1E70B
:100CB00000232B7036E0204A01211D4804F01AFE63
:100CC00030E000EB40035B0003F199026A4412F844
:100CD00098CC98336B4413F8981C00EB40025300F7
:100CE00004EB420241EA0C21E15203F19B01694409
:100CF00011F898CC03F19A01694411F8981C41EA63
:100D00000C21518003F19D01694411F8981C9C331A
:100D10006B4413F8983C43EA0123938001302B780D
:100D20009842CEDB304626B0BDE8F081B83F0400E3
:100D30007CE50300D43F0400583E0400034B00E070
:100D40001433034A9342FBD3704700BF7CE2030095
:100D50001CE3030004280CD8DFE800F0030D0507AE
:100D6000090006487047064870470648704706481D
:100D70007047064870470648704700BF08400400A7
:100D80002C4004003C40040048400400584004004B
:100D90001840040030B108B50CF013FB20B1037803
:100DA00023B108BD024870470148FAE70048F8E758
:100DB0009C1C040010B50446F2F7F0F8034A012128
:100DC000034804F097FD20460BF0DEFE6840040067
:100DD000E4E503002DE9F04782B000AF05460C467C
:100DE000EFF31188402383F31288BFF36F8FDFF88E
:100DF000D091D9F80860FFF7ADFF99F81010E946D7
:100E000001233B7103237B718AB0EC461CF1100275
:100E100021D04FF0160E5AB17346BEF1040F03DD18
:100E2000DFF8A0A1CCF814A0082B01DDCCF81850F5
:100E300001233B7003237B70D2B17346BEF10C0FCC
:100E400001DDCCF81C00102B01DDCCF820100CF1DA
:100E5000240300210AE06FF0004EDCE701F10800F6
:100E6000384410F8080C03F8010B01310129F5D9B9
:100E7000BEF1150F50DD16234AB10521397100214D
:100E80007971B9710121F9717868CCF810000021ED
:100E90006FF300016FF341016FF382016FF3C5013E
:100EA000012060F38811C3F30A0363F353216FF346
:100EB0001F5100233F48F2F769F9CD461CB1E369A1
:100EC000C3F308035BBB3046FFF764FFE946012329
:100ED0003B7103237B718AB0EC461CF1100224D0D5
:100EE0004FF0120E52B17346BEF1040F02DD3249CB
:100EF000CCF81410082B01DDCCF8186001233B70EE
:100F000003237B70F2B1BEF10C0F01DDCCF81C00A5
:100F10000CF12003002113E06FF01B03ACE7274A1C
:100F20000121244804F0E6FCCDE76FF0004ED9E73C
:100F300001F10800384410F8080C03F8010B0131E6
:100F40000129F5D9BEF1110F31DD12234AB1042177
:100F5000397100217971B9710121F9717868CCF882
:100F6000100000216FF300016FF341016FF3820164
:100F70006FF3C501012060F38811C3F30A0363F323
:100F800053216FF31F5100230A48F2F7FFF8CD46B3
:100F900021462846FFF70EFF88F31188BFF36F8FB5
:100FA0003046F3F78BFB0837BD46BDE8F0876FF09E
:100FB0001B03CBE7E4E50300C4400400A0400400A9
:100FC000384A00207840040038B505460A4B53F8EB
:100FD000204002E02368984708346B1C064A52F808
:100FE0002330A34206D96368002BF3D020460BF0D0
:100FF000D3FDF1E738BD00BFE4400400F0B587B091
:10100000C0EB4016104D05EBC60600EB40000F4B41
:1010100003EBC0030E4A0592012204920F220392B1
:1010200000220292019200930A4B4FF4A0720A49E7
:1010300001EBC011304600F06BFC737B23F004031E
:10104000737307B0F0BD00BF90340020384A002011
:10105000DC4004003DCD03008075002008B553EA54
:10106000020102D10CF0AFF908BD0249183001F0BD
:101070001DF9F9E70DD6030010B586B0184C14E041
:10108000636A0593236A0493E3690393A369029354
:101090006369019323690093E368A268616820682B
:1010A00000F036FC23685C6530340E4B9C42E7D37D
:1010B00000F0F4FE0A4C00E030340A4B9C420BD2A4
:1010C000A26AE36AB3F1FF3F08BFB2F1FF3FF3D07A
:1010D0002068FFF7C3FFEFE700F0F8FE06B010BD91
:1010E00054E4030054E4030008B50A4B01221A70CB
:1010F0000320FFF769FFF2F7F7FC0420FFF764FF16
:10110000FFF7BAFFECF78EFC034A137B23F00103D1
:10111000137308BDBA4A00208835002008B501467F
:10112000014A0248F3F7C6FCE910030088350020A5
:1011300008B50348034A121A00210BF045FD08BD0B
:10114000280B0020BC4A002010B50446FFF756FFCC
:10115000C4EB44130B4901EBC3010B4A04EB4403FA
:1011600002EBC303D9601C7404EB0411074B03EBBF
:10117000C11303F5086304EB440402EBC40253609B
:1011800010BD00BF90340020384A0020006D0020C0
:1011900070B586B000F0B8FE104D114B9D61114B3B
:1011A0000593012304930024039402940194009472
:1011B0000D4B4FF480620D49284600F0A9FB06460E
:1011C0006B7B23F004036B7328460CF09FF92046D9
:1011D000FFF7BAFF304606B070BD00BF883500206B
:1011E000384A0020ACF30300E91003000077002028
:1011F00008B50020FFF7E8FE1F4B83F308881F4C5B
:10120000636943F400736361E02384F82230202390
:10121000E377002525766576A57684F82050636A05
:1012200043F4E023636284F82350F3F7B5F9F3F74E
:1012300069FC4FF0FF33A362E362F3F759FDF3F764
:1012400091FCF1F713FE0E4B01245C731C73C3F881
:101250009850C3F89C50C3F8A4500A4A9360FFF713
:101260006DFD2046FFF7B0FE0220FFF7ADFEFFF751
:101270008FFFFFF753FF00BF8075002000ED00E0F7
:1012800098370020384A002010B5064C05E0A268C7
:10129000616820460BF0A0FC1434034B9C42F6D34B
:1012A000002010BD580900205809002010B5064C38
:1012B000002000E01C34054B9C4204D220460BF079
:1012C000FEFC0028F6DA10BD0409002058090020B1
:1012D00030B583B00D46EFF31181402484F31288BA
:1012E000BFF36F8FC46864B12C602368C3608369E7
:1012F00001338361002081F31188BFF36F8F03B046
:1013000030BD00F1080C53EA020404D100232B6025
:101310006FF00B00EFE7009201930246604600F089
:10132000FBFC0028EBD1024B9B685B692B60E6E776
:10133000384A00202DE9F04182B00446EFF31187CE
:10134000402181F31288BFF36F8FC16899B90029DA
:1013500050D1364B9B6893F90E3023610131E16027
:10136000324B9B68A36087F31188BFF36F8F002017
:1013700002B0BDE8F08116461D4682682B4B9B6883
:101380009A42E4D055EA060136D092F90E804146E1
:1013900093F90E000BF0DFFC804534DC4FF00008C1
:1013A0000096019522463946214800F0B5FC0028F8
:1013B000DED0EFF31185402383F31288BFF36F8FE4
:1013C000A36843B323689C4223D013B3216993F9E4
:1013D0000E000BF0C0FC014620460BF0C7FCE8B93C
:1013E000B8F1000F1AD185F31188BFF36F8F6FF03A
:1013F0000A00BDE72369B0E787F31188BFF36F8F59
:101400006FF00F00B4E7014620460BF0AFFC8046BA
:10141000C6E72169E0E7B8F1000FE4D029460448A7
:1014200000F0F2FC6FF00A00A2E700BF384A00208B
:10143000644A002038B583687BB304461A4A926830
:1014400093422DD1C368012B03D9013BC360002017
:1014500038BDEFF31185402383F31288BFF36F8FFC
:1014600001690BF083FC20460CF0FBF8A06068B12A
:1014700090F90E3023610024C0F8B0400CF046F81B
:1014800029460A4800F0C0FC2046E1E70020E06061
:1014900085F31188BFF36F8FDAE76FF01500D7E798
:1014A0004FF0FF30D4E700BF384A0020644A0020E4
:1014B00010B582B001468446EFF31184402080F3DA
:1014C0001288BFF36F8F5CF8080B88B1036823F0B4
:1014D00003030B604A68904208D001210BF0D3FC53
:1014E00084F31188BFF36F8F02B010BD4B60F4E737
:1014F00053EA02010BD000920193624621466046F6
:1015000000F00AFC48B9064B9B685869ECE784F385
:101510001188BFF36F8F0020E6E70020E4E700BFEB
:10152000384A002038B50446EFF31185402383F391
:101530001288BFF36F8F0CF094F848B10022C0F806
:10154000B0200BF0E3FF2946094800F05DFC38BDF0
:10155000A368E268934208D001221344A3600221E9
:1015600004F110000CF0B8FBEDE70022F5E700BF36
:10157000644A002010B582B0EFF31181402484F357
:101580001288BFF36F8F846844B1013C846081F39B
:101590001188BFF36F8F002002B010BD53EA020420
:1015A00006D0009201930246054800F0B5FBF3E730
:1015B00081F31188BFF36F8F6FF00F00ECE700BF6E
:1015C000644A002038B50446EFF31185402383F3C5
:1015D0001288BFF36F8F05E06FF00A02C0F8B020E9
:1015E0000BF094FF20460CF03CF80028F4D10023C7
:1015F000A360022104F110000CF06EFB29460248A2
:1016000000F002FC38BD00BF644A002000B585B080
:10161000094A02AB92E8030083E8030000934FF00D
:10162000FF334FF4446205490548EAF7B1FF002053
:1016300005B05DF804FB00BF04E70300807B0020D9
:101640008036002070B338B50D4604461B4B9B68AE
:1016500083421BD000231A46D4F81031C3F3800113
:10166000C3F3C00013F0010F1FD001B102B300B1EA
:1016700009B300232B60D4F8FC3073B11D60C4F8AB
:10168000FC5020460BF0A9FC012038BD0BF06DFE8C
:1016900008B90123DFE70023DDE7C4F8FC50C4F8F4
:1016A000F850EEE76FF0150070476FF01200ECE7AE
:1016B0006FF00F00E9E76FF00F00E6E7384A00200F
:1016C00038B504460D460830012200210BF013FC0A
:1016D000656000232360054B5B681BB11C60034BF6
:1016E0005C6038BD014B5C601C60FAE7644A002016
:1016F00010B5C36823F00203C360134B1C687CB1B0
:10170000236803B10CB100210FE02346FBE722461A
:101710000D480BF01CFC04F10800FFF703FF10BD9F
:101720002346F0E71A461C461346002CF7D06268A1
:101730008242ECD02146002BF4D01A68002AF2D065
:10174000002BF0D11A46EEE7644A002070B584B051
:10175000054616E0D5F8103123F00402C5F8102133
:1017600013F0040F5BD1002302934FF0FF324FF0D0
:10177000FF33CDE9002305F580723146314800F092
:1017800093FCEFF31186402383F31288BFF36F8F2E
:10179000D5F8F840002CDDD02368C5F8F830D5F82E
:1017A000FC20944238D0D5F8103143F00203C5F83C
:1017B0001031E36843F00102E26023F0040343F0D8
:1017C0000103E360636886F31188BFF36F8F2046DF
:1017D0009847EFF31186402383F31288BFF36F8F8E
:1017E000E36823F00103E36013F0100F21D1E368F5
:1017F00013F0020F21D1D5F8103123F00203C5F800
:101800001031C3F3002386F31188BFF36F8F002BD1
:10181000B7D100F081FBB4E7C5F8FC30C3E705F5AC
:1018200084740022012120460BF0AFFF0028F8D17C
:1018300099E720460BF048FCD9E72046FFF758FF10
:10184000D9E700BF6C4A002008B58446084653EA31
:1018500002010CD0C16841F00801C160DCF8001041
:1018600081620549103000F021FD012008BD61466C
:101870000BF0BEFBFAE700BF51D0030010B50446E1
:101880001030012200210BF036FB044920460BF0FA
:101890003DFCE36843F01003E36010BD95CF030007
:1018A00008B5014601480BF09BFC08BD80360020BE
:1018B00008B5014601480BF0EAFC08BD803600205F
:1018C00008B5014601480BF0FBFC08BD803600203E
:1018D00010B5044640B11F2204F178000CF064FA00
:1018E000002084F8970010BD014B9C68F3E700BF0F
:1018F000384A002008B553EA020102D10BF063FD1B
:1019000008BD0249183000F0D1FCF9E70DD60300FC
:101910002DE9F04F85B004460F4615461E46DDF80A
:1019200038A0DDF83C90DDF84080DDF84CB000F1E7
:1019300058038365C365129B042211990BF047FD80
:101940002A46394620460BF016FD0546CDF808809C
:10195000CDF80490CDF800A0334602463946204623
:10196000F2F7CCFF002363656666C4F868A0C4F88C
:101970006C90C4F87080EFF31182402383F31288D7
:10198000BFF36F8F124B996A61679C6282F3118873
:10199000BFF36F8FBBF1000F13D01F22594604F124
:1019A00078000CF001FA002384F89730084B9B680C
:1019B0005BB1D3F8A430C4F8A430284605B0BDE824
:1019C000F08F002384F87830F0E7C4F8A430F4E70F
:1019D000384A002010B5114B53F81C4F9C420FD0D1
:1019E00074B180B90D4B9B685A7B12F01F0F0AD15E
:1019F000A26942B9DA897F2A05D9084A93610BE0C6
:101A0000064BDC68EDE7054B9B68A34202D02046FD
:101A100000F092FB014B9C6110BD00BF384A0020D2
:101A200008B5437B90F90D20002A08DB094B9B6821
:101A3000834214BF00200120FFF7CCFF08BD03F054
:101A40007F0343734268036813605A600023036096
:101A50004360EBE7384A0020B3F1FF3F08BFB2F123
:101A6000FF3F00D1704708B50249183000F01EFC56
:101A700008BD00BF0DD60300427B90F90D30002B4E
:101A800033DB70B5044612F01F0F01D1866906B131
:101A900070BD62F07F024273144B53F81C5F9D428D
:101AA00008D1354606E06B68636025601C606C6099
:101AB00017E035466DB1294620460BF0C9FC0028D9
:101AC000F1DC002DF6D0094B1B6A9D42F1D02D6848
:101AD000F0E7064B1A6A03F11C0121606260146092
:101AE0001C620020FFF776FFD2E77047384A0020DB
:101AF000437B0B425FD170B504460D460B434373E5
:101B000013F0800F22D1082D2BD000260120FFF7E3
:101B100061FF102D48D02046F2F7A4FF204600F0C8
:101B20006BFB66B1244B01225A731A730022C3F86F
:101B30009820C3F89C20C3F8A420204A9360BFF3E8
:101B40005F8F637B23F06003637370BD03F07F03DB
:101B500043734268036813605A6000230360436064
:101B6000D1E7A3685BB16268236813605A60002301
:101B700023606360627B22F002026273A36004F15F
:101B800018000BF06CFE04F158000BF06BFC0B4BD3
:101B90009B68A34201D00026B8E7EFF305830BB999
:101BA0000026B3E70126B1E7BFF35F8F637B23F025
:101BB00060036373C9E7704798370020384A0020F4
:101BC00038B505460C46124B9868437B13F0600FFE
:101BD00005D013F0200F07D00821FFF789FF84F309
:101BE0001188BFF36F8F0EE01021F6E7EFF3118439
:101BF000402383F31288BFF36F8F0BF0AAF884F3AE
:101C00001188BFF36F8F6B7B13F0600FEED138BD7F
:101C1000384A0020F8B504460E46154600F158072C
:101C20000BF003FCB8B1637B55B1202213436373FF
:101C3000EFF3058333B131462046FFF7C1FF17E0CC
:101C40004022F3E73946104B98680BF028FC3046E9
:101C50000BF0FAFB0CE065B108212046FFF748FFC6
:101C6000094B9B68A34206D086F31188BFF36F8FA0
:101C7000F8BD1021F1E7EFF30583002BF4D13046D6
:101C80000BF0E2FBF4E700BF384A002038B5054608
:101C9000437B90F90D20002A0ADB6B7B63F07F0306
:101CA0006B731C4B53F81C4F9C4213D1002411E062
:101CB00003F07F0343734268036813605A60002394
:101CC00003604360E9E763686B602C601D606560DA
:101CD00017E000246CB1214628460BF0B9FB002820
:101CE000F1DC002CF6D00B4B1B6A9C42F1D024682F
:101CF000F0E7084B1A6A03F11C0129606A6015605D
:101D00001D62044B9868A84214BF00200120FFF711
:101D100061FE38BD384A002010B50C4611460A480D
:101D200082680A4B1A60EFF31183402383F3128811
:101D3000BFF36F8FDDE9022380680BF0DBFB2046E9
:101D4000F2F7D6FC10BD00BF384A00206C4A0020D4
:101D50002DE9F04105460F460023EFF3118640229E
:101D600082F31288BFF36F8F184629E063686B60B7
:101D70002C601D60656017E044466CB12146284622
:101D80000BF066FB0028F1DC002CF6D01D4B1B6A23
:101D90009C42F1D02468F0E71A4B1A6A03F11C0147
:101DA00029606A6015601D620120FFF713FE0120A3
:101DB00001E0AF73002086F31188BFF36F8F01231A
:101DC000F3B96B7B13F01F0FF3D1D5F81880B8F17E
:101DD000000FEED103F07F036B736A682B6813600A
:101DE0005A6000232B606B60AF736B7B63F07F03E3
:101DF0006B73044B53F81C4F9C42BED14446BCE766
:101E0000BDE8F081384A002008B50B4659B9EFF318
:101E1000058242B9064A90699268904203D008460A
:101E2000F2F766FC03E083F31188BFF36F8F08BD00
:101E3000384A002010B5EFF31184402383F3128851
:101E4000BFF36F8F437B13F0040F04D184F3118829
:101E5000BFF36F8F10BD23F004034373FFF70CFE35
:101E600021460248FFF7D0FFF4E700BF6C4A00208C
:101E700008B5034650B9EFF305823AB9064A9169AD
:101E80009268914202D0F2F733FC03E083F31188A9
:101E9000BFF36F8F08BD00BF384A00200023EFF367
:101EA0001181402282F31288BFF36F8F09E0064B45
:101EB0009A68D37B013BD37381F31188BFF36F8F93
:101EC0000123002BF3D07047384A002010B50023BF
:101ED000EFF31184402282F31288BFF36F8F0CE07E
:101EE000084B9A68D37B0133D3730020FFF772FD50
:101EF00084F31188BFF36F8F0123002BF0D00BF018
:101F0000FFFB10BD384A002008B502480BF013FC57
:101F100008BD00BF504A002070B5EFF31186402382
:101F200083F31288BFF36F8F1E4B9A68517B01F0C9
:101F30007F01517350681168016048600021116091
:101F400051609D686A7B62F07F026A7353F81C4F90
:101F50009C4208D1002406E063686B602C601D6021
:101F6000656017E000246CB1214628460BF070FA3A
:101F70000028F1DC002CF6D00A4B1B6A9C42F1D001
:101F80002468F0E7074B1A6A03F11C0129606A60B4
:101F900015601D620120FFF71DFD3046F2F7A8FB1A
:101FA00070BD00BF384A00202DE9F04150EA01031E
:101FB00037D004460E466FF001031B1A4FF0FF3274
:101FC00062EB0102012B72F100022EDB6FF00105C2
:101FD0002D1AEFF31188402383F31288BFF36F8F1C
:101FE000144FB868144B1860FFF71AFDB868224602
:101FF00033461249183000F059F9BA68537B43F060
:10200000100353734046F2F773FB0BF045FC281A9C
:1020100063EB0303012873F1000300DA0020BDE83D
:10202000F081FFF779FF0020F9E70BF035FC051987
:10203000CFE700BF384A00206C4A00200DD60300CD
:1020400008B5B1F1FF3F08BFB0F1FF3F1DD0FFF76A
:10205000ABFFC217510141EAD06143011B1A61EB8A
:102060000201890041EA93719B001B1842EB0102B7
:10207000D20042EA5372DB0047F6FF71581842F172
:102080000002C00B40EA424008BD034B98680BF0C9
:1020900058FA4FF0FF30F7E7384A0020014B9868B4
:1020A000704700BF384A002010B582B0069C9DEDF5
:1020B000047B8DED007BFFF72FFE1CB1024B9B686C
:1020C0005B69236002B010BD384A0020044BC01A7F
:1020D000C010044B03FB00F0034B01221A5470475D
:1020E00090380020ABAAAAAA704A0020C3897F2B8F
:1020F00011D80E4B1B687BB190F90E200C4B1B685E
:102100009A420CDB437B13F01F0F0AD1094B984214
:1021100009D0012300E0002303F0010070470023F1
:10212000FAE70023F8E70023F6E700BF784A00202B
:10213000744A00209034002070B505460D4B1E7C7B
:1021400006EB46030C4C04EBC30420460BF087FB64
:102150000A4B00229A552846FFF7C8FF00B970BD08
:10216000074B1A68013AD3170649204600F09EF83B
:10217000F5E700BF384A002090380020704A002060
:10218000784A0020CD20030038B5EFF311854023B5
:1021900083F31288BFF36F8F144B9C68144B1B683A
:1021A000A34217D0124B00221A60104B1B7C114A1D
:1021B000D35C53B12046FFF799FF30B1637B13F036
:1021C0001F0F0FD02046FFF7B7FF85F31188BFF32D
:1021D0006F8F38BD2046FFF7AFFF85F31188BFF33F
:1021E0006F8FF6E72046FFF751FDEBE7384A0020F6
:1021F0006C4A0020704A0020EFF31181402383F3E2
:102200001288BFF36F8F0A4B9B6A834204D15A6FC7
:10221000074B9A6207E0134613B15A6F8242FAD114
:102220000BB1426F5A6781F31188BFF36F8F70470C
:10223000384A002008B50648064A121A06490AF02C
:10224000C7FC064A064907480AF0C2FC08BD00BFA1
:1022500000000020240B002028440400000000009F
:102260002844040000000020034B1868984200D066
:1022700070470020FCE700BF9808002030B1044AF6
:102280005268904201D0006870470020704700BF3C
:102290009808002008B5044B1B680BB1002008BD4E
:1022A000FCF782FAFBE700BF7C4A0020B3F1FF3F56
:1022B00008BFB2F1FF3F77D02DE9F04704469246C0
:1022C0001D4681600023EFF31187402282F31288BC
:1022D000BFF36F8F26E01AF1010845F10009FFF7FF
:1022E000D9FF18EB000349EBE070236160613BE02C
:1022F000521A66EB03030261436143686360206026
:102300001C60446005E0294B5A68236062601460D9
:102310005C60FFF7A9FF84423AD087F31188BFF3CE
:102320006F8F0123002B3DD153466FF00101B1EBBC
:102330000A014FF0FF3060EB0502002ACBDB1C4A9C
:10234000116852685B1842EB05026FF00101C91A6F
:1023500060EB020308461A46012973F1000301DA13
:102360000120002220616261FFF77EFF0028CAD0B1
:102370000269466921696369914273EB060EB7DB16
:10238000891A63EB060321616361FFF777FFEDE7CD
:10239000084B1B68002BC0D10BF044FA0021FCF75E
:1023A000C9F9BAE7BDE8F087704700BF9808002078
:1023B000A83800207C4A002070B5EFF31186402336
:1023C00083F31288BFF36F8F2A4B1860FFF74CFF1F
:1023D000044623E0284A136851685B1941EBE57114
:1023E0001360516000220023C4E9042320460BF04F
:1023F00002FA86F31188BFF36F8FA36820469847CF
:10240000EFF31186402383F31288BFF36F8F194ACD
:1024100013685B1B1360FFF727FF04463CB1256977
:102420006169144B1A68D317AA428B41D2DA44B1BE
:10243000236962690F4909685B1A62EBE1722361E3
:1024400062610D4A0B4D2868136851681B1841EBF7
:10245000E0711360516000242C600BF0E3F9214619
:10246000FCF768F986F31188BFF36F8FFFF78CFED6
:1024700070BD00BF7C4A0020A838002010B50022A3
:10248000EFF31184402383F31288BFF36F8F134659
:1024900011460CE0FFF7FEFE074A13685168C318A7
:1024A00041EBE07184F31188BFF36F8F0122002AA2
:1024B000F0D0184610BD00BFA8380020F8B5EFF3E3
:1024C0001183402282F31288BFF36F8F026822B11A
:1024D00083F31188BFF36F8FF8BD04461D46826AEF
:1024E000C36A52EA030105D0B3F1FF3F08BFB2F15E
:1024F000FF3F27D1236B01332363236A6BB185F33D
:102500001188BFF36F8F236A20469847EFF3118538
:10251000402383F31288BFF36F8F04F11803A4697B
:10252000A3423FD0002C3DD020460BF024F80023DE
:10253000C4F8B03085F31188BFF36F8F20460AF0DE
:10254000E5FFC9E716461F46012A73F1000301DAC9
:1025500001260027013E47F1FF370BF0A1F90130BA
:1025600041F10001801947EB0101012871F10001DF
:1025700008DA6FF001024FF0FF330D492046FFF7F4
:1025800095FEB7E70BF08CF9013041F1000180199D
:1025900047EB01036FF00102121A4FF0FF3161EBBC
:1025A0000303EAE785F31188BFF36F8F94E700BF59
:1025B000BD240300F8B51D46EFF31187402383F3D4
:1025C0001288BFF36F8FB5F1FF3F08BFB2F1FF3F35
:1025D0001FD00646144629466FF00102121B4FF029
:1025E000FF3262EB0502002A18DB30460BF037F9A8
:1025F000DDE90623C6E90A230023336322462B467E
:102600000B493046FFF752FE87F31188BFF36F8FF7
:10261000F8BD87F31188BFF36F8FF9E7012C71F1D3
:10262000000101DA01240025013C45F1FF35DCE71A
:10263000BD2403002DE9F04383B0074616461D462E
:10264000274B9C68012384F8603084F8613055EA98
:1026500002030CBF0123002304F160020BF085FA92
:102660008046EFF31189402383F31288BFF36F8F05
:1026700094F860300BB3002384F8603055EA060309
:1026800026D000960195174A49461748FFF744FBA4
:102690000446EFF31182402383F31288BFF36F8F58
:1026A0001546414638460BF0D5F985F31188BFF33E
:1026B0006F8F204603B0BDE8F0834A460146384696
:1026C0000BF0C8F989F31188BFF36F8F0024F0E78E
:1026D00089F31188BFF36F8F6FF00A04E9E700BF39
:1026E000384A0020A0080020804A002038B5034660
:1026F000EFF31185402282F31288BFF36F8FC16020
:10270000012282600068834210D04268036813602F
:102710005A6000230360436001210BF0A2FA0446D3
:1027200029460548FFF770FB204638BD85F3118820
:10273000BFF36F8F0024F7E7804A002038B50446C6
:102740000D460AF012FE48B9054B9B68D3F8A40069
:1027500018B12A462146E9F763FF38BD0020FCE79F
:10276000384A002030B599B00546684600F028F890
:102770006946044608A800F053FA08A9044328460D
:1027800000F08AF9204619B030BD00BF70B598B08E
:1027900005466846164600F013F83146044608A878
:1027A00000F046F908A96A460443084600F082F999
:1027B00008A90443284600F06DF9204618B070BD02
:1027C00070B50B68124E1BBAC3614B681BBA8361AC
:1027D0008B681BBA4361CB681BBA03610B691BBAD8
:1027E000C3604B691BBA83608B691BBA4360CB69BA
:1027F0001BBA3246036001460446DAF7BBF931469C
:10280000054602462046DAF7D5F9681E70BD00BFBE
:102810000C4104002DE9F04188B00C46064602F157
:102820002001684606F120079046DAF7A9FC6A46BF
:1028300069466846DAF7C6FB69463846DAF7A0FC0F
:102840003A463946384604F12005DAF7BBFB6A46BA
:1028500069466846DAF7B6FB41462846DAF790FC47
:102860006A4641463046DAF773FC2A4629466846EE
:10287000DAF7A8FB2A4669466846DAF7A3FB124A4C
:1028800069466846DAF79EFB69462046DAF778FC27
:10289000324621462046DAF7D3FB3246214620460F
:1028A000DAF7CEFB224631462846DAF7C9FB6A46FC
:1028B00029462846DAF74CFC3A4629462846DAF7F4
:1028C000BFFB08B0BDE8F081EC410400F0B599B061
:1028D00004460D460A4601466846DAF7B1FB6946EA
:1028E0006846DAF74DFC6A46214608A805F120063D
:1028F00004F12007DAF72CFC6A4629466846DAF725
:1029000027FC3246394610A8DAF75CFB32463946D6
:102910003046DAF795FB31462846DAF731FC6A464D
:1029200008A92046DAF74EFB224629462846DAF760
:1029300087FB6A4608A96846DAF782FB6A46394689
:102940003846DAF705FC2A4608A96846DAF778FB24
:102950006A4631463046DAF7FBFB3A4631463046A6
:10296000DAF76EFB10A96846DAF70AFC22466946D8
:102970002046DAF765FB08A922460846DAF760FB2D
:1029800010A908AA0846DAF7E3FB3A4610A9384628
:10299000DAF756FB19B0F0BD2DE9F04188B00C46CE
:1029A000054690460A4601466846DAF749FB6946FD
:1029B0006846DAF7E5FB6A462946284604F1200610
:1029C000DAF7C6FB05F120076A4621466846DAF7C2
:1029D000BFFB324639463046DAF732FB31462046F5
:1029E000DAF7CEFB2A4621462046DAF729FB6A466B
:1029F00021462046DAF724FB6A4629464046DAF7A4
:102A00001FFB424639463846DAF7A2FB22462946E2
:102A10006846DAF715FB6A4631463046DAF798FB26
:102A20003A4631463046DAF70BFB08B0BDE8F08194
:102A300070B500F1200690B00D46044600F014F980
:102A400005F12001304600F00FF9214608A8DAF719
:102A500097FB08A908460D4ADAF7B4FA08A92246F6
:102A60000846DAF775FB08A9094A0846DAF7AAFA10
:102A700031466846DAF784FB202269460DEB0200F6
:102A8000DAF772FA013810B070BD00BFEC410400F3
:102A9000CC41040000F002B938B504460D4600F000
:102AA000FDF805F1200104F12000BDE8384000F0F8
:102AB000F5B800BF2DE9F0471346B8B0544A89462F
:102AC0008046194610A8DAF755F85249024610A870
:102AD000DAF770F8179E4E4900EAD6760746C6F137
:102AE000010210A8DAF766F8179B4A466FEA030A54
:102AF00028A918A8FFF78EFE4FEADA7A20A9CAF1B2
:102B00000102084600F092F8C7F10107FE246A4668
:102B100018A928A8FFF740FF631138AA02EB830326
:102B200004F01F0253F8A03CD340554603F0010ABD
:102B30008AEA05052A4628A918A8DAF797F82A4646
:102B400030A920A8DAF792F8013C28A918A8FFF7C5
:102B5000BDFE631CDBD1CAF1010220A908A800F068
:102B600065F886EA0A066A4618A928A8FFF714FF3E
:102B700028A9324618A8DAF779F8324630A920A8F1
:102B8000DAF774F808A96A460846DAF7E1FA08A9FC
:102B9000084600F09DF808A908F1200409F1200278
:102BA0000846DAF7D5FA20A908AA2046DAF7D0FABB
:102BB00008AA18A96846DAF7CBFA69466846DAF730
:102BC000DFFA18AA694608A8DAF7C2FA2146684669
:102BD000DAF7D6FA08AA69461046DAF731FA0E4A49
:102BE00008A96846DAF72CFA20462021DAF7D0F94E
:102BF00008A9024644426846DAF738F84046074AD0
:102C00006946DAF7A5FA3C43204638B0BDE8F087BC
:102C10004C4104006C410400CC4104002C410400F0
:102C20000A460149FFF746BF8C41040070B588B0E1
:102C300004460D4616460021202268460BF09CF8FB
:102C4000002329462022204600930BF06DF82A46E7
:102C500069466846DAF7F4F9324669462046DAF7FB
:102C600005F808B070BD00BF0B681BBAC3614B68A4
:102C70001BBA83618B681BBA4361CB681BBA0361C3
:102C80000B691BBAC3604B691BBA83608B691BBAA3
:102C90004360CB691BBA0360704700BFCB691BBAA6
:102CA00003608B691BBA43604B691BBA83600B6975
:102CB0001BBAC360CB681BBA03618B681BBA436144
:102CC0004B681BBA83610B681BBAC361704700BFB6
:102CD00070B598B00D46064610A8DAF751FA2A46A4
:102CE00010A96846DAF734FA694610A8DAF748FA04
:102CF00010A90846DAF744FA6A4610A908A8DAF7D4
:102D000027FA08A910A8DAF73BFA10A90846DAF75B
:102D100037FA10A90846DAF733FA10A90846DAF7A5
:102D20002FFA10A908AA0846DAF712FA10A90846DD
:102D3000DAF726FA10A90846DAF722FA10A96A4645
:102D400008A8DAF705FA052408A910A8DAF718FA8E
:102D500010A90846DAF714FA013C10A9F5D108AA1F
:102D60000846DAF7F5F9052410A90846DAF708FA53
:102D700010A90846DAF704FA013CF5D110A908AA0F
:102D80000846DAF7E5F910A908A8DAF7F9F908A969
:102D90000846DAF7F5F908A96A466846DAF7D8F975
:102DA0001024694610A8DAF7EBF910A90846DAF7FB
:102DB000E7F9013C10A9F5D12A460846DAF7C8F927
:102DC000402410A90846DAF7DBF910A90846DAF71B
:102DD000D7F9013CF5D110A96A460846DAF7B8F9E7
:102DE000102410A90846DAF7CBF910A90846DAF73B
:102DF000C7F9013CF5D110A96A460846DAF7A8F9E7
:102E0000102410A90846DAF7BBF910A90846DAF72A
:102E1000B7F9013CF5D110A908AA0846DAF798F9E4
:102E20002A4610A93046DAF793F918B070BD00BFF2
:102E30000CB430B589B005460C461C22002101A80F
:102E40000AF09AFF02238DF806300E4B0293059587
:102E500023462CB1B4F1004F28BF4FF00043013B93
:102E60001D440DAA0C99069501A8009200F0A8F83F
:102E700014B1059B00221A7009B0BDE8304002B0C1
:102E8000704700BF87E103002DE9F04101260746A6
:102E9000B24201DCBDE8F0813B461F4613F8014B0E
:102EA000002CF7D0252CF8D11C78252C07F102072F
:102EB000F2D00023DFF804819C461D461F2D18D850
:102EC000A4F1200EBEF1100F09D9A4F1300EBEF10D
:102ED000090F1ED80A2404FB03E3202504E028FA86
:102EE0000EFE1EF0010F06D017F8014B002CE5D1A5
:102EF00028E07F2D1CD8A4F1300EBEF1090FE9D9CE
:102F0000242C10D1BCF1000F46D0B34246D0002390
:102F1000EAE724F0040EBEF12A0FF8D06C2C09D198
:102F200045F08005E0E724F0040EBEF12A0FEED054
:102F30006C2C22D06C2C1BD8682C23D06A2C28D067
:102F40004C2C26D0BCF1000FA4D0B445A0D144F045
:102F50002007A7F1650CBCF1020F0B6801D9612FA6
:102F60001ED1073323F0070308330B6001368EE7C9
:102F7000742CB9D07A2CB7D0E4E72C0648BF45F4BE
:102F80000075CDE7EC0548BF45F4007545F4807544
:102F9000AAE745F42075A7E79C46B8E76324D6E77F
:102FA000692C02D007D8632C03D02F0601D5AC05BD
:102FB000D7D40433D9E7732CF6E700BF8928010082
:102FC0002DE9F04F93B043680193837880469807CA
:102FD000CDE9061217D50B920B4600251F78A7B135
:102FE000252F16D001330593019B4146384698475B
:102FF000002805F1010580F2528498F8023043F070
:10300000040388F802304FF0FF35284613B0BDE8BE
:10301000F08F5F789A1C252F0592E5D00024264674
:10302000A246A346BBF11F0F32D8A7F12003102BF5
:103030000AD8DFE803F02409092A0909091B09094C
:103040000922092709091900A7F13003092B2DD9F5
:103050002A2F39D154B90B9B1BF0400F53F8042B86
:103060000B9329D0164601E04BF0010B059B13F89A
:10307000017B0593002FD5D15BE04BF0020B4BF0A9
:10308000040BF3E74BF0080BF0E74BF0100BEDE708
:10309000BBF17F0F3FD8A7F13003092BD8D81BF025
:1030A000400F03D00A2202FB0636DFE70A2202FBAA
:1030B0000A3A4BF0200BD9E7B2F1000AF9DACAF16B
:1030C000000A4BF0280BD1E72E2F05D11BF0400F43
:1030D0009BD14BF0400BC9E7242F1CD1002C00F0F2
:1030E0004381079B0B931BF0400F0AD15246069871
:1030F0000BA9FFF7C9FE0B9B1A1DD3F800A00B927A
:10310000B4E7324606980BA9FFF7BEFE0B9B1A1DCB
:103110001E680B92AAE76C2F00F0138100F20A815F
:10312000682F00F016816A2F00F01B814C2F00F0F1
:10313000188134B1079B06980B9322460BA9FFF721
:10314000A3FE002E47F02003B8BF2BF0400B0293E4
:10315000A3F16503BCBF1FFA8BFB0026022B40F2D4
:103160000881029B612B40F08382FF4307F020031C
:1031700004930B9B073323F0070303F108021BF0B2
:10318000400F93ED000B0B9218BF3146049A08BF15
:103190004FF0FF310CA80AF036FF431CDBB24BF4B2
:1031A000C0540393DDF8309070230646A3460127F0
:1031B000029309F10903122B0CD909F16303C62B01
:1031C00040F2118109F2E73340F2CE72934294BF8C
:1031D000032704279DF8342002F00C0312F00102AB
:1031E00040F01C811BF0020F40F015811BF004041D
:1031F00000F0FB80002B40F0148120231BF4405F83
:1032000021D1039A4832002E6A4408BF0126133A9E
:10321000039921B112F8011D302900F039811BF00A
:10322000100F039A18BF324619F1040FC0F235810E
:10323000B14580F232814A454BF4005B40F32F8167
:1032400009F10106961B1BF40052089200F0298137
:1032500029EAE974013403B10134002E00F0288119
:10326000721C1444A245CCBFAAEB040400241BF03A
:10327000090F04D12C44A54240F01F81002443B122
:1032800018464146019B9847002805F10105FFF6C5
:10329000B4AE1BF4006F13D0019B41463020984719
:1032A0000028FFF6AAAE049BC3F178004146019BBB
:1032B00000F0F8009847002805F10205FFF69DAEE2
:1032C0001BF0080F05D12C44AC4240F0028125468A
:1032D0000024089B002B00F02C8129EAE97AA9EB55
:1032E0000A027642039B0292934284BF0CABD3182E
:1032F0000AF1FF3A8CBF58793020564505F1010795
:1033000000F3F180019B41469847029A002802F1A0
:103310000102FFF672AEBAF1FF3F09D1019B0292A2
:1033200041462E2098470028FFF667AE029AAF1C50
:103330003D46D7E7742F3FF499AE7A2F3FF496AE0F
:10334000F7E61BF0800F18BF4BF4007B4BF0800BAF
:103350008CE61BF4807F18BF4BF4007B4BF4807B22
:1033600084E64BF4207B81E62646B3465446B246BB
:103370007CE6FF4307F0200304930B9B073323F005
:10338000070303F1080293ED000B029B0B921BF065
:10339000400F08BF0626652B11D1711C0022C9B24F
:1033A0004BF4805B1346112928BF11210CA800F0B3
:1033B0003DFBC3B2DDF8309003930227F9E6029B90
:1033C000662B05D14BF4005B334601221121EAE75D
:1033D000F1B201294FF000024FF0650038BF012122
:1033E00013460290DFE70227F4E6002B3FF406AF16
:1033F000BAF1030F3BDC9DF834309B4E13F0080FFD
:103400009A4B08BF1E46B1464F4619F8010BB0BB98
:10341000AE1B374488E033BB2B23EFE62BBB2D23B9
:10342000ECE62022BAF1040F13DD1BF0080FAAF11D
:1034300004040FD12C44019B02924146202098475E
:10344000002805F10105FFF6D8ADA542029AF2D198
:103450009AB10024019B414610469847002805F187
:103460000105C8DAC9E52B22DCE72D22DAE71BF0DB
:10347000080FAAF10304BED1DCE71446BBE7049BA6
:10348000C01A4146019BC0B298470028BCDAB4E597
:1034900003990139C9B20391BAE6561ED3E6002654
:1034A000D1E61BF4006F0CBF032405243C44D2E694
:1034B0001BF0100F18BF0134D4E609934146019B5D
:1034C000202098470028099B05F10105BFF6D3AEDF
:1034D00093E5019B414630209847002805F10105FE
:1034E000BFF6F2AE89E5D1450AD19DF83530352BCE
:1034F0001DD805D19DF8343013F0100F08BF3120CE
:10350000019B414698470028FFF677AD1BF0100F4E
:103510000AD0BAF1FF3F07D1AF1C41462E20019BD4
:1035200098470028FFF669AD3D463C443EE2312015
:10353000E6E79DF8350031281EBF9DF8343023F0B2
:1035400010038DF834304146019B98470028FFF660
:1035500054AD002E6BDD019B41462E20984700287C
:10356000FFF64BAD4FF0010A039B9A45BBBF0CAB76
:10357000534430205879019B414698470028D34650
:10358000FFF63BAD0AF1010A5645EDDA02355D441E
:10359000029B049A981A4146019BC0B298470028A2
:1035A000FFF62BADB9F1000F04DB4ED19DF834309E
:1035B000DB064AD5C9F100092D20019B41469847F9
:1035C0000028FFF61AAD042F41D14FF47A7799FB0A
:1035D000F7F606F13000019B4146C0B2984700283B
:1035E00005F10305FFF609AD07FB1699642799FB62
:1035F000F7F606F13000019B4146C0B2984700281B
:1036000005F10105FFF6F9AC07FB16990A2799FBAE
:10361000F7F606F13000019B4146C0B298470028FA
:1036200005F10105FFF6E9AC07FB169915E01BF063
:10363000100F01D10135ABE7019B41462E20984781
:10364000002805F10205A3DAD7E42B20B5E7032F04
:1036500005F10205CAD0012FD8D109F130006F1C45
:103660004146C0B25BE700BF1B440400174404009E
:10367000A7F16303122B00F2FB80DFE813F01300C5
:103680005300F900F900F900F9005300F900F900BE
:10369000F900F900F9001301F400F900F90028001D
:1036A000F900B5000B9B1A1D1B680B928DF830308A
:1036B00001240CAF1BF0080F2AD007EB04093E468B
:1036C0004E4527D1EF1B3744AAEB04042CE70B9B94
:1036D0001A1D0B921F68AB4B002F08BF1F461BF033
:1036E000400F14BF31464FF0FF31384608F0B5FDAA
:1036F0000446DFE7019B4146202098470028FFF65B
:103700007CAC013EB442F5D35544AD1BB246D4E780
:103710005646F7E716F8010B019B414698470028EB
:10372000CEDA6AE41BF0800F0B9B35D01BF4007FD0
:103730002DD0073323F00703D3E9000103F108027A
:103740000B922BF0100900291FFA89F936DA404252
:1037500061EB410149F480690DF1300B0A235A46AF
:103760000AF032FB19F0400FA0EB0B0B65D029F0EB
:1037700001025E4592B240F3B280002F00F0A980B2
:1037800019F010033446914626D002345CE01A1D2D
:1037900018680B92C117D4E71A1D1BF4807F1968B3
:1037A0000B9201D10846F5E71BF4007F15BF48B224
:1037B00008B241F3C01141F3C031C2E750EA01033E
:1037C000CAD11BF0400FC7D0002EC5D12BF0110B72
:1037D0001FFA8BF93446B34640F2064319EA030355
:1037E0001CBF013400232FE02BF0100B1FFA8BFBC2
:1037F0000A231BF080040B9A57D01BF400711DBFE5
:10380000073222F0070202F10801101D19BF0B91C7
:10381000D2E900010B90106850EA010252D12BF05E
:1038200016091BF0400F1FFA89F94FD0002E4DD119
:103830002BF0170B1FFA8BF9B34619F0100352D077
:10384000002F4ED10BF1010419F0080F5ED119F0D1
:10385000010F06D0A2456DDDAAEB040404EB0B06B4
:10386000544622464DE04BF0100B10237827C0E75A
:10387000029B782B04D1C7F1780343F01003B8E71B
:10388000019B4146252098470028FFF6B6AB019BD7
:103890004146384698470028FFF6AFAB0235059BF6
:1038A000FFF79CBB08230027A3E7111D0B911BF416
:1038B00080711068B0D01BF400711ABFC0B22146ED
:1038C00080B2A9E72BF0060B1FFA8BF90DF1300B34
:1038D00045E729F011091FFA89F934467CE791463A
:1038E000ABE75C4651E75C4676E7CDE9022341460B
:1038F000019B202098470028FFF67FAB029A039B8C
:1039000001329245F1DC2C1BA5181446EBB1019B4A
:103910004146302098470028FFF66FAB67B9013564
:103920002F462E44F31B5B4521DC5D460CAE5DBB90
:103930005F44C9E65E4694E7023541463846019B3E
:1039400098470028ECDAFFF758BB40F2064319EA23
:10395000030FE5D019F0020F14BF2B20202019F41B
:10396000806F05F10105414618BF2D20E7E7019B57
:10397000414630209847002807F10107D2DAFFF7C7
:103980003CBB00BF1F440400013D019B705D4146EC
:1039900098470028CBDAFFF730BB019B4146202037
:1039A0009847002805F10105FFF627AB631B002BA4
:1039B000F3DC74E7F0B589B005460C4616460021E5
:1039C0001C2201A81F460AF0D7F902238DF8063001
:1039D0000B4B0293059520462CB1B4F1004F28BF44
:1039E0004FF00040013805443A46314601A806959B
:1039F000FFF7E6FA14B1059B00221A7009B0F0BD7A
:103A000087E103001FB502AB0093074A4FF0CC33A8
:103A10000AF0BFFADDE90201C00840EA4170C908B6
:103A200005B05DF804FB00BFCDCCCCCC2DE9F04F48
:103A300055EC104B9DB0CDE90B122A460D93290D84
:103A4000C5F31303D20FC5F30A5507908DED050A90
:103A50000A9275B922461A431BD1302343710A9B3F
:103A6000056043F002030371012738461DB0BDE82D
:103A7000F08F40F2FF7295424DD1059A13430A9B95
:103A8000079A14BF43F0080343F00403137100279F
:103A9000EBE7059AB24D02F001020992059A4FEA4E
:103AA000830848EA9278970001229A461646C5F1A3
:103AB000000B5846089200F015FAB5F1FF3FACBF75
:103AC0008146A0F10109ABEB090B09EB0503584650
:103AD000069300F00DFA18A9A0F17D05584600F0F4
:103AE00027FA14AB089A0193A9EB050512AB0292D1
:103AF000009305982B4618AA51460AF08DF9B9F1A2
:103B0000010F04460D4600F2D880099B002B40F0BF
:103B1000CB8001276FE0059A02F001020992059A15
:103B200043F4801A4FEA8A081343A5F2354548EA60
:103B300092784FEA82074BD140F2FE7319420CBFD4
:103B400001260026002D3246B1DB284600F0C4F9DC
:103B50000346032DC8BF013B1846069300F0C8F981
:103B6000069B7C305D1B054418A9184600F054FAEA
:103B700014AB019312AB0093059802962B4618AA3A
:103B800051460AF049F9069B152B04460D4600F2F2
:103B9000888016AB734A009338464FF0CC334146C9
:103BA0000AF0F7F9169B179A9B0843EA827303EB16
:103BB0008303BB42DDE9129A0CD13846414600F03E
:103BC0009FF9069B83428CBF00270127002612E045
:103BD0000126B7E7099B002B53D1013F48F1FF3184
:103BE000B81B61F1000100F08BF9069B099F83422D
:103BF0008CBF002601260C9B002B40F09280DDF844
:103C00002CB04FF00008CDF82080CDF814804FF094
:103C10000A0ADDE91201FFF7F5FE149B1093CDE9C6
:103C20000E0118461599FFF7EDFE0E9B0F9A1191A4
:103C300098420B469341814680F08D80204629466C
:103C4000FFF7E0FE109A0AFB09F3934214BF002627
:103C500006F001060E9B12930F9BCDE91339119BC1
:103C60001593089BB8F1000F14BF002707F0010758
:103C700001330AFB10485FFA88F8089304460D46A2
:103C8000C7E7B81C48F1000100F03AF9069B8342EF
:103C90008CBF00200120B9EB00006AF10002CDE9E1
:103CA000120200273E46A6E7129B139A013B42F1FF
:103CB000FF32CDE91232012788E7B9F13E0FF0D883
:103CC0004FF0FF33A9F1200003FA09F203FA00F0E4
:103CD000C9F1200123FA01F102430A4303FA09F36F
:103CE00027EA030728EA020857EA08070CBF01275A
:103CF00000276BE700FB02FCA1FB001201336244CA
:103D00008C4275EB020CF5D2069A13440D9A1344BB
:103D1000012B0B9AB8BF01239A42A8BF1A469346BB
:103D20006FE70A21002201230846E9E70AFB03F0B6
:103D3000A2FB0A2301310344944275EB0300F5D240
:103D4000594511DDBBF1000F02D154EA05030BD038
:103D50000123059372E70A2200230121ECE700BF4B
:103D6000CCFBFFFFCDCCCCCC7EB34FF00A0A149B2A
:103D700015990F931846FFF745FE0F9B0E910AFB0E
:103D800000F29A42814620D1DDE91201FFF73AFEA6
:103D900010900F9120462946FFF734FE0F9B109A92
:103DA0001292CDE913390E9B1593089BB8F1000FC1
:103DB00014BF002707F0010701330AFB10485FFA20
:103DC00088F8089304460D46D1E7069B089A1344E9
:103DD0009946002F58D0B8F1050F55D114F00103C2
:103DE00048D1059A32B9DDE914239D4208BF9442B7
:103DF0005DD0059B18194FF00A0445F1000100221F
:103E000001262546A04271EB020753D2E3B1B34528
:103E10001ADA0C9B63B10D9A06EB09031A4422EAE5
:103E2000E2730B9A9A42A8BF1A46964293460BDD5C
:103E300005304FF00A024FF0000341F10001D8F7BE
:103E40005FFE09F10109013E5E45A8BF5E4637B23B
:103E50000FFA89F9079B09FA86F607F10508013E72
:103E600098444FF00009B9452BDB079B0A9A1E6066
:103E70001A71FAE5059B2BB9DDE914239D4208BFB1
:103E8000944209D00123B5E7059B53B9DDE914231A
:103E90009D4208BF944204D1099B002BF2D1002E11
:103EA000F0D0B8F1040F94BF00230123A2E74FF034
:103EB0000408F1E705FB02F7A4FB054201363A448A
:103EC000A0E70A220023D8F71BFE303208F8012DA4
:103ED00009F10109C7E700BF014B5843800C704747
:103EE00041340100014B5843000D7047FB2E0B007D
:103EF000024B5843C00C0130704700BF4F93120073
:103F00000A4A70B503464FF0CC3600204FF03335E7
:103F100006FB03F402FB0144A3FB023121449D4252
:103F200075EB010401D30130F2E770BDCDCCCCCCF0
:103F30002DE9F04F1A23354EB0FBF3FA03FB1A03B9
:103F400089B004460D4606EB0A1653B9D6E900239C
:103F5000C1E90023D6E90201C5E9020109B0BDE8C3
:103F6000F08F2B4A02EBC303D3E9008904AB009323
:103F7000D6E90223404649460AF00BF806AB009307
:103F8000D6E9002383460F46404649460AF001F829
:103F9000DDE9066216EB0B0652EB07084FF0000353
:103FA00028BF0123814633B1049B059A013342F1B6
:103FB0000002CDE9043220460391FFF799FF07463E
:103FC0001A2000FB0AF0FFF793FF3F1A32464346E0
:103FD00003990097484609F0F7FF4FEA141C0D4A71
:103FE000640004F01E0352F82C40DC4004F003048B
:103FF000241841F10001C5E90041DDE904230097DF
:104000003046414609F0E0FFA6E700BFB8E90300EB
:10401000E8E803000C4204002DE9F04F1A27DFF80E
:10402000ECA000F11905B5FBF7F56F433A1A4FEA1A
:10403000051B89B004460E460AEB05150AD1D5E9E1
:104040000023C1E90023D5E90201C6E9020109B054
:10405000BDE8F08F2B4B03EBC203D3E9008904AB1F
:104060000093D5E902234046494609F092FF5AF8E9
:104070000B206B68013ACDE9020106A963F1000348
:1040800000914046494609F084FFDDE906528A4620
:1040900002996D18039952EB01084FF0000328BFF5
:1040A0000123814633B1049B059A013342F100029A
:1040B000CDE904323846FFF71BFF07462046FFF7DD
:1040C00017FF3F1A2A46434600974846514609F0D3
:1040D0007BFF4FEA141C0C4A640004F01E0352F8E4
:1040E0002C40DC4004F003040134241841F10001A9
:1040F000C6E90041DDE9042300972846414609F05E
:1041000063FFA2E7E8E803006042040088EA0300D6
:10411000704738B5836805699C697CB112F4000F5B
:1041200006D02D6801238B401D4201D082F0C06271
:1041300002F0B05302F0B072A04738BD6FF05700E4
:10414000FBE738B513468568046912F4801F07D071
:1041500012F4402F04D012F0010F01D082F440235A
:1041600023F4801213F0010F0AD023684FF0010CE2
:104170000CFA01FC43EA0C0323602B68984738BD16
:1041800023684FF0010C0CFA01FC23EA0C032360B6
:10419000F3E708B503468C4600681979DA8842EAE5
:1041A0000C02FFF7CEFF08BD38B50C4605698368E1
:1041B0005B68984718B923682A685340236038BD64
:1041C00010B582B00C4601A9FFF7EEFF30B901230C
:1041D000A340019A134214BF0120002002B010BD79
:1041E00008B532B1012303FA01F18368DB6898470F
:1041F00008BD012303FA01F183681B699847F7E7BB
:1042000010B503691C6801238B401C4202D0B2FA2E
:1042100082F25209FFF7E4FF10BD08B58368DB693D
:1042200013B10122984708BD6FF05700FBE708B5AE
:10423000EDF714FB08BD08B5EBF7CCFC003818BF50
:10424000012008BD08B500210220EDF79FF80021EC
:104250000120EDF79BF800210846EDF797F808BD1F
:1042600008B5EAF719FA00B108BDEBF7A7FC00287A
:10427000FAD1EDF76BF9F7E708B5E8F735FB08BDBC
:1042800008B5E8F77FFC08BD70B50024264608E0B5
:10429000651C012C04DC40F267600021FDF7D0FEB4
:1042A0002C46022C05DCE8F71BFA0028F0D001367A
:1042B000EEE7012ED4BF0020012070BD08B5EAF75B
:1042C000EBF910B9EBF77AFC08B1E8F757FD08BD38
:1042D00010B586B0002400940194029403940494D1
:1042E000059401910292ADF80C306946F8F708FA8E
:1042F00006B010BD2DE9F04184B005460C461646C7
:104300001F46D1F80C80EBF76DFA10230293CDF81D
:104310000480BDF8283000933B46324621462846AB
:1043200005F08FF804B0BDE8F08108B5EAF7D0FCDD
:1043300008BD08B5ECF700F800210220EDF726F8DB
:1043400000210120EDF722F800210846EDF71EF8C4
:104350000020ECF79BFEECF7A7FFEDF7F7F808BDA0
:1043600008B5FFF7E6FF08BD08B5ECF703F808BD90
:1043700038B5836805699C697CB112F4000F06D0DA
:104380002D6801238B401D4201D082F0C06202F0F3
:10439000B05302F0B072A04738BD6FF05700FBE792
:1043A00038B513468568046912F4801F07D012F4EB
:1043B000402F04D012F0010F01D082F4402323F4E7
:1043C000801213F0010F0AD023684FF0010C0CFA91
:1043D00001FC43EA0C0323602B68984738BD23682F
:1043E0004FF0010C0CFA01FC23EA0C032360F3E705
:1043F00008B503468C4600681979DA8842EA0C024F
:10440000FFF7CEFF08BD08B58368DB6913B1012251
:10441000984708BD6FF05700FBE708B5ECF7ECFDD7
:1044200008BD08B5ECF718FF00B108BDECF7F2FEC7
:10443000FBE738B5836805699C697CB112F4000F0D
:1044400006D02D6801238B401D4201D082F0C0624E
:1044500002F0B05302F0B072A04738BD6FF05700C1
:10446000FBE738B513468568046912F4801F07D04E
:1044700012F4402F04D012F0010F01D082F4402337
:1044800023F4801213F0010F0AD023684FF0010CBF
:104490000CFA01FC43EA0C0323602B68984738BDF3
:1044A00023684FF0010C0CFA01FC23EA0C03236093
:1044B000F3E708B58368DB6913B10122984708BDAB
:1044C0006FF05700FBE708B5437933B1014651F867
:1044D000060B83681B68984708BD6FF08500FBE7F3
:1044E00038B513468568046912F4801F07D012F4AA
:1044F000402F04D012F0010F01D082F4402323F4A6
:10450000801213F0010F0AD023684FF0010C0CFA4F
:1045100001FC43EA0C0323602B68984738BD2368ED
:104520004FF0010C0CFA01FC23EA0C032360F3E7C3
:1045300008B503468C4600681979DA8842EA0C020D
:10454000FFF7CEFF08BDA0F5FA6040F6B8339842F9
:104550008CBF00200120704730B583B084460846E8
:1045600015461C461B680CFB03F3019301A9F8F7E1
:1045700001FD10B9019B2B41236003B030BD42798E
:10458000C2B108B584460B46C279042A0ED0C08950
:104590009CF810209CF80A1011F0200F01D0013A6D
:1045A000D2B29CF80610FFF7D7FF08BD02689268E8
:1045B0001089EDE76FF08500704708B5EDF70CF84E
:1045C00008BD452806D840F6D1739942D4BF0020D3
:1045D000012070470120704708B5EDF7B3FAECF7FA
:1045E0003BFE00210846ECF7D1FE00210220ECF74B
:1045F000CDFE00210120ECF7C9FEECF70BFE08BD53
:1046000000EBC1018368B3F5004F0AD322B14B68B8
:1046100043F001034B6070474B6823F001034B608C
:10462000704722B14B8843F001034B8070474B88A1
:1046300023F001034B807047C9008368B3F5004F36
:1046400003D308231944084470470423FAE710B43D
:1046500000EBC10C8468B4F5004F19D3DCF80C30C2
:10466000994218D0B4F5004F22D3DCF80810043278
:1046700040F8223000EBC102B4F5004F1BD3D360E9
:1046800000EBC3038268B2F5004F16D399600CE0CB
:10469000BCF80630E4E7C3680121914023EA010336
:1046A000C3600432002340F822305DF8044B7047A9
:1046B000BCF80410DBE7D380E2E79980F5E7131D2F
:1046C00050F82330DBB9C3684FF0010C0CFA02FC40
:1046D00043EA0C03C360043240F8221000EBC1032C
:1046E0008268B2F5004F06D399608268B2F5004F38
:1046F00003D3D96070479980F7E7D980704710B528
:1047000000EBC30C8468B4F5004F1CD3DCF8082020
:1047100000EBC10EB4F5004F18D3CEF80820846822
:10472000B4F5004F15D3CEF80C3000EBC20283680D
:10473000B3F5004F10D3D1608368B3F5004F0DD3AC
:10474000CCF8081010BDBCF80420E1E7AEF8042056
:10475000E5E7AEF80630E8E7D180EDE7ACF8041005
:10476000F0E730B400EBC10C8468B4F5004F29D3F6
:10477000DCF80450531A891A01EB55015D00B4F5B9
:10478000004F22D3CCF804504C0000EBC20C8568DB
:10479000B5F5004F1CD3CCF804408468B4F5004F45
:1047A00019D340F832308368B3F5004F16D3DCF8E4
:1047B000044002EB5402B3F5004F12D340F832101C
:1047C00030BC7047BCF80250D4E7ACF80250DBE7CD
:1047D000ACF80240E1E720F83230E4E7BCF80240F0
:1047E000E7E720F83210EBE730B400EBC101846852
:1047F000B4F5004F1ED34B685B0800EBC20CB4F558
:10480000004F19D3DCF8045003EB55035D00B4F5F9
:10481000004F14D34D608168B1F5004F11D3DCF81F
:10482000044002EB5402B1F5004F0DD340F8323092
:1048300030BC70474B88DFE7BCF80250E4E74D809E
:10484000E9E7BCF80240ECE720F83230F0E7836893
:10485000B3F5004F04D30823C91A081AC0087047DB
:104860000423F9E708B58368B3F5004F07D300EBDD
:10487000C10252685208012A02D0002200E0002240
:10488000A2B900EBC102B3F5004F10D35268520831
:10489000B3F5004F0DD308230833A2EBD302013246
:1048A000B2FA82F2C2F11F02FFF7D1FE08BD5288B0
:1048B000EDE70423F0E708B58368B3F5004F07D3AD
:1048C00000EBC10252685208012A02D0002200E027
:1048D0000022A2B900EBC102B3F5004F10D3526819
:1048E0005208B3F5004F0DD308230833A2EBD302CF
:1048F0000132B2FA82F2C2F11F02FFF7E0FE08BDF8
:104900005288EDE70423F0E7F8B504460D46CE00E3
:1049100000EBC1078368B3F5004F1FD3796805EB3F
:10492000510104EBC102B3F5004F19D3536813F0E2
:10493000010F17D0A368B3F5004F24D3A159691A0A
:1049400004EBC102B3F5004F1FD3536813F0010FFE
:104950001DD029462046FFF7AEFFF8BD7988DEE777
:104960005388E4E72046FFF77DFFA368B3F5004FC7
:1049700007D37A6805EB520229462046FFF734FF39
:10498000D8E77A88F6E7A15BD9E75388DEE72046C7
:10499000FFF768FFA368B3F5004F0CD3A1592A466F
:1049A000691A2046FFF720FFA368B3F5004F04D330
:1049B000A359ED1ACDE7A15BF1E7A35BF9E7F8B5E1
:1049C0008568B5F5004F10D308230833A1EBD30356
:1049D0000133B3FA83F3C3F11F02C3F1230450F888
:1049E000246046B34FF0030C12E00423EDE7BEF859
:1049F000027017E02146FFF72AFE24E0BEF80640C9
:104A0000171D40F82740BCF1010C14D0A64212D06B
:104A1000141D50F8244000EBC40EB5F5004FE6D34A
:104A2000DEF80470B1EB570FE4D9B5F5004FE5D3CC
:104A3000DEF80C40E4E7C468C3F120020123934090
:104A40005B421C4001D12046F8BD94FAA4F2B2FAB0
:104A500082F2131D50F823402146FFF7F8FDF2E7DC
:104A600079B138B505682846FFF7F1FE0446002203
:104A700001462846FFF7C4FD21462846FFF744FFBC
:104A800038BD704770B50568A1B30B46AA68B2EB94
:104A9000D10F31D9B2F5004F1DD308229C1807342D
:104AA000E40821462846FFF78AFF064630B305EBA7
:104AB000C003AA68B2F5004F0FD35B68B4EB530F85
:104AC0000DD3012231462846FFF79AFD314628468C
:104AD000FFF7B2FD70BD0422E0E75B88EEE73444E7
:104AE000224631462846FFF73CFE21462846FFF77E
:104AF000E2FEE6E70020EDE70020EBE70020E9E733
:104B00002DE9F041144606684B420B4001F1FF3895
:104B100018EA01080CD0B268B2F5004F06D308229B
:104B2000934257D21A464546984609E00422F7E7D1
:104B30000D46B368B3F5004F45D30822954244D9DA
:104B4000002C62D0B368B3EBD40F60D92919891A4D
:104B5000B3F5004F41D3082319440731C908304643
:104B6000FFF72DFF0746002853D001463046FFF7D8
:104B700063FD00EB08032B44013BB3FBF5F303FBA0
:104B800005F5A5EB08052C44073424F00704294655
:104B90003046FFF75CFE8046A41BE41087421ED31C
:104BA00006EBC803B268B2F5004F22D35B6808EB8E
:104BB00053039C421FD3012241463046FFF720FD9C
:104BC0002846BDE8F0810422B8E72146FFF75AFFE6
:104BD0000546F5E745469846B2E70423BCE702469A
:104BE00039463046FFF7BDFD39463046FFF763FED4
:104BF000D6E75B88DBE7224641463046FFF7B1FD4A
:104C000021463046FFF757FED5E70025D8E70025B7
:104C1000D6E70025D4E7F8B5B2F5802F23D30823D3
:104C2000D21ACC1D24F0070401EB020C2CF0070C67
:104C3000ACEB040C4FEADC010460A1600023E360EC
:104C4000BCF5802F11D308230833A1EBD303013324
:104C5000B3FA83F3C3F1200EC3F124039B00DE1DDE
:104C6000F508002308E00423DAE70423ECE71A1D23
:104C7000002044F8220001337345F8DB6B00BCF5DB
:104C8000802F32D36360BCF5802F30D300232360A4
:104C9000BCF5802F2ED3636843F0010363604A1B89
:104CA000570026F00703E018BCF5802F27D3476094
:104CB000A068B0F5004F24D3E5502CF00703A444BE
:104CC000A068B0F5004F1ED30020CCF80400A06807
:104CD000B0F5004F1BD3E25001222046FFF790FCB5
:104CE00029462046FFF7E7FDF8BD6380CBE70023A8
:104CF0002380CDE7638843F001036380CFE74780DB
:104D0000D6E7E552D9E70020ACF80200DFE7E2522F
:104D1000E2E710B50C4611461A46029BA04710BDAB
:104D20004038C0B23A288CBF002001207047F8B547
:104D3000064603784578847804EB8304044400270E
:104D400006E001342046E7F7FDFB0130044401375B
:104D5000AF42F6D3A01BF8BD70B5144668B10D463E
:104D6000194606462BB91046E7F7ECFB83B2013330
:104D700099B22A462046B04770BD1046E7F7E2FBDD
:104D80000130F9E75BB32DE9F04782B0074688466A
:104D900091461D461A785E789C78DB7804EB820495
:104DA00004EB43042C444FF0000A0AE014F8013BE2
:104DB00045F823402046E7F7C5FB013004440AF1DB
:104DC000010AB245F2D305F1080300936B684A4625
:104DD00041463846FFF79DFF02B0BDE8F0876FF00F
:104DE000150070472DE9F0410446884600273E46ED
:104DF00007E0702D18D02846FFF792FFB8B9252D8F
:104E00000ED014F8015B75B1002EF8D04745F0D0F4
:104E10002846FFF785FF0028F1D001370026EEE78E
:104E200086F00106EDE700263046BDE8F081002659
:104E3000FAE708B500F0E0FC08BD0FB400B583B098
:104E400004A951F8040B0191FFF7F3FF03B05DF8DB
:104E500004EB04B070470FB400B583B004A951F857
:104E6000040B0191FFF7E5FF03B05DF804EB04B01C
:104E70007047036913F0080F08D1C36802689342B2
:104E800007D8036A9B1A0B60012070470020086056
:104E900070479B1A0B6000207047036913F0080FDE
:104EA00007D1826843689A4203D89B1A0B6000209E
:104EB0007047036A82689B1A0B600120704710B527
:104EC00082B0044601A9FFF7D4FF20B1E368019A3C
:104ED0001344013B0193206A019BC01A013802B0C0
:104EE00010BD38B5036913F0040F00D138BD044676
:104EF000456AFFF7E4FF854202D9606A6062F5E720
:104F00002046FFF7DCFFF9E7C3681944036913F093
:104F1000010F04D1026A914204D3891A02E0026AA5
:104F2000013A1140C16023F008030361704710B4D7
:104F300000236FF3000343F0020361F39F03C26990
:104F4000046842F8243003680B44026912F0010F30
:104F500004D1046AA34204D31B1B02E0046A013C8F
:104F600023400360C4689C420AD043681944036923
:104F700013F0010F08D1036A994208D3C91A06E059
:104F800042F008020261F0E7036A013B1940416008
:104F90005DF8044B70472DE9F04F83B00446019152
:104FA00017469846C569C66805EB860B15F8263086
:104FB00003F00303022B24D0002100233B60C8F838
:104FC000003019BB236913F0020F73D0A369584650
:104FD0009847824615F8269019F001096CD015F80B
:104FE000263013F0020F39D0019BBBB962685244DE
:104FF000236913F0010016D1216A8A4216D3521A8E
:1050000014E055F82610C1F39D01D6E72046FFF7BE
:105010007BFFE368A3604FF001094DE0194620468D
:10502000FFF785FFE2E7216A01390A406260E16823
:10503000A268914206D0A2682260E26043F00803B1
:10504000236139E0524420B9216A8A4204D3521ABA
:1050500002E0216A01390A40A260ECE701462046DD
:10506000FFF752FFE368A360019B23B1E369226865
:10507000002143F82210019B5344C8F800302268F5
:105080001344226912F0010F04D1216A8B4204D328
:105090005B1A02E0216A01390B40236042F00802EA
:1050A000226115F826306FF3000305F82630C7F8A3
:1050B00000B001E04FF00009484603B0BDE8F08FB2
:1050C00030B45318046914F0010F04D1056AAB42DF
:1050D00004D35B1B02E0056A013D2B4005689D423D
:1050E00014D000236FF3000343F0020362F39F0325
:1050F000C46944F8213043681344026912F0010F77
:1051000009D1026A934209D39B1A07E0016024F097
:105110000804046103E0026A013A1340436030BCB2
:10512000704708B50023036043608360C360036178
:1051300043618361CA6882618A6842610A68C261A8
:105140004A68026243620B6903612AB1511E0A4236
:1051500002D143F00103036128300122002107F04E
:10516000CAFE08BD2DE9F04F87B09A46002305938B
:105170000393036A8B42C0F08780044689469346B6
:10518000002301930126009341E001992046FFF797
:1051900097FF0023039345E0E369226803EB820154
:1051A000009113F822106FF3000103F82210C9B226
:1051B0006FF3410103F8221023684B44226912F077
:1051C000010F04D1216A8B4204D35B1A02E0216AE9
:1051D00001390B402360E168994201D0002608E0C4
:1051E00042F008022261002603E02046FFF79FFEFE
:1051F0002E4687F31188BFF36F8F059929B1636934
:105200000BB12046984700230593002E3ED0EFF3C4
:105210001188402383F31288BFF36F8F4746039AA8
:10522000002AB2D104A92046FFF723FE05460499BF
:105230004945B1D20028D8D15AEA0B030BD1002E30
:10524000D7D02368019303AB05AA04992046FFF742
:10525000A2FE0646CDE708F088F80028EFD188F3D3
:105260001188BFF36F8F04F128005A465346FCF7AC
:1052700081F9EFF31187402383F31288BFF36F8F17
:10528000B0FA80F67609B4E700230093009807B0DF
:10529000BDE8F08F70B504460D468369084698470F
:1052A000EFF31186402383F31288BFF36F8F2B78BF
:1052B00043F001032B7063681844236913F0010F56
:1052C00004D1236A984204D3C01A02E0236A013B46
:1052D000184060602046FFF704FE86F31188BFF394
:1052E0006F8F70BDF0B583B004462EE053F82200F6
:1052F00080084DD143E0226A013A1340A360204662
:10530000FFF702FE01231BE013F8221041F0020117
:1053100003F82210A768A3693046984738442369E8
:1053200013F0010F04D1236A984204D3C01A02E09B
:10533000236A013B1840A060002301E000231E46C1
:1053400085F31188BFF36F8F8BB3EFF31185402383
:1053500083F31288BFF36F8F01A92046FFF79DFDED
:10536000E369A26803EB820601990029E6D013F8ED
:10537000221011F0030117D00229B7D0002013F832
:10538000221011F0010FBFD110B9A3693046984720
:10539000A36801460344226912F0010FABD1226ACF
:1053A0009342ABD39B1AA9E700231E46C8E73046B9
:1053B00003B0F0BD70B504460D46836908469847B2
:1053C0000146EFF31186402383F31288BFF36F8FFA
:1053D0002B786FF300032B70236913F0020F0AD0B0
:1053E000E369E26803EB8203AB4204D02B6860F30D
:1053F0009F032B600AE02B786FF341032B70E26868
:10540000A3689A420BD02046FFF77EFD86F31188F1
:10541000BFF36F8F04F12800FCF784F870BD0B44D4
:10542000226912F0010F04D1226A934204D39B1A1D
:1054300002E0226A013A1340A360E4E700B583B0BA
:1054400001A9FFF72AFD0198003818BF012003B019
:105450005DF804FB01F00701038B23F007030B4306
:10546000038370472DE9F04106460F469046816858
:1054700021B10C683CB131B90C4604E00C4602E0A5
:10548000234621461C4669B14D6843463A4630469C
:10549000A847002CF4D02368002BF2D0002CF0D1C8
:1054A0002346EEE7BDE8F081038B13F0070303D139
:1054B00002680AB103207047022B03D0012B06D0EB
:1054C00000207047428B002AF8D1042070470368FF
:1054D0000BB1052070470020704710B504468C467C
:1054E000038B002A07DB03F007035A1F012A0ED99A
:1054F000042B36D010BDD0E900018CE80300002356
:105500002360636001212046FFF7A4FFF2E7D0E9A2
:1055100000018CE80300002222606260062B1BD190
:10552000DCF8003053B1628B013262831A461B688B
:10553000002BF7D0002AF5D11346F3E702212046CD
:10554000FFF788FF2046FFF7AFFF0028D2D0238B5C
:1055500043F020032383CDE700212046FFF77AFFA5
:10556000F0E70021FFF776FF2046FFF79DFF0028B8
:10557000C0D0238B43F020032383BBE750B110B589
:105580000C4651B1081D00F0C2F810B9A368032BF6
:1055900006D810BD6FF0150070476FF01500F8E7E2
:1055A0006FF01500F5E72DE9F04107460C46164669
:1055B0001D461946201D00F0C9F828B180462B462B
:1055C000324621463846C047BDE8F0812DE9F0411A
:1055D00080460C4617461E4604E033463A4640468F
:1055E000FFF7E1FF216831B10D68256063688B42E8
:1055F000F3D16560F1E7BDE8F08108B5EFF3118202
:105600004FF0400C8CF31288BFF36F8F4161012182
:10561000EDF7EAF908BD034670B181B10A688AB1B5
:105620004A6892B10020186058609860D86018618C
:1056300058619861196170476FF0150070476FF0FD
:10564000150070476FF0150070476FF01500704738
:1056500070B505460E46FFF791FF041E2EDBEFF3F3
:105660001182402383F31288BFF36F8FB5F818C0FF
:105670000CF0070C6B8B4FF6FF718B422CD06446FD
:10568000BCF1020F08D0BCF1060F19D8DFE80CF00E
:105690001E1818181E2A1E0001336B8301230021D7
:1056A000084628B100203060686808B306606E6064
:1056B00009BB82F31188BFF36F8F0BBB204670BD0F
:1056C0006FF00404002319461846EAE7BCFA8CF18F
:1056D000490900230120E4E76FF00A04002319467A
:1056E0001846DEE76FF08504002319461846D8E710
:1056F0006E602E60DCE702212846EDF775F9DDE7E4
:105700000023624631462846FFF74DFFD6E70246A2
:10571000B0B1436803F00303022B0BD0032B04D07A
:10572000012B04D06FF01500704703685BB10020B7
:10573000906070470368002BF9D16FF01500704737
:105740006FF0150070476FF01500704710B50346F5
:10575000426802F003028160022A04D0032A05D1C4
:105760000468002004E00068002401E000242046D2
:1057700000225A6008B1FCF7B9FF204610BD7047FF
:10578000037813F0040F01D0002070470368C3F3BF
:105790004A2000EB1350173020F0070080087047B4
:1057A000002070470120704708B504F0A3FF08BD32
:1057B00008B520EAE070C117C90341EA5041C003AF
:1057C00040F2E733C0184FF47A724FF0000341F112
:1057D0000001D7F795F9FCF733FC08BD08B50022A6
:1057E0000023FFF7BFFC08BD08B5FFF7E3FD08BDC8
:1057F00008B5FFF723FE08BD00B585B00391029000
:1058000000200190009003460246014600F098F8FF
:1058100005B05DF804FB08B50120EDF7C1FA08BD3D
:1058200008B5EDF743FB08BD08B5FFF733FDEDF70D
:10583000DBFB08BD0020704770B5536896689B1B62
:105840008B420CD30C46154613680A46014698193C
:1058500008F06AFAAB682344AB60204670BD6FF075
:105860001B00FBE770B588B10E4614461946054685
:1058700033B11030C2F34A23120D184408F054FA21
:105880002C606E602846EDF7F1FB70BDEDF788FAED
:10589000FBE72DE9F04383B006460F4615461C464C
:1058A00003F101094FEA890808F1170020F0070009
:1058B0008008EDF7F3FA002201928DF8049068B1A8
:1058C00000F1140C019B0361964605E055F82E305B
:1058D0004CF8043B0EF1010EA645F7D3002267F306
:1058E000881268F3532200233146FFF7BBFF03B051
:1058F000BDE8F08300B583B00192012301AAFFF750
:10590000C8FF03B05DF804FB00B583B000920193BB
:1059100002236A46FFF7BDFF03B05DF804FB00B544
:1059200085B001920293069B0393032301AAFFF71C
:10593000B0FF05B05DF804FB08B5EDF727FC08BD26
:105940002DE9F04F85B081460D4690461E46DDF8A4
:1059500038B0109FA7B3119B039300933B460F9A57
:1059600010210020ECF75CFB824600EB0B031733A1
:1059700023F0070300246FF300046FF341046FF377
:10598000820469F3C50468F3881460F353246BF34D
:105990001F549808EDF782FA804640B1103037B1B5
:1059A000119B00933B460F9A5146ECF739FB334667
:1059B000224629464046FFF755FF05B0BDE8F08F67
:1059C0000020D1E7F8B507460D4614461E4605E00F
:1059D000324621462846B847241A0544002CF7D100
:1059E000F8BD08B513460122EDF7E0FC08BD08B587
:1059F00013460022EDF7DAFC08BD38B505460C4623
:105A000001F00101FFF7F3FF21462846EDF760FDA5
:105A100038BD2DE9F04383B080460E4615461F463B
:105A2000DDF828902C46102D28BF1024CDF80090CA
:105A30003B46224631464046EDF75EFD26442D1B8F
:105A4000F0D103B0BDE8F08310B504464268536856
:105A5000126881680068FFF7B5FF636800221A606A
:105A600010BD38B505460C464B681A68CB689A429B
:105A70000FD06368BFF35B8F53E8002F511C43E8DE
:105A800000100028F8D1BFF35B8FA3689D5400205D
:105A900038BD0846FFF7D8FFEBE738B504460D469A
:105AA0000A2805D029462046FFF7DBFF002038BD35
:105AB0000D20FFF7D6FFF5E72DE9F04387B0064646
:105AC0000C469046D1F808900F88C7F382170878E3
:105AD000C0F3C2050846EDF705FC011E1ADA0023E3
:105AE000214651F8105BC5F34A256288C2F30B12B8
:105AF000481905B90021CDF8148004920390029151
:105B000001970022009249463046EDF757FD07B055
:105B1000BDE8F0832846EDF7FFFA0346E0E708B555
:105B200020EAE070C117C90341EA5041C00340F2C6
:105B3000E733C0184FF47A724FF0000341F10001CF
:105B4000D6F7DEFFFCF77CFA08BD704710B5844637
:105B5000002906DBC818DCF80840A0420CD9002058
:105B600000E0002050B1DCF80C00DCF804402144D7
:105B700084682468A04710BD0120F3E76FF015008A
:105B8000F9E710B58446002906DBC818DCF80840A0
:105B9000A0420CD9002000E0002050B1DCF80C003D
:105BA000DCF80440214484686468A04710BD0120EB
:105BB000F3E76FF01500F9E710B50346002905DBA0
:105BC00088189C68A0420AD9002000E0002040B15B
:105BD000D8685B68194483689B68984710BD0120AA
:105BE000F5E76FF01500F9E708B5C0688368DB6872
:105BF0009847006808BDC068704708B5C0688368EA
:105C0000DB689847007908BD2DE9F84F00283ED0A1
:105C10008A4690469B46044603698268134443447F
:105C20008269934236D84FF000094E463146A8EBC0
:105C300006076568A368ED1AAF420FD320682A46AD
:105C40000AEB0601184408F06FF86368A360204669
:105C5000EDF75CFE814640B92E44E7E7464507D3A1
:105C6000BBF1000F01D0A36863B94846BDE8F88FC7
:105C700020683A465144184408F056F8A3681F4477
:105C8000A760EDE72046EDF741FE8146EDE76FF0B6
:105C90000D09EAE76FF00B09E7E7F8B504461E4681
:105CA00000F501773846FFF7AFFF05460EB92846E5
:105CB000F8BDD4F80032986803F0ACFED4F8003296
:105CC000596801443846EDF7F3FD05460028EED14A
:105CD000D4F80002FFF739FF0023C4F80032E6E7EA
:105CE00010B584B00446084604F50071EDF7ACFD2C
:105CF00008B104B010BDD4F80002FFF77CFF0146E4
:105D0000D4F800325A689B680020029001930092F8
:105D10004FF40073224604F50170EDF773FEE8E7D7
:105D20008B4201D90020704710B594461C461A4694
:105D3000614607F0F9FF204610BD08B508F01CF8D1
:105D400008BDC30903EB430303EBC30383EA40002D
:105D5000C0B270470378CA785340037043788A789A
:105D60005340437083784A7853408370C3780A78ED
:105D70005340C3700379CA795340037143798A79D8
:105D80005340437183794A7953408371C3790A79C7
:105D90005340C371037ACA7A53400372437A8A7AB2
:105DA00053404372837A4A7A53408372C37A0A7AA1
:105DB0005340C372037BCA7B53400373437B8A7B8C
:105DC00053404373837B4A7B53408373C37B0A7B7B
:105DD0005340C373704700B585B002788DF800203A
:105DE00042798DF80120827A8DF80220C27B8DF8ED
:105DF000032002798DF80420427A8DF80520827BF9
:105E00008DF80620C2788DF80720027A8DF80820D8
:105E1000427B8DF8092082788DF80A20C2798DF8AE
:105E20000B20027B8DF80C2042788DF80D208279B2
:105E30008DF80E20C37A8DF80F3010236A4619466C
:105E4000FFF76EFF05B05DF804FB70B506460C4623
:105E50000878FFF776FF05466078FFF772FF6178F4
:105E6000A278E378484045406A4053403370257833
:105E70006078FFF766FF4540EDB2A078FFF761FF5D
:105E8000A278E378504045406B4073702578637882
:105E90005D40A078FFF755FF4540EDB2E078FFF791
:105EA00050FFE37858404540B5702078FFF749FF30
:105EB00022786378A578504043405D40EDB2E078A9
:105EC000FFF73FFF4540F57070BD10B584B0044644
:105ED00001466846FFF7B9FF211D01A8FFF7B5FF8E
:105EE00004F1080102A8FFF7B0FF04F10C0103A8B8
:105EF000FFF7ABFF10236A4619462046FFF710FF55
:105F000004B010BD0B4613F90F2B002A04DB4FF031
:105F1000000C00F10F0206E04FF0870CF9E713F8D0
:105F200001094FEAD01C18788CEA400002F80109F8
:105F30008B42F4D1704730B108B558220021FFF7E9
:105F4000FCFE012008BD00207047A0B110B504463A
:105F500010220021FFF7F1FE1022002104F1300091
:105F6000FFF7EBFE0023636400224FF48033C4E9A3
:105F70001423012010BD0020704738B370B50D46C2
:105F80001646044621B358220021FFF7D6FEA66428
:105F900029463046EDF7BAFD102200212046FFF7D2
:105FA000CCFEA26C21462046EDF712FE04F110054E
:105FB00021462846FFF7A6FF294604F12000FFF7F7
:105FC000A1FF2046FFF7C1FF012070BD00207047F0
:105FD0000020FAE7002864D02DE9F0410D4616466E
:105FE0000446002A5FD0002960D0036D426D53EA59
:105FF00002015DD0013B42F1FF3203654265476C0F
:10600000002F3DD0C7F1100846450DD307F13000F1
:1060100043462A4641462044FFF782FE103F3E4455
:1060200045440023636413E007F1300033462A46F9
:1060300031462044FFF774FE636C334463640120EF
:1060400032E0E25CE11891F830104A40E25401334A
:106050000F2BF6D9A26C21462046EDF7B9FD0FE0D3
:10606000E05C15F803C080EA0C00E05401330F2B0C
:10607000F6D9A26C21462046EDF7AAFD1035103E58
:10608000102E01D90023F2E70EB901200CE03346AF
:106090002A46314604F13000FFF742FE66640120D3
:1060A00002E0002070470120BDE8F0810020FBE7FE
:1060B0000020F9E780B338B50C46054671B34A6C49
:1060C000102A03D101F1100C002319E002F1300075
:1060D000C2F1100200212044FFF72FFE636C23441D
:1060E000802283F8302004F1200CEDE7E25CE11817
:1060F00091F830001CF8031048404240E25401334C
:106100000F2BF3D9A26C21462846EDF761FD2046FE
:10611000FFF711FF012038BD002070470020FAE78B
:1061200008B501460068EDF7E7FE08BD08B5EDF7D4
:10613000FFFEEDF729FF08BD0020704708B50023DA
:106140001370CB1E092B1AD8DFE803F005090D11D7
:106150001919191919141146EEF77CF908BD002117
:10616000EEF7D4F8FAE70021EEF748F8F6E7EDF796
:1061700061FFF3E71146EDF7C7FF0020EEE7EDF70B
:10618000D1FF0020EAE708B5EEF748FA08B540B2BB
:10619000EEF73EFB08BD08B540B2EEF747FB08BD81
:1061A00008B512F0010F04D1023140B2EEF750FBF6
:1061B00008BD0021F9E708B500210120EDF79CFE9C
:1061C00008BD0023E1EE103AEFF3148323F004033B
:1061D00083F31488BFF36F8FBFF36F8F704761B67F
:1061E00062B680F31188BFF36F8F704772B60023D9
:1061F00083F31188BFF36F8FBFF34F8F30BF62B649
:10620000BFF36F8F704772B6002383F31188BFF31B
:106210006F8FBFF34F8F20BF80F31188BFF36F8F55
:1062200062B6704743685A1E134206D11F2B06D927
:1062300003681A4205D000207047002070470020F4
:1062400070470120704700B585B00B6801934B681B
:106250008A68202B12D9B3F1004F11D8013BB3FA51
:1062600083F3C3F11F035B0003F03E031343039367
:1062700001A9EEF7AFFC05B05DF804FB0823F5E7D4
:106280003E23F3E7F0B585B0054603A8EDF7BEFA67
:106290000646002424E0B3F5801F20D15768095832
:1062A0009368202B64D9B3F1004F63D8013BB3FA54
:1062B00083F3C3F11F035B0003F03E0343F08853F5
:1062C00043F4302300970191029369462878EEF752
:1062D00081FC0028C0F2A8802B7801332B70013498
:1062E000B44280F0A4802001039901EB0412D3682A
:1062F0001B0D1B05B3F5000F5ED01DD8B3F5001FB5
:106300003AD0B3F5800FC6D1576809589368202B4F
:106310004ED9B3F1004F4DD8013BB3FA83F3C3F12B
:106320001F035B0003F03E0343F0007343F40033AC
:10633000009701910293C8E7B3F1807F56D0B3F183
:10634000007FCCD1576809589368202B68D9B3F1E6
:10635000004F67D8013BB3FA83F3C3F11F035B001F
:1063600003F03E0343F48023009701910293ACE7CE
:106370000823A3E73E23A1E7576809589368202B19
:1063800012D9B3F1004F11D8013BB3FA83F3C3F133
:106390001F035B0003F03E0343F0885343F40023E4
:1063A00000970191029390E70823F5E73E23F3E776
:1063B0000823B9E73E23B7E7576809589368202BAD
:1063C00010D9B3F1004F0FD8013BB3FA83F3C3F1F7
:1063D0001F035B0003F03E0343F0827300970191BB
:1063E000029372E70823F7E73E23F5E75768095859
:1063F0009368202B10D9B3F1004F0FD8013BB3FAAB
:1064000083F3C3F11F035B0003F03E0343F0887383
:1064100000970191029358E70823F7E73E23F5E739
:1064200008239FE73E239DE76FF0150000E0002062
:1064300005B0F0BD08B5EEF71DFC08BD08B5EEF7D8
:1064400023FC08BD08B50B6949699847002008BDC1
:1064500003898B420BD9436803EBC10053F83130F9
:1064600003B170474368002BFBD10020F9E70020FF
:10647000704708B90120704703207047F8B50746F8
:106480000C461546067806F00700FFF7F2FFC6F344
:10649000C106012E28BF0126C5F307222D02ADB289
:1064A0002A43B9880B0243EA112397F806C0FD7905
:1064B000002121606160217860F302012170C9B27E
:1064C00066F3C40121706280A38084F806C0E57180
:1064D000F8BD038A072B10D9C3681A685B680A6085
:1064E0004B604A88130243EA12234B808A881302C6
:1064F00043EA12238B800020704703207047836893
:106500001B68DB6808684A6818605A60002070479A
:1065100000B585B040F8041B0023029301930123CA
:1065200000930B8ACA68042106F00CF905B05DF8E7
:1065300004FB30B583B005460C46084603F0CAFAA2
:1065400045F8044B08232382204650F80C4F03F0F3
:1065500094FB03460022009204F10802022128461F
:1065600006F063FA03B030BD38B505460C4688889E
:10657000EEF754FC20B3E179FFF76AFF10B32378FC
:1065800013F0070304D0022B18D00324204638BD93
:106590000468CCB1A8680F21043006F022FAA8B133
:1065A0002846A0470446A8680F21043006F023FAC5
:1065B0000028EBD1002CE9D10724E7E74468E8E79D
:1065C0000824E3E70824E1E70824DFE70724DDE700
:1065D00010B50C46EEF738FC18B103462046984734
:1065E00010BD0120FCE72DE9F04182B08668002350
:1065F000A6F84C30A6F84E300B78C3F3C103012B3C
:106600002DD805460C469046FFF7AEFF0746C8B9A1
:10661000B6F84E1019B1237813F0180F16D072681F
:106620003368DB68D21A083A69462046FFF726FF2E
:1066300073683268D1685B1A138269462846FFF78F
:106640005EFF0DE00023C8F8003009E0B6F84C000A
:10665000FFF7BEFF07460023C8F8003000E00D2713
:10666000384602B0BDE8F081F8B504460F4616463C
:106670001D46C3B12946A068FFF75BFF079B069A3A
:1066800039462046EEF70AFC20B923689B6A284663
:10669000984700252168304600F088FA216828468E
:1066A00000F084FAF8BD2E461546E3E72DE9F041E7
:1066B00086B005460C4600220392904623E02968E6
:1066C000204600F05FFA0646002855D0214668684B
:1066D000FFF71EFF3146A868FFF72BFF03AA04A9A6
:1066E0002846FFF780FF8046002849D12B689B6A27
:1066F000304698478046002844D1BDF812103846ED
:1067000003F09FFA0122238ADBB104A92046FFF798
:10671000E0FE38BB04F10C070821384603F091FA7B
:10672000228ABDF812309A4221D39DF8103013F01E
:106730000703C4D0022BC2D04FF008080122002664
:1067400000E00026B8F1000F00D0F2B92968204619
:1067500000F02CFA2968304600F028FA404606B0CE
:10676000BDE8F0814FF0090800221646EAE74FF035
:10677000090801220026E5E74FF002080122E1E7BF
:106780000122DFE701220026DCE7039B0193CDF81D
:1067900000803346224604A92846FFF765FFDDE75F
:1067A0002DE9F04782B08146884616469A4605F0A4
:1067B000A5FE00284DD00023CAF8003044462DE045
:1067C000019A63689A420CD01434013517B3B5426C
:1067D0001ED206EB860C08EB8C0CA445F0D8444680
:1067E000EEE72168009807F0CFFA0028ECD1237C6F
:1067F0000BBBA368E168484698470346F0B1012205
:1068000022741434DAF800200132CAF8002002E0C1
:10681000002300E03B4603B93FB997B169464846BB
:1068200005F067FE07460025D0E70021484605F041
:10683000DDFE0746F1E76FF06F0007E06FF0220022
:1068400004E0484605F085FE30B1002002B0BDE806
:10685000F0876FF04C00F9E76FF04C00F6E7F8B501
:1068600005461646034600E0143301EB810405EBB0
:1068700084049C4204D91C68B442F5D1187CF8BD4C
:106880003046E5F75FFE074600E01435AC420BD911
:106890006B68BB42F9D13A462968304607F074FA72
:1068A0000028F2D1287CEAE70020E8E718B10128A7
:1068B00003D10520704702207047FF20704710B5B4
:1068C000002400E00134012C0ADC204600F04CF8E2
:1068D0000028F7D12046FFF7E9FF0028F2DB01E0AE
:1068E0004FF0FF3010BD02780B789A420CD30ED8CF
:1068F00042784B789A420CD30ED842884B889A4201
:106900000CD30ED8002070474FF0FF3070470120A5
:1069100070474FF0FF307047012070474FF0FF3055
:1069200070470120704770B506460C4600F0B8F875
:106930000546304603F06AF8034685F00100013B46
:10694000032B0ED8DFE803F00A080206002304B187
:10695000237070BD0223FAE70123F8E728460023DD
:10696000F5E74FF0FF30F4E770B582B0044646100B
:10697000304600F095F8054600238DF807300DF1FC
:1069800007013046FFF7CFFFA0420CD0A04210D045
:10699000A84202D09DF807308BB1A54214BF002059
:1069A000012002B070BD9DF80730022BEED101200E
:1069B000F7E79DF80730012BEAD10120F1E701202C
:1069C000EFE72DE9F04182B004460D464FEA60083A
:1069D000404600F065F8064600238DF807300DF1BB
:1069E00007014046FFF79FFF0746EDB9A6422CD0AE
:1069F0009DF80730012B1FD04BB90DB1A7422AD00B
:106A0000A6421ED01DB9A64201D0A74225D0022B16
:106A100002D125B3A74224D02A4631462046EEF7BC
:106A200021FD02B0BDE8F08100F03CF84045DFD028
:106A3000A642DDD12020F4E74DB9A74209D01C20A1
:106A4000EFE7B742DED01C20EBE72120E9E71C206E
:106A5000E7E70020E5E70020E3E71C20E1E71C2052
:106A6000DFE70020DDE770B582B00C4616461D4614
:106A700004230DEB03020968EEF722FB50B9BDF8C1
:106A80000430AB4208D1236804332360BDF80620EC
:106A90001344336002B070BD0420FBE770477047B9
:106AA000002070470020704701B95AB100B589B085
:106AB00000236A4619460120EEF7E0FE002009B0E7
:106AC0005DF804FB0020704770B588B006460D469F
:106AD000002400E00134012C0FDC00236A46294623
:106AE0002046EEF7CBFE0028F4D12022314668463E
:106AF00007F04AF90028EDD101E04FF0FF342046BD
:106B000008B070BD10B50446FFF7CCFFFFF7C8FF13
:106B100000231A462146EEF7B1FE10BD022808D028
:106B200009D3033880B2012801D80520704701201D
:106B30007047032070470120704708B50020EBF72D
:106B40003DFF00B5BDB0009017AB019303AB0293BE
:106B50006846FFF7ABFD3DB05DF804FB10B5044699
:106B600002E02046FFF7EDFF0022002304F11000B1
:106B700002F0BBFF01460028F3D110BD08B502F0BA
:106B8000EFFF08BD70B504460D46EFF74BF906461A
:106B900018B12B6B1BB121469847304670BDE27A85
:106BA00004F11801183007F0BFF8F6E748B110B546
:106BB00004464B6B0BB1183098472046FFF7DEFFB9
:106BC00010BD70470023C363A0F840307047C36B0B
:106BD00013B1B0F8400070476FF015007047F8B57A
:106BE00004460E461546C36B83B1B4F84030AB4241
:106BF00033D3E06B2A4631460C3002F0FFFFB4F885
:106C000040305A1B90B2A4F84000F8BD072A15D9AD
:106C10004B881F0247EA1327BFB20837BFB240F6BE
:106C2000AB139A420DD89F420ED8BA420FD8EFF755
:106C3000F9F8E06370B1A4F84070D6E76FF03C005B
:106C4000E3E76FF03E00E0E76FF03E00DDE76FF056
:106C50008A00DAE76FF00B00D7E76FF08A00D4E71D
:106C600038B50B46C16B69B10446B0F8405005B168
:106C70005BB12046EFF7F6F80023A4F84030E36359
:106C8000284638BD6FF01505FAE76FF03C05F7E7C9
:106C900010B50446C06B30B1FFF770FF0020A4F8B8
:106CA0004000E06310BD6FF01500FBE7C06B00B162
:106CB0001830704780697047036813B10023036080
:106CC000037170478B6913B183610B7F03770020D9
:106CD000704791B138B504460D460846EFF710F9F4
:106CE00068B1A369AB4201D0012038BD90F869209A
:106CF000237F9A4205D10120F7E70020704700204A
:106D0000F3E70020F1E708B5EFF7FAF810B16C30BF
:106D1000FAF708FC08BD01B1704708B5EFF766F94E
:106D200008BD70B504460D46EFF7EAF860B10646B7
:106D30002946204600F002FF10B110F1780F04D16F
:106D400006F1380006F0D8FA70BD4FF40042002377
:106D500006F13800FAF7B4FDF6E708B5FFF7AAFF29
:106D600020B102F08DFC033880B208BD0020FCE7A2
:106D700010B58AB00C4605A9EFF734FC69462046E9
:106D8000EFF730FC10220DF101010DF1150006F0B6
:106D9000FBFF0AB010BD08B503780A78934207D10B
:106DA000012B0CD0022B0ED02BB16FF0150008BDBB
:106DB000FFF7DEFFFBE740884B88C01AF7E7406823
:106DC0004B68C01AF3E710220131013006F0DCFFF6
:106DD000EDE700B50346042A0FD0102A1DD0022A81
:106DE00002D000205DF804FB0022027048780A7887
:106DF00042EA00225A800120F4E701201870CA7884
:106E000091F802C04CEA022C91F801E00A7842EABB
:106E10000E2242EA0C425A60E4E70246022002F8DF
:106E2000010BD1F800E0D1F804C08868C968C3F844
:106E300001E0C2F804C09060D1600120D2E710B533
:106E40000446012300F8013B0621F8F775F818B94C
:106E5000A37963F03F03A37110BD0B6803608A88B8
:106E60008B7982808371037823F00203037070476B
:106E70000078C0F3400070471070C0F307235370D0
:106E8000030C9370000ED0701171C1F3072353717E
:106E90000B0C9371090ED171704700B5C3798179DC
:106EA00041EA03214279037943EA0223C27890F848
:106EB00002C04CEA022C90F801E0027842EA0E226D
:106EC00042EA0C4043EA01415DF804FB00207047B0
:106ED000053815280ED8DFE800F00B0D0D0D0D0D4F
:106EE0000D0D0D0F0F0D0D0D0F0D0D0D0D0D0D0FCA
:106EF0000320704702207047012070474B09BFF301
:106F00005B8F50F82300BFF35B8F01F01F01084136
:106F100000F001007047B2F801C0034623F888CBA7
:106F2000D1F800C0C0F888C0B1F804C08979A3F8CE
:106F300004C09971B2F81730A0F89E30B2F8193039
:106F4000A0F8A430B2F81B30A0F8A630D378C370F4
:106F5000002343721B22A0F8BC204FF4A473A0F8B6
:106F6000BE30A0F8C020A0F8C23070472DE9F04133
:106F700004460E4615469846171D3846FFF778FF1B
:106F800078B139463046FFF768FFD5F81130C4F8BC
:106F90000130B5F81530A4F8053001232370BDE8A1
:106FA000F0813946404600F050F90368336082882A
:106FB0008379B280B3716B682360BA88BB79A28091
:106FC000A371ECE770B5C468B4F80160237803B12D
:106FD00070BD0F213046F2F717FE054640B1E37849
:106FE00043720121F2F7CAFC284600F0A5FCEFE746
:106FF000E1783046EFF778FBEAE701F01F0C012358
:1070000003FA0CF372B1490900EB8100BFF35B8F07
:1070100050E8002F1A4340E800210029F8D1BFF3BF
:107020005B8F7047490900EB8100DB43BFF35B8F47
:1070300050E8002F1A4040E800210029F8D1BFF3A2
:107040005B8F704701F01F0201239340490900EB59
:107050008100BFF35B8F50E8002F42EA030140E854
:10706000001CBCF1000FF6D1BFF35B8F134214BFBD
:1070700001200020704738B50446022142F2160074
:10708000F0F7AAF968B1054602210C3002F0B0FD14
:10709000238803800022294642F21600F0F7DCF92B
:1070A00038BD6FF06800FBE770B505460C4603215C
:1070B00040F20640F0F790F968B1064603210C3023
:1070C00002F096FD058084700022314640F20640B1
:1070D000F0F7C2F970BD6FF06800FBE7F8B506463F
:1070E0000F461446062142F22200F0F775F978B1F6
:1070F000054606210C3002F07BFD33880380478073
:1071000084800022294642F22200F0F7A5F9F8BD5A
:107110006FF06800FBE72DE9F04107460E46154683
:107120001C46072142F23200F0F756F9A8B180461A
:1071300007210C3002F05CFD3B8803808670C5702F
:1071400004719DF81830A0F805300022414642F243
:107150003200F0F781F9BDE8F0816FF06800FAE7DE
:1071600008B5F0F763FD08BD08B5C068FFF7F8FF84
:1071700008BD028843889A4217D8052A17D9B3F563
:10718000486F16D88188B1F5FA7F14D2C088A0F173
:107190000A0292B240F6764C62450ED801FB0333E8
:1071A000B3EB800F0BD20120704700207047002006
:1071B0007047002070470020704700207047002073
:1071C000704770B505460C460E2142F22000F0F7DC
:1071D00003F9C0B106460E210C3002F009FD002370
:1071E00003604360836083810580238843806388D4
:1071F0008380A388C380E3880381314642F2200064
:10720000F1F71EF870BD6FF06800FBE710B504469B
:10721000FAF744FE2046F1F7B5F90446FAF756FEB0
:10722000204610BD10B5F0F75BFC044608B12046BF
:1072300010BDF3F77DF804460028F8D1F1F7EAF91C
:10724000F5E7002070470020704710B919B10846D3
:107250007047002070470020704728B139B108B549
:107260000846F1F7BBFA08BD6FF0150070476FF0E4
:1072700015007047A0B110B582B0044606216846DB
:10728000F7F75AFE08B102B010BD9DF8053003F0C3
:107290003F038DF8053069462046FFF7DEFFF2E731
:1072A0006FF01500704700B10120704700238B423A
:1072B00019D200B502E001338B4211D200EBC30EAC
:1072C00030F833C040F201129445F4D1DEF80420C6
:1072D000002AF0D0127812F0010FECD0012000E06B
:1072E00000205DF804FB0020704700207047034633
:1072F00010F4004F0BD1072013F4803F01D000F0B1
:10730000FD0013F4003F01D000F0FB0070470620A1
:10731000F2E74B09BFF35B8F50F82300BFF35B8F9D
:1073200001F01F01084100F00100704738B500F17D
:1073300010040E212046FFF7ECFF80B100250A2142
:107340002046FFF7E6FF08B145F001050D21204674
:10735000FFF7DFFF08B145F00405284638BD0225D8
:10736000EDE72DE9F04182B007460D461646202193
:10737000F0F732F800B3804620210C3002F038FCE0
:1073800004462022002106F0F7FC009433462A46EA
:107390001F21601CF1F7A4FC044648B900224146B5
:1073A0003846F0F759F80446204602B0BDE8F081AF
:1073B000404602F0D5FBF7E76FF06804F4E708B544
:1073C00042F20800FFF7CDFF08BD08B542F2090000
:1073D000FFF7C7FF08BD2DE9F04F89B004460D4601
:1073E00016461F46DDF848809DF84CA09DF850B029
:1073F0009DF8549000230493059306930793B9F1E5
:10740000000F33D1BAF1000F02D0BBF1000F0ED143
:1074100004950596B9F1010F56D0012204A9204622
:10742000FFF7CDFF0346E8B9BBF1000F0CD004977E
:10743000CDF81480B9F1020F4CD0012204A92046E6
:10744000FFF7C3FF034668B91034BFF35B8F54E8FE
:10745000003F43F0040344E80032002AF7D1BFF3B1
:107460005B8F0023184609B0BDE8F08FF1F796F95D
:10747000019065B10022964207D915F83230083BD9
:10748000DBB2012B0FD90132F5E7002343BB77B103
:107490000022904509D917F83230083BDBB2012BA6
:1074A00010D90132F5E70123F0E70023DBB9019899
:1074B000E5F748F809238DF808308DF80900019B9D
:1074C00003939FE70123F1E702AB069301230793A0
:1074D0000222A3E702AB0693012307930222ADE742
:1074E0006FF01503BEE76FF01503BBE708B54368FF
:1074F00013F4806F07D1026912B113F0010F04D0A9
:10750000F1F748FC08BD0020FCE70020FAE701F095
:107510001F0C012303FA0CF372B1490900EB81003F
:10752000BFF35B8F50E8002F1A4340E80021002989
:10753000F8D1BFF35B8F7047490900EB8100DB4353
:10754000BFF35B8F50E8002F1A4040E8002100296C
:10755000F8D1BFF35B8F704700B501F01F02012324
:107560009340490900EB8100D943BFF35B8F50E89A
:10757000002F02EA010C40E800CEBEF1000FF6D168
:10758000BFF35B8F134214BF012000205DF804FBA2
:10759000436813F0080F0BD013F4802F0AD103F4C3
:1075A000C063B3F5806F01D002207047012070479F
:1075B000002070470120704770B586B005460C4624
:1075C000012142F20A00EFF707FFD0B106469CB155
:1075D00001210C3002F01DFB0094072305F110027D
:1075E00003A93046EFF7E6FE0022314642F20A00D8
:1075F000EFF732FF06B070BD00210C3002F009FB3E
:10760000EAE76FF06800F5E708B5FFF7D5FF08BDBA
:1076100008B5183005F070FE08BD0B4639B1116889
:10762000196041688A4209D00023136070471368CB
:10763000036041688A42F7D14360F5E74360F3E7AE
:1076400008B50A460368002101E019461B682BB102
:107650009342FAD1FFF7E1FF012000E0002008BDCE
:1076600007280CD007D80238C0B2042801D801205E
:10767000704700207047082803D10320704702207C
:1076800070470020704770B504460CE083F3118802
:10769000BFF36F8FC0B145688668F1F7F7FE00222F
:1076A00031462046A847EFF31183402282F3128827
:1076B000BFF36F8F206A0028E8D002682262616AF7
:1076C0008142E3D16262E1E770BD08B52838FFF777
:1076D000DAFF08BD70B5044608464D688E68F1F7BC
:1076E000D5FE6FF06D0231462046A84770BD00B54B
:1076F00001F01F0201239340490900EB8100D943A7
:10770000BFF35B8F50E8002F02EA010C40E800CE87
:10771000BEF1000FF6D1BFF35B8F134214BF0120FF
:1077200000205DF804FB4B09BFF35B8F50F823008A
:10773000BFF35B8F01F01F01084100F001007047AB
:1077400070B505460C46032A18D8DFE802F002158A
:1077500002150026042104F10C0002F06AFA2B88BD
:1077600043EA06330380238A043B438002232376C3
:107770002046F0F75BFD70BD0126EBE76FF01500CA
:10778000F9E710B5044627E0013BE36182F3118875
:10779000BFF36F8F2046F1F7BDFEF9F7C3FE1BE084
:1077A00082F31188BFF36F8F51B3EFF3118340223F
:1077B00082F31288BFF36F8FCA68E2610022CA6049
:1077C00083F31188BFF36F8F2046FFF783FF2046B6
:1077D000F1F7A0FEF9F7A6FEEFF31182402383F341
:1077E0001288BFF36F8FE369002BCDD16169002947
:1077F000D6D00B686361A0698142D1D1A361CFE784
:1078000010BD10B50446006918B102F0A9F90023B3
:10781000236110BD38B505460022002305F138006C
:1078200002F063F9034660B19C6900229A61184630
:1078300002F096F9002CEFD021462846FFF74AFFC8
:10784000EAE72846FFF7DDFF0022002305F1580094
:10785000FAF736F838BD38B5BFF35B8FD0F8C430CF
:10786000BFF35B8F63B304460D46837AB3B1A37A4B
:10787000072B28D12046F1F74DFE034630B381682F
:10788000A26B02B1B1B104F13803002204212846F1
:1078900006F009FA01232B73002038BD06210430BD
:1078A000FFF725FF0028E2D02046FFF7B3FF6FF077
:1078B0007F00F2E700220221284606F0F4F9E9E70A
:1078C0006FF07F00E9E76FF07F00E6E76FF07F0081
:1078D000E3E770B504460D461646F1F7E3FD324680
:1078E00029462046F1F702FF70BDBFF35B8FD0F849
:1078F000C430BFF35B8FEBB100B506E0BFF35B8F25
:10790000D0F8C430BFF35B8F93B100F1C402591CAF
:10791000BFF35B8F52E800CF9C4504D142E8001EC4
:10792000BEF1000FF6D1BFF35B8FE7D15DF804FB2A
:107930000020FBE70020704770B582B08578C678DC
:10794000C430BFF35B8F50E8003F5A1E40E800216F
:107950000029F8D1BFF35B8F0193BFF35B8F019CCC
:10796000BFF35B8F012C03D0012D04D002B070BD9A
:10797000F1F72AFDF8E7012EF8D1012CF6D1F1F745
:107980008DFCF3E7F8B506460D461746002403E0E4
:107990006046FFF7D1FF0134AC421BD2C82000FB88
:1079A0000460FFF7A2FF84460028F4D0837A012BFD
:1079B00006D05AB2002AEBD0073BDBB2012BE7D846
:1079C000BCF80030BB4201D16046F8BD6046FFF70D
:1079D000B3FFE0E74FF0000CF6E738B50446008847
:1079E000FFF762FB054610B9A37A072B01D02846A2
:1079F00038BD08212046F1F7C1FFF8E710B504466D
:107A0000F2F750FD2046F1F7FDFC10BD08B5837A72
:107A1000023B062B10D8DFE803F004060F0F0F0C13
:107A20000400002008BD41720021F1F7A7FF0020EB
:107A3000F8E7FFF7D2FFF5E76FF07F00F2E70120EC
:107A4000704738B505460C46F1F748FE034688B145
:107A500005722268C0F88820A188A279A0F88C104D
:107A600080F88E20012282701822A0F8A0202822FF
:107A7000A0F8A220184638BD38B5037A8B421ED133
:107A800004461546072200F18801284606F07CF9D5
:107A9000B8B1E3784BB1072204F18F01284606F014
:107AA00073F9B0FA80F040090AE0072204F1960168
:107AB000284606F069F9B0FA80F0400900E000209D
:107AC00038BD0120FCE78830704708B50B46B0F898
:107AD000BC2009888A4204D1B0F8BEC05A889445B7
:107AE00003D05A88FFF7FAFA08BD6FF07700FBE77A
:107AF00070B505460C460E2142F21300EFF76CFC00
:107B0000C8B106460E210C3002F072F80022026065
:107B10004260826082812B8803802388438063884F
:107B20008380A388C380E3880381314642F2130037
:107B3000EFF792FC70BD6FF06800FBE770B504468C
:107B40000D46B0F89E300A88934207D34A88934284
:107B500004D8B0F8A4208B889A421FD0261D072194
:107B60003046FFF7E0FD70BB2B88A4F8A0306B888F
:107B7000A4F8A230AB88A4F8A830EB88A4F8AA3007
:107B8000BFF35B8F56E8003F43F4007346E80032D2
:107B9000002AF7D1BFF35B8F002070BDB0F8A6209C
:107BA000CB889A42DAD10434BFF35B8F54E8003FAC
:107BB00023F4007344E80032002AF7D1BFF35B8F4F
:107BC0006FF07700E9E729462046F2F76BFAE4E721
:107BD00038B504460D464FF0FF324FF0FF3300201A
:107BE000F2F714FBA37A072B05D1002383610377F7
:107BF0006B7F437738BD01F0B3FF0020FAE7704791
:107C0000704710B50C4643685B699847204601F001
:107C1000A7FF10BD38B504464568036823B16B68FB
:107C200003B1984700232360E3680BB120469847CF
:107C30002B6A0BB12046984738BD10B401F10803F8
:107C400000248C60446D34B1236043650860CA60D1
:107C50005DF8044B704743650365F7E710B5006DA9
:107C600038B1083810F1080408D0846834B1083CF1
:107C700004E0044602E0234620461C4640B1FFF7DC
:107C8000C9FF002CF7D0A368002BF5D0083BF3E721
:107C900010BD08B50431F1F7E3FF08BDF8B505469E
:107CA0000F4614461E46042102F10C0001F0C1FFEC
:107CB000238A043B03804780069B324621462846A0
:107CC000F1F794FDF8BD30B583B00C460023009366
:107CD0000A460521FFF7E2FF054610B9284603B022
:107CE00030BD204601F03CFFF8E72DE9F84380461F
:107CF00017461C469DF82060B21C0120F2F70CFCD0
:107D000088B1054600F10C090221484601F070FFD8
:107D1000078024B132462146484601F06FFF2946CC
:107D20004046FFF7D0FFBDE8F883006D10B108387A
:107D300000E0184650B1838A8B4207D010F1080347
:107D4000F7D080680028F5D00838F3E7704770B5A1
:107D500006460C46F2F70AFB014608221220F2F70B
:107D6000DBFB88B1054608210C3001F041FF238878
:107D7000038063884380A3888380E388C380294687
:107D80003046FFF7A0FF70BD6FF00B00FBE77047B8
:107D90000B4639B11168196041688A4209D0002345
:107DA000136070471368036041688A42F7D14360EB
:107DB000F5E74360F3E708B50A460368002101E0F0
:107DC00019461B682BB19342FAD1FFF7E1FF01205E
:107DD00000E0002008BD002070470346408D5B8B0B
:107DE000984228BF184670470346006820B10268D1
:107DF0001A605968884200D070475A60FCE720B189
:107E000019B1884206D8012070470AB100231380B7
:107E10000020704702B110800020704710F1FF0F62
:107E200001D20E2070474042C0B270470120704717
:107E300010B4D46823782BB90231217001205DF889
:107E4000044B704702318B4205D0038A023B038208
:107E500000201061F3E70120F1E7D06803781BB937
:107E6000043101700120704704318B4206D09168C3
:107E70000B8A043B0B820020106170470120704781
:107E80000120704706207047062070474068704701
:107E900038B50446807AF4F7F1FF0546616951B1BF
:107EA000637A13F0010F04D1436A1B689B68204674
:107EB0009847002363612146284605F00BF838BD3A
:107EC0004B09BFF35B8F50F82300BFF35B8F01F0CA
:107ED0001F01084100F00100704708B5002200238F
:107EE00001F003FE08BD38B504460D46436A43B1B0
:107EF00005F18803626AC5F888206362A26A22B12C
:107F000038BD0C3004F0CEFFF2E7A362F8E708B505
:107F100003680A8AC9681868F4F788FE002008BD5B
:107F200038B505460C4601F10C0001F09AFE0146F9
:107F30002D68238AE268286801F0B8FC002038BD6B
:107F400070B50668736A53B1883B13F1880403D097
:107F5000D3F8884004B1883C0022114604E01C4656
:107F6000FAE7254623462C468BB1834207D05D8D28
:107F7000A94238BF29465B8B9A4238BF1A46002C6B
:107F8000EFD0D4F88850002DECD0883DEAE7438D3F
:107F90008B4202D8448B944209D9408B824238BF2D
:107FA0000246994238BF19463068F4F7BFFE70BDEB
:107FB0002DE9F04182B0064614464FF49572014611
:107FC000206801F061FB207548BB054627683146F3
:107FD0003846FFF755FF28B1237A33B1182B18D054
:107FE0002B4603E0082323751AE00223D6F8088005
:107FF0000193638A0093238AE26831463846C0477A
:10800000002802DB238A984205D0FFF707FF20757E
:1080100006E00423EAE700232375012500E000259C
:10802000284602B0BDE8F08101F01F020123934011
:10803000490900EB8100BFF35B8F50E8002F42EA53
:10804000030140E8001CBCF1000FF6D1BFF35B8FC9
:10805000134214BF0120002070472DE9F04F85B076
:1080600080468946144602921D4641680391FFF7F7
:10807000B4FE2346002202E0198A0A445B68002B02
:10808000FAD1904204D80024204605B0BDE8F08F14
:10809000029801F083FD07464FF0000A86E0198A36
:1080A0000A445B68002BFAD1841A07F10C063046AB
:1080B00001F0E3FD844228D3304601F0DEFD0646A0
:1080C000002E2FD0D9F80440F9683A8A0095B3B24F
:1080D0000A4449460398A047041E58DB0E9B2BB167
:1080E0000F9A214638469847002865D0A346214676
:1080F00007F10C0001F07CFDA2442C44A5B24046DF
:10810000FFF76BFE029B00224AE04046FFF765FE48
:10811000029B002202E0198A0A445B68002BFAD114
:10812000861ACDE7029B987AF4F7A8FE0022002376
:1081300001F0D5FC074650B10146029C204601F0F3
:108140003EFD4046FFF749FE3246234604E05446D2
:108150009AE7198A0A445B68002BFAD1841A07F15E
:108160000C0B584601F089FD844204D3584601F0B7
:1081700084FD0646A6E74046FFF72FFE029B02E07D
:108180001A8A16445B68002BFAD1861B9AE7BAF16B
:10819000000F3FF479AF544676E7198A0A445B68CA
:1081A000002BFAD1904207D9B34505D14046FFF7DD
:1081B00014FE029B002275E7544665E72DE9F04165
:1081C00082B007461446D2F80080D8F80460002335
:1081D000137395220146304601F056FA207340BBD6
:1081E000054639463046FFF721FED8B14046FFF735
:1081F000F4FDA268138AC31A012B1BDD022102F1D0
:108200000C0001F0F5FC0646002301930093A388BF
:10821000A26839464046FFF720FF002805DB308082
:10822000012507E00823237304E0FFF7F7FD20731F
:1082300000E00025284602B0BDE8F0812DE9F041BC
:1082400082B007461446D2F80080D8F804600023B4
:10825000137395220146304601F016FA2073C8B90F
:10826000054639463046FFF7E1FD10B90823237370
:1082700011E0002301930093A388A2683946404689
:10828000FFF7EBFE002801DB012504E0FFF7C6FD48
:10829000207300E00025284602B0BDE8F0812DE9FA
:1082A000F84306460F461446D2F8008093684BB157
:1082B000A3681D78012D13D0022D2ED0002528464D
:1082C000BDE8F883506801210C3001F091FCA060FA
:1082D00033681B7813B901230370E9E70223FBE736
:1082E000336893F80090B9F1000F01D00025E6E75C
:1082F000606804210C3001F07BFCE060078032688C
:10830000E36852885A804046FFF767FD63681B8A1E
:10831000C01A0428D3D84D46D1E733681B78022B06
:1083200001D00025CBE7606812210C3001F060FC21
:10833000E0600780E3683268D2F80150D2F80500A7
:10834000D2F80910D2F80D20C3F80250C3F8060085
:10835000C3F80A10C3F80E204046FFF73EFD6368DD
:108360001B8AC01A122801D80025A8E70125A6E714
:1083700008B5F2F747FD08BDF8B505460C46FFF70E
:108380002CFDA368002203E0B3F810C062445B68D0
:10839000002BF9D1904219D3AC63A668A360F9F71A
:1083A0007DFD31462846FFF7E3FF074630B1A66062
:1083B0000023AB63F9F78AFD3846F8BD2846FFF77E
:1083C0000CFD01462046F4F7E5FCF3E76FF0790772
:1083D000F2E708B5FFF7D0FF08BD70B504460846C0
:1083E0000021FFF76DFD28B1261F54F8043C0BB1A6
:1083F000626B02B170BD5D68002DFBD02A685A60C7
:108400009968A9420FD029463046FFF7E2FF0028BD
:10841000F0DA54F8043C5A682A605D609A68002AD1
:10842000E8D19D60E6E79A60EDE72DE9F84307465D
:10843000446A8CB3883C14F1880503D0D4F8885082
:1084400005B1883D4FF0000846462AE096B1214626
:10845000381DFFF7C9FC0646E0B101462046FFF78C
:10846000B8FF002829DA7B6833607E60BB6873B18F
:10847000A0461AE0B8F1000FE9D02046FFF7ABFCA8
:1084800081464046FFF7A7FC8145E0D10DE0BE6084
:10849000A0460AE0A04608E02546D3E72B462C4636
:1084A0001D4654B1A36B002BD0D0002DF6D0D5F8CB
:1084B0008830002BF3D0883BF1E7BDE8F88370B536
:1084C00004460D4601462846FFF707FD68B10646FB
:1084D00001462046FFF74CFF044608B9204670BD10
:1084E0003146284604F0F6FCF8E76FF00104F5E7A2
:1084F000F8B50446061F50F8045C00F13003BFF3E2
:108500005B8F53E8001F21F0040143E80012002AAA
:10851000F7D1BFF35B8F3DB1636B33B104F1380129
:108520003046FFF7CCFFC0B9F8BD6F68002FF5D01B
:108530003B686B60AA68BA420DD039463046FFF7F7
:108540001BFF0028F0DA6B683B606F60AB68002BA4
:10855000E4D1AF60E2E7AB60EFE705F10C01304634
:10856000FFF7ADFFE0E708B580680430FFF7C0FF14
:1085700008BD2DE9F8438146446A54B3883C14F1A0
:10858000880503D0D4F8885005B1883D00263746C9
:108590000EE009F10C012046FFF791FF0646E0B11D
:1085A000CDB1D5F8883003B1883B27462C461D460F
:1085B0009CB116F1020FECD1002FEAD02046FFF754
:1085C0000AFC80463846FFF706FC8045E1D13C4670
:1085D000E6E72546DAE72B46E7E7BDE8F88338B556
:1085E00004460D46F2F70EFC00B938BD294604F1E9
:1085F0003C0001F0B1FAF8E730B587B00546F2F774
:10860000F5FB8446EE4604460FCCAEE80F0094E836
:1086100003008EE803000023CCF80030CCF80430CF
:10862000CCF80830CCF80C30CCF81030CCF8143042
:108630002846FFF72DFC9DF804300BB907B030BD7C
:108640006846F2F747FCF9E738B505460C4601F1F4
:108650000C0001F006FB0146238AE26828680068E6
:1086600001F024F900221E212846F2F761FC18B11E
:1086700001462846FFF7B3FF002038BD01B9704717
:108680002DE9F041064615461C460F4604220121FD
:10869000F2F74EFC804658B104210C3001F0A8FAE4
:1086A0000770A0F80150C47041463046FFF797FFAD
:1086B000BDE8F08130B585B005460C4601F10C00EF
:1086C00001F0CFFA0346E268218A0291019200216B
:1086D00000910A462846F2F7DBFC05B030BD30B504
:1086E00085B005460C4601F10C0001F0BAFA0346CC
:1086F000E268218A02910192002200921322122143
:108700002846F2F7C5FC05B030BDF0B589B0054686
:1087100008460C7C043CE4B2022C01D0102C42D15F
:1087200004210C3001F095FA068847882246011D85
:1087300001A8FEF74EFBC8B30DF1160239463046CC
:10874000FFF75DFBF0B100238DF818304FF4205394
:10875000ADF81A3006A901A8FEF71DFB58B1002399
:108760008DF81C3042F60103ADF81E3007A901A8B0
:10877000FEF711FB78B93B46324601A92846F2F7CD
:1087800061FD11E00123BDF8162010212846FFF7F6
:1087900075FF002008E01023324619462846FFF7EF
:1087A0006DFF002000E0042009B0F0BD0E20FBE7C3
:1087B00000B583B0CA681388528800920D220C213C
:1087C000F2F722FE03B05DF804FB00B583B0CB687E
:1087D0001B88002200920B220A21F2F715FE03B03B
:1087E0005DF804FBF0B587B0054608460C7C043CF8
:1087F000E4B2022C01D0102C23D104210C3001F062
:1088000028FA068847882246011D01A8FEF7E1FAEA
:10881000C8B10DF1160239463046FFF7F0FA38B10B
:108820003B46324601A92846F2F740FE07B0F0BDAC
:108830000123BDF8162008212846FFF71FFF00205E
:10884000F4E70420F2E70E20F0E72DE9F04387B0CB
:1088500007460C46062104F10C0001F0FAF90588E0
:108860004688B0F80480D4F80C900DF10E02314621
:108870002846FFF7C4FAD0B100238DF81030ADF8C8
:1088800012808DF814304FF42053ADF8163005A93E
:1088900004A8FEF780FA98B9237C00934B46324631
:1088A00029463846F2F748FE07B0BDE8F0830123B9
:1088B000BDF80E2006213846FFF7E0FE0020F3E762
:1088C0000A232A4606213846FFF7D8FE0020EBE7A8
:1088D00070B582B00446CB681D885E880DF1060233
:1088E00031462846FFF78BFA30B1324629462046FA
:1088F000F2F766FE02B070BD0123BDF80620042128
:108900002046FFF7BBFE0020F4E7F8B504460D460D
:10891000FFF761FA70BBEB681E88B3B2162B2BD938
:1089200003212046F2F75EFC074638B302210C30E3
:1089300001F05EF900256FF00803037045703946B9
:108940002046FFF74CFEF7236383668523681B6888
:108950000433BFF35B8F53E8001F41F4805143E8B9
:108960000012002AF7D1BFF35B8F2046FFF7E8FA29
:108970002846F8BD0620FCE70420FAE70E20F8E7B9
:1089800008B5F3F7F7FA08BD38B5F1F7F5FEF0B121
:10899000406A48B1883810F1880403D0D0F8884084
:1089A00004B1883C002504E00446FBE7234620464A
:1089B0001C4668B1FFF711FAA84200D90546002C01
:1089C000F4D0D4F88830002BF1D0883BEFE70025B5
:1089D000284638BD08B500230A8AC968F2F75CFE4C
:1089E00008BD08B500230A8AC968F2F755FE08BD1C
:1089F00008B500230A8AC968F2F74EFE08BD08B51B
:108A000000230A8AC968F2F747FE08BD08B50023AB
:108A10000A8AC968F2F740FE08BD08B500230A8A31
:108A2000C968F2F739FE08BD08B500230A8AC9688B
:108A3000F2F732FE08BD08B500230A8AC968F2F7CA
:108A40002BFE08BD08B500230A8AC968F2F724FE88
:108A500008BD08B500230A8AC968F2F71DFE08BDE3
:108A600008B500230A8AC968F2F716FE08BD70B57A
:108A70000446CE6833889AB2162A0CD90D46F722DE
:108A800042834385FFF75CFA00232A8A3146204659
:108A9000F2F702FE70BD042300221146F2F7FCFD3E
:108AA000F8E708B500230A8AC968F2F7F5FD08BDA2
:108AB00010B50446014651F8880B2430FFF77BF9C6
:108AC00002E0184601F04CF80022002304F13C00BB
:108AD00001F00BF803460028F3D1A36B33B16FF01C
:108AE0006703002211462046F2F7D6FD002344F822
:108AF000343BBFF35B8F54E8003F23F0010344E8AD
:108B00000032002AF7D1BFF35B8F10BD38B50446A1
:108B100050F8045C25B10438FFF7CAFF6B6A03B153
:108B200038BD2846F2F70AFE2068F4F71BF9F7E78C
:108B300038B50C46F1F720FE48B1054621460C3009
:108B400001F00AF82846FFF714FD002038BD204642
:108B500001F006F86FF07F00F8E738B505460C46DF
:108B6000F9F79CF92846F1F707FE68B103460022A1
:108B7000226082686AB1146084601846FFF755FC71
:108B8000F9F7A4F9002038BDF9F7A0F96FF07F00DC
:108B9000F9E784604460F0E758B370B50D4639B327
:108BA000F1F7EAFD064618B3406A40B1883810F183
:108BB000880409D0D0F8884034B1883C04E00446E9
:108BC00002E0234620461C4658B12946F2F758FEDB
:108BD00070B9002CF5D0D4F88830002BF2D0883B47
:108BE000F0E72946301DFFF7E6F82846F2F744FD86
:108BF00070BD704710B50C46F1F7BEFD014600B3DD
:108C0000436A13B1883B00E0883B6BB1986BC26844
:108C1000A24216D013F1880204D0D3F88830002B7A
:108C2000F2D1F2E71346F0E7486850B1C368A342B7
:108C300007D0034600680028F7D0002BF5D118466E
:108C4000F3E710BD0120704708B5F1F795FDB8B105
:108C5000436A03B1883B9BB103F13402BFF35B8FDE
:108C600052E8000F20F0080042E800010029F7D187
:108C7000BFF35B8FD3F88830002BECD0883BEAE75A
:108C800008BD08B50421FFF750F820B103213030AA
:108C9000FFF716F908BD0020FCE770B50E46154633
:108CA0001C46F2F7A3F8C66005610123C380047572
:108CB00070BD0B4639B11168196041688A4209D00C
:108CC0000023136070471368036041688A42F7D13C
:108CD0004360F5E74360F3E708B50A4603680021FF
:108CE00001E019461B682BB19342FAD1FFF7E1FF6F
:108CF000012000E0002008BD0023B3EB510F10D28B
:108D000000B510F803C0CA1A013A10F802E000F8E2
:108D100003E000F802C00133B3EB510FF1D35DF86B
:108D200004FB7047B0F800C0624512D300B5B1F83B
:108D300000E0734508D9624500D202800A88934258
:108D400004D90B80012002E0002000E001205DF842
:108D500004FB624500D202800A88934202D90B804C
:108D6000012070470120704710B5002301E0013356
:108D70009BB2022B19D84FEAD30CB2EBD30F12D906
:108D800000EB0C04247A03F0070E24FA0EF414F01E
:108D9000010FECD011F80C4024FA0EF414F0010F7E
:108DA000E5D1002016E0002300E00023934210D21A
:108DB0006BB9C41894F808C011F803E00EF0070E60
:108DC0004CEA0E0C84F808C001339BB2EEE7012098
:108DD00000E0012010BD10600020704708B50A4671
:108DE00000210B463BB15389994203D05181D3688E
:108DF00003B1984708BD03EB830C02EB4C0CBCF8A5
:108E000008C08C4500D961460133EBE7FF2801D843
:108E1000C0B270470E20704770B5049CA6683EB182
:108E200005460846FFF7F2FF024621462846B047AE
:108E3000A37D013BDBB2A375E26812B10BB92046FA
:108E4000904770BD10609180002070478068B0FA34
:108E500080F040097047F8B50C4673B105461146DD
:108E60001E4603F1180204F10800FFF722FF3768DD
:108E700000231A4631462846B8472046FFF7E6FF4A
:108E800000B9F8BD2046F2F725FDFAE7012070474A
:108E900070B50446049D2E680846FFF7B7FF0146EB
:108EA0002A462046B04770BD70B582B00446069D84
:108EB000084679B973B1009313462A46002120462B
:108EC0002E68B0472E68002100910B462A462046A6
:108ED000B04708E02E68FFF799FF01460023009392
:108EE0002A462046B04702B070BDF0B589B006688A
:108EF0003578002D60D1074614467388B3F5245F9A
:108F000019D013D903F55643FF339BB2042B59D81C
:108F1000ADF80A1002220DF10A012046FDF75AF8B9
:108F2000002839D16FF01503A36546E0A3F520535F
:108F30009BB2032B44D8ADF80A1002220DF10A01AE
:108F40002046FDF747F818B96FF01503A36534E024
:108F50007388ADF80A3002220DF10A012046FDF7B0
:108F600039F878B17E6800200090132303AA3946AF
:108F7000B047021E0ADB03A92046FDF72BF838B1E3
:108F800001251AE06FF01503A36516E0A26514E051
:108F90006FF01503A36510E07388ADF80A30022264
:108FA0000DF10A012046FDF715F808B1012504E08E
:108FB0006FF01503A36500E00125284609B0F0BD58
:108FC0000125FAE70125F8E74B09BFF35B8F50F85D
:108FD0002300BFF35B8F01F01F01084100F0010087
:108FE000704701F01F0201239340490900EB810003
:108FF000BFF35B8F50E8002F42EA030140E8001CFA
:10900000BCF1000FF6D1BFF35B8F134214BF0120F8
:10901000002070474B7803B97047D0F88830C1F80A
:109020000130B0F88C2090F88E30A1F80520CB717B
:10903000F2E700B501F01F0201239340490900EB5C
:109040008100D943BFF35B8F50E8002F02EA010C87
:1090500040E800CEBEF1000FF6D1BFF35B8F1342A4
:1090600014BF012000205DF804FB08B539B10021D0
:109070000C30FFF7B6FF80F00100C0B208BD002140
:109080000C30FFF7D6FFF9E708B5FFF7EEFF08BD94
:109090002DE9F8430746F2F79BFC002842D08046B2
:1090A0008468002C3AD0183C14F1180502D0A56948
:1090B00005B1183D4FF000090DE00023238223463F
:1090C0004A4641463846FFF7C6FE4DB3AB6903B189
:1090D000183B2C461D462CB304F11406BFF35B8FDE
:1090E00056E8003F23F0080346E80032002AF7D193
:1090F000BFF35B8F07F18801387AFEF7A4F80028E8
:10910000DBD000213046FFF75FFF0028D5D1414674
:109110003846FFF77FFF04F11809D6E72546C9E76F
:109120002B46D6E7BDE8F8830023036043608360E5
:10913000704708B5F2F700FC08B1FFF7F5FF002013
:1091400008BD08B5022A03D0F2F7CAFD022008BD07
:1091500000231A4600F18801007AF2F783FCF5E754
:1091600000238360704738B504461546FFF76AFD53
:1091700048B93DB904F18801207AF2F7DDFB08B166
:10918000FFF7EEFF38BD2046F2F7B0FB0028F0D025
:10919000027A12F0010FECD00121FFF775FFE8E72A
:1091A000994222D838B505460C4691421FD3049BFC
:1091B00023B101681846FDF7EEFDD0B9059B2BB130
:1091C000EB68059A934201D0012011E0069B1B88B1
:1091D000013B069A1380089A21462846079B984728
:1091E000069B1B8823B9002002E000207047012065
:1091F00038BD0120FCE738B505460C464FF4702019
:109200000021F2F711FA034608B14560C460184620
:1092100038BD2DE9F04383B00646084615461C4686
:109220009DF828800B9F0097434622462946FFF76A
:10923000E2FF68B381463A4641463046F1F796FF71
:109240008046B8B19DF8303000221146FFF725FD69
:10925000C9F808802A4639464046A047044678B9EE
:1092600049463046FFF779FC044668B9204603B00A
:10927000BDE8F0834846F2F7FFF96FF00B04F5E71D
:109280004846F2F7F9F9F1E74846F2F7F5F9EDE764
:109290006FF00B04EAE708B502210C3000F0A8FCDF
:1092A000034600206FF008021A70587008BD10B510
:1092B000144602210C3000F09BFC2389038000201F
:1092C00010BD10B5144604210C3000F091FC238928
:1092D000038063894380002010BDF0B587B0064647
:1092E0000C9D084609B9144653B92C68FFF78EFD4A
:1092F0000146002300932A463046A04707B0F0BD40
:109300001A46214603A800F069FC0AE00094831C79
:109310002A46002130462F68B847214603A800F0AE
:1093200098FCBDF81030012B0AD9022103A800F0E7
:1093300090FC0388BDF81040A342E7D81C46E5E73F
:109340002C68002100910B462A463046A047D5E7FD
:1093500070B506461546002408E0AB6833F81410D3
:1093600006F10C0000F05CFC0134E4B26B689C4236
:10937000F3D3002070BD70B506461546002408E002
:10938000AB6833F8141006F10C0000F049FC01340E
:10939000E4B26B689C42F3D3002070BD38B514462C
:1093A00000F10C050221284600F022FCE38903802D
:1093B000218A284600F034FC1434BFF35B8F54E854
:1093C000003F43F0040344E80032002AF7D1BFF322
:1093D0005B8F002038BD38B5144600F10C05042120
:1093E000284600F005FC2389038063894380E168F7
:1093F0000B782BB94988284600F012FC002038BDB4
:1094000010220131284600F0F9FBF7E770B5044659
:10941000F2F76CFA50B1054604F188063146207A1D
:10942000FDF711FF18B92846F2F78AFD70BDD4F890
:109430008830C5F80130B288B379A5F80520EB7102
:10944000F4E710B5BDF80810BDF81040A1420CD8E3
:109450001046641AA342A8BF23469CB22246039B2F
:10946000194404F061FC204610BD6FF00604FAE7D1
:1094700010B586B00C24ADF810402424ADF812408D
:109480000024ADF814404FF44864ADF816400824A9
:10949000029404AC0194BDF820400094FFF7D1FF82
:1094A00006B010BDF0B587B004460D4616461F46FF
:1094B000FDF7C7FEADF81600022302930DF1160367
:1094C0000193BDF8303000933B4632462946204692
:1094D000FFF7B7FF07B0F0BD2DE9F04184B00446B7
:1094E0000D4616461F46EFF759F98046E3F72AF86E
:1094F00080B20290CDF80480BDF8283000933B463E
:10950000324629462046FFF79CFF04B0BDE8F081B3
:10951000F0B587B004460D4616461F4600238DF869
:109520001430F2F7E3F910B1037A8DF81430012307
:10953000029305AB0193BDF8303000933B463246B1
:1095400029462046FFF77DFF07B0F0BD70B586B015
:10955000BDF82850CC68267846B101341026029612
:1095600001940095FFF76DFF06B070BD6488ADF8FB
:109570001640022402940DF1160401940095FFF7A1
:1095800060FFF1E7F0B587B005460C4616461F466A
:10959000C968F2F7F5F990B10389ADF816300223E6
:1095A00002930DF116030193BDF8303000933B4652
:1095B000324621462846FFF744FF07B0F0BD00239E
:1095C000ADF81630EBE7B8B110B582B00446002311
:1095D0008DF8043042F60303ADF8063001A90068A7
:1095E000FDF7D9FB50B9E368988840B92046F2F7F7
:1095F000EFFC013080B202E000207047002002B092
:1096000010BD2DE9F0418AB005460C4616461F46AE
:10961000D1F80C8098F806308DF814300846FFF722
:10962000D2FFADF81500D8F800100B7893B94B882D
:10963000ADF817300523029305AB0193BDF8403018
:1096400000933B46324621462846FFF7FAFE0AB011
:10965000BDE8F081D1F801C0D1F80500D1F80920AA
:10966000D1F80D30CDF817C0CDF81B00CDF81F2074
:10967000CDF823301323DEE708B5F2F7C1FD08BDAE
:1096800008B5FFF781F908BD12F0010F05D04B8A2C
:1096900013F0950F11D04B688BB112F0020F05D06B
:1096A0004B8A13F4957F0CD08B6863B14B8A1340BF
:1096B00013F4DE7F09D1002070470220704702209A
:1096C0007047032070470320704705207047837A56
:1096D000072B01D000207047F0B589B005460C4635
:1096E0001646086800238DF8043042F60303ADF8EF
:1096F000063001A9FDF74FFB50B9E3689B7913F0E1
:10970000300F01D109B0F0BD2046F2F7A1FD0446AB
:10971000206800238DF8083042F60213ADF80A30B5
:1097200002A9FDF738FB002836D1206800238DF808
:109730000C3042F60213ADF80E3003A9FDF72BFBF7
:1097400078B3206800238DF8103042F60303ADF89B
:10975000123004A9FDF71FFB18B3206800238DF811
:1097600014304FF42053ADF8163005A9FDF713FB64
:10977000B8B1206800238DF8183042F60103ADF827
:109780001A3006A9FDF707FB58B12046F2F760FD35
:1097900004460028C9D1B5E72046F2F759FD044632
:1097A000C3E7206800238DF81C3042F60213ADF8A1
:1097B0001E3007A9FDF7EFFA20B9E76800241CB1B5
:1097C00000209FE700209DE704EB840307EB4302A2
:1097D000013217F813102846FEF74EF930B104EBAA
:1097E000840307EB43031B8933428BD10134E6E743
:1097F000F0B583B00546089E0846B9B91C46ABB122
:109800007368F3B100941346324600212846376846
:10981000B847A0B1338A013B9C4218DA3468002172
:1098200000910B4632462846A04708E03468FFF70F
:10983000EDFA01460023009332462846A04703B0C4
:10984000F0BD234631462846F3F7EAF8F7E7738977
:109850001C44748131462846F3F7B4F80028EEDA48
:1098600034680023009332460E212846A047E6E7DD
:1098700070B582B004460D46F8F710FB2946204625
:10988000FFF7B8F978B1014646682046FFF784F93A
:10989000F8F71CFB2EB1009500231A460E21204636
:1098A000B04702B070BDF8F711FBFAE72DE9F047B9
:1098B00080460F4691469A46F2F78AF850B384687C
:1098C00024B3183C14F1180509D0A5693DB1183D21
:1098D00005E0EDB1AE6906B1183E2C463546CCB177
:1098E000A3899F42F5D121464046FFF7CFFA0028D1
:1098F000EFD0266853464A4621464046B0470028E6
:10990000E7D121464046F3F739F9E2E72546E6E795
:109910002E46E2E7BDE8F0872DE9F04107460C4608
:10992000F1F7E4FF002842D00646037A13F0010F56
:1099300003D101252846BDE8F08100F10C08002183
:109940004046FFF741FB05460028F3D10CB92546F8
:10995000F0E701214046FFF76CFB0546F8B93846B1
:10996000FFF770F905460028E4D03846FFF789F97B
:1099700005460028DED0BFF35B8F58E8003F23F098
:10998000020348E80032002AF7D1BFF35B8F384664
:10999000FFF75AF901213046FFF776FBCAE7384650
:1099A000FFF752F901213046FFF76EFBC2E70125B0
:1099B000C0E7F0B583B007684FF0FF324FF0FF33D8
:1099C00000210846FEF765F9044600F10C06012166
:1099D000304600F00DF9052505700121304600F0F4
:1099E00007F9057000230093224606213846FEF74A
:1099F00055F910B9002003B0F0BD204600F0B0F8D2
:109A0000F8E76FF0850070470020704708B5F5F75C
:109A100031FE08BD2038704738B50446037F1B333C
:109A200023F00303028B521A856A03FB0255F3F7F6
:109A300019FAA872237FEB72284638BD70472DE9CA
:109A4000F04104460D4617461E46807AF3F716FA93
:109A5000436A1B68D3F800803A46334629462046BD
:109A6000C047BDE8F08138B50446807AF3F706FABE
:109A70000546616951B1637A13F0010F04D1436A5D
:109A80001B689B682046984700236361214628464F
:109A900003F020FA38BD10B50446807AF3F7EEF9EA
:109AA000037F1B3323F00303826AA41AB4FBF3F091
:109AB00010BD70B504460D46807AF3F7DFF9436AAE
:109AC0005A689E682E6015682046FFF7E4FF00FB89
:109AD000065070BD002303824369C360704708B518
:109AE000416A8968F3F7D2F908BD08B5F7F7E0FCD9
:109AF00008BDEFF31182402383F31288BFF36F8F09
:109B000000230B60436833B11960416082F3118810
:109B1000BFF36F8F704741600160F7E70346EFF3D3
:109B20001182402181F31288BFF36F8F006870B1FA
:109B300010B4016819605C68A04206D082F31188F5
:109B4000BFF36F8F5DF8044B70475960F6E782F3FF
:109B50001188BFF36F8F704708B503F0AFF908BDE8
:109B600038B5044603E02046FFF77DFF2C4684B15C
:109B70006568237A013BDBB2237253B9E36063600B
:109B8000A07AF3F77BF9036A002BECD020469847C4
:109B9000ECE738BD027A013202727047034618467C
:109BA0005B68002BFBD1704770B504460D464668D4
:109BB0001EB10846FFF7F2FF4660656070BD38B51C
:109BC0000D4638B10446FFF7E9FF2946FFF7ECFFE1
:109BD000204638BD0846FFF7DDFFFAE781600160E7
:109BE00092B2C2808280704783680B4403607047E2
:109BF0000268838819448180D018704738B50D46B3
:109C000014461146FFF7F4FF2246294604F08CF86B
:109C100038BD10B50C460121FFF7EAFF047010BDF6
:109C200010B50C460221FFF7E3FF0470240A4470CC
:109C300010BD03460068401A18609A880A449A804A
:109C4000704703468288521A828000680844186070
:109C50007047034600689A88521A9A800144196036
:109C6000704710B503681C880221FFF7EAFF204601
:109C700010BD02688068101A704738B50446C58860
:109C8000FFF7F7FF2D1AA088281A38BD93781B021A
:109C900003F4E06392F803C04FEA0C3C0CF4805CE0
:109CA00043EA0C0392F804C04FEA0C4C0CF4E02C8D
:109CB00043EA0C0392F800C00CF0030C43EA0C03D7
:109CC00092F801C04FEA0C1C0CF0300C43EA0C0374
:109CD00092F805C04FEA0C5C0CF4801C43EA0C03BC
:109CE0009279120602F08072134300EB0110C0F863
:109CF000183570474800704740B344F2280290423C
:109D000034D844F20302904233D3A0F58043033B9E
:109D1000252B31D8DFE803F0133016303030301AFD
:109D2000303030301E303030302230303030303053
:109D3000303030303030303030303030302600206D
:109D40000870704701230B700020704702230B70CE
:109D50000020704703230B700020704704230B7012
:109D60000020704705230B70002070476FF015002E
:109D700070476FF0150070476FF01500704708B519
:109D8000BFF35B8F50E8003F5A1C40E800210029D8
:109D9000F8D1BFF35B8F1BB16FF00F03036708BDF2
:109DA000F3F706F9FBE708B50838FFF7E8FF08BD49
:109DB00008B540304FF0FF324FF0FF33F7F7DAFBD2
:109DC00008BD10B5044658304FF0FF324FF0FF3356
:109DD000F7F7D0FB00B12067206F10BD38B584467F
:109DE0000D4600F1740E0C460FCCAEE80F00236850
:109DF000CEF800300023CCF870302B6853B10CF152
:109E000088040FCB84E80F00CCF874400023ACF832
:109E1000983018B96046F3F7CBF838BD0023BFF38C
:109E20005B8F5CE8002F4CE800310029F9D1BFF3CB
:109E30005B8F6046F3F7D2F9EFE708B5836C03B1A7
:109E400008BD4030F7F76EFBFAE710B50446436FE4
:109E50000BB30846D4F88C3043B1B4F8982004F121
:109E60007401984701280DD002280ED0B4F898301C
:109E7000B4F89420934213D20133A4F8983000210F
:109E80000B4604E00121002301E00021012353B12E
:109E9000D4F8883013BB04F15800F7F743FB10BD2A
:109EA00000210123F3E72046F3F794F8D4F8883033
:109EB0001BB92046F3F77CF8F1E7BFF35B8F54E85A
:109EC000003F5A1E44E800210029F8D1BFF35B8F00
:109ED000012BE4DD2046F3F76BF8E0E704F108001E
:109EE00003F059FDD7E7034619B101290CD0002032
:109EF0007047D3F81804C0F300407AB1D3F818348F
:109F000003F0030313607047D3F80C04C0F3004060
:109F100022B1D3F80C3403F00103137070470069C9
:109F200001EB41018900383108447047406801EB7A
:109F3000410100EB810070470069C1EBC10100EBFA
:109F40008100704708B5C9B2FFF7E9FF806800F0EB
:109F5000070008BDEFF31182402383F31288BFF39B
:109F60006F8F036813F0C00301D08B4207D1012328
:109F70000360002082F31188BFF36F8F70474FF0AA
:109F8000FF30F7E7EFF31182402383F31288BFF32A
:109F90006F8F036803F0C00C03F00703012B08D098
:109FA0008C4509D04FF0FF3082F31188BFF36F8FDB
:109FB000704701600020F7E76FF07700F4E7EFF3F8
:109FC0001182402383F31288BFF36F8F036803F07D
:109FD000C00343F00203036082F31188BFF36F8F65
:109FE0007047F8B506460C46FFF799FF05684768C5
:109FF000002340F8083BFFF7E2FF1DB13A46214637
:10A000003046A847F8BD70B506461546CCB2214685
:10A01000FFF785FF29460830FFF79CFF002806DB85
:10A0200021463046FFF782FF43689847002070BD05
:10A0300008B58022FFF7E7FF08BD2DE9F04106468D
:10A0400090461F46CDB22946FFF769FF04460699A0
:10A050000830FFF797FF002809DBC4F8008067602D
:10A0600029463046FFF762FF036898470020BDE8A5
:10A07000F08110B582B080240094FFF7DEFF02B0BB
:10A0800010BD10B51446C9B2FFF756FF0021A04716
:10A0900010BD08B50120F5F783F908BD08B501200A
:10A0A00000F07EFF08BD08B5002000F079FF08BD74
:10A0B00008B520EAE070C117C90341EA5041C00366
:10A0C00040F2E733C0184FF47A724FF0000341F1C9
:10A0D0000001D2F715FDF7F7B3FF08BD08B510462C
:10A0E000F7F720FA08BD08B5F3F794FA0020F5F762
:10A0F00057F908BD4278837890F803C09A1A3CEA71
:10A10000020207D0C2185171013303EA0C038370B5
:10A11000002070476FF068007047002303704370A1
:10A1200083700139C170027170470020704738B5E3
:10A130000C461546EEF726FB20B129462046EDF7E2
:10A1400005FD38BD6FF00A00FBE74B6803444B6028
:10A150000B6803440B608B681B1A8B60704738B523
:10A1600004460D4601F0D6FD002C06DBA04206D9C0
:10A17000001B854205D9002000E0002038BD0020EA
:10A18000FCE70120FAE770B5044601F0C7FD06467A
:10A19000237B0BB9002504E000F023FFFAE7A36856
:10A1A0008BB16068F5F7EAFEA3689B1BA360636848
:10A1B000334463600135237B002BF0D02846F5F74C
:10A1C000FBF90028EBD0A068003818BF012070BD53
:10A1D00000B585B00023009301930293039301908F
:10A1E00002916846FFF7CFFF05B05DF804FB38B574
:10A1F0000446037BCBB90125A368032B18D9236838
:10A200001968606801F07AFD21460420FFF79DFF80
:10A210000135237B002BEFD02846F5F7CDF9002838
:10A22000EAD0F3F7A5FB012005E000F0DAFEE2E753
:10A23000F3F79EFB002038BD00B585B0009101907A
:10A24000029200238DF80C306846FFF7D0FF05B06E
:10A250005DF804FB70B582B00D4616461C46826858
:10A2600000232360A36013696A4601A9984714E09C
:10A270002068281AB0FBF2F01B68984228BF1846E5
:10A28000236800FB02332360A3680344A360019B9F
:10A290001A68824211D808330193009B5A1E00921B
:10A2A0003BB1019B5A686260002DE1D1A068301A71
:10A2B000E2E76FF0150002B070BD0020FBE708B5C3
:10A2C00013460022FFF7C6FF08BD2DE9F04786B010
:10A2D0008946904683681B6901AA05A9984700240E
:10A2E0002646A246019B534514D9059F07EBCA0792
:10A2F0007B680393002503E0039B1C440136013572
:10A300003B68AB4209D902940496414602A8C8476B
:10A310000028F1D106B0BDE8F0870AF1010AE1E7B3
:10A320000B4639B11168196041688A4209D000238F
:10A33000136070471368036041688A42F7D1436035
:10A34000F5E74360F3E708B50A460368002101E03A
:10A3500019461B682BB19342FAD1FFF7E1FF0120A8
:10A3600000E0002008BDF0B51C46059E069D00F0EB
:10A370001F0C40092FD14FF0A04E0CF5E0735EF892
:10A38000233059B301205AB30227384354B30C2762
:10A3900038434EB34FF4E06738433DB34FF4403792
:10A3A000384323EA000019B30B781AB3127852002D
:10A3B00013430CB3227892001343FEB13278120299
:10A3C0001343EDB12A781204134303430CF5E07CE8
:10A3D0004EF82C30F0BD4FF0000ECEE70020D2E753
:10A3E0000027D2E70027D3E70027D5E70027D7E7E4
:10A3F0000023DAE70022DBE70022DDE70022DFE7C7
:10A400000022E1E770B504460D461646036833B1F5
:10A41000FFF799FF70B91EB96FF0150006E032B171
:10A4200023682B602560636843B1002070BD6FF026
:10A430001500FBE7002EF3D10020F7E76560002050
:10A44000F4E770B50E461546016821B10C683CB1C1
:10A4500031B90C4604E00C4602E0234621461C4676
:10A4600071B18A682A4002D04B6830469847002C68
:10A47000F3D02368002BF1D0002CEFD12346EDE779
:10A4800070BD0069003818BF0120704710F0100F30
:10A4900004D110F0200F03D1002070470320704733
:10A4A0000120704743685B68D3F810350B600020CB
:10A4B000704743685B6802EA010021EA0201C3F8C1
:10A4C0000805C3F80C150020704743685B68C3F8A3
:10A4D00008150020704743685B68C3F80C1500201E
:10A4E000704743685A68D2F8043521EA03000B40EC
:10A4F000C2F80805C2F80C3500207047B0F5800F8F
:10A5000007D0B1F1C06F0DD0B1F1007F08D00120AC
:10A510007047B1F1007F01D00520704704207047DB
:10A52000022070470320704708B500690430FFF728
:10A5300069FF08BD10B500F01F044009F3F73CFBAC
:10A5400030B1014600690122A2400430FFF779FFD3
:10A5500010BD10B582B0044601AA00F01CF8002816
:10A5600005DB019B226819791868F3F74DFE02B0EC
:10A5700010BD10B50446002201210320FBF710FE98
:10A5800063680021D869FFF7E4FF002802DB20465A
:10A59000F3F728FD10BD10B44368136001E00833E1
:10A5A0001360136890F808C0446804EBCC0C634552
:10A5B00005D293F805C08C45F1D1002001E06FF081
:10A5C00001005DF8044B704700B5A2F5807E4FEAAC
:10A5D0009E0E4FF0010C0CFA0EFC1CEA010F0DD080
:10A5E000815809B900200AE00021815082581BB12E
:10A5F0001A684CEA02021A60012000E000205DF8AF
:10A6000004FB70B582B006460D460024019409E0B3
:10A61000A20001AB02F5A07229463046FFF7D4FF35
:10A620000134E4B2032CF3D915F0010F02D0D6F8AF
:10A63000003143B915F0020F02D0D6F8043163B9E6
:10A64000019802B070BD0023C6F80031D6F8003181
:10A65000019B43F001030193ECE70023C6F80431AA
:10A66000D6F80431019B43F002030193E8E7401A56
:10A6700020F07F40704700F150039B009BB203F134
:10A68000804303F588331868003818BF01207047ED
:10A6900000F150039B009BB203F1804303F5883324
:10A6A00000221A601B68704720F07F407047EFF36C
:10A6B000108072B6704780F310887047F0B585B08F
:10A6C000044617461D46F3F765FE06469DF83030F2
:10A6D00002930B9B01930A9B00933A462B4620461C
:10A6E000F3F726FF054631462046F3F7A9FE284634
:10A6F00005B0F0BD08B5F3F7FBFE08BD03783E2BAF
:10A7000003D0FF2B08D0002070478378022B01D0A4
:10A7100000207047012070478378802B01D00020F3
:10A7200070470120704738B505464FF0FF324FF0B3
:10A73000FF330520EBF7A8FF04466A880432294658
:10A740000C30FFF75BFA2046FCF760FD38BD38B5EA
:10A75000038A83B10446037E4BB1022B0ED1F4F77A
:10A760005BF9054665B92046FFF7FAF908E0F4F70A
:10A7700071F90546F6E76FF0150501E06FF0150574
:10A78000284638BD10B500F0ACFB4FF0FF304FF05D
:10A79000FF31F4F727F8044608B1204610BDD2F780
:10A7A000D5FE044610B9F4F727F8F6E7F4F724F8D5
:10A7B000F3E708B5D2F7EEFE60B9D2F7FFFE60B955
:10A7C000D2F710FF60B9D2F71BFF60B9D2F726FFAE
:10A7D00060B908BD6FF08500FBE76FF08500F8E712
:10A7E0006FF08500F5E76FF08500F2E76FF0850008
:10A7F000EFE708B5F4F782FA08BD0F2303700423CE
:10A80000437082700123C370818070474FF00E0C3B
:10A8100080F800C0427001228270A0F803104371DA
:10A8200070478F230370C023037170470120704766
:10A83000002303604360037943F020030371DBB21C
:10A8400043F040030371704700230380037843F013
:10A8500001030370DBB243F002030370DBB243F089
:10A8600020030370437843F001034370DBB243F0ED
:10A8700002034370DBB243F00403437070470023CC
:10A880000360037843F001030370DBB243F002037B
:10A890000370DBB243F004030370DBB243F0080340
:10A8A0000370DBB243F010030370DBB243F020030C
:10A8B0000370837843F002038370DBB243F0080334
:10A8C0008370704708B5427810F8033B43EA0223CF
:10A8D0001BB240F20642934205D040F21D42934221
:10A8E00004D0012008BDDEF7B0FBFBE7DEF7AFFBCD
:10A8F000F8E708B50346033093F801C01B7843EA34
:10A900000C231BB240F6634C63452CD001F10601C9
:10A9100016DC40F6034C634522D040F62D4C6345CF
:10A9200005D1137803331370DEF746FA07E040F6DB
:10A930000142934202D1DEF73AFA00E0012008BD5D
:10A9400040F67B4C634511D040F67C4C634505D105
:10A95000137802331370DEF738FAF0E70120EEE7E0
:10A96000D2F74EFFEBE7DEF729FAE8E71378043376
:10A970001370DEF728FAE2E708B503460330063124
:10A9800093F801C01B7843EA0C234FF60B4C634548
:10A990001CD94FF61D5C634500F28280B3F57D4FF4
:10A9A00026D3A3F57D431D2B76D8DFE803F04C5466
:10A9B000575A5D60757575637575667575757575CE
:10A9C000757569756F75757575757572B3F57C4FAD
:10A9D00001D8012008BDA3F57C43013B0A2B5DD8BB
:10A9E000DFE803F0080F5C5C5C275C5C17202A0042
:10A9F0000120EFE713780C3313700846DEF7E7F910
:10AA0000E8E71378403313700846FFF71DFF002076
:10AA1000E0E71378581C1070173313700846DEF700
:10AA2000F3F9D7E71378203313700846DEF73EFAC0
:10AA3000D0E7DEF7E7F9CDE7137801331370084666
:10AA4000DEF785FAC6E71378403313700846FFF740
:10AA500016FF0020BEE7DEF790FABBE7DEF78FFABD
:10AA6000B8E7DEF78EFAB5E7DEF78DFAB2E7DEF784
:10AA700090FAAFE7DEF78FFAACE7DEF790FAA9E7D6
:10AA8000137804331370DEF78CFAA3E7DEF798FA35
:10AA9000A0E7DEF797FA9DE701209BE7012099E701
:10AAA000012097E710B504463022002103F064F935
:10AAB000237843F020032370A37843F08003A3702E
:10AAC000637943F040036371DBB243F08003637149
:10AAD000A37A43F00403A372A37B43F00803A37398
:10AAE000DBB243F02003A373E37B43F00203E37381
:10AAF000A37D43F00403A375637E43F001036376F3
:10AB0000DBB243F002036376DBB243F00403637607
:10AB1000DBB243F010036376DBB243F020036376CD
:10AB2000DBB243F040036376DBB243F0800363762D
:10AB3000A37E43F00103A376DBB243F00203A376C6
:10AB400094F82D3043F0400384F82D30A37E43F079
:10AB50004003A376DBB243F08003A376E37E43F0A9
:10AB60000103E376DBB243F00203E376DBB243F0AA
:10AB70001003E376DBB243F02003E376DBB243F06D
:10AB80004003E376DBB243F08003E376237F43F0B8
:10AB900002032377DBB243F004032377DBB243F0F5
:10ABA00008032377DBB243F010032377DBB243F0D3
:10ABB00020032377DBB243F04003237794F820305F
:10ABC00043F0100384F82030DBB243F0200384F814
:10ABD000203094F8213043F0400384F82130DBB278
:10ABE00043F0800384F8213094F8223043F00103CD
:10ABF00084F8223094F8233043F0080384F823309B
:10AC0000DBB243F0100384F82330DBB243F02003BF
:10AC100084F82330DBB243F0400384F82330DBB206
:10AC200043F0800384F8233094F8243043F0010388
:10AC300084F8243094F8263043F0800384F82630DA
:10AC400094F8223043F0020384F82230DBB243F060
:10AC5000040384F8223094F8293043F0040384F884
:10AC6000293010BD08B50346881D93F801C01B7834
:10AC700043EA0C231BB2A3F58053013B082B20D8D9
:10AC8000DFE803F0050B121F1F1F1F1F19001378A9
:10AC900008331370DEF798F914E01378403313701B
:10ACA000FFF700FF00200DE0137808331370FFF763
:10ACB000BFFD002006E0137806331370DEF786F937
:10ACC00000E0012008BD002303604360037843F0E7
:10ACD00001030370DBB243F004030370DBB243F003
:10ACE00008030370DBB243F010030370DBB243F0E0
:10ACF00020030370437843F001034370DBB243F059
:10AD000040034370704708B503460330063193F89B
:10AD100001C01B7843EA0C231BB2A3F50053013B8F
:10AD20007B2B00F2D880DFE803F03E4148D6505339
:10AD3000565D6063D6D6D6D669707376D6D6797FDF
:10AD40008288D68F959BD6D6D6D6D6A3A9B0B3B6D1
:10AD5000D6D6D6D6D6D6D6D6BCC3C9CCD6D6D6D6D7
:10AD6000D6D6D6D6D6D6D6D6D6D6D6D6D6D6D6D683
:10AD7000D6D6D6D6CFD6D6D6D6D6D6D6D6D6D6D67A
:10AD8000D6D6D6D6D6D6D6B9D6D6D6D6D6D6D6D680
:10AD9000D6D6D6D6D6D6D6D6D6D6D6D6D6D6D6D653
:10ADA000D6D6D6D6D666DEF713F995E013780333F8
:10ADB00013700846DEF711F98EE01378083313702C
:10ADC0000846FFF780FF002086E0DEF708F983E001
:10ADD000DEF707F980E01378013313700846DEF7D9
:10ADE00002F979E0DEF701F976E0DEF700F973E0C9
:10ADF000DEF7FFF870E0DEF726F96DE01378013337
:10AE000013700846DEF7F7F866E0DEF7F6F863E061
:10AE1000DEF7F5F860E0DEF7F4F85DE0137807336D
:10AE20001370DEF7F0F857E0DEF7EFF854E0137830
:10AE300010331370DEF7EBF84EE01378083313701D
:10AE40000846DEF7E6F847E0137802331370DEF7C2
:10AE5000E2F841E0137802331370DEF7E0F83BE0EC
:10AE60001378083313700846FFF7DBFC002033E04B
:10AE7000137802331370DEF7D6F82DE0137804331D
:10AE800013700846DEF7D1F826E0DEF7D0F823E0AD
:10AE9000F4F76CF920E000F025F81DE000F027F849
:10AEA0001AE01378083313700846DEF7C2F813E08F
:10AEB000137804331370DEF7BEF80DE0DEF7BDF84B
:10AEC0000AE0DEF7BCF807E0137802331370084697
:10AED000DEF7B7F800E0012008BD08B5F4F706F981
:10AEE00008BD704708B50021F4F758F908BD90F87F
:10AEF0004010012903D808B5F4F750F908BD122015
:10AF0000704701207047684620F007018D4601B563
:10AF1000DAF766FCE9F738F8BDE801408546704786
:10AF2000684620F007018D4601B5DAF713FCBDE84D
:10AF3000014085467047684620F007018D4601B5FF
:10AF4000D9F74EFEE9F720F8BDE801408546704785
:10AF500010B5F4F75BF9044608B1204610BD012294
:10AF600000210820FBF71CF9012200210B20FBF730
:10AF700017F9012200211046FBF712F9EDE708B599
:10AF80004FF0FF304FF0FF31F3F72CFCE1F758FAA8
:10AF9000F3F732FC08BD08B5E0F740FF002008BD1C
:10AFA000012800D0704708B5D9F7CCFE08BD70471E
:10AFB00008B5D9F719FF08BDEFF30580033803285A
:10AFC0008CBF00200120704708B5DCF7FBFF08B9F3
:10AFD000002008BDFFF7F0FF08B90120F9E70020C5
:10AFE000F7E770470020704710B504693B2901D08E
:10AFF0000C2904D1DDF71CF92060002010BD6FF092
:10B000008500FBE7012800D170470220FCE7002003
:10B0100070478068183820F00700103870470428FF
:10B020000AD0052803D1481E18BF01207047884266
:10B0300014BF0020012070470120704789B138B546
:10B0400014460D460AB9002038BDFAF7D6FD002394
:10B05000A34204D2EA5C824205D10133F8E7012021
:10B06000F2E7002070470020EEE738B505460C46B1
:10B07000114601232246FAF769FD00280FDB012261
:10B0800021462846FFF7DAFF18B10323237000207A
:10B0900006E02078FFF7B6FF2070002000E00120D6
:10B0A00038BD08B58268183A22F00702083AFFF75F
:10B0B000DCFF08BD2DE9F04383B006460F469046FD
:10B0C0001D46FAF791FD2C18013CC0F1000C04EA72
:10B0D0000C04082C04D94FF0FF3003B0BDE8F08316
:10B0E0003046FAF78AFD81462A464146684602F014
:10B0F0001BFE621B49460DEB050002F03DFE234698
:10B100006A4639463046FAF73CFD0028E5D0012072
:10B11000E3E700B583B08DF80420012301AAFFF70F
:10B12000C9FF03B05DF804FB08B581681839012236
:10B1300021F00701FFF7EDFF08BD08B58268183A56
:10B1400022F00702FFF791FF08BD30B587B0044633
:10B150000D468168102302AA1039FAF7F7FC00287F
:10B1600039DB102202A92046FFF768FF48B303230A
:10B170002B702046FFF74DFF014601230DF107021A
:10B180002046FAF7E3FC002828DB9DF8073003F09F
:10B190000F026A701B092B7101220DF10701204675
:10B1A000FFF74CFF10B96B78042B03D901236B70A8
:10B1B00000232B71A91C2046FFF773FF30B101203B
:10B1C0000AE002A8F4F72AFA2870D2E7E91C204620
:10B1D000FFF7B3FF00E0012007B030BD0120FBE71F
:10B1E00010B582B00C4601A9C0B2E8F72DFB18B12A
:10B1F0000124204602B010BD21460198FFF7A5FFAB
:10B2000004460198FAF7A1FCF3E710B582B00E2AC4
:10B2100011D804460E2910D841EA02118DF8071002
:10B22000FFF7F7FE014601230DF107022046FFF765
:10B2300041FF02B010BDFBF70BF9FBF709F9F0B5C0
:10B2400083B0044617460E4601B10F4669462046B4
:10B25000FFF77BFF98B99DF80050022D28D0032DF1
:10B260000CD0012D01D0FBF7F3F846B19DF8033067
:10B27000032B04D12046FFF757FF00E00EB103B0C7
:10B28000F0BD2046F4F7D6F90028F8D167B90028B8
:10B29000F5D107B902252046FFF7B9FEC2B229460B
:10B2A0002046FFF7B2FFEAE72046FFF73DFFEEE753
:10B2B0000EB10420E3E7A26800212046FAF77CFCE7
:10B2C0000320DCE74FF08053D3F83031B3F1FF3F78
:10B2D00003D0062B06D0002070474FF0704393F840
:10B2E000E03FF6E7012070474FF0704393F8E02FFE
:10B2F000D3F8E83FC3F30313062A01D000207047B8
:10B30000033B002B04D8DFE803F001000120704765
:10B31000002070474FF08053D3F83031B3F1FF3F36
:10B3200003D0062B06D0002070474FF0704393F8EF
:10B33000E03FF6E7012070474FF0704393F8E02FAD
:10B34000D3F8E83FC3F30313062A01D00020704767
:10B35000033B002B04D8DFE803F001000120704715
:10B36000002070474FF08053D3F83031B3F1FF3FE6
:10B3700003D0062B06D0002070474FF0704393F89F
:10B38000E03FF6E7012070474FF0704393F8E02F5D
:10B39000D3F8E83FC3F30313062A01D00020704717
:10B3A000033B002B04D8DFE803F0010001207047C5
:10B3B000002070474FF0704393F8E02FD3F8E83F38
:10B3C000C3F30313062A01D000207047033B002B70
:10B3D00004D8DFE803F00100012070470020704727
:10B3E0004FF08053D3F83031B3F1FF3F07D04FF027
:10B3F0008052D2F83421062B0AD0002070474FF03B
:10B40000704292F8E03FD2F8E82FC2F30312F2E75D
:10B41000033A012A04D8DFE802F001010020704756
:10B42000012070474FF08053D3F83031B3F1FF3F24
:10B4300003D0062B06D0002070474FF0704393F8DE
:10B44000E03FF6E7012070474FF08053D3F83031EA
:10B45000B3F1FF3F03D0062B06D0002070474FF01A
:10B46000704393F8E03FF6E7012070474FF08053B8
:10B47000D3F83021D3F83431062A01D000207047A8
:10B48000052B03D8032B03D30020704701207047FE
:10B49000012070474FF08053D3F83021D3F8343176
:10B4A000062A01D000207047062B03D8032B03D3B4
:10B4B00000207047012070470120704708B5FFF752
:10B4C000E9FF38B14FF01023D3F808224FF0804342
:10B4D000C3F8582508BD08B5804708BD08B501F078
:10B4E0003DFB08BD10B401F5A27150F8214024F4D1
:10B4F000473424F4407440F8214050F821401202AF
:10B5000002F4F8521B0403F440331A43144340F886
:10B5100021405DF8044B704710B401F5A27150F85A
:10B52000214024F4981424F4F85440F8214050F8B1
:10B530002140120202F4F8521B0403F440331A4370
:10B540009DF804301B0503F480131A43144340F89C
:10B5500021405DF8044B704700B5A2F5807E4FEAAC
:10B560009E0E4FF0010C0CFA0EFC1CEA010F0DD0E0
:10B57000815809B900200AE00021815082581BB18E
:10B580001A684CEA02021A60012000E000205DF80F
:10B5900004FBF0B583B005460E461746002401941F
:10B5A00009E0E2B2920001AB02F580723146284612
:10B5B000FFF7D2FF0134BC42F3D301AB4FF4BE72AC
:10B5C00031462846FFF7C8FF019803B0F0BDF0B53B
:10B5D0001C46059E069D00F01F0C40092FD14FF020
:10B5E000A04E0CF5E0735EF8233059B301205AB336
:10B5F0000227384354B30C2738434EB34FF4E06767
:10B6000038433DB34FF44037384323EA000019B3C1
:10B610000B781AB31278520013430CB322789200BD
:10B620001343FEB1327812021343EDB12A781204AB
:10B63000134303430CF5E07C4EF82C30F0BD4FF083
:10B64000000ECEE70020D2E70027D2E70027D3E79D
:10B650000027D5E70027D7E70023DAE70022DBE75A
:10B660000022DDE70022DFE70022E1E700B585B038
:10B670008DF80F100DF10F030193002100910B467F
:10B680000A46FFF7A4FF05B05DF804FBC0B270479F
:10B6900038B50D460079F4F76DFA04462846FFF7F1
:10B6A000F5FF083034F8100000F0010038BD38B55F
:10B6B0000D460079F4F75EFA04462846FFF7E6FFE8
:10B6C000083034F81000C0F3401038BD38B50D46CE
:10B6D0000079F4F74FFA04462846FFF7D7FF083001
:10B6E00034F8100010F01C0018BF012038BD38B528
:10B6F0000D460079F4F73EFA04462846FFF7C6FFE8
:10B70000083034F81000C0F3400038BD38B50446A6
:10B710000D46FFF7ECFF30B129462046FFF7C7FF83
:10B7200018B1012000E0002038BD0020FCE708B57A
:10B73000FFF7DDFF80F00100C0B208BD7047704721
:10B7400038B50D460079F4F715FA04462846FFF798
:10B750009DFF083034F81000400B38BD032894BF1B
:10B7600000200120704770B506460D46002404E015
:10B770004FF0FF33AB4211D001341F2C0CD830797D
:10B78000F4F7F8F904F1080330F8133013F4807F6C
:10B79000EED0C3F34323EDE7002000E0012070BDAD
:10B7A00038B504460D46FFF782FFB8B1294620465A
:10B7B000FFF7BDFF90B129462046FFF7C1FF226881
:10B7C00001238340C2F80833226800F5A27052F8C2
:10B7D000203023F0030342F8203003E00021284604
:10B7E000FFF744FF38BDF8B506460F46154600245E
:10B7F000002C03DD4FF0FF342046F8BD3079F4F71C
:10B80000B9F950F83430BB4201D00134F0E700EB15
:10B81000C4035B68AB42F8D1EEE738B50C4600795B
:10B82000F4F7A8F905462046FFF730FF083035F851
:10B830001030C3F38203042B11D0052B11D004F078
:10B840001F02640909D14FF0A043D3F81035D3404B
:10B8500013F0010F07D0032002E00023F5E70320D7
:10B8600038BD0220FCE70220FAE710B5044608467E
:10B87000FFF70CFF083034F8103013F4807F04D049
:10B88000C3F3432304EBC30010BD0020FCE770B5F5
:10B8900004460E4615460079F4F76CF98660207967
:10B8A000F4F768F9C56070BD08B50079F4F762F97E
:10B8B00090F86000003818BF012008BD70B504463C
:10B8C0000D4616460368D3F80423002A03DB4FF025
:10B8D0000042C3F8042329462046FFF7E8FE00B3E0
:10B8E00029462046FFF723FFD8B129462046FFF717
:10B8F00027FF2268830003F580739BB200219950D3
:10B900009B58226800F5A27152F8213043F00103E0
:10B9100042F821306EB1226801238340C2F804331B
:10B9200007E029462046FFF778FF01462846FFF743
:10B930009DFE70BDF8B504460D461646FFF795FF0F
:10B9400020B10768426831462846B847A3681BB152
:10B95000E268314628469847F8BDF8B507460E46D6
:10B9600014461D461046FFF7F9FE60B9022D28D097
:10B9700002213046FFF77AFE032C26D0022D22D07A
:10B98000032D28D0F8BD224631463846FFF7D2FFB6
:10B9900006F01F03720912D14FF0A04203F5E073C5
:10B9A00052F82330C3F301439D42EBD100213046CE
:10B9B000FFF75CFE29463046FFF758FEE2E700221B
:10B9C000ECE70321D5E7012CDAD12246314638468F
:10B9D000FFF7B0FFD6E7022CD4D1F6E70023D3B1AE
:10B9E0000020704711F0010F0ED01AE04FF0A04C6C
:10B9F000DCF820454EF8044BCCF8204501325C1CA5
:10BA0000A242F3D3425922B90133002BEAD00020DD
:10BA100030BD0120FCE711F0010F01D10133DEE759
:10BA200030B59D001A4600EB830EE8E710B50C46D2
:10BA30000079F4F79FF821465430F4F73FF810BD31
:10BA400070B505460846FFF721FE04462879F4F74D
:10BA500091F804F1080330F8133013F4807F0BD011
:10BA6000C3F34326083423F4F85320F81430314646
:10BA70002846FFF778FE00B170BD2879F4F77AF810
:10BA8000002340F836302879F4F774F831465830FE
:10BA9000F4F738F8F0E770B504460D46FFF707FEF7
:10BAA00048B1266829462046FFF74AFE00F5A270F5
:10BAB000002346F8203029462046FFF7C1FF2079B1
:10BAC000F4F758F804462846FFF7E0FD0830002355
:10BAD00024F8103070BD10B50C460079F4F74AF820
:10BAE00021465430F4F70EF810BD70B504460D46EB
:10BAF0001E4604984FF0000C01E00CF1010C844547
:10BB00000ED25FFA8CF2920002F580719208012346
:10BB100003FA02F21542F0D0002363506358ECE7B9
:10BB2000002D04DA0023C4F87C31D4F87C3144F3CE
:10BB30000730FAF72BFB0EB1C4F8045370BD2DE9A2
:10BB4000F04182B080460F4600230193C96D01A8E1
:10BB5000FFF744FF002676B13A6D4FF000414046B2
:10BB6000FFF717FDF96D01A8FFF738FF0028F1D1A5
:10BB700002B0BDE8F08197F85C3013F0010F10D1EE
:10BB80000136E8E7002405F5E07354F82330C3F3E9
:10BB9000014329463846FFF7E0FE0123AB40C4F8D5
:10BBA000203502AB03EB860353F8044C002CE7D09E
:10BBB00094FAA4F4B4FA84F404F01F052846FFF7BD
:10BBC00065FD083037F81020C2F3820201AB03EBA9
:10BBD00086034FEAD40C04F0070413F80C1001207C
:10BBE000A04021EA000103F80C106B09CAD14FF004
:10BBF000A044C8E7F8B506460F46144618E094FA84
:10BC0000A4F3B3FA83F301229A4024EA020403F571
:10BC1000A27356F82350C5F3042556F82300C0F349
:10BC20000140FFF78BFD024629463846FFF782FEAA
:10BC3000002CE4D1F8BD70B505460E46D0F80413CB
:10BC4000C9B2326D41F00041FFF7A3FC041E05DBD1
:10BC5000224631462846FFF7CDFF70BD31462846C3
:10BC6000FFF76DFF24F00044F2E708B5F4F762F83F
:10BC700008BD08B5F3F782FF08BD08B5FFF707FE5A
:10BC800008BD08B5F3F7F6FF08BD08B5F4F722F9CB
:10BC900008BD08B5FFF708FE08BD08B5F4F700F9C0
:10BCA00008BD08B5FFF717FF08BD08B5FFF7BEFED2
:10BCB00008BD08B5FFF702FE08BD08B5FFF770FD27
:10BCC00008BD4FF08053186970474FF08053586992
:10BCD000704710B5FFF7F5FF0446FFF7F6FF04FBCA
:10BCE00000F010BD10B50446FFF7EBFFB4FBF0F316
:10BCF00000FB1340B0FA80F0400910BD38B504468F
:10BD00000D46F4F71FF929462046F4F72BF9F4F70E
:10BD100011F938BD08B5FFF7DCFF08BD08B5FFF71E
:10BD2000D0FF08BD08B5FFF7D0FF08BD4A6B8B6A8E
:10BD30009A4207D00023C0F800350522C0F800253C
:10BD4000184670470120704703464A6B886A824252
:10BD500005D2496A8A5CC3F81C250120704791F816
:10BD60002C0030B90A6A12F0400F06D10120586148
:10BD700070470122DA61002070470122DA6181F800
:10BD80002D20704784464B6B8A6A934229D24A6AB7
:10BD9000D0F81805D0544B6B01334B638A6A501EA0
:10BDA000834207D093420DD0934211D00120CCF8AA
:10BDB00020007047086A10F0400FF3D10223CCF83E
:10BDC0000032F3E7086A10F0400FEDD10120704710
:10BDD0000B6A13F0400FE9D0022381F82D300020C8
:10BDE00070470120704770B504460D46D0F8043105
:10BDF000CBB10023C0F80431D0F80431012695F806
:10BE00002F3093B10023C4F82431D4F82421C4F88E
:10BE10001C31D4F81C21C4F80831D4F80831002EA4
:10BE20004CD1012070BD0026E9E7D4F824314BB194
:10BE30000023C4F82431D4F824310123636185F848
:10BE40002F30ECE7D4F81C31DBB10023C4F81C31EF
:10BE5000D4F81C316B6B01336B63D4F824314BB1D4
:10BE60000023C4F82431D4F824310123636185F818
:10BE70002F30D4E729462046FFF766FF0028CED1B1
:10BE8000D0E7D4F80831002BC9D00023C4F808311A
:10BE9000D4F80831D4F824314BB10023C4F824314C
:10BEA000D4F824310123636185F82F30B7E72946A0
:10BEB0002046FFF767FF0028B1D1B3E7002385F8DC
:10BEC0002D3095F82F300BB10020ABE729462046E6
:10BED000FFF72CFF80F0010085F82F00F4E770B524
:10BEE00086B005460C46FFF77EFF00285ED194F829
:10BEF0002F6026B9227B931EDBB2012B17D90DF1DF
:10BF0000040C04F10C0EBEE80F00ACE80F00DEF8E4
:10BF10000030CCF80030C6B3D5F8C434C5F8C4340A
:10BF200013F0020F1FD001238DF8003030E0616A5A
:10BF3000A3699942E3D1E36963626369A362236AF7
:10BF4000C3F3401384F82C30002384F82D30032AE7
:10BF500004D021462846F4F7A5F827E021462846D4
:10BF6000F4F742F822E013F0040F03D002238DF817
:10BF700000300DE013F0010F03D003238DF80030E3
:10BF800006E004238DF8003002E000238DF8003035
:10BF9000002384F83030236A13F0040F02D094F8A1
:10BFA0002F301BB1236861686846984706B070BDA2
:10BFB0000369C268934204D881688A1A1344581EE0
:10BFC0007047981A013870472DE9F84304468846AF
:10BFD0001646C5688768A7EB0509914507D94068EB
:10BFE000284401F0A1FE3544E560BDE8F8834068CF
:10BFF0004A46284401F098FEED1B35442A4608EBDA
:10C000000901606801F090FEE560EEE72DE9F84374
:10C01000064688461746C5684FF0000918E05B1BC6
:10C020005A1EB3685C1B944228BF1446BC4228BF0A
:10C030003C46706822464146284401F075FEA14402
:10C04000A0443F1B2544B368AB4209D0F5604FB113
:10C0500033699D42E3D3B2685B1B1A44013AE0E7BF
:10C060000025F3E74846BDE8F88338B505460C4699
:10C070000846E0F767FA024621462846F4F7DAFA5E
:10C0800038BD08B5F4F706FA08BD08B5FFF7F9FFA3
:10C09000002008BD70B5036A9A685C68944204D3B6
:10C0A0000BB10122DA60002070BD002202745A68D0
:10C0B00001325A60026A5368013B126803EBC30CF9
:10C0C000034602EB8C0200F120061D685C68D3F881
:10C0D00008E0D3F80CC015605460C2F808E0C2F85C
:10C0E0000CC010331032B342EFD11B681360816073
:10C0F0000120D9E7F0B58BB004460D4616460DF188
:10C10000040C8646BEE80F00ACE80F00BEE80F0046
:10C11000ACE80F00DEF80030CCF80030226A51683D
:10C12000002942D0013915F0010F24D015F0040F79
:10C1300007D1136801EBC10003EB80031B7C002BCC
:10C1400039D1136801EBC10103EB8103204603F1F0
:10C150002007D3F800E0D3F804C09968DA68C0F883
:10C1600000E0C0F804C08160C26010331030BB42F0
:10C17000EFD11B68036015F0020F03D0226A5368E9
:10C18000013B5360039BB3421AD815F0040F01D052
:10C19000019B236015F0080F18D0143406AB93E808
:10C1A000070084E80700012003E00AB10223D360FE
:10C1B00000200BB0F0BD0AB10F23D3600020F8E7D8
:10C1C000236A0BB10422DA600020F2E70120F0E7D5
:10C1D00010B402601A44C260019B836000230374A0
:10C1E000037583610362012915D901EBC1039B002B
:10C1F000243BC21802620022C250036A8C1E9C605B
:10C20000036A5A60036ADA60036A1A74022902D95F
:10C21000036A243018605DF8044B7047182871F1E8
:10C22000000312D3B0F5807F71F100030FD3B0F596
:10C23000803F71F100030CD34FF0FF3383424FF086
:10C2400000038B4107D3052070470120704702206F
:10C25000704703207047092070470246002000E025
:10C260000130884202D2135C002BF9D170471728A5
:10C270000BD9A0F11803DBB2032B01D90F207047B3
:10C280001838012303FA00F0704700207047026855
:10C29000C3689A4201D201207047036A0BB1082299
:10C2A000DA600020704738B504460D46FFF7EFFF0F
:10C2B00048B123681B78B5EB531F04D0236A0BB138
:10C2C0000A22DA60002038BD4368036083680133C6
:10C2D0008360036A03B1D9607047002308E0A2EBD2
:10C2E000030C0CF1FF3C11F80CC000F803C0013343
:10C2F0009342F4D3704710B50446FFF7C8FF40B12E
:10C3000023681A78FF2A05D0236A0BB10A22DA6063
:10C31000002010BD01332360FBE72DE9F84F0446F0
:10C3200088461746FFF7B3FF054600B3A368CBB1B5
:10C33000D4F800A09AF8006006F01F063046FFF718
:10C3400096FF81461B2E15D8B84219D800F1010B73
:10C35000DA44E3689A4519D9236A0BB10822DA60F6
:10C36000002504E0236A0BB10322DA600025284689
:10C37000BDE8F88F236A0BB10722DA600025F6E7E3
:10C38000236A0BB10522DA600025F0E73A46002166
:10C39000404601F0F1FCB9F1000F09D188F80060C6
:10C3A000236863605B442360A368013BA360DEE70E
:10C3B00021684A4601314046FFF78FFFF0E738B564
:10C3C00005460C461146FFF76EFF00B938BD042242
:10C3D000A1182846FFF7A1FF0028F7D02B6823609B
:10C3E000F4E738B504460D46FFF7E9FF28B16A685F
:10C3F000E36821685B1A9A4200D838BD08212046BC
:10C40000FFF762FF0020F8E738B504460D46FFF756
:10C41000E8FF18B123686A681344236038BD30B55B
:10C4200083B00446FFF73FFF0346C0B1226812788D
:10C4300002F01F021F2A1BD16FF00F020192A268A7
:10C4400082B12168481C20606160013AA2601D46EB
:10C4500001992046FFF71EFE0346A0B12575184638
:10C4600003B030BD236A0BB10322DA600023F6E784
:10C4700004220DEB02012046FFF74FFF0346002880
:10C48000EDD00025E4E762682260A2680132A26074
:10C49000E5E710B50446037D3BB1FFF72CFF48B13B
:10C4A000002323754FF0FF3200E0002207212046D1
:10C4B000FFF720FE10BD70B504460D46164600215C
:10C4C000FFF7F1FE00B970BD324629462046FFF75E
:10C4D00024FFF8E708B50422FFF7EDFF08BD08B513
:10C4E0000422FFF7E8FF08BD08B50222FFF78CFF22
:10C4F00008BD08B50322FFF787FF08BD38B504461D
:10C500000521FFF78CFF40B1257D35B9A3686FF099
:10C510000042934202D25B00A36038BD0521204651
:10C52000FFF7D2FE2846F8E7037D1BB9836853B1B5
:10C53000002070470368C268934206D21B78FF2B25
:10C5400005D000207047012070470020704701206F
:10C55000704708B5FFF79DFF08BD38B504460D4686
:10C560000721FFF7A0FE50B123681B7803F01F03DB
:10C57000182B05D9236A0BB10A22DA60002038BDD6
:10C58000012229462046FFF7C8FEF8E730B583B000
:10C5900005460C460DF10701FFF7DFFF58B19DF886
:10C5A0000730143BDBB28DF80730012B05D8003B78
:10C5B00018BF0123237003B030BD0A212846FFF7BE
:10C5C00083FE0020F7E738B504460D460621FFF745
:10C5D0006AFE00B938BD042229462046FFF79DFEB9
:10C5E0000028F7D0A3680133A360F3E72DE9F043F7
:10C5F0008DB00546FFF74BFE064618B930460DB024
:10C60000BDE8F0832B681B785C0903F01F0C002247
:10C610000023CDE90A23AE460DF1040805F12009F7
:10C620004746DEF80000DEF80410DEF80820DEF8E9
:10C630000C300FC70EF1100EB846CE45F0D1DEF823
:10C6400000003860062C13D1694601A8FFF7BBFF34
:10C6500060B1019B049A934204D21B785C0903F0F9
:10C660001F0CEFE72B6A0BB10822DA600026C5E742
:10C67000BCF11F0F1AD000231F46FBB1042C33D08E
:10C6800025D8023CE4B2012C0AD8019A049B9B1ADB
:10C69000D9170A9883420B9B99413ED302440192D9
:10C6A000019B2B60AB68013BAB60A7E7231FDBB2AC
:10C6B000012B01D90023DFE70123DDE708220AA9C6
:10C6C00001A8FFF72AFE0028D8D1064696E7052CD8
:10C6D000E6D10A9B0B9AB3F1004F72F1000122D20E
:10C6E000DB1852410A930B923FB1019B0133019336
:10C6F0006FF00F020023CDE90A230A9B03938DF804
:10C70000187001A8FFF710FF98B9002101A8FFF7E2
:10C710006DFF0028F5D1064670E72B6A0BB10822A1
:10C72000DA6000266AE72B6A0BB10522DA60002680
:10C7300064E7002FB4D001A8FFF7DDFD0028AFD1DA
:10C7400006465BE710B584B0089C0294079C0194F0
:10C75000069C0094FFF73CFD04B010BD023806288B
:10C7600005D8DFE800F01206080A0C0E10000020C1
:10C770007047022070470220704703207047032053
:10C78000704703207047032070470120704738B17D
:10C7900008B5FFF7E3FF00F11801C9B2084608BD6C
:10C7A0000846704710B40368C468A3420AD25C1CF0
:10C7B000046002F01F0242EA4111197001205DF885
:10C7C000044B7047036A0BB10822DA600020F6E7D9
:10C7D000F8B5054616461C460368621C1344C26839
:10C7E000934205D9036A0BB10822DA600020F8BD34
:10C7F0000F4631782046FFF7CAFF024639462846E1
:10C80000FFF7D0FF0028F2D02B685A1E2A602B6059
:10C8100005E0013C2B685A1C2A60325D1A70002C1E
:10C82000F7D1AB680133AB60E1E708B511461F22D1
:10C83000FFF7B8FF08BD08B51F220721FFF7B2FFB9
:10C8400008BD70B505460E46144619461046DFF77A
:10C8500083FE431E224631462846FFF7B9FF70BDCE
:10C8600070B505460C4616460B6853B10421601896
:10C87000DFF772FE636818442B681844EB6898422F
:10C8800006D80423E21831462846FFF7DAFF70BDC8
:10C890002B6A0BB10822DA600020F8E770B5044675
:10C8A0000D460168C368994209D268685B1A9842CC
:10C8B0000CD9236A0BB10822DA60002604E0036A6F
:10C8C0000BB10822DA600026304670BD29462046AA
:10C8D000FFF7C6FF06460028F6D020682968884280
:10C8E00002D06A6801F02EFA23686A681344236054
:10C8F000EAE7082A0ED810B582B00C4613468A180B
:10C9000012F9012C002A1BDB00212246FFF799FFB8
:10C9100002B010BD036A0BB10522DA600020704737
:10C9200014F80CE06FEA0E0E0CF108026A4402F8EB
:10C9300008EC0CF1010C9C45F2D36C460121E4E7B4
:10C940004FF0000CF7E708B513460A460021FFF741
:10C9500078FF08BD00B583B0019104220DEB020100
:10C96000FFF7C7FF03B05DF804FB00B583B001918A
:10C9700004220DEB0201FFF7E6FF03B05DF804FBB4
:10C9800000B583B0019104220DEB0201FFF7DBFF3C
:10C9900003B05DF804FB08B50222FFF77FFF08BD76
:10C9A00008B50322FFF77AFF08BD00B583B00091F8
:10C9B00001926946FFF7F4FF03B05DF804FB38B558
:10C9C00005460C4611462046FFF747FC0246214625
:10C9D0002846FFF7EAFF38BD08B50422FFF725FF18
:10C9E00008BD08B50522FFF720FF08BD08B50422E1
:10C9F000FFF721FF08BD08B50522FFF71CFF08BDA2
:10CA000000B583B08DF8071001230DF1070207214F
:10CA1000FFF717FF03B05DF804FB08B519B1152146
:10CA2000FFF7EEFF08BD1421FAE710B584B000242B
:10CA300002940194069C0094FFF7CAFB04B010BD59
:10CA400010B586B00092019300238DF80830089B42
:10CA50000393099B049307238DF8143083689C6823
:10CA60000B4602226946A04706B010BD00B585B04E
:10CA70008DF80F100193009201230DF10F028188B0
:10CA80000068FFF7DDFF05B05DF804FB10B588B066
:10CA90008DF807200DF10702029201220392002275
:10CAA0008DF8102005930A9B069302228DF81C2016
:10CAB00083689C680B4602A9A04708B010BD00B56A
:10CAC00085B08DF80F100123019300920DF10F0234
:10CAD00081880068FFF7B4FF05B05DF804FB10B56E
:10CAE00086B00092019300238DF80830089B0393D1
:10CAF000099B049307238DF8143083689C680B46C8
:10CB000002226946A04706B010BD00B585B08DF879
:10CB10000F100193009201230DF10F02818800682C
:10CB2000FFF7DDFF05B05DF804FB10B588B08DF8A8
:10CB300007200DF1070202920122039200228DF8D4
:10CB4000102005930A9B069302228DF81C2083680F
:10CB50009C680B4602A9A04708B010BD00B97047F9
:10CB600008B5E8F73DF908BD60B1C3685A7812F01E
:10CB7000010F03D01B781BB10020704700207047C5
:10CB80000120704700207047EFF31183402383F3A7
:10CB90001288BFF36F8FFEE710B5446803688BB14E
:10CBA0002046984730B100280ADBFF2800DDFF202F
:10CBB000E3681870E268537843F00103537010BDC6
:10CBC0004042F2E70020F5E708B501F0D5F808BDCE
:10CBD00008B501F0A9F808BD10B500F10C04C46057
:10CBE0000461F8F718F810BD2DE9F04F89B006463A
:10CBF0008A469146129D139C2A46234606A800F0B9
:10CC000053FEDDE90623CDE9022306F1140BEFF311
:10CC10001181402383F31288BFF36F8F4FF0000818
:10CC20004746CDF814B08B4615E0DDE9022306A88F
:10CC300000F070FE069D079C0095019406F10C0221
:10CC400059460598F5F768F8EFF3118B402383F305
:10CC50001288BFF36F8F77B94A4651463046F7F7CF
:10CC60004FFF074638B9254305D0B8F1000FDCD196
:10CC70004FF00108D9E78BF31188BFF36F8F384667
:10CC800009B0BDE8F08F70B5044600F11406EFF36B
:10CC90001185402383F31288BFF36F8FF7F7E0FE0F
:10CCA00004F10C0000F037FD20B985F31188BFF3C3
:10CCB0006F8F70BD29463046F5F7A6F8F9E742694F
:10CCC00083681A4312F003020DD10021C16005E010
:10CCD000C1681960C36041690B4401320169914226
:10CCE000F6D8002070476FF015007047F8B504467D
:10CCF0000D46EFF31186402383F31288BFF36F8F45
:10CD0000C36853B1E3682B60E560A369013BA3618D
:10CD100086F31188BFF36F8FF8BD00F1080700F0AC
:10CD2000A0FC0028EED00022C0F8B020456100F041
:10CD3000EDFB31463846F5F767F8EDE708B5EFF358
:10CD40001183402383F31288BFF36F8FF9F74EFAF4
:10CD5000F5E700BF7047884200DA014611F17F0F06
:10CD600001DB084670476FF07E00704708B58068A9
:10CD700090F90E308B4201D1002008BDF4F7E8FF96
:10CD8000FBE70B6803F003030B60426832B11368E2
:10CD900003F003030B43136041607047416001607F
:10CDA000704708B591B18C460B6823F00301032B43
:10CDB00018D9136803F003030B431360DCF8003049
:10CDC00003F003031343CCF8003008BD0168136877
:10CDD00003F003030B43136002604368002BF4D19C
:10CDE0004260F2E71146FFF7CCFFEEE708B50022FC
:10CDF000C0F8B020416100F089FB08BD2DE9F8437F
:10CE000004460E4615461F469DF8203000F10808DE
:10CE1000EFF31189402282F31288BFF36F8F03B1C1
:10CE20004668404600F01DFC98B9DFB900232B602E
:10CE30002A4631462046FFF7B4FF042104F11000D2
:10CE400000F04AFF49464046F4F7DEFF0020BDE807
:10CE5000F8832946FFF7CAFF49464046F4F7D4FF56
:10CE60000020F4E708210020F5F768FC20B14560B8
:10CE7000012202600546DBE789F31188BFF36F8F5B
:10CE80006FF00B00E3E760B1036813F0030F08D005
:10CE900010B5446809B9204610BD00F03CFF20469B
:10CEA000FAE7704700230360436000F108038360E2
:10CEB000C36000F1100303614361704700B583B0A4
:10CEC0000A460123009300231946FFF797FF03B09A
:10CED0005DF804FB00B583B00A46002100910B46C3
:10CEE000FFF78CFF03B05DF804FB08B50021006874
:10CEF000FFF7C9FF08BD5AB18A420CD38160C260F6
:10CF00000060406000F1100303614361002070473E
:10CF10006FF0150070476FF0150070470B4621B198
:10CF2000096851B111601A607047036813600260AC
:10CF30004368002BF8D142607047002313604368B8
:10CF400013B11A60426070474260026070470B463E
:10CF500039B11168196041688A4209D00023136011
:10CF600070471368036041688A42F7D14360F5E770
:10CF70004360F3E708B50A460368002101E019465B
:10CF80001B682BB19342FAD1FFF7E1FF012000E0CB
:10CF9000002008BD704708B5CB6823F00402CA60C2
:10CFA00013F0040F00D108BDF830FFF7E3FFFAE7F4
:10CFB00010B50446C36813F0020F09D0E36813F0FC
:10CFC0001F0004D043F00202E26040F0020010BDF6
:10CFD00001468068FFF7DFFFF0E738B108B50022AF
:10CFE000114600F5807000F0D0FB08BD00207047AE
:10CFF00070B50D46C36813F0020F22D1044613F03A
:10D00000040F23D10B68ABB1E36813F0010F14D008
:10D01000A3682B60022621462868F4F713FB00283A
:10D0200011DBE36843F00403E3602B68A36036B1CF
:10D0300030460AE083680B60E6E70126EBE73046FE
:10D0400001E06FF00F0000232B6070BD0020FAE7B5
:10D0500010B582B00346EFF31184402282F31288A8
:10D06000BFF36F8F0022019250F8042C22F00801C8
:10D0700040F8041C12F0080F05D184F31188BFF3A7
:10D080006F8F02B010BD10389B69019301A9FFF7A3
:10D09000AFFFF2E708B5EFF31180402383F3128866
:10D0A000BFF36F8FF4F7E4FE08BD10B50246C46805
:10D0B00014F0020FC4F3400401D1204610BD08460D
:10D0C0001146F4F7FDFAF8E708B5C36823F010033A
:10D0D000C3601030F4F726FA08BD08B5C36823F022
:10D0E0000802C26013F0080F01D1002008BD103003
:10D0F00000F0B5FBB0FA80F04009F7E710B5044640
:10D10000FFF7EBFF2046FFF753FF10BD002303603E
:10D1100043608360C36041607047F8B506460D46C2
:10D120001746D0F8F8304BB1AB4215D01C461B68FF
:10D13000002BF8D0002CF6D12346F4E70024384623
:10D14000F4F79CFB54B9D6F8F8303B60C6F8F87099
:10D15000D6F8FC304BB1F8BD0124F0E73A46294639
:10D1600006F1F800FFF7DAFEF5E7C6F8FC70F2E723
:10D1700038B5C36803F00503002B14BF0124002455
:10D1800001D1204638BD85680A4601462846FFF78A
:10D19000C4FF2846FFF721FFF3E7EFF31183402296
:10D1A00082F31288BFF36F8FC06800F01F0083F313
:10D1B0001188BFF36F8F704710B582B00190084699
:10D1C000EFF31184402383F31288BFF36F8F01A91B
:10D1D000FFF70EFF84F31188BFF36F8F02B010BD0D
:10D1E00010B5FFF7E9FF041E01DC204610BDFFF774
:10D1F00051FFFAE770B50D46EFF31186402383F334
:10D200001288BFF36F8FFFF7B3FF044686F31188D0
:10D21000BFF36F8F08B9204670BD05F110004FF0C5
:10D22000FF324FF0FF33F4F7A5F9F4E710B5EFF351
:10D230001184402383F31288BFF36F8FFFF7B8FE8A
:10D2400084F31188BFF36F8F10BD08B54FF48C7253
:10D25000002100F091FD08BD38B504460D4630228E
:10D26000002100F089FD65604FF48073E36038BDF4
:10D27000EFF31183402282F31288BFF36F8FC068EF
:10D2800000F01F0083F31188BFF36F8F704710B554
:10D2900082B00190EFF31184402080F31288BFF335
:10D2A0006F8FC86810F01E0F06D0002084F311881D
:10D2B000BFF36F8F02B010BD01A8F4F7C5FAF5E710
:10D2C000F0B583B001900C4616461D46EFF311876A
:10D2D000402383F31288BFF36F8F0846FFF7FDFEEC
:10D2E00032462B46214601A8F4F7AEFA87F311889F
:10D2F000BFF36F8F03B0F0BD10B5EFF3118440237F
:10D3000083F31288BFF36F8FFFF7F8FE84F3118861
:10D31000BFF36F8F10BDF8B50D46EFF311874023B3
:10D3200083F31288BFF36F8FC36803F01F03002BD2
:10D3300014BF0126002607D1002087F31188BFF310
:10D340006F8F48B93046F8BD0446FFF7D7FE29462F
:10D350002046FFF7AAFEF0E705F108004FF0FF3284
:10D360004FF0FF33F4F706F9ECE7EFF305800038F0
:10D3700018BF01207047F8B50546D31D23F00703F9
:10D38000BF3323F07F0301F14007A3F140063F2B99
:10D3900007D8002282F31188BFF36F8F0422104652
:10D3A00002DFCC1821462846E6F7DAFD073020F0E8
:10D3B0000700C5F89870C5F89C60C5F8A000201A51
:10D3C000F8BD7830704708B5F4F734FD08BD10B4E7
:10D3D00000248460037342738173C4738461C461E5
:10D3E0005DF8044B7047F0B587B00446129E139D5C
:10D3F00000270597109F04970F9F03970E9F029792
:10D400000D9F01970C9F0097F4F782FAB5F1FF3F4B
:10D4100008BFB6F1FF3F02D1204607B0F0BD32464B
:10D420002B462046F4F766FAF6E70020704742687C
:10D43000036813605A60002303604360427B22F05C
:10D44000020242738360704708B5E7F751F908BDDF
:10D4500090F90E3091F90E00834201D0C01A704746
:10D460000020704770B506463468A64216D0ACB1AD
:10D470006268236813605A60002525606560637BDD
:10D4800023F002036373A56004F1180000F0E7F9CC
:10D49000C4F8B0502046F4F7EFFAE5E770BD70B578
:10D4A00005460E46F4F7BCFA6B7B43F002036B7340
:10D4B000FEB1AE603468A64208D1002406E063687D
:10D4C0006B602C601D60656013E0002464B1214630
:10D4D0002846FFF7BDFF0028F1DC002CF6D073686A
:10D4E0009C42F2D02468F1E773682E606B601D6087
:10D4F000756070BD70B5044616461D46FFF7CFFF38
:10D5000032462B462046F4F7A7FA70BD38B50446DC
:10D510000023EFF31185402282F31288BFF36F8F4F
:10D5200004E085F31188BFF36F8F012343B92046D0
:10D53000FFF77BFF0028F4D12046F4F79DFAF0E7CF
:10D5400038BD10B50446183000F089F9EFF31181A9
:10D55000402383F31288BFF36F8F637B13F0100FA8
:10D5600004D081F31188BFF36F8F10BD00222046D5
:10D57000F4F750FBF9E738B504460023EFF31185C3
:10D58000402282F31288BFF36F8F04E085F3118885
:10D59000BFF36F8F012333B9A368002BF6D0204669
:10D5A000FFF745FFF2E738BD70B504460E4600238D
:10D5B000EFF31185402282F31288BFF36F8F07E0EB
:10D5C0002046F4F759FA85F31188BFF36F8F0123D2
:10D5D000DBB9637B13F0280FF5D1A3685BB16268F8
:10D5E000236813605A60002323606360627B22F02B
:10D5F00002026273A360637B23F004026273002E55
:10D60000DED023F014036373DAE770BD08B501219F
:10D610001838FFF7C9FF08BD01460023EFF3118C4E
:10D62000402282F31288BFF36F8F184605E0002076
:10D630008CF31188BFF36F8F01238BB90868814287
:10D64000F5D00028F4D04268036813605A600023C4
:10D6500003604360427B22F0020242738360E7E78B
:10D66000704770B505460023EFF31186402282F320
:10D670001288BFF36F8F1C4605E0002486F31188E3
:10D68000BFF36F8F0123ABB92C68A542F5D0002CF6
:10D69000F4D06268236813605A60002323606360DB
:10D6A000627B22F002026273A36004F1180000F0B2
:10D6B000D6F8E3E7204670BD08B50023EFF31181EB
:10D6C000402282F31288BFF36F8F04E081F3118848
:10D6D000BFF36F8F01237BB98368002BF6D04268BC
:10D6E000036813605A60002303604360427B22F0AA
:10D6F000020242738360E9E7183000F0B0F808BD19
:10D7000008B5EFF31180402383F31288BFF36F8FC6
:10D71000F4F7AEFB08BD38B5054600202C68A542DD
:10D7200008D03CB12046FFF7C7FF2046FFF7EEFECA
:10D730000120F3E738BD031D43608360704708B5DF
:10D74000EFF31181402383F31288BFF36F8F037BC4
:10D7500013F0010F08D1437B13F0080F11D081F3B0
:10D760001188BFF36F8F0BE081F31188BFF36F8FC8
:10D77000002383F31188BFF36F8F0423184602DF61
:10D7800008BD0122F4F746FAFAE72DE9F041054613
:10D79000884617460023EFF31186402282F3128851
:10D7A000BFF36F8F184604E086F31188BFF36F8FC5
:10D7B0000123F3B92C68A542F6D0002CF4D0C4F8AC
:10D7C000B08067616268236813605A600023236039
:10D7D000636094F80DC02CF0020C84F80DC0A360B7
:10D7E00004F1180000F03BF82046F4F745F9012059
:10D7F000DAE7BDE8F08110B50446F4F73FFD48B123
:10D8000002460369416920691B18606941EB000108
:10D81000136151616268236813605A6000232360BA
:10D82000636010BD10B5F4F71FFD0446F4F732FD38
:10D830007CB1236962691B1A62EBE072B3F1004F9D
:10D8400072F1000108DA002A01DB184610BD00233E
:10D85000FBE76FF00040F9E76FF00040F6E770B5C6
:10D8600004460023EFF31186402282F31288BFF3AF
:10D870006F8F6FF0150004E086F31188BFF36F8F90
:10D8800001231D463BB92368002BF5D02046FFF746
:10D89000B2FF2846F0E770BD08B5F4F7EFFD08BD0C
:10D8A00008B5F4F7EBFD08BD70B50646B3F1FF3FD0
:10D8B00008BFB2F1FF3F09D015461C4653EA0201EA
:10D8C0000CD100220023C0E9002305E04FF0FF3215
:10D8D0004FF0FF33C0E90023304670BD6FF0010107
:10D8E000891A4FF0FF3262EB0303002B02DB016069
:10D8F0004360F1E7F4F7C2FD2B462246012D74F197
:10D90000000401DA01230022C01841EB020130605B
:10D910007160E1E7F8B50546B3F1FF3F08BFB2F12A
:10D92000FF3F0AD014461F4657EA02030CD10022DB
:10D930000023C0E900232846F8BD4FF0FF324FF026
:10D94000FF33C0E90023F6E7F4F798FD03460A46E3
:10D95000A042B94105D2E61A67EB02022E606A6066
:10D96000E9E700263246F9E708B5EFF311804023D6
:10D9700083F31288BFF36F8FF4F77AFA08BD016260
:10D9800042620023036300F118028261C2610360F6
:10D9900043604363704710B50446FFF760FF60B90A
:10D9A000636A0BB12046984704F11800FFF734FE74
:10D9B00018B1FFF7ABFDFFF7D7FF10BD437B03F0B6
:10D9C0003F03013B072B26D8DFE803F01404250DA5
:10D9D0002525251C03699B680BB90020704702238D
:10D9E0000B600120704703691B68B3B104230B600F
:10D9F0000120704703699B680BB900207047012024
:10DA00000860704703691B6A0BB900207047102338
:10DA10000B6001207047002070470020704708B15C
:10DA200060387047704700238360437B03F03F03F7
:10DA3000082B0ED84FF48B7222FA03F313F0010F68
:10DA400007D003682BB1426813605A60002303605B
:10DA50004360704770B50646144611E005EB85003B
:10DA600006EB8000FFF7DFFF84F31188BFF36F8FB1
:10DA7000EFF31184402383F31288BFF36F8F29469D
:10DA80004D1E0029EAD170BD2DE9F04105460E4634
:10DA90000368984215D01446436893B19868FFF71D
:10DAA000BEFF80462046FFF7BAFF074601464046C4
:10DAB000FFF7CEFC002804DC2C68A5420FD100241F
:10DAC0000DE06B68356073601E606E60BDE8F081CC
:10DAD0006368736034601E606660F7E700249CB181
:10DAE000A068FFF79CFF01463846FFF7B1FC00280D
:10DAF000EEDC22466B689C42F0D02468002CEED00D
:10DB0000002AECD11446EAE76B68356073601E604A
:10DB10006E60DBE738B504460D46437B03F03F03F8
:10DB2000013B072B0BD8DFE803F013040A0C0A0AA9
:10DB30000A1900690A4621461030FFF7A5FFA560C3
:10DB400038BD00690A4621461030FFF79DFFF6E711
:10DB50000A4601460069FFF797FFF0E700690A46A9
:10DB600021462430FFF790FFE9E72DE9F04F83B01D
:10DB700080460F4691469A460025AB460AE0BAF128
:10DB8000000F02D199F8003023BB86F31188BFF350
:10DB90006F8F0135BD4224DAEFF31186402383F302
:10DBA0001288BFF36F8F05EB850408EB840401A98D
:10DBB0002046FFF703FF0028E1D00021A160E368C1
:10DBC000C3F386320198024362F39433E36089F829
:10DBD0000010DAE749462046FFF79CFF0BF1010BE6
:10DBE000D3E7584603B0BDE8F08F38B50D468068DE
:10DBF000FFF715FF437B13F0020F01D1002038BD62
:10DC00000446FFF759FD082D0AD00023C4F8B030B0
:10DC1000637B13F01F0F08D1A36923B1002305E034
:10DC20006FF00303F2E7012300E00023002BE5D0AF
:10DC30002046FFF76BFCE1E770B58468237873B189
:10DC400054F8045C5DB1A4F1140604F11400FFF76C
:10DC500006FE0023E36231462846FFF7ADFA0020B6
:10DC600070BD70B504460D468668D6B17378012B39
:10DC70000DD0022B12D0002030700023A360E36887
:10DC8000C3F386322A4362F39433E36070BDFFF737
:10DC9000ACFF002333709842EFDAF7E7FFF7CCFFD1
:10DCA000F7E70020E9E710B40024846090F80DC085
:10DCB00061F3050C80F80DC0C16864F39431C16054
:10DCC000817B62F345118173C28964F38F12C28133
:10DCD00003615DF8044B704710B50346EFF3118400
:10DCE000402282F31288BFF36F8F0068834208D00E
:10DCF0004268036813605A60002303604360FFF7C3
:10DD0000B0FF84F31188BFF36F8F10BD00604060D7
:10DD100000238360704730B108B5011F50F8040C30
:10DD2000FEF7B1FF08BD70470A44914200F1FF338E
:10DD300000D1704710B511F8014B03F8014F914223
:10DD4000F9D110BD884210B501EB020402D984421A
:10DD5000234607D8431EA14208D011F8012B03F82F
:10DD6000012FF8E7024401468A4200D110BD13F8A2
:10DD7000014D02F8014DF7E702440346934200D1FA
:10DD8000704703F8011BF9E710B5013902449042CE
:10DD900001D1002005E0037811F8014FA34201D022
:10DDA000181B10BD0130F2E710B50139044632B13D
:10DDB00011F8013F00F8013B013A002BF7D1002197
:10DDC000FFF7DAFF204610BD2DE9F047C3F1370910
:10DDD000074688465FFA89F903F01F0516464FF09B
:10DDE000000A384641462A465346CEF789FED4B249
:10DDF000092C88BF4C443A46434688BFE4B2AA4245
:10DE000004F1300473EB0A0306F8014B0746884619
:10DE1000E7D23046BDE8F0872DE9F04F89B006180B
:10DE2000994604AB41EB0104009315463046D2E914
:10DE300000232146DDF84CB000F0ABF806AB0093B0
:10DE4000D5E90223074688463046214600F0A1F86E
:10DE5000DDE90463841951EB0306069BD5E9000153
:10DE60004FF0000228BF0122D218079B43F10003A4
:10DE7000381848EB0101B84271EB0801E9680391D9
:10DE8000A96834BF0120002014EB010C039946EB74
:10DE9000010110EB0C0041F10001A04271EB060CF6
:10DEA00034BF4FF0010C4FF0000CCDE90623A9F16F
:10DEB000410A1CEB020243F10003CDF800A000F080
:10DEC00083F8129BC3E90001149B012BDDE90623B3
:10DED00029D1D5E90201D5E900C5201A66EB010177
:10DEE000674578EB050534BF01250025401B61F12E
:10DEF0000001844276EB010534BF01250025521B49
:10DF0000CDF800A063F1000300F05EF8DDE9062320
:10DF1000CBE90001CDF800A02046314600F054F8CE
:10DF200009B0BDE8F08F17EB070E48EB080C20197D
:10DF300046EB0601BE457CEB080834BF01270027ED
:10DF4000C71941F10008D5E9000186457CEB010CB9
:10DF5000D5E9021534BF01200020381A68F1000C01
:10DF6000401A6CEB050192185B41A74278EB06055D
:10DF700034BF01250025521943F10003874278EB95
:10DF8000010834BF01250025521BA9F14005009569
:10DF9000B8E7F0B50F460446A0FB0201A7FB02520A
:10DFA0004919A3FB044542F10002A7FB0373611862
:10DFB00045F10004D219059E43F10003121943F103
:10DFC0000003C6E90023F0BDF0B5059CC4F140078D
:10DFD000C4F1200602FA06F6A4F12005BB4022FA9D
:10DFE00005F53343C4F120062B4301FA06F6A4F1EC
:10DFF0002005E04021FA05F53043BA402843E140CE
:10E0000010431943F0BD2DE9F04F55EC104BA446D9
:10E01000C5F30A54034644EA0C0708462946C5F3EB
:10E020001305302657EA05085E71E146AE4673D106
:10E030000024A1421C716DDA01211971A0424FF038
:10E0400000041ADA204603F112060D25C2F1570228
:10E050004FF0300C07F00F013F0947EA0E774FEA07
:10E060002E1E002940F08680A84201DB86F800C001
:10E07000013D06F1FF36EDD175E00C2867DCC0F1FB
:10E080000D018900012601F1FF3EA1F12108C1F136
:10E09000210726FA07F706FA08F806FA0EF648EA04
:10E0A000070816EB060A48EB080BDAF100076BEBE2
:10E0B0004B0E1AF1FF3A4BF1FF3B0AEA0C0A0BEA4E
:10E0C000050B564578EB0B0B10DBC1F1200BB1F1C2
:10E0D000200A05FA0BFB2CFA01F141EA0B015CBFA7
:10E0E00045FA0AFA41EA0A01C90724D51CEB060CD5
:10E0F00045EB0805B5F5801FE1461CDB5979B4F501
:10E10000806F01F10101597127D007EA0C070EEA6F
:10E11000050E98E7002892E75CB13126C90F002868
:10E12000A4F2FF345E7119710FDB0C28A7DD0D20FE
:10E1300005E00124F2E707EA09090EEA0505B4F54E
:10E14000806F06D04F46AE467DE70020F7E70D20F2
:10E1500079E759EA05051A7908D01A7942F00802D8
:10E160001A714FF480641C60BDE8F08F42F0040225
:10E170001A71F8E70929D4BF30318918A8423170E3
:10E18000B8BF284674E7D1E9043293421EBF5A1C37
:10E190000A6118707047000001480068704700006D
:10E1A000C03B002000A6FD7F010000000920020006
:10E1B00000000000C94D02000000000035D602003A
:10E1C0007CE203008BC00300000000008912030002
:10E1D00000000000AD1203000000000075DE020028
:10E1E00090E2030051AF03000000000097AF03006E
:10E1F000000000002BA10300B8E2030005D90200D3
:10E20000A4E20300DDE50200000000006D640200EE
:10E2100000000000F52C020000000000B51502000F
:10E2200000000000A54D0200000000002DF30200D8
:10E23000000000000D1603000000000031D30200B2
:10E24000CCE203008DDB0200E0E2030073A50300D3
:10E25000F4E203009965020000000000D9EC02001E
:10E2600000000000E5AF030008E30300F94D0200E1
:10E2700000000000F55D0200000000002C360400E4
:10E280005C36040074360400B00800200842002008
:10E2900064370400743704008C370400B808002089
:10E2A000D04200209036040000000000A036040098
:10E2B000B20800205C420020A836040000000000E4
:10E2C000B8360400B408002000000000F435040053
:10E2D0000000000014360400AE080020000000001A
:10E2E000203704000000000048370400B608002072
:10E2F00000000000B4370400D437040010380400D4
:10E30000BA080020FC070020D83A040000000000F2
:10E31000F83A0400BC08002040450020B1AF0300DB
:10E32000D7B4030000000000B76103000000000044
:10E33000B7610300B5030300D7B403000000000079
:10E34000B761030000000000B761030021FF020075
:10E35000D7B40300CCE2030071D302000000000038
:10E36000B761030000000000B76103000000000077
:10E37000B761030000000000B76103000000000067
:10E38000B76103005C42002069D802000000000071
:10E39000B761030000000000B76103000000000047
:10E3A000B761030000000000F5E602000000000075
:10E3B000B761030000000000B76103000000000027
:10E3C000B761030000000000B76103000000000017
:10E3D000B761030000000000B76103000000000007
:10E3E000B7610300000000007DF3020000000000A0
:10E3F000B761030000000000B761030000000000E7
:10E40000B761030000000000B761030000000000D6
:10E41000B761030000000000B761030000000000C6
:10E42000B761030000000000B761030000000000B6
:10E43000B761030000000000B761030000000000A6
:10E44000B761030000000000B76103000000000096
:10E45000B761030005000000A9A30200000000004E
:10E4600006000000A9CD020000000000040000002A
:10E4700009A9020000000000176D0300295F0200D7
:10E48000000000000000000000000000000000008C
:10E49000000000007432040008000000443304004F
:10E4A000070000008C1B040004000000E4000400CE
:10E4B000220000002C11040003000000D4FB030024
:10E4C00003000000043604000300000008FB030002
:10E4D000030000005C0D0400030000003C26040063
:10E4E0000300000004280400030000000C300400B6
:10E4F00003000000642B040003000000941C0400CF
:10E50000030000006C32040003000000302504000A
:10E51000030000005827040003000000002D040041
:10E5200003000000FC39040003000000603A04000E
:10E5300003000000D0390400030000004C34040044
:10E5400003000000340E040003000000680D040006
:10E55000030000004C360400030000003C370400B8
:10E5600003000000C83A040003000000B0370400B4
:10E5700003000000C437040003000000FC3F040057
:10E5800003000000A00E040003000000A40E04001D
:10E5900003000000ACF3030003000000B43E0400DD
:10E5A00003000000F83B040003000000601A0400B0
:10E5B00003000000F41A040003000000201B040004
:10E5C000030000008C3A040003000000BC170400A4
:10E5D00003000000603404000300000068340400FD
:10E5E00003000000FC40040003000000A4FC030042
:10E5F000030000003C18040003000000E83A040097
:10E6000003000000D805040003000000D40F04003C
:10E610007C3B0020C40F0400010000000400000047
:10E620000F000000010000000800000028000000AA
:10E6300064000000740000000D0000000C000000E9
:10E640000E0000005000000078000000AC00000048
:10E6500008000000FFFFFFFF49000000FFFFFFFF71
:10E66000395802005D5C0200ED630200FFFFFFFF0E
:10E670000C0024000000800CFB0090420C002400E1
:10E680000000800C000000000000000100000002FB
:10E69000000000040000000800000010000000203E
:10E6A00000000040000000800000001B0000003659
:10E6B0000600090000002A000C0024000000800C65
:10E6C000242404002C2404003024040034240400F6
:10E6D000382404003C2404004024040044240400A2
:10E6E000482404004C240400502404005424040052
:10E6F000582404005C2404000C0024000000800C5A
:10E70000000000000041040000010000F401FA00D4
:10E71000960064004B0032001E0014000A00050041
:10E720000200010000000000141E00003011000073
:10E7300001000100000101000001000100000100D2
:10E740000100000001000B0002000A0005000900A2
:10E750000A000800140007001E0006003200050031
:10E760004B0004006400030096000200FA00010060
:10E77000F40100000C0802170D0101020909010152
:10E780000602091818030101090903030503020120
:10E79000230202240910040405050B0B040B2B1B98
:10E7A0001B151A1A1C021D16130501490D1505002B
:10E7B000A301B103BF05EF024906A309C505F50B87
:10E7C00025120E021C045A03B4063006600C000029
:10E7D00001000000101100400000000000000000D7
:10E7E00000000000000000000406080A0C0E1012D1
:10E7F0001416181C1E20222426282A2C2E303234CF
:10E8000036383A3C3E40424446484A4C4E021A5042
:10E8100000000000280000001800000000000000B8
:10E82000141E00003011000000002CA6E0A1000022
:10E830000000000070170000A00F00000000DC05C1
:10E84000E803000000000000141E0000301100006A
:10E85000D8ECF0F4F8FC00020304050607080000F9
:10E8600000000000000000000000000000000000A8
:10E870000000010101010202020203030303040478
:10E880000404050505050606060809000000000049
:10E890000000000000000000000000000000000177
:10E8A000010101020202020303030304040404053C
:10E8B00005050506060708090A0B0C0D07090902DC
:10E8C000030700100200FA000000000025C5010047
:10E8D00031C5010035C501003DC5010041C501003C
:10E8E0000338FDD870470000010000000000000060
:10E8F00005000000000000001900000000000000FA
:10E900007D00000000000000710200000000000017
:10E91000350C000000000000093D00000000000070
:10E920002D31010000000000E1F5050000000000AD
:10E9300065CD1D0000000000F902950000000000F8
:10E94000DD0EE90200000000514A8D0E00000000BB
:10E950009573C24800000000E941CC6B0100000043
:10E960008D49FD1A07000000C16FF28623000000E8
:10E97000C52EBCA2B1000000D9E9AC2D780300007F
:10E980003D9160E45811000031D6E275BC5600009C
:10E99000F52E6E4DAEB10100C9EA268367780800F6
:10E9A000ED95C28F055A2A00A1EDCCCE1BC2D30033
:10E9B00025A4000A8BCA2204000000000000000009
:10E9C0000000000000000010000000000000000037
:10E9D000B9340332B7F4AD1410DB1AB30892540EF5
:10E9E0000D307D951447BA1A66088F4D26ADC66D59
:10E9F000F598BF85E2B74511CA96853D92BD1DEBDE
:10EA0000FCA11860DCEF52163C92AE220BB8C1B4E8
:10EA1000839D2D5B0562DA1C304C7E8F4E8BB25B82
:10EA200016F4529F8B56A512FBD4827643ED8AF0E2
:10EA30008FE7F9311565191850F19BD94A13EEB4D7
:10EA4000284CF0A686C1251F035FC270CB9E4916D5
:10EA5000E642889C44EB2014B0650836AD6EA5856F
:10EA600085F0CA14E2FD031A0B899979D5B13D09E5
:10EA7000D8DA973A35EBCF10AC363F5E73BB38CF60
:10EA80003E6752FA44AFBA150100000000000000D2
:10EA90000000000000000020345065C05FC9A6528D
:10EAA000BB13CBAEC440C21806C8DF7100D5A87C2A
:10EAB000F56F0FDA58FC27136E4756357D24206515
:10EAC00002C7E768E48CA41DE9E60268D7CD396186
:10EAD0007977FCC2405BEF16798CDE43FFA751F9D2
:10EAE00091F3B278F5BDBE11E857E9D6E8BEE87BF0
:10EAF000B054AC8F848D751BEA23A499E9F9D38BAC
:10EB0000B7A3714061DA3E15CEE33ECB73F94808F6
:10EB10008C97B427D51B7010A2BFEFB9EB853215C7
:10EB20004DB44DB49BBB6F1996B6076CF8E7EEADCC
:10EB300036D9B4F59135AE13222218AF4E6A684D1E
:10EB400091DAAA3D4F40741E9FBD9EE006A1C09879
:10EB500057C2A7FDA40E90170E7D497173E3208F55
:10EB6000B220D87605143B12853D7434811343B02E
:10EB7000AD297A5F27F4351C436F6E6E6563742090
:10EB800070726F62653A20505047204C45447320A4
:10EB90006F666600424C45206C696E6B20646F772F
:10EBA0006E3A206F6E5F646F636B3D256420776FF4
:10EBB000726E3D25642073746174653D25640000A8
:10EBC0004661696C656420746F2064697361626C6E
:10EBD0006520505047204C454420504120666F72BC
:10EBE000204C4544202564004F6E2D646F636B20DC
:10EBF000696E76617269616E743A20666F726369DC
:10EC00006E6720776F726E3D300000004465766954
:10EC1000636520737461746520256420286F6E5FBE
:10EC2000646F636B3D256420776F726E3D256420B1
:10EC30006368617267655F6163746976653D2564C9
:10EC4000290000004D6F646520332072656675737E
:10EC500065643A20736F667420666C6F6F7220254E
:10EC6000646D562067617567653D25752525000033
:10EC700066773A206D6F64653320726566757365DB
:10EC80006420736F66745F666C6F6F72206D763D83
:10EC9000256400005573657220646576696365209C
:10ECA0006D6F6465202575202D3E206F6E5F646F4B
:10ECB000636B3D256420776F726E3D256400000014
:10ECC000436F6E6E6563742070726F62653A206484
:10ECD000696D20677265656E20505047204C454431
:10ECE000202850413D2564290000000066773A2025
:10ECF00062617420756E6465725F6C6F6164206D13
:10ED0000763D2564206361636865643D2564206405
:10ED1000696D3D257500000066773A2062617420B8
:10ED20007361672064696D206C6564732069723D4E
:10ED30002575207265643D257500000066773A20D0
:10ED400062617420756E6465725F6C6F6164206DC2
:10ED5000763D30206361636865643D2564206469A5
:10ED60006D3D257500000000576F726E2073656E53
:10ED700073696E67204C454473207265643D257548
:10ED80002069723D2575206361636865643D256473
:10ED90006D5620756E6465723D25646D56000000E9
:10EDA0006368727374732025733A207068793D2507
:10EDB000642064743D2564206163746976653D2533
:10EDC00064206D616A3D256420696E766572743DCC
:10EDD000256420646F636B5F7261773D2564206FEB
:10EDE0006E5F646F636B3D25642070686173653D81
:10EDF00025642065646765733D256C6420617373C9
:10EE00006572745F683D257520696E6163745F6823
:10EE10003D2575206368617267653D2564206D76C8
:10EE20003D25640066773A20636872737473202509
:10EE300073207068793D25642064743D25642061E9
:10EE400063743D2564206D616A3D256420696E769A
:10EE50003D2564207261773D2564206F6E3D2564F9
:10EE60002070683D256420653D256C642061683D07
:10EE700025752069683D25752063683D2564206DF2
:10EE8000763D256400000000424C45206C696E6BA5
:10EE90002075703A206F6E5F646F636B3D25642050
:10EEA000776F726E3D25642073746174653D2564CF
:10EEB000206261743D256425252063686172676561
:10EEC0003D2564206469653D25642E25303264202B
:10EED000432070726F62653D256473006C696E6BD0
:10EEE00000000000536F667420666C6F6F722028FC
:10EEF00072656D617070656420302525293A202582
:10EF0000646D562067617567653D2575252520630D
:10EF100068656D3D2575252520E280942050504779
:10EF20002F414343206F66662C204D435520737458
:10EF3000617973207570000066773A20666C6F6F98
:10EF4000722073656E736F7273206F6666206D76C4
:10EF50003D2564207063743D2575000066773A2076
:10EF6000666C6F6F722073656E736F72732072655B
:10EF700073756D65206D763D2564207063743D2545
:10EF8000750000004661696C656420746F206665D9
:10EF90007463682074656D70657261747572652044
:10EFA00073616D706C652077697468206572726F2B
:10EFB00072202564000000004661696C656420745D
:10EFC0006F206765742074656D7065726174757209
:10EFD000652076616C75652077697468206572724A
:10EFE0006F7220256400000054656D706572617455
:10EFF0007572653A2025642E253032642043000066
:10F00000737461745F6F6E00737461745F6F6666B2
:10F01000000000006368617267655F616374697610
:10F020006520757365725F6D6F6465206465743DFE
:10F03000256420737461743D2564206D763D2564DC
:10F04000206F6E5F646F636B3D25640066773A20C6
:10F050006368617267655F61637469766520756D69
:10F06000206465743D25642073743D2564206D76AD
:10F070003D2564206F6E3D256400000053544154CB
:10F08000206F6E2D7061642077696E73206F7665D6
:10F09000722075736572206D6F646520E280942024
:10F0A0006F6E5F646F636B3D3120776F726E3D30C2
:10F0B0000000000053544154207061642077696E51
:10F0C000732069646C65206C696E6B006368727391
:10F0D0007473207068617365202564202D3E20259F
:10F0E000642065646765733D25752061737365727F
:10F0F000743D2564206F6E5F646F636B3D256420F3
:10F100006D763D256400000066773A20636872736F
:10F1100074732070686173652025642D3E2564201A
:10F12000653D257520613D2564206F6E3D25642079
:10F130006D763D256400000053544154206F6E2DC0
:10F14000706164207769746820776F726E3D31203A
:10F15000E2809420636C656172696E6720776F72DC
:10F160006E00000068620000312E302E383400003E
:10F1700054474D204170706C69636174696F6E20F3
:10F1800025730A004750494F206973206E6F742021
:10F1900072656164790000004661696C6564207481
:10F1A0006F206C6174636820424154454E202850A2
:10F1B000302E3130292C206572723D25640000000C
:10F1C0002A2A2A204241545445525920504F57452B
:10F1D0005220454E41424C4544204F4E2050302E47
:10F1E0003130202A2A2A0A00626C655F696E6974D0
:10F1F00028292072657475726E656420256400008C
:10F20000626174746572795F696E6974282920720D
:10F21000657475726E6564202564000062617474A3
:10F220006572795F73746172745F6D656173757215
:10F23000656D656E7428292072657475726E6564DB
:10F24000202564004661696C656420746F20656EDA
:10F2500061626C652073656E736F7220706F776585
:10F26000720000007070675F696E697428292072EF
:10F27000657475726E656420256400006163635F68
:10F28000696E697428292072657475726E656420D0
:10F29000256400004661696C656420746F20636FAB
:10F2A0006E66696775726520636872737473207027
:10F2B000696E00004661696C656420746F2061644A
:10F2C000642063616C6C6261636B20746F2063689F
:10F2D000727374732070696E00000000626F6F7447
:10F2E000000000004661696C656420746F20636FE4
:10F2F0006E666967757265206368727374732070D7
:10F30000696E20696E746572727570740000000019
:10F3100054656D7065726174757265206D6F6E698C
:10F32000746F72696E672073746172746564000033
:10F330003D3D3D20494E495449414C495A4154496B
:10F340004F4E20434F4D504C455445203D3D3D00D0
:10F350006C656420706F6C696379207061642069EA
:10F36000646C65006C656420706F6C6963792069FA
:10F37000646C652F7374616C650000004465627590
:10F3800067207265626F6F742061667465722025F4
:10F3900075732028696E74657276616C20257573AB
:10F3A0002900000090E20300050011006D61696E04
:10F3B00000000000636F6E6E656374696F6E2F737B
:10F3C00075706572766973696F6E2074696D656FAB
:10F3D0007574000072656D6F7465207573657220B9
:10F3E0007465726D696E6174656400006C6F636151
:10F3F0006C20686F7374207465726D696E617465DA
:10F40000640000004D4943206661696C75726500B7
:10F410006661696C656420746F2065737461626CE9
:10F420006973680073656520436F7265205370656A
:10F430006320566F6C2032205061727420440000AB
:10F44000436F6E6E656374696F6E20706172616D7B
:10F45000657465727320757064617465643A2069BF
:10F460006E74657276616C20252E3266206D732C69
:10F47000206C6174656E637920256420696E746503
:10F480007276616C732C2074696D656F75742025BC
:10F4900064206D73000000004D545520657863684A
:10F4A000616E67652072657475726E656420776938
:10F4B0007468206572726F7220636F6465202564C2
:10F4C000000000004D5455207375636573736675B5
:10F4D0006C6C792073657420746F202564000000C3
:10F4E000446973636F6E6E65637465642C20484372
:10F4F0004920726561736F6E203078253032782034
:10F5000028257329000000007075626C6963000093
:10F5100072616E646F6D0000253032583A253032CA
:10F52000583A253032583A253032583A2530325838
:10F530003A25303258202825732900007075626CF6
:10F5400069632D696400000072616E646F6D2D69DE
:10F5500064000000436F6E6E656374696F6E2070A7
:10F560006172616D65746572207570646174652087
:10F5700072657175657374206661696C65643A20A3
:10F5800025640000436F6E6E656374696F6E207052
:10F590006172616D65746572207570646174652057
:10F5A000726571756573746564202874696D656F23
:10F5B0007574202564206D73290000004D5455207A
:10F5C00065786368616E6765206661696C65642053
:10F5D0002865727220256429000000004D545520D2
:10F5E00065786368616E67652070656E64696E67D3
:10F5F000202E2E2E0000000044617461206C656E88
:10F6000067746820757064617465207265717565D2
:10F610007374206661696C65643A2025640000009B
:10F6200044617461206C656E6774682075706461F4
:10F6300074656420746F202564000000436F6E6E53
:10F64000656374696F6E206572726F722025640045
:10F65000436F6E6E656374656420746F20646576B5
:10F660006963652077697468206164647265737387
:10F670002025730062745F636F6E6E5F6765745FF1
:10F68000696E666F28292072657475726E656420D4
:10F6900025640000436F6E6E656374696F6E207041
:10F6A0006172616D65746572733A20696E7465721A
:10F6B00076616C20252E3266206D732C206C61746F
:10F6C000656E637920256420696E74657276616C5D
:10F6D000732C2074696D656F7574202564206D73BB
:10F6E00000000000436F6E6E656374696F6E207278
:10F6F000656379636C65643B2072657374617274D1
:10F70000696E67206164766572746973696E6700FB
:10F710004164762066616C6C6261636B3A202E7284
:10F72000656379636C6564206D697373656420E259
:10F730008094207374617274696E67206164766569
:10F7400072746973696E670066773A206164762027
:10F7500066616C6C6261636B2072656379636C6572
:10F76000642D6D6973730000313030206D730000BB
:10F77000353030206D7300005374617274696E67A8
:10F7800020636F6E6E65637461626C652061647680
:10F790006572746973696E672028696E7465727624
:10F7A000616C207E257329004164766572746973EB
:10F7B000696E67206661696C656420746F2073747C
:10F7C0006172742C206572723A202564000000007A
:10F7D0004164766572746973696E672073746172CF
:10F7E000746564003F000000424C45207265636F01
:10F7F0007665723A20257320636F6E6E656374655B
:10F80000643D25640000000066773A20626C652044
:10F810007265636F7665722025730000636F6E6E8C
:10F8200065637465642069646C652F7374616C65CD
:10F830002073747265616D00426C7565746F6F74CE
:10F840006820696E6974206661696C65642028654A
:10F850007272202564290A00426C7565746F6F749A
:10F860006820696E697469616C697A65640A000070
:10F8700007100000580500204F72616C61626C65D2
:10F8800000000000010100006805002009080000D8
:10F8900078F80300656E61626C6564006469736189
:10F8A000626C6564000000004669726D7761726584
:10F8B00020636F6E666967207374617465206E6F74
:10F8C00074696669636174696F6E732025730000E3
:10F8D000414343206E6F74696669636174696F6E3A
:10F8E0007320257300000000505047206E6F74692C
:10F8F0006669636174696F6E732025730000000090
:10F900004465666572726564204143432073746187
:10F910007274206661696C65642028256429000082
:10F920004669726D77617265206C6F67206E6F74C7
:10F93000696669636174696F6E73202573000000E6
:10F9400044657669636520737461747573206E6FA6
:10F9500074696669636174696F6E73202573000052
:10F96000456E61626C6564206E6F7469666963617F
:10F9700074696F6E7320666F722077726974652088
:10F980007070672072656720646174610000000018
:10F99000456E61626C6564206E6F7469666963614F
:10F9A00074696F6E7320666F722072656164207077
:10F9B000706720726567206461746100456E6162E2
:10F9C0006C6564206E6F74696669636174696F6EDB
:10F9D0007320666F722074656D70206461746100BD
:10F9E00052656164696E6720626174746572792022
:10F9F00076616C756500000052656164696E672010
:10FA0000555549442076616C7565000057726974DC
:10FA1000696E67205050472072656769737465721C
:10FA20000000000052656164696E672050504720F5
:10FA3000726567697374657200000000456E6162EB
:10FA40006C6564206E6F74696669636174696F6E5A
:10FA50007320666F722062617474657279206461CC
:10FA60007461000052656164696E67206669726D39
:10FA7000776172652076657273696F6E3A202573BF
:10FA80000000000047415454206E6F74696679206D
:10FA90006661696C656420282573293A2065727255
:10FAA0003D2564206C656E3D2575000052656164DE
:10FAB000696E672064657669636520737461747527
:10FAC000730000006F6E2D626F6479006F66662DA3
:10FAD000626F647900000000576F726E207374616A
:10FAE0007475733A20257320285050472F414343A3
:10FAF00020666F6C6C6F7720424C452C206E6F74C3
:10FB000020776F726E2900006261747465727900EB
:10FB10007374617475732D6B656570616C6976655E
:10FB20000000000074656D702D6B656570616C6917
:10FB30007665000042617474657279206E6F746935
:10FB40006679207265717565737465642062757479
:10FB50002063616C6C6261636B206973206E6F74EB
:10FB6000207365740000000042617474657279202E
:10FB70006E6F746966792064656665727265643A51
:10FB8000206E6F20636163686564206D562079651F
:10FB90007400000044656665727265642062617479
:10FBA00074657279206E6F74696679206661696C1C
:10FBB0006564202825642900426174746572792087
:10FBC0006E6F746966792073656E743A2025646D72
:10FBD000560000006163630074656D7000000000F2
:10FBE0007070672D7265672D72656164000000009A
:10FBF0007070672D7265672D7772697465000000FB
:10FC000053656E64696E67207374617475733A200E
:10FC10006F6E5F646F636B3D25642C20776F726E2F
:10FC20003D25642C2073746174653D25642C20622D
:10FC30006174746572793D256425252C20636861A3
:10FC40007267655F6163746976653D2564000000D5
:10FC5000737461747573000066772D6C6F670000B4
:10FC600066773A2069725F70756C736520776F7282
:10FC70006E3D25752061633D25752064633D2575C6
:10FC800000000000436F6E6E6563742070726F62D7
:10FC90006520656E6465642028776F726E3D25640B
:10FCA000290000007070670066773A2075736572EE
:10FCB0005F6D6F64653D25752028696E7465726E91
:10FCC000616C290066773A206C6F672073747265E7
:10FCD000616D206F70656E0066773A20636872739D
:10FCE0007473206F70656E207068793D257520648F
:10FCF000743D2575206163743D2575206D616A3DF5
:10FD00002575207261773D2575206F6E3D25752024
:10FD1000737461623D2575206D69733D2575000022
:10FD20005050472073616D706C65207374616C6C0A
:10FD3000202564206D7320E28094207265636F76C5
:10FD40006572696E6720424C4500000066773A2074
:10FD50007070672073616D706C65207374616C6C7A
:10FD6000202564007070672073616D706C6520736E
:10FD700074616C6C00000000505047206E6F746915
:10FD800066792069646C6520E28094207265636FF7
:10FD9000766572696E6720424C45000066773A20AE
:10FDA000707067206E6F746966792069646C650095
:10FDB0004F66662D626F6479205050472073656EE0
:10FDC00073696E672C206E6F20414343206D6F7402
:10FDD000696F6E203130206D696E20E28094207250
:10FDE00065636F766572696E6720424C450000005E
:10FDF00066773A206465736B206E6F206D6F74694F
:10FE00006F6E2031306D00006465736B206E6F2063
:10FE10006D6F74696F6E0000416C6C206E6F746959
:10FE20006679207374616C6C202564206D7320E208
:10FE30008094207265636F766572696E6720424CAC
:10FE40004500000066773A20616C6C206E6F746923
:10FE50006679207374616C6C20256400616C6C2081
:10FE60006E6F74696679207374616C6C00000000B9
:10FE700066773A207374617473207070675F6F6B7C
:10FE80003D2575207070675F6572723D2575207025
:10FE900070675F6C6173743D2564206163635F6F9D
:10FEA0006B3D2575206163635F6572723D2575202A
:10FEB0006163635F6C6173743D2564206C6F675F81
:10FEC0006F6B3D2575206C6F675F6572723D2575A0
:10FED000206C6F675F6C6173743D25642070726F76
:10FEE00062653D257500000066773A207070675F97
:10FEF000737461727420736B6970206363633D2552
:10FF00007520636F6E6E3D257520666C6F6F723D58
:10FF1000257500004465666572726564205050471F
:10FF2000207374617274206661696C656420282591
:10FF30006429000066773A207070675F737461729D
:10FF400074206661696C20256400000066773A20A1
:10FF50007070675F7374617274206F6B00000000D3
:10FF600066773A20736E617020646F636B3D257510
:10FF700020776F726E3D25752073743D2575206264
:10FF800061743D2575206368673D25752070726F2B
:10FF900062653D25750000007374617475732D737F
:10FFA0006E61700066776366672D736E6170000026
:10FFB00066773A20636667206C65643D257520701E
:10FFC000613D2575206572723D25640066773A2093
:10FFD0006366672073746174735F706572696F64C0
:10FFE0005F733D257500000066773A2063666720E1
:10FFF000636F6E6E5F706172616D5F757064617466
:020000040004F6
:1000000065206572723D25640000000066773A2025
:1000100063666720626174746572795F696E746586
:100020007276616C5F733D257500000066773A203B
:100030006366672074656D705F696E746572766162
:100040006C5F733D2575000066773A206366672014
:1000500073747265616D5F656E61626C655F6D6121
:10006000736B3D30782530327800000066773A2097
:100070006D6F646533207061642067726163652011
:100080002564206D7320686F6C64202564207300E4
:1000900066773A2063666720757365725F6D6F647B
:1000A000653D25752028303D6175746F20313D63B5
:1000B00068617267657220323D69646C6520333D0A
:1000C000776F726E2900000066773A2063666720BA
:1000D00064656275675F7265626F6F745F733D25FB
:1000E00075000000D40504004D95030000000000D9
:1000F000C005040000000100BC05040003960300D5
:10010000000000009C06002000000100940504008F
:1001100041F4010000000000A81A002000000100C6
:1001200090050400039603000000000094060020E0
:10013000000001006805040055F501000000000002
:10014000A4060020000001006405040003960300DB
:10015000000000008C060020000001003C050400A7
:10016000D5F3010000000000143900200000010058
:100170003805040085950300D9BA020074060020F2
:100180000000030034050400039603000000000093
:100190006C060020000001000C05040000000000B7
:1001A00000000000C4390020000001000805040020
:1001B00085950300D9BA0200540600200000030010
:1001C0000405040003960300000000004C06002014
:1001D00000000100DC04040000000000000000003A
:1001E0002839002000000100D80404008595030090
:1001F000D9BA02003406002000000300D404040031
:1002000003960300000000002C06002000000100FF
:10021000AC040400000000000000000020390020B1
:1002200000000100A804040085950300D9BA02006B
:100230001406002000000300A40404000396030039
:10024000000000000C060020000001007C040400F7
:1002500000000000D5F401000000000000000200D2
:100260007804040085950300D9BA0200F405002043
:100270000000030074040400039603000000000063
:10028000EC050020000001004C0404000000000008
:1002900099F401000000000000000200480404007E
:1002A00085950300D9BA0200D405002000000300A0
:1002B000440404000396030000000000CC05002065
:1002C000000001001C04040045F8010000000000CB
:1002D000183900200000010018040400859503006F
:1002E000D9BA0200B4050020000003001404040081
:1002F0000396030000000000AC0500200000010090
:10030000EC030400000000000000000000000000FA
:1003100000000100E803040085950300D9BA02003B
:100320009405002000000300E4030400039603008A
:10033000000000008C05002000000100BC03040048
:1003400000000000F90B02000000000000000200A5
:10035000B803040003960300000000008405002099
:100360000000010090030400F542030000000000BB
:10037000B4060020000001008C03040085950300F2
:10038000D9BA02006C050020000003000000022919
:10039000028EC4D40FEE1AAF94B246C4980CF00F7C
:1003A0003A000000028EC4D40FEE1AAF94B246C4D5
:1003B000980CF00F3A00000000000328028EC4D40D
:1003C0000FEE1AAF94B246C4980BF00F3A0000003B
:1003D000028EC4D40FEE1AAF94B246C4980BF00F3D
:1003E0003A0000000000032800000229028EC4D455
:1003F0000FEE1AAF94B246C4980AF00F3A0000000C
:10040000028EC4D40FEE1AAF94B246C4980AF00F0D
:100410003A0000000000032800000229028EC4D424
:100420000FEE1AAF94B246C49809F00F3A000000DC
:10043000028EC4D40FEE1AAF94B246C49809F00FDE
:100440003A0000000000032800000229028EC4D4F4
:100450000FEE1AAF94B246C49808F00F3A000000AD
:10046000028EC4D40FEE1AAF94B246C49808F00FAF
:100470003A0000000000032800000229028EC4D4C4
:100480000FEE1AAF94B246C49807F00F3A0000007E
:10049000028EC4D40FEE1AAF94B246C49807F00F80
:1004A0003A0000000000032800000229028EC4D494
:1004B0000FEE1AAF94B246C49803F00F3A00000052
:1004C000028EC4D40FEE1AAF94B246C49803F00F54
:1004D0003A0000000000032800000229028EC4D464
:1004E0000FEE1AAF94B246C49802F00F3A00000023
:1004F000028EC4D40FEE1AAF94B246C49802F00F25
:100500003A0000000000032800000229028EC4D433
:100510000FEE1AAF94B246C49801F00F3A000000F3
:10052000028EC4D40FEE1AAF94B246C49801F00FF5
:100530003A0000000000032800000229028EC4D403
:100540000FEE1AAF94B246C49804F00F3A000000C0
:10055000028EC4D40FEE1AAF94B246C49804F00FC2
:100560003A00000000000328028EC4D40FEE1AAF38
:1005700094B246C49806F00F3A000000028EC4D42C
:100580000FEE1AAF94B246C49806F00F3A0000007E
:1005900000000328028EC4D40FEE1AAF94B246C4F2
:1005A0009805F00F3A000000028EC4D40FEE1AAF87
:1005B00094B246C49805F00F3A00000000000328EA
:1005C000028EC4D40FEE1AAF94B246C49800F00F56
:1005D0003A0000000000002874676D5F7365727652
:1005E000696365004661696C656420746F2072659B
:1005F0006164205050472073656E736F722072657E
:1006000067697374657220307825303258000000B5
:100610004661696C656420746F2077726974652027
:100620005050472073656E736F72207265676973EF
:100630007465722030782530325800004661696C4C
:10064000656420746F207265616420505047207388
:10065000656E736F7220726567697374657220309E
:10066000782530325820616674657220777269741B
:10067000696E67004661696C656420746F207365FC
:100680006E642050504720726567697374657220EC
:1006900076616C7565206E6F7469666963617469F3
:1006A0006F6E00004661696C656420746F2072652E
:1006B00061642050504720646174610050504720AD
:1006C0006E6F74696679206661696C65642028259F
:1006D0006429000049324320646576696365206EB1
:1006E0006F7420726561647920647572696E672029
:1006F000696E697469616C697A6174696F6E206F83
:1007000066205050472073656E736F7200000000C2
:100710004750494F20646576696365206E6F742089
:10072000726561647920647572696E6720696E69AB
:100730007469616C697A6174696F6E206F662050AC
:1007400050472073656E736F720000004661696CDC
:10075000656420746F20636F6E66696775726520CB
:100760005050472073656E736F7220696E742070ED
:10077000696E20617320696E707574004661696CE2
:10078000656420746F206164642063616C6C6261D5
:10079000636B20746F205050472073656E736F72C7
:1007A00020696E742070696E000000004661696CFB
:1007B000656420746F2072652D656E61626C6520C2
:1007C0005050472073656E736F7220696E74206994
:1007D0006E74657272757074000000004661696C19
:1007E000656420746F2073746172742050504720C8
:1007F00073656E736F7200004661696C6564207486
:100800006F20636F6E666967757265205050472070
:1008100073656E736F7220696E742070696E2069E3
:100820006E74657272757074000000004661696CC8
:10083000656420746F2064697361626C6520505038
:10084000472073656E736F7220696E742070696ED5
:1008500020696E7465727275707400005050472084
:10086000656E737572655F6177616B65206661693E
:100870006C656420282564292C207265737461726C
:1008800074696E672073656E736F72004661696C80
:10089000656420746F2073746F702050504720730C
:1008A000656E736F720000004661696C6564207448
:1008B0006F2073657420505047204C4544205041B0
:1008C00020666F72204C45442025640090E20300AE
:1008D000140011004661696C656420746F207265B4
:1008E000616420616363656C65726F6D65746572C8
:1008F0002064617461000000414343206E6F74699D
:100900006679206661696C65642028256429000089
:1009100049324320646576696365206E6F74207286
:100920006561647920647572696E6720696E6974A7
:1009300069616C697A6174696F6E206F66206163AA
:1009400063656C65726F6D657465722073656E7337
:100950006F7200004750494F2064657669636520D7
:100960006E6F7420726561647920647572696E6758
:1009700020696E697469616C697A6174696F6E204F
:100980006F6620616363656C65726F6D6574657217
:100990002073656E736F72004661696C65642074C4
:1009A0006F20636F6E66696775726520616363654A
:1009B0006C65726F6D657465722073656E736F72AE
:1009C00020696E742070696E20617320696E707585
:1009D000740000004661696C656420746F20616476
:1009E000642063616C6C6261636B20746F2061636F
:1009F00063656C65726F6D657465722073656E7387
:100A00006F7220696E742070696E00004661696CB7
:100A1000656420746F207374617274206163636510
:100A20006C65726F6D657465722073656E736F723D
:100A3000000000004661696C656420746F20636F7C
:100A40006E66696775726520616363656C65726F58
:100A50006D657465722073656E736F7220696E7454
:100A60002070696E20696E74657272757074000012
:100A70004661696C656420746F2064697361626C9F
:100A80006520616363656C65726F6D657465722066
:100A900073656E736F7220696E742070696E206961
:100AA0006E74657272757074000000004661696C46
:100AB000656420746F2073746F7020616363656C6C
:100AC00065726F6D657465722073656E736F720009
:100AD0004144432072656164206661696C65642CE1
:100AE00020657272202564004144432072617720A2
:100AF000746F206D696C6C69766F6C7473206661BD
:100B0000696C65642C206572722025640000000009
:100B1000426174746572793A20696D706C617573A5
:100B200069626C65207261775F6D763D256420286F
:100B300077696E646F772025642E2E25646D5629A3
:100B400020E280942073616D706C6520646973632A
:100B5000617264656400000042617474657279209A
:100B60007363616C696E672066616C6C6261636B54
:100B70003A207573696E6720646976696465722FBF
:100B80003620287261775F6D763D2564202D3E20EA
:100B900025646D56290000004261747465727920E5
:100BA0007363616C696E672066616C6C6261636B14
:100BB0003A207573696E67206E6F2D64697669647B
:100BC000657220287261775F6D763D2564202D3E29
:100BD0002025646D56290000426174746572792085
:100BE0007363616C696E672066616C6C6261636BD4
:100BF0003A207573696E67206E6F2D64697669643B
:100C000065722F3620287261775F6D763D256420EE
:100C10002D3E2025646D5629000000004261747449
:100C2000657279207363616C696E67206F757420DB
:100C30006F662072616E67653A207261775F6D76CC
:100C40003D256420765F6469763D256420E28094CA
:100C50002073616D706C6520646973636172646593
:100C60006400000041444320646576696365206E3A
:100C70006F74207265616479000000004144432074
:100C80006368616E6E656C20736574757020666153
:100C9000696C65642C206572722025640000000078
:100CA0004750494F2070696E20636F6E66696775A3
:100CB00072652028626174656E3D48494748292065
:100CC0006661696C65642C20657272202564000081
:100CD000426174746572793A2025646D56202D3E08
:100CE0002067617567653D25752525206368656DFD
:100CF0003D2575252500000090E203000A00000054
:100D0000CCE2030000010804000000050000000020
:100D10000C00000042617474657279204C45443ABD
:100D2000206F6E5F646F636B3D2564206368617242
:100D300067653D256420776F726E3D2564206D7672
:100D40003D25646D56207063743D2575202D3E2031
:100D50007061747465726E20256400006261747441
:100D60006572795F6C6564006368617267655F6472
:100D7000657400005B4541524C595D20525454202B
:100D8000696E697469616C697A65640A00000000C3
:100D900028756E7369676E656429206368617220C7
:100DA0002A207573656420666F7220252570206186
:100DB0007267756D656E742E204974277320726595
:100DC000636F6D6D656E64656420746F206361731D
:100DD0007420697420746F20766F6964202A206201
:100DE000656361757365206974206D617920636145
:100DF000757365206D69736265686176696F7220CD
:100E0000696E206365727461696E20636F6E6669D6
:100E10006775726174696F6E732E20537472696E98
:100E2000673A2225732220617267756D656E743A88
:100E30002564000063627072696E74665F7061633E
:100E40006B616765000000004661696C6564207431
:100E50006F207265626F6F743A207370696E6E698D
:100E60006E6720656E646C6573736C792E2E2E0A26
:100E7000000000006C6F6767696E6700E81C002067
:100E80000001000017580300815703000200000012
:100E9000B95A03000000000000000000000000003C
:100EA0006C6F67006C6F675F6D676D7400000000AA
:100EB0004D6573736167652028222573222920649C
:100EC000726F707065642062656361757365206917
:100ED0007420657863656564732073697A65206C36
:100EE000696D69746174696F6E2028257529000029
:100EF0005B2530386C755D20000000005B253032CA
:100F0000753A253032753A253032752E25303375D5
:100F10002C253033755D20001B5B306D0000000018
:100F200025732E0025733A20000000003C25733EF7
:100F30002000000025732F00257320000D0A0000FB
:100F40002530327820000000202020007C000000A6
:100F500025630000206D657373616765732064729B
:100F60006F70706564202D2D2D0D0A1B5B306D0098
:100F70001B5B313B33316D2D2D2D20001B5B313B35
:100F800033316D001B5B313B33336D006572720092
:100F900077726E00696E6600646267000000000090
:100FA0007C0F0400840F040000000000000000001B
:100FB000000000008C0F0400900F0400940F040048
:100FC000980F04006C6F675F6261636B656E645FAE
:100FD00072747400ED370200DD370200C53702007D
:100FE000C936020000000000E536020000000000E3
:100FF00055370200843B0020943B00201000000085
:101000004275666665722073697A6520697320622D
:101010006967676572207468616E2070616765003A
:101020004572726F72202564207768696C6520674D
:10103000657474696E67207061676520696E666F9C
:10104000000000004572726F722025642077686985
:101050006C652065726173696E67207061676500F9
:1010600073747265616D5F666C6173685F657261F0
:1010700073655F7061676520657272202564206FFB
:1010800066667365743D30782530387A78000000E4
:10109000666C6173685F7772697465206572726FE0
:1010A00072202564206F66667365743D3078253044
:1010B000387A7800666C61736820726561642066B6
:1010C00061696C65643A20256400000063616C6CA2
:1010D0006261636B206661696C65643A2025640017
:1010E0004275666665722073697A65206973206E41
:1010F0006F7420616C69676E656420746F206D6920
:101100006E696D616C2077726974652D626C6F63B6
:101110006B2D73697A650000496E636F7272656347
:101120007420706172616D6574657200535452452C
:10113000414D5F464C415348000000002A2A2A20B6
:10114000426F6F74696E67204D79204170706C69D1
:10115000636174696F6E2076312E302E38342D35F0
:101160006631343466396439336163202A2A2A0AA5
:10117000000000002A2A2A205573696E67206E52EB
:101180004620436F6E6E6563742053444B20763265
:101190002E372E302D356362383535373063613464
:1011A00033202A2A2A0A00002A2A2A205573696E27
:1011B00067205A6570687972204F532076332E3637
:1011C0002E39392D313030626566633730633734FC
:1011D000202A2A2A0A000000060000000000000061
:1011E0000000000000C00000E0E203000100000079
:1011F00000C0000000020000E0E203000200000066
:1012000000C0000000A00300E0E2030003000000B3
:1012100000C20000009E0300E0E2030004000000A2
:1012200000C20000009E0300E0E203000500000091
:101230000060040000A00300E0E20300637C777B11
:10124000F26B6FC53001672BFED7AB76CA82C97DC2
:10125000FA5947F0ADD4A2AF9CA472C0B7FD932653
:10126000363FF7CC34A5E5F171D8311504C723C357
:101270001896059A071280E2EB27B27509832C1A9B
:101280001B6E5AA0523BD6B329E32F8453D100EDF5
:1012900020FCB15B6ACBBE394A4C58CFD0EFAAFBD9
:1012A000434D338545F9027F503C9FA851A3408FA1
:1012B000929D38F5BCB6DA2110FFF3D2CD0C13ECB9
:1012C0005F974417C4A77E3D645D197360814FDC4E
:1012D000222A908846EEB814DE5E0BDBE0323A0A32
:1012E0004906245CC2D3AC629195E479E7C8376DB6
:1012F0008DD54EA96C56F4EA657AAE08BA78252EDB
:101300001CA6B4C6E8DD741F4BBD8B8A703EB56663
:101310004803F60E613557B986C11D9EE1F8981154
:1013200069D98E949B1E87E9CE5528DF8CA1890D43
:10133000BFE6426841992D0FB054BB1672302F6141
:10134000313A2020307825303878202072312F61D2
:10135000323A2020307825303878202072322F61C0
:10136000333A2020307825303878000072332F61EE
:10137000343A2020307825303878207231322F6985
:10138000703A2020307825303878207231342F6C34
:10139000723A202030782530387800002078707339
:1013A000723A20203078253038780000735B25327F
:1013B000645D3A20203078253038782020735B2512
:1013C00032645D3A20203078253038782020735BF5
:1013D0002532645D3A20203078253038782020731B
:1013E0005B2532645D3A2020307825303878000063
:1013F00066707363723A20203078253038780000A8
:101400004661756C74696E6720696E73747275637A
:1014100074696F6E20616464726573732028723121
:10142000352F7063293A2030782530387800000055
:10143000556E68616E646C6564204952516E3A2045
:1014400025640000535053454C20696E2074687227
:10145000656164206D6F646520646F6573206E6FD5
:101460007420696E64696361746520505350000094
:101470002A2A2A2A2A205553414745204641554CBD
:1014800054202A2A2A2A2A0020204469766973696E
:101490006F6E206279207A65726F00002020556E91
:1014A000616C69676E6564206D656D6F727920612E
:1014B000636365737300000020204E6F20636F70BC
:1014C000726F636573736F7220696E737472756384
:1014D00074696F6E730000002020496C6C65676151
:1014E0006C206C6F6164206F66204558435F5245E5
:1014F0005455524E20696E746F2050430000000016
:101500002020496C6C6567616C20757365206F667F
:10151000207468652045505352000000202041741B
:1015200074656D707420746F20657865637574657B
:1015300020756E646566696E656420696E73747289
:10154000756374696F6E00002A2A2A2A2A2044656E
:10155000627567206D6F6E69746F72206578636560
:101560007074696F6E202A2A2A2A2A0052657365D0
:101570007276656420457863657074696F6E2028A3
:101580000000000053707572696F757320696E7486
:101590006572727570742028495251200000000055
:1015A0002A2A2A2A2A20257320256429202A2A2A41
:1015B0002A2A00002A2A2A2A2A2042555320464154
:1015C000554C54202A2A2A2A2A000000202053742D
:1015D00061636B696E67206572726F720000000054
:1015E0002020556E737461636B696E67206572723B
:1015F0006F7200002020507265636973652064611A
:10160000746120627573206572726F720000000051
:1016100020204246415220416464726573733A202F
:1016200030782578000000002020496D70726563D5
:1016300069736520646174612062757320657272DC
:101640006F7200002020496E737472756374696F45
:101650006E20627573206572726F72002020466C76
:101660006F6174696E672D706F696E74206C617A3A
:101670007920737461746520707265736572766128
:1016800074696F6E206572726F7200002A2A2A2AAE
:101690002A204D5055204641554C54202A2A2A2AAA
:1016A0002A0000002020537461636B696E67206517
:1016B00072726F722028636F6E7465787420617225
:1016C0006561206D69676874206265206E6F7420A3
:1016D00076616C69642900002020446174612041B6
:1016E00063636573732056696F6C6174696F6E0014
:1016F00020204D4D46415220416464726573733A17
:1017000020307825780000002020496E73747275AF
:101710006374696F6E204163636573732056696FEC
:101720006C6174696F6E00002A2A2A2A2A204841B7
:101730005244204641554C54202A2A2A2A2A000085
:101740002020427573206661756C74206F6E207660
:101750006563746F72207461626C65207265616488
:101760000000000020204465627567206576656E84
:101770007400000020204661756C742065736361FD
:101780006C6174696F6E20287365652062656C6F8B
:1017900077290000415243485F4558434550542043
:1017A0007769746820726561736F6E2025780A000E
:1017B000000000200000000000000B066D707500A6
:1017C0004661696C656420746F20616C6C6F636145
:1017D0007465206E6577204D505520726567696F7E
:1017E0006E2025750A000000506172746974696F7B
:1017F0006E2025753A2073616E697479206368657F
:10180000636B206661696C65642E00000200000055
:1018100024180400464C4153485F30005352414D58
:101820005F300000000000001418040024000202D1
:10183000000000201C1804001E000B11736F6300D1
:101840007263000067726F75700000004661696C1A
:10185000656420746F207265616420646174612026
:1018600066726F6D20666C61736820617265613AA3
:10187000202564004661696C656420746F206F7078
:10188000656E20666C6173682061726561204944F1
:101890002025753A202564004661696C65642074D2
:1018A0006F20657261736520666C61736820617278
:1018B00065613A20256400004661696C65642074A6
:1018C0006F207265616420646174612066726F6D5F
:1018D00020666C6173683A202564000055706C6F57
:1018E000616420746F6F206C6172676520666F722F
:1018F00020736C6F743A202575203E2025750000FA
:10190000736C6F740000000076657273696F6E000F
:101910003C3F3F3F3E000000626F6F7461626C6548
:101920000000000070656E64696E6700636F6E662C
:1019300069726D656400000061637469766500001A
:101940007065726D616E656E7400000046616C6555
:101950006420626F6F745F7365745F6E6578742066
:101960007769746820636F64652025642C20666F36
:101970007220736C6F742025642C20776974682042
:1019800061637469766520736C6F742025642061CF
:101990006E6420636F6E6669726D202564000000BE
:1019A000696D61676573000073706C69745374616D
:1019B00074757300636F6E6669726D002568752EAD
:1019C0002568752E256875002E257500696D61677F
:1019D000650000006C656E00736861007570677269
:1019E00061646500496D6167652075706C6F616445
:1019F00020696E7370656374206661696C65643A12
:101A00002025640049727265636F76657261626C4D
:101A100065206572726F723A20666C617368207718
:101A200072697465206661696C65643A202564009A
:101A3000595502007556020000000000455A020088
:101A40000000000000000000000000000000000096
:101A5000000000000000000000000000B559020076
:101A60006D63756D67725F696D675F6772700000A7
:101A70007175657279000000626F6F746C6F6164DC
:101A8000657200004D4355626F6F74006D6F646541
:101A9000000000006275665F73697A6500000000EF
:101AA0006275665F636F756E74000000915D020081
:101AB000915D020000000000000000000000000036
:101AC0000000000000000000000000000000000016
:101AD0000000000000000000795D0200295D0200A6
:101AE0000000000000000000000000006D5C02002B
:101AF000000000006D63756D67725F6F735F6772E2
:101B00007000000054340400101B0400AB090000F6
:101B1000908800206D63756D677220736D70000092
:101B20006D63756D67725F736D700000141B040048
:101B3000000000004E756C6C20637064206F626A58
:101B400065637420666F7220636F6E6E656374697F
:101B50006F6E202570000000426C7565746F6F74A5
:101B60006820534D50207472616E73706F727420D0
:101B70007265676973746572206661696C6564205B
:101B8000286572722025642900000000E41B04000F
:101B90004D95030000000000FC1B04000000010044
:101BA000E01B04000396030000000000280700204B
:101BB00000000100E81B04000000000005610200B5
:101BC0000000000000000200DC1B040085950300FB
:101BD000D9BA02001007002000000300000002290B
:101BE000000003280000002802487C997411269EFA
:101BF000AE014ECEFB28782EDA0000000284AA60E7
:101C000074528A8B86D34CB71D1DDC538D000000A7
:101C100000FFFFFFFFFFFF000000000000000000CA
:101C2000FFFFFFFFFFFF00000000000000000000BA
:101C30003031323334353637383961626364656642
:101C4000000000004254204C572057510000000073
:101C500002FB349B5F800000800010000000000049
:101C60000000000054340400701C04000001000057
:101C7000BCAF002054340400801C04002E0000007F
:101C8000D4BA002054340400901C04000800000062
:101C9000B4BB002062745F6461746100756E6B6E2A
:101CA0006F776E00546F6F20736D616C6C20282508
:101CB0007520627974657329206576656E742030AD
:101CC00078253032780000004461746120627566C6
:101CD000666572206F766572666C6F7720286C6916
:101CE0006E6B207479706520307825303278290049
:101CF0004E6F2070656E64696E67207065726970E2
:101D0000686572616C20636F6E6E656374696F6E77
:101D100000000000556E61626C6520746F206C6F6E
:101D20006F6B20757020636F6E6E2077697468200A
:101D300068616E646C65202575000000556E6162F7
:101D40006C6520746F206C6F6F6B757020636F6EA5
:101D50006E20666F722068616E646C652025750068
:101D6000657674206E756D5F68616E646C65732056
:101D7000283D25752920746F6F206C61726765207E
:101D8000282575203E202575290000004E6F206310
:101D90006F6E6E656374696F6E20666F7220686126
:101DA0006E646C65202575007061636B65747320CB
:101DB000636F756E74206D69736D61746368000084
:101DC0004E6F20636F6D6D616E642073656E74205D
:101DD000666F7220636D6420636F6D706C657465EF
:101DE00020307825303478004F70436F64652030A0
:101DF000782530347820636F6D706C65746564206D
:101E0000696E7374656164206F66206578706563C0
:101E1000746564203078253034780000556E65781C
:101E200070656374656420484F53545F4E554D5F31
:101E3000434F4D504C455445445F5041434B4554EE
:101E4000532028737461747573203078253032788C
:101E500029000000486172647761726520657272C2
:101E60006F722C20686172647761726520636F64A1
:101E7000653A202564000000556E68616E646C65EB
:101E800064206576656E7420307825303278206C59
:101E9000656E2025753A202573000000496E766135
:101EA0006C696420484349206576656E74207369C7
:101EB0007A65202825752900574553545F544F50A3
:101EC0004449522F7A65706879722F7375627379FD
:101ED000732F626C7565746F6F74682F686F73749D
:101EE0002F6863695F636F72652E630062745F6859
:101EF00063695F6576745F6765745F666C6167735D
:101F0000286864722D3E6576742920262028315574
:101F10004C203C3C202831292900000041535345E6
:101F20005254494F4E204641494C205B25735D2059
:101F3000402025733A25640A00000000556E686150
:101F40006E646C65642076656E646F722D73706567
:101F50006369666963206576656E743A202573004F
:101F6000436F756C64206E6F74207375626D697455
:101F70002072785F776F726B3A2025640000000052
:101F8000496E76616C6964204843492041434C2086
:101F90007061636B65742073697A652028257529E3
:101FA0000000000041434C2064617461206C656E48
:101FB000677468206D69736D617463682028257586
:101FC00020213D2025752900556E61626C652074C5
:101FD0006F2066696E6420636F6E6E20666F72207C
:101FE00068616E646C65202575000000556E6B6E2F
:101FF0006F776E2062756620747970652025750094
:102000006D61785F74785F6F637465747320657851
:102010006365656473207468652076616C6964200B
:1020200072616E6765202575000000006D61785F44
:1020300072785F6F63746574732065786365656437
:1020400073207468652076616C69642072616E67C4
:1020500065202575000000006D61785F74785F74FD
:10206000696D6520657863656564732074686520B3
:1020700076616C69642072616E6765202575000069
:102080006D61785F72785F74696D652065786365EE
:10209000656473207468652076616C696420726180
:1020A0006E67652025750000657272203D3D203009
:1020B0000000000009636F6D6D616E64206F7063D6
:1020C0006F6465203078253034782074696D656FD1
:1020D00075742077697468206572722025640A001F
:1020E0006F70636F646520307825303478207374A6
:1020F0006174757320307825303278004E6F6E2D04
:102100004C452063617061626C6520636F6E747210
:102110006F6C6C657220646574656374656421001E
:1021200056656E646F722048434920657874656E09
:1021300073696F6E73206E6F7420617661696C6174
:10214000626C6500485720506C6174666F726D3A1E
:1021500020257320283078253034782900000000AD
:1021600048572056617269616E743A2025732028A1
:1021700030782530347829004669726D7761726550
:102180003A2025732028307825303278292056656A
:102190007273696F6E2025752E2575204275696CE6
:1021A00064202575000000004661696C6564207438
:1021B0006F207265616420737570706F72746564EE
:1021C0002076656E646F7220636F6D6D616E6473EF
:1021D000000000004661696C656420746F207265C0
:1021E000616420737570706F727465642076656EBB
:1021F000646F72206665617475726573000000001B
:1022000041434C2042522F45445220627566666518
:102210007273206E6F7420696E697469616C697A7B
:10222000656400004661696C6564207265616420C4
:1022300072656D6F74652066656174757265732073
:1022400028256429000000004661696C6564204C03
:1022500045205365742050485920282564290000E2
:10226000556E657870656374656420737461747508
:102270007320307825303278000000004E6F2070D7
:10228000656E64696E6720636F6E6E20666F722084
:1022900070656572202573005B305D004964656E72
:1022A0007469747925733A20257300004964656E5A
:1022B000746974795B25645D3A2025730000000021
:1022C0004843493A2076657273696F6E2025732002
:1022D0002830782530327829207265766973696FE5
:1022E0006E203078253034782C206D616E756661F3
:1022F0006374757265722030782530347800000080
:102300004C4D503A2076657273696F6E20257320AC
:1023100028307825303278292073756276657220EE
:102320003078253034780000556E61626C65207419
:102330006F2073656E6420746F20647269766572B5
:10234000202865727220256429000000556E6162A4
:102350006C6520746F20616C6C6F636174652062C2
:102360007566666572000000556E636C6561726526
:10237000642070656E64696E672073656E745F6358
:102380006D640000556E6578706563746564206BDC
:102390005F706F6C6C206576656E74207374617409
:1023A00065202575000000006576745F666C6167C6
:1023B000732026202831554C203C3C2028302929E8
:1023C00000000000496E76616C69642062756620C9
:1023D00074797065202575004E6F2048434920644C
:1023E0007269766572207265676973746572656477
:1023F0000000000042542054580000004254205273
:102400005820575100000000484349206472697603
:102410006572206F70656E206661696C6564202846
:1024200025642900312E306200000000312E310079
:10243000312E3200322E3000322E3100332E300059
:10244000342E3000342E3100342E3200352E300040
:10245000352E3100352E3200352E3300352E340026
:102460005374616E6461726420426C7565746F6F41
:10247000746820636F6E74726F6C6C65720000001C
:1024800056656E646F722073706563696669632058
:10249000636F6E74726F6C6C657200004669726D6A
:1024A00077617265206C6F61646572005265736359
:1024B000756520696D616765000000007265736570
:1024C00072766564000000006E5246353178000077
:1024D0006E524635327800006E5246353378000031
:1024E0006E524635344878006E524635344C78008A
:1024F000496E74656C20436F72706F726174696F9E
:102500006E0000004E6F726469632053656D6963ED
:102510006F6E647563746F72000000004E58502037
:1025200053656D69636F6E647563746F72730000D9
:1025300062745F6863695F636F72650060240400A2
:10254000802404009C240400AC240400BC24040067
:10255000C8240400D0240400D8240400E02404008B
:10256000E8240400BC240400F02404000425040032
:102570001C2504000E030000AD6D02000F040000D6
:10258000856D02001A0100002569020005040000A3
:10259000C56F030013010000456A0200FF0100003F
:1025A000797002003E010000856F02000504000002
:1025B000C969020010010000F96D0200011200005B
:1025C0000D7E02000A1E000069710300030900006D
:1025D000B5720200040B0000216D0200060A000023
:1025E000DD820200070A0000D97102000C0500001C
:1025F000156A02005434040000260400470000005D
:10260000D8BB0020636D6420646973616C6C6F7764
:1026100065640000526561642053746174696320CD
:1026200041646472657373657320636F6D6D616E71
:1026300064206E6F7420617661696C61626C650004
:102640004661696C656420746F20726561642073F3
:102650007461746963206164647265737365730087
:102660004E6F207374617469632061646472657372
:102670007365732073746F72656420696E20636F75
:102680006E74726F6C6C6572000000004F6E6C7936
:102690002072616E646F6D20737461746963206968
:1026A00064656E7469747920616464726573732003
:1026B000737570706F72746564000000496E7661A6
:1026C0006C696420696E70757420706172616D65EB
:1026D00074657273000000004661696C6564207463
:1026E0006F2072656164207075626C69632061643B
:1026F000647265737300000043616E277420736514
:102700007420626F7468204944454E5449545920DE
:1027100026204E5250410000556E61626C65207457
:102720006F20736574206964656E746974792061C3
:102730006464726573730000556E61626C65207429
:102740006F207365742072616E646F6D20616464C4
:10275000726573730000000062745F6964000000BA
:10276000546F6F2062696720616476657274697363
:10277000696E672064617461000000004661696CE5
:10278000656420746F20737461727420616476656F
:1027900072746973657200004E6F2076616C6964B3
:1027A000206C656761637920616476004661696CBD
:1027B000656420746F2073746F7020616476657235
:1027C000746973696E673A2025640000436F6E7404
:1027D000726F6C6C65722063616E6E6F74207265CF
:1027E00073756D6520636F6E6E65637461626C6591
:1027F000206164766572746973696E672028256448
:102800002900000062745F6164760000646973638C
:102810006F6E6E65637465640000000064697363C5
:102820006F6E6E6563742D636F6D706C657465009B
:102830007363616E2D6265666F72652D696E697472
:10284000696174696E670000696E697469617469B1
:102850006E672D66696C7465722D6C697374000007
:102860006164762D636F6E6E65637461626C650082
:102870006164762D6469722D636F6E6E6563746139
:10288000626C6500646973636F6E6E656374696E14
:102890006700000028756E6B6E6F776E2900000070
:1028A000556E6578706563746564206669727374CB
:1028B000204C32434150206672616D65000000007B
:1028C000556E6578706563746564204C3243415081
:1028D00020636F6E74696E756174696F6E000000BD
:1028E0004E6F7420656E6F756768206275666665E9
:1028F0007220737061636520666F72204C324341B1
:102900005020646174610000556E65787065637471
:1029100065642041434C20666C61677320283078E1
:10292000253032782900000041434C206C656E2030
:102930006D69736D6174636820282575203E2025BC
:102940007529000062756620676976656E20746F70
:1029500020636F6E6E20686173206F7468657220EB
:1029600072656673000000006E6F7420656E6F758F
:10297000676820726F6F6D20696E20757365725F76
:1029800064617461202564203C20256420706F6F91
:102990006C202575000000006E6F7420636F6E6EF2
:1029A0006563746564210000446973636F6E6E65CE
:1029B00063746564207768696C6520616C6C6F6313
:1029C0006174696E6720636F6E74657874000000CF
:1029D0006E6F207472616E736974696F6E202573F7
:1029E00000000000496E76616C6964202825752915
:1029F000206F6C642073746174650000636F6E6E89
:102A0000202570206661696C656420746F20657391
:102A10007461626C6973682E205246206E6F697310
:102A2000653F00006E6F2076616C69642028257513
:102A30002920737461746520776173207365740055
:102A4000696E636F6D70617469626C652068616E38
:102A5000646C652025750000556E61626C6520749C
:102A60006F20616C6C6F636174652062756666656A
:102A7000722077697468696E2074696D656F75740A
:102A800000000000466F756E642076616C696420FA
:102A9000636F6E6E656374696F6E202825702920E0
:102AA000776974682061646472657373202573208C
:102AB000696E202573207374617465200000000026
:102AC00053656E64204C4520706172616D20757095
:102AD00064617465206661696C6564202865727242
:102AE000202564290000000053656E642061757420
:102AF0006F204C4520706172616D20757064617447
:102B000065206661696C65642028657272202564A1
:102B100029000000574553545F544F504449522FE9
:102B20007A65706879722F7375627379732F626C2E
:102B30007565746F6F74682F686F73742F636F6E31
:102B40006E2E630054340400502B0400000100007A
:102B5000A0BC002054340400602B040000010000DD
:102B6000E0BE002062745F636F6E6E00546F6F2072
:102B7000736D616C6C204C4520636F6E6E207061CC
:102B800072616D20727370004E6F20617661696CA6
:102B900061626C65204C3243415020636F6E7465F6
:102BA000787420666F7220636F6E6E20257000004F
:102BB000556E61626C6520746F20616C6C6F63612F
:102BC0007465204C32434150206368616E6E656CC1
:102BD00020494400556E61626C6520746F20616C01
:102BE0006C6F636174652062756666657220666FDE
:102BF00072206F702030782530327800546F6F204B
:102C0000736D616C6C204C32434150207369676E68
:102C1000616C696E67205044550000004C3243419E
:102C200050206C656E677468206D69736D617463A4
:102C3000682028257520213D2025752900000000E9
:102C4000496E76616C6964206964656E7420766192
:102C50006C756520696E204C3243415020504455BC
:102C60000000000052656A656374696E6720756EC6
:102C70006B6E6F776E204C3243415020504455208C
:102C8000636F64652030782530327800546F6F2090
:102C9000736D616C6C204C32434150205044552080
:102CA00072656365697665640000000049676E6F50
:102CB00072696E67206461746120666F7220756E40
:102CC0006B6E6F776E206368616E6E656C20494431
:102CD0002030782530347800FF7B0300017C03002E
:102CE0000000000000000000000000005DA50200E0
:102CF00000000000000000000000000000000000D4
:102D000062745F6C326361700000000041545420B3
:102D10006368616E6E656C206E6F7420636F6E6E9B
:102D200065637465640000004E6F7420636F6E6E9F
:102D30006563746564000000556E61626C652074A3
:102D40006F2066696E6420415454206368616E6E22
:102D5000656C00004E6F20617661696C61626C6524
:102D600020415454206368616E6E656C20666F72FA
:102D700020636F6E6E202570000000004E6F206192
:102D80007661696C61626C652041545420636F6E9A
:102D90007465787420666F7220636F6E6E20257084
:102DA00000000000556E61626C6520746F206372D4
:102DB0006561746520555549443A2073697A6520E8
:102DC00025750000556E61626C6520746F2063721A
:102DD0006561746520555549443A2073697A6520C8
:102DE000256400004572726F72207369676E696EA8
:102DF000672064617461000052616E206F757420F9
:102E00006F662054582062756666657273206F7213
:102E100020636F6E74657874732E0000476F7420A2
:102E20006572722025642C206E6F742063616C6C57
:102E3000696E67204154542063620000415454205D
:102E40004D54552065786365656465642C206D611B
:102E5000782025752C2077616E74656420257A753D
:102E600000000000546F6F20736D616C6C20415442
:102E7000542050445520726563656976656400008E
:102E8000556E68616E646C65642041545420636FB4
:102E9000646520307825303278000000496E766114
:102EA0006C6964206C656E20257520666F722063E6
:102EB0006F64652030782530327800004E6F2041F5
:102EC0005454206368616E6E656C20666F72204D8D
:102ED000545520257A7500004E6F2070656E646928
:102EE0006E672041545420726571756573740000DB
:102EF0004154542054696D656F757420666F72205B
:102F00006465766963652025730000000202010094
:102F10000B89030004040100D188030006060100A8
:102F20004B88030008040100E58703000A02010042
:102F3000CB8703000C040100B18703000E040100DD
:102F400069B3020020040100C9B2020010040100AC
:102F50000B87030012020100DF8603001604010044
:102F6000857E030018010100897E03001E00040015
:102F7000A38A030052020000B58603000104020088
:102F800011B70200030202006F8A0300050102006C
:102F9000618A030007040200538A0300090102004A
:102FA000458A03000B000200378A03000D0002006F
:102FB000298A03000F0002001B8A0300210202007D
:102FC0000D8A030011010200FF89030013000200B3
:102FD000F189030017040200E389030019000200CD
:102FE000D58903001B020300217F03001D02050099
:102FF00049860300230403000F7F030054340400B8
:10300000083004000201000060CC002062745F619F
:1030100074740000756E61626C6520746F2073615A
:1030200076652053433A206E6F20636667206C6597
:10303000667400004E6F20737061636520746F20AA
:1030400073746F726520434343206366670000001A
:103050004E6F20737061636520746F2073746F729C
:103060006520436C69656E7420537570706F72745F
:103070006564204665617475726573007772697462
:10308000652063616C6C6261636B206973206465A9
:1030900070726563617465642C2075736520737547
:1030A0006273637269626520636220696E7374651E
:1030B000616400004661696C656420746F20636C14
:1030C000656172205343202564000000556E6162E3
:1030D0006C6520746F2073657475702041455320B2
:1030E000434D414300000000556E61626C652074E1
:1030F0006F2063616C63756C6174652068617368CF
:10310000000000004C696E6B206973206E6F7420A4
:10311000656E637279707465640000004465766959
:103120006365206973206E6F7420737562736372B8
:103130006962656420746F2063686172616374659D
:1031400072697374696300004E6F2062756666650C
:103150007220617661696C61626C6520746F2073A6
:10316000656E6420696E6469636174696F6E0000E6
:10317000534320726573746F726520696E6469636E
:103180006174696F6E206661696C6564000000009F
:10319000434343202570206E6F74207772697461F9
:1031A000626C65004E6F206275666665722061769E
:1031B00061696C61626C6520746F2073656E642058
:1031C0006E6F74696669636174696F6E00000000F8
:1031D000496E76616C69642068616E646C6500009C
:1031E00042616420706565723A20415454207265D2
:1031F00061642D62792D75756964207273703A204F
:1032000048616E646C6520307825303478206973AD
:10321000206F757473696465207265717565737468
:1032200065642072616E6765203078253034782DB2
:103230003078253034782E2041626F7274696E6761
:1032400020726561642E0000496E76616C696420AD
:1032500064617461206C656E202575203E202575A3
:103260000000000062742F636363000062745F6794
:1032700061747400403304004D95030000000000A9
:103280003C330400000001003833040003960300BF
:1032900000000000C40700200000010030330400DB
:1032A000000000000000000000000000000000001E
:1032B0002C33040085950300D9BA0200CC07002006
:1032C0000000030028330400039603000000000000
:1032D000BC0700200000010020330400119503000A
:1032E000A5BB020000000000000003001C33040026
:1032F0000396030000000000B40700200000010056
:103300001433040069C10200000000000000000046
:103310000000010000002A2B00002A2B00000328D7
:103320000000292B0000292B00000328000002299F
:103330000000052A0000052A0000032800000118EB
:1033400000000028F83304004D9503000000000041
:10335000F433040000000100F0330400039603007E
:1033600000000000F407002000000100E833040022
:10337000D9940300000000000000000000000100DC
:10338000E43304000396030000000000EC07002073
:1033900000000100DC330400A594030000000000DD
:1033A0000000000000000100D83304000396030071
:1033B00000000000E407002000000100D0330400FA
:1033C00071940300000000000000000000000100F4
:1033D0000000042A0000042A000003280000012A3B
:1033E0000000012A000003280000002A0000002A33
:1033F0000000032800000018000000284E6F206124
:103400007661696C61626C6520534D5020636F6E0C
:103410007465787420666F7220636F6E6E202570FD
:10342000000000000000000000000000000000009C
:103430000000000000000000B3990300000000003D
:1034400000000000000000000000000062745F73D4
:103450006D700000B39A0300000000003D9A030065
:103460006E65745F627566006E65745F6275665F37
:1034700073696D706C6500000601050104010301AC
:103480000502020103020504010101020103010416
:1034900001060108010C0110011801200140018002
:1034A00053656C65637465642041444320676169BA
:1034B0006E206973206E6F742076616C6964000001
:1034C00053656C656374656420414443207265668E
:1034D0006572656E6365206973206E6F7420766116
:1034E0006C69640053656C65637465642041444392
:1034F000206163717569736974696F6E2074696D99
:1035000065206973206E6F742076616C69640000B9
:10351000414443207265736F6C7574696F6E2076D9
:10352000616C7565202564206973206E6F74207648
:10353000616C6964000000004F76657273616D70A4
:103540006C696E6720697320737570706F72746533
:103550006420666F722073696E676C6520636861B2
:103560006E6E656C206F6E6C790000004F76657230
:1035700073616D706C696E672076616C756520256E
:1035800064206973206E6F742076616C696400003A
:1035900050726F7669646564206275666665722034
:1035A000697320746F6F20736D616C6C20282575B2
:1035B0002F25752900000000496E76616C69642032
:1035C00073656C656374696F6E206F6620636861F4
:1035D0006E6E656C730000004368616E6E656C20F2
:1035E0002575206E6F7420636F6E666967757265EE
:1035F0006400000061646340343030303730303074
:10360000000000006164635F6E7266785F736161E1
:1036100064630000F9CF020005D3020058020000E5
:1036200001D40200E1D3020000000000636C6F636C
:103630006B40343030303030303000006866636CBE
:103640006B0000006C66636C6B000000636C6F6362
:103650006B5F636F6E74726F6C00000069D4020060
:10366000D9D402003C360400E7A00300A7A0030061
:1036700044360400D9D5020031A0030073A0030032
:1036800000000000459F0300000000000000000053
:1036900072616E646F6D40343030306430303000B1
:1036A000B1D80200B9D70200656E74726F70795F8D
:1036B00062745F68636900002FA1030000000000CE
:1036C000756E616C69676E656420616464726573B0
:1036D000733A2030782530386C783A257A750000B6
:1036E000696E76616C696420616464726573733AB3
:1036F0002030782530386C783A257A750000000043
:103700006E6F7420776F72642D616C69676E65648B
:103710003A2030782530386C783A257A75000000E8
:10372000666C6173682D636F6E74726F6C6C65721A
:10373000403430303165303030000000666C6173E9
:10374000685F6E726600000045DB0200ADDA0200C1
:1037500009DA020095D9020085D9020004000000B0
:10376000FF0000006770696F403530303030303016
:1037700030000000FFFFFFFF0000005000000000CD
:10378000000000000060004000000000BDDC0200FE
:10379000A5A40300B3A40300CBA40300D7A4030093
:1037A000E3A40300C9DB020029A503000000000018
:1037B0006932630069326340343030303330303046
:1037C000000000006932635F6E7266785F7477692B
:1037D0000000000000300040000000000000000079
:1037E000000000000000980100000101A5DF0200B8
:1037F000F4370400003000400038040001000000ED
:10380000083804000200000007001800120016002B
:10381000BDE0020000000000C9DE02000000000060
:103820000000000011E102004661696C65642074CB
:103830006F20696E697469616C697A652064657668
:103840006963653A20257300756E737570706F72C9
:1038500074656420737065656400000031302D620A
:10386000697420493243204164647220646576693A
:10387000636573206E6F7420737570706F727465FA
:10388000640000000001020304050607536F66741C
:1038900044657669636520436F6E74726F6C6C6506
:1038A00072204153534552543A2025732C202564ED
:1038B000000000004E6F206576656E7420627566AC
:1038C00066657220617661696C61626C65000000FA
:1038D0004E6F206461746120627566666572206156
:1038E0007661696C61626C6500000000556E6578F8
:1038F000706563746564206D73675F747970653A91
:103900002025752E20546869732069662D656C73B7
:1039100065206E656564732061206E657720627234
:10392000616E636800000000536F667444657669D9
:10393000636520436F6E74726F6C6C657220627584
:10394000696C64207265766973696F6E3A20000055
:10395000456E74726F707920736F75726365206441
:103960006576696365206E6F7420726561647900A5
:103970004661696C656420746F2072656769737451
:1039800065722072616E6420736F757263652028A2
:1039900025642900416C6C6F6361746564206D65FA
:1039A0006D6F727920746F6F206C6F773A20257578
:1039B000203C202575000000536F667444657669CD
:1039C000636520436F6E74726F6C6C6572000000EB
:1039D00062745F7364635F6863695F64726976656C
:1039E00072000000B8390400000000000000000070
:1039F00091EA020085A703004FA7030062745F737A
:103A000064635F63727970746F0000007075626C3C
:103A10006963206B6579206973206E6F742076610D
:103A20006C696420286572722025642900000000FA
:103A3000556E6B6E6F776E20636F6D6D616E640097
:103A40003F49F6D4A3C55F3874C9B3E3D2103F50E1
:103A50004AFF607BEB40B7995899B8A6CD3C1ABD98
:103A600062745F7364635F65636468004D50534CB8
:103A7000204153534552543A2025732C202564008D
:103A80004D50534C20576F726B0000006D70736C7B
:103A90005F696E69740000006D70736C5F74696DAE
:103AA00065736C6F745F73657373696F6E5F6F704E
:103AB000656E206661696C65643A202564000000CB
:103AC00074696D656F757400666C6173685F737996
:103AD0006E635F6D70736C0074656D704034303070
:103AE000306330303000000074656D705F6E726658
:103AF000355F6D70736C0000000000000000000076
:103B000000000000E9AF0300D9F50200000000004A
:103B1000000000007065726D000000007465737431
:103B2000000000004255473B2063616E2774206807
:103B3000617070656E0000007265766572740000D9
:103B40005365636F6E6461727920696D616765208A
:103B50006F6620696D616765207061697220282534
:103B6000642E2920697320756E72656163686162D5
:103B70006C652E2054726561742069742061732015
:103B8000656D707479000000496D61676520696E2C
:103B90006465783A2025642C20537761702074790D
:103BA00070653A2025730000496D61676520696E74
:103BB0006465783A2025642C2053776170207479ED
:103BC00070653A206E6F6E65000000000200000014
:103BD00005000000040104030402040104010403BD
:103BE000010303040104000077C295F360D2EF7F64
:103BF0003552500F2CB679806D6375626F6F745FAC
:103C00007574696C000000005465726D696E616CBA
:103C100000000000000000000000545452205245F3
:103C200047474553000000004661696C6564207495
:103C30006F20736574204649464F204146554C4CD1
:103C4000207468726573686F6C6400004661696C0B
:103C5000656420746F20736574204C45442073653F
:103C60007175656E636500004661696C65642074FA
:103C70006F20736574204C45442072616E67650047
:103C80004661696C656420746F20736574205050C0
:103C90004720636F6E666967203100004661696C7A
:103CA000656420746F207365742050504720636FE3
:103CB0006E666967203200004661696C6564207435
:103CC0006F20736574204C45442070756C736520BB
:103CD000616D706C69747564650000004661696CA3
:103CE000656420746F20666C757368204649464F82
:103CF000000000004661696C656420746F20656E89
:103D000061626C65204649464F20696E7465727227
:103D1000757074004661696C656420746F20656E0F
:103D200061626C65205050472073656E736F72003E
:103D3000230100004661696C656420746F2064692A
:103D40007361626C65204649464F20696E746572E6
:103D500072757074000000004661696C65642074BF
:103D60006F207475726E206F6666204C4544730038
:103D70004661696C656420746F2064697361626C6C
:103D800065205050472073656E736F72000000000D
:103D90004661696C656420746F207265616420738C
:103DA000797374656D20636F6E74726F6C000000C0
:103DB0004661696C656420746F2077616B65205083
:103DC00050472073656E736F722066726F6D20703E
:103DD0006F7765722D736176650000004661696CCE
:103DE000656420746F2072656164204649464F20E7
:103DF0006F766572666C6F7720636F756E74000006
:103E00004661696C656420746F2072656164204648
:103E100049464F206461746120636F756E740000C1
:103E20004649464F206F766572666C6F77206465F1
:103E30007465637465642C2064697363617264697A
:103E40006E672064617461202873616D706C6573A6
:103E5000203D2025642900004661696C656420745A
:103E60006F2072656164204649464F206461746129
:103E7000000000004661696C656420746F20726503
:103E800061642072656769737465722030782530CB
:103E9000327800004661696C656420746F20777227
:103EA000697465207265676973746572203078255E
:103EB000303278006D61786D38363136310000006F
:103EC0004661696C656420746F207365742046498F
:103ED000464F207468726573686F6C640000000060
:103EE0004661696C656420746F2073657420435467
:103EF000524C36004661696C656420746F20726FA5
:103F0000757465204649464F207468726573686F02
:103F10006C6420696E7465727275707420746F20A1
:103F2000494E5431000000004661696C656420749C
:103F30006F20656E61626C652074686520696E74BF
:103F400065727275707473004661696C6564207483
:103F50006F20656E61626C6520616363656C65727C
:103F60006F6D657465722073656E736F720000000B
:103F70004661696C656420746F2064697361626C6A
:103F80006520696E7465727275707473000000004C
:103F90004661696C656420746F2064697361626C4A
:103FA0006520616363656C65726F6D657465722011
:103FB00073656E736F7200004661696C656420748E
:103FC0006F2072656164204649464F2073616D70B1
:103FD0006C6573004649464F206F766572666C6F5C
:103FE000772064657465637465642C206469736309
:103FF000617264696E672064617461006C69733218
:104000006474773132000000435055206578636551
:104010007074696F6E000000556E68616E646C6547
:104020006420696E74657272757074005374616394
:104030006B206F766572666C6F7700004B65726EF1
:10404000656C206F6F7073004B65726E656C2070CD
:10405000616E696300000000556E6B6E6F776E20B5
:104060006572726F7200000048616C74696E67203F
:1040700073797374656D00003E3E3E205A4550488A
:10408000595220464154414C204552524F5220250E
:10409000643A202573206F6E20435055202564001C
:1040A0004661756C7420647572696E6720696E7400
:1040B0006572727570742068616E646C696E670AEF
:1040C0000000000043757272656E7420746872653A
:1040D00061643A20257020282573290069646C6585
:1040E00000000000ACE10300ACE1030004E20300C7
:1040F00014E203006CE203007CE203006F73000033
:10410000737973776F726B7100000000512563FC47
:10411000C2CAB9F3849E17A7ADFAE6BCFFFFFFFF42
:10412000FFFFFFFF00000000FFFFFFFFAAAAAAAAEF
:10413000AAAAAAAAAAAAAAAA555555555555555587
:10414000555555550000000055555555522563FCF1
:10415000C2CAB9F3849E17A7ADFAE6BCFFFFFFFF02
:10416000FFFFFFFF00000000FFFFFFFF512563FC82
:10417000C2CAB9F3849E17A7ADFAE6BCFFFFFFFFE2
:10418000FFFFFFFF00000000FFFFFFFF96C298D86F
:104190004539A1F4A033EB2D817D0377F240A46370
:1041A000E5E6BCF847422CE1F2D1176BF551BF3779
:1041B0006840B6CBCE5E316B5733CE2B169E0F7C4C
:1041C0004AEBE78E9B7F1AFEE242E34F4B60D22719
:1041D0003E3CCE3BF6B053CCB0061D65BC8698760F
:1041E00055BDEBB3E7933AAAD835C65AFCFFFFFF9B
:1041F000FFFFFFFFFFFFFFFF0000000000000000C7
:104200000000000001000000FFFFFFFF00000000B1
:10421000000000000000000000000000000000405E
:104220009559695955555455155555560405154117
:1042300010545540455155444045504450555545FE
:10424000004000404004449665555655454045544D
:1042500051411540559155555555405105010000A6
:1042600054455454455505040010041014044000EE
:104270000000014055551541540400004400010060
:104280000000004041000044504445505400555542
:104290005455655100400040010000010005010037
:1042A0001154515154555505000000000000000004
:1042B00000000000D6DAC7AE08DB726F2AA32649D9
:1042C0002A4DA8B3980E077F00FFFFFFFF1F006471
:1042D0007261676F6F6E2F6C6962732F73636865AD
:1042E00064756C696E672F7372632F72656D5F689A
:1042F000616C5F6576656E745F74696D65722E635F
:1043000000B0EA56C88D83335088D0EB8956656972
:104310006D3CB0CEB900002020202020202020209D
:104320002828282828202020202020202020202065
:104330002020202020202088101010101010101095
:1043400010101010101010040404040404040404D9
:104350000410101010101010414141414141010161
:10436000010101010101010101010101010101013D
:10437000010110101010101042424242424202024B
:10438000020202020202020202020202020202020D
:1043900002021010101020000000000000000000B9
:1043A000000000000000000000000000000000000D
:1043B00000000000000000000000000000000000FD
:1043C00000000000000000000000000000000000ED
:1043D00000000000000000000000000000000000DD
:1043E00000000000000000000000000000000000CD
:1043F00000000000000000000000000000000000BD
:1044000000000000000000000000000000000000AC
:1044100000000000000000696E66006E616E0028FA
:104420006E756C6C29000000FFFFFFFFFF1F00008E
:104430001F000000000000005D40000000000000C0
:10444000FFFFFFFF1F000000000000000080004091
:1044500000000000000000000C0000000000000050
:1044600000FF7F00000000000000000000000000CE
:10447000000000000000000000000000E1FC00005F
:104480000000000039A601000000000017A601008E
:1044900000000000F9FC00000000000061A601001F
:1044A000000000000000000000000000000000000C
:1044B00000000000000000000000000000000000FC
:1044C00000000000000000000000000000000000EC
:1044D00000000000000000000000000000000000DC
:1044E00000000000000000000000000000000000CC
:1044F00000000000000000000000000000000000BC
:1045000000000000000000000000000000000000AB
:10451000000000000000000000000000000000009B
:10452000000000000000000000000000000000008B
:10453000000000000000000000000000000000007B
:10454000000000000000000000000000000000006B
:10455000000000000000000000000000000000005B
:10456000000000000000000000000000000000004B
:10457000000000000000000000000000000000003B
:10458000000000000000000000000000000000002B
:10459000000000000000000000000000000000001B
:1045A000000000000000000000000000000000000B
:1045B00000000000000000000000000000000000FB
:1045C00000000000000000000000000000000000EB
:1045D00000000000000000000000000000000000DB
:1045E00000000000000000000000000000000000CB
:1045F00000000000000000000000000000000000BB
:1046000000000000000000000000000000000000AA
:10461000000000000000000000000000000000009A
:10462000000000000000000000000000000000008A
:10463000000000000000000000000000000000007A
:10464000000000000000000000000000000000006A
:10465000000000000000000000000000000000005A
:10466000000000000000000000000000000000004A
:10467000000000000000000000000000000000003A
:10468000000000000000000000000000000000002A
:10469000000000000000000000000000000000001A
:1046A00000000000000000008402002041BE010064
:1046B00047BE010073BE01004BBE01007DBE01007C
:1046C00051BE010089BE010057BE010059BE010064
:1046D0005BBE010069BE01006DBE01005FBE01004E
:1046E00065BE010079BE010083BE0100000000002C
:1046F000000000003B6B0300000000000001000010
:1047000000000000000000000000000000000000A9
:104710000000000000000000000000000000000099
:104720000000000000000000000000000000000089
:104730000000000000000000000000000000000079
:104740000000000000000000000000000000000069
:104750000000000000000000000000000000000059
:104760000000000000000000000000000000000049
:104770000000000000000000000000000000000039
:104780000000000000000000000000000000000029
:104790000000000000000000000000000000000019
:1047A0000000000000000000000000000000000009
:1047B00000000000000000000000000000000000F9
:1047C00000000000000000000000000000000000E9
:1047D00000000000000000000000000000000000D9
:1047E00000000000000000003D8602000000000004
:1047F00000000000000000000000000000000000B9
:1048000000000000000000000000000000000000A8
:104810000000000000000000000000000000000098
:104820000000000000000000000000000000000088
:104830000000000000000000000000000000000078
:104840000000000000000000000000000000000068
:104850000000000000000000000000000000000058
:104860000000000000000000000000000000000048
:104870000000000000000000000000000000000038
:104880000000000000000000000000000000000028
:104890000000000000000000BD2403000000000034
:1048A00000000000000000008004002080040020C0
:1048B000A79D0300000000000000000000000000B1
:1048C0000000000000000000A0040020A004002060
:1048D0000000000001000000B0040020B00400202F
:1048E000B8040020B804002000000000010000000F
:1048F000C8040020C80400200000000000000000E0
:1049000000000000000000000000000000000000A7
:104910000000000000000000000000000000000097
:104920000000000000000000000000000000000087
:104930000000000000000000000000002F42030003
:10494000E5D00100EDC70100BD42030035CD0100F7
:10495000C1C701007942030095CC010081420300E8
:1049600069CB010001E2010029DF010005E401003B
:104970000000000041DE0100000000000000000017
:104980008EC4D40FEE1AAF94B246C49800F00F3A1A
:104990000600000000000000000000000000000011
:1049A0002DED01000000000000000000A403040041
:1049B00000001200D0030400000008000000000006
:1049C000000000000000000011F1010000000000E4
:1049D00000000000000404000000100000000000BF
:1049E000000000000000000049F20100000000008B
:1049F000000000003004040000001200000000006D
:104A0000000000000000000045F30100000000006D
:104A10000000000060040400000018000000000016
:104A2000000000000000000075F30100000000001D
:104A300000000000900404000000180000000000C6
:104A40000000000000000000A5F3010000000000CD
:104A500000000000C004040000001000000000007E
:104A6000000000000000000015EE01000000000042
:104A700000000000F004040000001000000000002E
:104A800000000000000000007DEF010000000000B9
:104A900000000000200504000000100000000000DD
:104AA00000000000000000000DF501000000000003
:104AB0000000000050050400000012007C05040006
:104AC00000000200A805040000000200312E302E74
:104AD00038340000000000000000000002058020C3
:104AE000050A01030000000000000000F4E20300DA
:104AF00062000000F4E20300190000000000000062
:104B0000000000008A4A00200200000000000000AF
:104B1000A1570300DC11040000000000301A04005B
:104B200006000100CD57020000000000AC1A04008E
:104B3000090000001D6B03000000000000000000E1
:104B4000000000008960020000000000000000007A
:104B5000E81B04000000140000000000000000003A
:104B600000000000000400004404002000000000D9
:104B70000000000000000000000000000000000035
:104B80000000000000000000000000000000000025
:104B90000000000000000000697102000000000039
:104BA000000000007C0700207C07002000000000BF
:104BB0000000000009AD02000D8B030000000000A2
:104BC0000000000000000000B5AF0200F184030007
:104BD000DB830300F9A90200000000001833040081
:104BE000000002002433040000000A0034330400F3
:104BF0000000200000000000000000000000000095
:104C0000000000004391030000000000D4330400C2
:104C100000000200E033040000000200EC33040056
:104C20000000020000000000000800200008002032
:104C30000100000001000000100800201008002002
:104C400018080020180800200000000001000000E3
:104C500028080020280800200000000000000000B4
:104C60000000000000000000000000000000000044
:104C70000000000000000000000000000000000034
:104C80000000000000000000000000000000000024
:104C90000000000000000000000000000000000014
:104CA00000000000000000000000000008000000FC
:104CB000FF000000000000000100000000000000F4
:104CC0009808002098080020A0080020A0080020D4
:104CD00001002C010305000000000000000000009E
:104CE000000000000000FFFF0000000000000000C6
:104CF00000000000000000000000000000000000B4
:104D000000000000000000000000000000000000A3
:104D10000000000000000000000000000000000093
:104D20000000000000000000000000000409002056
:104D300004090020F8D90020000000000100000054
:104D40002C000000000000002009002020090020A5
:104D5000008800200000000001000000900000001A
:104D6000000000003C0900203C09002024DA00205B
:104D7000000000000C000000100000000000000017
:104D80005809002058090020000000000000000021
:104D90000E0000006C0900206C09002000000000DB
:104DA000000000000E0000008009002080090020A3
:104DB00000000000000000000E0000009409002028
:104DC000940900200000000001000000A409002058
:104DD000A40900200000000000000000B409002029
:104DE000B4090020BC090020BC090020000000001C
:104DF00000000000CC090020CC090020D4090020CC
:104E0000D40900200C000C00080000000000000085
:104E1000542B0400E0CA0020000000000000000045
:104E2000F8090020F8090020000A0020000A0020EC
:104E30000C000C0008000000F9850300FC2F0400A2
:104E400078D800200000000000000000240A0020A4
:104E5000240A00202C0A00202C0A00200300030052
:104E60000100000000000000741C040060BB002072
:104E70000000000000000000500A0020500A00203E
:104E8000580A0020580A0020020002000800000012
:104E900000000000442B0400A0BE00200000000021
:104EA000000000007C0A00207C0A0020840A002008
:104EB000840A00200200020001000000000000003F
:104EC000F425040068BC0020000000000000000081
:104ED000A80A0020A80A0020B00A0020B00A00207A
:104EE0000A000A000100000000000000641C040029
:104EF000BCB900200000000000000000D40A00201F
:104F0000D40A0020DC0A0020DC0A0020040004008F
:104F10000800000000000000041B04003CAF00205B
:104F20000000000000000000000B0020000B00202B
:104F3000080B0020080B0020010001000100000008
:104F400000000000841C0400BCBB002015E015E03C
:104F5000076996001000200074A9AE827448691A8F
:104F6000265E565ED9F2058DC69BEE7E537BAB95D1
:104F70009229CA47F0EA1A5201002000E30466F6BB
:104F8000B8470C1F29070B17F1E2D3E94D445E3FE8
:104F9000608087FDC711E4382BB538B62200460083
:104FA00030440220368765265BD94DEBC2514B7EDB
:104FB00032E137832A2DFD19832BBC57CB61E834AE
:104FC0003B9A74BB022039A57D38932941AFEDA3EC
:104FD000681B31BC49AF1D1BB7C32FB6DDE25AD2E7
:064FE0009280E1F570D3A0
:00000001FF
