:020000040000FA
:1000000040440020A12100005D5900008D21000026
:100010008D2100008D2100008D21000000000000D6
:100020000000000000000000000000007D22000031
:100030008D210000000000008D2100008D210000B6
:10004000E9230000E9230000E9230000E923000080
:10005000E9230000E9230000E9230000E923000070
:10006000E9230000E9230000E9230000E923000060
:10007000E9230000E9230000E9230000E923000050
:10008000E9230000E9230000E9230000E923000040
:10009000E9230000E9230000E9230000E923000030
:1000A000E9230000E9230000E9230000E923000020
:1000B000E9230000E9230000E9230000E923000010
:1000C000E9230000E9230000E9230000E923000000
:1000D000E9230000E9230000E923000053B94AB9ED
:1000E000002908BF00281CBF4FF0FF314FF0FF3040
:1000F00000F00CB8ADF1080C6DE904CE00F008F882
:10010000DDF804E0DDE9022304B07047704700BF6A
:100110002DE9F04786468C460846089E15467446EB
:100120001946002B40F0C2808542B2FA82F245D9CE
:100130004AB1C2F1200300FA02FC2EFA03F3954003
:1001400043EA0C0C94404FEA154EA8B2BCFBFEF8F3
:10015000230C0EFB18CC08FB00F943EA0C4399452D
:1001600028D9EB1808F1FF3704D2994502D9A8F134
:1001700002072B44A3EB0903A4B2B3FBFEFC0EFB66
:100180001C330CFB00F044EA0344A04214D92C19A0
:100190000CF1FF3304D2A04202D9ACF102032C448B
:1001A000241A43EA07401EB1D44000233460736030
:1001B000BDE8F0874746DDE76346F1E792BB431BA6
:1001C00001214FEA154EAFB2B3FBFEFC200C0EFB33
:1001D0001C330CFB07F840EA0343984562D9EB183F
:1001E0000CF1FF3004D2984502D9ACF102002B4447
:1001F000A3EB0803A4B2B3FBFEFC0EFB1C330CFB09
:1002000007F744EA0344A7424ED92C190CF1FF33F7
:1002100004D2A74202D9ACF102032C44E41B43EA06
:100220000040C0E7C2F1200320FA03F1954090405E
:100230002EFA03F303434FEA154EAFB2B1FBFEFCB7
:100240000EFB1C10190C0CFB07F841EA0041884515
:1002500004FA02F422D969180CF1FF3004D288455F
:1002600002D9ACF102002944A1EB08019BB2B1FB19
:10027000FEFC0EFB1C110CFB07F743EA01439F42F7
:100280000ED9EB180CF1FF3104D29F4202D9ACF128
:1002900002012B44DB1B41EA004192E76046E3E7A1
:1002A0006146F7E76046A3E76346B7E7834206D9AE
:1002B00016B9002108467BE7C6E900E0F9E7B3FA82
:1002C00083F78FB9834201D3724508D8BEEB02048D
:1002D00060EB030301209C461EB9002168E7384605
:1002E000FAE7C6E9004CF8E7C7F1200CBB4022FA58
:1002F0000CF41C432EFA0CF120FA0CF3B840014325
:100300004FEA14490EFA07F5B3FBF9F81FFA84FE19
:1003100009FB18300B0C08FB0EFA43EA00439A4520
:1003200002FA07F240D9E31808F1FF3004D29A45E7
:1003300002D9A8F102002344A3EB0A0389B2B3FB5C
:10034000F9F809FB183308FB0EFE41EA03418E451C
:100350002CD9611808F1FF3304D28E4502D9A8F1D7
:100360000203214443EA0040A0FB0298A1EB0E01E6
:100370004145CE46434602D306D14D4504D2B9EBA2
:10038000020E68EB04030138002EA6D0B5EB0E0276
:1003900061EB030101FA0CFC22FA07F34CEA0303B8
:1003A000F940C6E9003198E74046C5E74346D9E73A
:1003B000F0B52E4B2E4AC3F800262E48C3F804266B
:1003C00085B0C3F808264921C3F80C26C3F81026C7
:1003D000C3F81426C3F81826C3F81C2605F038FA0B
:1003E00003F0B0FF01A800F091FC234B1B6883428F
:1003F00004D02248452105F02BFAFEE7039A204855
:10040000492105F025FA1F48492105F021FA4FF44A
:100410004041002005F08BFC044620B11A484521DC
:1004200005F016FAFEE769469DF8080000F030F87E
:10043000009B039D1D44019B1E8902F077FEAF19AE
:1004400001F06AF901F03EF901F0D4FEAB5983F3F3
:10045000088884F31488BFF36F8FBFF36F8F7B68B6
:1004600098470A48452105F0F3F9FEE700000140EE
:100470003546526E0066000030010020196600000B
:100480003C6600006B66000090660000C3660000DA
:1004900008B5024638B105480023452105F0D8F9D2
:1004A0006FF0150008BD0860FCE700BFE6660000BD
:1004B00021B1012906D06FF015007047044B53F8A5
:1004C00030007047024B03EBC0035868704700BF11
:1004D000A86200002DE9F04FD9B0DDE96489DFF8AA
:1004E000D4A1669FDAF8005038A816461C4601F0E1
:1004F000BDF8B8F1000F07D0B9F1000F04DD4A468E
:10050000414638A805F037F833897289D6F80CB01F
:1005100013449B444FF00008C3453AD838A90CA8AF
:1005200005F04FF827B120220CA9384605F067FAEC
:100530000023009322464FF6FF73314606A803F0CE
:1005400002FF804610BB20460B9E00F07BF98642DE
:100550001CD8DFF864914FF0FF370DF1120304AAA5
:1005600005A906A803F03DFF00280FDB40F09A80A4
:10057000059906A803F081FF10BBBDF812004F4A91
:100580004FF6FF7132F8023B8B4217D1DAF8005078
:100590008CE0639B629AABEB0809994528BF9946AA
:1005A0004B464146204605F061F90028EED162999C
:1005B0004A4638A804F0DFFFC844ADE79842E1D1CD
:1005C000BDF81230102B17D1BDF81060202EDDD1F0
:1005D0000599334638AA204605F048F90028D5D1B8
:1005E000324638A90CA803F082FF354B1B688342C2
:1005F000CCD14FF00108B0E7012B32D1BDF810305B
:10060000202BC3D8059938AA204605F02FF90746B4
:100610000028BBD19DF810B0BBF1200F02D94FF0DC
:10062000FF379AE7D9F80030264E0393039B9F4289
:10063000F5DA1CA801F01AF8726856F8081B12685F
:100640001CA804F098FF1CA914A804F0BAFF5A468D
:1006500038A914A805F0C3F900283FF47EAF01378C
:10066000E4E7222B7FF479AF7B1C3FF476AFD9F817
:100670000030BB42D3DDBDF81030802B86D8059901
:1006800038AA204605F0F2F800287FF47FAFFFB2C9
:10069000BDF81030009738AA20210CA800F014F8FB
:1006A0000546BCE7B8F1000F3FF470AF284659B0DB
:1006B000BDE8F08F04000020B0620000D4650000A7
:1006C00030010020B46200002DE9F04798B01646D2
:1006D0001D469DF88020394BDFF8E48053F8321036
:1006E000039103EBC20307465B68D8F800901868D3
:1006F00004AA0144302303A804F0F5F8002849D1E6
:10070000DDE903431C4405AA08AB214603A804F015
:1007100012F900283ED1069A072A3BD129490798A9
:1007200005F05DF9002835D1099A082A32D1264909
:100730000A9805F054F968BB04AA214603A804F0FE
:10074000E6F838BBDDE903A30AEB0302944221D1AA
:10075000412B1FD13544302305AA294604A804960D
:1007600004F0C1F8A0B9DDE9043213449D420FD36F
:100770002A4604A908A803F08EFE48B92A4604A90F
:1007800010A803F088FE18B99AF80030042B05D0A1
:10079000D8F80090484618B0BDE8F08700F07AFE1F
:1007A00008AB0090202239460AF1010004F080FDD8
:1007B0000128EDD1054BD3F80090EBE7B4620000BF
:1007C00004000020156700000C67000030010020C5
:1007D000094A0B78400052F820108B4209D00130B2
:1007E00052F82000834214BF4FF0FF304FF4C07026
:1007F00070474FF4C0707047BC6200001FB50F4BCC
:1008000013F830000C4601F00DFB50B920688168E8
:1008100010236A46103905F029F828B1206805F040
:1008200024F84FF0FF3006E005491022684605F035
:10083000D6F80028F2D104B010BD00BFBC620000A1
:10084000F065000013B5044603F058FE6A46014601
:10085000204603F05EFD30B10448452104F0F8FF66
:10086000002002B010BD0098FBE700BF1D6700002C
:100870002DE9F041364B88B0064600200D461C6835
:10088000FFF716FE06A9C0B201F0CCFA002858D135
:100890002946FFF70DFE2C2407A9C0B204FB05640E
:1008A00001F0C0FA002833D02C276F4306EB07086D
:1008B000069BD8F8101011F0100138D14FF4807257
:1008C0000192244A0092CDE9031122460291084682
:1008D000FFF700FE0446204BF25906989A420CD1CD
:1008E000D8F80C20B8F808309B1806D282689342DA
:1008F00003D21A4B1B68A34220D035B38268002173
:1009000004F0DEFF164A1748452104F0A1FF13E06A
:10091000079804F0F0FF0746079804F0A6FF631E4F
:10092000E21C13F8011FB942BED19342F9D11DB1A7
:100930000699304603F0CCFE0B4B1C68069804F079
:1009400094FF204608B0BDE8F081084ADBE700BF0D
:1009500004000020D40E00203DB8F39630010020A2
:10096000606700006A670000000000205867000010
:100970007FB50D46044600212846CDE9021103F05B
:1009800066FE28B32368194EB34203D103AA20465A
:1009900003F0F2FDE36AB34204D102AA012120462A
:1009A00003F0EAFDDDE90232934288BF0393039B23
:1009B000AB60039A2946204600F0A8FB0C4B1A684E
:1009C000002A03DD0B48572104F042FF04B070BD3C
:1009D00001A9FFF713FF019805F1080103F099FD44
:1009E000AB680198039304F040FFE2E73DB8F3964B
:1009F000940D0020926700002DE9F84FDFF870B0E9
:100A00001C4C1D4D884691469A4600260B9B9E42E3
:100A100001D300200FE00B9B154A9F1BB7F5806F99
:100A200028BF4FF480673B4606EB0A01404604F0BE
:100A30001DFF10B10120BDE8F88F0A993B465A46C8
:100A40007118484604F027FF0028F3D1C4F8005677
:100A50003E44C4F80456C4F80856C4F80C56C4F80A
:100A60001056C4F81456C4F81856C4F81C56CDE7EE
:100A700034090020000001403546526EF0B5994B14
:100A800043620E46984B0365002189B00446084630
:100A9000FFF70EFD04F120010546C0B201F0C2F9D6
:100AA0000346E8B90121FFF703FD04F14C010546B7
:100AB000C0B201F0B7F90346E0B9204603F09DFD4E
:100AC0000546C8B900221146204603F03FFD054601
:100AD00060B386480022572104F0BAFE01239CE04F
:100AE0000022CDE90023824800232A46452104F054
:100AF000AFFEFEE70122F4E77E488022572104F092
:100B0000A7FE01239D4284F85830DBD194F8583079
:100B10008DF81730042B00F28380012B00F28780C0
:100B200000F09A80FF2384F8583095E0204600F0CA
:100B3000FFF90028D2D004A803F080FD014620462A
:100B400003F01BFE18B16C482A465721C4E704A8DD
:100B500003F07DFD80F0010104AAC9B2204603F034
:100B6000F5FC02460028B4D104A803F070FD054648
:100B700060BB04A92046FFF7FBFE9DF8173084F800
:100B80005830033B012B06D8284600F0E5F810B199
:100B9000FF2384F858309DF81730023B022B0BD806
:100BA000002000F0C3F838B1FF2384F858305348D0
:100BB000452104F04DFEFEE794F85830FF2BF6D0A7
:100BC00004AA0021204603F0C1FC87E79DF81770B6
:100BD000012F17D1104602F037FB831E022B05466A
:100BE0000DD839462046FFF743FE454B1B68984217
:100BF00005D0444B1D68A84214BF0525012584F883
:100C0000585083E701212046FFF732FE3C4B1B681A
:100C100098420CBF9DF81730052384F8583075E7CB
:100C2000052B7FF47FAF002000F096F811E004A9B7
:100C30002046FFF79DFE94F85830DA1E012A14D89A
:100C4000002000F089F800287FF46CAF002000F04D
:100C50006DF800287FF466AF94F85830FF2B07D169
:100C60002648452104F0F4FDFEE7022BF4D1EDE720
:100C70000022012B244D039214D01146204603F08C
:100C800065FC78B12D68102200210DEB020004F004
:100C9000C1FEE06C04F0E9FD206A04F0E6FD2846A0
:100CA00009B0F0BD00212046FFF7E2FD144F3B687C
:100CB0009842E7D12B689842E4D0124B1B689842C7
:100CC000E0D0039B01330393039B012B00D0FEE78D
:100CD000206A03F01CFB3071236A5B6834603D6856
:100CE000B360D0E7340500203401002050680000D4
:100CF000C16700000E6800007C680000A668000064
:100D000030010020000000200400002038B5064D0E
:100D1000044660220021284604F07CFE2146284635
:100D2000FFF7ACFE38BD00BF340D002013B5094BF2
:100D300001A913F8300001F075F848B9019805F0E1
:100D4000E4F80446019804F090FD204602B010BD7E
:100D50000124FAE7C46200001FB50F4B01A913F884
:100D6000300001F05FF8A8B9019802A902F016FA64
:100D7000044668B99DF80B30032B03D1019805F0A8
:100D800092F80446019804F070FD204604B010BDAE
:100D90000124F7E70124F8E7C46200002DE9F341DC
:100DA00006460C4617461D460BB9002628E0184695
:100DB00003F04DFC0028F8D16946FFF71FFD0098AD
:100DC00038B90124009804F050FD204602B0BDE877
:100DD000F08101A903F09DFB0028F2D1009804F0F6
:100DE00044FD3046019903F015FD736A5E686B7926
:100DF000012B21D1002CD8D12B68834298BF00262B
:100E000021460020FFF754FB6946C0B201F00AF802
:100E10000028D6D1009820233A46314604F026FD1A
:100E200004460028CDD1002DCCD03C680D4BE41AEF
:100E300018BF4FF0FF34C5E7022BB6D12B68012B4A
:100E400005D98342B1D8B4FA84F46409ADE7ACD1D2
:100E5000002CD5D0012CA8D12C79023C18BF01243C
:100E6000A3E700BF3DB8F3962DE9F04F074685B0E4
:100E70000C46014600201646FFF7AAFC051E50DB73
:100E80003846E46D03F03AFB5FFA84F96B1E09FB08
:100E900003084FF0000A4FF0010B4FF0FF349DB9EB
:100EA000BAF1010F03DD2148452104F0D1FC631C98
:100EB00006D07F2C2ADC013440F201133460B38069
:100EC000284605B0BDE8F08F6B1E00930DF10F02B0
:100ED00001234146384604F0C9FC031E019322DB7E
:100EE00001220DF10F01384604F078FF019B40B15B
:100EF0005B4501D00AF1010A009DA8EB09089B4659
:100F0000CDE7B4F1FF3F08BF2C46F5E70223803C54
:100F10007371631004F001040133013433603471E0
:100F2000CEE70725CCE70125CAE700BFB26800007D
:100F300070B5866A456D044603F05BFCAE420AD08C
:100F40006B1CB34207D0834205D01448572104F0EC
:100F50007FFC002070BD802E1CD911485721F6E778
:100F6000626A216D02EBC30201EBC301526849685A
:100F7000914202D00B485721E9E701339D42EFD15E
:100F8000AE4205D9636A03EBC5035B689342F1D1B6
:100F90000120DFE700231A46F0E700BFD568000014
:100FA0000D6900003C69000000B589B004A9022069
:100FB00004F086FF9DF81020012A41D0254B2649D8
:100FC000032A08BF0B469DF8132002929DF81220B9
:100FD00001929DF81120214800924921204A04F0F5
:100FE00037FC06A9052004F06BFF9DF81820012AA4
:100FF00028D0184B1849032A08BF0B469DF81B2020
:1010000002929DF81A2001929DF81920009213482F
:10101000144A492104F01CFC9DF81030012B13D117
:101020009DF81230032B0FD19DF81830012B0BD0F7
:101030000D48492104F00CFC022009B05DF804FBC6
:101040000A4BC0E7094BD9E70948492104F000FCE5
:101050000020F2E7686900007169000085690000FE
:1010600077690000C6690000D66900006C6900005D
:10107000F569000070B54B6814461E4A03F0FF2363
:10108000934286B006460D462FD10B68012B2CD11A
:1010900004A9204602F082F89DF81020012A26D0EB
:1010A000154B1649032A08BF0B469DF813200292E0
:1010B0009DF8122001929DF8112000921048114ACB
:1010C000492104F0C5FB9DF81030032B0DD12146BA
:1010D000304603F0FDFA204604F0E5FEA9682046FC
:1010E00003F025FA204602F039F806B070BD064B31
:1010F000DBE700BF000100046869000071690000BF
:1011000085690000C66900006C6900002DE9F04F98
:10111000164689B005460C467448492104F098FBF0
:101120003146284603F076FB6B6A824620465E68AD
:1011300003F08DFAE8B1E86D03F0DBF9AF6A002344
:10114000013F3344834201D2013FFAE7BA4510D34D
:101150006748572104F07CFB07FB06F365480AFB50
:101160000662572104F074FB0123E37109B0BDE866
:10117000F08F06A9022000F055FE07A9052000F017
:1011800051FE079A21462846FFF774FF6379012B29
:101190004BD1DFF864B1574641E02268C2F1010348
:1011A00053449F423AD86B6A196853F8370003EBEF
:1011B000C703012A53F8083CA3EB0103A0EB010984
:1011C000049311D1079B0393E368022B08D0414697
:1011D000284603F07DFA22464146284603F0AEFA3F
:1011E0000399284603F074FA32464946404603F014
:1011F0006DFA049B42464146CDE900962846FFF72A
:10120000FBFB2146284603F02FFA236801332360B5
:1012100020B1DBF800300133CBF80030013FDDF8BE
:101220001880002FB9D101232360022363710127A5
:10123000BA45DDF8189006D2484604F016FB079828
:1012400004F013FB92E723689F424DD36A6ADDF8EE
:101250001CB052F837100491FB00083B1168039151
:10126000D1582A6DD0581368A0EB03082379012BBD
:1012700038D1039B3246C91A4846059103F026FA35
:101280000599009143464A46594601962846FFF77C
:10129000B3FB2146284603F0E7F90223237118B176
:1012A000154A13680133136032464146584603F02D
:1012B0000DFADDE9032349469B1ACDE900865A461B
:1012C0002846FFF799FB2146284603F0CDF923680D
:1012D000013323600123237130B1074A13680133BE
:1012E000136001E0022BDFD00137A1E70C6A000098
:1012F000356A0000646A0000940D00200A4619B1A6
:10130000024B00211B681847704700BF08000020EF
:10131000F0B5082289B003F04AFCCB6A03930B6B4B
:1013200004934B6B05938B6B0693CB6B0793134620
:101330006A460C460646002711461046CDE901775D
:10134000009703F042FB31460546304603F03DFB73
:10135000216B0391616B0491A16B0591E16B0544D5
:10136000CDE906171046114603F02FFB3146054420
:10137000304603F02AFB0544206A0090606A019021
:10138000A06A0290A06B0690E06B07903046CDE912
:101390000477039703F019FB0544606A0090A06A84
:1013A000D4F838C00190E06A0290CDF810C0606BAC
:1013B000D4F83CC00390CDE905C0206A07903046C0
:1013C00003F003FB0544E06A0090206B0190606B22
:1013D0000290206A0690A06A07903046CDE9047713
:1013E000039703F017FC236B0093636B0193A36BCC
:1013F0000293E36B0393636A0693E36A07932D1AE0
:101400000823304603F006FC636B0093A36B019343
:10141000E36B0293236A0393636A0493A36ACDE99F
:101420000537236B07932D1A0823304603F0F2FB90
:10143000A36B0093E36BCDE90137636A0393A36A5F
:101440000493E36A0593636B07932D1A08233046D0
:1014500003F0E0FB2D1A10D40D4C35B908223146AB
:10146000204603F0B0FB01280FD008232246314666
:10147000304603F0CFFB2D1AEFE7054A082331462B
:10148000304603F0A2FA2D18F8D409B0F0BD00BF21
:10149000D062000000487047CC6200002DE9F04F98
:1014A0009DB0036802934368039383680493C36801
:1014B0000593036906934369079383690893C36996
:1014C0000993DDE9062CDDE904BEDDE90246984614
:1014D000DFF890A1089B00930027CD595AF8049B90
:1014E0000CAB2DBADD514FEAF223A94483EAB213C3
:1014F000009D83EA72634B4425EA020502EA0C0967
:1015000085EA09052B44434486EA0B054FEA743803
:1015100088EAB408254006EA0B0985EA090588EA45
:10152000B4580437A844402F03EB0E054344DE466D
:10153000DDF8008040F087804B490A914FF0100A97
:1015400051460AF1010A0DF1700E0AF00F070EEB79
:10155000870701F00F0957F8407C01974FEAB74819
:1015600088EAF71801F10E0707F00F070EEB87075F
:10157000093157F8407C4FEAF74E8EEA774ECDF8A6
:101580002CE001F00F010DF1700E0EEB81010EEB5E
:10159000890951F8401C59F840EC7144DDF804E029
:1015A00088EADE08DDF82CE041448EEA972E71448B
:1015B00005EA02084FEAF52E2CEA050787EA080734
:1015C0008EEAB51EDDF8288049F8401C8EEA756E5B
:1015D000774458F804EFCDF8288077440F440099F9
:1015E000CDF800C039444FEA733E84EA06078EEA1C
:1015F000B30E1F4004EA06088EEAB35E87EA0807C6
:101600007744BAF1400F01EB0B0E0F44B34622D1E1
:1016100002993944016003991944049B41602344B1
:101620008360059B3344C360069B73440361079B3F
:101630002B444361089B13448361099B6344C3614A
:101640001DB0BDE8F08FCDF800C0B34694462646E5
:101650002A461C4641E7944626462A461C467546BD
:101660003B466DE77C630000B863000010B504469C
:10167000C8B17022002104F002F80B4B0B4A0C4950
:101680000C48C4E900230C4BC4E902130B4BC4E91A
:1016900004030B4BA36103F17453A3F52303A3F6D7
:1016A0009243E361012010BD85AE67BB67E6096A1E
:1016B00072F36E3C7F520E513AF54FA58C68059B34
:1016C000ABD9831FBFF36F8F72B6124B4FF0FF324F
:1016D000C3F88020C3F88420C3F88820C3F88C2086
:1016E000C3F89020C3F89420C3F89820C3F89C2036
:1016F000C3F88021C3F88421C3F88821C3F88C2162
:10170000C3F89021C3F89421C3F89821C3F89C2111
:10171000704700BF00E100E01A4B70B54FF0FF3496
:1017200001265E60C3F84843C3F8084303F5C0438D
:10173000154D5E60C3F84843C3F8084303F598337A
:1017400002205E60C3F84843C3F80843C5F8084365
:1017500000F0B2FD00236E60C5F84C31D5F84C2185
:10176000C5F81031D5F81021C5F84431D5F8442119
:10177000C5F80035054BC3F808454FF08043C3F862
:10178000084370BD00B000400020004000F0014060
:10179000014B1B68184700BF0C00002007B50B4623
:1017A000002102460091034800F006F803B05DF8FE
:1017B00004FB00BF911700002DE9F04F8DB01D46CE
:1017C000531E8246019103934FF00009039B587802
:1017D000252803F1010419D11E4600204FF0FF38DF
:1017E000023603460290444631780396392954D88C
:1017F0001F2914D8002900F0EE8101992520D04737
:1018000001993078D04709F10209DFE7002800F09C
:10181000E2810199D04709F101090394D6E7A1F1CA
:101820002002192AE9D801A757F822F095180000DC
:10183000FB170000FB17000095180000FB170000C5
:1018400015190000FB170000FB170000FB17000034
:10185000FB1700006119000095180000FB1700003D
:101860007519000021190000FB1700002F19000056
:101870004F1900004F1900004F1900004F190000C8
:101880004F1900004F1900004F1900004F190000B8
:101890004F19000008460136A6E7582900F0EB80F2
:1018A000A1F16302D7B2172FA7D8172AA5D801A78D
:1018B00057F822F01D1B00009B190000FB170000C9
:1018C000FB170000FB1700007B1900009B190000AC
:1018D000FB170000FB1700007B190000FB1700003E
:1018E000FB170000FB170000511A0000FB17000057
:1018F000FB170000F11A0000FB1700009B19000005
:10190000FB170000FB170000511A0000FB17000036
:101910007B19000001992520D04709F1010955E7FD
:10192000029A02F0FE0202924FF00008B3E7002C88
:101930000DDAB8F1000F0DDA029A002A00F04381A7
:1019400024EAE4740A2202FB0414303CA3E7B8F151
:10195000000FF5DB0A2202FB0812A2F130089AE719
:10196000B8F1000F55F8042B80F22F81002A80F285
:101970002E815442022202928DE7682903D1682BFE
:1019800006D1482387E76C2902D16C2B00F0218116
:10199000002B7FF432AF0B467DE77A2B06D17529F9
:1019A00055F8046B14D14FF0000B0CE06C2BF6D003
:1019B0004C2BF4D1073525F007037529D3E9006BCB
:1019C00003F1080506D120283BD1854F013C09E0F1
:1019D0004FEAE67BBBF1000FF5DA7642814F6BEB05
:1019E0004B0B013C0DF12D0305930023049330466E
:1019F00059460A220023FEF771FB059B303203F89B
:101A0000012DB4460593049B5A46BCF10A0F8B4640
:101A100072F1000203F1FF3106460491E7D2C3F1EF
:101A2000010B30330DEB0306B8F1000FA6F10406ED
:101A30006DDA029BD9077DD4A8EB0B03A4EB0B0452
:101A400013E02B280ABF684F684F04F1FF34C9E741
:101A500070290FD155F8042B0023FAB9634F644E57
:101A6000053C6FF004034FF0050B029A920770D407
:101A7000A04666E078216C2B03D155F8042B002397
:101A800008E04C2BF9D1073525F007031D465B68AC
:101A900055F8082B232825D1880621D5554F023C1F
:101AA00001F06001A1F1390B0DF12D0E002602F0BD
:101AB0000F01092988BF594430310EF8011D102A41
:101AC0004FEA121141EA03714FEA131C73F100034C
:101AD00006F1FF3008D2C6F1010B06F13003A1E791
:101AE000454FDCE7414FDBE706460A466346DEE743
:101AF00055F8046B304603F06BFFB8F1000F8346D6
:101B000002DB4045A8BFC346384F4FF00008A8EBA2
:101B10000B03002B92DDA4EB0804A6E755F8043B69
:101B20008DF81830314F013C4FF0FF334FF0010B6F
:101B300006AE9AE7A046EAE7029301992020D04733
:101B4000029BB8F10108F7D524EAE472013C914404
:101B5000A41AB84606E0049302920199D047029A6B
:101B6000049B9046424612F8010B0028F3D11A4616
:101B7000013A15D5002BACBFC7EB03077F425B468C
:101B8000013B15D5BBF1000FA8BF5F444F4426466B
:101B9000013E14D5002CA8BF3F1907EB080915E634
:101BA0000493029201993020D047049B029ADFE708
:101BB0000293019916F8010BD047029BE0E70199C7
:101BC0002020D047E4E70122D5E6904663E614469C
:101BD00061E64C235FE648460DB0BDE8F08F00BFDC
:101BE000F26A0000F06A0000F46A0000B1680000C8
:101BF000FC6A0000F66A0000F96A00002DE9F0476F
:101C0000058B04462807904611D4022905F00705E4
:101C100040F0CC80204603F043FD78B10138218BA1
:101C2000042811D8DFE800F0C2106D859500012965
:101C30000CBF45F0100545F02005258388F3118879
:101C4000BFF36F8FBDE8F08701F0070AAA4500F0E7
:101C5000A5800027B9463E46A368002B00F0BC8053
:101C600041F00801218388F31188BFF36F8FA168C9
:101C7000002900F0BA800D68002900F0B680D1F884
:101C80000480334652462046C047002D76D02B684C
:101C900029461D46F0E701F007035A1F012A1BD809
:101CA000002221F00701062B276889B2C4E900222F
:101CB00009D13B4603E0628B013262831B68002B33
:101CC000F9D141F002012183204603F0E9FC00280C
:101CD0007AD041F0200176E0042B0AD121F00701EF
:101CE00089B22183204603F0DBFC10B141F02001D2
:101CF0002183218B01F0070AAA454FD00027B9465E
:101D0000AAE7236921F0070141F00601062DD3F867
:101D1000009021832DD1B9F1000F3FD041F008018F
:101D2000218388F31188BFF36F8F3A492046C84753
:101D300029E021F00701236941F0040189B2042D53
:101D4000D3F804902183E6D000273E464FF0040AE2
:101D500082E721F00701236941F0050189B2052DD1
:101D6000D3F808902183D6D000273E464FF0050ACD
:101D700072E700273E464FF0060A6DE72B4687E7DD
:101D8000B9F1000FD1D1EFF31188202383F312882A
:101D9000BFF36F8F238B23F008032383258BEA0681
:101DA0002ED525F01003238305F007056669218BE6
:101DB000002EBFF670AF00232768C4E9003321F07E
:101DC000070141F001012183218B01F0070AAA4597
:101DD0004FF000097FF440AF002F9CD041F0080184
:101DE000218388F31188BFF36F8F002FC8D03D681F
:101DF000394633465246204603F07EFC2F46F4E730
:101E0000AB067FF51BAF25F02003238305F0070504
:101E100000E700BF25570000014B0360002070471A
:101E20008064000070B5114B1C680D46DCB1104B8E
:101E3000196800238B4202DB6FF0010070BD22465F
:101E400012F8106B864202D001331446F2E7E068C4
:101E500010B96FF01200F1E704F000F90028F8D093
:101E60002C600020EAE76FF00C00E7E7100000208C
:101E70008064000070B588B005460C46C0B2694663
:101E80001646FFF7CFFF00281BDB0098C8B1436858
:101E90000293836822680195CDE903360023CDE9DA
:101EA00006230593C56803F0E0FC6DB12846084998
:101EB00001AA03F0AFFE079808B9059B236008B09C
:101EC00070BD6FF01500FAE76FF01200F7E700BF82
:101ED0000559000008B5054803F0D5FB044803F098
:101EE000D2FBBDE80840034803F0CDBB026B000005
:101EF000336B0000666B000030BFFFF7FDBF00BF13
:101F000070B5264B15469A6A12F0100F9A6A14BFE4
:101F10001124102412F0080F9A6A18BF1224920795
:101F200006460AD5586B9A6A140634D519B19A6ACE
:101F300022F080029A62132401E06FF01500174B23
:101F40009A6A12F0010F9A6A18BF142412F0200F37
:101F50009A6A18BF1524D20602D49B6A9B070AD539
:101F60000E4B5B68190506D5314600F0FBF910B140
:101F700080F309880224094B9A6A920642BF5A6A82
:101F800022F400525A629A6A42F0FF029A620023D7
:101F90002B70204670BD6FF01500CCE700ED00E01F
:101FA000134B9A6A12F0007F9A6A14BF1E201D20FC
:101FB00012F0807F9A6A18BF1F2012F4002F9A6ACD
:101FC00018BF212012F4802F9A6A18BF222012F421
:101FD000003F9A6A18BF232012F4803F9A6A6FEA82
:101FE00002426FEA12429A6218BF2420704700BF73
:101FF00000ED00E010B5194B0246986A9C6A10F497
:10200000805F14BF1720162014F4006F9C6A18BF5D
:102010001820A40509D5986B986A000404D51AB154
:102020009A6A22F400429A6219200C4B9A6A12F4BE
:10203000806F9A6A18BF1A20D2050CD49B6A13F4D9
:10204000005F18BF1C20054A936A43F47F439362E4
:1020500000230B7010BD1B20F5E700BF00ED00E072
:1020600070B5454B5B688AB00546C3F3080300268C
:1020700086F31188BFF36F8F02F07F40B0F17F4F7E
:1020800011D102F00C0008280DD010074CBF0D46EE
:1020900001260022033B8DF80720032B05D8DFE83B
:1020A00003F01E5D615A3546F3E700249DF80730C2
:1020B0009BB92022294602A803F0A1FC099B002E0F
:1020C00054D0C3F3080222B96FEA53236FEA4323C3
:1020D000099302A9204603F037FC0AB070BD264BD5
:1020E000DA6A9107E1D4DA6A002ADEDBDA6A5200A2
:1020F000DBD55A69A96942F480725A61BFF34F8FE8
:10210000BFF36F8F5A6931F8021C22F480725A6152
:10211000BFF34F8FBFF36F8F4DF6027291420AD01B
:102120009A6AD2B24AB10DF1070201212846FFF79F
:10213000E7FE0446BAE72C68B8E79A6A12F47F4FC4
:1021400005D00DF107010120FFF754FFF1E79B6A6D
:10215000B3F5803FA9D3FFF723FFEAE70DF10702AC
:102160000021E3E70DF107010020EDE723F4FF7301
:1021700023F00103ACE700BF00ED00E0024A536921
:1021800043F010035361704700ED00E0EFF3088067
:10219000EFF3098101B57246FFF762FF01BD00BF91
:1021A000002080F31488BFF36F8F01F0FBF800204C
:1021B0000D490860BFF34F8F0C4880F3088800F08A
:1021C0002BF8202080F3118809484FF4046140184F
:1021D00080F30988EFF314800221084380F3148808
:1021E000BFF36F8F00F0A2F894ED00E040440020B0
:1021F000001400200749D1F890200023C2F30722E1
:102200001846934200DB7047C1F89830C1F8A0002F
:102210000133F6E700ED00E008B572B6002383F362
:102220001388FFF7E7FF144B4FF0FF32C3F880200D
:10223000C3F88420C3F88820C3F88C20C3F890200A
:10224000C3F89420C3F89820C3F89C20C3F88021D9
:10225000C3F88421C3F88821C3F88C21C3F89021E6
:10226000C3F89421C3F89821C3F89C2162B6BFF348
:102270004F8FBFF36F8F08BD00E100E01EF0040F29
:102280000CBFEFF30880EFF30980816911F8021C9D
:102290000229FFD001B503F05DFB01BD40B200286B
:1022A00007DB044A4109012300F01F00834042F884
:1022B0002130704700E100E040B200280CDB430908
:1022C000064900F01F0020330122824041F82320FC
:1022D000BFF34F8FBFF36F8F704700BF00E100E087
:1022E000054B420900F01F0053F82220012303FA96
:1022F00000F01040704700BF00E100E040B200284D
:10230000A8BF00F1604001F10101B8BF064B4FEAE0
:102310004111ACBF00F5614000F00F00C9B2B4BF7D
:10232000195480F80013704714ED00E00B4A08B50B
:102330000B4B22F07F029A60BFF34F8FBFF36F8F7A
:10234000D3F8882022F47002C3F8882001F0D0FE70
:1023500001F016FF00F03CF801F0D6FE000000008E
:1023600000ED00E010F1160F074B08D0984208D39B
:102370004033834205D98B4203D904487047403328
:10238000F9E70020704700BF401C0020801C00209F
:1023900080B584460C4615461E46074F87F30988CC
:1023A0004FF0000005498847204629463246E0475D
:1023B00003488047FEE700BF8044002075590000B5
:1023C00083590000014B10221A61704700ED00E0B4
:1023D000044800232021C2180133272B82F8001360
:1023E000F9D1704700E100E008B5EFF30583064A34
:1023F000103B02EBC30152F8330049688847BDE83F
:10240000084003F0B2BA00BF60610000024B034A0B
:102410000348022100F066B80000012000000020FF
:10242000E4640000084AC2F898000B6823F01F0318
:10243000034343F01003C2F89C308B6843F0010360
:10244000C2F8A030704700BF00ED00E02DE9F04376
:10245000DFF8608085B00E461F4604464FF0000945
:10246000B14523DA6068D8B13FB1411E08421BD1A3
:102470001F2819D92368194216D12368019303F044
:1024800097FAA36803430393D8F89050C5F3072540
:10249000D0B2013DA84207D801A9FFF7C3FF421CF3
:1024A00009F101090C34DBE76FF01502104605B0A5
:1024B000BDE8F08300ED00E0044B0522C3F8942052
:1024C000BFF34F8FBFF36F8F704700BF00ED00E089
:1024D000BFF35F8F024B0022C3F89420704700BF08
:1024E00000ED00E010B5034C01232278FFF7AEFFAA
:1024F000207010BDD40F00202DE9F043534B544CF5
:10250000D3F890302568C3F307239D4285B000F2CD
:102510009A80FFF7DDFF00200C2685421AD14D4C32
:102520004D4F25706846FFF777FCDFF82081DFF814
:102530002C9106460025AE4213D123784349002052
:10254000D1F89020C2F30722934276DBFFF7B4FF65
:10255000002042E0616806FB0011FFF763FF0130D5
:10256000DBE7009800EB05114FEA051CCB683B4008
:10257000B3F5000F48D00AD8B3F5001F30D0B3F53B
:10258000800F36D0B3F5801F10D00135D3E7B3F1FB
:10259000807F42D0B3F1007FF7D150F80C308868CB
:1025A0004A6803F005FA40F4802009E050F80C3046
:1025B00088684A6803F0FCF940F0885040F4302005
:1025C000CDE901230390D8F890302078C3F3072396
:1025D000013B98422AD96FF0150005B0BDE8F083A1
:1025E00050F80C3088684A6803F0E2F940EA0900C4
:1025F000E6E750F80C3088684A6803F0D9F940F0F3
:10260000007040F40030DBE750F80C3088684A680E
:1026100003F0CEF940F08270D2E750F80C308868B1
:102620004A6803F0C5F940F08870C9E701A9FFF7CF
:10263000F9FE237801332370A7E7C1F89830C1F879
:10264000A00001337CE74FF0FF30C6E700ED00E06B
:10265000FC640000D40F00200000F0FF000008110F
:10266000044A0123C2F840354FF080420020C2F8EE
:102670007835704700E0014020B1034B800143F002
:1026800001031847704700BFA0620000084B70B5F7
:10269000C31A0D4607499B10044659430648402279
:1026A00003F0CAF92B4601462046BDE870401847A2
:1026B000AC0D0020B76DDBB62461000073B50C4C87
:1026C0000C4A4023041B00930D460B460A49A410F4
:1026D00061430646094803F0DAF9011E05DA30467F
:1026E0002B4602B0BDE87040184702B070BD00BF75
:1026F000AC0D0020FD5A0000B76DDBB62461000070
:10270000002270B5012104461046FFF7F7FD0F487F
:1027100001F034F80E4B984215D101F03FF82669CC
:102720000C49304603F00BF800280BDB012535641B
:102730002469084904F11C0003F001F8002801DBBA
:10274000E564002070BD6FF00400FBE77528000011
:102750000000AD0B1C65000010B5074C23782BB9A9
:102760004FF4A57003F075FC01232370BDE8104001
:10277000002001F025B800BFD50F002010B5EFF301
:102780001184202383F31288BFF36F8F074A1368E5
:1027900023F00201DB07116002D4012003F0CEFB1D
:1027A00084F31188BFF36F8F10BD00BFFC0D0020B4
:1027B00030B4104B0C2202FB003301460020D3E959
:1027C0000E529863EFF31180202484F31288BFF334
:1027D0006F8F1C6C04F0C00444F002041C6480F38E
:1027E0001188BFF36F8F1DB12B46034830BC1847CB
:1027F00030BC7047AC0D00202461000010B4EFF332
:102800001182202383F31288BFF36F8F174801686A
:1028100041F002040460C80707D482F31188BFF3B3
:102820006F8F012010BC00F0CBBF4FF08041D1F87A
:102830000C04D1F80C14C907EFD5EFF3118083F322
:102840001288BFF36F8F0A490B6C03F0C00343F08B
:1028500002030B6480F31188BFF36F8F82F311883A
:10286000BFF36F8F002010BCFFF7A2BFFC0D00204C
:10287000AC0D002010B1012804D07047034B1B6C35
:102880005B0701D1FFF794BF704700BFAC0D00207C
:102890002DE9F8433649BFF35B8F0746012251E823
:1028A000003F41E800200028F9D1BFF35B8F33B926
:1028B000304931484B60CB608A6002F053FF7B1E89
:1028C000012B2DD8012F07D14FF08043D3F81C34B2
:1028D00003F00303012B23D003F001FC054608BBE2
:1028E000264B1B78F3B14FF080430222C3F8082334
:1028F0000646DFF88C904FF080444FF00108D4F882
:102900001824D4F81834D20315D503F00303012B8F
:1029100001D0012F0FD125B386F31188BFF36F8F3C
:10292000BDE8F883EFF31186202383F31288BFF309
:102930006F8F0125DDE7304603F02BF8D4F818350A
:10294000002BDCD1D4F80421002AD8D0C4F80431FB
:10295000D4F80431C4F81885C9F88081C4F8088017
:10296000CDE74FF080430222C3F80423D8E700BF2D
:10297000A80D0020980D0020C80D0020E6130020AF
:1029800000E100E0024B0B6001231360704700BFC1
:10299000000E0020004870477065000010B503F07D
:1029A0004DFB034C206003F045FB6060002010BD30
:1029B000000E0020F8B50E463046194617461D4653
:1029C00003F0A8F8B8B146EA050414F0030412D1E4
:1029D0004DB12B19032BA6EB040006D8074AD2F8F9
:1029E0000034DB07FBD50020F8BD3B1B043C196815
:1029F00001F00EFBEDE76FF01500F5E700E0014098
:102A000038B545682B69B3B11035284601F0C4F9D3
:102A1000044680B90146284601F08AF9084B9842DD
:102A20000BD108492246284601F06AF922460521C1
:102A30000620FFF763FC002038BD6FF00400FBE7C1
:102A40000000AD0B492A0000430970B507D10B4BBC
:102A5000596821B101250C68094E854001B970BD46
:102A60008A682A4002D04B68304698471CB12368D8
:102A700021461C46F2E72346FAE700BF080E002075
:102A8000386100002DE9F043476840F20636D00671
:102A90003B7B87B002EA060654BFC2F34010032016
:102AA00001F01F05B6F5837F144645EA43158DF8FE
:102AB000030042D00FD8062E18D007D8B6B1022E88
:102AC0003DD06FF0150007B0BDE8F083B6F5807F0C
:102AD000F7D101260AE040F20222964231D0B6F543
:102AE000407F30D0B6F5007FEBD1022622032CD5F3
:102AF0007A6801238B40C2F808353B696BBB05F04F
:102B00001F026D0976D1920002F1A04284F4803157
:102B1000D2F80037C1F30041C4F3404423F4E16329
:102B200044EA410423F007031C4344EA800444EAD6
:102B30000624C2F800470020C5E70726D6E704268A
:102B4000D4E70526D2E70326D0E7630341BF01237C
:102B50007A688B40C2F80C35CFE710370DF10202CE
:102B60002946384601F0D2F814F4403F80460CD193
:102B70002946384603F054FA214B9845DBD19DF89D
:102B80000210384601F012F9D5E701AB4FF0000909
:102B900003AA29463846CDE90439CDE90199CDF893
:102BA0000C9000F087FF164B98428AD114F4003342
:102BB00015D09DF803308DF80E3084F48034C4F3C2
:102BC00000444B4603AA294638468DF80C608DF820
:102BD0000D4001F01FF80A4B9842CDD071E7CDE9C6
:102BE000043303AA0DF1030329463846039300F08A
:102BF00061FFF0E702F5E07253F82230FFDE00BF1C
:102C00000000AD0BF0B54068057B01F01F0444EAFD
:102C10004514056987B0002D60D0B2F5001F00F1A2
:102C2000100506D12146284603F0FCF9002007B024
:102C3000F0BD01AE0027B2F5800F0197776038D163
:102C4000B3F1007F14BF052304238DF80430002363
:102C5000CDE904630393836823FA01F111F00101C4
:102C600019D1B2F1A07F16D104F01F03620903F558
:102C7000E07339D14FF0A04252F82330DB070AD479
:102C80000DF1030632462146284601F03FF8184B65
:102C9000984219D0029603AA2146284600F00AFF5E
:102CA000144B98421DD101222146284601F08AF892
:102CB000BCE7B3F1C06F05D0B3F1007F14BF0123AF
:102CC0000223C2E70323C0E73146284601F074F827
:102CD000084B9842DED06FF00B00A8E76FF085003C
:102CE000A5E76FF01500A2E751F82330FFDE00BF23
:102CF0000400AD0B0000AD0B70B5012383400E4AFC
:102D0000BFF35B8FDC4352E8001F01EA040542E891
:102D10000056002EF7D1BFF35B8F4FF48032824014
:102D20000648C0F80823BFF35F8FBFF36F8F0B42D5
:102D300014BF0120002070BD180E002000100140BB
:102D400070B40E49D1E90034D01AC31844F100041C
:102D500022F07F46C1E90034A6F50013B3F5400F19
:102D600009D2074B1B681A0A1B069C19054B42F136
:102D70000005C3E9004570BC01F062BA980000206C
:102D80001C0E0020A000002011B3BFF35B8F0123B5
:102D9000104A834052E800CF4CEA030C42E800C1DD
:102DA0000029F7D1BFF35B8F0B4A4FF48033834088
:102DB000C2F80433094BBFF35B8F1B68BFF35B8F13
:102DC000C340DB0742BF064B4FF40032C3F800217B
:102DD000704700BF180E002000100140140E0020A4
:102DE00000E100E00D4B1868010A0006BFF35F8F99
:102DF0000B4BD3F80435181841F10001B3F5801FCF
:102E00000AD2084BD3E90023904271EB030303D2AB
:102E100010F1807041F10001704700BF1C0E0020CE
:102E200000100140A00000202DE9F04F85B01646AB
:102E30001F469DF840A00446FFF75EFF0190FFF794
:102E4000D1FFB04271EB070354D23E4B301A67EB0F
:102E50000101984271F100014FD23B4B03EB041387
:102E6000D3E902239F4208BF96425ED037494FF410
:102E7000803804F1500508FA04F8AD00C1F8488321
:102E80002046ADB202F047FF26F07F4B05F18045AA
:102E900004F5A87305F58835DC464FF00309029365
:102EA000029A2CF07F4341F82230C1F84483D1F8D4
:102EB0000435274A6FF00200C01A604420F07F40BA
:102EC000904232D9286868B1D1F804350393A3EB56
:102ED0000B0020F07F40B0F5000F26D9204602F00D
:102EE0001AFF039BBAF1000F07D109EB030C09F19C
:102EF0000109D5E7BAF1000F09D06FF0150520469A
:102F00000199FFF741FF284605B0BDE8F08F012386
:102F1000104ABFF35B8FA34052E8000F184342E80A
:102F200000010029F8D1BFF35B8F07490E982301F8
:102F300001EB0412C8500F9B5360C2E902670025E1
:102F4000DDE700BF01008000880000200010014084
:102F5000FDFF7F00140E00207FB51C4C1C4BC4F8F5
:102F60000833C4F848331B4B00254FF0FF304FF0B7
:102F7000FF31C4F80855C3E902014FF48033C4F8A7
:102F80000433154B02264FF400320121C4F80463C8
:102F90001120C3F880212A46FFF7B0F91120FFF76E
:102FA0007DF90E4A0123A360236013600C4B0D4A88
:102FB0000093CDE9015500232846FFF735FF304641
:102FC000FFF766FC284604B070BD00BF001001404A
:102FD00003000F008800002000E100E0180E002030
:102FE000412D0000FFFF7F002DE9F7432F4CD4F85F
:102FF000043399070BD5D4F8043143B12C4A00238C
:10300000C4F80431D4F80431136801331360D4F8E0
:103010000433DA0329D5BFF35B8F264B53E8002F27
:1030200022F0010143E800100028F7D1BFF35B8FC5
:10303000D30702D4D4F84031BBB10025C4F84051C5
:10304000D4F84031FFF7CEFEEFF31182202383F353
:103050001288BFF36F8F184BD3E90267B042B941B2
:1030600006D282F31188BFF36F8F03B0BDE8F083FF
:103070004FF0FF384FF0FF39C3E90289D3E9001060
:103080001D604FF48033C4F84833C4F84051D4F87D
:10309000403182F31188BFF36F8F0029E5D0009093
:1030A00032463B4628468847DFE700BF0010014014
:1030B0001C0E0020140E00208800002030B5431C98
:1030C000124C85B005D08442A8BF0446012CB8BF7D
:1030D0000124FFF787FE0E4B0C4DD3E90013401A75
:1030E000B0F5000F10D22218AA4228BF2A46521863
:1030F0004FF0000007490091CDE9010043F10003C2
:10310000FFF792FE05B030BD2A46F0E7FFFF7F00D3
:1031100098000020412D000008B5FFF763FE024B28
:103120001B68C01A08BD00BF9800002010B5084CED
:10313000012363601120FFF7BFF8064BC4F8083382
:10314000C4F84833044B4FF40032C3F8802110BD5B
:103150000010014003000F0000E100E030B581687D
:1031600085B0103921F00704054602F0C4FB102297
:103170000146684602F04EFC07491022684602F0FC
:103180003EFC10236A462146284602F084FB0038A4
:1031900018BF012005B030BDF065000030B50D4608
:1031A000816887B0102302AA1039044602F05EFB42
:1031B000002802DA012007B030BD102202A9204603
:1031C00002F00CFE00283AD11E49102202A802F09B
:1031D00006FC00280CBF012302232B70204602F0BE
:1031E000E9FD012301460DF10702204602F03EFBF6
:1031F0000028DFDB9DF8073003F00F021B096A701F
:103200002B7101220DF10701204602F0E7FD10B9F4
:103210006B78042B03D901236B7000232B71A268F8
:10322000183A22F00702083AA91C204602F0E9FDEC
:103230000028BFD1E91C204602F03CFEBBE7032377
:10324000CBE700BFF0650000F0B5354F460085B014
:103250000546694657F8260002F032FE044610B1D2
:10326000FF2005B0F0BD013602A957F8260002F094
:1032700027FE012837D12B482A46492102F0E8FAD7
:10328000294B02938DF80C409DF800609DF8087062
:10329000264C00222078314602F092FD50B360782F
:1032A000394602F08DFD28B3A378042B03D09DF896
:1032B000031099421ED1E378042B03D09DF80B1024
:1032C000994217D12379042B10D16279022A1DD19A
:1032D000174B18482A46492102F0BAFA6079831E32
:1032E000022BBED9BCE70028CED0B9E79DF802106A
:1032F0009942EAD00132032A04F10604CAD10E48E9
:103300002A46492102F0A4FA0120AAE7032A05D09F
:103310000A4B0B49042A08BF0B46DAE7094BD8E7EA
:10332000B4650000096C0000030103039E6C0000FB
:10333000EB6B0000546C0000786C0000F06B000038
:10334000026C0000E66B0000BFF34F8F0549064B8F
:10335000CA6802F4E0621343CB60BFF34F8F00BF33
:10336000FDE700BF00ED00E00400FA054FF07043F8
:1033700093F8E02F062A09D1D3F8E83FC3F30313EB
:10338000033B042B02D8024AD05C704700207047F0
:10339000BF6C0000024AD2F80034002BFBD070470B
:1033A00000E0014010B502F0B8FD40B14FF080538D
:1033B000944AD3F82433C3F30423C2F84035FFF70B
:1033C000D5FF10B1904B914A5A6702F0A6FD48B163
:1033D0004FF080534FF08042D3F84432C3F342336E
:1033E000C2F83C35FFF7C2FF30B1894AD2F8FC3051
:1033F00023F08073C2F8FC3002F08FFD40B14FF033
:1034000080430022C3F80C21C3F81021C3F83825EB
:10341000FFF7ACFF20B14FF080430322C3F8A02593
:10342000FFF7A4FF60B17B4B0522C3F810260122F1
:10343000C3F888260022C3F818263F22C3F81426B2
:103440004FF08053D3F83021511C09BF4FF0704327
:10345000D3F8343193F8E02FD3F8E83F08BFC3F333
:103460000313062A4DD1033B042B03D86A4AD35CCD
:10347000002B46D04FF08052684BD2F80414C3F8AA
:103480002015D2F80814C3F82415D2F80C14C3F888
:103490002815D2F81014C3F82C15D2F81414C3F858
:1034A0003015D2F81814C3F83415D2F81C14C3F828
:1034B0004015D2F82014C3F84415D2F82414C3F8E8
:1034C0004815D2F82814C3F84C15D2F82C14C3F8B8
:1034D0005015D2F83014C3F85415D2F83414C3F888
:1034E0006015D2F83814C3F86415D2F83C14C3F848
:1034F0006815D2F84014C3F86C15D2F84424C3F808
:10350000702502F00AFD48B14FF080534FF0804221
:10351000D3F8583203F04F03C2F8E43E02F0FDFC4A
:1035200048B14FF08043D3F80024D20744BF6FF076
:103530000102C3F800244FF08053D3F83021062A4B
:1035400026D1D3F83431033B042B02D8344AD35C60
:1035500063B1344AD2F83C3743F48063C2F83C3755
:103560004FF08053D3F83031062B11D14FF08053F8
:10357000D3F83431033B042B02D82B4AD35C3BB144
:103580004FF01023D3F808224FF08043C3F858259A
:103590004FF01021D1F80C32DB0714D5234801235A
:1035A000C0F80435FFF7F6FED1F80C3223F0010322
:1035B000C1F80C32FFF7EEFE0023C0F80435FFF728
:1035C000E9FEFFF7C1FED1F80032002B03DBD1F892
:1035D0000432002B14DA154901234FF01020C1F8F2
:1035E00004351524FFF7D6FEC0F80042FFF7D2FEDF
:1035F000C0F80442FFF7CEFE0023C1F80435DEE731
:1036000010BD00BF0030014000C007400DF0ADBA52
:1036100000ED00E000500040BA6C000000C0004027
:10362000B56C000000100040B06C000000E00140EC
:1036300030B50468CCB1BFF35B8FB4FA84F3C3F147
:103640001F03DBB201229A4024EA020250E8005F25
:10365000A54204D140E8002CBCF1000FF6D1BFF325
:103660005B8FE6D102480B7030BD0248FCE700BF1B
:103670000000AD0B0200AD0B10B50368CB40DB07BB
:1036800014D401238B400268BFF35B8F43EA02012D
:1036900050E8004F944204D140E8001CBCF1000FF8
:1036A000F6D1BFF35B8FEED1014810BD0148FCE7B6
:1036B0000000AD0B0400AD0BF7B5044618B10128AE
:1036C00023D003B0F0BD4FF080430222C3F808239B
:1036D0000122DA60C3F80401D3F80431064601235D
:1036E0008DF8073042F210754FF08047D4B1012CAD
:1036F000E7D1D7F80C3403F48033AEBB83B3012099
:1037000002F01AFC013DF4D12AE04FF08043002280
:10371000C3F808035860C3F80021D3F800310DF155
:103720000706DCE7D7F8183403F480333EB9002BE2
:10373000C7D0012002F000FC013DF3D1C1E7D7F86A
:10374000182402F003023260002BBAD09DF8070063
:10375000012803D102F0F0FB013DC7D1012CB0D10B
:10376000054B00225A71ACE7D7F80C2402F0010295
:103770003270002BEAD1F3E7200E0020044B1A79B7
:1037800022B9012218609A800248704702487047A7
:10379000200E00200000AD0B0C00AD0B08B5074B50
:1037A0001B682BB10020FEF79BFD08B9FEF776FDE4
:1037B0004FF080430022C3F8182508BD200E0020DA
:1037C00038B5B0B1012855D14FF080420023C2F87E
:1037D0000031D2F80021304A03F180430121196001
:1037E0002E4B1B68002B50D04FF08043C3F80403CE
:1037F00040E04FF08043D3F81814D3F81824C803DE
:103800002AD502F00303012B04D013B10020FFF7E7
:1038100053FF00234FF08042C2F818350023C2F84E
:103820000431D2F804311E4AD2F8FC0040F0807313
:10383000C2F8FC301B4B1C6844F0010119605D6844
:103840005968491BB1F50A5FFAD31C60C2F8FC0045
:103850000823154A0220BFE7D3F81424D107D8D58E
:10386000D3F81C249207D1D40C4A12681AB1022250
:10387000C3F8042338BDD3F80421002AFBD000226A
:10388000C3F80421D3F80431F4E71368002BFCD00B
:10389000002313601368EDE700010040200E0020B4
:1038A00000ED00E0001000E00401004010B54FF012
:1038B0008043D3F800216AB10022C3F80021D3F875
:1038C00000210122C3F80823114B587910B95A710D
:1038D0001B6898474FF08043D3F8042172B100224F
:1038E000C3F80421D3F80421D3F81824D3F81824FA
:1038F000920704D10122C3F818259A6010BD022254
:10390000C3F80823024BBDE810401B68012018478C
:10391000200E002070B500F108030C4C34F8133071
:10392000DA0505460E4607D5C3F3432304EBC3026D
:1039300054F8333052689847A3682BB1E268314697
:103940002846BDE87040184770BD00BF1400002035
:1039500010B4C0B2114A083032F81030D9051BD566
:10396000C3F3432123F4F85322F8103002F10E047C
:10397000002034F8023F13F4807F03D0C3F34323C5
:10398000994209D001302028F3D1002342F8313088
:10399000034810BCFFF770BE10BC70471400002035
:1039A0006C000020F0B505460020044601260746BD
:1039B0008C420BD1114BD3F87C2132B10022C3F8D9
:1039C0007C21D3F87C3140F00040F0BDE3B29B0095
:1039D00003F580729B0806FA03F31D420BD002F137
:1039E000804202F5C042D2F800C0BCF1000F02D004
:1039F0001760126818430134DAE700BF0060004026
:103A0000CBB20246083308460C4931F81330990608
:103A100011D599070FD410685B0B01219940C0F8AC
:103A20000813126802EB8303D3F8102522F0030277
:103A3000C3F810257047002102F0D5BA1400002009
:103A4000F7B5CDB2174E0835074636F81530DB0707
:103A50000C4624D5FFF7D4FF36F815309A0606D564
:103A60005B0B3A6803F5A273002142F8231020464D
:103A7000FFF76EFF002301A826F81530019402F02D
:103A80005FFA019B00EB8300074BD0F8002713403F
:103A900043F00203C0F80037044803B0F0BD044807
:103AA000FBE700BF14000020F0F8FCFF0000AD0BA6
:103AB0000400AD0B2DE9FF41136807460C4615467F
:103AC000FBB1CEB2DFF83C81083638F8162002F0A0
:103AD0002202222A22D00022CDE900228DF80E20D7
:103AE0008DF80F200DF10E010DF10F02204602F0AE
:103AF00031FA38F8163023F0020343F0010328F8B6
:103B000016306B684BB393F800C05A683D4EE3B271
:103B1000083336F81310880702D5B2B13A481FE0CF
:103B200021F02001C904C90C26F813106AB1BCF1B8
:103B3000030FF3D86A68386852681278BCF1000F36
:103B400011D102F5A27240F822C036F8132022F0FB
:103B50001C0242EA8C0226F81320AB6843BB2B48B8
:103B600004B0BDE8F08100EB820041EA4231D0F8B8
:103B700010E52EF0030EC0F810E53F6807EB820752
:103B800041F02001D7F8100526F8131020F4473033
:103B900020F44070C7F810052002D7F810E500F4B3
:103BA000F85040EA0C4040EA0E00C7F81005CCE798
:103BB000D3E900672046FFF7CBFE002ECFD0114D92
:103BC000D5E90023964203D19F4201D1002209E0AA
:103BD0000F480DF10F01FFF72BFD0C4B9842BFD1A1
:103BE0009DF80F2045F83260E4B205EBC2030834BB
:103BF0005F6035F8143043EA422343F4807325F8BC
:103C00001430ACE7140000200400AD0B0000AD0B35
:103C10006C0000202DE9FF4107460C461E4612B3FA
:103C2000CDB2DFF8D080083538F81530980701D4C8
:103C3000990621D413F01C0F02D05378012B1BD00E
:103C400001238DF80F300023CDE900230DF10F0182
:103C5000931C2046013202F07DF938F8153043F00C
:103C6000030328F81530002E42D0E1B2214D08316F
:103C700035F81120930703D41F4804B0BDE8F08144
:103C800096F800E0D7F800C022F020020EF5A270EE
:103C9000D2040023D20C4CF8203025F8112096F8DD
:103CA00001C0BCF1000F23D03868B67800EB8E005D
:103CB0004FEA0C4CD0F8103523F4981323F4F85342
:103CC000C0F81035230203F4F8530CF4403C3605D9
:103CD000D0F8107543EA0C0306F4801642EA4E321F
:103CE000334342F020023B4325F81120C0F8103541
:103CF0000248C2E7140000200400AD0B0000AD0B29
:103D0000014BC3E90212704714000020C9B2083108
:103D1000044B33F81130990643BF5B0B0248137014
:103D200002487047140000200000AD0B0400AD0BEA
:103D300070B5164D95F8604006462CBB21464022D2
:103D400005F1100001F066FE30682E6D21468E42AE
:103D50000ED10023C0F87C31D0F87C3140F307301D
:103D6000FEF79CFA01230A4885F86030AB6570BD08
:103D7000CBB29B0003F580727C2B08BF845001F10D
:103D8000010108BF8358E2E70248F0E71400002071
:103D90000000AD0B0C00AD0B034B93F86000003836
:103DA00018BF0120704700BF140000200148FFF732
:103DB00063BC00BF680000200148FFF739BC00BFAA
:103DC0006800002073B503680C46D3F8041300297B
:103DD000A4BF4FF00041C3F80413E3B21D490833F8
:103DE00031F8133099061AD513F0020617D15B0B80
:103DF0009C00056804F580716E5069580168214483
:103E0000D1F8104544F00104C1F810452AB1016809
:103E1000012202FA03F3C1F8043302B070BDC3F308
:103E20008203042B12D0052B12D001A8019402F0BA
:103E300087F8019AD0F81035D34003F00103991C9C
:103E4000204602B0BDE8704002F0CDB80321F7E78C
:103E50000221F5E7140000202DE9F347544B554F9C
:103E6000D3F80403396DC0B240F00040FFF79AFD6B
:103E7000051E18DA0023F96D0093684602F0C2F8B7
:103E80004FF0010897F85C30DA075AD4396D4FF0DB
:103E90000040FFF787FDF96D684602F0B3F800288F
:103EA000F0D125F000450124002D69D102B0BDE814
:103EB000F08794FAA4F4B4FA84F4E00804F1080357
:103EC00004F0070237F813901DF80030019408FA47
:103ED00002F223EA02030DF8003001A802F030F8E4
:103EE000019B03F5E0734FEA990150F82360C9F391
:103EF000820A4B07D146C6F3014626D520465146D5
:103F0000FFF708FD01A8019402F01AF8019B03F5E0
:103F1000E073F6B250F82330C3F301439E4207D159
:103F20000021204602F05FF83146204602F05BF89F
:103F300001A8019402F004F8019B08FA03F3C0F809
:103F40002035009C002CB4D1A0E7022E0CD1032117
:103F5000204602F048F80AF00503012BE8D1494653
:103F60002046FFF7D7FCE3E70221204602F03BF8AA
:103F7000BAF1030FF3D0032EDAD1BAF1020FEDE755
:103F800095FAA5F3B3FA83F304FA03F29B0003F165
:103F9000804303F5C04325EA0205D3F81005D3F8A2
:103FA0001015C0F30420C1F30141FFF7B3FC7BE718
:103FB0000060004014000020044AD2F80034DB07FF
:103FC000FBD50160BFF35F8F704700BF00E0014089
:103FD0004FF080531A69B0FBF2F302FB130373B97D
:103FE000084B0222C3F80425C3F80805D3F80024BF
:103FF000D207FBD500220448C3F8042570470348C4
:10400000704700BF00E001400000AD0B0A00AD0B9F
:1040100010B5054C0123C4F80435FFF7CDFF00238C
:10402000C4F8043510BD00BF00E0014010B5144CC9
:10403000A8220021204601F0EDFC03232361114A50
:104040006361114BA261E3614FF48063236200233B
:10405000A3626362E36222660C4A62661022A26671
:104060002367E3666367BFF35F8F094A12F8011D98
:10407000E1540133102BF9D1BFF35F8F10BD00BFA6
:10408000280E0020C46C0000E60F0020D60F002090
:10409000DD6C000038B5094B53F82040013053F86F
:1040A0002050A54200D838BD636823B1204601F0F6
:1040B000FAFF0834F5E723689847FAE7BC65000083
:1040C00008B5094B012203201A70FFF7E3FFFDF743
:1040D00001FF0420FFF7DEFFFCF76AF9034A137BB8
:1040E00023F00103137308BDE6130020A80000208D
:1040F00008B50348034A0021121A01F0ECFF08BD7D
:1041000088000020E813002008B50020FFF7C2FF58
:10411000184B83F30888184C636943F40073636198
:104120000025E02384F82230E57725766576A576AC
:1041300084F82050636A43F4E023636284F82350D8
:10414000FEF71CF8FEF73EF94FF0FF33A362E3627F
:10415000FEF7D2F9FEF75AF901F07FFF0120FFF7D1
:1041600099FF0220FFF796FF04482B462A4629466E
:10417000FEF70EF9401C002000ED00E0C1400000F9
:1041800008B50648064A0749121A01F0A6FFBDE81D
:104190000840054A0549064801F09FBF000000207D
:1041A00086000020E06C000000000000E06C0000D1
:1041B00000000020034B1B680BB9FEF7ADBF0020C9
:1041C000704700BFD00E002030B570B10B4B5B685C
:1041D00098420AD0036843B1D3E90421D0E90445E9
:1041E000121941EB0501C3E90421D0E90032136043
:1041F0005A600023C0E9003330BD00BF78000020C2
:1042000010B50E4B1C689C4204D1FFF7D3FF6FF032
:10421000004010BDFFF7CEFF002CF8D0D4E90432E7
:104220001B1A62EBE072B3F1004F72F10001EEDA9B
:10423000002AACBF18460020EBE700BF7800002042
:104240002DE9F84FEFF3118C202383F31288BFF38D
:104250006F8FDFF8ACA0DFF8AC902B4FC9F80000EF
:10426000DAF800000024504508BF00200025D7E9F7
:104270000021D9F80030E04678B3D0E9046C4FEA69
:10428000E37EB3427EEB0C0B05DAF61A6CEB0E0400
:10429000C0E9046421E0B21841EBE671C0E90445CD
:1042A000C7E90021FFF790FF88F31188BFF36F8FF4
:1042B00083689847EFF31188202383F31288BFF3B4
:1042C0006F8FD9F80030DAF800009B1B5045C446C8
:1042D000C9F80030CBD1D7E900219A1841EBE3733C
:1042E0000024C7E90023C9F80040FFF789FF2146F1
:1042F000FEF7E4FE88F31188BFF36F8FBDE8F88FF7
:1043000078000020D00E00202801002070470020F7
:10431000704730B583688B4285B0044615460ED988
:104320006368C068194401AA01F070FC28B962688A
:10433000019B9B1A2B60029B6B6005B030BD6FF038
:104340002100FAE770472DE9F7430E4617469946D4
:10435000044628B94FF0FF38404603B0BDE8F0836B
:104360000029F7D0002AF5D0CB680D891D4404231D
:104370000DEB03022946384601F078FA8046002802
:10438000E8D1BDF80410738946F60812914225D190
:10439000BDF806109942DDD104230DEB0302294438
:1043A000384601F063FA0028D4D1BDF8042046F65F
:1043B00007139A42CED1C4E900679DF82830A4F8CB
:1043C0000890A3727389BDF806202B44E3607389BB
:1043D00013442B44043563612561BDE7002BE4D011
:1043E000B8E72DE9F3410E4617461D46044620B9AD
:1043F0004FF0FF3002B0BDE8F0810368002BF7D02A
:104400004368002BF4D04FF6FF78D4E904239A4296
:1044100016D223685B8923B1E368934204BF043357
:1044200023610423216960680DEB030201F01EFA89
:104430000028DDD1A37A2BB1D4E903329A4201D30B
:104440000120D7E72389BDF80610434501F1040296
:1044500003D0BDF804C09C450BD115B1BDF80430A4
:104460002B8023690433336039802369134423612B
:10447000C0E7236913442361C7E748B103683BB130
:1044800043682BB1C068884294BF00200120704768
:104490004FF0FF30704773B50C46064611460223B5
:1044A00001AA204600F01FFA0546E8B9019A1F2A22
:1044B0000ED92368A2F1200119442022304601F0D0
:1044C0009EFA2368019A13442360284602B070BD07
:1044D0000146C2F12002304601F09CFA019A21689F
:1044E000C2F120003044EAE76FF00205EDE701F089
:1044F00076BA4FF4C07358433030704710B5044655
:1045000001F0F2F9A3684FF4C072303B02FB1030A7
:1045100010BD70B50D46044601F04CFC2A46A0F1D2
:10452000080104232046BDE8704001F09FB913B58F
:104530000446019101F03EFC0423A0F108010DEBBB
:104540000302204601F079FC02B010BD70B513469D
:104550000E461546002102460446FCF71FFC50B9E2
:104560002B4604F12C0201212046FCF717FC10B168
:10457000002E08BF002070BD73B5044600200D4614
:104580001646FBF795FF6946C0B2FDF74BFC30BB02
:104590002C2303FB05440098E36825891D4404236C
:1045A0000DEB0302294601F061F9C0B9BDF8042002
:1045B0006489009846F608139A4215D1BDF8063072
:1045C0009C420CD104230DEB0302611901F04EF95A
:1045D00028B9BDF8042046F607139A4207D0009880
:1045E00001F043F902B070BD002CF2D0F7E7BDF83E
:1045F0000610214429443160F1E737B50446426A88
:10460000802501A902200195FDF734FC58B9019BD2
:10461000226DA36201A905200195FDF72BFC05463B
:1046200028B1092500E00125284603B030BD019BD3
:10463000206A636501F058F9E065F5E7012303603E
:1046400003F1012343600023C0E90233704743793B
:10465000012B07D10368012B04D10079431E584276
:1046600058417047002070477FB506460D4602202E
:1046700001A9FDF7D7FB38BB0198FFF73FFFF16DAC
:104680000446284600F0D0F80444019801F02CF9C3
:104690000646019801F02FF9082201460DEB0200B1
:1046A00001F0B8F92B798DF808302146019833468E
:1046B00002AA01F0F0F8041E019818BF012401F0CD
:1046C000D4F8204604B070BD0124FAE701F0F8B830
:1046D0002DE9F8430E46002107460846FBF7E8FEA1
:1046E000012104460020FBF7E3FE33789C4221D0F1
:1046F000984221D101252C2303FB0575F86DAC6A86
:10470000FFF7F7FE013C07464FF000086B6A03EB2A
:10471000C40253F83410D2F804901B684A46C91AF0
:104720003046C844FFF7D2FFB84504F1FF34EDD35B
:10473000BDE8F8830025DEE70120F9E737B5154627
:104740000C460520694601F0BBFBE979012903D03D
:104750000022204601F0C8FB9DF80330012B02D156
:10476000204601F0A0FBA9682046FFF7E0FE2046A6
:10477000FEF7F4FC002003B030BD73B50D460646CD
:10478000FCF712FC0446E86050B302282DD101A9C1
:10479000FDF748FB58BB01982A463146FCF764FBFD
:1047A0000446D0B9019801F005FB012301460DF143
:1047B0000302019801F05AF80446A0B901980122B9
:1047C0000DF1030101F00AFB10B101238DF8033054
:1047D0009DF8033003F00F03EB71019801F045F8E9
:1047E000204602B070BD0124F7E70724F8E7012452
:1047F000F6E738B5436A0446C06D5D68FFF779FE99
:104800000246A06A002301382B449A4201D901389C
:10481000FAE738BD436A00205A68034613448B42C6
:1048200000F10100FAD3704710B543790279012BEA
:1048300014BFCB01002302F1FF3201FB02330268F7
:1048400014BF4C000C46013A04FB023010BD70B599
:104850000368CD1A002D02DC6FF05F0070BD93F984
:1048600000601C78002E0ADB5C1C04601B7813605F
:104870000368C91A13688B42EED80020EEE704F0F3
:104880007F04013C032C2BD8DFE804F0020A14213A
:10489000012DE1D05B781360036802330360E7E722
:1048A000022DD9DDB3F801305BBA9BB21360036807
:1048B0000333F3E7032DCFDD9C785D78DB782402AA
:1048C00044EA05442343136003680433E6E7042DF8
:1048D000C2DDD3F801301BBA136003680533DDE78E
:1048E0006FF06300BAE770B404680E1B002E07DD9A
:1048F00026789E4208D10134046070BCFFF7A7BF40
:104900006FF05F0070BC70476FF06100FAE738B578
:1049100003230446FFF7E7FF18B9136813B96FF0D4
:10492000670038BD013B136023681A78002AF6D16E
:1049300001332360F5E72DE9F34190461F4601AAB4
:10494000302305460E46FFF7CEFF0446F0B92B682C
:10495000F61A002E34DD42461B7842F8043B019BD8
:104960002E681E44314606232846FFF7BCFF044646
:1049700060B92B68D8F80420C8F808309918B142FB
:10498000296007D10C213846FCF7B8FC204602B05C
:10499000BDE8F0819B5C3A46314642F8043B2B6807
:1049A00001332B602846FFF752FF60B92B687A6805
:1049B000BB601344B3422B6018BF6FF06504E5E79A
:1049C0006FF05F04E2E70446E0E7F0B50024064636
:1049D000204665B2AB4200DCF0BD51F8247052F8BD
:1049E00024503D440544AF4200F0010018BF0020B0
:1049F00046F8245088BF40F001000134E9E700EB9D
:104A000081010023884200D3704751F8042D43EA06
:104A100052030B60D307F5E770B50368DB07054663
:104A2000144604D4BDE870401146FFF7E8BF1346B2
:104A30000A460146FFF7C9FF214606462846FFF70A
:104A4000DEFF46B104F18044013C55F8243043F0C8
:104A5000004345F8243070BD4FF0000C2DE9F74FAE
:104A6000654664464FFA8CF94B4516DC4FF0FF362D
:104A700006EB430601964FF00008019F53FA88FEAB
:104A80004FFA8EFEBE455FFA88F628DB00EBC300C6
:104A900040F8044C03B0BDE8F08F4FF0000E02EB7D
:104AA0008C0AF04651F82E705AF80469A6FB076785
:104AB00036190EF1010E6F4134464FFA8EF64FF063
:104AC000000B28BF4FF0010B4E45D8443D46E9DDB1
:104AD00040F82C4045460CF1010C3C46C2E701363B
:104AE000A94676B202EB8E0A002577B2BB4205DCFE
:104AF00040F82E4008F101084C46BEE76FF003076E
:104B0000774351F826C05AF80770A7FB0C7C3F1971
:104B10005CEB090C4FF0000B28BF4FF0010B5D441C
:104B2000E1463C460136E0E7002310B51C465AB288
:104B3000914200DC10BD40F823400133F7E710B587
:104B400000231A465CB2A14203DCB2FA82F04009AB
:104B500010BD50F8234001332243F3E74A110123EB
:104B600050F8220001F01F018B40184070474B1E87
:104B700010B55BB2041D1A0603D45A1E54F8221055
:104B800071B101335BB283B103F18042013A50F855
:104B90002210002231B9013B02EB431210B210BDCA
:104BA0001346E8E749080132F4E71846F7E710B57D
:104BB00000235CB2A24200DC10BD51F8234040F853
:104BC00023400133F5E710B5013A52B2130601D57F
:104BD000002010BD50F8224051F822309C4205D8E8
:104BE00002F1FF32F2D24FF0FF30F2E70120F0E79E
:104BF00030B5013A52B20023140603D5181E18BF6F
:104C0000012030BD50F8224051F822506C4023431F
:104C1000013AF1E7F0B5002406469C46204665B20D
:104C2000654500DBF0BD51F8247052F824303D1A80
:104C3000ED1AAF4200F0010018BF002046F82450E2
:104C400038BF40F001000134E9E770B59DF910600C
:104C50001D4633460446FFF7B8FE30B932462146BA
:104C60002846FFF7B0FF012807D033462A462146E1
:104C70002046BDE87040FFF7CDBF70BD70B59DF90F
:104C800010601D4633460446FFF7C4FF38B1334673
:104C90002A4621462046BDE87040FFF796BE70BD0B
:104CA0002DE9F04FA5B01D4614ABCDE902310190BE
:104CB000294610461746FFF75AFFC0EB851424B269
:104CC000002C2146B8BF04F11F01634203F01F030B
:104CD00041F3471104F01F0604A858BF5E42FFF7D6
:104CE00023FF002E4FEA81002DDD04AB0022184483
:104CF000C6F1200E13469D421AD804AB03EB850380
:104D000000936F1E24AB4FEA45084FEA8509012640
:104D100003EB8707002C53DA24AB03EB86060198DC
:104D200056F8881C2A46FFF742FF25B0BDE8F08FF1
:104D300057F823C00CFA06F10A4340F8042B01335C
:104D40002CFA0EF2D7E704AB2A4639461844FFF78F
:104D50002EFFD2E75AF8883C53F8202024AB03EB0F
:104D600080030CF1010C53F8803C0B44D31A34BF80
:104D70004FF0010B4FF0000B9A425EF8882C42F87E
:104D8000203018BF59464FFA8CF04045E2DB731AC9
:104D90005E42294604A85E41FFF731FE09F1900307
:104DA0006B44009853F8802C57F8803C294643EA1E
:104DB000C273013C47F8803C24B2FFF720FEA9E70C
:104DC00024AB4FF0000CC6F1010E614603EB860ADE
:104DD00003EB8E0ED7E730B591B004461D4668460A
:104DE0009DF95030FFF738FE2A4669462046FFF706
:104DF00057FF11B030BD30B51C4691B0054693F950
:104E000000306846FFF728FED4F8AC3069462846E3
:104E1000984711B030BD13460A46FFF7ECBF2DE9A5
:104E2000F04793F9006092B0044689461046314637
:104E300015461F46FFF783FE002840F091803A4652
:104E4000494602A8FFF7E7FF3B4602AA21460AA807
:104E5000FFF7D1FF02A908463A46FFF7DCFF3B46C1
:104E60002A4649464846FFF7C6FF07F104083A4676
:104E700029462846FFF7CFFF43462A4621462046CB
:104E80000096FFF7E2FE43462A462946284600964A
:104E9000FFF7DBFE43462A46214628460096FFF7E9
:104EA000EDFE3B462A4621462046FFF7A4FF434637
:104EB0002246214628460096FFF7C7FE4346009645
:104EC0002A4621462046FFF7C0FE2368DB074AD565
:104ED0003346424621462046FFF777FD314682465B
:104EE0002046FFF78CFD06F18043013B54F8232058
:104EF00042EACA7244F823203A4621462846FFF780
:104F00008AFF43460AAA294628460096FFF7B6FEBE
:104F100043460AAA294628460096FFF7AFFE0AA98B
:104F2000084643462A460096FFF7A8FE3B460AAAD3
:104F300021462046FFF75FFF02AA4346104621465E
:104F40000096FFF79BFE324629462046FFF72FFECC
:104F500049462846FFF72BFE02A94846FFF727FEE1
:104F600012B0BDE8F08731462046FFF748FDC3E7A1
:104F70002DE9F04115468AB004460E461C22002158
:104F800003A800F047FD2F1D95F9008003232A4652
:104F9000314620460293FFF73EFF3B4602AA2146D8
:104FA0002046CDF80080FFF769FE2B4632462146A9
:104FB0002046FFF720FFCDF800803B4605F1840234
:104FC00021462046FFF741FE0AB0BDE8F081F0B56A
:104FD0000F46A1B006461946384615461C46FFF74F
:104FE000AEFD28B1304621B0BDE8F040FFF79CBDD2
:104FF000224639466846FFF7DAFD294608A8FFF73A
:10500000D6FD10A82146FFF78FFD012318A81093A5
:10501000FFF78AFD224608A96846FFF7D4FD30B99C
:10502000224610A93046FFF7C2FD21B0F0BD009B1B
:10503000DA0709D421466846FFF7E1FC22462946F3
:1050400010A8FFF7E9FCE5E7089BDB0707D421463A
:1050500008A8FFF7D4FC2246294618A8F1E7002843
:1050600023461CDD08AA69466846FFF7D3FD2146A2
:105070006846FFF7C4FC224618A910A8FFF7A3FD55
:10508000002805DA10A923462A460846FFF79DFCAA
:1050900010A9234618AA0846FFF7BCFDCEE76A46CA
:1050A00008A8FFF7B7FD214608A8FFF7A8FC22468D
:1050B00010A918A8FFF787FD002805DA18A92346CC
:1050C0002A460846FFF781FC18A9234610AA08467D
:1050D000FFF7A0FDBFE7F0B5154689B01C460746AF
:1050E0000E461A4629466846FFF795FE23466A464D
:1050F00039463846FFF77FFE23462A46694668460A
:10510000FFF779FE23466A4631463046FFF773FEC5
:1051100009B0F0BD2DE9F0478AB01446DDF848A08B
:1051200055461F4615F9046B0096804689462B4666
:105130000246214602A8FFF7A1FD02A952460846F1
:10514000FFF769FE534602AA41464046FFF753FE69
:10515000534602AA21462046FFF74DFE2B464A46FB
:10516000394638460096FFF789FD5246394602A86F
:10517000FFF751FE02A92B46424608460096FFF76C
:105180007DFD02A92B46224608460096FFF776FDD4
:105190002B464246214620460096FFF76FFD5346B8
:1051A000224649464846FFF726FE2B4602AA4146BC
:1051B00020460096FFF762FD5346224639463846A0
:1051C000FFF719FE2B464A46394638460096FFF748
:1051D00055FD324602A92046FFF7E9FC0AB0BDE8BA
:1051E000F087F8B50E46D11C48BF911D41F38701E9
:1051F0001446FFF799FC0025671E6AB2A24205F12A
:10520000010500DBF8BDBB1A23F00301B25C03F01B
:105210000303DB009A40435813434350EDE72DE965
:10522000F0471F46B3F9023013F11F0448BF03F1E2
:105230003E046511DC1D48BF03F10E04E4109442E6
:105240004FFA85F928BF1446064688464946FFF7B7
:105250006BFC224641463046FFF7C3FFB7F90220F8
:10526000B2EBC40F4FEAC40320D29B1A06EB8504AD
:105270000021C3F12005A6420FD324374A46314608
:105280003846FFF7A0FC012810D04B463A4631467D
:105290003046BDE8F047FFF7BDBC54F8040D20FAD6
:1052A00003F20A43226000FA05F1E4E7BDE8F08763
:1052B0002DE9F04FFDB01F46869D0792B5F90230EB
:1052C00095F90040049113F11F0648BF03F13E0613
:1052D00046F3471606F1FF3B7CAA02EB8B02002344
:1052E0000DF1900842F8C03C42F8A03C014695F907
:1052F000012048F82B3081466CA8FFF772FFA3000D
:1053000095F9012006936CAB03EB8403184609EB77
:1053100002010393FFF765FF95F9012039464CA878
:10532000FFF75FFF95F9012054A8B918FFF759FF5F
:1053300021464CA8FFF703FC18B100207DB0BDE862
:10534000F08F214654A8FFF7FAFB02900028F4D111
:1053500005F1240A32464CA95046FFF734FC0128D7
:10536000EBD1324654A95046FFF72DFC0128059099
:10537000E3D10CAF3346524654A91CA8FFF727FED1
:10538000029B47F82B303846079A04992B46FFF7C3
:1053900046FF3946384653461CAA0096FFF71BFDC8
:1053A0000DF5B87953461CAA4CA914A80096FFF72E
:1053B00012FD484622466CA9FFF7F9FBA30009EB52
:1053C000030B584603992246FFF7F1FB05F144030E
:1053D0001946224634A80393FFF7E9FB039BA1007B
:1053E000591822463CA8FFF7E2FB2B1D494634AA78
:1053F0001CA800940493FFF741FC5B464A463CA975
:1054000034A80095FFF786FE1CA9084623462A1DEE
:10541000FFF7DDFD1CAA594648462B46FFF75BFE09
:10542000029B0893039B099331466CAB3846CDE948
:105430000A39FFF79CFB3146814614A8FFF797FB1A
:105440008145B8BF81461FFA89F909F1FF3109B2D8
:1054500038460291FFF782FB0299074614A8FFF72E
:105460007DFB003818BF0120003F18BF012747EA25
:1054700040070DF1200B22465BF827704046394665
:10548000FFF795FBA300F91822462CA8FFF78FFB26
:1054900021461CA8FFF748FB059B1C93A9F10209B4
:1054A0000FFA89F9B9F1000F21DA1CA90846049A0C
:1054B0002346FFF78CFD2B461CAA2CA94046FFF77C
:1054C0000AFE324641465046FFF77DFB012805D0D3
:1054D0003346524641464046FFF79CFB22464CA9C4
:1054E0004046FFF785FBB0FA80F0400926E72B46DF
:1054F0001CAAD5F8A4702CA94046B84749460CA868
:10550000FFF72CFB4946074614A8FFF727FB003896
:1055100018BF0120003F18BF012747EA400708AB2A
:1055200053F8277027B32246394634A8FFF73FFBCC
:10553000069B2246F9183CA8FFF739FB2B461CAA0C
:105540003CA934A8FFF7C7FD049B009434AA414648
:1055500044A8FFF793FB2CAB42463CA934A8009526
:10556000FFF7D8FD1CA92B4644AA0846FFF743FCC9
:1055700009F1FF3994E7F8B50C4610B1F9B10AB951
:105580000120F8BD8D1800F128060027836E5A1CF3
:105590008266034414F8011B83F828103F2A0BD9B4
:1055A0003146FBF77BFFD0E9083213F5007342F177
:1055B0000002C0E908328766A542E7D1E0E7084665
:1055C000DFE7F8B50C460546002855D0002954D031
:1055D0008B6ED1E90821D800121841F10001581C46
:1055E0002344C4E9082138284FF08002A0664FF018
:1055F000000783F8282004F128060AD9C0F14002E8
:105600003946304400F03BF831462046FBF746FF70
:10561000A766A06E0021C0F13802304400F02FF8D8
:10562000236A1ABA636A62661A0A84F8633084F8D5
:1056300062201A0C1B0E84F86030314684F8612019
:105640002046FBF72BFF2B1D211F243551F8042F7B
:1056500003F8012C100E03F8040C100C03F8030CD3
:10566000100A03F8020C0433AB42EFD1204670223B
:10567000002100F004F80120F8BD0846FCE700F026
:10568000C9B9002070470FB407B504A951F8040B3D
:105690000191FCF783F803B05DF804EB04B07047A8
:1056A000038B13F0070305D10368002B0CBF002008
:1056B00003207047022B05D1408BB0FA80F04009DF
:1056C00080007047012B05D10368002B0CBF002020
:1056D000052070470020704710B50C4600B111B985
:1056E0006FF0150010BD081D00F093F80028F9D1E7
:1056F000A368032BF6D9F3E72DE9F0410D460746E1
:105700001946281D90461E4600F094F8044638B10C
:105710003346424629463846A446BDE8F041604734
:10572000BDE8F08110B4EFF31182202484F31288D5
:10573000BFF36F8F416110BC0121FCF75FBA38B530
:105740000C46054658B151B10B6843B14B6833B1B3
:105750001C22002100F05EF92C61002038BD6FF0A2
:105760001500FBE770B505460E46FFF7B5FF041EB2
:1057700014DBEFF31182202383F31288BFF36F8FC2
:105780006B8B2C8B4FF6FF718B4204F0070407D113
:1057900082F31188BFF36F8F6FF00A04204670BD4B
:1057A000022C0CD101336B8382F31188BFF36F8F0E
:1057B0000023224631462846FFF79EFFEEE7062CDF
:1057C00014D8DFE804F004131313041A04000023B0
:1057D00033606B683BB9C5E90066ACB90221284665
:1057E000FCF70CFADAE71E606E60F6E782F31188C8
:1057F000BFF36F8F6FF00404D0E782F31188BFF31B
:105800006F8F6FF08504C9E782F31188BFF36F8F44
:10581000C4E7034658B1426802F00302012A03D0EC
:10582000032A04D1026812B10020986070476FF01B
:10583000150070474268816002F00302032A4FF0AE
:10584000000203460CBF006810465A60704770475C
:105850000FB407B504A951F8040B0191FBF79EFFA3
:1058600003B05DF804EB04B070477047002930B412
:10587000044618460BDBA5680844A84207D8E06830
:105880006468214484682468A44630BC60476FF093
:10589000150030BC7047002930B4044618460BDBB5
:1058A000A5680844A84207D8E06864682144846871
:1058B0006468A44630BC60476FF0150030BC704788
:1058C0000029034610B410460ADB9C680844A04235
:1058D00006D8D8685B681944836810BC9B68184771
:1058E0006FF0150010BC704708B5C0688368DB68AE
:1058F0009847006808BD08B5C0688368DB689847AA
:10590000007908BD70B54C680368A34201D201203C
:1059100070BD8A682244934201D30020F8E7D1E9A0
:1059200003254E69B54203D36FF00B038B61F4E797
:105930001B1B42F835304368086902EBC002536014
:105940000B6901330B61E2E7012801D1EFF3058315
:1059500000F09ABB01460068FFF7F6BF08B5FCF7F8
:10596000CBFABDE8084000F000B8704700210120E4
:10597000FFF7EABF61B662B680F31188BFF36F8F9D
:105980007047EFF31180202383F31288BFF36F8FEA
:10599000704772B6002383F31188BFF36F8FBFF394
:1059A0004F8F20BF80F31188BFF36F8F62B67047AF
:1059B000202809D9B0F1004F08D80138B0FA80F09A
:1059C000C0F11F0040007047082070473E2070471C
:1059D000034600201A5C02B970470130FAE710B59F
:1059E0005AB10139841810F8012B11F8013FA04277
:1059F00001D09A42F7D0D01A10BD1046FCE710B57E
:105A0000431E0A44914200D110BD11F8014B03F826
:105A1000014FF7E7C9B202440346934200D17047F1
:105A200003F8011BF9E70369C9B20C2201FB023339
:105A3000186C00F00700704770B5C9B20369EFF346
:105A40001185202484F31288BFF36F8F0C2606FB88
:105A50000134246C14F0C00408D0A24206D085F3AF
:105A60001188BFF36F8F4FF0FF3070BD71430B444F
:105A700001221A6485F31188BFF36F8F43680B44CA
:105A80005B6898470020F0E78022FFF7D5BFF8B5A4
:105A9000069F0469C9B2EFF31186202585F31288A9
:105AA000BFF36F8F0C2569430C44256C05F0070C80
:105AB000BCF1010F0BD1276486F31188BFF36F8F00
:105AC000C4E90E2343685B5898470020F8BD05F0F1
:105AD000C005AF4286F31188BFF36F8F0CBF6FF024
:105AE00077004FF0FF30F1E713B580240094FFF703
:105AF000CEFF02B010BD6FF08500704710B4006992
:105B0000CBB21C2403FB0400002110BC1047002072
:105B100000F014BA38B505460C4600F085FA002DA1
:105B200007DBA84205D9401B84428CBF002001201E
:105B300038BD0020FCE770B50C46154600F07AFA37
:105B4000294606462046FFF7E5FFB8B1B4FBF6F359
:105B500006FB134393B9B5FBF6F306FB13536BB97E
:105B6000AE4201D9002070BD00F064FA064620461E
:105B7000FEF72EFAAD1B3444F9D1F3E76FF01500B0
:105B8000F1E770B50D462846194616461C46FFF744
:105B9000C1FF38B124B1224629463046FFF72FFF16
:105BA000002070BD6FF01500FBE7F7B51C461646E8
:105BB000002382682360A36013690D4601AA694629
:105BC0009847019B5A1E01921BB96FF0150003B054
:105BD000F0BD0098A26847682168676085B9B31A6C
:105BE000D0F800C0634528BF63461A4403FB071181
:105BF0002160A26002689A4206D808300090E0E76F
:105C00006B1AB3FBF7F3EBE70020E0E71346002243
:105C1000FFF7CBBF2DE9F047836886B01B69884644
:105C2000914601A902AA98470024A2462546029B54
:105C3000AB4202D806B0BDE8F087019F07EBC5076D
:105C400000267B6804933A68B2420AEB060302D846
:105C500001359A46EBE703940593494603A8C047EC
:105C60000028E7D0049B01361C44ECE743685B68DE
:105C7000D3F810350B600020704743685B6802EA78
:105C8000010021EA0201C3F80805C3F80C15002041
:105C9000704743685B680020C3F808157047436885
:105CA0005B680020C3F80C15704743685A68D2F847
:105CB000043521EA03000B40C2F80805C2F80C3590
:105CC0000020704710B503695868F8B1884219D1AF
:105CD0009C6808685860A14200D198600020086064
:105CE0002AB15A680A609A68596002B9996000201E
:105CF00010E0814206D10868206098688142EDD1A9
:105D00009C60EBE7044600680028F2D1002AE8D145
:105D10006FF0150010BD00F150039B009BB203F122
:105D2000804303F5883300221A601B6870472DE911
:105D3000F0434FF080430446884685B0012744EA8B
:105D4000080400EB0109C3F80876050B10220021B6
:105D50006846C4F30B04FFF75DFE4FEA193624B919
:105D6000B9F5012F01D2B54210D96FF015001EE030
:105D70006A0904AB03EB820205F01F0352F8101C02
:105D800007FA03F30B4342F8103C0135B542EFD15B
:105D90004FF08043009AC3F80026019AC3F8042606
:105DA000029AC3F81026039AC3F81426002005B0FF
:105DB000BDE8F0838068183820F00700103870477D
:105DC000042809D0052803D1481E18BF01207047B8
:105DD000431A5842584170470120704738B515465C
:105DE0000C4661B15AB1FFF786FD2544214611F8F2
:105DF000013B834203D1A942F9D1012038BD0020E3
:105E0000FCE738B50C460123114622460546FFF74C
:105E10002DFD00280FDB012221462846FFF7DEFF7B
:105E200038B92378012B14BF0223012323700020EB
:105E300038BD0323FAE70120FAE72DE9F7431D46B1
:105E400006460F469046FFF74FFD6C1E0444404245
:105E50000440082C1AD83046FFF74DFD2A468146EB
:105E600041466846FFF7CBFD621B49460DEB050036
:105E7000FFF7D0FD23466A4639463046FFF70BFD53
:105E8000003818BF012003B0BDE8F0834FF0FF30A9
:105E9000F9E707B501238DF8042001AAFFF7CDFF2C
:105EA00003B05DF804FB81681839012221F0070175
:105EB000FFF7EFBF8268183A22F00702FFF7A1BF91
:105EC00013B50C46C0B201A9FBF7ACFF50B921468F
:105ED0000198FDF763F904460198FFF7C6FC2046D8
:105EE00002B010BD0124FAE713B541EA02110446DD
:105EF0008DF80710FFF75EFF012301460DF1070241
:105F00002046FFF79AFF02B010BD8168183921F0D2
:105F1000070101220839FFF7BCBF4FF08053D3F8C7
:105F20003001421C04BF4FF0704393F8E00F831F11
:105F3000584258417047004700F08BB8FDF7BCBB92
:105F4000036803F01F025B0902600CBF4FF0A04022
:105F500000207047F7B5019001A8DDE90847164613
:105F60001D46FFF7EDFF019BB6F1000C18BF4FF087
:105F7000010C00EB83000B1E18BF0123002D43EA28
:105F80004C0314BF4FF00C0C4FF0000C002C43EAF4
:105F90000C0314BF4FF4E06C4FF0000C002F43EAE9
:105FA0000C03D0F8002714BF4FF4403C4FF0000C16
:105FB00043EA0C0322EA030301B109780EB13678F3
:105FC000760019430DB12D78AD0031430CB1247822
:105FD000240229430FB13F783F040C433C43C0F8EF
:105FE000004703B0F0BD1FB50DF10F03019300236F
:105FF0008DF80F1000931A461946FFF7ABFF05B056
:106000005DF804FB024611F0010007D04FF0A041FB
:10601000D1F820351360C1F8203503B9002070474E
:10602000FDF70EBDFDF7ECBC4FF080531A695869BF
:10603000504370474FF08053186970474FF08053BA
:1060400058697047FDF7F2BF08B5FFF7FBFF002066
:1060500008BD08B1FCF710BB7047704740B1C3687A
:10606000587810F001001EBF1878B0FA80F040098F
:106070007047EFF31183202383F31288BFF36F8FF0
:10608000FEE708B5FFF7F5FF10B5EFF31184202305
:1060900083F31288BFF36F8FFFF7F3FF84F3118848
:1060A000BFF36F8F10BD10B5D0E9003433B90020B5
:1060B000E268537843F00103537010BD20469847BF
:1060C0000028F4D00028B8BF4042E368FF28A8BFEA
:1060D000FF201870ECE7FFF79DBCFFF790BCEFF3D3
:1060E0000580003818BF01207047000024A0FF7F02
:1060F00001000000612600000000000001270000F0
:10610000246100004960000000000000012A000036
:1061100038610000592F0000000000009D29000098
:106120004C610000A36B0000286500004065000082
:1061300080000020AC0D0020D86B000078650000C6
:106140009065000084000020080E0020BE6B000057
:10615000000000005C6500008200002000000000DC
:10616000AD380000375F0000000000006D590000EE
:10617000000000006D590000000000006D59000093
:10618000000000006D590000000000006D59000083
:10619000593E0000375F0000000000006D5900000C
:1061A000000000006D590000000000006D59000063
:1061B000000000006D590000000000006D59000053
:1061C000000000006D590000000000006D59000043
:1061D000000000006D590000000000006D59000033
:1061E000000000006D59000000000000E92F0000D1
:1061F000000000006D590000000000006D59000013
:10620000000000006D590000000000006D59000002
:10621000000000006D590000000000006D590000F2
:10622000000000006D590000000000006D590000E2
:10623000000000006D590000000000006D590000D2
:10624000000000006D590000000000006D590000C2
:10625000000000006D590000000000006D590000B2
:10626000000000006D590000000000006D590000A2
:10627000000000006D590000000000006D59000092
:10628000000000006D590000000000006D59000082
:10629000000000006D590000DE66000003000000F1
:1062A0000338FDD870470000020000000500000020
:1062B00001000000956A00007C64000002000000FC
:1062C0000500000002000000050000000820000199
:1062D000FFFFFFFFFFFFFFFFFFFFFFFF00000000CA
:1062E000000000000000000001000000FFFFFFFFB1
:1062F000512563FCC2CAB9F3849E17A7ADFAE6BC68
:10630000FFFFFFFFFFFFFFFF00000000FFFFFFFF99
:1063100096C298D84539A1F4A033EB2D817D03773F
:10632000F240A463E5E6BCF847422CE1F2D1176BDA
:10633000F551BF376840B6CBCE5E316B5733CE2BAD
:10634000169E0F7C4AEBE78E9B7F1AFEE242E34FDC
:106350004B60D2273E3CCE3BF6B053CCB0061D6519
:10636000BC86987655BDEBB3E7933AAAD835C65AA2
:106370001F4E0000714F000011130000982F8A4239
:1063800091443771CFFBC0B5A5DBB5E95BC2563987
:10639000F111F159A4823F92D55E1CAB98AA07D89F
:1063A000015B8312BE853124C37D0C55745DBE72C2
:1063B000FEB1DE80A706DC9B74F19BC1C1699BE442
:1063C0008647BEEFC69DC10FCCA10C246F2CE92DD2
:1063D000AA84744ADCA9B05CDA88F97652513E98F6
:1063E0006DC631A8C82703B0C77F59BFF30BE0C6FD
:1063F0004791A7D55163CA0667292914850AB7278B
:1064000038211B2EFC6D2C4D130D385354730A6527
:10641000BB0A6A762EC9C281852C7292A1E8BFA2FE
:106420004B661AA8708B4BC2A3516CC719E892D166
:10643000240699D685350EF470A06A1016C1A419E9
:10644000086C371E4C774827B5BCB034B30C1C39E8
:106450004AAAD84E4FCA9C5BF36F2E68EE828F74A7
:106460006F63A5781478C8840802C78CFAFFBE90C1
:10647000EB6C50A4F7A3F9BEF27871C65B00000084
:1064800006000000000000000000000000C0000046
:106490004C6100000100000000C00000000200008C
:1064A0004C6100000200000000C0000000A00300DA
:1064B0004C6100000300000000C20000009E0300C9
:1064C0004C6100000400000000C20000009E0300B8
:1064D0004C610000050000000060040000A0030003
:1064E0004C610000000000200000000000000B06CE
:1064F000401C00204000000000000B1502000000BE
:106500000465000000000000946B000024000202FB
:10651000000000209C6B00001E000B11BD26000037
:106520008D26000000000000FD2700007D270000F0
:10653000B26B0000592700000F5B0000B86B000031
:10654000F75A0000895A0000E95A000000000000D4
:10655000275A00000000000000000000835B0000DC
:10656000B5290000375B000095290000852900004F
:1065700004000000FF000000FFFFFFFF00000050CC
:10658000000000000000000000600040000000006B
:10659000852A00006D5C00007B5C0000935C0000BD
:1065A0009F5C0000AB5C0000052C0000C55C000097
:1065B000000000000200000005000000F460000080
:1065C000F4600000146100001C6100002461000000
:1065D00024610000010002001000110020002100D1
:1065E0002200230024003000310032003300FFFF7E
:1065F00077C295F360D2EF7F3552500F2CB6798079
:1066000025633A205374617274696E6720626F6FFC
:10661000746C6F616465720A0025633A20556E617F
:10662000626C6520746F2066696E6420626F6F749F
:1066300061626C6520696D6167650A0025633A20B7
:10664000426F6F746C6F6164657220636861696E1C
:106650006C6F61642061646472657373206F666639
:106660007365743A20307825780A0025633A204A09
:10667000756D70696E6720746F2074686520666937
:1066800072737420696D61676520736C6F740A00A2
:1066900025633A2050726F74656374206D63756270
:1066A0006F6F7420666C617368206661696C6564E5
:1066B0002C2063616E63656C2073746172747570F5
:1066C0002E0A0025633A204E657665722073686F46
:1066D000756C642067657420686572650A006D6377
:1066E00075626F6F740025633A20696E76616C691C
:1066F0006420666C6173682049442025643B2065F2
:10670000787065637465642025640A002A8648CE23
:106710003D030107002A8648CE3D02010025633A69
:1067200020556E61626C6520746F206465746572BB
:106730006D696E6520666C61736820736563746F44
:1067400072206F662074686520696D6167652074CA
:106750007261696C65720A007072696D61727900AC
:106760007365636F6E646172790025633A20496DC9
:1067700061676520696E2074686520257320736CDD
:106780006F74206973206E6F742076616C69642168
:106790000A0025633A2025642073746174757320A0
:1067A0007772697465206661696C732070657266C2
:1067B0006F726D696E672074686520737761700A07
:1067C0000025633A204661696C656420746F206F10
:1067D00070656E20666C6173682061726561204926
:1067E000442025642028696D616765202564207335
:1067F0006C6F74202564293A2025642C2063616E17
:106800006E6F7420636F6E74696E75650A00256320
:106810003A204661696C65642072656164696E67DF
:1068200020736563746F72733B20424F4F545F4D0A
:1068300041585F494D475F534543544F52533D259F
:1068400064202D20746F6F20736D616C6C3F0A00A3
:1068500025633A204661696C6564207265616469EC
:106860006E6720696D616765206865616465727334
:106870003B20496D6167653D25750A0025633A2017
:106880004661696C65642072656164696E67206247
:106890006F6F74207374617475733B20496D616709
:1068A000653D25750A0025633A2070616E69632194
:1068B0000A0025633A204465746563746564206941
:1068C0006E636F6E73697374656E74207374617434
:1068D0007573210A0025633A2043616E6E6F742040
:1068E000757067726164653A206E6F742061206311
:1068F0006F6D70617469626C6520616D6F756E7427
:10690000206F6620736563746F72730A0025633AA3
:106910002043616E6E6F7420757067726164653AB2
:10692000206D6F726520736563746F727320746875
:10693000616E20616C6C6F7765640A0025633A2094
:1069400043616E6E6F7420757067726164653A2082
:106950006E6F742073616D6520736563746F722050
:106960006C61796F75740A0062616400676F6F64AF
:1069700000756E736574005072696D61727920697B
:106980006D6167650025633A2025733A206D616764
:1069900069633D25732C20737761705F747970652E
:1069A0003D307825782C20636F70795F646F6E6559
:1069B0003D307825782C20696D6167655F6F6B3D90
:1069C000307825780A005365636F6E6461727920B0
:1069D000696D6167650025633A20426F6F742073AB
:1069E0006F757263653A207072696D617279207398
:1069F0006C6F740A0025633A20426F6F7420736FC6
:106A0000757263653A206E6F6E650A0025633A20E1
:106A10005374617274696E67207377617020757347
:106A2000696E67206D6F766520616C676F7269743F
:106A3000686D2E0A0025633A204E6F7420656E6FD4
:106A40007567682066726565207370616365207480
:106A50006F2072756E207377617020757067726138
:106A600064650A0025633A20726571756972656410
:106A700020256420627974657320627574206F6EBE
:106A80006C792025642061726520617661696C6192
:106A9000626C650A003059301306072A8648CE3DDD
:106AA000020106082A8648CE3D030107034200047E
:106AB0002ACB403CE8FEED5BA44995A1A91DAEE8B8
:106AC000DBBE1937CD14FB2F245737E5953988D90C
:106AD00094B9D65AEBD7CDD5308AD6FE48B24A6A99
:106AE000810EE5F07D8B6834CC3A6AFC538EFAC196
:106AF0002D0020002B00307800305800286E696C83
:106B000029002A2A2A20426F6F74696E67204D433C
:106B100055626F6F742076322E312E302D6465767B
:106B20002D646166323934366130663037202A2A66
:106B30002A0A002A2A2A205573696E67206E524657
:106B400020436F6E6E6563742053444B2076322E63
:106B5000372E302D35636238353537306361343345
:106B6000202A2A2A0A002A2A2A205573696E6720B9
:106B70005A6570687972204F532076332E362E393D
:106B8000392D313030626566633730633734202AFF
:106B90002A2A0A00464C4153485F30005352414D67
:106BA0005F3000636C6F636B4034303030303030B6
:106BB00030006866636C6B006C66636C6B00666CBF
:106BC0006173682D636F6E74726F6C6C65724034A4
:106BD00030303165303030006770696F40353030AB
:106BE0003030303030007065726D00746573740041
:106BF0004255473B2063616E277420686170706561
:106C00006E007265766572740025633A2053656381
:106C10006F6E6461727920696D616765206F6620AF
:106C2000696D6167652070616972202825642E296D
:106C300020697320756E726561636861626C652E90
:106C400020547265617420697420617320656D70D1
:106C500074790A0025633A20496D61676520696E81
:106C60006465783A2025642C20537761702074790C
:106C700070653A2025730A0025633A20496D6167E3
:106C80006520696E6465783A2025642C205377610D
:106C90007020747970653A206E6F6E650A00040189
:106CA00004030402040104010403010303040104B6
:106CB00000000000010000000101000001010101CD
:106CC000000000005465726D696E616C0000000088
:106CD00000000054545220524547474553000000DD
:106CE00001000000FFFFFFFF155A0000835600005F
:106CF00084640000000000000000000000000000AC
:106D00000000000000000000000000000000000083
:106D10000000000000000000000000000000000073
:106D20000000000000000000000000000000000063
:106D30000000000000000000000000000000000053
:106D40000000000008000000FF000000000000003C
:106D50000100000000000000780000207800002002
:0A6D600000000000000015E015E03F
:10C000003DB8F39600000000000200001087030016
:10C0100000000000010043000000000000000000DC
:10C02000FFFFFFFFFFFFFFFFFFFFFFFFFFFFFFFF20
:10C03000FFFFFFFFFFFFFFFFFFFFFFFFFFFFFFFF10
:10C04000FFFFFFFFFFFFFFFFFFFFFFFFFFFFFFFF00
:10C05000FFFFFFFFFFFFFFFFFFFFFFFFFFFFFFFFF0
:10C06000FFFFFFFFFFFFFFFFFFFFFFFFFFFFFFFFE0
:10C07000FFFFFFFFFFFFFFFFFFFFFFFFFFFFFFFFD0
:10C08000FFFFFFFFFFFFFFFFFFFFFFFFFFFFFFFFC0
:10C09000FFFFFFFFFFFFFFFFFFFFFFFFFFFFFFFFB0
:10C0A000FFFFFFFFFFFFFFFFFFFFFFFFFFFFFFFFA0
:10C0B000FFFFFFFFFFFFFFFFFFFFFFFFFFFFFFFF90
:10C0C000FFFFFFFFFFFFFFFFFFFFFFFFFFFFFFFF80
:10C0D000FFFFFFFFFFFFFFFFFFFFFFFFFFFFFFFF70
:10C0E000FFFFFFFFFFFFFFFFFFFFFFFFFFFFFFFF60
:10C0F000FFFFFFFFFFFFFFFFFFFFFFFFFFFFFFFF50
:10C10000FFFFFFFFFFFFFFFFFFFFFFFFFFFFFFFF3F
:10C11000FFFFFFFFFFFFFFFFFFFFFFFFFFFFFFFF2F
:10C12000FFFFFFFFFFFFFFFFFFFFFFFFFFFFFFFF1F
:10C13000FFFFFFFFFFFFFFFFFFFFFFFFFFFFFFFF0F
:10C14000FFFFFFFFFFFFFFFFFFFFFFFFFFFFFFFFFF
:10C15000FFFFFFFFFFFFFFFFFFFFFFFFFFFFFFFFEF
:10C16000FFFFFFFFFFFFFFFFFFFFFFFFFFFFFFFFDF
:10C17000FFFFFFFFFFFFFFFFFFFFFFFFFFFFFFFFCF
:10C18000FFFFFFFFFFFFFFFFFFFFFFFFFFFFFFFFBF
:10C19000FFFFFFFFFFFFFFFFFFFFFFFFFFFFFFFFAF
:10C1A000FFFFFFFFFFFFFFFFFFFFFFFFFFFFFFFF9F
:10C1B000FFFFFFFFFFFFFFFFFFFFFFFFFFFFFFFF8F
:10C1C000FFFFFFFFFFFFFFFFFFFFFFFFFFFFFFFF7F
:10C1D000FFFFFFFFFFFFFFFFFFFFFFFFFFFFFFFF6F
:10C1E000FFFFFFFFFFFFFFFFFFFFFFFFFFFFFFFF5F
:10C1F000FFFFFFFFFFFFFFFFFFFFFFFFFFFFFFFF4F
:10C20000007B002061400200BD5B03004D40020046
:10C210004D4002004D4002004D4002000000000071
:10C220000000000000000000000000009542020035
:10C230004D40020000000000294202004D40020073
:10C24000E9450200C7A90300E9450200E9450200EB
:10C25000E9450200E9450200E9450200E94502001E
:10C2600097A90300E9450200E9450200B1A90300CE
:10C27000E9450200E9450200E9450200E9450200FE
:10C28000E9450200E9450200E9450200E9450200EE
:10C29000E9450200E9450200E9450200E9450200DE
:10C2A000E9450200E9450200E9450200E9450200CE
:10C2B000E9450200E9450200E9450200E9450200BE
:10C2C000E9450200E9450200E9450200E9450200AE
:10C2D000E9450200E9450200E9450200FFFFFFFFD2
:10C2E0009FED197B70B51A4A1A4D002342F22000C7
:10C2F0002021A972288185F82130136082F8283026
:10C3000082ED027BAB7385ED067B1C4685F822101F
:10C3100085F8203005F1280202F814300134202C71
:10C32000FAD101260C48EE730BF0C0FF0B4B1870CE
:10C330000B4B1C700CF02AF8286009F013F885F8F4
:10C34000236070BDAFF30080FFFFFFFFFFFFFFFF23
:10C3500048170020C8170020055E0100781700204C
:10C360004017002081F0004102E000BF83F000434D
:10C3700030B54FEA41044FEA430594EA050F08BF80
:10C3800090EA020F1FBF54EA000C55EA020C7FEA44
:10C39000645C7FEA655C00F0E2804FEA5454D4EBC1
:10C3A0005555B8BF6D420CDD2C4480EA020281EA8B
:10C3B000030382EA000083EA010180EA020281EAC3
:10C3C0000303362D88BF30BD11F0004F4FEA013115
:10C3D0004FF4801C4CEA113102D0404261EB410124
:10C3E00013F0004F4FEA03334CEA133302D05242AA
:10C3F00063EB430394EA050F00F0A780A4F1010466
:10C40000D5F1200E0DDB02FA0EFC22FA05F280189F
:10C4100041F1000103FA0EF2801843FA05F3594185
:10C420000EE0A5F120050EF1200E012A03FA0EFC04
:10C4300028BF4CF0020C43FA05F3C01851EBE3712E
:10C4400001F0004507D54FF0000EDCF1000C7EEB4B
:10C4500000006EEB0101B1F5801F1BD3B1F5001F89
:10C460000CD349085FEA30004FEA3C0C04F10104A8
:10C470004FEA445212F5800F80F09A80BCF1004FD1
:10C4800008BF5FEA500C50F1000041EB045141EA53
:10C49000050130BD5FEA4C0C404141EB0101013C1C
:10C4A00028BFB1F5801FE9D291F0000F04BF01460B
:10C4B0000020B1FA81F308BF2033A3F10B03B3F1DD
:10C4C00020020CDA0C3208DD02F1140CC2F10C026D
:10C4D00001FA0CF021FA02F10CE002F11402D8BFCB
:10C4E000C2F1200C01FA02F120FA0CFCDCBF41EA97
:10C4F0000C019040E41AA2BF01EB0451294330BD66
:10C500006FEA04041F3C1CDA0C340EDC04F1140442
:10C51000C4F1200220FA04F001FA02F340EA030019
:10C5200021FA04F345EA030130BDC4F10C04C4F15F
:10C53000200220FA02F001FA04F340EA030029463F
:10C5400030BD21FA04F0294630BD94F0000F83F489
:10C55000801306BF81F480110134013D4EE77FEA6C
:10C56000645C18BF7FEA655C29D094EA050F08BFB8
:10C5700090EA020F05D054EA000C04BF1946104699
:10C5800030BD91EA030F1EBF0021002030BD5FEADD
:10C59000545C05D14000494128BF41F0004130BD05
:10C5A00014F580043CBF01F5801130BD01F0004559
:10C5B00045F0FE4141F470014FF0000030BD7FEACC
:10C5C000645C1ABF194610467FEA655C1CBF0B46C7
:10C5D000024650EA013406BF52EA033591EA030FDE
:10C5E00041F4002130BD00BF90F0000F04BF0021D6
:10C5F000704730B54FF4806404F132044FF0000509
:10C600004FF0000150E700BF90F0000F04BF002181
:10C61000704730B54FF4806404F1320410F00045E7
:10C6200048BF40424FF000013EE700BF42004FEAE2
:10C63000E2014FEA31014FEA02701FBF12F07F435F
:10C6400093F07F4F81F06051704732F07F4208BF16
:10C65000704793F07F4F04BF41F40021704730B51D
:10C660004FF4607401F0004521F000411CE700BF69
:10C6700050EA010208BF704730B54FF000050AE0EC
:10C6800050EA010208BF704730B511F0004502D5ED
:10C69000404261EB41014FF4806404F132045FEAEF
:10C6A000915C3FF4D8AE4FF003025FEADC0C18BF98
:10C6B00003325FEADC0C18BF033202EBDC02C2F18A
:10C6C000200300FA03FC20FA02F001FA03FE40EA1C
:10C6D0000E0021FA02F11444BDE600BF70B54FF020
:10C6E000FF0C4CF4E06C1CEA11541DBF1CEA1355FE
:10C6F00094EA0C0F95EA0C0F00F0DEF82C4481EA66
:10C70000030621EA4C5123EA4C5350EA013518BF85
:10C7100052EA033541F4801143F4801338D0A0FB72
:10C7200002CE4FF00005E1FB02E506F00042E0FB1F
:10C7300003E54FF00006E1FB03569CF0000F18BF25
:10C740004EF0010EA4F1FF04B6F5007F64F54074CD
:10C7500004D25FEA4E0E6D4146EB060642EAC62160
:10C7600041EA55514FEAC52040EA5E504FEACE2ECD
:10C77000B4F1FD0C88BFBCF5E06F1ED8BEF1004FD0
:10C7800008BF5FEA500E50F1000041EB045170BD4C
:10C7900006F0004646EA010140EA020081EA030190
:10C7A000B4EB5C04C2BFD4EB0C0541EA045170BD8C
:10C7B00041F480114FF0000E013C00F3AB8014F106
:10C7C000360FDEBF002001F0004170BDC4F100044F
:10C7D000203C35DA0C341BDC04F11404C4F12005D0
:10C7E00000FA05F320FA04F001FA05F240EA02002B
:10C7F00001F0004221F0004110EBD37021FA04F661
:10C8000042EB06015EEA430E08BF20EAD37070BD1A
:10C81000C4F10C04C4F1200500FA04F320FA05F079
:10C8200001FA04F240EA020001F0004110EBD3707B
:10C8300041F100015EEA430E08BF20EAD37070BDEB
:10C84000C4F1200500FA05F24EEA020E20FA04F3C4
:10C8500001FA05F243EA020321FA04F001F0004173
:10C8600021FA04F220EA020000EBD3705EEA430EE4
:10C8700008BF20EAD37070BD94F0000F0FD101F013
:10C880000046400041EB010111F4801F08BF013C4C
:10C89000F7D041EA060195F0000F18BF704703F08A
:10C8A0000046520043EB030313F4801F08BF013D11
:10C8B000F7D043EA0603704794EA0C0F0CEA1355CD
:10C8C00018BF95EA0C0F0CD050EA410618BF52EA87
:10C8D0004306D1D181EA030101F000414FF000008D
:10C8E00070BD50EA410606BF1046194652EA43069B
:10C8F00019D094EA0C0F02D150EA013613D195EA0F
:10C900000C0F05D152EA03361CBF104619460AD156
:10C9100081EA030101F0004141F0FE4141F4700160
:10C920004FF0000070BD41F0FE4141F4780170BD50
:10C9300070B54FF0FF0C4CF4E06C1CEA11541DBFB5
:10C940001CEA135594EA0C0F95EA0C0F00F0A7F8B7
:10C95000A4EB050481EA030E52EA03354FEA0131E4
:10C9600000F088804FEA03334FF0805545EA1313F7
:10C9700043EA12634FEA022245EA111545EA1065BF
:10C980004FEA00260EF000419D4208BF964244F156
:10C99000FD0404F5407402D25B084FEA3202B61A75
:10C9A00065EB03055B084FEA32024FF480104FF449
:10C9B000002CB6EB020E75EB030E22BFB61A7546BD
:10C9C00040EA0C005B084FEA3202B6EB020E75EB50
:10C9D000030E22BFB61A754640EA5C005B084FEAB8
:10C9E0003202B6EB020E75EB030E22BFB61A754685
:10C9F00040EA9C005B084FEA3202B6EB020E75EB90
:10CA0000030E22BFB61A754640EADC0055EA060E50
:10CA100018D04FEA051545EA16754FEA06164FEA93
:10CA2000C30343EA52734FEAC2025FEA1C1CC0D13F
:10CA300011F4801F0BD141EA00014FF000004FF0CC
:10CA4000004CB6E711F4801F04BF01430020B4F18D
:10CA5000FD0C88BFBCF5E06F3FF6AFAEB5EB030C45
:10CA600004BFB6EB020C5FEA500C50F1000041EB42
:10CA7000045170BD0EF0004E4EEA113114EB5C040F
:10CA8000C2BFD4EB0C0541EA045170BD41F48011E2
:10CA90004FF0000E013C90E645EA060E8DE60CEAEA
:10CAA000135594EA0C0F08BF95EA0C0F3FF43BAF07
:10CAB00094EA0C0F0AD150EA01347FF434AF95EABE
:10CAC0000C0F7FF425AF104619462CE795EA0C0FA2
:10CAD00006D152EA03353FF4FDAE1046194622E76F
:10CAE00050EA410618BF52EA43067FF4C5AE50EA49
:10CAF00041047FF40DAF52EA43057FF4EBAE12E739
:10CB000053B94AB9002908BF00281CBF4FF0FF31B4
:10CB10004FF0FF3000F00CB8ADF1080C6DE904CE19
:10CB20000BF040FEDDF804E0DDE9022304B07047BD
:10CB3000704700BF2DE9F00791E8F807B2E802104E
:10CB40005B1854EB0C04B2E802104D4156EB0C0696
:10CB5000B2E802104F4158EB0C08B2E8021059EB52
:10CB600001095AEB0C0A80E8F80780410130BDE862
:10CB7000F00770472DE9F00791E8F807B2E80210D6
:10CB80005B1A74EB0C04B2E802108D4176EB0C06D4
:10CB9000B2E802108F4178EB0C08B2E8021079EB92
:10CBA00001097AEB0C0A80E8F80780414042BDE8B1
:10CBB000F00770472DE9F007524290E87800B1E89D
:10CBC00080071740DB1918EA020854EB080419EA39
:10CBD000020955EB09051AEA020A56EB0A0678C063
:10CBE00090E87800B1E8800717407B4118EA020816
:10CBF00054EB080419EA020955EB09051AEA020A7E
:10CC000056EB0A0678C080410130BDE8F007704756
:10CC10002DE9F007524290E87800B1E8800717400C
:10CC2000DB1B18EA020874EB080419EA020975EB29
:10CC300009051AEA020A76EB0A0678C090E878003D
:10CC4000B1E880071740BB4118EA020874EB0804FA
:10CC500019EA020975EB09051AEA020A76EB0A06D7
:10CC600078C080414042BDE8F00770472DE9F001EF
:10CC700052424FF0040890E8300091E8C000A31B36
:10CC80001340E41AF618EB1B1340ED1AFF1830C0DE
:10CC9000C0C1B8F10108EED1BDE8F001704700BF96
:10CCA00000B592EC080AB1E8805707EE101A53EC71
:10CCB000102A56EC114AA7FB0251A8FB020BE7FB16
:10CCC0006310E9FB62B041EC145AA8FB0351EAFB84
:10CCD0006201E7FB64B5E7FB6605E8FB661505EE58
:10CCE00010BAA9FB03B6EAFB6316ECFB6356E8FB3C
:10CCF000640BE9FB641BEAFB645BECFB646B05EE15
:10CD0000900AACFB023012EE104AEEFB6250E9FBD7
:10CD10006460EAFB64B0E7FB6431E8FB645112EE47
:10CD2000904AE8FB6461E9FB64B1EAFB640106EE4A
:10CD3000103AA7FB043213EE104AE7FB6462E8FBEB
:10CD400064B2E9FB6402EAFB641211EE904AE9FB6B
:10CD50006453EAFB646313EE904AE7FB64B3E8FBB9
:10CD60006403E9FB6413EAFB642306EE905A17EEB2
:10CD7000109A99E8000610EE108AA9FB0854EAFB05
:10CD800068B412EE108AECFB6804EEFB6814E9FB51
:10CD90006824EAFB683410EE908AEEFB6865E9FBD4
:10CDA00068B5EAFB680512EE908AECFB6815EEFBAD
:10CDB0006825E9FB6835EAFB684507EE106A11EE65
:10CDC000108AAEFB0876E9FB6806EAFB681613EEEC
:10CDD000108AECFB6826EEFB6836E9FB6846EAFB46
:10CDE000685611EE908AECFB68B7EEFB6807E9FB2A
:10CDF0006817EAFB682713EE908AECFB6837EEFBB6
:10CE00006847E9FB6857EAFB686700BD2DE9F04F0A
:10CE100007EE900AFFF744FF17EE908A07EE90BAEC
:10CE2000A8EC084A88E8FF00BDE8F08F00B591E85B
:10CE30009857A3FB0352A3FB0401E3FB6420E3FB2D
:10CE4000671042EC145AA3FB0752E3FB6802E4FBB1
:10CE50006415E3FB6805E3FB6925A4FB07B6E3FB68
:10CE60006926E3FB6A56E4FB670BE4FB682BE3FBF4
:10CE70006A5BE3FB6C6B40EC151AA4FB0810E4FB47
:10CE80006950E3FB6C60E3FB6EB0E7FB6721E4FBFA
:10CE90006951E4FB6A61E3FB6EB1E4FB6E0106EEEF
:10CEA000102AA7FB0832E4FB6A62E4FB6CB2E4FBE5
:10CEB0006E02E7FB6E12E7FB6853E7FB6963E4FB76
:10CEC0006CB3E7FB6C03E7FB6E13E8FB6E2306EE27
:10CED000905AA7FB0954E7FB6AB4E7FB6C04E8FB34
:10CEE0006C14E8FB6E24E9FB6E34E8FB6865E7FB35
:10CEF0006AB5E8FB6A05E8FB6C15E9FB6C25E9FB04
:10CF00006E35EAFB6E4507EE106AA8FB0976E8FB72
:10CF10006A06E9FB6A16E9FB6C26EAFB6C36EAFB5B
:10CF20006E46ECFB6E56E8FB69B7E9FB6907E9FB67
:10CF30006A17EAFB6A27EAFB6C37ECFB6C47ECFBF1
:10CF40006E57EEFB6E6700BD2DE9F04F07EE900ABD
:10CF5000FFF76CFF17EE908A07EE90BAA8EC084A2C
:10CF600088E8FF00BDE8F08F30B44FF0000310F800
:10CF7000014B11F8015B013A84EA050443EA04031A
:10CF8000F5D1A3F101034FEAD37030BC704700BF65
:10CF90004FF0000310F8012B013943EA0203F9D1E5
:10CFA000A3F101034FEAD370704700BF30B411F80A
:10CFB000014B12F8015B6C4000F8014B013BF6D1CC
:10CFC00030BC70472DE9F00791E8F807B2E802108D
:10CFD0005B1854EB0C04B2E802104D4156EB0C0602
:10CFE000B2E802104F4158EB0C08B2E8021059EBBE
:10CFF00001095AEB0C0A8941B3F1FF3374F1FF3494
:10D0000075F1FF3576F1000677F1000778F1000839
:10D0100079F101097AF1FF3A51F100015B184C41B5
:10D020004D4156F1000657F1000758F1000859EB41
:10D03000D1795AEB010A80E8F807BDE8F00770479C
:10D040002DE9F00791E8F807B2E802105B1A74EBDB
:10D050000C04B2E802108D4176EB0C06B2E8021027
:10D060008F4178EB0C08B2E8021079EB01097AEBFA
:10D070000C0A89415B184C414D4156F1000657F1AD
:10D08000000758F1000859EBD1795AEB010A80E802
:10D09000F807BDE8F007704718EB040859EB0509DD
:10D0A0005AEB060A5BEB070B5FF0000C4CF1000C2F
:10D0B00018EB050859EB06095AEB070A5BEB070B5F
:10D0C00050EB0C005FF0000C51EB0C0152EB0C022A
:10D0D00063414CF1000CB8EB070879F100097AF1D3
:10D0E000000A7BEB040BA841B141A241B3416CF1B2
:10D0F000000CBBEB050BB041B941AA41BB416CF13F
:10D10000000C4CF001068CF0020718EB060859EBF6
:10D110006C095AEB6C0A7BEB6C0B70EB6C0471EBDB
:10D120006C0572EB670653EB6C076CEB6C0C18EB41
:10D130000C0059EB0C015AEB0C025BF1000354F1AB
:10D14000000455F1000556EBDC7657EB0C077047F1
:10D150002DE9F04F07EE900AFFF7A2FD59EC168A71
:10D1600017EE10AAFFF798FF59EC148A5BEC15AA8A
:10D17000FFF792FF17EE908A88E8FF00BDE8F08F76
:10D180002DE9F04F07EE900AFFF750FE59EC168A92
:10D1900017EE10AAFFF780FF59EC148A5BEC15AA72
:10D1A000FFF77AFF17EE908A88E8FF00BDE8F08F5E
:10D1B0001FB50B4B01934FF48C73ADF80830082367
:10D1C0008DF80A3083788DF80B3001A9FF230120F8
:10D1D0008DF80C3000F092FB05B05DF804FB00BF49
:10D1E0009FB801001FB50A4B01934FF43673ADF899
:10D1F000083008238DF80A3001A943788DF80B30E8
:10D2000000208DF80C0000F079FB05B05DF804FB00
:10D210002DBD0100F7B504460D4641B9124B1B78F0
:10D22000012B04D0019101A80121FFF7F3FF23682E
:10D230000E4E0F4F0733002D23F0070323600CBF62
:10D240002046002000F036FB002556F8043B0BB1C9
:10D25000384698470135032DF7D100F09FFB23682E
:10D260001844206003B0F0BD280B002040000020CF
:10D270002A0B00202DE9F7432A4C0190074601A80C
:10D280000E46FFF7C7FFA578E3784FF000091D446D
:10D29000EDB2C8465FFA89F39D4238D80198033051
:10D2A00020F00300002E0190414618BF002000F03E
:10D2B000B7FC019B21791D18019589B16379627CC6
:10D2C0000335002E25F003051A44D2B2A389019537
:10D2D0000CBF2846002000F017FD019B1844019068
:10D2E000A17B79B123796BB1019B073323F007034D
:10D2F000002E0CBF18460020019304F0D7F8019BC4
:10D30000184401900198C01B03B0BDE8F083A37AD4
:10D31000627A217AE0790CF0D9F809F101098044A8
:10D32000B8E700BF280B00208FB572B6194B9D6A75
:10D33000E5B9BFF34F8F1849184BCA6802F4E06291
:10D340001343CB60BFF34F8F00BFFDE7B4FBF6F490
:10D35000DAB20133002CF9D102F110036B440A2632
:10D3600003F80C4C32B901A8A847E2E704460023B1
:10D370000A26EDE7531E04AC54FA83F4DAB2C3B2C2
:10D38000B3FBF6F706FB1733303304F80C3CB0FB65
:10D39000F6F0E7E7280B002000ED00E00400FA05B6
:10D3A0001FB5104B9A7A8DF809205A7A8DF808200B
:10D3B00002A81A7ADB79ADF80C20ADF80A3002F039
:10D3C00057FC18B1DB210320FFF7AEFF012301A8B2
:10D3D0008DF804300DF0ECF808B1DF21F3E705B06B
:10D3E0005DF804FB280B002038B5044690B30AF022
:10D3F000E9FD10B94FF0FF3038BD07F031FCB0F552
:10D40000FA7FF7D8164D1748AC6200F0F3F9164BC7
:10D4100028460024C3E900449C6000F8024B262201
:10D4200021460BF04DF90123EB702B711B23EB719F
:10D4300040F21B332B810223AB721F23AB810823E5
:10D44000AB73EFF3108572B600F034FD2DB962B600
:10D450002846D1E76FF01500CEE72046CCE700BFA5
:10D46000280B0020A1D300004000002010B50028A8
:10D4700036D1204C2378022B2FD059B1002A32D03C
:10D48000023905292CD8DFE801F0030F1D2B2023DA
:10D490001378E37001210020FFF7ECFEB0F5803F28
:10D4A00024DA0123237010BD9378E3B1D378D3B18C
:10D4B00013781A2B17D953781A2B14D91368C4F878
:10D4C0000730E7E713782371E4E71388A381E1E7E6
:10D4D0001388FF2B07D8A373DCE74FF0FF30E2E798
:10D4E0006FF02C00DFE76FF01500DCE76FF00B004A
:10D4F000D9E700BF280B002070B50D460646E8B1FD
:10D50000E1B111F0070419D100F0B2F8C8B130460A
:10D510000AF0CCFE0C4E214686F82C002846FFF778
:10D52000A9FE0EF045FC96F82C00214602F034FCD2
:10D53000FFF736FF02233370204670BD6FF01500F1
:10D54000FBE74FF0FF30F8E7280B002010B5074C41
:10D550002378022B05D102F037FC94F82C000AF056
:10D56000C1FE0CF0A0F80020207010BD280B002098
:10D5700050B1074B03F1140253F8041B40F8041B8D
:10D580009342F9D1002070476FF01500704700BF3B
:10D59000743C040010B5064B1C7834B902F0C6FB8D
:10D5A000044B054A5A60204610BD4FF0FF30FBE7A0
:10D5B000280B002040000020B1D1000010B5064B20
:10D5C0001C7834B902F0C6FB044B054A1A602046A9
:10D5D00010BD4FF0FF30FBE7280B0020400000207B
:10D5E000E5D1000010B5054B1C781CB902F06AFBB0
:10D5F000204610BD4FF0FF30FBE700BF280B002096
:10D6000010B5054B1C781CB90CF0E8FF204610BD86
:10D610004FF0FF30FBE700BF280B002010B5054B93
:10D620001C781CB90CF0DDFF204610BD4FF0FF3018
:10D63000FBE700BF280B002008B5054B1B78022B29
:10D6400003D002F01DF9002008BD4FF0FF30FBE7CA
:10D65000280B0020024B02681A600020704700BFB0
:10D66000580B0020014B1B68184700BF580B0020C7
:10D67000024B1868003818BF01207047580B002073
:10D680002DE9F341284E031D04463360304603F074
:10D69000D7F90228054607D1234920460BF0F1F9B6
:10D6A000284602B0BDE8F081042836D13378072B34
:10D6B00018D13E2000F04EF878B9F378327901A9FC
:10D6C00043EA02236846ADF800300BF0A8FC0028BE
:10D6D000DCD053210820FFF727FE052000F07AF860
:10D6E0000028EAD0314620460BF032FAB0F5817FAF
:10D6F00001D37221EEE70028C8D0277894F8028081
:10D70000384600F027F80028C0D03E2FC8D1404648
:10D7100000F060F80028C3D1B8E70828C0D102495A
:10D7200020460BF0DDF9BBE75C0B0020074B4FF008
:10D73000FF3141F6FF72C3E9001205490022C1E939
:10D7400000221F21C3E90212704700BF0000002021
:10D75000A00B00203F280CD801380B4BC0F342121D
:10D7600000F01F0053F8223023FA00F000F001000F
:10D770007047FF2806D04038C0F34212034B00F038
:10D780001F00EFE70120704700000020A00B0020E1
:10D790000146074B006849681A4603C240F48C22D0
:10D7A0001A6041F0107242F4FF625A60704700BF85
:10D7B000000000200246024B0068516803C3704716
:10D7C000A00B00200246024B0068516803C370475B
:10D7D000080000200138064BC0F3421203EB82031D
:10D7E00000F01F009B6823FA00F000F00100704772
:10D7F00000000020014B1860704700BFA80B0020FC
:10D8000007B5FFF793FF0CF048FB044B1B6813B1FF
:10D8100001909847019803B05DF804FBA80B002025
:10D820000B880288F0B5C3F30E049EB204F118030E
:10D83000C57CC35A05352A442B4497B213FA82F3A8
:10D84000013B4288B3FBF7F313FB07439BB29A42B9
:10D85000044A93BF22EA0603324013439BB20B8073
:10D86000F0BD00BF0080FFFF10B5114B00EB41047D
:10D870001A786389B3FBF2F303FB0223013A1A44DB
:10D88000B2F5706F027928BF00231A448378B2FB87
:10D89000F3F0194403FB1020091AB1FBF3F003FB6A
:10D8A000101313446FEA43436FEA5343638110BD7F
:10D8B000AC0B002010B5104BC8B15A78022A04D026
:10D8C00040F22B111720FFF72FFD03225A70026838
:10D8D00012F0070102D04FF49871F3E75C685A60C8
:10D8E00022440260C3E903119A60596110BD01220C
:10D8F000C3E901005A70F9E7AC0B00202DE9F041B3
:10D90000254E96F801E00EF0FD0CBCF1010F04D09D
:10D9100040F245111720FFF707FD91F80680B8F196
:10D92000080F02D940F24711F4E7CF7997B3454683
:10D93000022D726838BF02257B1D5C0002EB430399
:10D940006A1E13446D422B408D884544013DC8F149
:10D9500000022A404FF6FE75AA4202D94FF4A9717F
:10D96000D8E7BEF1030F12D106EB80001C1BC5687F
:10D9700015B140F25711CDE7C460A770228084F83A
:10D9800003C0087A09682071080CE080218107FB38
:10D9900002337360BDE8F081AC0B00202DE9F04745
:10D9A000364C6378012B65D0032B04D040F267110D
:10D9B0001720FFF7B9FCD4E901329A4202D04FF4A4
:10D9C000B571F5E72546002305F80C3B1E460222FB
:10D9D000994655F82200013A58B190F804808178B0
:10D9E000B8F1FF0F2FD180F804908E423CBFCEB229
:10D9F0000123511CEDD103B12670022640F6FF69C8
:10DA000055F826709FBB013EFAD2042363700020B4
:10DA1000BDE8F08755F82CE0BEF1000F06D09EF867
:10DA200004A0C24504BF9EF802E077440CF1FF3C1D
:10DA3000BCF1000FEEDA3944FF2907D903B1267093
:10DA40004FF48371B4E794460027F1E70771CCE700
:10DA500007EB41033846A3F80A90FFF705FF08F1EA
:10DA60000108BB785FFA88F18B42F1D8CBE74FF021
:10DA70000008F6E7022360686370C9E7AC0B00207A
:10DA8000F8B54FF6FF730380184B03EB8101054691
:10DA9000C868B8B186780379B3FBF6F206FB123397
:10DAA000DBB219460A1D00EB4202B2F9027054883B
:10DAB000002F09DB0131B1FBF6F206FB1211C9B2EE
:10DAC0008B42EFD10020F8BDFF29FBD0C4F30E0339
:10DAD000C4782B8024B94FF4D9711720FFF724FCA8
:10DAE0005380BDE8F8400BF0D0BC00BFAC0B002069
:10DAF0001D4B03EB810170B5CC68054644B30304AC
:10DB000004D54FF4E0711720FFF70EFC01462046C4
:10DB10000BF09DFCFF28014604D02046BDE8704074
:10DB20000BF0B3BCA078B5FBF0F300FB1353DBB2F2
:10DB300019460A1D04EB4206B6F90260002E09DB05
:10DB40000131B1FBF0F200FB1211C9B28B42F0D1EE
:10DB5000002070BDFF29FBD08B4204EB42021CBFAA
:10DB60000023E3705580D8E7AC0B0020094B03EB92
:10DB7000810110B5CC68014620460BF068FCFF28F7
:10DB8000014604D02046BDE810400BF07EBC0020CA
:10DB900010BD00BFAC0B0020F8B5104B03EB8101AA
:10DBA0000746CC68014620460BF051FCFF2805468D
:10DBB00011D0E688238953EA064606D0014620465E
:10DBC0000BF063FC01463846B04720462946FFF774
:10DBD0004BFE0020F8BD0320FCE700BFAC0B00208B
:10DBE00038B50E4B827903EB82030446D86808B936
:10DBF000022038BD8278E1799142F9D24B1CE37161
:10DC000000EB41035D89B3F90A30002BF3DBA580FB
:10DC10000BF03BFC20600020EBE700BFAC0B0020CA
:10DC200070B5044610F003000E4603D049211820B9
:10DC3000FFF77AFB0BF0B0FB054624B103483146F1
:10DC400004600BF0A9FB284670BD00BFC40B002088
:10DC50002DE9F04F1E4C85B092462268BDF83CB0CD
:10DC600098468146BDF838300D461AB95B21182018
:10DC7000FFF75AFB1A460A21504603930BF037FA76
:10DC80005A460646092140460BF031FA311807463C
:10DC900020680BF0ABFB039BC9F8000018B92860A3
:10DCA00005B0BDE8F08F84192C60D9F8000000930E
:10DCB000524631460A230BF0CCF92868CDF838B02B
:10DCC00009234246394605B0BDE8F04F0BF0C1B913
:10DCD000C40B002070B50E4604460BF011FA054641
:10DCE00030460BF00DFA044B2A1821461868BDE89F
:10DCF00070400BF0A5BB00BFC40B0020014B18689F
:10DD00000BF067BBC40B0020F8B511441D4EC9B21F
:10DD100010F00305317003D04D210920FFF704FBFB
:10DD20001F2B19D89B009BB2033323F003039BB234
:10DD300008B17060338101EB81047668E2004FF036
:10DD4000010C00EBC404EFB2B94212D8D01D03FBA2
:10DD5000010020F00700F8BDFF2B4FEA430204D971
:10DD6000FF339342DFDB93B2DEE77C2AFBDC7C23CC
:10DD7000DAE710B186F800C07460013528361C441B
:10DD8000E1E700BFC80B002038B5144A1478536887
:10DD90000021C8B2844203D8A8210920FFF7C4FAA1
:10DDA0001846013105782833002DF2D0002181700A
:10DDB00001241289447044688161C161920800F1B4
:10DDC0002001051D21F8022B994245F8044B14440B
:10DDD000F8D100234361037038BD00BFC80B002099
:10DDE0002DE9F8434B7880460C4602F0040602F019
:10DDF000FB07D3B1DFB12E4BD4F804901D89B7BB1C
:10DE000001236370AD08A761E76104F120034A466E
:10DE1000211D04F1280023F8025B984241F8042BED
:10DE20002A44F8D10023636101E0002FE3D0FF23EF
:10DE3000A370002E18BF0226A3191B7D032B03D14C
:10DE4000022F1CBF0136F6B2A31901221A7506F182
:10DE50000C0204EB8606002324F812307268A370CB
:10DE6000C8F80020A8F804304046BDE8F883002137
:10DE700014226170A0180AF023FCB5F5FF7F0FD2C1
:10DE80006B08ED1AADB209EB0502C4F804902584C5
:10DE9000A2606384C4F80C90A5842261E384C6E781
:10DEA000B5F5EE6F4FF0FF03EBD940F27265EAE78C
:10DEB000C80B0020134B012200214FF0FF309A6065
:10DEC000C3F80012C3F80803C3F80015C3F804250B
:10DED0009A60C3F80803C3F80015C3F804250A497B
:10DEE0000A4A03F580334FF40040C3F80825C1F80F
:10DEF0008000BFF34F8FBFF36F8FC1F88001C3F86D
:10DF00000825704700F0004000E100E00000F63F07
:10DF10000A46192302F8033B0448C368C1F80330DA
:10DF20000369536043699360704700BFD80B0020BA
:10DF3000024B5A8C02435A845B6A1847D80B002064
:10DF4000014B00215B6A1847D80B002010B5154C17
:10DF500005F050FF05F070FB208DFFF7F1FF237EE9
:10DF60006BB12246104952F80C3BE3606368536082
:10DF7000A368936004F1190002220DF02AF8236BC4
:10DF800093F87030022B02D1084803F045FAA36BD6
:10DF900094F8341094F835009847002384F83C3006
:10DFA00010BD00BFD80B002011DF0000040C0020C2
:10DFB000034B93F83C300BB1FFF7C8BF704700BF6D
:10DFC000D80B002070B51D4C256B636C236495F84D
:10DFD0009C30064694F848000BB1031DD8B295F862
:10DFE00069102EB9FF2803D195F868308B4201D013
:10DFF00005F0C2FD95F89C30D3B1E06C06F07CF8DA
:10E00000012384F86830D5E94023E16C206CC4E931
:10E01000182305F0C7FA16B9304606F0ABF895F8A4
:10E020006810002006F0F0F8022384F83C3070BD40
:10E03000206C06F061F805F0FFFAECE7D80B002041
:10E040002DE9FF41414C94F83C30266B012B0546ED
:10E050000F465FFA83F804D040F275412720FFF79E
:10E0600063F996F88C303BB1002186F88C100420BF
:10E07000FFF75EFF86F88E80A16F0B7803F0030335
:10E08000032B05D196F8923013B90220FFF750FF09
:10E09000A26F137803F00303032B03D05378002BF4
:10E0A0003FD1012386F8923096F89C30BBB1D6E977
:10E0B0004001236B94F848200392C4E918014FF003
:10E0C000010893F8690084F868800BF0EEFA0021EB
:10E0D00003460091039A1E49404605F01DFADDB93A
:10E0E000D7B1E36F28469847B0B194F834309BB964
:10E0F00094F88030D906C3F300125CBF636C1D78BE
:10E10000D4F884305CBFC5F30015C5F1010553B9DF
:10E11000B4F888303BB132B904B0BDE8F041FFF744
:10E1200015BF0223BEE7638C9A0709D5A36FDB787E
:10E13000022BF1D1002004B0BDE8F041FFF742BF4F
:10E14000002DE9D1002BF5D0E6E700BFD80B002069
:10E15000280C002008B5094B93F83C20022A04D073
:10E160004FF40F712720FFF7DFF8DA7A42F001024F
:10E17000DA72BDE80840FFF7E9BE00BFD80B002007
:10E18000044B93F83C2002F0FF000AB91876704760
:10E190000C207047D80B00200A4B0B4A70B506467E
:10E1A0000D461A60FFF7ECFF18B1DE212720FFF7BC
:10E1B000BBF8064C012104F18A000CF0FAFD6664FC
:10E1C000E56470BD4C00002078E90000D80B002009
:10E1D000024B012283F8AC20704700BFD80B00200F
:10E1E000F0B57F4C85B002AE86E8030094F83C1091
:10E1F0000A9F01F0FF0511B90AB103B127B940F236
:10E200004F112720FFF790F896E8030004F12C0C3B
:10E210008CE8030084F8AC5084F8345084F8AD5096
:10E2200084F8355084F8AE5065842585256BE36706
:10E230006262A76305F0DEFC05F0FEF995F96C005B
:10E2400005F06AFD686A05F049FFE86905F06AFDB6
:10E2500095F8AC0005F08CFD236B93F8FF310BB102
:10E2600005F0B6FC95F86910012005F053FE002872
:10E2700000F0B4805B4B5C4E186805F035FF2B69ED
:10E28000C4F8B0306B69C4F8B43005F58C7705F587
:10E29000847318685968324603C20833BB42164675
:10E2A000F7D1D5F81821C4F869205A684F4B5A6045
:10E2B000236B93F89620A2F12501012993F86810A9
:10E2C0000E4603D993F89700252853D193F8AE3220
:10E2D0002BB1012E03D0012B14BF0226012605F11C
:10E2E0003007314638460CF004FF31460CF0BAFBDB
:10E2F000AB8F95F86910984228BF184684F8B8008B
:10E3000038460CF0DFFE95F8691095F89C70B5F86A
:10E310004460082908BF04210CF0A4FB0FB90430A5
:10E3200080B2B04228BF304695F89C30C6B284F81F
:10E33000486093B1D5E9402395F869000127C4E905
:10E34000182384F868700BF0B0F90022034600929D
:10E3500025493246384605F0DFF80120FFF732FE46
:10E36000234BD3F8503523F00803032B2AD140F276
:10E37000F91146E7203A012A0CD8232893F83E21C8
:10E380000AD012F0010319D19207A8D5012918BFAC
:10E390000226A4E723280DD193F83E2193F861309B
:10E3A000134013F001020BD19B0798D5012908BF38
:10E3B0000E46ECE7042908BF082690E71E468EE7C4
:10E3C00016468CE7002323606360A360B5F89030A5
:10E3D00063802B88238095F8AC30237105B0F0BDA5
:10E3E000D80B00204C000020280C0020410C0020FD
:10E3F0000010004008B50C4B93F83C201AB9BDE85A
:10E400000840FFF7A3BD93F83C20022A04D040F255
:10E4100012212720FEF788FF1B6BD3F81802BDE8F6
:10E42000084005F07BBE00BFD80B0020014B1876DA
:10E43000704700BFD80B0020014B93F8AE00704727
:10E44000D80B0020024B188DC0F38020704700BF0E
:10E45000D80B0020014B93F8AD007047D80B00207B
:10E460002DE9F3411E4D82072C6B06460F4622D53F
:10E47000D5F8843023B940F266412720FEF754FFD7
:10E48000B5F88820296C1846033291F801800AF00B
:10E49000A1F80DF1020201A92864D5F8B4000AF030
:10E4A00071FF01980AF058FF012238604146D5F803
:10E4B000B4000AF0FDFEF3070ED5D4E94032013373
:10E4C00042F10002C4E9403294F89430012B0CBFB1
:10E4D0000023012384F8943002B0BDE8F08100BF2E
:10E4E000D80B00202DE9F04FA04C002387B0CDE9D8
:10E4F000043394F83C30276B022B80468A4604D0C4
:10E500004FF49D612720FEF70FFF238D590606D497
:10E510004020FFF715FD238D43F04003238597F836
:10E520009C30B8F1000F00F01281A3B105F0B2F8F1
:10E5300005F096F878B9236C5A7862B11B7897F891
:10E540009420C3F3C0039A4205D1012384F83530E7
:10E55000FFF7FCFC4FE1236C5978A4F8881011B345
:10E56000D4F8B4000AF07AFEC4F88400238D97F83A
:10E57000932043F480732385236C1B78C3F38003BB
:10E580009A4200F0B980256B95F89230002B3ED06E
:10E59000022B12D1D4F8B00004A90AF0F6FD28B974
:10E5A0004FF47971AEE7C4F88410DFE7D5E93E3265
:10E5B000013342F10002C5E93E3295F88E30002168
:10E5C00085F8921023B185F88E101020FFF7B0FC6B
:10E5D00095F88D309BB1002685F88D6001F0C8FD5F
:10E5E00010B940F2FB318DE731460820FFF7A0FC5F
:10E5F000D5E93E32013342F10002C5E93E3295F8D9
:10E600009330012B0CBF0023012385F89330238D19
:10E6100043F4806323854FF0000B216C97F894201E
:10E620000D78C5F3C0039A4240F0868005F00305DB
:10E63000032D266B62D0002D6BD196F89430013BF0
:10E6400018BF012386F89430236C5B7833B1D6E988
:10E650004032013342F10002C6E9403297F89B3064
:10E6600093B1D7E93E01236BC4E91801002693F862
:10E67000680084F868600BF018F83D49009603467E
:10E68000FB22304604F048FFBAF1000F72D1628CD1
:10E6900094F8AD30120703D5A26FD278022A69D060
:10E6A000012B67D8E36F01209847002862D094F8C7
:10E6B0003490B9F1000F5DD1266B94F8483096F88C
:10E6C0009C208DF80D90002A40F09880FF2B96F842
:10E6D000681003D196F869308B4202D0FF2005F014
:10E6E0004BFA96F89230032B00F22F81DFE813F0FB
:10E6F00089000E0111012401C3468EE7238D0120FC
:10E7000043F4006386F88C002385FFF711FC002595
:10E7100093E74B78002BFAD0228DD4F8845042F442
:10E7200000622285002D99D0FB2B07D894F8AC30DD
:10E730005BB12020FFF704FC00258FE794F834300C
:10E7400043F0100384F83430F6E7454675E70BB123
:10E7500004F0D6FF94F8AD30013384F8AD30238D4A
:10E76000002543F400732385AB4677E7D80B0020E0
:10E77000280C002005F068FD4FF0010A1DB105A925
:10E780000220FFF76DFEBBF1000F0DD0B4F807209B
:10E79000B4F805301343B7F8902013431EBFB4F804
:10E7A00009300133A4F80930B8F1000F00F0D5802A
:10E7B000B4F805300133A4F80530002384F8AD30F7
:10E7C000694802F007FE049840B10AF0C5FD216BCC
:10E7D00000234372072201300CF0E9FB059B33B1A3
:10E7E000216B00221A720C2205980CF0E0FBBAF1A2
:10E7F000000F7FF4ADAE07B0BDE8F08F0433DBB29D
:10E8000064E794F8B830ADF80E305848A6F85830A0
:10E8100001F09EFC00285DD0A16F8020FFF788FBEF
:10E82000012386F88D3096F89330A26FDB0003F059
:10E830000801137803F0F3030B4396F89410890052
:10E8400001F004010B4323F0100103F00303032B39
:10E85000117002D1D378022B0FD0D4F8B0000AF097
:10E86000DCFC40B9A36F1B7803F00303032B04D037
:10E8700001F094FC08B94FF01009A06F037849EA41
:10E88000030980F8009096F89B30002B60D0437805
:10E89000002B5DD0E06C05F02FFC002384F868307D
:10E8A000D6E93E23A16FE06CC4E9182304F07AFE98
:10E8B00096F86910012005F0A7FCA26F1188A4F852
:10E8C000801091782A4A012384F8AE30917084F840
:10E8D0003C3053E7D4F8B0000DF10D020DF10E01FC
:10E8E0000AF030FCA06788B196F8D73073B99DF86C
:10E8F0000D302BB903808370A06F01210CF059FA01
:10E90000BDF80E10A06F0CF021FB8CE7194BA3672C
:10E9100089E7B6F85830D4F8B000ADF80E300DF1F4
:10E920000D020DF10E010AF00DFCA06700287FF426
:10E930007AAF40F2D521E5E50C4801F009FC00284A
:10E940007FF471AF40F2DE21DCE540F2EB21D9E546
:10E9500005F0D2FB04F070FEAAE7B4F807300133EB
:10E96000A4F807302CE700BF040C0020500C002056
:10E97000580C0020620C002055E10000E5E4000086
:10E9800041E00000B1DF00000B2808B504D94FF4C6
:10E9900052710620FEF7C8FC014B33F8100008BD89
:10E9A0009CE103002DE9F04F2DED028B8BB0044666
:10E9B00015460293894690F869B00BF05DFE064655
:10E9C00094F80002FFF7E0FF94F897300393304487
:10E9D00085F0010386B2059355BB94F84C32032BA6
:10E9E00026D1039B0D2B23D1B4F8AC324B451FD15C
:10E9F000D4F85432C4F84032A369B4F81E22C4F8E3
:10EA00004432B4F892321344C4F84832204604F039
:10EA1000A3FCD4F8B032A362B4F8AE32A385D4F824
:10EA2000B432A361D4F8B8322362022384F84C32A2
:10EA3000B4F89072B4F89080A9EB07073FB204F5E0
:10EA40001A73002F08EE103AB7BFD4E9A023029B37
:10EA5000C4E9A22301230493CD4BA9EB08081B783A
:10EA60000FFA88F8B8BF474603F0FF05002B53D0D4
:10EA700006F076F900286FD0B4F83432012B6BD948
:10EA800094F84C32022B67D094F86252002D63D177
:10EA900094F80002FFF778FF94F84C3200F5C86054
:10EAA000012B86B2D9B24AD194F89A30D4F828A072
:10EAB000032B3ED1D4F8445255443146D4F8440295
:10EAC00006F0A4F8D4F84032C4F84002A0EB030AE0
:10EAD000D4F848323146284603FB0AFA06F096F885
:10EAE000D4F85052C4F85002451B3146A06906F0D4
:10EAF0008DF8AA44B4F81E52D4F848324544ED1BB0
:10EB0000DB432B44D4F85452451B05FB03A50123DA
:10EB1000C4F8540284F8623294F84C32DFF870A2E0
:10EB2000032B00F28081DFE813F019001401690063
:10EB3000350128460BF0C0FF00EB0A05BDE7A069D0
:10EB4000314606F063F8B4F81E52D4F85432454406
:10EB5000ED1BC31A5D43DAE70025DDE70121002044
:10EB60000BF0AAFF8046A06A3146404406F04EF8FA
:10EB70003146C4F85002A06906F048F807A9C4F865
:10EB8000540208A805F068FB079B0093D4E9A20192
:10EB9000DDE9082309F0FAF8074620460AF0CBFD24
:10EBA000D4F89832A66A94F869001E4405F09AFCDD
:10EBB000D4F85012A38D203E761AB044A8EB070873
:10EBC00000F5234030314FF47A7703EB4101A13057
:10EBD000B0FBF7F0A8EB000794F869000AF098FD85
:10EBE000D4F89832FB1A2230B3F5CA7FCAF8040071
:10EBF00055D840F2F2413020FEF796FBA36AD4F8D4
:10EC000044023146184406F001F83146C4F8500277
:10EC1000A06905F0FBFFC4F8540220460AF08BFD02
:10EC2000B4F81E32A66AD4F84472002B40F08C80EF
:10EC3000029B002B00F0888094F869B0584605F0DC
:10EC400051FC3E44D4F89C12D4F8503204938046D0
:10EC5000203E58460E4405F03DFC049BF61A361A39
:10EC600008F523484FF47A7708F1A108B8FBF7F8C4
:10EC7000A6EB0807D4F85012D4F84032D4F8482252
:10EC800094F86900303102FB0311A38D03EB4101BD
:10EC90000AF03EFD0123CAF8040084F84C32A6694C
:10ECA000D4F85432A6F21F26F61ADAF804309E423F
:10ECB00028BF1E467423A4F87032D4E9A2327F1B09
:10ECC000DF1942F100024FF00008C4E99E72C4F857
:10ECD000186284F8688204F130000CF0F1F9B4F89D
:10ECE0000812A4F89092D4E99E23A1EB09090FFA27
:10ECF00089F9C145C4E9A223C8BF022384F87282FE
:10ED0000C8BF84F87232039B30440D2BC4F86C02E8
:10ED1000029B00F08B80002B40F0898094F84C32ED
:10ED2000002B00F0A280A169D4F8543218EE100A2A
:10ED3000C91A0BF066FE80B2002800F09680169B80
:10ED400003B118800120A0E0D4F8500237443F1AE4
:10ED500090E7D4F85422A369D4F84802D4F84012BA
:10ED60009B1A5F43B4F81E329844C3439844D4F8C6
:10ED70005032303301FB0033A18D94F8690002FB5F
:10ED8000083301EB43010AF0C3FCCAF8040086E72C
:10ED9000940C0020A369D4F854021B1A5F4394F822
:10EDA0009630252B03D094F89730252B0AD1B4F850
:10EDB000AC32A9EB03031B0404D494F8AF32002B4C
:10EDC00018BF9B46049B03B3B4F81E32EBB9D4F8CA
:10EDD0009C3213B940F244510DE794F8690005F0F4
:10EDE00081FBD4F89C320646203B94F869000493DA
:10EDF00005F070FB049B1F44381A06F52343A1332A
:10EE00004FF47A77B3FBF7F7C71BB4F81E12D4F8A8
:10EE10005432414459433031490058460AF078FC95
:10EE20001C4B58603BE740F25951E4E6EBB1B4F8B3
:10EE3000341221B3B4F8362294F83832A4F83622CA
:10EE400002FB0333994202F101000EDD94F87232A5
:10EE50005BB1002384F87232A4F8360201F028FF77
:10EE600000F00700013084F8380218EE101A94F808
:10EE7000940207F0E1FE20B940F2A351BBE60A4636
:10EE8000DAE7059B84F8603200200BB0BDEC028B02
:10EE9000BDE8F08F940C00202DE9FF41044618B91D
:10EEA0009C213020FEF740FA082900F22381DFE898
:10EEB00011F0090071007B007B00760021010D013B
:10EEC00015011F010023C0F89C3290F86032B0F8A1
:10EED0009020002B56D0B0F85E3293424CD1B0F85F
:10EEE0000C22A0F89020D31AA0F80E32D4E99E2369
:10EEF0002046C4E9A02304F013F994F81332002B40
:10EF000000F0A780A569D4F85432DFF8F0819D4263
:10EF100088BFED1A98F8083098BF00251BB9236BFD
:10EF20009D4228BF1D4604F13000D4F818720CF041
:10EF3000C7F80744022008F055FCEE1B26EAE676E7
:10EF4000864228BF06460221304608F09BFC00B9E5
:10EF5000374440F27D22394620460CF0FCF8D4F8C4
:10EF60001832C8F80C00A069184408F0DFFB00282C
:10EF70006FD140F2AA3194E79A1AA0F80E22A4F8B1
:10EF80009030B3E7B0F85C329A1AA0F80E22B0F8CD
:10EF90005C32F4E704B0BDE8F0410CF0E8BE04B028
:10EFA000BDE8F04105F064B90DF0D0F9D4E9A02333
:10EFB000801A61EB0301012871F1000302DA4FF4BA
:10EFC000C4616EE76FF0010383424FF000038B4191
:10EFD00002DA40F2216164E7A3690BB1B0FBF3F3FD
:10EFE00094F89710B4F85E220D2935D10132A4F8B7
:10EFF0005E22B4F89232B4F890500133A4F8923201
:10F00000B4F8CA301D44B4F8C830013DED1AADB2B1
:10F010000DF10E06B4F85E126B1A1B0436D594F887
:10F020009A303549002B0CBF3E23082384F8B930B1
:10F0300004F1B0000BF0C7FF20460CF09AFE00234D
:10F0400084F84C3294F8940207F0ACFC202384F846
:10F05000943204B0BDE8F081B4F890100B449BB238
:10F06000D11A090454BF531C01339BB2A4F85E3279
:10F0700094F86132002BBCD1B4F80C32B4F85E22A3
:10F08000934204BF0133A4F85E32B2E70023009636
:10F090001A462046FFF786FC0028DAD0012812D154
:10F0A000B4F85E22B4F80812BDF80E301344521AB8
:10F0B00012049BB204D5EA1A12F4004F18BF0B4693
:10F0C000A4F85E32A6E74FF4CC61EAE6012005F031
:10F0D00067FD04B0BDE8F0410AF0F5BA90F84C3293
:10F0E000042B01D0C021DCE6002380F84C32B0E7CD
:10F0F000C621D6E6CA21D4E68BB20100940C0020CA
:10F1000090F8E8302DE9F04104460D46164603F02C
:10F11000FF0813B10C20BDE8F0810146474807F015
:10F1200015FC20280746F5D05022414604F1C800BE
:10F1300009F0C6FA012384F8C870C4F8CC5084F8EA
:10F14000E83035B101F0CCFD00F00700013085F862
:10F15000380220460AF0B9FA00270223A4F8FA3050
:10F16000A4F8F80084F8F07005F080FDB4F8F850C9
:10F170009D35284485B220460CF076FC014668B3E4
:10F180000BF07AFA00F5CD6081B2304605F03EFD15
:10F190003044C4F8F4000DF0D9F8281841F100010A
:10F1A000C4E94001012084F8D000E7840CF029FD77
:10F1B000DB3E361AC4F8D4604FF0FF326FF00043E4
:10F1C000C4E9422394F8C80004F1F00107F034FDCB
:10F1D00030BB40F2EF113020FEF7A6F820460CF0CD
:10F1E00068FB174FDB30C4F8F400388A40B1E08C7C
:10F1F00030B101F075FD3B8AB0FBF3F202FB130066
:10F2000005440DF0A3F82D1841F10001C4E9405167
:10F21000002ED1D0751941F10001C4E94251D1E766
:10F22000D4E9402300252046C4E93823A4F8EA5055
:10F2300029460CF045FC28466DE700BFFB9701000E
:10F24000940C0020F0B5002385B0CDE900330123F4
:10F250008DF806306846FEF7C3FC70B11B4E0123E3
:10F26000B3740027CDE9027702A8FEF7B9FC054682
:10F27000A8B10020B07405B0F0BD00980AF072FB90
:10F28000E8E790F8940208F027FC94F8940284F8D8
:10F290004C5207F087FB202384F89432E2E7029B6C
:10F2A000002BE1D093F89422202ADDD018884FF665
:10F2B000FF739842DDD02946FEF758FC044600282B
:10F2C000DFD140F229113020FEF72EF8940C0020F7
:10F2D000054B002201211A7219709A7442F21072C1
:10F2E0001A82FFF7AFBF00BF940C0020014B1872C9
:10F2F000704700BF940C002008B504F0FFFB044BDE
:10F30000DA6882422ABF987C002080F0010008BDA4
:10F31000940C00202DE9F74F0446052900F2908057
:10F32000DFE801F003806D7D8489D0F89C32002BEA
:10F3300053D090F86232002B4FD090F84C32032B10
:10F340004BD190F869B00BF097F9074694F800029A
:10F35000FFF71AFB814607445846D4F89C5205F043
:10F36000B9F8A5EB0008584605F0BCF800F2E73301
:10F370005846D4F818624FF47A7AB3FBFAF3A8EB44
:10F38000030805F0A7F8361A584605F0ABF800F563
:10F390002340A130B0FBFAF0321A5108A2F1600309
:10F3A000BFB209F5C86929317B431FFA89F9B3FB5C
:10F3B000F9F360335A08A1EB5303984502D3114483
:10F3C000884501D905F0B8FEA069394605F01EFC54
:10F3D0000023C4F8540284F862321B4B9B7C03F078
:10F3E000FF0263B9B4F80C12009201232046FFF724
:10F3F000D9FA38B140F2DA613020FDF795FF0423E5
:10F4000084F84C3204F040FD07F0F8F8B4F890208E
:10F41000A4F85E220023A4F8923284F8613203B08B
:10F42000BDE8F08F032380F84C32F8E704F060FB6E
:10F43000C4F89C02F3E703B0BDE8F04F0AF07BB9D3
:10F4400040F26E71D8E700BF940C00202DE9F8431C
:10F4500006460C4615468ABB04F050FB0121D4E950
:10F460004089074684F8E850D4F8CC0084F8D0509E
:10F4700084F8E91001F0D4F8D4F8CC00C0E9A089F0
:10F4800094F8C82080F89422C0E9A289C0F8987244
:10F490000AF065F920B140F21D713020FDF744FFFC
:10F4A00004F0F2FC07F0AAF8074994F8C8003246C5
:10F4B00005F04AFB28B940F28171EEE74FF4F361A1
:10F4C000EBE7BDE8F88300BF99EE0000014B18821E
:10F4D000704700BF940C0020F0B5070CA7F5AA42B6
:10F4E000144B543A012A03EA90231FD927F4004011
:10F4F00042F6AA22801A18BF0120002216211646C1
:10F500001F2487EA060562EA0505013510D0DD03F0
:10F51000ADB245EA5606E503ADB2013945EA5202FD
:10F520004FEA53034FEA5404EBD1F0BD0020E4E767
:10F530000020FAE7E0FF3F0010B501210020FEF7B0
:10F5400015FB044670B90121FEF7D2FA044620B932
:10F5500040F21B313920FDF7E7FE034B93F9001011
:10F560000CF06FF9204610BDA80C0020304BF0B510
:10F570005A88B0F85C70B0F85A609D88974228BFEE
:10F580001746964228BF16461B2E85B00C462ED035
:10F59000B5F5A47F2DD040F648039D4201A928BFB0
:10F5A0001D460AF058FBBDF80A309F4228BF1F468F
:10F5B000BDF80C30E780AB4228BF2B462381BDF855
:10F5C00006309E4228BF1E46BDF8083066809D4228
:10F5D00028BF1D46A580FF232370E3881B3B9BB2F9
:10F5E000E02B08D94FF4B7613920FDF79DFE1B2FA2
:10F5F000CED105B0F0BD63881B3B9BB2E02B02D996
:10F6000040F2BA51F0E72389A3F5A4739BB2B3F596
:10F61000E06F02D940F2BC51E6E7A388A3F5A473DA
:10F620009BB2B3F5E06FE4D940F2BE51DCE700BF16
:10F63000A80C002008B50BF048F900F0FBFE00F024
:10F64000F3FB0BF0B2FC01F0A3F801F041FF01F075
:10F65000B7F8084B1B224FF4A4715A809980064BCF
:10F6600006499A8000221960DA825A821A835A74F3
:10F6700008BD00BFA80C0020D410002003021B000E
:10F68000044B41F64C52C3E902221B221A74FFF7C5
:10F69000D1BF00BFD41000202DE9FF41364DAB682B
:10F6A000044640F8303F0AF093F9064600F0ACFB00
:10F6B0006687324E2B7C84F8383010F0200F336888
:10F6C0001DBFAA886988A4F85A101B2208BFA4F895
:10F6D0005A20A4F85C205BB1012302A88DF8083001
:10F6E00003940CF05AFB336894F96C102088984707
:10F6F000AE7CEF7CB5F8148041F64C53A36116B98B
:10F7000000F088FB064657BB00F084FB074646B373
:10F7100038B302A920468DF808608DF80970ADF85D
:10F720000A800BF0C5F96B7801932B7800936A88F7
:10F73000AB8804F1140104F11000FEF789FA236983
:10F7400013B940F28F5114E0636913B94FF4B261F9
:10F750000FE0002004B0BDE8F0810920FAE7002E98
:10F76000D7D120880021FEF717FA0028F5D040F203
:10F770007E513920FDF7D8FDD41000205000002024
:10F78000F7B505460E460CF08FF8002873D02846D2
:10F790000CF06AF940B1B6F80130013B7F2B03D978
:10F7A0001224204603B0F0BD28460CF061F908B9D8
:10F7B0000C24F6E728460AF0CBF90028F8D12846B1
:10F7C0000CF030F804460028F2D1284602F03EFB47
:10F7D0000028E5D0B6F80170F17842F210722846A0
:10F7E00057430CF02EF928460CF036F9014658B96B
:10F7F0003A462846FFF784FC04460028D1D041F65B
:10F8000016013920FDF790FD21460DF10600FEF7A7
:10F8100037F9064668B3214600F002FFBDF806300E
:10F820003380284631460CF039F928460CF026F989
:10F8300098B928460CF024F901463046FFF72CFF12
:10F8400004460028ADD13A4631462846FFF758FC19
:10F85000044620B141F63901D3E70121EDE7074B1A
:10F860009B68002B9DD0024606F59971304698475B
:10F8700097E70D2495E7422493E700BFA80C0020EA
:10F8800008B500F04FFF0AF095F9014B187008BD5C
:10F89000A80C0020034B5A8802801B78837000203C
:10F8A000704700BFD410002037B583781A2B054667
:10F8B00009D8042B05D9012202FA03F3134A134293
:10F8C00005D112241AE0292B01D03B2BF9D128882D
:10F8D000B0F5706FF5D269460BF046F888B9019B18
:10F8E00093F8302102F0FF046AB9AA7883F8312135
:10F8F000FF2283F8302168460BF032FB204603B02C
:10F9000030BD0224FAE70C24F8E700BF20003804D9
:10F910000188A1F11B039BB2E02B0CD84288A2F511
:10F92000A4739BB244F24810834204D8034B0020D6
:10F9300059809A8070471220704700BFA80C0020A1
:10F94000034B5A889B88028043800020704700BF89
:10F95000A80C002038B504784278857804F00103BB
:10F9600052EA030104F0020401D1112038BDBCB9F0
:10F97000002DFAD0002B08BF144601E000242546D4
:10F9800020460AF021F90028EFD028460AF01CF999
:10F990000028EAD0054B00209C74DD749882E5E7CE
:10F9A000002BEBD114461D46EAE700BFD41000201F
:10F9B00013B5008869460AF0D7FF18B10224204623
:10F9C00002B010BD019A92F84C32DBB292F8B82026
:10F9D000002AF3D113F0FB0FF0D0019890F84231D8
:10F9E0000BB13A24EBE790F8E23003F0FF04002B70
:10F9F000F7D190F8D9309B0706D1012380F8423126
:10FA000068460BF0ADFADAE702490222DA300BF071
:10FA1000E0FAD4E7E5B60100F0B50778EF2F85B03E
:10FA200004460D4603D91225284605B0F0BDB0F8AE
:10FA30000130ADF80C309DF80C30DA063FD49E064C
:10FA400003F0030238D5002AEDD11807EBD4637810
:10FA5000190711D42179E278E07942EA012261792B
:10FA600042EA0142A17941EA0021207A41EA0041BB
:10FA70008A42D8D81F2AD6D9627A013A062AD2D821
:10FA8000A27A032ACFD813F0040102D1023A012A44
:10FA900003D8E27A012AC6D811B9A27C032AC2D8B7
:10FAA00013F01001227D19D0012ABCD1227E012A37
:10FAB000B9D8B1B91125B7E7032AC6D1B3E713F016
:10FAC000600FB0D103F00F0203F00703052BBED087
:10FAD000931E012BBBD9002AA5D1B8E7022AE5D194
:10FAE000A1E7DA071FD46378227D03F01801082903
:10FAF0001ED1022ADED11B0709D4E279A37943EA99
:10FB00000223227A43EA0243B3F5804FD2D8BFB230
:10FB100001213846FEF72AF8064678B10AF018F8AF
:10FB2000B8B10C2580E700F031F90028DBD1C1E73E
:10FB3000022AE0D0A27E002ADDD0BBE701213846B0
:10FB4000FDF7D6FF064650B3164B93F900100BF0A5
:10FB500078FE30460BF07DFF21462870E074304679
:10FB60000BF0C3FE637E0546002B3FF45DAF00281B
:10FB70007FF45AAF316B02466846FEF731F9306BBD
:10FB80002A46012109F0E3FC316B68460422FEF7A6
:10FB900027F9306B2A46294609F0D9FC44E70725A6
:10FBA00042E700BFA80C002070B50579042D8AB08B
:10FBB000034658D84488B4F5804F54D82B48465D46
:10FBC000284400214279857AC07BADF8041042F0C8
:10FBD000100242EA460242EA850242EAC00202F00C
:10FBE0001F028DF80420BDF80420ADF80D201A88FE
:10FBF0008DF80F208DF81240120A240A8DF811108A
:10FC00008DF814108DF810208DF813405A7B8DF864
:10FC100015205A798DF816209A79D3F807008DF8B7
:10FC20001720B3F80B209B7B8DF81E307F238DF8B7
:10FC30001F3001238DF80C1006908DF82110ADF8BF
:10FC40001C208DF820308DF8223003A88DF8231069
:10FC50008DF824108DF825108DF8261001A9FFF7D6
:10FC6000DBFE0AB070BD1220FBE700BFC0E103005D
:10FC70000278034672B1427862B142881A2A09D9E1
:10FC800082881A2A06D9044A006810609B889380EB
:10FC90000020704712207047D4100020024B0268E9
:10FCA0009A600020704700BFD41000200378A3F1B1
:10FCB0000A02112A9DBF024A0020137412207047C5
:10FCC000D410002008B5052000F090F803F074FB74
:10FCD000014B024A9A6008BDA80C00206DF5000097
:10FCE00008B502F09BF8FFF7F3FABDE808400148B9
:10FCF00002F07EB8B40C002010B50B4C012384F840
:10FD0000023102F093F80CF030F80AF0DCFD04F256
:10FD100003112046FEF740FA002009F0BEFBBDE8C3
:10FD2000104000F085BE00BFB40C002010B5064C9A
:10FD3000064904F502700AF060FC04F503700449FA
:10FD4000BDE810400AF059BCB40C0020540000205B
:10FD50005C00002010B5094C094904F502700AF056
:10FD60004CFC04F5037007490AF047FC04F50470E5
:10FD70000549BDE810400AF040BC00BFB40C0020AB
:10FD80006C0000207400002064000020014B93F8F8
:10FD900002017047B40C002010B5074C00F040FE83
:10FDA000D4F808020AF021FCFFF76AFC00F0B0FF6B
:10FDB000012384F8143210BDB40C0020014B93F8D9
:10FDC00014027047B40C002010B5074CD4F80C0294
:10FDD0000AF00BFCD4F810020AF007FCFFF72AFC2B
:10FDE000002384F8143210BDB40C0020C208054969
:10FDF000012300F0070003FA00F08B5C18438854DD
:10FE0000704700BF10000020014BD3E9000170478C
:10FE100010000020034B1868C0F30020400040F0A1
:10FE2000010070471000002008B504F019FF084ACF
:10FE3000002332F82310814205D302EB83039B7821
:10FE4000044A137008BD01330C2BF2D10023F7E7ED
:10FE5000D4E10300C90E002010B544682388A4F83B
:10FE6000903194F8683084F88F11012B06D0022B62
:10FE700004D040F281210620FDF756FA84F8923131
:10FE800094F86930012B01D0022BF2D184F8933120
:10FE90000449022204F5C3700BF09BF8002384F898
:10FEA0003C3110BD7DA60100406808490388A0F8D8
:10FEB000823190F8603080F8843190F8613080F8B9
:10FEC000853100F279100BF07EB800BF93A60100D7
:10FED0002DE9F743456895F8973095F89680232BE0
:10FEE00004460F462DD1973538460BF018F80028F8
:10FEF0004DD038460BF00DF8814638460BF00BF824
:10FF000001460AF01BFC6668034648B396F8682071
:10FF1000904225D096F83C0101280CBF96F83E018E
:10FF200096F86400014232D0B8F1210F18D096F84B
:10FF30006100014214D152B940F26D110620FDF763
:10FF4000F3F9B8F1210F40F0B3809635CCE7042ADD
:10FF500001D0042B31D1934294BF00230123B3B9C4
:10FF600048460AF0EBFB002849D096F869308342F6
:10FF700045D096F83C31012B0CBF96F83F3196F8EE
:10FF8000653019EA030F14BF01230023BBBB63686C
:10FF900093F83C21012A19D11E212046FFF75CFF6E
:10FFA000B8F1210F1FD1FA786368182A83F821214C
:10FFB00010D040F26D217E20C1E7082ACBD0082B5B
:10FFC000C9D093422CBF00230123C8E7002283F845
:10FFD0003C21E5E7092283F8962093F8D23093BBC1
:10FFE00040F27521E7E7002320462B700BF0FDF867
:10FFF0003946204603B0BDE8F0430BF01AB930464D
:020000040001F9
:1000000001AA39460AF0A7FBD4F804800646F8B9DD
:1000100098F83C31012B18D101462046FFF71CFF10
:100020002E70636803F19702954202D1002283F893
:100030009720636803F1970295424FF0000534D191
:1000400020460BF0D2F8002033E088F83C01E8E7C6
:1000500038460AF062FFA8F8AC026068B0F8AC322B
:10006000B0F89020013B9B1A9BB247F6FD72934279
:1000700007D9282380F8B9300F49B0300AF0A3FF20
:10008000D7E790F897300D2B02D00A3B012B01D80F
:100090002A23EFE79DF8043080F8AE329DF8053052
:1000A00080F8AF3225232B70C3E783F8D250CAE71C
:1000B000022003B0BDE8F0838BB20100044B0022A4
:1000C00083F822204FF6FF729A84DA841A857047EB
:1000D000CA0E0020054B9A8C824201BF002283F891
:1000E00022204FF6FF729A84704700BFCA0E00208C
:1000F000014BD884704700BFCA0E0020084B998C72
:100100004FF6FF72914206D193F82220012A04D0C3
:10011000036001207047002303600020704700BF88
:10012000CA0E0020064B93F82220012A1FBF01208F
:10013000DA8C83F822009A8408BF0020704700BF41
:10014000CA0E0020014B1885704700BFCA0E002060
:10015000064A918C138D994205D192F8223013B141
:100160000260012070470020704700BFCA0E0020C7
:10017000094B998C1A8D914201D0002070474FF69F
:10018000FF729A8493F82220002AF6D0002283F886
:1001900022200120704700BFCA0E0020054B998C19
:1001A0001A8D914203BF93F82200B0FA80F0400903
:1001B00001207047CA0E002050B90A4A1346012098
:1001C00003F8010B0868C2F801008A889A8070471A
:1001D000012805D1034B0A689A608A88D8719A81F0
:1001E000704700BFF40E002048B90A4B187880B160
:1001F000D3F80120B3F805300A608B8070470128DE
:1002000006D1044BD87920B19A680A609B89F4E73B
:1002100000207047F40E002020B9054B187800F03C
:100220000100704701280ABF014B0020D879F6E78A
:10023000F40E0020F7B500228B888DF80600ADF88B
:10024000043008680C4B8DF80720019D1C7801468E
:1002500003F5AC73D0B2844201D8082009E0D3E999
:100260000076AE4208BF8F4203F1080302F101029B
:10027000F0D103B0F0BD00BF080F002030B5094B2E
:1002800001465C78002203F58173D0B2844201D824
:10029000082005E013F8015B8D4202F10102F4D160
:1002A00030BD00BF080F0020F0B5254D95F89841EE
:1002B00089B0224605F29911684608F08BF921466B
:1002C00068460AF021FB0446B8B300EB4001C9B20E
:1002D00002A8FDF7C7F9601E95F8A161C0B201241C
:1002E00095F8982105E0731CB3FBF2F102FB113382
:1002F000DEB206F120030DEB030111F8203C002BC8
:10030000F1D100EB400220326A4406EB46032B4455
:1003100012F8187C83F8A27112F8177C12F8162CC8
:1003200083F8A37183F8A42101F8204C0138AB199C
:10033000C0B2FF2883F89941D2D109B0F0BD00BF07
:10034000080F002070B5064688B00C46002A4FD032
:100350002A4A92F8A131D01890F8991121B94FF496
:1003600080712820FCF7E0FF03EB430111440133C7
:1003700091F8A251E57091F8A35191F8A41161711F
:100380000021257180F8991192F89811B3FBF1F0D2
:1003900001FB103382F8A13192F8C23123B9184918
:1003A00002F5DD700AF012FE657905F03F0545F0B3
:1003B000400565710D220021684608F081F9E37857
:1003C0008DF80F3023798DF80E3004AA0423694686
:1003D00030468DF80D5007F069FE9DF81F302370F0
:1003E0009DF81E3063709DF81D30A37008B070BD7D
:1003F00003216018FDF736F9D6E700BF080F00208B
:10040000A9020100044B5A78824286BF1B1893F858
:100410004A010020704700BF080F0020044B5A78A3
:10042000824286BF1B1893F842010020704700BF2C
:10043000080F0020064B00224FF461711A8083F8E8
:10044000C32183F8C421A3F8C61183F8C2217047E1
:10045000080F0020014B83F8C4017047080F0020EB
:10046000014BB3F8C6017047080F002030B50A4BA6
:100470005C7884420ED9184490F802012B3003EBCB
:10048000C004A5790D7053F830001060A3889380E4
:10049000012030BD0020FCE7080F0020024607487D
:1004A00010B590F8C34124B1417821B1023002F077
:1004B000A9FF204610BD0C46FBE700BF080F002037
:1004C0002DE9F74F2F4C00921A46637883428046FD
:1004D000894654D9231893F8425185F00105E9B1B2
:1004E00093F84A31D3B945F002070135C2B9F9078B
:1004F0000BD5062101FB084104EB081001F58571BD
:1005000082300092FFF71EFF009ABB0733D504EB41
:10051000081049460230FFF715FF2CE02F46E5E7AB
:1005200094F8A1614FF0010A002DE0D004EB060B16
:100530009BF8991199B9009B0192D3B100F0B8FBD7
:1005400006EB460121444FEA102C81F8A201019AE2
:1005500081F8A3C1000C81F8A4018BF899A194F84B
:1005600098110136B6FBF1F001FB1066F6B2013DC1
:10057000DAE747F00407384603B0BDE8F08F0027FC
:10058000F9E700BF080F0020074B5A78824209D9CB
:100590001A1892F842212AB9062202FB003000F50F
:1005A0008570704700207047080F0020064B5A786E
:1005B000824281BF1B1893F83A01B0FA80F04009DB
:1005C00098BF0020704700BF080F002030B50024FE
:1005D000A0F85040B0F8544042F210754C43B4FBC0
:1005E000F2F4A0F85440541E05FB0343B3FBF2F3AE
:1005F000A0F85230094BB3FBF2F30133A0F85830A6
:10060000B0F84C3005FB0344436CB4FBF2F459439F
:100610008464B1FBF2F2426430BD00BF005A620252
:1006200070B504460D4659BB4FF4367208F048F8D1
:10063000012384F89E30492384F8E930042384F8A8
:10064000EA306FF03B0384F8EB306F2384F8EC3032
:100650006FF03F0384F8ED302B2384F8E830FE235D
:1006600084F826317F2384F895301E4BC4F88030FF
:10067000202384F8EE5084F8EF5084F8943270BD53
:10068000012922D100238269A0F81E3280F813329A
:10069000154B1344B3FBF2F3C0F8C03040F6B83347
:1006A000A0F8C4301146438C7830FFF78FFF0BF071
:1006B00017FF30B1E069FEF70FFF10B984F8FF5162
:1006C000DDE7002384F8FF31D9E70229D7D1B0F85C
:1006D000BA32D0F8B4228169BDE870407830FFF7B3
:1006E00075BF00BF00E0FCFF7FC3C901034B80F86A
:1006F0006C101B680BB10088184770477C00002005
:10070000074B93F900301844142804DC10F17F0FD4
:1007100003DB40B27047142070476FF07E007047D3
:10072000D0100020084B1B785B4240FA83F014285D
:1007300004DC10F17F0F03DB40B2704714207047D8
:100740006FF07E00704700BFD010002007B57F23F8
:100750000DF107008DF8073003F04AFD9DF90730D1
:1007600068B10A4A5078404243FA80F0142808DC05
:1007700010F17F0F07DB40B203B05DF804FB1846B1
:10078000FAE71420F8E76FF07E00F5E7D0100020BC
:10079000024B00221A705A70704700BFD010002020
:1007A000054BFF221A70054A016811600179117129
:1007B00000221A70704700BFD210002018000020DD
:1007C00007B5064B186800901B798DF80430684611
:1007D000FFF7E6FF03B05DF804FB00BF893C0400AF
:1007E000437843B1C2783A2A07D80549885CC31ACE
:1007F000584258417047184670470120704700BF63
:1008000004E203003A2908B5C17003D8064B5B5CCB
:10081000437008BDFF2904D04FF489612A20FCF7FA
:1008200083FD0123F4E700BF04E203002DE9FF4745
:100830008A4602A9164699460AF096F80546002807
:100840003FD1039F36B9012487F89D40204604B06C
:10085000BDE8F087D7F810803146404608F021FC0B
:1008600004460028F2D0194B5B88B3422BD30146D3
:1008700001AA404608F06AFD019B1D809D7097F813
:100880009D300198002B0CBF514602210AF091FACD
:10089000019832464946033007F09CFE31464046F7
:1008A00008F034FC044618B97B212B20FCF73CFDF2
:1008B00002A80AF055FB039BA3F80A5287F89D5043
:1008C000C4E70124C2E72C46C0E700BFD4100020D3
:1008D000024B987DC04300F001007047D410002007
:1008E000034B987D80F00200C0F34000704700BFCA
:1008F000D410002010B5094C14220021204607F026
:10090000DFFE1222002104F1140007F0D9FE0123BA
:100910002373231DC4E9003310BD00BFF010002075
:100920007FB505460C4619B9F1211020FCF7FCFCF7
:1009300003888B8000234B724669304608F0F8FC30
:10094000014608B9FA21F0E701AA304608F0FEFC9A
:10095000E08008B9FF21E8E7FB2802D940F2011145
:10096000E3E701980AF02DFA012801D0022805D109
:100970002072206828B94FF48C71D6E740F211112B
:10098000D3E70199E288033107F024FE304608F0EE
:10099000E5FC10B940F21D11C7E70021304608F010
:1009A00019FC10B94FF49171BFE70B4BDA7D82B19E
:1009B0001A8B2888013A02A91A8309F0D5FF10B1D1
:1009C00040F22B11B1E7039AB2F8AE300133A2F82E
:1009D000AE3004B070BD00BFD410002010B520B9F7
:1009E00040F21B211020FCF79FFC41600272EFF3E4
:1009F000108472B6094B1A1D0260596819B1097A40
:100A0000012908BF1A601A681060186004B962B63C
:100A1000BDE8104093F8260007F074BCF0100020E9
:100A2000024B83F82600FFF765BF00BFF0100020DF
:100A3000014B024A1A607047800000202109010022
:100A4000F7B54F4D4F4F06466B681B7A0C2B07D1FD
:100A5000FB7D2BB13B8B1BB90022104603B0F0BDD0
:100A60002B699BB11B7A8BB12C69002CF4D0237AB3
:100A7000DBB205222272023B0A2B72D8DFE803F0B8
:100A800017324671714F7171717164006C68237A0D
:100A9000012BE1D0EFF3108372B66A6812686A60C6
:100AA00003B962B6237A002BDAD02C61DFE76368E2
:100AB00023B940F2A1111020FCF736FC3146204644
:100AC00098470422EFF3108372B6217A0529C8B241
:100AD00001D000284ED1002121722961002B45D17F
:100AE00062B643E0636813B94FF4D571E3E731466A
:100AF00020469847C0F30723012BADF80400C2B28B
:100B000032D0022BDED100232B612FE0636813B9B2
:100B10004FF4DA71CFE7204698470022D2E76368A6
:100B20000BB9C621C7E70B2232701988A6F803104B
:100B300001220024B27072711869B471214608F064
:100B400049FB2C61042288E7606810B940F2DF118C
:100B5000B1E70D4B31461B68984700232B610222F9
:100B60007BE74FF4F471A6E703232372002A3FF4D6
:100B70006BAF72E7002B7FF467AF62B664E700BF2C
:100B8000F0100020D4100020800000200448037FD3
:100B900023B90449022214300AF009BA704700BF91
:100BA000F0100020A1AF01001B234FF01B12838423
:100BB000038482618382C260038539B94FF4A473D0
:100BC000034AC3844384C261C3820261704700BF89
:100BD00048014801B0F854200B46B0F84810914243
:100BE000F0B528BF1146B0F84C40B0F85620B0F828
:100BF0004450C78FB0F84260C187A24228BF224646
:100C0000B0F84640A0F84220944238BF14468D42C6
:100C100038BF0D468F42A0F84450A0F846402ED170
:100C2000B61A18BF0126B0F84A50B0F85040B0F8D4
:100C300052E0B0F83CC0B0F84070A54228BF25464D
:100C4000B0F84E408587744528BF7446AC45A0F87F
:100C5000404002D1A74200D19EB10088A3F809000C
:100C6000A3F80B50A3F80D40A3F80F10A3F8112020
:100C7000BDE8F0400349022218460AF0AAB901264D
:100C8000D1E7F0BDE5AF01000B8BA2F80B304B8B29
:100C9000A2F80D308B8BA2F80F30CB8BA2F8090095
:100CA0000249A2F8113010460AF08DB925B00100B2
:100CB000094AD2E90003434083EAB01181EA4321A3
:100CC0004FEAF3435360054B116058434FEAF0601D
:100CD00000EB8000704700BF18110020BB79379EE1
:100CE000094AD2E90203434083EAB01181EA432171
:100CF0004FEAF343D360054B916058434FEAF060ED
:100D000000EB8000704700BF18110020BB79379EB0
:100D100038B50A4C04F1080508212846FCF7A2FC66
:100D2000D4E902231343F7D0FFF7DAFF2060FFF77F
:100D3000D7FF236860600343F6D038BD1811002048
:100D4000174B184A9A60184A5A60184A1A60184A8B
:100D50009A62184ADA62184ADA60184A9A61184A9E
:100D60001A63184A1A62184ADA64184A9A64184AC6
:100D70005A62184B184A9A60184A5A62184ADA623C
:100D8000184A1A61184A5A61184A9A61184A1A632D
:100D9000184A9A64184ADA64184A9A63704700BF7E
:100DA00084000020F1B20100E10F01004D100100AC
:100DB0008BB401005DB50100D7B4010073B501002B
:100DC00009130100A11101005FB6010087B60100FF
:100DD000F9110100700100201DB301001FB60100D0
:100DE00095B5010005110100B9B501003D110100E3
:100DF00003B70100BFB60100ADB60100F9B50100AF
:100E0000044B054A5A65054B054A1A65054A5A6559
:100E1000704700BF8400002089B3010070010020EA
:100E200063B3010001B40100054B064A9A65064A06
:100E30001A66064B064A9A65064ADA65704700BF8D
:100E400084000020EDA70100D1FE00007001002009
:100E500017A7010095A80100252A70B505460C4684
:100E600018D8012A19D9023A232A16D8DFE802F045
:100E70001A15252424331535152439444815154DE4
:100E8000242467676D741515151515151515151599
:100E900015808990FF2A00F0828040F2D6315120DF
:100EA000FCF742FA02784368012A02D193F828310C
:100EB00001E093F83131237170BD4168204601F59E
:100EC0000A7109F0E8FF6968204601F50C71BDE878
:100ED000704009F0E2BF4368E8E7BDE8704000F009
:100EE000F7B90D230B7159234B7100238B71FB2331
:100EF000CB7111230B72DFE7436893F82231DAE7F5
:100F0000BDE87040084600F0D1B90378466873B96F
:100F100096F828315BB196F8251120460AF00EF8B4
:100F200096F824112046BDE870400AF00BB896F8F8
:100F3000231120460AF002F896F82211F2E74168E0
:100F40002046BDE870400AF088B9436893F83E2116
:100F5000227193F83F3109E0436893F83C21012A5C
:100F6000F4D093F864200A7193F865306371A3E7B5
:100F7000104B1B68002B9FD002462320BDE8704019
:100F800018470C4B1B68002B96D002462420F5E72F
:100F9000084B1B68002B8FD002462520EEE74368E4
:100FA000204693F8A722D3F8A812BDE8704009F0B4
:100FB0000CBF00BF5C0200203A289ABF024B53F8D6
:100FC00020000020704700BF840000203A289ABF0C
:100FD000024B53F820000020704700BF7001002032
:100FE00070B5044640680D4690F897200123002113
:100FF000783009F0C6FC20B32846666809F02EFF59
:10100000A6F8AC026068B0F8AC32B0F89010013BC2
:101010005B1A9BB247F6FD718B4208D9282380F8F2
:10102000B9300949B03009F0CEFF002070BD00F2A0
:10103000AE21284609F00DFF63680A2283F8972045
:10104000F3E70120F2E700BF8BB2010070B505465F
:1010500040680C4690F8972001230021783009F071
:1010600090FC002849D00021204609F0C5FE28B98F
:1010700021462846BDE870400AF0DBB86868B4F83D
:101080000D30B0F89020A0F8AC32D24313449BB29C
:1010900047F6FD72934208D9282380F8B9301849E1
:1010A000B03009F090FF002070BD204609F09BFE93
:1010B0006E6840F2E2425043C6F8B4022379C3EBB3
:1010C000431103EB810303EB83035B00A6F8AE320D
:1010D000B4F805305343C6F8B032204609F086FE16
:1010E000A6F8B80220466E6809F083FE6B68A6F881
:1010F000BA020D2283F89720D5E70120D4E700BF7C
:101100008BB2010008B5406890F89730152B04D0D9
:101110004FF492711F20FCF707F9012380F8D730B4
:10112000162380F89730BDE808400349022200F5F5
:101130002F7009F03CBF00BF63B4010038B54368AD
:1011400093F897201C2A044604D040F271111F2006
:10115000FCF7EAF893F8D8101D88002283F8D7200E
:1011600003F5F97071B10C4983F8D82083F8FB219D
:10117000A3F8FC51022209F01AFF6368002283F8E9
:10118000972038BD012283F8FB1183F8FE21034923
:10119000A3F8FC510222EEE74FB4010037B401007E
:1011A000436830B5D3F8884014F001001FD14D6872
:1011B000104A8968A3F8D4002A40C3F8E820C2F393
:1011C000076242F0080221F41E5121F0100183F859
:1011D000EB2093F8D6200904090C013244F00104F5
:1011E000C3F8EC1083F8D620C3F8884030BD012046
:1011F000FCE700BF2F4904F770B54468037894F802
:1012000096200D4604F17800072109F0BAFB80B35F
:101210006968AA68194B22F41E520B40C4F8E830E2
:1012200022F01002C3F3076343F008031204120C08
:1012300084F8EB300023C4F8EC2084F8D23084F832
:10124000963094F89C2102F0FF06A2B92388A4F8F6
:101250009E3184F89D616B68C4F8A031AB68084981
:10126000C4F8A431022204F5CA7009F0A0FE304689
:1012700070BD0126FBE71E46F9E700BF2F4904F7C2
:10128000D7B50100406890F89C315BB90388A0F89D
:101290009E311A2380F89D310349022200F5CA705D
:1012A00009F085BE704700BFD7B5010010B50446F0
:1012B000FEF7AAFD21F41E51044B21F01001090490
:1012C0000340090C6360A16010BD00BF2F4904F703
:1012D00037B50C464568FEF797FD0A4B95F8E820B0
:1012E00021F41E5121F01001034009040093090C60
:1012F00013408DF8003001916B4603CB6060A16014
:1013000003B030BD2F4904F738B54468037894F82A
:1013100096200D4604F17800082109F032FB18B937
:10132000D4F88830980744D494F8D93099071DD45C
:10133000284609F0B5FD84F8E300B5F80530A4F8B7
:10134000E430B5F80730A4F8E63094F8D93043F02B
:10135000020284F8D920DA0702D494F842312BB182
:101360001549022204F1DA0009F033FE94F8D9306D
:10137000DB0713D4D4F8883013F0020203D05621CF
:101380004020FBF7D1FF43F00203C4F8883094F803
:10139000D630A4F8D420013384F8D63094F89630AF
:1013A000012B4FF0000003D184F8960084F8D2009E
:1013B00038BD0120FCE700BFE5B60100044B9B6887
:1013C0005843C3F580534B4303EB2030704700BFB5
:1013D0002811002070B54568044602F083FB85F8AB
:1013E0008700FFF7B3F97F28014685F895000ED0F6
:1013F000D5F88000FFF7E2FF054BC5F880001B7BA6
:101400002BB1044B20461B68BDE87040184770BDE7
:101410002811002064020020014B1B68184700BF00
:1014200060020020F0B5204D2B7800241470CBB35F
:10143000013B6F68DBB21D1B012D0BDC07EBC40504
:1014400057F834606D688D4208BF864212D114701F
:101450000120F0BD1D196E1007EBC60E57F836C0FF
:10146000DEF804608445C5F347058E412CBF2B464A
:101470002C46E0E7B04271EB050502D21470002063
:10148000E7E707EBC30457F8335064688C4208BFA2
:10149000854201D11370DBE7A842A14128BF013387
:1014A0001370ECE71846D4E73811002010F007025B
:1014B00008B503D063214820FBF736FF18B1034B72
:1014C000197258601A70C80008BD00BF381100209A
:1014D000014B00221A70704738110020014B187A16
:1014E000704700BF381100202DE9F7430AF03BF99F
:1014F0000DF1070206460D46FFF794FF98B9104913
:101500000A780B7A93420ED04C6813466FF060470E
:101510009DF80700984209D304EBC003C3E90065B6
:1015200001320A70012003B0BDE8F083D81904EB42
:10153000C000D0E90089013BC0E90289DBB2E7E7DE
:101540003811002037B50AF00EF90DF10702FFF748
:1015500069FF0446A0B10C4A9DF80700137855684E
:10156000013BDBB213701A1AD2B2411CD200834283
:1015700038BF002205EBC10105EBC00006F0E6FF15
:10158000204603B030BD00BF3811002038B5074DEC
:10159000044600F15101286809F081FB94F85010CD
:1015A0002868BDE8384009F088BB00BF441100201E
:1015B000F8B504460E466588407F15F0040508BF5F
:1015C0002946134618BF04F15F013246FEF778FF43
:1015D000C20705460BD5012384F85030607FFEF723
:1015E000D3FF0368C4F851308388A4F85530AB07A3
:1015F0000CD5094E0127306884F85E7004F15F0154
:1016000009F054FB3068394609F060FB85F00400AE
:10161000C0F38000F8BD00BF4411002038B5C38D71
:101620000E4D0133C385AB7C04462BB102F0D2FDD5
:1016300001F01AFF0023AB7400232B7194F8713072
:101640002BB101212046BDE8384008F037BA637C51
:1016500013B1E28D9A42F4D20021F3E74411002045
:1016600070B5294C2379012B07D02379022B04D0A4
:1016700040F6E2412D20FBF757FEA0B90125A37CDF
:101680001BB102F0A7FD01F0EFFE002D3AD0E0699A
:1016900008F08CF9002830D002F0ACFB236ABDE8DA
:1016A00070409B6818472168E26911F8095B02F1F4
:1016B0005103E80992F8502009F008F90028DDD01C
:1016C0002068002109F027FB0028D7D02379E069A2
:1016D000012B05D02379022B02D040F6BB41C9E78C
:1016E0002379226A03F180435269013B05F00F011F
:1016F00052F8233098470546C1E7E069BDE87040DD
:10170000FFF78CBF70BD00BF4411002010B5134C13
:10171000A37C1BB102F05EFD01F0A6FEE06908F0BB
:1017200045F970B12379E069012B0FD12379226A41
:1017300003F18043D268013BBDE8104052F82330EA
:101740001847E069BDE81040FFF768BF2379022B16
:10175000ECD040F6E7312D20FBF7E6FD44110020E8
:1017600018B1084BD869FFF759BF51B1054A137931
:10177000116AD069096903F18043033B51F82330B2
:1017800018477047441100202DE9F043032985B024
:10179000054690467ED090F8703003F0FF02002B93
:1017A0007DD1052904D16B88D8075FD5002A5DD18A
:1017B0000127DFF8F09099F81260B6B109F0BBF894
:1017C000082888F8000014D002AA0DF10701FEF7DE
:1017D0004DFE20B940F642712D20FBF7A5FD9DF886
:1017E000070002A909F0CBFF064698F80030082B45
:1017F00008D1D9F8001011F8030BC0F3801009F0DC
:10180000BEFF0646D9F8001095F8572011F8030BD3
:1018100005F15803C0F3801009F058F8D9F800100A
:10182000044611F8030BC0F3801009F07AF88146E2
:10183000FEF7BCFE40B1B9F1080F1CD04846FEF7D8
:10184000E1FD80F00100C0B298F80020082A16D00F
:101850009CB96B7F991A4B424B416A88520706D458
:1018600020B99EB9EB7C9BB1BB4211D00023184636
:1018700005B0BDE8F0830020E6E70123EDE714B1F1
:1018800080F00104E4B204F00103E6E73346EEE73A
:101890000123ECE743889B07E8D5022789E7052960
:1018A000E4D180E7441100202DE9F04F85B00823F2
:1018B0000DF10702052104468DF80730FFF764FF9C
:1018C000064620B90026304605B0BDE8F08F7D4DB4
:1018D0002968EA7C11F8030B05F11403C0F38010AA
:1018E00008F0F4FF07460028ECD12B68216A18465F
:1018F00091F89E2010F803CB02EA5C1202F001027C
:1019000081F89E20D3F80320C1F803208288A1F833
:1019100007201A46216A12F81F0BC0F38010887046
:1019200012798DF80C20D3F80F20D3F81F00CA616C
:101930005A7D0290187D120442EA0022D87C0243AC
:101940004A62B3F8192040F2E24808FB02F28A61C9
:101950009A7DC2EB421002EB800202EB820252003F
:101960008A85B3F8172008FB02F28A62B3F81B20BD
:101970000A84B3F81D204A8493F8243003F01F032F
:1019800081F8AA30D4F8209094F912B002A909F194
:101990009E0009F0DAF82B6893F824305B0989F887
:1019A000003240F20113A9F868304FF0FF0A89F8BD
:1019B0006AA0394609F13000FFF7F6F85946484663
:1019C000FEF794FE236A84F87B701A88A4F87C20C2
:1019D00084F899A04FF6FF72A4F89A209A69B2FB96
:1019E000F8F2A4F892201A8CA4F894205A8CA4F847
:1019F000962093F8002284F89820227F9DF8070013
:101A000004F186015AB394F85020012A27D194F8A2
:101A1000562002F0C002402A21D1D4F85120C4F847
:101A20008620B4F855208A809A7884F87F20082888
:101A300003F1030704F18002D3F8033004F18C01B1
:101A400036D0C4F88C30BB888B8004F17F01FEF760
:101A50000DFD40B94FF444612D20FBF765FC0022D9
:101A6000C4F88620DFE794F87F3043F0020384F85F
:101A70007F301549022204F1720009F098FA236AB6
:101A800012491A88A4F8B32093F89E3084F8B53030
:101A9000022204F1AA0009F08AFA0D4B206A1B68A1
:101AA00000222A71002B3FF40EAF214698470AE727
:101AB000C4F88030BB8893800023C4F88C308B80BE
:101AC000D7E700BF44110020C1B7010093B7010060
:101AD0006C020020032973B5044604D0052953D0B5
:101AE000012002B070BD08230DF107028DF8073008
:101AF000FFF74AFE0028F3D0237C284D0BB39DF856
:101B0000070094F8BE30E3B9237884F8BF30082882
:101B100004F1C10229D004F1C001FEF7A7FC20B9ED
:101B200040F6BF712D20FBF7FFFB94F8C03043F067
:101B3000020384F8C0301A49022204F1B60009F009
:101B400036FA2B68062204265A701E702046FFF7CC
:101B50001DFD94F84020E16B286809F0CDF8286855
:101B60002E7102F0C9FA0020BBE72868034613F87B
:101B7000031BC1F3801184F8C010D0F80310C4F81F
:101B8000C1109B889380D6E7064B1B6823B198470A
:101B900080F00100C0B2A4E71846A2E7441100207B
:101BA000A9B70100680200202DE9F04104460E4665
:101BB00019B300F12805284609F0FCFFA0B9638895
:101BC0001A072ED528460AF00CF80746284609F0D1
:101BD000F1FF381AC0B20AF014F8544A9368184456
:101BE0009060284609F0C2FF284609F0C4FF02F0C1
:101BF000BFF82179252001F0BFFF4C4D94F85E20FD
:101C000028680023037043706388103B0D2B57D85E
:101C1000DFE803F052564E0C563956565656565675
:101C200056392046BDE8F041FFF7F8BC0623437063
:101C3000202303702046FFF7A9FC638823F00803E4
:101C40009BB2152B05D094F83820616B286809F0F9
:101C500044F8286802F050FA03232B7136B16388E8
:101C6000102B32D12179002002F088F86388103BD4
:101C70000D2B56D8DFE803F058554F4F554F5555AB
:101C800055555555554F0C2343702123037042B1D0
:101C900004F15F0109F00AF80121286809F016F83B
:101CA000C8E704F1580109F001F894F85710F4E777
:101CB000062303704370BDE7022303700623F9E790
:101CC00040F255612D20FBF72FFB04F12808404618
:101CD000EF6809F086FF0646404609F06BFF013EBB
:101CE000301A61882822C0B200F03EFA63881B07D0
:101CF000074406D5AB681F4409F080FF3844C4F898
:101D0000D80022793946002002F06CF90028ADD1C4
:101D100040F65751D6E721790120BDE8F04102F0A5
:101D200073BA40F66B51CDE7BDE8F0814411002055
:101D300038B54388102B044604D1BDE83840012152
:101D4000FFF732BF0B4DAB7C23B101F073FB40209A
:101D500002F034FA286802F0CFF9608810F004002D
:101D600002D1217902F050FA002002F003FA012397
:101D70002B7138BD44110020024B0121D869FFF7B7
:101D800013BF00BF4411002007B50D4B1A799AB15B
:101D90001A79D869012A02D01A79022A07D19B7CC4
:101DA0002BB1019002F016FA01F05EFB019803B02E
:101DB0005DF804EBFFF732BC03B05DF804FB00BF35
:101DC0004411002010B50948037903F0FF0453B90A
:101DD00018222146043006F073FC02F0FBF901F0F2
:101DE00043FB204610BD0C24FBE700BF441100203C
:101DF00010B5094C002323712060FFF7E3FF20B1E9
:101E000040F225312D20FBF78FFA236A13B94FF4E6
:101E10004A71F7E710BD00BF44110020014B024A90
:101E20001A6270474411002010210100034B044A3C
:101E30001A60044B044A1A60704700BF6802002011
:101E4000A91801006C0200204DF400002DE9F041BA
:101E5000067DB31EDBB2012B04468CBF4FF0000899
:101E60004FF001087EB3B71E18BF0127012B36D8EB
:101E700000F1580190F8570008F053FD0828054676
:101E80002DD0FEF7CBFA58BB657784F81C8084F818
:101E90005070FEF7E5FA05460AF058FA174BA5FB15
:101EA0000335181845EB01050022C4E9120584F832
:101EB0005E2011462046FFF77BFB70B940F2C2411D
:101EC0002D20FBF731FA3746082504F15101002097
:101ED000FEF78AF90028D7D10020BDE8F081082557
:101EE000022EF2D0E37E002BF6D0D4F81530C4F8E1
:101EF0005130B4F81930A4F85530C5E740420F000E
:101F00002DE9F041634E337988B0044603F0FF05B4
:101F100013B90378FF2B04D140F6DE112D20FBF717
:101F200003FA5D4B04935D4B05935D4B0693336A57
:101F300075715B6880F8715004A807933582B560AD
:101F4000B57102F0D1F801F055FE02F043F901F04D
:101F50008BFA544801F0E6FE534802F0BFF804F152
:101F60002800019009F002FE019809F004FE01F03A
:101F7000FFFE2179252001F0FFFD94F9120001F008
:101F8000CBFE2846217901F0C5FF0546F06030B947
:101F90002046FFF743FB284608B0BDE8F081012149
:101FA00004F1680008F086FC04F13401206B07F0AE
:101FB000EBFA04F13C010746206B07F00AFB0546EB
:101FC0001FB194F82430002B3ED10DB194F8255068
:101FD000237F13B963885B070AD5D4E912126FF027
:101FE00000439A4208BFB1F1FF3F2FD1002D35D1F8
:101FF00030680330FEF752FA6588B07415F00105B9
:1020000046D00023276ACDE90233FF23F37407F19A
:102010000A0802A8FBF7E4FD0028BCD1029CA742F5
:10202000F7D07A7A607A434604F10A0108F04EFC50
:102030000028EED0A378F374D4F8030070611B4B32
:10204000B4F807209A80A6E70125C1E70AF07EF9D7
:10205000D4E91223904271EB0303C7D3012205EAAE
:1020600002012046FFF7A4FA68B1FEF7F9F9054628
:102070000AF06CF90E4AA5FB0232181842EB010275
:10208000C4E91202B4E7002DB2D040F61F2145E7A3
:10209000012580E7441100200D17010061160100A1
:1020A00061170100D6BE898E555555005811002084
:1020B00040420F00024BD8611B6A1B68184700BFE3
:1020C0004411002043881B0710B5044612D5036A4B
:1020D0000A493C2280F87B201B88A0F87C30FF2333
:1020E00080F899304FF6FF73A0F89A3002227230D0
:1020F00008F05DFF012384F8713010BDC1B7010005
:10210000D51A0100311D010021B801001BB80100E2
:1021100085BA0100891D0100791D01000C21010013
:1021200004210100002101000138022808B503D96B
:10213000CA212F20FBF7F8F813290A4B05D81129DB
:102140000CD8102907D0D821F3E71529FBD103EBD0
:102150004003D88801E033F8100008BD03EB4003CA
:102160009889FAE740E2030008B5431EDBB2012B71
:1021700005D91D291ED0EE212F20FBF7D5F81039E7
:102180000D291BD8DFE801F0071A11111A0C1A1AD1
:102190001A1A1A1A1A160B4A02EB4303588A08BD78
:1021A000084A02EB4303D88AF9E7064A02EB4303E5
:1021B000588BF4E740F25A335843F0E74FF48171FB
:1021C000DAE700BF40E2030008B5084B586890F812
:1021D0009C304BB990F8972001230621783008F005
:1021E000D0FB00F0010008BD0120FAE768110020D3
:1021F000F8B52D4B1A89402842EA00021A8105D110
:1022000058680421BDE8F840FDF784B800F00302E7
:10221000032A04D140F60E213120FBF785F810F097
:10222000020418BFD960C50705D5CA781961062A06
:102230000DD00B2A18D02CB1DA68D278052A1FD01D
:102240000B2A2AD0820644BF08221A75F8BD5A68A4
:1022500092F897101829EED1002600270121C2E933
:102260003E6782F89B10E6E75A6892F897101229A9
:1022700001BF002182F89B10012182F8D810DAE713
:102280005A6892F897101629DCD100240025C2E97B
:102290004045012182F89C10D4E75A6892F89710C3
:1022A0001129CFD10021F5E76811002013B50446AC
:1022B00001A8FDF723FF20B940F2ED713120FBF7B3
:1022C00033F822220021019806F0FAF9019803213F
:1022D00008F06FFD0198037823F010030370214686
:1022E000FEF790FA019906482246FEF7B5FDFDF784
:1022F00019FF10B940F2F771E0E702B010BD00BF5E
:102300006811002070B5274C636893F8AE6293F8AB
:10231000AF52002E3FD193F86810002D3DD193F8B5
:10232000692083F8681083F86920FF2283F86A2007
:102330001D4B1B680BB160689847636893F83C318C
:10234000012B02D056EA050303D016480021FDF701
:1023500083FD6068303008F0B3FE0546606800F227
:102360005311FEF737FC60680521FCF7D3FF606866
:10237000303008F0A5FE8542044610D202F020FC61
:102380000146601B322838BF322005F07BFAB0FAD4
:1023900080F0400970BD3146BFE72A46C1E7012001
:1023A000F8E700BF6811002074020020002908BF70
:1023B0001F21172810B503460BD80D280DD90E384C
:1023C00009280AD8DFE800F00B0909090B090B09F5
:1023D000110BA0F12303022B24D9002010BDBDE86E
:1023E00010400021184609F010BC124C606890F8AB
:1023F0009630212B09D12046FDF72EFD636800227F
:1024000083F8962083F8D220E7E72E2BE5D190F8C9
:10241000972001230B21783008F0B3FA0028EDD182
:102420002A21E8E7044B1B68002BD6D0BDE81040FA
:10243000184700BF6811002070020020114B097975
:102440000246586890F89630212B11D02E2B0FD0D1
:10245000282B0FD0042B0FD00F2B0FD01D2B0FD0FC
:1024600090F89730232B14BFFE201720FFF79EBF54
:102470001620FBE72320F9E70E20F7E71220F5E707
:102480001420F3E76811002008B50C4B5B6893F843
:102490002621FE2A04D040F2FC713120FAF744FFD5
:1024A00083F8260111B9A3F8D41008BD0022A3F8BF
:1024B000CE20012283F8D220F7E700BF6811002068
:1024C0000D4B1A7D9AB940B95B68B3F858109A8FD2
:1024D00091420FD81846FCF70FBF1A89120708D58A
:1024E0005B6893F89800073818BF012070470020F8
:1024F00070470120704700BF6811002070B5436825
:10250000D3F8883013F0300F86B004460D4655D10D
:10251000084608F0DFFC30B92946204606B0BDE881
:10252000704008F086BE2846666808F0CFFC05902B
:10253000284608F0C7FC0490284608F0C9FC039020
:10254000284608F0C1FC3036DDE9033200900599D9
:10255000304608F0C7FD1A4B1A89920710D5DA6881
:10256000D278142A0CD16268D2F8883043F0100374
:10257000C2F88830204608F02EFE002006B070BD5C
:10258000626892F896101D29EDD092F83321002A46
:10259000E9D1626892F83221002AE4D16168D1F869
:1025A000882042F02002C1F888205A68114602F5BE
:1025B000B37231F8300BFEF767FBDBE70120DDE794
:1025C00068110020F7B5834C0546002840F0B28022
:1025D00023891F0728D5636893F82621FE2A04D192
:1025E0004FF4A8613120FAF79FFEFE2283F82621DE
:1025F00093F897201A2A07D183F8D700204608F0CD
:10260000F4FD636883F89750606890F89630202B4B
:1026100033D0332B40D0636893F89820072A02BF49
:102620000222627583F826212389DE073DD423899F
:10263000580700F1B180990713D5E368DE780D2EB5
:1026400000F0B280112E00F0B180072E00F0B080B3
:102650003046FEF7BBFC0346002800F0AB805D4827
:1026600098472389DA0665D5636893F897200A2A84
:1026700060D10B2283F897205CE090F8972001232B
:102680000B21783008F07DF9636818B12E2283F8A9
:102690009620C0E72122FAE7012380F8A532002323
:1026A00080F8963080F8D230B5E76068276990F8F6
:1026B0009720FE7801230521783008F062F958B19F
:1026C000B31EDBB2092B00F28180012202FA03F370
:1026D00040F23332134279D03846FEF781F820B900
:1026E00039463C4808F0A5FD4BE0FE78012E01D9A3
:1026F000162E0FD1636893F8960008F08BFD48B151
:10270000636893F89620202A04D0212A0ED12E2225
:1027100083F89620112E39D02AD8072E38D00D2EC6
:1027200038D03046FEF748FC034625E0162E0CBF95
:1027300020250225237D1B0717D56068012390F80B
:1027400097200521783008F01CF9064600283FD173
:10275000019001A90320FBF783FE019B2BB11E72A0
:102760000C226168019808F022FC284603B0F0BDF5
:10277000142ED6D1184B1B68002BB1D021691548F7
:10278000984700283FF453AF0546D3E7134BF5E7CE
:10279000134BF3E7134BF1E7626892F89820062A8F
:1027A00004BF0122627546E70F4B58E70F4B56E70F
:1027B0000F4B54E7FF2E06D16268332182F8961042
:1027C00082F8A4024DE740F234510BE70825B1E747
:1027D0000825CAE7681100207C020020FDBC01002A
:1027E000552801003D240100AFBC0100CDBC010013
:1027F000F527010010B5164BDB681979436893F88B
:102800009620092A09D193F821218A4205D1002274
:1028100083F8962083F8D22010BDD3F8882012F0D8
:10282000080407D022F00802BDE81040C3F8882051
:1028300008F0DBBCFF2905D1332283F8962083F80A
:10284000A442E9E740F2CE413120FAF76DFD00BF26
:102850006811002010B50B794268172B92F896206A
:1028600004460CD80D2B0CD9A3F10E01092908D868
:10287000DFE801F009070707090709071009232BFB
:1028800026D0002010BD22460121BDE81040184688
:1028900009F0BBB9212A01D02E2AF2D1204608F036
:1028A00091FC636893F89720222AEAD093F8E920F4
:1028B00022F0010283F8E920626892F8E93023F0FF
:1028C000080382F8E9301A212046FDF7C5FAD8E757
:1028D000282AD6D1024B1B68002BD2D09847D0E7CC
:1028E000780200202DE9F041B04C22896368074648
:1028F000D00555BFB3F8C82000220132A3F8C82084
:102900004CBF83F81C22A3F8C8200E46FFF75CFCDE
:1029100050B12389606819055FD590F89C30002B71
:102920005BD00023C0F8BC30238903F4407333B17B
:10293000606890F89A30002B6CD0032B70D06168DF
:10294000238991F89A20012A04D15A0544BF022212
:1029500081F89A20002F40F0EB825D065DBFB1F850
:102960003422013292B23A46A1F8342203F00A022C
:102970000A2A0DD1E268D278022A09D123F008038D
:1029800030462381FFF71EFE08233043C6B2238161
:102990003046FFF717FE3043C6B2606890F8263124
:1029A000FE2B77D1002E75D1012390F8982019467F
:1029B000783007F0E6FF00286CD1636893F8303177
:1029C0009BB3636893F83121A3F8CC6083F8282186
:1029D00001210220FFF758FD5CE0D0F8BC30D0F8B0
:1029E000C02001339342C0F8BC3004D8E18AD51A24
:1029F00005318D4202D8012180F8C610934293D34D
:102A00000023C0F8BC306A49022200F5A57008F026
:102A1000E0FA89E7012180F89A10FCF77BFC8EE749
:102A2000022380F89A300121F7E76068012390F8CB
:102A300097200421783007F0A4FF0546A0B1636811
:102A400093F89720113A0B2A00F24481DFE812F044
:102A5000040142014201420107010A01420142010F
:102A600042014201420130016268D2F88830D80741
:102A700002D531460920ADE7990740F192803146F1
:102A80000C20FFF701FD626892F8D93043F0010392
:102A900082F8D9306568B5F8103295F814820133A0
:102AA000A5F81032B8F1000F00F01882FBF7CAFC4D
:102AB00010B10023A5F810326068012390F8972028
:102AC0000021783007F05DFF28B9636893F89730EC
:102AD0000B2B40F01B826068012390F896200021A8
:102AE000783007F04EFF002800F010826068012364
:102AF00090F898200021783007F043FF002800F07C
:102B00000582636893F89A20022A40F0FF8193F8C7
:102B10001C22002A40F0FA81186906F077FB002891
:102B200000F0F481606890F82631FE2B40F0EE81D1
:102B3000B0F80A32012B40F2E981B0F8CA20B0F8AF
:102B4000C810951E0123A94280F81232BCBF02F1C1
:102B5000FF335B1AB0F81052E18AB8BF9BB28D42C6
:102B60003BBF4A1C521B012292B2934228BF13461C
:102B7000012B02D1002280F812226068B0F8902068
:102B800090F89A1013449BB20129A0F80C3240F23D
:102B9000CD810239012940F2C18140F66101312025
:102BA00033E1580706D53146132013E7681100209A
:102BB00051B60100190706D592F8203182F8283164
:102BC0003146072006E713F0300F3FD092F833313B
:102BD000002B40F09682636893F83231F3B160685D
:102BE00090F89730252B00F5997100F2AE222BD08A
:102BF00090F89630A3F1250CDCF1000343EB0C03B5
:102C000008F062FA6268D2F8883023F0200343F0BB
:102C10001003C2F88830002382F832316068D0F89F
:102C20008830DB0640F16D8200F25311FDF7D2FFD0
:102C30006368B3F85220A3F82821B3F85620A3F80C
:102C40002A2100211520C5E60123D9E7590640F1C4
:102C5000588200212420BDE600210B20BAE6002185
:102C60000420B7E693F8A002012808D1002105202E
:102C7000FFF70AFC6368002283F8A0220AE7022813
:102C80007FF408AF93F8D85006221DB183F82821AD
:102C90000021EDE7A048032108F0B6FA636893F835
:102CA000E83013F0040F294614BF11200D20DFE790
:102CB000002106208EE693F83C21022A02D1002151
:102CC000172087E693F83C21012A03D193F83D3180
:102CD000002BF4D06068012390F896200021783012
:102CE00007F04FFE78B16068012390F89720042127
:102CF000783007F046FE30B9636893F8C63013B1F8
:102D00000121122066E6606890F89620092A05D114
:102D100090F8213180F82831012152E7002D7FF40D
:102D2000B9AE01232946783007F02BFE002800F0C9
:102D30009D80636893F843213AB101210E20FFF78B
:102D4000A3FB636883F84351A4E693F842218AB158
:102D500093F8D92092070DD101210C20FFF794FBA5
:102D6000636893F8D92083F8425142F0010283F856
:102D7000D9208FE693F8323153B3636893F8333137
:102D800033BB606890F89730252B00F5997100F2FD
:102D9000AE221BD090F89630A3F1250CDCF1000395
:102DA00043EB0C0308F090F96368002283F83221AA
:102DB00001211420FFF768FB6368B3F85220A3F8E1
:102DC0002821B3F85620A3F82A2163E60123E9E776
:102DD000626892F83C110129CBB25DD192F83D2195
:102DE000002A59D160680B2190F89720783007F0BD
:102DF000C8FD002850D1606890F86810012906D0FD
:102E0000022904D040F281210620FAF78DFA90F8C9
:102E10006920012A01D0022AF4D1022990F83E311A
:102E200018D0012B14BF00230123ABB990F89720D1
:102E300001230321783007F0A4FDB8B960680123AD
:102E400090F897200221783007F09BFD70B901219E
:102E50001620BFE5022BE5E7022A90F83F3119D092
:102E6000012BE3D12C480021FCF7F6FF6068012319
:102E700090F896200021783007F083FD00283FF479
:102E800009AE636893F8A432002B3FF403AE01212E
:102E9000FF209FE5022BE4E7636893F849317BB19B
:102EA000636893F83D315BB96068012390F897201F
:102EB0000B21783007F065FD10B90121232089E549
:102EC000636893F84631002BD0D001212520FFF70D
:102ED000DBFA6368002283F84621DBE5FBF7ACFAF6
:102EE00008B1A5F81082FBF7B5FA00283FF4E4AD6D
:102EF00095F81C320133DBB2022B85F81C3282BFFD
:102F00000023A5F8103285F81C32D5E5636800224D
:102F100083F81222012330E66811002090F89850BF
:102F2000B0F8C810072D5DD1022954D8A0F8083296
:102F30002289636855065BBFB3F81E22B3F80E12F0
:102F400000225218A3F81E2293F83031002B00F013
:102F500081806368B3F8CC20B3F80E120A44A3F85A
:102F6000CC20636893F8D20030B1B3F8CE20B3F828
:102F70000E120A44A3F8CE2093F9D6100029C1BF3F
:102F8000B3F8D420B3F80E525219A3F8D42093F812
:102F9000B92052B9002F40F0AE80627D022A65D17F
:102FA00093F82821062A18BF1622636893F8B830D0
:102FB00033B96068594980F8B920B03008F003F897
:102FC000606808F0D6FE63680022BDE8F04183F82F
:102FD0001322FDF7CDB8B0F8CA301A440132A0F878
:102FE0000822A5E7B0F8CA504B1CAB420FDA6D1AA5
:102FF000ADB2022D0BD0033DADB290F8C63043B94F
:10300000FFF7E2F8B0B96DB1013DADB20BE00025BC
:10301000F3E790F8962001230921783007F0B1FCFE
:103020000028EDD100256368B3F80C221544A3F8FD
:1030300008527DE76268D2E92F23911C8B4207D3A7
:103040009B1A022B04D0033B9D4288BF9DB2DAE756
:103050000023F9E76068012390F89820194678303A
:1030600007F08FFC00287FF474AF7AE7012A08D1BB
:1030700093F89920002A98D160680021FCF74AF95A
:10308000A1E756B1F00634D4310734D4B20634D4B3
:10309000B30734D140F68D1181E538B1B3F8CE00D5
:1030A000B3F8D020904201D322227EE7002905DD2B
:1030B000B3F8D410B3F8D0209142F5D2B3F8CC10C5
:1030C000B3F8CA2091420BD2636893F89A10B3F810
:1030D000C82051B1B3F8CA309342CDD8082264E772
:1030E00093F83031002BDFD1EEE7052AC4D93E2218
:1030F0005BE71E2259E73D2257E7232255E72A22A4
:1031000053E7636893F89720222A3FF4D4AD312A1D
:103110007FF4E0AD002111205CE400BF8BB2010020
:10312000F7B5734C012727700023606080F8137295
:103130000088238123756375FCF7DAFF63681888BC
:10314000FDF700F86368B3F80A22264612B393F835
:103150002621FE2A1ED193F83031DBB160683B4650
:1031600090F898203946783007F00BFC054688B96E
:10317000636893F83121A3F8CC0083F8282102205A
:103180003946FFF781F96368022083F81252FFF78E
:103190008DF804E0636893F82601FE28F7D1636890
:1031A00093F81522002A4FD000236268E382B2F818
:1031B0000E32B2F81012013B11FA83F1A2F810128C
:1031C000B2F8C8109FB211FA83F3A2F8C830FEF724
:1031D000FBFF28B16268D2F8BC303B44C2F8BC3077
:1031E0006068B0F80A32012B9CBF0133A0F80A32A4
:1031F00000250FB180F81C5290F8973080F81252D9
:10320000A3F10A02012A2AD8B0F89030B0F8AC2213
:103210009B1A19043DD400F2AE219E3007F095FCB4
:10322000636883F89750FF2283F8F0206168B1F853
:103230000E2201F1780007F0CEFC00283FD040F6C6
:1032400015113120FAF770F893F8B03123B962689C
:10325000D38D128C9A42A8D363681B8CA5E7252BCB
:1032600017D1B0F8AC22B0F890309B1A1A0410D4E1
:1032700080F89750FFF746F86368014630B983F845
:103280003C0103B0BDE8F040FFF72CBB83F83C5194
:10329000CCE790F8963003F0FD03252BC6D1B0F8AB
:1032A0009030B0F8AC229B1A1B04BFD4002380F8E6
:1032B0009630FFF727F801460028B7D1E1E70D4B1C
:1032C000009396E803000C4B0C4AFAF789FF6068FC
:1032D000012390F897200521783007F052FB20B1A8
:1032E00003B0BDE8F040FAF773BF03B0F0BD00BF14
:1032F00068110020E5280100C1240100F12101002E
:1033000038B50446084694F8A03213B10C25284677
:1033100038BD94F89730162BF8D194F8C43203F0E6
:10332000FF05002BF2D199B10A4B5968D1F8303220
:10333000C4F81C3101F58472052301F5087104F00D
:10334000B5FE012384F8A032204608F01FFDDEE719
:103350000223F7E768110020D0F8B4328269934263
:1033600010B5044604D1D0F8B812026A914216D0C2
:103370002288A4F8B22140F2E242B3FBF2F3A4F8AF
:10338000B431B4F8B832A4F8B631B4F8BA32094955
:10339000A4F8B831022204F5D47007F01AFE022115
:1033A0002046FDF73DF9002384F89730032384F885
:1033B0009A3010BD3BB3010008B5FDF721FD024B6B
:1033C000024A1A6008BD00BF7C020020FD240100F3
:1033D000064BD3F8000138B1D3F8040120B1D3F87B
:1033E0000801B0FA80F04009704700BF00F00040CB
:1033F000034B00221A705A7010229A70704700BF57
:103400008211002070B50646022014460D4600F0D9
:103410009BF9064B01221A70054B033CC3F810457B
:10342000C3F80865C3F8045570BD00BF82110020C1
:1034300000F0004008B5022000F086F9084B012298
:103440001A70084B0022C3F80021C3F80421C3F806
:10345000082103F580334FF40002C3F8042508BDAA
:103460008211002000F000400D4A08B513787BB1AE
:103470000C4B4FF40001C3F80815FFF7A9FF60B12A
:1034800001235370084BD3F800349370002313705A
:10349000BDE80840002000F057B950701023F4E751
:1034A0008211002000F0014000F000400A4B1A7821
:1034B0006AB10A4BD3F800215AB1D3F8040120B104
:1034C000D3F80801B0FA80F04009C0B270475878CC
:1034D00070470220704700BF8211002000F00040BA
:1034E00008B5074B1A783AB1FFF772FF30B1054BB8
:1034F000D3F80004C0B208BD9878FCE71020FAE7C2
:103500008211002000F00040024B00221A705A7015
:103510009A707047851100202DE9F04104461C4D3A
:1035200001201E468846174600F00EF904F00300FD
:103530002E7140EA0643174E43F08073C6F80435F7
:10354000C6F8088508F0A2FF30B9D6F8183523F080
:10355000FF033B43C6F818350F4B104AC3F8082544
:1035600014F0FB0F01BF0E4AC3F89825FC3AC3F8CC
:103570009C250122022C6A70EC7007D8054B2A703A
:103580000021C3F80011C3F800121A60BDE8F081F1
:103590008511002000F0004000F001400000020210
:1035A00000F10040214A537870B523B940F2172149
:1035B0003C20F9F7B9FE1E4BC3F80C15C3F81005F3
:1035C000D57801249470C5B912780AB9E621EFE7DD
:1035D000184AC3F804514FF40035C2F80455D3F823
:1035E000006116B15C60C2F808550B7803704B7827
:1035F000043343708B78837070BD042D4FF000014D
:1036000006D11470C3F80411C3F800421C60F3E73C
:10361000127812B94FF48971CAE7C3F80411054B47
:103620004FF00072C3F80425E6E700BF85110020C3
:1036300000F0004000F00140064B1A782AB1064A1B
:103640000649C2F8081500221A7000225A709A70B2
:10365000704700BF8511002000F001400000020209
:1036600008B50A4B1B7823B940F27D213C20F9F7BD
:103670005BFE074BD3F8042112B940F27E21F5E737
:10368000D3F80004003818BF012008BD85110020C0
:1036900000F00040164B1B7870B523B940F28E2124
:1036A0003C20F9F741FE134CD4F80431BBB9022396
:1036B000C4F80433104B114E1D691A6942F0100210
:1036C00005F010051A61D4F804314BB125B90A4A46
:1036D000136923F0100313610223C4F8083370BD8B
:1036E0004FF40043C6F8803108F018FFEBE700BF45
:1036F0008511002000F0004000ED00E000E100E056
:10370000014B01229A60704700F0004008B50B4B56
:103710004FF40042C3F88020BFF34F8FBFF36F8F89
:10372000074B0022C3F80025C3F80025FFF784FFEC
:10373000044B4FF40002C3F8082508BD00E100E087
:1037400000F0004000F0014038B5144C0023C4F8EC
:103750000035C4F800350546FFF76EFF104B4FF4F7
:103760000002012DC3F8082503D0022D08D085B929
:1037700038BD0223C4F800350A4BC4F81435F7E706
:103780000321C4F800150749C4F81415C3F804252B
:10379000EEE782213D20F9F7C7FD00BF00F00040B1
:1037A00000F001408A110020084B0022C3F80021DC
:1037B000C3F80C21C3F81021C3F80421C3F8142165
:1037C000C3F81821C3F80821704700BF001000405B
:1037D000024B00221A809A701A71704798120020CA
:1037E00038B5134B93F831500246084625B940F6D8
:1037F00051013E20F9F798FD5AB9012DDC6A93F882
:10380000301003D100F08AFE204438BD08F0EDFAF4
:10381000FAE7012A0AD1012DDC6A93F8301002D1AF
:1038200000F06EFEF0E708F0EBFAEDE70020ECE7C1
:103830009812002008B5094B012883F82000084B96
:1038400006D0022808D040F6B9513E20F9F76CFDA9
:103850000322C3F8102508BD0422FAE798120020BD
:103860000010004007B50B4A01AB92F9212000F08F
:1038700099FE9DF9040000F03BFE9DF8050000F064
:103880000BFF20B140F2CD513E20F9F74DFD03B0C2
:103890005DF804FB9812002008B503460F4863B991
:1038A0002831C1600E4900F0DFFE0130012814D933
:1038B00040F224713E20F9F737FD012B0AD129315E
:1038C000C160074900F0D6FE0130012805D940F259
:1038D0002E71EFE740F23271ECE708BD20000020C6
:1038E00060E2030008B5134B93F83D30D9071FD5AC
:1038F0009A0711D5104BD3F8002242F00102C3F809
:103900000022D3F8503503F0F603022B10D140F219
:10391000FC513E20F9F708FD5B0709D5074B084A23
:10392000C3F8AC2508F014FD10B140F20361F0E7D4
:1039300008BD00BF981200200010004000F00140B8
:1039400008100040084B1A783AB993F83D2042F02D
:10395000020283F83D20FFF7C5BF012AFBD193F88F
:103960003D2042F00402F4E79812002008B50C4B09
:103970009B78012B09D100F083FE013001280ED97C
:1039800040F6A2013E20F9F7CFFC022B07D100F050
:103990007DFE0130012802D940F6A801F2E708BDFA
:1039A00098120020054B034400F07F001A7E044B60
:1039B000C3F80825C3F85405704700BF60E2030050
:1039C0000010004038B50D460446FFF733FF284687
:1039D000FFF7E8FF29462046FFF744FF08F080FD87
:1039E00090B10A494FF08053D1F88825D3F820339D
:1039F000022C0CBFC3F30663C3F3062322F4FE427A
:103A000042EA0323C1F8883538BD00BF00100040EA
:103A100010B50C46FFF70EFF2046FFF7C3FF0E4B15
:103A20005A78012A03D1D8782146FFF71BFF0B4CA7
:103A3000D4F8003243F48873C4F8003208F050FD23
:103A400040B908F05CFD28B9D4F8683543F4C023C8
:103A5000C4F8683510BD00BF981200200010004067
:103A600010B550220021194804F02AFEFFF7B0FEDD
:103A700008F0F1FC60B124221548FF2104F020FE7B
:103A80004FF080430022C3F8082EC3F8102E10BD5B
:103A900008F0EAFC0028EED108F0EFFC0028EAD19B
:103AA00008F009FD08B14022E6E708F0FBFC0446F7
:103AB0000028F8D106483822FF2104F001FE4FF01B
:103AC0008043C3F8084EC3F8104EE0E79812002078
:103AD000000E0040024B1844007E00F5166070474F
:103AE00060E20300014B93F8300070479812002009
:103AF000014B986A704700BF98120020014BD86AAA
:103B0000704700BF98120020084A094B92F8301005
:103B1000906A03EB81031A6CDB6C801A03F2DB53AF
:103B20004FF47A72B3FBF2F3C01A70479812002078
:103B300060E2030008B50E4890F83010012906D065
:103B4000022912D040F2AA213E20F9F7EDFB40F6FF
:103B5000B833084A806A02EB8102126C801A4FF473
:103B60007A72B3FBF2F3184408BD4FF4FA63F0E73E
:103B70009812002060E2030008B5134B012983F876
:103B80003C0006D002291BD040F20B313E20F9F751
:103B9000CBFB00230D4A43F4801340F0007043F444
:103BA000847340F44030C2F81435C2F81805D2F8D6
:103BB000503503F0F703032B05D140F22331E5E73D
:103BC0004FF08073E6E708BD981200200010004017
:103BD00008B508F085FC50B1054AD2F8743723F0D7
:103BE000807323F0010343F08073C2F8743708BD7B
:103BF00000100040424B022270B5C3F88020BFF392
:103C00004F8FBFF36F8F3F4C0023C4F8FC3F01235D
:103C1000C4F8FC3F08F073FC28B1D4F83C3743F4F7
:103C20008063C4F83C3708F031FC58B1D4F83C3715
:103C300023F0004323F0FF0343F0004343F09603D7
:103C4000C4F83C3708F04CFC2E4C38B1D4F840375F
:103C500023F47F4343F4B053C4F840372A4BC4F8ED
:103C6000783700F029FD38B14FF08053D3F8303366
:103C7000591C18BFC4F84C374FF01023214C1B6E51
:103C80005A1C09D0D4F88C251B0403F47F0322F4BA
:103C90007F021343C4F88C3540F20313C4F8343563
:103CA0001A4D40F25B63C4F838350123C4F830354F
:103CB00085F820300323C4F8103540F20123C4F8FE
:103CC00050360226124BC4F80062187C00F0FAFC51
:103CD000104B4FF04062C3F8042500232B86EB62A3
:103CE00085F83D30064B1022C3F88061C4F80423E8
:103CF0001E602B6D13B1BDE87040184770BD00BF4A
:103D000000E100E0001000402C0000899812002023
:103D10002000002000F00140014B83F82100704793
:103D200098120020034B020E0002C3F82425C3F8AA
:103D30001C0570470010004038B5044600680A4D65
:103D4000FFF7F0FF094B6268C3F83C25237A85F83A
:103D50002230617AA07AFFF70FFF607AFFF76AFDE1
:103D6000E37A85F8213038BD981200200010004019
:103D7000014B83F8220070479812002070B51A4D4D
:103D800095F83D30DA070446084604D440F25771EE
:103D90003E20F9F7C9FA154ED6F8002243F0020387
:103DA00042F00102C6F8002285F83D3084B995F84A
:103DB0002210FFF707FE0E4A0123AB70D364336075
:103DC0000B4B2046D3F84C15BDE87040FFF764BD9F
:103DD000012CF5D195F82210FFF71AFE0223AB70E3
:103DE000034BDC647460EBE7981200200010004085
:103DF00000800040214B102213B5D3F80443C3F8D0
:103E000008230222C3F800221D4A002182F83D1037
:103E10001C4A4FF46020C2F80805D3F85025D2B2EE
:103E200004F01004DAB1FF228DF807200122C3F854
:103E300010111A619DF8072012B1D3F810213AB180
:103E40009DF807305BB940F691013E20F9F76CFA16
:103E50009DF80720013AD2B28DF80720EAE7FFF774
:103E600085FD06490023C1F81031FFF7B1FC14B1FC
:103E70001023C1F8043302B010BD00BF0010004091
:103E80009812002000F0014038B51E4D0024C5F8FE
:103E90004845C5F84445C5F84045C5F84C45FFF7C9
:103EA000A9FF00F0DBFB0130012804D940F24151A9
:103EB0003E20F9F739FA144B14495A6B42F0446228
:103EC000C1F80825C3E90A445C631C76104BC5F8A9
:103ED00048450222C5F84445C5F84045C5F84C455B
:103EE000C5F84841C5F84441C5F84041C5F84C41C2
:103EF000C3F88020BFF34F8FBFF36F8FC3F88021CB
:103F000038BD00BF008000409812002000F0014042
:103F100000E100E070B52F4C94F83D3043F002030F
:103F20000E4684F83D30054678BB94F822103046A2
:103F3000FFF748FD0123A37023782749012B01BF18
:103F4000264AD2F8003243F00803C2F80032636B0D
:103F500001EB460143F480136363214BB1F85840F1
:103F60004FF48012C3F8042504F5FA744FF47A7301
:103F7000B4FBF3F4FFF7E6FC08F0EAF9014620B3DE
:103F8000FFF738FF0024204670BD01281BD194F8AC
:103F900022103046FFF73CFD0223A3702378012B4B
:103FA00001BF0E4AD2F8003243F00403C2F80032D7
:103FB000636B43F400136363094B4FF40012C3F8BF
:103FC00004252924D6E70024D4E72846FFF764FC1B
:103FD000D9E700BF9812002060E203000010004003
:103FE00000F001402DE9F047354C0E4615460746D6
:103FF000002848D194F822101046FFF7E3FC2178FE
:1040000001239942A37010D02E4A02EB4502B2F868
:1040100058304FF47A7203F5FA73B3FBF2F3F61AE1
:1040200019B9294B294AC3F8AC25DFF8AC90DFF861
:104030009880274BC9F84065C8F8A835234B102253
:10404000C3F80423636B4FF4002A43F40023636333
:104050000125C8F804A5FFF775FCC9F84C50D9F83C
:104060004C359E4226D80025C9F84055C8F8AC55B5
:10407000636B23F400236363C8F808A5FFF7BAFE57
:104080002846BDE8F08701280FD194F82210104689
:10409000FFF7BEFC0223A3702378012BC5D0293E75
:1040A000002BC2D1084B0B4ABDE74FF401613E2003
:1040B000F9F73AF931463846FFF7EEFBE0E700BF83
:1040C0009812002060E2030000F001400010004060
:1040D000408100400410004000800040014BC3F8C4
:1040E0003C0570470010004010B50FC8014C84E833
:1040F0000F0010BDEC120020064BC3F80405064B60
:1041000093F83D20986342F0010283F83D20FFF7C9
:10411000E9BB00BF001000409812002008B5124B08
:10412000DA6A824204D340F622113E20F9F7FCF805
:104130000E4AD861012119765164D2F8441588429B
:1041400002D840F62B11F0E70021C2F84411C2F862
:1041500044055A6B42F480025A63054B4FF48002C7
:10416000C3F8042508BD00BF98120020008000405D
:1041700000F0014010B50F4C034694F8310094F85C
:1041800030100222012822764FF0960094F8202069
:104190000CD100F0D1F9084AE0610023C2F84431A3
:1041A000E36AE1690B44C2F8443510BD00F0DEF962
:1041B000F1E700BF9812002000800040044BC3F8D4
:1041C0006005D3F8002242F04002C3F80022704795
:1041D00000100040054BD3F8002222F04002C3F843
:1041E00000220022C3F86025704700BF0010004085
:1041F000044BD3F8483503F07F035B420370012082
:10420000704700BF0010004008B50D4B0A46D9703A
:104210000021197088B901215970997802290ED1AD
:1042200093F822101046FFF71DFB064AD2F8003221
:1042300043F48873C2F8003201E002225A7008BDCC
:104240009812002000100040024B0022C3F84025C5
:10425000704700BF00800040044B30B5D3E91045E3
:104260009B6CC0E900450B6030BD00BF9812002078
:104270002DE9F843924D934C0123EB64D5F84C752E
:1042800094F83C8003F0ACFA0026C4E91006A76459
:10429000FFF76CFB8C4B626BC3F808258B4A666397
:1042A000D2F8003223F48E7323F00103C2F80032F7
:1042B000237E84F83D6023B1D5F844319B1B18BFA1
:1042C0000123A578012D50D1D2F80C31002B0CBF61
:1042D0000025082515F00B0F06D17C4BD3F81031C3
:1042E00013B145F01005EDB2FFF75EFA05F01803C3
:1042F000102B05D1A378012B04BF45F02005EDB2AA
:104300006F4B6678D3F84825E262D3F8443594F8C9
:104310002020A362A37884F8302084F83130002E66
:104320003AD1FFF755FA2676EF077ED5636D9847A9
:10433000EB0601D5236E9847A378022B13D1237E79
:104340008BB1022B5E4A40F0AD80E36AE1690B4419
:10435000C2F84435636B43F4800363635A4B4FF4F4
:104360008002C3F80425BDE8F883022D12D1574A14
:10437000D2F80C11D2F80024002908BF0025D2077A
:104380005CBF45F00405EDB2002BA3D045F001055C
:10439000EDB29FE700259DE715F0110F1BD12379A2
:1043A00094F80090013E18BF0126012B17D0022B74
:1043B0002AD073BB96213046FFF712FA0146FFF769
:1043C00007FAB9F1010F29D13B378F4224D93F4B6E
:1043D00001261E61A8E7FFF70DFD0026A4E73C4873
:1043E000FFF7AAFC94F8313023B940F24E713E2019
:1043F000F8F79AFF012B04D1FFF79CFB6169014498
:10440000DDE7FFF781FBF9E73148FFF795FC6169CC
:10441000D5E740F6BF21EAE784F80090E27830461D
:10442000FFF7E0FD0028D2D0D7E7A8072FD508F086
:1044300057F8E8B908F063F8D0B9244BD3F85034F2
:10444000D90115D51A0705D013F0F00F02D013F4D7
:10445000706F0DD11D4AC3F304410129D2F85424D1
:1044600006D1012A04D0C3F34253022B7FF65EAF7C
:10447000A36B5B78434584BF45F00405EDB285F03E
:104480000400A36D3146C0F38000984750E715F053
:10449000280F3FF44DAF85F02001E36DC1F34011CB
:1044A0003046F2E7012B02D040F69B419FE7E369DB
:1044B000E16A8B423FF64CAF40F69C4197E700BF64
:1044C000008000409812002000F0014000100040E1
:1044D000A0120020024B03EB8000006C704700BF6D
:1044E00060E20300014B53F820007047ACE2030088
:1044F000024BC0B2C3F80C05704700BF001000406B
:10450000054B33F8113002384FF47A7203F2E73377
:10451000B3FBF2F318447047CCE20300054B33F8C9
:1045200011304FF47A7203F57A73B3FBF2F3184447
:10453000704700BFCCE2030038B51D460A4B33F884
:10454000111003EB820305359C6821444FF47A7304
:1045500001F6B73103FB00141046B4FBF3F4FFF788
:10456000B9FF2C44204438BDCCE2030070B50646A8
:1045700008461546FFF7B6FF094A02EB8502916827
:104580004FF47A7201F6B73102FB0613181AB0FB2A
:10459000F2F42846FFF79EFF0530204470BD00BFAF
:1045A000CCE203002DE9F74F284C074698460D460C
:1045B000164600F0A9F82378BB42814611D16378F2
:1045C000AB420ED194F90230B3420AD1E378834270
:1045D00007D1A388A8F8003094F9060003B0BDE81D
:1045E000F08F7B1E072B13D8DFE803F01704121996
:1045F0001212121001200DF107033246294600F075
:1046000089F8824668B13D21752004E00220F2E776
:1046100040F2F2310620F8F787FE0020EBE7032096
:10462000E9E728469DF907B0FFF754FA53460246DA
:104630004146584600F036F8B8F80030A071A38023
:1046400027706570A67084F80390C5E738000020D5
:10465000014B1B681B68184780020020014B1B6838
:104660005B68184780020020014B1B68DB68184715
:1046700080020020014B1B681B6918478002002044
:10468000014B1B685B69184780020020014B1B68C7
:104690009B69184780020020014B1B689B6A1847E2
:1046A0008002002010B4034C2468A468A4465DF87E
:1046B000044B604780020020014B1878704700BF10
:1046C0004419002000220F4938B50446134644FA25
:1046D00002F0C007D5B248BF581C02F1010244BF26
:1046E000CD54C3B2042AF2D1064DC3F10402042B07
:1046F000D2B24FF0FF0188BF0022E81803F0E0FFBC
:104700002C7138BD50190020014B187D704700BF37
:1047100000130020042810B511D883B104280CBF61
:1047200010242824A1420AD2064C54F8200018B1C3
:1047300041568A42A8BF0A461A70002010BD6FF089
:104740001500FBE70013002030B50246114890F930
:104750001C3093421ADD90F92430934218DAD31AB0
:10476000856A0D4CE85C235693420ED00E34002926
:104770000CBF0346431CA542D8B206D129B1013A69
:10478000D2B2012A01D80130C0B230BD0D20FCE701
:104790000020FAE700130020E0E2030008B5054B13
:1047A00093F91C30984203DAFFF7CEFF024B1B56F9
:1047B000184608BD00130020E0E2030010B51C4CB1
:1047C00094F82C3073B9012384F82C3007F055FE8F
:1047D00048B1184BA362D823236284F824300823FD
:1047E000A361237710BD07F05DFE0028F1D107F02B
:1047F00062FE0028EDD107F025FE38B10E4BA36212
:10480000D823236284F824300423E9E707F023FE49
:104810000028F3D107F028FE0028EFD107F036FE7C
:104820000028EBD140F2BB11742003F08BFB00BFDA
:10483000001300201BE30300EEE20300034610B365
:10484000007888B91A79012A1ED85A79012A1BD80A
:104850009A680E49643A8A4216D8D8680C4B984236
:104860002CBF00200120704701280CD11A79012AA1
:1048700009D85A79012A06D8DA680449643A8A4282
:1048800001D89868EAE70020704700BF3C86010025
:104890000040420F10B5054C236813B19847002320
:1048A0002360BDE8104001F0A9BE00BF3013002016
:1048B0002DE9F8438846074680B300F037F84FF0FB
:1048C000000905465FFA89F6AE420AD2304600F08A
:1048D00033F890F8264009F10109002CF2D1FF2E9F
:1048E00003D16FF00B00BDE8F883304600F024F8E8
:1048F0000546848480F8264080F8286001460A48EE
:1049000002F024F8202885F827000AD001232F621E
:1049100085F82630204688F80060E4E76FF015003F
:10492000E1E76FF02200DEE7DFBF0100014B1879FD
:10493000704700BF34130020054B1A79824283BFB1
:104940001B6800EB400003EB00100020704700BF25
:104950003413002010B510F003040BD1074A117175
:10496000106030B101EB41010A01214603F0A8FEBD
:10497000204610BD6FF00D00FBE700BF3413002090
:1049800043F60952C0F3080302FB03F3400A03F5A0
:10499000807302FB00F000EB5320704743F6095C84
:1049A000C0F3080210B50CFB02F2C0F34E24030E54
:1049B00043EA01230CFB04F0090E02F580724FEA72
:1049C000411C00EB52205A01B2EB030E4CEAD36CAF
:1049D0006CEB01044FEA841C4FEA8E12B2EB0E021C
:1049E0004CEA9E6C6CEB040C4FEACC0C4CEA527C0B
:1049F000D200D31841EB0C01DA03C903801841EA55
:104A0000534141F1000110BD430B48F2376C0CFBE0
:104A100003F34FEA134C00B5104B43F6095E0EFB4F
:104A20001C0000FB03F35B0D0EFB03FE03EB4C23AA
:104A30000EF5745C0CF1080CB0EB5C2F08D80EF589
:104A4000807EA0EB5E20C0B20B6010705DF804FBAE
:104A5000013300200B6010705DF804FB6F0C010047
:104A6000F8B5274DA94246D8264E274F450F45EAAF
:104A7000C105A6FB0514C0F34F31A40B01EB0541A2
:104A800007FB1411A6FB0151890B41EA04411F4C9D
:104A900004FB110448F2376C600B0CFB00F04FEA8A
:104AA000104C43F6095E1A480EFB1C4505FB00F04E
:104AB000400D0EFB00FE00EB4C200EF5745C0CF17B
:104AC000080CB5EB5C2F12D80EF5807EA5EB5E2EA0
:104AD0005FFA8EFE069D85F800E00D0628184FEA65
:104AE000112141F10001186059601460F8BD0130D6
:104AF0004FF0000EEEE796219B2003F023FA00BF53
:104B0000FF7F841E83DE1B43000024F40080841E8C
:104B10006F0C0100420B48F2376303FB02F2120CE8
:104B200043F6095C074B0CFB120101FB0333013B0D
:104B30005B0D0CFB03FC5002B1EB5C2F88BF013016
:104B4000184470476F0C01001F2810B59FBF054B1C
:104B5000440103EB4010195196BF42600020012030
:104B600010BD00BF4013002070B5012504460E465D
:104B700085407AB1002000F065FDE30003F1804339
:104B800003F5F833C3F81005C3F81465034BC3F8F5
:104B9000045570BD014BC3F80855FAE700F0014019
:104BA00008B5064B93F80024202A03D13F210220A8
:104BB00003F0C8F983F8300408BD00BF401300209B
:104BC00008B5064B93F80024202A03D14521022082
:104BD00003F0B8F993F8280408BD00BF4013002083
:104BE00010B5094A92F80034202B03D1502102203D
:104BF00003F0A8F9590102EB4313BDE810405258E5
:104C000058680421104700BF4013002008B501B3C5
:104C1000F0B14FF0FF331A46E0FB01320E498A42F1
:104C200003D971216D2003F08DF9180D40EA02308F
:104C3000C3F30F134FF22441B0FBF1F203EB00403A
:104C4000064B03FB1200B0FBF1F040EA02400130DA
:104C500008BD0846FCE700BF3F420F00000024F4F7
:104C6000014B9888704700BF7C170020014B588883
:104C7000704700BF7C17002010B5EFF3108472B6A8
:104C8000064A93790133DBB293719379012B01D1F9
:104C900007F07AFB04B962B610BD00BF7C17002094
:104CA00070B50C4C267866B90125A0602570FFF719
:104CB000E3FF00F075FA30B94FF080432573C3F875
:104CC0000453002070BDA368002BFAD09847A6605B
:104CD000F7E700BF7C17002038B5FFF7CDFF00F0E5
:104CE0005FFA094C4FF0804540B107F03AFB0123D1
:104CF0002B61042363730023A37338BD0323637301
:104D00000123C5F80433F6E77C17002010B5EFF354
:104D1000108472B60A4B9A7922B94FF496716D20BD
:104D200003F010F99A79013AD2B29A719A791AB9C4
:104D3000DB7B0BB900F022FA04B962B610BD00BFEC
:104D40007C17002008B5054B1A7822B100221A738F
:104D50001A70FFF7DBFF002008BD00BF7C170020A2
:104D6000024B587B003818BF012070477C17002089
:104D700073B51B4D2B7F63B9286A00F0030007F061
:104D80001DFB30B1EFF3108372B66A7B1AB103B921
:104D900062B602B070BD01226A7303B962B64FF009
:104DA00080430822C3F808234FF42073ADF806307F
:104DB000BDF80640A4B2631E9BB2ADF80630002CCD
:104DC000F6D14FF080460748C6F80C4107F01CFBAF
:104DD00085F82540FFF780FF0823C6F80433D8E79D
:104DE0007C170020A01700202DE9F041384C94F8E2
:104DF0002630002B69D04FF08043D3F80071D3F8F0
:104E0000046157B10122C3F80823237B2BB1A368A7
:104E1000002525730BB19847A5604EB14FF0804334
:104E20000022C3F804210222C3F80823FFF7A0FFE1
:104E30004FF080462748D6F80C8194F82550EDB203
:104E400007F0E6FA20B140F2C5116D2003F07AF8C0
:104E500047B1637B032B05D10423637307F081FA09
:104E600001233361B8F1000F16D04FF080430022C8
:104E7000C3F80C21637B042B02D040F2D711E4E786
:104E800007F022FBC0B14FF080430022C3F8342C5E
:104E900002236373FFF73AFF4DB1002384F82530F6
:104EA000637B022B01D1FFF717FFFFF72FFFBDE850
:104EB000F041084807F0BBBA07F0E8FA0028E2D151
:104EC00007F0F9FA0028DED1E2E7BDE8F08100BF83
:104ED0007C170020A017002010B5044C206A00F0B9
:104EE000030007F06BFA0028F8D010BD7C170020F3
:104EF000F8B5054650B10278042A07D8437842B97C
:104F0000013B1F2B02D88378212B07D96FF01500A6
:104F100076E0002BFAD18378002BF7D1814B012763
:104F2000C3F88070BFF34F8FBFF36F8F4FF0804691
:104F3000C3F880717C4C4FF0FF33C6F80833002370
:104F4000C6F80031C6F80431C6F80C31A371AB883D
:104F5000A38007F01EFA08B12770A771D6F80C24B9
:104F6000D6F80C34D20303D5DF0701D500F012F9CF
:104F700040F2F55363802B78A978237700222262D0
:104F80002174A273042B4ED8DFE803F005033B49DC
:104F90004B000123236207F003FA00284ED007F0EC
:104FA00006FA236A03F00303984247D1AB79002B3A
:104FB0003ED1FFF791FF237C6BB12B785BB900F0FA
:104FC000EFF8054603F034F96FF00043002D00F0D0
:104FD000A580C4E905034FF08043D3F80C24D3F82F
:104FE0000C34D20303D5DB0701D500F0D3F84D4ACA
:104FF00001230020607384F82630C2F880311360EA
:10500000F8BDFFF739FE4FF08043D3F80C14D3F806
:105010000C24CE03F9D5D007F7D50223BAE7434BCA
:10502000B8E7434BB6E740F216316D2002F08AFF35
:105030004FF080430222C3F80423BCE74FF08043C3
:105040000122DA600022C3F80421226AC3F818257D
:1050500007F0F8F910B34FF080534FF08042D3F8C7
:105060004432C3F34233C2F83C3507F0EBF910B3D6
:105070004FF080430122C3F84C254FF080430122BA
:105080009A600222C3F80423AA79002A93D1D3F8A4
:10509000042391071CD440F2CD21C6E707F0DBF9C9
:1050A0000028D8D107F0E0F90028D4D107F0EEF9B4
:1050B0000028D0D1D9E707F0CEF90028D8D107F0E1
:1050C000D3F90028D4D107F0E1F90028D0D1D4E7F2
:1050D000184A1669116941F010011161D3F80431C1
:1050E00006F010060BB907F01BFA4FF08047D7F80F
:1050F000043183B1FFF7F0FE26B90E4A136923F09D
:10510000100313614FF080430222C3F808230022EA
:10511000C3F804214FE707F001FAE8E7C4E90530D6
:1051200059E700BF00E100E07C1700200100020009
:105130000100030000ED00E010B50D4C04F1240067
:1051400007F066F948B9637B022B01D1FFF7C4FD74
:10515000BDE81040074807F06AB9074A012384F800
:105160002530BDE81040C2F80031FFF785BD00BF13
:105170007C170020A017002000E100E04FF08042E3
:10518000012353600023C2F80031014A13707047B5
:10519000A3170020014B01221A707047A3170020AB
:1051A0004FF08043D3F8003123B9034B187800F057
:1051B000010070470120FAE7A3170020094B4FF0C8
:1051C000FF32C3F808230022C3F84025C3F840216A
:1051D000C3F84425C3F84421C3F84825C3F848213F
:1051E000704700BF00800040084B094A1B78012B24
:1051F00016BF4FF440314FF400310023C2F848137A
:10520000C2F808130BB9C2F840317047A817002044
:1052100000B0004070B5EFF3108472B6094A0A4B33
:105220000025D2F80415D2F804612EB15968013175
:105230005960C2F80451F4E75B6804B962B6C0E98A
:10524000001370BD00B00040A8170020094BD3F830
:105250000435C01A20F07F4323F001033BB120F056
:105260007F40B0F5000F8CBF022000207047012066
:10527000704700BF00B00040104B4FF40062C3F80D
:105280008020BFF34F8FBFF36F8FC3F880210C4B8B
:1052900001225A609A60D3F80425002AFBD10949FB
:1052A000C3F808134FF44031C3F84813C3F8402142
:1052B000C3F84421C3F80421704700BF00E100E0B7
:1052C00000B000400200030008B5144BD3F80425D9
:1052D00022F00302C3F80425D3F8082542F00302A4
:1052E000C3F80825102292FAA2F2B2FA82F2092A31
:1052F00004DD0B4840F2913102F01AFEC3F810258C
:105300000122DA60074A9268C3F80022064B4FF484
:105310008072C3F880211A6008BD00BF0080004081
:105320008F3C0400A817002000E100E008B50A4BFC
:105330004FF48072C3F88020BFF34F8FBFF36F8F9D
:105340000649C3F8802101204860FFF737FF044B6E
:10535000086100221A7308BD00E100E000800040EF
:10536000A817002010B5234C0023FF224FF0FF3177
:105370004FF0FF30C4E90401237062736360FFF7EC
:10538000D5FFFFF779FF1C4B4FF400621A60A1694B
:105390001A4A31B901231360184B0222C3F80423BF
:1053A00010BD174B1748C3F8A805C3F8AC15C3F8D0
:1053B0005C294FF40022C3F80425134A0521C2F8E2
:1053C000401501211160D2F840110029FBD04FF4A3
:1053D0000021C3F8081501215160D1600021C2F8F5
:1053E0004011C2F84015C3F8A815C3F8AC15C3F8AE
:1053F000AC15D1E7A817002000E100E000B00040A4
:1054000000F001404081004000800040014BD3E9A2
:1054100004017047A8170020014BD3F8040570471A
:1054200000B0004013B56846FFF7F4FEDDE9000464
:10543000FFF7A6FA024B0021E4FB030102B010BD06
:105440000080841EB1F1FF3F08BFB0F1FF3F2DE99E
:10545000F041424C05460E463AD1414DD5F8003157
:105460008BB3404E404BC6F80835FFF7BDFE4FF0FA
:1054700000080123A36084F80D80FFF757FFFFF7B2
:1054800023FF3A4BC5F80081394FC6F8A8354FF4D1
:105490000023C6F8AC75C6F8043506F0A0FFD5F8B1
:1054A00000312BB10123C5F800817B60FB60F4E77C
:1054B000013041F100010223C4E904012370FF23FC
:1054C0006370BDE8F08106F08AFFC51C41F100065B
:1054D000D4E90473B34208BFAF42F2D0214B224A51
:1054E000C3F80825FFF780FE1D4A4FF4803125F0F0
:1054F0007F480023C2F808134046C2F84813C2F898
:105500004031FFF7A3FE20B140F226316C2002F0BB
:1055100019FDC2F84085C2F844132378012B06D147
:1055200027F07F473846FFF791FE0128FAD0002385
:1055300001276373A760FFF7F9FEFFF7C5FE094B6C
:1055400027704FF00042C3F8042504236370044B16
:10555000C4E90456C3F84873B3E700BFA817002096
:1055600000B0004000F001400000088000B10040A1
:1055700000800040032870B52D4B06D9011FC9B229
:1055800001292FD940F276310BE0D3E90441B1F182
:10559000FF3F08BFB4F1FF3F06D11B7B23B940F2A8
:1055A00055316C2002F0CEFC2249234D00F110044D
:1055B0000123800003FA04F4C5F808430B5000F1FE
:1055C000804101F50041D1F84005101A022805DD9F
:1055D000C1F84025C5F80443012002E00020C1F8CD
:1055E000400570BD1C782CB15B78834202D140F23B
:1055F0007231D6E7114B124E22F07F458A001344D8
:105600004FF480348C400022C6F808432846C6F880
:1056100048431A60FFF71AFE40B901F5A87146F831
:105620002150C6F80443C6F84443D5E71046D8E7EE
:10563000A8170020408000400080004040B100409A
:1056400000B0004008B520B14FF461716C2002F049
:1056500079FC014808BD00BF40810040032837B5F0
:1056600008D9041FE4B2012C19D940F2CA316C20C8
:1056700002F068FC234900F1100201239340C1F8B5
:10568000083300F5A873002241F823201E4B810047
:105690005A5053F820300093009B03B030BD1B4D8F
:1056A0002B7893B16A7882420FD1194A1949C2F80E
:1056B0000815012B01D1FFF739FE00232B704FF0A5
:1056C000FF324FF0FF33C5E90423134A4FF4803310
:1056D000A340C2F80833C2F8483304F5A87352F85F
:1056E0002300FFF7B3FD012818BF0C4B22B24FEA8D
:1056F00084041CBF00211951084B53F82230019338
:10570000019BCAE70080004040810040A8170020AC
:1057100000F001400000088000B0004040B10040AF
:1057200010B50A4B0446012210B1C3F8442310BD42
:10573000C3F84823FFF7FAFD054B4FF0FF304FF059
:10574000FF31C3E904011C70F1E700BF00B0004065
:10575000A81700201F4A08B5D2F80433D90311D581
:10576000D2F8403173B10023C2F84031D2F840057D
:10577000FFF76CFD30B14FF48033C2F808330420DA
:1057800001F060FE134AD2F804339B0311D5D2F81E
:10579000443173B10023C2F84431D2F84405FFF715
:1057A00055FD30B14FF40033C2F80833052001F045
:1057B00049FE084BD3F8042132B10022C3F804217A
:1057C000054A536801335360044B4FF40062C3F839
:1057D000802108BD00B00040A817002000E100E0D3
:1057E00038B5364C637BFF2B64D0237883B101221C
:1057F000022B227319D1324B4FF40022C3F8082533
:10580000002323704FF0FF324FF0FF33C4E904232D
:105810002C4BD3F8042310030DD5D3F84C2152B1EF
:1058200040F20F416C2002F08DFB02236078237060
:10583000FFF714FFECE7D3F8042351030DD5D3F899
:10584000483153B10220FFF709FF1F4B4FF480721C
:10585000C3F88021022001F0F5FD1A4BD3F8042390
:1058600092030DD5D3F8443153B10120FFF7F6FE72
:10587000154B4FF48072C3F88021012001F0E2FD46
:10588000104DD5F80433DB0316D5D5F840319BB164
:105890000020FFF7E3FE0C4B4FF48072C3F8802129
:1058A0000020FF236373A060C5F80002BDE8384004
:1058B00001F0C8BD0620F9E738BD00BFA8170020D9
:1058C00000F001400080004000E100E02DE9F04FD1
:1058D00097B01C46CDE90312DFF808A38046FFF716
:1058E00095FD4FF080420123C2F80835DAF8002018
:1058F00006460F46B8481360082101EB44121318FE
:10590000D3E901B100EB441C15581C7BDA890691E0
:105910000CF1080C597BDB68009201910793BCE8FD
:105920000F000DF1380EAEE80F009CE803008EE882
:10593000030025F07F40FFF723F8009A531C1C4416
:10594000A64B9842044400F237829C4200F3E38065
:10595000002CC0F2C080FFF723FC019B012B024604
:1059600008D0DAE90613B3F1FF3F08BFB1F1FF3FFA
:1059700000F0B6800292FFF779F940F25633984270
:10598000029A00F0D68040F2F553984200F0CE80A3
:10599000B0F5C67F00F0C4800023029300210320ED
:1059A0000591B7F1FF3F08BFB6F1FF3F1FD0AE42F0
:1059B00077EB0B03C0F08180B6EB050C67EB0B03B4
:1059C000BCF5000F73F1000380F00082A5EB060C1C
:1059D000BCF1000F33460ADD0598002800F0AC80CA
:1059E0009AF8200000280CBF0846002000E043463B
:1059F00015F1FF39A9EB030C4BF1FF3184454B4600
:105A000056DB002A41D00993039B0891B9EB0808A3
:105A100061EB03020392FFF729F940F2563C60451F
:105A2000DDE90813039A00F0D48040F2F55C60458C
:105A300000F0BD80B0F5C67F14BF09201620804558
:105A400072F1000280F0B980049A012A00F0CC8043
:105A5000059A002A72D1B7F1FF3F08BFB6F1FF3FA8
:105A60006CD0B6EB090C67EB0102BCF1050F72F1CB
:105A7000000080F28481BCF1010F72F1000317DA9B
:105A800039463346059FB14667E0DAE90620B0F1B2
:105A9000FF3F08BFB2F1FF3FB5D0AA1A6BEB000C75
:105AA000029882427CF10002ADD2019A012AAAD06A
:105AB0000026304617B0BDE8F08FB5EB060C6BEB57
:105AC0000703BCF5000F73F1000381D340F231717D
:105AD000702002F037FA04F1F45404F590243AE708
:105AE00000287FF447AF0290FFF7C0F840F256332A
:105AF0009842029A00F04C8140F2F553984200F02F
:105B00001E81B0F5C67F00F02081012303201146DD
:105B10000292059345E704F1614404F5F7041AE79E
:105B200000210D230320029305913AE732230293CB
:105B300034E71C23029331E7084659E748460593AA
:105B40000391FFF77FFC0399059B0027B1F1FF3F0D
:105B500008BFB9F1FF3F00F0348123F07F402A1ADB
:105B600022F07F42013AB2F5000FA1D2069B5B19E9
:105B70001B1A23F07F43B3F5000F99D80391FEF76A
:105B8000FFFE174B0399A4EB000898453CD3041B78
:105B90009C42C0F0E080114B984531D89C4240F2C5
:105BA0002981C4F1614404F5F704A0462DE03B20AF
:105BB000804572F10002FFF447AF0593019B03910A
:105BC0005F1E484618BF0127FFF73CFC059B039961
:105BD000BCE7252033E700BF40130020FF7F841E71
:105BE0000040420FC8170020B7F1FF3F08BFB6F1D1
:105BF000FF3F00F0F58039463346B1460027ACE759
:105C000008F1F45808F5902844467D4B93F8283065
:105C100023B9009B1E33A34280F2A580049B012B75
:105C200004D001200391FFF719FD0399009B4BB1AC
:105C3000A8EB0302012000230391FFF79BFC0399CB
:105C4000002854D00023424618460391FFF792FCE7
:105C50000399064600284AD0019BDAF81820012B48
:105C6000DAF81C3000F08480002F44D1B3F1FF3FFC
:105C700008BFB2F1FF3F00F098800120FFF750FD10
:105C80009AF82030002B40F08980009A1932A24205
:105C900080F2A1800024A8EB020223460220FFF735
:105CA00069FC30B1DAF800301C604FF08043C3F873
:105CB0000845069B1093079B119300238DF85030E5
:105CC0000A934FF0FF324FF0FF33CDE90E5BCDE981
:105CD0000C230AAD0FCD4A4C0FC40FCD0FC495E86D
:105CE0000F0084E80F00304617B0BDE8F08F0120A8
:105CF000FFF7B4FCDCE6B3F1FF3F08BFB2F1FF3FB2
:105D00000BD00191FFF702F84FF0FF324FF0FF3355
:105D1000CAE906230199002FB2D0029BB9EB030216
:105D200061F100030520FFF725FC00285DD09AF8FB
:105D30002030002BA9D101238AF82030A5E7322199
:105D400001233520029105932BE60D21012310201C
:105D50000291059325E62A4B93F828306442A04629
:105D6000002B7FF45BAF4FF4F261702002F0EAF891
:105D7000B3F1FF3F08BFB2F1FF3FCCD0C1E74846C7
:105D800008930391059FFFF75DFB0399089BDDE6F0
:105D90001C2101231F200291059302E60520FFF735
:105DA0005DFC00238AF820306FE7FEF765FF06F000
:105DB00016FBCAE9060160E740F22141702002F0BB
:105DC000C1F840F27C71702002F0BCF840F23571ED
:105DD000702002F0B7F840F2BA71702002F0B2F809
:105DE00040F2A361702002F0ADF840F2262170204D
:105DF00002F0A8F840F65801702002F0A3F800BFA6
:105E0000481700202DE9F04F8F4F97F8214004EB01
:105E100044033B4483B05E7A202E48D08B4BE5B2DE
:105E20006400002B00F08980894BDFF82C92002B56
:105E30005FD006EB451207EB420A4FEA45189AF885
:105E40002830013BDBB2052B34D8824A12F803B06C
:105E5000BBF1090F2ED0AFF30080EFF3108372B6C1
:105E60002C443C449AF829206272A27AB24204BFC0
:105E70002022A27213B9AFF3008062B6B04473015E
:105E800007EB480809EB4616012259F80330706801
:105E900088F828205946984797F8214004EB440396
:105EA0003B44E5B25E7A202E4FEA4404C1D103B0F0
:105EB000BDE8F08F40F26E61702002F043F862B6E8
:105EC000B044730107EB480809EB4616012259F864
:105ED0000330706888F828205946984797F8214081
:105EE00004EB44033B44E5B25E7A202E4FEA4404BF
:105EF000DDD006EB451207EB420A4FEA45189AF847
:105F00002830013BDBB2052BD4D8524A12F803B03B
:105F1000BBF1090FCED0AFF30080EFF3108372B660
:105F20002C443C449AF829206272A27A964204BF1B
:105F30002022A272002BC3D1C1E7454BDFF814B178
:105F4000DFF814A14FF02009002B51D006EB4512C9
:105F500007EB42024FEA451892F82830013BDBB2CA
:105F6000052BA7D81BF803100929A3D0EFF3108342
:105F700072B62C443C4492F829206272A27A96426E
:105F800008BF84F80A90002B54D0B04407EB4808AF
:105F900073010AEB461601225AF80330706888F83C
:105FA0002820984797F8214004EB44033B44E5B28E
:105FB0005E7A202E4FEA4404C8D178E762B6B04436
:105FC000730107EB48080AEB461601225AF8033022
:105FD000706888F82820984797F8214004EB44031C
:105FE0003B44E5B25E7A202E4FEA44043FF45FAFB3
:105FF00006EB451207EB42024FEA451892F82830AB
:10600000013BDBB2052B3FF655AF1BF80310092906
:106010003FF450AFEFF3108372B62C443C4492F837
:1060200029206272A27A964208BF84F80A90002B57
:10603000C5D1C3E70191AFF3008062B6B0440199C6
:1060400007EB4808A4E700BFC817002000000000C5
:10605000000000004CE30300401300202DE9F04F46
:1060600085B00D4614461F469DF838B0FEF752FD28
:106070002E686968031947F10002B342019372EB7D
:1060800001030292C0F0CA80DFF8A891DFF8A8816E
:106090000BEB4B034B440393DA46039B1C7A202CF7
:1060A0003BD040F2F5578C460FE06B7B012B02D0C2
:1060B000537D012B56D004EB4A1409EB440494F8A9
:1060C0002940202C29D0D5E9006C08EB44124FEA76
:1060D000441B91681369D0685B1840F100009E4230
:1060E0007CEB0003E1D240F2563740F2F55608EB64
:1060F0000B0C2968AB68DCF808006A685B1842F191
:1061000000029842DCF80C3093411AD39CF8153009
:10611000012B02D06B7B012B03D0012005B0BDE821
:10612000F08F411A0091FEF7A1FDB84200993FD0CF
:10613000B04228D0B0F5C67F14BF01230E23994288
:10614000EBDA08EB0B032A7C197E91421FD904EB92
:106150004A1409EB440494F82940202CDDD04FEA7E
:10616000441BC4E7761AFEF781FD40F2563398428D
:1061700020D0B84209D0B0F5C67F14BF01230E234A
:106180009E42B0DB97E73323D9E73323F8E7D3E91F
:1061900002611C695B7DA61941F10001012B0BD046
:1061A000019BB342029B8B4138D3C5E9006174E780
:1061B0001D23C4E71D23E3E76B7B012BF0D0009187
:1061C000FEF754FD40F25633984200992CD040F22D
:1061D000F553984226D0B0F5C67F14BF01230E2395
:1061E0009C42DDDAFEF742FD40F2563398421FD062
:1061F00040F2F553984219D0B0F5C67F14BF01267E
:106200000E26C344DBF80830DBF80C10F618019BAF
:1062100041F10001B342029B8B41C6D2002005B080
:10622000BDE8F08F3323DBE71D23D9E73326E8E70A
:106230001D26E6E7C8170020401300202DE9F0478F
:10624000154692F8008092F80BC0AF7A12891C466E
:1062500086B00023E3602361C4E9003327749DF80E
:10626000389084F80DC00646A3606361E28184F82B
:1062700011800F46B8F1000F42D1FEF78FFBD5E930
:1062800004C24C4BC31841F1000E9C4572EB0E0347
:106290000AD3013E47F1FF37C4E900674FF47A7330
:1062A000A36006B0BDE8F087263041F100018445C7
:1062B00072EB0103EDD3288901300021844572EB94
:1062C00001036AD3BCEB000062EB010104F10C0393
:1062D000009303AA04ABFEF7C3FB039B6A682889FB
:1062E000473313441844FEF715FCDDE90432C01AA5
:1062F00020F07F40C4E90032A06006B0BDE8F0871E
:106300002D4804A9801A04F10C02FEF77DFB2B4BEB
:106310001B78202B24D02A490B69D1E905210533AC
:1063200042F1000A13EB01084AF1000A6B68227B74
:10633000E089473310441844C4E9008AFEF7EAFBB9
:106340003246A0603B462869CDF800902146FFF711
:1063500085FE0028A5D1C4E9006706B0BDE8F08736
:10636000637B16F1090847F1000A012BDED0FEF726
:1063700017FF0028DAD1FEF779FC40F25633984235
:106380000ED040F2F55398420FD0B0F5C67FCDD174
:1063900016F1160847F1000AC8E74046414695E75E
:1063A00016F1250847F1000AC0E716F13B0847F14E
:1063B000000ABBE70040420FFF7F841E4017002009
:1063C000481700202DE9F047374DDFF8E08000EB5B
:1063D00040032B4406461C7A4700FFF71DF84FF098
:1063E000200C4FEA461E08EB44110EEB0403D1F8D3
:1063F00008A00A69AAEB000929F07F49B9F5000F46
:1064000005EB43030DD812EB0A02121A22F07F4269
:10641000B2F5000F05D8BCF1200F0BD12046BDE826
:10642000F08793F82930202BA4461C46DBD1BCF121
:10643000200FF3D0BB192B440CEB461205EB4202A4
:1064400093F8088092F829201A72710144464FF09F
:10645000040E0B1905EB430322469445204683F8AE
:1064600028E093F82940F4D1BB192B440A4493F84F
:106470000AE0BEF1200F5FFA8EFC18BF8C443E4448
:1064800018BF05EB4C0C05EB4202354408BF83F8FE
:1064900009804FF0200318BF8CF82980A87282F879
:1064A00029302046BDE8F087C8170020401300209F
:1064B0002DE9F0414E4D01EB41032B440C461E7A71
:1064C000202E80464FEA410741D14A4B0BB1AFF332
:1064D000008005F084FF95F82230202B0AD0464B2F
:1064E000D3E904E210F1020C41F10003E64572EB3E
:1064F000030331D3202E0AD042463346FFF7E6F994
:1065000000283FD085F822600220BDE8F081D5E95F
:106510000623B3F1FF3F08BFB2F1FF3F1FD195F84B
:10652000203043BB0420FFF799F805F066FF0020F8
:10653000FFF7F6F829684FF08042202085F8220006
:1065400000230B600120C2F80835BDE8F081084641
:10655000FFF738FF8642B8D00020BDE8F081FEF793
:10656000D5FB4FF0FF334FF0FF32C5E9062395F816
:106570002030002BD6D00520FFF770F8002385F8D7
:106580002030CFE73B192B4406EB441205EB4202C7
:1065900093F808E092F829201A72610173460420EA
:1065A000CA189C4605EB4202664592F8293082F8EB
:1065B0002800F5D13B192B443C44987A2028C2B2DC
:1065C00018BF5218614418BF05EB420205EB4101A8
:1065D000254408BF83F809E04FF0200318BF82F874
:1065E00029E085F80AC081F829300020BDE8F08153
:1065F000C817002000000000481700202DE9F04FC8
:1066000085B005F0ECFEC14E0746884605F0F5FE64
:10661000D6E90223B3F1FF3F08BFB2F1FF3F05D037
:106620004FF0FF324FF0FF33C6E9022396F82830CF
:10663000ABB94FF40C71B069FEF7E8FA33697269CF
:10664000B169023342F100025B1842F100021818EE
:1066500042F10002874278EB020380F06381AC4C88
:106660004FF0FF304FF0FF31FEF7ECFEE37B002BE5
:1066700040F04681A74991F800B00122BBF1200FFC
:10668000E27300F0388120220A7084F82220A3737C
:10669000336094F8213003EB430AA2445FFA83F994
:1066A0009AF808505B009542009307D09A4B03EB91
:1066B00045102A46407E012800F0C580009BDFF887
:1066C00060A203EB0908202DA0444FEA491708D027
:1066D0004846FFF777FE854203D098F80850202DF2
:1066E000F6D1BAF1000F01D0AFF3008005F077FECC
:1066F00094F82230202B09D0D6E9042310F1020EA1
:1067000041F1000C724573EB0C03E6D3202D38D019
:106710002B460122FFF7DAF8002859D084F82250DE
:1067200007EB0B0304EB430393F82820022A1DD147
:10673000009A4A442244062183F82810917ACBB269
:1067400020291CBFDB1904EB43035F4418BF83F807
:1067500029B0009B08BF82F809B04B44234404EBE6
:10676000470783F80AB0202387F82930FF232374D2
:10677000009B4B441C44637A202B5DD105B0BDE8DF
:10678000F08FD4E90623B3F1FF3F08BFB2F1FF3F1A
:1067900007D0FEF7BBFA4FF0FF324FF0FF33C4E9EA
:1067A000062394F82030002B3FD10420FEF756FF3B
:1067B00005F023FE0020FEF7B3FF21684FF0804272
:1067C0000023202084F822000B60C2F80835A7E7D8
:1067D0007B1904EB430398F8080093F8293088F8F4
:1067E0000830024604211346BA1804EB42029D42C7
:1067F00082F8281092F82920F5D198F80A1088F824
:106800000A30CAB220291CBFD21904EB42023B4411
:1068100004EB430318BF82F829004FF0200208BFA1
:1068200088F8090083F8292057E70520FEF716FFAE
:10683000002384F82030B8E7384B187805B0BDE85D
:10684000F04F01F05FBD0978202914D031697069DB
:106850004F1DB16940F10000791840F1000001902E
:1068600003EB4213D3E9020288420198824128BF18
:10687000C3E9021022E701FB053191F815C017F1B9
:10688000090148F10000BCF1010F0190E8D0CDE909
:106890000251FEF785FCDDE902211F4B10B19AF889
:1068A0000850DDE7CDE90221FEF7E0F940F2563568
:1068B000A842029A184B0CD040F2F555A84214D0C9
:1068C000B0F5C67F03990AD0009848442044057A61
:1068D000C6E717F1250148F100000190F4E717F130
:1068E000160148F100000190EEE717F13B0148F175
:1068F00000000190E8E74FF43171702001F022FBB5
:1069000040F2C121702001F01DFB00BF481700209C
:10691000C8170020401700204013002078170020DF
:1069200000000000074B084A1B78580102EB431394
:10693000082112585868904740F2B621702001F0A3
:1069400001FB00BF401700204013002070B5134C1E
:106950000D460646FEF7C0FA94F8213004F1280CE3
:10696000D9B20CEB831C002302E00133202B12D0A0
:106970001CF81320D8B2002AF7D103EB4111084AC2
:1069800004EB4104590102EB43135650012284F8F1
:1069900028205D6070BD184670BD00BFC81700207C
:1069A000401300201F280AD80C4991F8213000EB31
:1069B000431301EB430393F82820012A01D0002060
:1069C000704791F8213000EB431301EB43034FF084
:1069D000000C104683F828C0704700BFC81700207D
:1069E00010B5094C04EB4014D4E90201FDF7D6FFC1
:1069F000227DE38A9B1803F101034FF0000252410C
:106A0000181842EB010110BD401300200378002B41
:106A100040F0EF802DE9F04F804A5368C3F308033C
:106A20008BB08246002B40F0CF80DFF804927C4F81
:106A3000DFF800B209F1080827B1002140F249400F
:106A4000AFF3008099F82140E4B24FF0000389F8D9
:106A5000103027B1002140F24E40AFF30080714B5F
:106A6000661C03EB841E06F0010503EB851CBEE8E3
:106A70000F00ACE80F00BEE80F00ACE80F00BEE866
:106A80000F00ACE80F009EE80F0024B28CE80F0066
:106A90002E4627B1002140F2DE30AFF3008004EB38
:106AA000440405EB450508EB040338F804209B7803
:106AB00028F805204544AB7057B1002140F2E23080
:106AC000AFF3008027B1002140F25340AFF30080C4
:106AD00005F085FC009604AB524604460D46FFF7D0
:106AE000ADFB27B1002140F25A40AFF300804E4B7E
:106AF0001B78202B44D0DBF81030DBF81420DBF8B7
:106B00001810053342F100025B1842F10002DDE982
:106B10000401984271EB020C009628D343482246A8
:106B20002B4604A9FFF79AFAC0B1DDE90401FDF78D
:106B300035FFBDF81E309DF81C401B1903F1010301
:106B40004FF000025241181842EB0101CAE904015A
:106B500027B1002140F26D40AFF3008099F810306A
:106B6000002B7FF469AF01200BB0BDE8F08FCDE9B9
:106B7000043204A922462B462C48FFF76FFAD4E7CB
:106B80009DF81D1014F1090345F100020129BED042
:106B9000CDE90232FEF704FBDDE902320028B6D16E
:106BA000FEF764F840F25631884232D040F2F55197
:106BB000884229D0B0F5C67FDDE90232A7D114F1B1
:106BC000160345F10002A2E7103B59B2002912DB7F
:106BD00001F1604101F5614191F80003400900288D
:106BE000C2D0DFF84C900E4FDFF848B009F108082A
:106BF00022E70020704703F00F03043B1344187E84
:106C000040090028EDD1AFE714F13B0345F1000244
:106C10007DE714F1250345F1000278E700ED00E07F
:106C200000000000F0170020401700200040420F35
:106C3000C8170020481700202DE9F04FB04A5368CC
:106C400091B0C3F3080303900791002B40F03B82FF
:106C500008230693079B1B78012B00F2DB82DFF8E9
:106C6000BCB2BBF1000F04D0002140F24350AFF39F
:106C700000800023DFF8A8A2DFF8A8820493012493
:106C8000BBF1000F04D000214FF4AA60AFF30080E5
:106C900024B99C4B0BB1AFF3008062B69AF8213057
:106CA000DBB205934FF000028AF81020069A002A02
:106CB00040F0AD809946BBF1000F04D0002140F2B6
:106CC0006450AFF3008005F08AFB059B0093079AA0
:106CD0000AAB0446FFF7B2FABBF1000F04D0002163
:106CE00040F26C50AFF30080039B03EB49130AEBB7
:106CF00043034FEA491693F82830013B012B00F279
:106D00008480DDE90A3224F07F441D1B25F07F4199
:106D100021F00101002940F0D580039A09EB4903D5
:106D20005344B218997A0AEB4202042082F82800F0
:106D300020294FEA49020992CAB200F00182324486
:106D4000039B0AEB420282F829301A46099B4B4406
:106D5000534416440AEB46069A72202386F82930DB
:106D6000002304930125BBF1000F04D0002140F261
:106D70007150AFF30080644B0BB1AFF30080EFF3C1
:106D80001086344672B69AF81030002B7FF478AF34
:106D9000039B0AAF08EB43140FCF08340FC497E8E6
:106DA000030084E80300A5B1069B002B00F0B2812C
:106DB000049B23B1554B1B78202B00F0F1819AF8EE
:106DC0002130DB4303F001038AF82130FF238AF8E6
:106DD000103026B94B4B0BB1AFF3008062B6BBF15C
:106DE000000F04D000214FF4B560AFF30080002DF8
:106DF00053D1BBF1000F04D0002140F2B450AFF3E7
:106E00000080284611B0BDE8F08F0025ABE7059A59
:106E10003F4B551C05F0010503EB821E03EB851C5F
:106E200017B2BEE80F00ACE80F00BEE80F00ACE8F8
:106E30000F00BEE80F00ACE80F009EE80F00A94667
:106E40008CE80F002EB2BBF1000F04D0002140F2FD
:106E5000DE30AFF300802F4B07EB470706EB46060B
:106E6000DA19D95B9278995333449A70BBF1000FC9
:106E70000CD0002140F2E230AFF30080BBF1000FF4
:106E800004D0002140F25A50AFF300809AF810303D
:106E9000002B7FF4F5AE05950DE79AF8213003EB52
:106EA000430353445B7A202BA3D0BBF1000F04D0E3
:106EB000002140F2AF50AFF30080174B187801F07B
:106EC00021FA96E725F07F45B5F5000F3FF625AF8F
:106ED0000C99C9180C1B24F07F44B4F5000F3FF641
:106EE0001CAF09EB490151440C7A4FEA4901202CAF
:106EF000099100F03A812021944604911A4627E036
:106F000000ED00E00000000000000000401700203D
:106F1000F0170020D0170020781700200000000094
:106F2000C8170020401300209DF83510012903D018
:106F3000417D012900F0B18033190AEB430393F836
:106F40002930202B00F02081DDE90A2C04941C4616
:106F500008EB4410650187680169C368C91943F1EA
:106F6000000E8A427CEB0E03DED213466246049F7B
:106F70000C9908EB0500C918D0F808C042F10002CE
:106F80008C45C16871EB020275D3427D012A03D0A2
:106F90009DF83520012A59D0049B9F4200F0DF80E4
:106FA000202F00F03C81049B202B06EB07030AEB0B
:106FB000430393F8292000F02481049BF3180AEB83
:106FC000430393F8294083F8292022460520B3186B
:106FD0000AEB430311468F4293F8292083F82800D7
:106FE000F5D1099B4B445344987A202808BF5C7222
:106FF000099B4B44C1B253441CBF89190AEB4101A0
:107000009F72039B18BF81F82940F318F1190AEB0E
:1070100043030AEB4101202081F8290083F829204D
:10702000049B834200F0A7801C4634440AEB4404CE
:10703000039B84F8293000230493039B1E440AEB2E
:107040004606032386F8283001258CE6ACEB0303C3
:107050000893FDF70BFE40F256339842089B55D03B
:1070600040F2F55290424DD0B0F5C67F14BF0122D8
:107070000E229A4290DD45449DF838302A7E9A428D
:107080004FD933190AEB4303274693F82940202CA4
:1070900061D0DDE90A3265016AE7D71BFDF7E6FD3D
:1070A00040F25633984233D040F2F55398422BD0F9
:1070B000B0F5C67F14BF01220E22BA427FF73CAF63
:1070C000DDE90A3253E7103B59B200293BDB01F1FD
:1070D000604101F5614191F800335B090693002B93
:1070E0007FF4B8AD534B1B78202B00F09D80079B9D
:1070F0001B780693002B3FF4B2AD40F23C51702058
:1071000000F020FF3322B4E73322D6E71D22B0E798
:107110001D22D2E7FF238AF81030002E7FF45FAEE5
:1071200058E6099B039A4B445344B218997A0AEBE8
:1071300042020420202982F82800CAB27FF4FFAD61
:10714000039A5A7202E603F00F03043B13441B7EBA
:107150005B090693C3E7049B9F427FF424AF202B77
:1071600011D1099B4B4453441C7A039BF3180AEB3F
:10717000430383F82940099B039A4B4453441A72F2
:107180000123049359E71C4633190AEB430393F890
:107190002920039BF3180AEB430383F8292044E7D3
:1071A00005990220FFF784F900287FF408AE9AF8C9
:1071B0002130039F03EB4301514407EB43128C7AC8
:1071C0000AEB42020420202C82F82800DDB24FEAAC
:1071D0004312E0B24FEA430319D011180AEB410100
:1071E00081F8297039462B4453440A440AEB420281
:1071F00099722023049D82F82930002E7FF4EFAD90
:10720000E8E5099B4B4453441C7A1A72DDE64F7241
:107210003946E8E74FF4A861702000F093FE4FF480
:10722000E871702000F08EFE40F23951702000F0BD
:1072300089FE00BF401700202DE9F84F7B4CDFF896
:10724000008205464FF0010B04F1080AB8F1000F67
:1072500004D0002140F2C650AFF30080BBF1000F14
:1072600004D1734B0BB1AFF3008062B64FF0000353
:107270002374B8F1000F04D0002140F2CB50AFF3DB
:10728000008094F821606B4BB146013606F001078F
:1072900003EB891E03EB871CBEE80F00ACE80F0070
:1072A000BEE80F00ACE80F00BEE80F00ACE80F002E
:1072B0009EE80F003E468CE80F00B8F1000F04D0A6
:1072C000002140F2DE30AFF3008009EB490907EB03
:1072D00047070AEB09033AF809209B782AF80720A8
:1072E0005744BB70B8F1000F04D0002140F2E230E7
:1072F000AFF30080237C03F0FF01002B40F0868079
:10730000B8F1000F03D040F2D550AFF3008005EB89
:10731000461304EB4303770193F82820032A73D123
:1073200006EB4602224492F808904D4578D0B9F118
:10733000200F69D04B4601E0202B65D0FA1804EBF2
:107340004202194692F829309D42F5D1202D5BD09A
:107350007B19394404EB430304EB410193F82930D2
:1073600081F82930B8F1000F0CD0002140F24B30E9
:10737000AFF30080B8F1000F04D0002140F2DA50E2
:10738000AFF300802F4404EB4707012387F8283030
:10739000B8F1000F04D0002140F2E350AFF30080B9
:1073A000254B0BB1AFF30080EFF3108B72B6237C4B
:1073B000002B7FF44BAF4D4503D1204B1B78202B86
:1073C0001CD094F82130DB4303F0010384F8213012
:1073D000FF2323740124BBF1000F04D1144B0BB124
:1073E000AFF3008062B6B8F1000F04D0002140F284
:1073F0000560AFF300802046BDE8F88F31460220DB
:10740000FFF756F80028DCD10024E4E7B8F1000FBC
:107410003FF424AF002140F2D150AFF3008015E7D4
:10742000202DF1D093F8293013729BE7C817002064
:1074300000000000F01700200000000040170020AE
:107440000000000070B506280DD8DFE800F01C52DF
:10745000040C0C740D00B14A4FF0804112680123F6
:10746000C1F80835136070BDAD4D2B78202B00F0AE
:107470009180AC4C5A0104EB4313A2585868BDE804
:10748000704005211047A54CD4E90623B3F1FF3F16
:1074900008BFB2F1FF3F00F0D080A34E0120FEF7FD
:1074A0003FF9737F012B04D0FDF77AFE002800F02E
:1074B00030819B4D2B78202B00F09B80FF23A37302
:1074C000D6E90223B3F1FF3F08BFB2F1FF3F05D079
:1074D0000520FEF74FF8002800F016812B78914A1E
:1074E000590102EB4313BDE870405258586801211E
:1074F00010478B4D2B78202B00F0A6808A4E737F8F
:10750000012B04D0FDF74CFE002800F0F380834CE3
:10751000D4E90623B3F1FF3F08BFB2F1FF3F61D0CA
:107520002B78804A590102EB4313BDE87040525852
:10753000586800211047794C94F820307BB1D4E989
:107540000623B3F1FF3F08BFB2F1FF3F00F0A28076
:107550000120FEF7E5F8002384F8203070BD704D5F
:107560002A78202A00F09D806F4E4FF0FF324FF0B6
:10757000FF33C6E90223A37B002B00F0B6802B78F3
:10758000684A590102EB4313BDE8704052585868ED
:1075900006211047614890F8213003EB4301014474
:1075A000DAB20B7A202B00F0AA8003EB421200EB38
:1075B000420292F829400C72FF210174022182F8E4
:1075C0002810584C58492B700022C27381F828208B
:1075D00004EB4312127E002A7FF44CAF01F0DCF87A
:1075E0002B7847E7FDF748FB04F0F9FEC4E90601F4
:1075F00096E794F82130DAB203EB43032344197A77
:1076000020297CD001EB421204EB420292F82900BF
:107610001872FF232374434B297003EB411100239D
:10762000097EE37386F82830022382F82830002987
:107630007FF444AF01F0B0F840E7FDF71DFB04F024
:10764000CEFEC4E9060128E7344A92F8213003EB64
:1076500043001044DBB2017A202950D001EB4313E0
:1076600002EB430393F829400472FF2010740220B8
:1076700083F828002B4B297003EB41112A4E097E19
:107680000023D37386F8283000297FF438AF01F047
:1076900083F834E7FDF7F0FA04F0A1FEC4E906012F
:1076A00056E794F82120D1B202EB42022244107A2C
:1076B000202824D000EB411104EB410191F829600E
:1076C0001672FF222274174A287002EB4010164EE1
:1076D000027EE37386F82830022381F82830002ADE
:1076E0007FF443AF01F058F83FE740F24361702068
:1076F00000F028FC40F25161702000F023FC40F2C1
:107700004721702000F01EFC40F22F61702000F035
:1077100019FC40F22961702000F014FCC817002009
:1077200040170020401300204817002070B5284B58
:107730001A78202A86B045D0264CD4E90213B3F13A
:10774000FF3F08BFB1F1FF3F37D1234D05EB421595
:107750000646D5E90201FDF721F92B7DEA8AD21808
:1077600002F101024FF0000C4CEB0C0C93194CF1A0
:10777000000C18180DF10B034CEB0101009303AA48
:1077800004ABFDF76DF99DF80B20DDE904310F2AFC
:1077900094BF002201229B1841F10001C4E902318B
:1077A0000E4B9B7B13B9012006B070BDD4E90223B8
:1077B0000520FDF7DFFE06B070BD40F62F017020FA
:1077C00000F0C0FB40F62E01702000F0BBFB00BFB4
:1077D000401700204817002040130020C817002041
:1077E000FDF71ABE38B5234B93F800E0BEF1200F29
:1077F0003AD0214D95F8213095F821C003EB430391
:107800002B445FFA8CFC1B7A202B1FD01B4C4FEAB9
:107810004C1C06E0634405EB430393F82930202B0E
:1078200014D004EB4312117E8142F3D804EB4E14C2
:10783000D4E9021320694018D2E9021243F100038F
:10784000814272EB030304D2002038BD4FF0FF30B9
:1078500038BD0B4B081A1C68FDF792F804F132038F
:107860008342F1D8001B38BD40F66801702000F05B
:1078700069FB00BF40170020C817002040130020FC
:10788000481700202DE9F04F8D4B1E7887B0202E31
:10789000019000F010818B4F8B4D97F821302868B4
:1078A00003EB43033B440DF113021C7A019B184484
:1078B0002B6903938946AB69029305A9FDF7A4F8E8
:1078C000019A824B323A9A4261D8DFF80882059BCE
:1078D000696908EB4616B2689B1832699B182A69D9
:1078E0009B1A23F07F40B0F5000F50D897F821A0E5
:1078F000AB61202C85F820905FFA8AFA18BF4FF010
:10790000200B00F0CB8008EB441C9B18DCF808002F
:1079100041F100019842DCF80C308B414FEA4416EB
:107920004ED39CF81530012B02D06B7F012B32D047
:107930000520FDF793FE97F821104FF0FF324FF02E
:10794000FF33BBF1200FC5E90223C9B240F0A48088
:1079500001EB4101394420240B7A594A97F8211050
:10796000127802EB411207EB420282F829302B68B1
:10797000019A13442B60FF233B74202C40D0544BBE
:10798000187800F0BFFC002007B0BDE8F08F0120A0
:1079900007B0BDE8F08FA0EB0209FDF767F940F2F0
:1079A0005633984220D040F2F55398421AD0B0F5A1
:1079B000C67F14BF01230E234B45B9DD95F82090F7
:1079C0004644337E4B4511D904EB4A1307EB43037E
:1079D00093F82930202B17D0A346D5E904211C4663
:1079E000AB6990E73323E7E71D23E5E7DDE90231E3
:1079F0002A695B189B1A0220AB6107B0BDE8F08FC3
:107A0000002007B0BDE8F08F0520FDF727FE4FF0FE
:107A1000FF324FF0FF3397F82110C5E90223C9B2B6
:107A200001EB41033B4404EB411207EB420293F8A4
:107A300008A092F829201A724FEA410C48015346D7
:107A40004FF0050800EB030E07EB4E0E1A4694426A
:107A50001E468EF828809EF82930F3D10CEB010EDB
:107A6000BE4461449EF80A90B9F1200F5FFA89F88C
:107A700018BF80443944024418BF07EB480807EB9D
:107A800042028E724FF0200114BF88F829A08EF8B0
:107A900009A082F8291060E75C46C1E70520FDF7E0
:107AA000DDFD97F821104FF0FF324FF0FF33C5E9AD
:107AB0000223C9B24CE74FF40961702000F042FA8A
:107AC00040170020C817002048170020CE3F420F63
:107AD00078170020401300202DE9F04FA64C94F8B1
:107AE000213000EB431304EB430383B093F82830B9
:107AF000002B00F03C8194F82170DFF88882054665
:107B0000FFB2B8F1000F04D0002140F6CF00AFF370
:107B100000807E0105EB471704EB4707B8F1000F23
:107B200040F0E880771904EB470797F82830012BDD
:107B300009D0043B022B40F2D08004F0EFFC97F810
:107B40002830012BF5D1DFF840B201230193ABF1CE
:107B5000200AB8F1000F04D0002140F6E600AFF390
:107B60000080019B23B9854B0BB1AFF3008062B657
:107B70004FF000032374B8F1000F04D0002140F649
:107B8000EB00AFF3008094F82160B1460BEB891E47
:107B9000BEE80F00013606F001070BEB871CACE8CE
:107BA0000F00BEE80F00ACE80F00BEE80F00ACE825
:107BB0000F009EE80F003E468CE80F00B8F1000F62
:107BC00004D0002140F2DE30AFF3008009EB490918
:107BD00007EB47070AEB09033AF809209B782AF8D4
:107BE00007205744BB70B8F1000F04D0002140F2C9
:107BF000E230AFF30080237C03F0FF01002B40F064
:107C00008E80B8F1000F03D040F6F500AFF300808E
:107C100006EB460323444FEA46095F7ABD4200F073
:107C20009B80202F30D0700101E0202F2CD0C31971
:107C300004EB430339463A4693F82970BD42F4D128
:107C4000202D21D00144284404EB400004EB4101E5
:107C500090F8293081F82930B8F1000F06D00021C2
:107C600040F243300192AFF30080019A09EB060322
:107C700023449B7A9F4260D0B8F1000F0CD00021C2
:107C800040F24B30AFF30080B8F1000F04D0002178
:107C900040F6F900AFF30080394B0BB1AFF3008031
:107CA000EFF31083019372B6227C002A7FF451AF68
:107CB00084F82160FF22227423B9304B0BB1AFF35B
:107CC000008062B6B8F1000F04D0002140F60B101E
:107CD000AFF3008003B0BDE8F08F731904EB4303EA
:107CE000DFF8A4B0012283F8282001230193ABF12F
:107CF000200A2EE797F82830012B3FF424AF043BED
:107D0000022B16D9002140F6DB00AFF3008004F00F
:107D100005FC002140F6DF00AFF30080FEE6B8F17D
:107D2000000F3FF41EAF002140F6F100AFF30080DA
:107D30000FE7012387F82830EBE7B8F1000F06D0F2
:107D4000002140F246300192AFF30080019A09EB26
:107D5000060323449A728FE7202D95D005EB461237
:107D600004EB420292F829205A72202274E740F66E
:107D7000C601702000F0E6F8C817002000000000DF
:107D80000000000000000000F017002070B586B071
:107D900063BB064610460D46FCF7F2FD0DF10B03E2
:107DA00004460093304604AB294603AAFCF758FE6C
:107DB00003981349231A8B420BD3001B88420ED31E
:107DC000104A93420DD8904215D9C0F1614303F592
:107DD000F7030A9AA2F10F00C01A06B070BD434221
:107DE000F7E703F1F45303F59023F2E740F611119E
:107DF000702000F0A7F840F65801702000F0A2F8BB
:107E00000040420FFF7F841EBFF34F8F0549064B92
:107E1000CA6802F4E0621343CB60BFF34F8F00BF28
:107E2000FDE700BF00ED00E00400FA05094B012268
:107E30005A604FF0FF32C3F80823074B4FF48042DB
:107E4000C3F88020BFF34F8FBFF36F8FC3F880213B
:107E5000704700BF00E0004000E100E0094B012254
:107E60005A604FF0FF32C3F80823074B4FF480529B
:107E7000C3F88020BFF34F8FBFF36F8FC3F880210B
:107E8000704700BF00C0004000E100E0084B002246
:107E9000C3F8FC2F0122C3F8FC2F064B0222C3F8C3
:107EA0008020BFF34F8FBFF36F8FC3F880217047DF
:107EB0000010004000E100E0F8B51B4E33780546A5
:107EC0000C4617466BBBFCF779FC184B7760002D0E
:107ED00008BF1D4628463472FFF7D8FFFFF7BEFFE4
:107EE000FFF7A4FFFDF704F80546C0B9F4F7F8F969
:107EF000FCF7F2FFFCF73CFF04F079F9002C0CDBF7
:107F000004F01F026409A40004F1604404F5614414
:107F100001239340C4F88031236001233370284645
:107F2000F8BD4FF0FF35FAE77018002052E3030068
:107F300008B572B6024B5B6803B19847FFF764FF60
:107F4000701800201FB572B6134B5D688DB9FFF72E
:107F50005BFFB2FBF6F2DCB20133002AF9D104F187
:107F600010036B4403F80C2C0A2234B901A8A8476B
:107F7000EDE7024600230A26EDE7631E04AEDCB2FD
:107F800056FA83F3B0FBF2F602FB1600303003F82A
:107F90000C0C3046E9E700BF70180020074B93F93E
:107FA0000830002B09DB5A09012103F01F0301FAF5
:107FB00003F34032024941F8223070477018002024
:107FC00000E100E0014B1878704700BF70180020F6
:107FD0002DE9F84FDFF8CCA0304C314DDFF8C890D8
:107FE000074601269AF800805FFA88F8FF238AF88E
:107FF0000030B8F1000F01D08AF80130EFF31082A1
:1080000072B600236660C4F80031C4F80431C4F8C5
:10801000047526603AB962B605E0D4F8043133B984
:108020002B69DB0620D4D4F80031002BF5D0D4F82E
:108030000431002BE2D1B8F1000F13D19AF80130CE
:10804000DBB28AF8018003214FF48042C4F80813A0
:10805000C4F80481C4F80081C9F880218AF800803E
:10806000002BBFD1BDE8F88F4FF48043C9F88031B1
:10807000EFF3108B72B60323C4F80433D4F8003145
:1080800013B9D4F804311BB1BBF1000FCBD1C2E757
:1080900004F044FABBF1000FC5D1BCE700E000409A
:1080A00000ED00E07C18002000E100E070B516460D
:1080B000DA078CB01D4686468C4640F1A280C37B11
:1080C0008DF80030837B8DF80130437B8DF80230D2
:1080D000037B8DF80330C37A8DF80430837A8DF8F2
:1080E0000530437A8DF80630037A8DF80730C3796E
:1080F0008DF8083083798DF8093043798DF80A308E
:1081000003798DF80B30C3788DF80C308378427882
:108110008DF80D3003788DF80F308DF80E20CA7B66
:108120008B7B8DF810208DF811304A7B0B7B8DF8FE
:1081300012208DF81330CA7A8B7A8DF814208DF8BE
:1081400015304A7A0B7A8DF816208DF81730CA79D7
:108150008B798DF818208DF819304A790B798DF8C4
:108160001A208DF81B30CA788B788DF81C208DF87A
:108170001D304A780B788DF81E208DF81F306C4624
:108180002046FFF725FFAB0731D59DF82F009DF85E
:108190002E109DF82D209DF82C30307071709DF8B8
:1081A0002B009DF82A10B270F3709DF829209DF8DD
:1081B0002830307171719DF827009DF82610B2713A
:1081C000F3719DF825209DF82430307271729DF86E
:1081D00023009DF82210B272F3729DF821209DF8C1
:1081E000203030737173B273F3730CB070BD0DF146
:1081F000200CBCE80F0030607160B260F3600CB01E
:1082000070BDDEF80410DEF80820DEF80C300068DF
:108210006C46A646AEE80F00DCF80000DCF804105F
:10822000DCF80820DCF80C30AEE80F00A8E700BF4F
:108230001B4B4FF4805270B5C3F88020BFF34F8FB3
:10824000BFF36F8F174D184C0021C5F80011C3F80C
:1082500080212669236943F0100323610123C5F8B7
:10826000043306F010062B60D5F80031A3B11EB917
:10827000236923F0100323610A4B0122D3F8080578
:108280005A60C3F808230022C3F80021044B4FF4BE
:108290008052C3F8802170BD04F040F9E4E700BFCC
:1082A00000E100E000C0004000ED00E038B50C49FE
:1082B00002460520431ED8B2FF2803D14821692079
:1082C000FFF740FE01EBC0031D7905F0FF04002D10
:1082D000F0D141F8302001225C719C711A7138BDD7
:1082E00080180020042808B503D94F216920FFF722
:1082F00029FE034B03EBC0000023037108BD00BF40
:1083000080180020042808B503D958216920FFF7F8
:1083100019FE094B03EBC0000379012B01D0592151
:10832000F4E7437982790133DBB29A4218BF437193
:10833000BDE80840FFF732BE8018002070B5124C2F
:1083400006250026013D15F0FF0500D170BD94F80B
:10835000281004EBC1031A79012A09D158799A79B6
:10836000904205D05A79D2B29A7154F83130984778
:1083700094F828300133DBB2042B94BF84F8283002
:1083800084F82860DEE700BF8018002008B504F0FC
:1083900059F870B904F05FF858B904F065F840B9BD
:1083A00004F074F8044A054B002808BF1346184629
:1083B00008BD024BFBE700BF00E701400C05004091
:1083C00008B504F063F808B3EFF3108072B6104AF2
:1083D0001369116941F010011161A2F5406203F0C7
:1083E0001003D2F80011D2F804210A4300D040BF94
:1083F00020BF00BF00BF00BF00BF23B9044A1369FC
:1084000023F01003136100B962B608BD20BFFCE77A
:1084100000ED00E0914270B53BD2B2FA82F33BB17D
:10842000C3F1200420FA04F49940214398409A4073
:10843000160CB1FBF6FC06FB1C1424041FFA82FE8A
:10844000030C85B204EB10400CFB0EF4844206D9F9
:10845000201A90428CBF02200120ACEB000C03EBF1
:1084600001410CFB1211B1FBF6F006FB101105EBFC
:10847000014100FB0EFE8E454FEA0C4C06D9AEEBD7
:10848000010E96458CBF02220122801A40EA0C00A0
:1084900070BD73219620FFF755FD00BF2DE9F8430D
:1084A0001C4652EA040349D0074615460E467CB9DD
:1084B000914208D321463046FFF7ACFF04462A46D6
:1084C000384604FB1561FFF7A5FF2146BDE8F88398
:1084D000B4FA84F9B9F11F0F34DC4FF0010808FA3F
:1084E00009F2A2FB051320FA08F002FB043226FA77
:1084F00008F140EAC670FFF78DFFC9F11F03D840AD
:108500004FF0000118D0431E8C4661EB010105FBC2
:1085100001F203FB042280461846A5FB033EFB1A2A
:10852000724466EB02061F46AF4276EB040324BF9B
:1085300040466146BDE8F8838446F5E7CA219620A7
:10854000FFF700FDE7219620FFF7FCFC30B5441A49
:10855000944229D33AB34B1CC31A022B2FD9531E72
:10856000072B2CD922F003058C4686460D445CF877
:10857000044B4EF8044BAC45F9D122F003039A4268
:1085800002F0030400EB030501EB030C0BD0CA5C03
:10859000C254012C07D09CF801306B70022C02D021
:1085A0009CF80230AB7030BD002AFCD08B1802441E
:1085B00013F801CD02F801CD8B42F9D130BD4B1E2D
:1085C0000244014613F8014F01F8014B9142F9D1E1
:1085D00030BD00BF81EA000370B59E075DD18507FD
:1085E0005FD0002A58D0034601E0002A54D011F889
:1085F00001CB03F801CB9C0702F1FF32F5D1032A2E
:1086000029D941EA0305141F6E074FEA940E4AD197
:108610002B2C48D90EF101064FEA560C03EBCC0C7B
:10862000A1F108051C4695ED027BA4EC027B644594
:1086300005F10805F7D1F50726F0010403D551F837
:10864000245043F824500EF1010402F0030203EB1E
:10865000840301EB8401FAB1541E022C1FD922F0CD
:1086600003058C460D449E465CF8044B4EF8044BC3
:10867000AC45F9D122F00304A2422344214402F084
:10868000030509D00A781A70012D05D04A785A706E
:10869000022D1CBF8A789A7070BD0346DBE7154631
:1086A000F0E70346ABE70EF1010C01EB8C0C1D1F4C
:1086B0000C4654F8046B45F8046F6445F9D1C2E7E1
:1086C0002DE9F04184075FFA81FE5FD0002A59D07E
:1086D000034601E0002A55D003F801EB990702F1A7
:1086E000FF32F7D14EEA0E24032A44EA04443ED96D
:1086F000151FAE08172D06F10106C3F3800147D9F7
:108700009846002940D048F8044B771A03EB810CB7
:1087100079080CEBC101CCE900440CF1080C61456F
:10872000F9D127F0010C08EB8C016745CCEB8C7874
:1087300005EB880517D02F1F032F0C6013D9A5F167
:108740000807032F4C600ED9A5F10C07032F8C608E
:1087500009D9A5F11007032FCC6004D9143D032DCE
:108760000C6188BF4C6102F0030203EB86034AB13F
:10877000013A83F800E005D0012A83F801E018BF30
:1087800083F802E0BDE8F0811546BEE70346A9E79D
:1087900019461546CFE700BF014B01229A77704773
:1087A000E81800202DE9F04786468C460846089ECA
:1087B000154674461946002B40F0C2808542B2FA35
:1087C00082F245D94AB1C2F1200300FA02FC2EFA26
:1087D00003F3954043EA0C0C94404FEA154EA8B2BF
:1087E000BCFBFEF8230C0EFB18CC08FB00F943EA97
:1087F0000C43994528D9EB1808F1FF3704D2994565
:1088000002D9A8F102072B44A3EB0903A4B2B3FBDE
:10881000FEFC0EFB1C330CFB00F044EA0344A042B8
:1088200014D92C190CF1FF3304D2A04202D9ACF1B7
:1088300002032C44241A43EA07401EB1D44000230B
:1088400034607360BDE8F0874746DDE76346F1E7D3
:1088500092BB431B01214FEA154EAFB2B3FBFEFCA6
:10886000200C0EFB1C330CFB07F840EA0343984531
:1088700062D9EB180CF1FF3004D2984502D9ACF163
:1088800002002B44A3EB0803A4B2B3FBFEFC0EFBD7
:108890001C330CFB07F744EA0344A7424ED92C19BA
:1088A0000CF1FF3304D2A74202D9ACF102032C44ED
:1088B000E41B43EA0040C0E7C2F1200320FA03F1C1
:1088C000954090402EFA03F303434FEA154EAFB2A2
:1088D000B1FBFEFC0EFB1C10190C0CFB07F841EA67
:1088E0000041884504FA02F422D969180CF1FF30DE
:1088F00004D2884502D9ACF102002944A1EB080159
:108900009BB2B1FBFEFC0EFB1C110CFB07F743EA0C
:1089100001439F420ED9EB180CF1FF3104D29F4264
:1089200002D9ACF102012B44DB1B41EA004192E782
:108930006046E3E76146F7E76046A3E76346B7E7CB
:10894000834206D916B9002108467BE7C6E900E054
:10895000F9E7B3FA83F78FB9834201D3724508D898
:10896000BEEB020460EB030301209C461EB900210C
:1089700068E73846FAE7C6E9004CF8E7C7F1200C8B
:10898000BB4022FA0CF41C432EFA0CF120FA0CF333
:10899000B84001434FEA14490EFA07F5B3FBF9F862
:1089A0001FFA84FE09FB18300B0C08FB0EFA43EA91
:1089B00000439A4502FA07F240D9E31808F1FF3064
:1089C00004D29A4502D9A8F102002344A3EB0A037A
:1089D00089B2B3FBF9F809FB183308FB0EFE41EA34
:1089E00003418E452CD9611808F1FF3304D28E451E
:1089F00002D9A8F10203214443EA0040A0FB0298F7
:108A0000A1EB0E014145CE46434602D306D14D456A
:108A100004D2B9EB020E68EB04030138002EA6D095
:108A2000B5EB0E0261EB030101FA0CFC22FA07F32D
:108A30004CEA0303F940C6E9003198E74046C5E730
:108A40004346D9E71FB5014601A800F006F801A882
:108A500002F090FA05B05DF804FB0B88C3F30B033A
:108A600083804B88C380002242724B78C3F301138A
:108A7000012B02D0022B18BF134604310372016090
:108A8000704710B58B880370437803F0F003437090
:108A90008A88C2F3032213434370CA888270CA884B
:108AA00003F0CF03120A4370C2700A7A120102F077
:108AB0003002134303F03F0343704A7A43EA8213C0
:108AC00043700C4609680430814205D0E288FB2AD5
:108AD00028BFFB22FFF77EFDE0880430C0B210BD46
:108AE00010B48B880370437803F0F00343708A88D6
:108AF000C2F3032213434370CA888270C27802F023
:108B0000C002C270CC88C4F30524224303F0CF0313
:108B10004370C2700C7A240104F03004234303F044
:108B2000BF0343704C7A43EA841303F07F0302F0DF
:108B30003F024370C2700B680430834205D0CA887C
:108B40005DF8044B1946FFF745BD5DF8044B7047CF
:108B500070B50B78013B05460C46182B00F20A81D4
:108B6000DFE813F02F0033000801A600AC00B200CC
:108B7000B800BE00C200C400D400DA001900080129
:108B800008013700C800CE00DE00E400EA00F00073
:108B9000F600FC0002010E23B1F803200B7042F234
:108BA00083039A4209D106236370667802363246FF
:108BB00021462846FFF70EFD51E03121C720F4F78A
:108BC000B3FB0C230B700823EEE71A230B70012371
:108BD000EAE72920F4F7FEFD30B13E23237022237B
:108BE00063702923A370E0E70A20F4F7F3FD3E2326
:108BF00005F1080204F108012B7090B30A23AB7051
:108C0000E378EB70A3882B71A3881B0A6B71A3799F
:108C1000AB71E379EB71A368AB608B889380D4F878
:108C20000E30C5F80E30638A6B8263696B61238BEB
:108C30002B83638BAB76638B1B0AEB76A38B2B7733
:108C4000A38B1B0A6B77E38BAB77E38B1B0AEB776A
:108C500094F8203085F820301F266E70023630469A
:108C600070BD0123AB70E378EB70A3882B71A388F0
:108C70001B0A6B71A379AB71E37903F00103EB710C
:108C8000A368AB608B889380638BAB73638B1B0A89
:108C9000EB73A38B2B74A38B1B0A6B74E38BAB74EA
:108CA000E38B1B0AEB7494F820302B751326D4E762
:108CB0003E230B7004234B70142393E73E230B7069
:108CC0000C234B7004238DE73E230B700A234B705B
:108CD000032387E73E230B700D234B70052381E7A9
:108CE0000523237004235FE70823FAE730230B7082
:108CF000032359E73E230B700B234B70072371E7C7
:108D00003E230B7006234B700C236BE713230B7071
:108D10008B789B00013347E757230B70022343E70F
:108D20003E230B7006234B7012235BE73E230B7030
:108D300009234B70132355E73E230B7005234B701B
:108D400020234FE73E230B7009234B70212349E773
:108D5000FF230B700B234B70A22343E7FF230B7001
:108D600005234B70A3233DE7FF230B700D234B70AE
:108D7000802337E740F26F2120E708B510B1FFF7F5
:108D800061FE10B96FF0150008BD0020FCE710B5BA
:108D90000C4630B129B1F4F773FC28B120700020E3
:108DA00010BD6FF01500FBE76FF02200F8E708B583
:108DB000F4F7EEFC002008BD01F0C7B808B5F4F7E1
:108DC000F9FC002008BD01F08EBB01F09CBB022223
:108DD00002708270D62242716FF0250282716FF0AC
:108DE0003802C2716FF051020272082242726FF0B3
:108DF00024020023827272224370C3700371C27214
:108E00001846704701F0F1B838B54FF0805304466A
:108E1000D3F8A020D3F8A410013106D1D3F8A8309C
:108E20004FF6FF719BB28B423ED0D3073CD54FF03B
:108E30008055D5F8A420D5F8A830A4F80530C3F3A0
:108E4000072363F03F03C4F80120A371D5F89030E5
:108E5000013323D0D5F8943001331FD0D5F89830A2
:108E600001331BD0D5F89C30013317D00020F7F721
:108E7000D3F998B9D5F89000D5F89410D5F8982082
:108E8000D5F89C30C4F81330C4F80700C4F80B10B0
:108E9000C4F80F2001232370002038BD10220021C8
:108EA000E01DFFF70DFCF5E70023F4E770B54FF088
:108EB0008055102200210446D5F8A060FFF700FC81
:108EC00010220021A018FFF7FBFBD5F880300133FA
:108ED0000BD1D5F88430013307D1D5F88830013370
:108EE00003D1D5F88C3001330BD0D5F88000D5F8FC
:108EF0008410D5F88820D5F88C30E3612061616159
:108F0000A2610020F7F788F908B9F3071DD44FF0E4
:108F10008053D3F8902001320BD1D3F89420013242
:108F200007D1D3F89820013203D1D3F89C20013225
:108F30000BD0D3F89000D3F89410D3F89820D3F83E
:108F40009C30E36020606160A260002070BD10B5BD
:108F50000446FFF76DF9B0F5007F09DA10F5007FE0
:108F600008DD031EB8BF03339B102370002010BD23
:108F70007F23FAE76FF07E03F7E7012070470120B7
:108F8000704701F015BB0078003818BF012001F0D0
:108F900023B9F6F783BE8178008801F0D4BA01F0D6
:108FA000F0BA37B505460C4600880DF1060101F010
:108FB00018F92B882380BDF80630638003B030BDDC
:108FC000F6F774BE01F00FBB00F0A8BF01F002B8C5
:108FD00008B5F4F7F7FB002008BDF6F75BBC01F01D
:108FE00019B8F6F7E1BD00F0E1BF01F01ABA01F0DF
:108FF000E4B901F02BBA00F055BF00F05ABF00F001
:1090000066BF00F078BF01F016B801F0F7B800F0C5
:10901000D8BF00F094BF03880B8001F049BA0388E1
:109020000B8001F053BA01F02DB8F6F789BCF6F7C2
:109030006FBC01F055B801F063B8F6F78BBC01F0D6
:10904000A0B800F0A2BF01F0BCBAF6F72DBCF6F74D
:10905000AFBCF8B5D4181F46BDF81830053414FB62
:1090600003F4A4B2054604F11B0020F0030080B213
:109070008842164603D0A3211420F4F755F915F0C1
:10908000030101D0A421F7E7B4F5004F01D9A521D0
:10909000F2E71422281DFFF713FBEF746C802E807B
:1090A000F8BD70B50688C58803898E42C5F30E02E7
:1090B000C3F30E0403D2C9211420F4F735F95D403F
:1090C000C5F30E030BB92D0409D4A24209D2C37C07
:1090D000A41A0533E41AA14203DD00238374184661
:1090E00004E01832012381528374104470BD01449E
:1090F000053111FB02F01B3020F0030080B27047F5
:1091000040881B3020F0030080B2704738B50388D8
:109110008B4204D240F201111420F4F705F9857C4A
:1091200065B1C388C3F30E031833C25A8A4207D30A
:10913000C152811DF4F774FB00238374284638BDA7
:109140000025FBE70346F0B59C88A5B2C4F30E06E4
:10915000DC88AC4200F1180002D10020D881F0BDBB
:109160005F89DC7C855B3C4402343444ED1B204445
:109170000C88ADB2AC4288BF0D805C89B4FA84F42F
:10918000640914700A88DA81E9E7F8B58288C3892E
:10919000002604460D4692B20E60CBB1C2F30E0219
:1091A0004189183287180B44825A9BB293424381FB
:1091B00004D94FF4A7711420F4F7B6F804D1011DB7
:1091C000F4F72EFB46812F600023E3810120F8BDD8
:1091D0001846FCE770B5044604F11806A3882289F6
:1091E0009BB29A420846C2F30E050DD021B1A91CCC
:1091F000E27C3144FFF7EEF904F108012046755B8B
:10920000F4F70EFB284670BD0025FBE78388C08875
:109210009BB2C31A584258417047828873B5C488BC
:1092200095B2AC42C2F30E0202F1180212D041898B
:10923000C689835A314499420EDB0DF10601ADF81F
:109240000650F4F7EDFABDF80600001B18BF012028
:1092500002B070BD0020FBE70120F9E7028970B57C
:10926000C588C5F30E065540C2F30E04C5F30E02C1
:109270000346183022B92A0402D50020188270BD96
:10928000B4421D8806D9DA7CA41B0532A41AA54273
:10929000A8BF25469A890AB1845B2D1BA942ECDC44
:1092A000DC7C1982033A0534324422441044E6E758
:1092B000F8B5038A002B39D08B4237D3C48885890F
:1092C00000F11803C4F30E041E1995B91D557570ED
:1092D00085891E5B0D44ADB2314485811953DAB1E5
:1092E000811DF4F79DFA002383810023038201206E
:1092F000F8BD1E5BAE4204D040F201211420F4F709
:1093000013F8C57C878A033E2644053535445E192B
:109310005F53857DB570DBE7C27C2C441444023476
:109320001A191B5B838293788375DEE70020DFE7E1
:109330008388C2889BB29A4206D0428922B9C3F37D
:109340000E0318331844704700207047C37C088808
:1093500002330B44136070470230704738B583887E
:10936000C2889BB29A4209D043893BB9C5893DB9AD
:10937000011DF4F755FAC581012038BD0020FCE736
:109380001846FAE703881380C388C3F30E03183323
:1093900003440B608089704708B54B1E062B04D828
:1093A0004FF4D1711520F3F7BFFF19B900B1016077
:1093B000084608BD58B1B1F5803F02D34FF4DA71C9
:1093C000F0E7036800225A601A1D19811A600431FF
:1093D000EEE70268002322B90381031D42600360A7
:1093E0007047918812680B449BB2F4E703464FF62E
:1093F000F672A1F10800904270B504D94FF4ED71F6
:109400001520F3F791FF1868B8B1848802688C4280
:1094100014D03AB98EB206F10805ADB2AC4204D20E
:1094200010460AE003461046EFE742501A68451816
:109430001268A41BAC8042501D6070BD1A60FCE72E
:1094400000230B6003688A800B600160704730B5B1
:1094500090B18478B1FBF4F304FB131300EB4302E7
:1094600052898A4201D1D8B230BDC27822B900F106
:109470000A03D0B2844201D8FF20F5E733F8025B3B
:10948000A94202F10102F4D1EEE7827803880532A5
:10949000594301EB42010844704713B50023CDE95D
:1094A000003304468DF806006846F4F799FB08B1CE
:1094B00002B010BDBDF804002146F4F76DFB002892
:1094C000F2D040F21D211720F3F72EFF70B50D46A4
:1094D0000A211E46FFF70BFE3246044609212846A4
:1094E000FFF705FE204470BD012303707047F8B5F7
:1094F00005460846002811461E4614BF00240224D3
:10950000FF23AB702B191B7D012B04D001342B19C9
:109510001B7D012B19D105EB44073B8B3A8C981925
:10952000904204DD2C44002038832075F8BD05EB03
:109530008404324660681844FFF74CF83A8B1644AE
:109540003E830023AB700120F0E70020EEE7002906
:1095500010B514BF00230223FF218170C1180C7DB8
:10956000012C07D10C3320F8132002230B750023A4
:10957000837010BD0133C1180C7D012CF2D040F274
:1095800015110920F3F7D0FE30B5827802F0FF0301
:10959000EAB9027D022A18D0427D022A17D11A4662
:1095A000012381B185180C3200242C7520F812405B
:1095B000C2180324147500EB83020C33526830F890
:1095C00013300A608B80012002E00122E9E70020CD
:1095D00030BD30B58378E3B9837D022B17D0C47DCD
:1095E000022C16D1032381B105190C3400222A75EF
:1095F00020F81420C2180324147500EB83020C33E6
:10960000526830F813300A608B80012002E0032496
:10961000E9E7002030BD037D012B01D1008B7047AD
:10962000437D012B0CBF408B00207047837D012BB5
:1096300001D1808B7047C37D012B0CBFC08B0020F4
:109640007047038B23B9408B003818BF0120704747
:1096500001207047838B23B9C08B003818BF0120CD
:10966000704701207047027D022A01D1008B7047AC
:10967000437D022B01D1408B7047032AF6D0032B88
:10968000F9D000207047827D022A01D1808B70477B
:10969000C37D022B01D1C08B7047032AF6D0032B68
:1096A000F9D000207047F4F705BC012808B506D0B2
:1096B000022806D040F2B2310620F3F735FE002032
:1096C00008BD0120FCE7F4F741BC37B5002305468F
:1096D00001A80193FAF7BCFF019B284613F0030F82
:1096E0000CBF00240A2402F0C9F970B1284602F028
:1096F000B3F938B9284602F0B3F918B904F15000AB
:1097000003B030BD04F15A00FAE704F16100F7E755
:1097100070B50D460646FAF7E5FE04463046FAF700
:10972000D9FE04F5234328444FF47A72A133B3FBE6
:10973000F2F3184470BD10B5044690F86900FAF7CA
:10974000D1FE00F55F4141314FF47A70B1FBF0F189
:10975000204601F24511BDE8104001F00CBD13B5E3
:10976000002380F84C32A0F890321A460093194634
:109770000446F5F717F920B140F221213020F3F724
:10978000D3FD012284F84C22C4F84802C4F84002F8
:10979000A4F85E02A4F85C0284F86102B4F8902098
:1097A000A4F89202013AA4F8902002B010BDF8B5D6
:1097B00090F81031044603F0FF05E3B9D0E94212F6
:1097C0006FF000439A4208BFB1F1FF3F13D0294622
:1097D000D0E9406702F06DF8D4E94232DB309B1BE0
:1097E00062EB07021B1A62F10002002A03DA20462C
:1097F000F8F768FC01252846F8BD2DE9F047044636
:1098000018B9D2213020F3F78FFD082900F2A58086
:10981000DFE801F005123C3C38A33199A100F8F7CC
:1098200049FCD4F8F400CB38FDF780FF002840F065
:10983000888040F28121E5E702F016F90546F8B983
:109840000146204602F035F800F1DB06D4F8F400BA
:10985000B04209D2301A322838BF32200321FEF735
:1098600011F8051E18BF0125C4F8F460204602F067
:1098700021F9002D65D02046BDE8F04702F01EB961
:109880000025F3E7BDE8F047FAF7F2BCFFF71DFF4C
:10989000002384F8F03084F8FB30B4F8EA30A4F800
:1098A000F800062B0BD80133A4F8EA3004F1F005D8
:1098B0002846FDF7ABF858B940F29F61A2E7D4F80B
:1098C000CC301BB1012384F8FA30EFE70223FAE72A
:1098D0002046FFF76CFF034694F8C80033B92946C9
:1098E000FDF7AAF938B940F2A3618BE7FDF75AF802
:1098F000002384F8E830D4E94078D4E9389AB945AF
:109900007AEB08031DD2204601F0DEFF50EA010386
:1099100005460E4615D0B7EB09002A4668EB0A014A
:109920003346FEF7BBFD05FB01F200FB0621A5FB5C
:1099300000520A44D4E93801451942EB0102C4E956
:109940003852BDE8F08790F8C800FDF72BF80023E7
:1099500084F8E830F5E7F22154E7F62152E7D0F831
:10996000CC00704790F8E83010B50446E3B101210F
:1099700080F8101102F0A4F894F8E830A3B194F83C
:10998000C800FDF759FC94F8C800FEF7A5F894F854
:10999000C800FDF707F820B940F20D213020F3F799
:1099A000C3FC002384F8E830002010BD90F810219B
:1099B00010B542B990F8D02042B1D0E93531994282
:1099C00002D9F8F77FFB0022104610BD0122FBE709
:1099D00008B540F2C32101F0DAFB40F64803984293
:1099E00028BF184680B208BD7FB590F813320446F0
:1099F00003F0FF05002B45D190F84C32032B41D1E9
:109A000002F0A4FCD4E9A023801A61EB0301012831
:109A100071F1000336DB6FF00103834275EB010344
:109A200004DA40F2D7513020F3F77EFCA269B4F893
:109A300090300AB1B0FBF2F2013313449BB2A4F8A8
:109A40005C32B4F85C22B4F80C329B1A1BB2002BC7
:109A500018DD94F89402FDF7EFFB98B1FF2384F82A
:109A60006132B4F8CA30B4F890501D44B4F8C8302C
:109A7000013DED1AADB20DF10E06B4F85C32EB1AF1
:109A80001B0401D504B070BDB4F85C12009600232D
:109A9000012289B22046F4F785FF0028F2D0012880
:109AA00009D1B4F85C32BDF80E2012FA83F39BB2F0
:109AB000A4F85C32E1E74FF4C261B4E7F8B50446BC
:109AC00021B1012940D04FF4F56131E0C68C36B1A7
:109AD000F7F7EEF8E68CB0FBF6F303FB160620462C
:109AE000D4E9385701F0F0FE281847EB01010023B4
:109AF000801941F1000184F8F0300223C4E94001EB
:109B0000A4F8FA302046FFF7E0FDD4E94023A4F89A
:109B1000F800C4E938232046FFF749FE58B994F805
:109B2000C80004F1F001FDF787F820B940F2FA61AE
:109B30003020F3F7F9FB0023A4F8EA30FAF7A4F990
:109B4000BDE8F840FCF75ABD002380F8D030F5E7B7
:109B500090F8E800704713B50023CDE900330123E6
:109B60008DF806306846F4F73BF808B100200AE0AB
:109B7000009C2046FFF7ECFF0028F3D0204601F0C0
:109B8000A6FE0028EED002B010BD07B50023CDE937
:109B9000003301238DF806306846F4F721F808B148
:109BA000002004E00098FFF7D3FF0028F4D003B0B2
:109BB0005DF804FB07B5002340F6881201A9FAF707
:109BC00071FD03B05DF804FB10B5044638B1F6F73B
:109BD00021F934EA00030CBF0120002010BD012050
:109BE000FCE710B5F5F7A8FC044601F039FF40B9D1
:109BF000204601F031FF80F00100C0B200F001000A
:109C000010BD0020FAE738B5054601F04DFEF0B171
:109C10002846FFF79DFF08B9002038BD2846FFF70A
:109C20009EFE04462846FFF79DFE054688B9002C97
:109C3000F2D02088F6F74EFA20882946F3F7ACFFD9
:109C40000028E9D041F65C013920F3F76DFB422092
:109C5000E3E70C20E1E72DE9F843B0F85A60B0F8EB
:109C60005C50804630300F46FFF7B2FE02210446BA
:109C700000F0F8FE02218146204600F0F3FE4E453A
:109C800028BF4E46B6B21B2E38BF1B26FB2E28BF60
:109C9000FB26A84228BF284680B21B2838BF1B20BD
:109CA000FB28B8F800303B8028BFFB20B4F5A47F28
:109CB00038BF4FF4A47440F648039C4228BF1C46AA
:109CC0007E80F880BC803C81BDE8F8832DE9F041BE
:109CD00086B0054601A9008800F046FE044600282B
:109CE00073D1029A92F86E31003B18BF01238DF8B0
:109CF0000230D2F8883099064ABF9DF802300346F8
:109D000083F0010303F001038DF8033092F8E8308B
:109D10009B0603D49DF80330002B5CD0EB881B3BE3
:109D20009BB2E02B59D82989A1F5A4739BB244F2C8
:109D30004810834251D86B881B3B9BB2E02B4CD818
:109D4000AA88A2F5A4739BB2834246D840F648077E
:109D5000B94244D8BA4242D8029E4FF0FF0886F872
:109D600033819DF80230A3BB03A93046FFF773FF90
:109D70006A88BDF81230E888934228BF1346A6F8D7
:109D80003831BDF81430AA88BB4228BF3B4619467B
:109D9000BDF80E30834228BF0346A6F83431BDF823
:109DA00010302889BB4228BF3B46834228BF034668
:109DB0008A42A6F83631134628BF0B46A6F83A3138
:109DC00086F83281002386F83331204606B0BDE89C
:109DD000F0813A24F6E71A24F7E71224F5E7112474
:109DE000F3E72DE9FF4107468846008802A900F005
:109DF000BBFD054618BB039C94F8813103F0FF05B9
:109E00001BB1B8F1020518BF012594F89730222B39
:109E100094F8E93043EAD3030CBFC5F101020022F4
:109E200003F00103134333D0BE7816B9F5F7F2FF00
:109E30000646F87870BBF5F7EDFF26B909252846E8
:109E400004B0BDE8F0810028F8D0FF2384F83D314C
:109E5000E5B994F83C3103F0FF05BBB984F83F0144
:109E600084F83C8184F83E613B797A798DF805006D
:109E700043EA022301A920468DF80460ADF80630BC
:109E800000F016FE002384F83D31D8E73A25F9E7C3
:109E90001A25D4E7002ED8D1D0E708B5F5F794FFFE
:109EA000002008BD10B50446F7F718FB207000200D
:109EB00010BD10B5FFF74FFE044630B9F7F708FBA9
:109EC0002046F6F7C7FA204610BD0C20FCE710B577
:109ED0000446FFF740FE50B92078012809D8611CDC
:109EE000F7F702FB002814BF0020072010BD0C204C
:109EF000FCE71220FAE738B50546FFF72CFE0446CA
:109F000040B92878012803D8691CF7F71BFB18B95A
:109F1000122038BD0C20FCE72046FAE710B50D24CE
:109F2000047000236FF004011122C47059244170A1
:109F30008270047143718171C271184610BD08B5F9
:109F40000821F3F78FFB002008BD73B506460C46C9
:109F50000088694600F008FD0546A0B9B3786BB9E2
:109F6000019B93F86C30A370338894F9020023802E
:109F7000F6F7C6FBA070284602B070BD7F20FFF741
:109F800019FEA070F0E70225F5E710B504466FF062
:109F90007F00FFF70FFEF6F7B3FB20707F20FFF77F
:109FA00009FEF6F7ADFB6070002010BD10B5044649
:109FB000F5F7C2FA01F04DFDF6F7A2FB2070002084
:109FC00010BD08B50A46072300F11001FEF76EF830
:109FD000002008BD10B5014604460020F6F704F93C
:109FE00008B92060A080002010BD10B50446F5F728
:109FF000E5FE28B900202146F6F7DEF8002010BD66
:10A00000FFF7C3FD0028F5D0FFF7EBFD0028F1D1E5
:10A010000C20F4E710B50446FFF7B7FD28B901207E
:10A020002146F6F7C9F8002010BDFFF7DAFD002839
:10A03000F5D10C20F8E7F7B50C46054669460088CF
:10A0400000F092FCA21C98B9019B03F19F0783F8D2
:10A05000F00039681160397911712988218093F8ED
:10A06000F06006F0FF01002EF1D1084603B0F0BD0C
:10A070000023C4F802300221137123706370F4E7E7
:10A08000FFF724BE1FB5838844F29022934217D86D
:10A0900040F64802934228BF13460288ADF80420D8
:10A0A0004088ADF80600ADF80A000A8001A8ADF8B6
:10A0B0000830ADF80C30FFF709FE05B05DF804FB81
:10A0C0001220FAE737B50D46694600F04DFC04460C
:10A0D00018B901982946FFF7BEFD204603B030BDF0
:10A0E00010B500236FF00404482108220470437067
:10A0F0008170C270047143718171C271184610BDC4
:10A1000037B505460C460088694600F02DFCF0B9CD
:10A11000019B014683F86A1093F86820012A06D053
:10A12000022A04D040F281210620F3F7FDF8A27044
:10A1300093F86920012A01D0022AF3D1E27093F842
:10A140006A2002F0FF00002AE4D12B88238003B0AC
:10A1500030BD10B58388022B044610D8C078FFF7B5
:10A1600033FD08B9112010BDA078FFF72DFD0028A0
:10A17000F8D020460121BDE81040FFF732BE122082
:10A18000F1E713B58378C178027903F0010451EA4D
:10A19000040C03F002031DD052EA030C1AD0002C69
:10A1A00018BF0021002B18BF00228DF80320037870
:10A1B00042788DF8021043EA0223ADF8003043796B
:10A1C0008279684643EA0223ADF80430FFF7C1FF05
:10A1D00002B010BD1120FBE708B5F4F727F9002005
:10A1E00008BD13B50C46694600F0BEFB20B9019BC3
:10A1F000B3F890300133238002B010BD07B500885A
:10A20000694600F0B1FB38B99DF80020019B012A96
:10A2100005D093F843216AB103B05DF804FB93F8CD
:10A220004C22D2B293F8B81011B912F0FB0FF0D152
:10A230000220F1E7012283F84321EDE72DE9F34104
:10A240000546477800780121F3F790FC0446002882
:10A250005FD001F0EFFBEB78984228BF1846042F3F
:10A2600086B23DD0206BFFF7D6F9304480B21F286C
:10A2700003D9122002B0BDE8F081FB1E012B2CD8BF
:10A28000204601F0FBFB6B78032B2CD107F0FD0877
:10A29000B8F1010F39D1204601F0F0FB002831D18F
:10A2A000012F08BF4FF00208216B42466846F3F7C2
:10A2B00097FD6A68206B33460121FFF718F950B308
:10A2C0006B78023B012B22D8206BFFF7A4F9012108
:10A2D0000246206BFFF73BF919E0002ED0D1C8E70A
:10A2E000002ECDD0C5E70028C3D1042BCED1204607
:10A2F000FFF72EFC0028BCD0206BFFF7A2F9002846
:10A30000C4D1B6E74FF00008CEE7042FD1D100202A
:10A31000B0E74220AEE70720ACE72DE9F7438046DF
:10A320004578C77800780121F3F720FC0446D0B1C6
:10A3300001F096FB0028206B08BF0027FFF776F995
:10A34000C619B6B21F2E1FFA87F910D8042D0ED0E9
:10A35000032D12D05FB12046FFF7FAFB58B10C2055
:10A3600002E0042212E0422003B0BDE8F083122094
:10A37000FAE70720F8E7012D0CD1204601F07EFB1B
:10A380000028EED1012D0CBF06220522216B684664
:10A39000F3F726FDD8F80420206B4B460021FFF789
:10A3A000A6F80028E5D0023D012D04D8206B3246E6
:10A3B0000021FFF7CCF80020D6E713B50446F5F7E7
:10A3C000BBF84FF44073ADF8003000238DF8023035
:10A3D000684614F8013B8DF803300194FFF79DFFA8
:10A3E00002B010BD38B5012105460078F3F7BEFB79
:10A3F0000446A0B1FFF7ACFB28B92046691C01F068
:10A400006BFA002038BD204601F02AFB08B10C2071
:10A41000F8E7204601F020FB0028F8D1EDE74220C4
:10A42000F0E713B50446F5F787F814F8013B8DF80B
:10A4300003304FF44073ADF80030684600238DF8C8
:10A4400002300194FFF7FAFE02B010BD73B5054665
:10A45000F5F772F82B78044663B100230DF1010182
:10A4600001208DF80030F5F7BFFE18B16846FFF700
:10A47000B9FFA0B9002620468DF8006001F0F4FA7B
:10A48000B04214BF80233346ADF801302B788DF8ED
:10A490000360012B05D169462046F5F771F902B03A
:10A4A00070BD1BB92046FFF7AEFBF8E71220F6E7B8
:10A4B00010B5002104460088F3F758FB20B1A11C19
:10A4C000BDE81040F8F71CBF022010BD08B5008899
:10A4D0000021F3F74BFB20B1BDE808400021F8F75D
:10A4E0000FBF022008BD37B505460C4600886946F7
:10A4F00000F03AFA28B92B882380019BB3F8C430C6
:10A50000638003B030BD2DE9F341438804460E4615
:10A51000BBB10088694600F027FA054668B9238870
:10A520003380019E06F17808B76962883946404653
:10A5300000F00BFAB369BB42F6D1284602B0BDE881
:10A54000F0811225F9E710B50C460021F3F70EFB58
:10A5500088B1022C11D804F00103C4F3400480F840
:10A56000153280F8144223B190F812323BB1FFF754
:10A570003BFA002010BD0220FCE71220FAE7184643
:10A58000F8E710B504460078FF280AD00121F3F758
:10A59000EDFA58B16378A27843EA0223C38400201D
:10A5A00010BDB4F80100F4F791FFF8E74220F7E797
:10A5B00008B50078003818BF0120F4F797FE002096
:10A5C00008BD10B50446F4F7B7FF6178C1F3400247
:10A5D00001F0010101F077FA002010BD0820F5F725
:10A5E00005BC01F0D8BB1220704710B5044604B971
:10A5F00010BD236898476468F9E703680BB90160E8
:10A6000070471A465B6813B18A42FAD170478A4292
:10A6100018BF5160704708B50020FEF73EFFF3F702
:10A620006DFBF5F74BFDF3F7ABFD20B140F20511E3
:10A630000120F2F779FE08BD08B5F4F703FE20B15A
:10A6400040F223110120F2F76FFEF7F7BBFB10B1C8
:10A650004FF49471F6E7BDE808400120FEF71DBFF6
:10A6600008B5FFF7E9FF01F07EFB20B140F23D1194
:10A670000120F2F759FE08BDFAF7F2BA0B46122292
:10A6800003F8032BD0F80920C1F80320427B1A718C
:10A69000704730B585B004460D46F6F719F980B31A
:10A6A0006FF4BC731C4402A92088ADF8000000F0D0
:10A6B0005BF918B12E217E20F2F736FE039B93F84A
:10A6C00064208DF80220022193F86520B3F86630EB
:10A6D0008DF803206846ADF80430FFF782FB08B11F
:10A6E0004421E8E78DF808009DF808308DF809004E
:10A6F000002063F307009DF8093063F30F2005B0D5
:10A7000030BD18232B70D4F80930C5F8033004236A
:10A710008DF80830E8E710B54468037894F896207F
:10A72000002104F1780000F02CF918B986217E2070
:10A73000F2F7FAFD202384F8963010BD10F00103E3
:10A7400005D1830705D410F0040318BF0823184669
:10A7500070470223FBE72DE9F84F0746084692466B
:10A76000884600F0D6FB8146404600F0D4FB834685
:10A77000FFF7E4FF05464846FFF7E0FF45EA00061D
:10A78000F6B2003E044618BF0126F5F743FB00EA87
:10A790000B00C3B2002B08BF0025F5F73BFB00EA16
:10A7A000090097F86830C0B2002808BF0024AB4207
:10A7B00008BF00258AF8005097F86930A34208BF07
:10A7C000002455EA04038AF801400CD1404600F009
:10A7D000A4FBB7F89030DB43184480B247F6FD7312
:10A7E000984288BF00263046BDE8F88FF8B5446827
:10A7F00004F1780794F8972005460E4601230B21B3
:10A80000384600F0BEF8014608B12020F8BD94F8A3
:10A8100097200123384600F0B4F8C8B394F8963076
:10A82000252BF2D0304600F068FB28B93146284687
:10A83000BDE8F84000F0FDBC737903F0070384F82D
:10A840006130337903F0070384F8603094F83D31C8
:10A8500093B994F83C31012B0ED094F8602094F811
:10A8600069309A4210D194F8612094F868309A4285
:10A870000AD1022384F83C312223284684F89730F9
:10A8800000F0A9FC0020C1E72846F5F70DFBF3E72F
:10A890000120BBE708B5436893F89720222A05D02A
:10A8A00022B140F28A317E20F2F73EFD232283F866
:10A8B000972008BD0A46437923B9016811B1007990
:10A8C000FAF752B97047F5F7F9BB704730B5424017
:10A8D0000C7818785D7844404878684004449D7846
:10A8E000887868400444DD78C878684004441D795D
:10A8F00008795B794979684004444B402344D3424A
:10A900000CBF0120002030BD024600200139C9B231
:10A91000FF2900D17047535C83F001030344D8B290
:10A92000F4E708B5F5F786FC082803D0BDE8084031
:10A93000F5F7A4BC08BD08B501F045FA18B1BDE8AB
:10A940000840F8F7CDBD082008BD10B500230C461F
:10A9500043644B1E42F21071A0F84C2001FB0232FE
:10A96000B2FBF4F2826410BD10B50C460021F3F77F
:10A97000FDF8606018B101232370002010BD022093
:10A98000FCE70C2939D8DFE801F0070B0E14161983
:10A990001C252A362C2E3400B2FA82F0400970476A
:10A9A000063A012A01E00A3A022A8CBF002001205F
:10A9B00070470D3AF5E7103A0C2AF6E7113A0B2AE0
:10A9C000F3E7A2F11003032B19D990F86000B8B196
:10A9D0001C2AEAE7042A14BF002001207047012A3C
:10A9E000F9E71D3AE0E7A2F12003062B07D92E2A4A
:10A9F000F1E7282AEFE70F2AEDE700207047012052
:10AA00007047F8B5D0E9047605460C46FBF7FEFF23
:10AA100020B94FF4E5712920F2F786FCF4B1D5E9AD
:10AA20000431DA1B61EB0603012A73F100014FF0D8
:10AA3000000115DB6FF00100904271EB030302DAB5
:10AA40004FF4EA71E7E7631E1344B3FBF4F35C438E
:10AA5000E41946F10006C5E904461C462046F8BD47
:10AA60000C46FBE711F00C0312D001F004010029A1
:10AA70000CBF4FF41673962303F5BC730CBF402232
:10AA80001022984212D9C01A90FBF2F080B270479F
:10AA9000022905D13C2809D93C38C0F38F00704702
:10AAA000702803D97038C0F3CF007047002070477A
:10AAB0000346086858667047012908B5024606D063
:10AAC00002290CD040F245212920F2F72DFC40F656
:10AAD000C41340F2E240002A18BF184608BD40F6F1
:10AAE000C410FBE7C3B293FAA3F3000A90FAA0F0F4
:10AAF0001B0E000E43EA002070470131F8B5C9B2C1
:10AB0000821D0023012512F8010B884216D312F88A
:10AB1000066C002405FA04F737421CBF01F1FF312F
:10AB2000C9B2E0B269B10134082CF3D10133DBB210
:10AB3000052BE8D199214620F2F7F6FB091AC9B294
:10AB4000F4E700EBC300C0B2F8BD0B6870B5C0F805
:10AB500001300B7903F01F03437100230446C372D5
:10AB6000451C861D15F8010B00F01BFB2871E37ACC
:10AB7000B5421844E072F5D170BD70B581EA11415B
:10AB800089B2C57A0446032682EA0100FFF7AAFFCC
:10AB9000013E00EB00100A1816F0FF0690B2F5D146
:10ABA00041402522B1FBF2F302FB1313C3F3C402AD
:10ABB0002244D8B2567803F00703012202FA03F3C5
:10ABC0001E4207D169432046C1F30741BDE87040EA
:10ABD000FFF793BF70BDF8B590F831506B1E242B72
:10ABE000044658D8002A58D090F8260018B10128F9
:10ABF00047D01F201AE094F8331094F8323002FB4B
:10AC000003132522B3FBF2F102FB1133DBB204EB99
:10AC1000D30284F8333092F82710012603F007029C
:10AC200006FA02F2114202D084F83430F8BDB3FBC8
:10AC3000F5F205FB12330133024604F12C01D8B2C0
:10AC400011F8013B834219D311F8067C002306FA60
:10AC500003FC1CEA070F1CBF00F1FF30C0B2DDB2DD
:10AC600020B905EBC20284F83420DFE70133082B5A
:10AC7000EDD10132D2B2052AE2D1BAE7C01AC0B290
:10AC8000F7E7228BC96904F12600FFF776FF84F805
:10AC900034000020CAE71220C8E71046C6E70B6858
:10ACA000C0F803308B88A0F8073070470B68C0F8F5
:10ACB00009308B88A0F80D3070470378890123F0A4
:10ACC000400301F040010B4303707047037803F029
:10ACD0007F0343EAC111017070471F2A38B505464A
:10ACE000144603D9BF212A20F2F71EFB093006348F
:10ACF000FDF770FC6C7038BD1F2A38B50546144648
:10AD000003D9E1212A20F2F70FFB09300634FDF7C1
:10AD100061FC6C7038BD30B5037803F00F03032B72
:10AD2000024640D0052B1FD1C37F90F8200003437B
:10AD300092F82100034392F82200034392F8230083
:10AD400020F01F0018432DD05378222B0CD1B2F8DD
:10AD50001930B2F81740907D41B1B3F5506F05D965
:10AD600040F607518B420ED900201BE0991F89B293
:10AD700040F67A45A942F7D8411E0729F4D8834204
:10AD8000F2D9A342F0D3B2F81B30B3F5FA7FEBD27D
:10AD9000B2F81D000A3880B240F6764398428CBF64
:10ADA0000020012030BD4078A0F10C0358425841EA
:10ADB000F8E7037801F0030123F003030B4303706A
:10ADC0007047007800F0030070471B2A08B504D9CB
:10ADD00040F252412A20F2F7A7FA4270BDE808403B
:10ADE0000330FDF7F7BBB0F807007047B0F8090073
:10ADF0007047B0F80B00704770B5B0F80730B0F886
:10AE00000950B0F805600479B0F80B0091B1B3F5C2
:10AE1000506F0FD940F60752934218D8B5F5FA7F14
:10AE200015D20A3880B240F6764398428CBF002093
:10AE3000012070BD9A1F92B240F67A418A4206D82C
:10AE4000621E072A03D89C4201D29E42E5E70020F9
:10AE5000EFE743680B60037A0B717047B0F80900A5
:10AE60007047007970470B6843604B688360704798
:10AE700043680B6083684B60704783890B80704721
:10AE8000D0F80E300B60D0F812304B607047D0F81D
:10AE900016300B607047FFF7E6BF0B68C360704762
:10AEA000007970470171090A417170478171090A7F
:10AEB000C17170470172090A417270478172090AB3
:10AEC000C172704780887047C0887047008970479A
:10AED0004089704703891A2B0DD94389B3F5A47FA4
:10AEE00009D383881A2B06D9C088B0F5A47F34BF54
:10AEF00000200120704700207047037913F00703FA
:10AF000005D0407910F0070018BF0120704718469F
:10AF100070470079704740797047C0887047027960
:10AF2000437902F0070203F00703511E0A40591E3D
:10AF30000B4013430CBF0120002070470171704784
:10AF4000007970474171704740797047FB2908B517
:10AF500004D940F2E5712A20F2F7E6F9417008BD04
:10AF6000406890F8123223B1002380F81232FEF7C5
:10AF70003BBD704708B5017A19B101290DD00020F9
:10AF800008BD0368C28802218088F5F74FFC0028BD
:10AF9000F6D1F5F7FBFD0120F2E70368C288F3E77D
:10AFA00002230B7001238B707047F5F7A3BC08B523
:10AFB000037A23B14FF41A711020F2F7B5F9BDE806
:10AFC0000840F5F70BBD0322FFF7F1BF0422FFF79E
:10AFD000EEBF30B4057A15B1027230BC704730BC98
:10AFE000F5F7FCBC0B46112203F8032BD0F809201F
:10AFF000C1F80320D0F80D205A60B0F811201A8152
:10B000007047012908B503D10E30C00080B208BDD9
:10B01000022902D10F308000F8E740F2CF1106205C
:10B02000F2F782F930B587B004460D46F5F758FCC3
:10B03000A0B300232372A4F5B37469462488204684
:10B04000FFF740F818B1D8212C20F2F76DF9BDF8C0
:10B050000630ADF80E30BDF80830ADF81030BDF850
:10B060000230ADF8123003A8BDF80430ADF80C4042
:10B07000ADF81430FFF704F808B1E121E4E78DF8EA
:10B080000C009DF80C308DF80D00002063F30700D4
:10B090009DF80D3063F30F2007B030BD2B4617220B
:10B0A00003F8032BD4F80920C5F80320D4F80D20A9
:10B0B0005A60B4F811201A8104238DF80C30E0E7AF
:10B0C00040687047C08A704710B58A880B89CC8861
:10B0D0004988A0F85010A0F85440A0F85220A0F8D9
:10B0E000563010BD8383BDF8003001834283C38393
:10B0F000704738B5C38B458C04469D42007A28BF03
:10B100001D46FFF77EFF6389AB4228BF2B4698425E
:10B1100038BF184680B238BDF8B50646808F17464E
:10B120000C46FFF76EFF2146054606F13000FFF79B
:10B13000E0FF854228BF05463946B6F84400FFF7D0
:10B1400060FFB6F846309842ADB228BF184615FAEF
:10B1500080F09C30F8BD38B50D46144690F8681064
:10B1600090F86920FFF7D8FF96342044A84294BF96
:10B17000281A002038BD38B50D4690F8692090F89F
:10B1800068100446FFF7C8FF2844606338BD0068B4
:10B1900001F19C02904283BF401A9C384008002075
:10B1A000704700F05503400800F05500184400F0C7
:10B1B0003303800800F03300184400F00F0303EB62
:10B1C000101070474368002283F8962083F8D2203D
:10B1D000A3F8CE20704743680022A3F8D42093F848
:10B1E000D620013283F8D620704708B5426892F81D
:10B1F000D630013B5BB2002B82F8D63003DA342123
:10B200004A20F2F791F808BD436883F8231183F8C8
:10B2100022217047A0F10A03042B08D9A0F12003D2
:10B22000062B04D9A0F12E03584258417047012043
:10B2300070474268D2F8883010B513F008040AD17C
:10B2400043F00803C2F88830CB7882F82031FFF74A
:10B25000C2FF204610BD0120FCE738B50C4605466C
:10B26000B1F85410FFF71EFEB4F82A112846FFF774
:10B270001DFEB4F850102846FFF71CFEB4F8281144
:10B280002846BDE83840FFF719BE37B530F8024C04
:10B290007CB100238DF804308DF805309DF8043022
:10B2A000002063F307009DF8053063F30F2003B01F
:10B2B00030BD30F8B05CA1F8035008230B708C70DF
:10B2C000437A4B7150F89C0CFDF7A0FF18B983210D
:10B2D0006320F2F729F82846F4F7FCFE21462846B9
:10B2E000F2F75AFC04238DF804308DF80540D5E7B9
:10B2F00038B54468037894F898200D4604F1780036
:10B300000121FFF73EFB38B92846FFF7AAFD0623C7
:10B3100084F8990084F89830002038BD10B544684E
:10B32000037894F89820012104F17800FFF729FBB5
:10B3300010B9072384F8983010BD0B46062210B5CB
:10B3400003F8032BA0F5D4720024D485D0F809208B
:10B35000C1F80320D0F80D205A60427C1A72CC70DC
:10B3600010BD10B54468037894F89620002104F1CC
:10B370007800FFF706FB18B924214520F1F7D4FF28
:10B380001D2384F8963010BD70B54568037895F894
:10B39000962086B006460C4605F178000A21FFF794
:10B3A000F0FA58B32046FFF795FD00B32046FFF7AB
:10B3B0008DFD05902046FFF785FD04902046FFF7A0
:10B3C00087FD03902046FFF77FFDDDE903320599F5
:10B3D000009005F13000FFF785FE7168284601F204
:10B3E0005311F5F7F7FB70680521F3F793FF002081
:10B3F00085F8D20085F8960006B070BD0120FBE705
:10B400004268D2F88830D90610B5044603D49A2190
:10B410004520F1F789FF990601D59B21F8E723F034
:10B420001003C2F88830FFF7E0FE60680521BDE830
:10B430001040F3F76FBF09230B70437A8B70A0F5B0
:10B44000F9731B88A1F80330037B4B7170470A2303
:10B450000B70437A8B70A0F5F9700388A1F8033064
:10B46000704707230B70A0F52F731B88A1F80330DA
:10B47000D0F80B30C1F80530D0F80F30C1F80930E2
:10B48000B0F81330A1F80D30704738B50446406865
:10B49000012390F8972000217830FFF772FA656851
:10B4A00060B995F897200123052105F17800FFF791
:10B4B00068FA002814BF0820012038BD95F89C00C8
:10B4C0000028FAD02046FFF786FE6368112283F831
:10B4D00097200020F1E770B5044640680D4690F8CB
:10B4E0009720012300217830FFF74BFA666870B986
:10B4F00096F89720132A0AD00123052106F1780037
:10B50000FFF73FFA002814BF0820012070BD96F80D
:10B51000D83013B92046FFF75EFE6168284601F572
:10B520000871FFF7ADFC6168284601F58C71FFF7E3
:10B53000AEFC61680B88A1F8C532284601F2C7212C
:10B54000FFF796FC6168284601F2CF21FFF795FCD2
:10B550006368152283F897200020D7E7436893F8A3
:10B560009720122A03BF1322002083F8972002207D
:10B57000704710B5436893F89730182B044607D1ED
:10B58000FFF733FE63681C2283F89720002010BD6C
:10B590000220FCE708B5436893F89720112A04D0ED
:10B5A0004FF4A8711F20F1F7BFFE012283F8D720C6
:10B5B000122283F8972008BD08B5436893F89720B6
:10B5C000162A04D04FF4B0711F20F1F7ADFE1822F7
:10B5D00083F8972008BD0B46052203F8032BD0F80B
:10B5E0000920C1F80320D0F80D205A60B0F81120CE
:10B5F0001A81C27C9A72704710B54468037894F837
:10B600009620002104F17800FFF7BBF918B9AA21B0
:10B610001C20F1F789FE042384F8963010BD42689F
:10B62000D2F8881008B5CB0703D4B7211C20F1F756
:10B630007BFE92F8D630013B5BB2002B82F8D6300D
:10B6400001DAB921F2E721F00101C2F8881008BD42
:10B650000C23A0F5A5700B7003884B80704710B5C4
:10B660004468037894F89620092104F17800FFF7E4
:10B6700088F930B1002384F8C63084F8D23084F8D9
:10B680009630002010BD38B54568D5F8883013F0E5
:10B69000040409D1FFF79FFDD5F8883043F0040377
:10B6A000C5F88830204638BD0120FCE74268D2F852
:10B6B000883023F00403C2F88830FFF796BD10B538
:10B6C0004468037894F89620002104F17800FFF78D
:10B6D00058F918B971214B20F1F726FE0F2384F891
:10B6E000963010BD01230B7000238B7030F8DA3CCC
:10B6F000A1F80330437A4B714389CB8083890B8156
:10B70000704738B5446894F8D95015F0020514D143
:10B71000037894F89620294604F17800FFF731F970
:10B7200018B975214020F1F7FFFD012384F8963008
:10B7300084F8D230A4F8CE5038BDD4F888209307CE
:10B740000DD594F8D630013B5BB2002B84F8D6308F
:10B7500001DA8721E6E722F00202C4F888200023FC
:10B7600084F84231E8E710B50B794C790A68012872
:10B7700043EA042108BF41F48031104610BD07B5EB
:10B78000FFF7F1FF0DF10702F5F74CFE03B05DF88E
:10B7900004FB0B46042203F8032BB0F80920A1F8A0
:10B7A0000320C27A9A7070470B46142203F8032BC9
:10B7B000D0F80920C1F80320D0F80D205A60704756
:10B7C00038B50B46102203F8032B0C4600F1090292
:10B7D000293052F8041B43F8041B8242F9D1127835
:10B7E0001A70A5880123A37100212846F2F7BEF93B
:10B7F00090B1E27862B10088F4F76CFC0021284631
:10B80000F2F7CAF940B140F242212D20F1F78CFD48
:10B81000BDE8384000F0BABA38BD0121F6F7C4B926
:10B82000FFF7FBBF90F87A300BB10120704790F81A
:10B83000B22002F0FF03002AF7D190F8A4201846A6
:10B84000704737B504460D464FF48C720021FCF763
:10B8500037FFFF2323701323638042F21073E384C6
:10B86000F2F792FA0022014620636846F2F7B8FA2E
:10B87000206B00220121FDF76AFE216B684604223D
:10B88000F2F7AEFA0022206B1146FDF760FE04F1DC
:10B890002800A57403B0BDE8304000F04CB9FF2388
:10B8A000086B0B70FDF720BE0078FF3818BF012031
:10B8B000704710B50446283000F093F961882822BB
:10B8C000BDE81040F6F730BCD0E902017047C07CFB
:10B8D000003818BF012070470B68C0F815308B88FE
:10B8E000A0F819300123C37670472DE9F04F0646C2
:10B8F0000D4607460FCE91B006AC0FC40FCE0FC455
:10B9000096E803000DF1100884E80300404600F0BB
:10B9100012F995F814906E7895F80AA095F800B091
:10B92000B9F1010F06F07F0607D0B9F1020F04D07C
:10B9300040F293210620F1F7F7FC697A404600F0C7
:10B9400001F92B7DAA7E022B08BF697D02F101025D
:10B9500006BF0131C9B20121D2B2404600F0F4F86D
:10B9600016F0080363D14046019300F03AF928220B
:10B970003146F6F7D9FB2A79EC78019B44EA022498
:10B980006A7940F2712144EA024400F2D6204C4325
:10B99000B0FBF1F04843A0420BD9EC79AA7942EA16
:10B9A00004222C7A42EA044201FB02F4A04200D8AD
:10B9B00004462A7E0393531E5A425A41A97C386B8F
:10B9C00002910192FDF74FFE386BFDF75CFE039B81
:10B9D000019A0299ADF81A6008948DF828208DF824
:10B9E0002B108DF82CA08DF818B08DF81C900993B1
:10B9F00006AE0FCE3C460FC40FCE0FC496E8030030
:10BA000084E8030098E80300B862B985EB7A13F084
:10BA1000FD0F14BF0123002387F85730EB68BB6587
:10BA20002B8AA7F85C30002011B0BDE8F08F00240D
:10BA30002346BEE7438813F0040F0CBF1F200020ED
:10BA400070470023C38543881D2B08BF0021417424
:10BA5000704790F912007047408800F0010070476D
:10BA60004088C0F3400070474088C0F3C000704772
:10BA700008B5006BFDF7EEFD012008BD0120704701
:10BA80000120704710B50446F6F73AFA28B120466F
:10BA90000021BDE81040F6F787B810BD90F850308F
:10BAA00001624B72D0F85130C1F80A30B0F855300D
:10BAB000CB81704700216830FEF7FCBEF5F7AEBDC4
:10BAC00080F87010704780F8241080F825207047A7
:10BAD000C0F34002C0F38003134400F00100184497
:10BAE0007047022808B507D0042807D0012807D0DE
:10BAF00039212E20F1F718FC262008BD2720FCE76D
:10BB00002520FAE7837813F0010202D0C178C90733
:10BB10000DD5990702D5C27892070AD513F0040211
:10BB200005D0C37813F0040F14BF0022042210467E
:10BB300070470222FBE70023C0F802300123437064
:10BB4000037070478170704710B542700170807843
:10BB50001446FFF7BDFF10FB01F004FB00F2FE2AC4
:10BB600003DD5C212E20F1F7DFFB10BD0023C37045
:10BB700043710371704710B50446FFF7C3FF637943
:10BB800062780133DBB29A4263710FD1E378A17816
:10BB90000343DBB29942E37008BF23794FF0000200
:10BBA00008BF0133627104BFE2702371BDE8104029
:10BBB000FFF797BF38B501468078FFF789FF044645
:10BBC000C8784D78FFF784FF0B790A78D21A12FBF8
:10BBD00005F212FB04F34A799B1A00FB1530C0B240
:10BBE00038BD08B501468078FFF772FF4B780A78B8
:10BBF00013FB02F313FB00F0C0B208BD40F2EF20CC
:10BC0000704740F25A335843704713B50346104605
:10BC100052680E3B0C4692F89610092B42D8DFE88A
:10BC200003F005414141104118414128042905D143
:10BC30000190FFF7C7FA0198F5F724FB002002B046
:10BC400010BD0F29FAD1002102B0BDE81040FFF766
:10BC500006BD1D29F2D10190FFF7B4FA0198002C1E
:10BC6000ECD0426892F8E83023F0200382F8E83004
:10BC7000E4E792F89730232BE0D1002482F8974034
:10BC80000190FFF7B2FA0198436893F83C31012B19
:10BC900003D12146F4F7E0F801984368002283F8C5
:10BCA0003C21CBE74FF413713120F1F73DFB08B590
:10BCB000436893F89720162A04D040F2D4413120EB
:10BCC000F1F732FB1A2283F8972008BD08B54368C4
:10BCD00093F89720312A06D1002283F89720BDE8F7
:10BCE0000840FFF782BA162A03D11A2283F8972058
:10BCF00008BD40F2E9413120F1F716FB37B5426843
:10BD000092F8E83043F0040382F8E830044608462D
:10BD10000D46FFF719F901902846FFF711F901992F
:10BD2000224603B0BDE83040F6F740BB38B50C46BC
:10BD30000546D1E90401F1F7CDFF94F894022028DB
:10BD40000BD0FBF7C9FE94F89402FAF72BFE20B94A
:10BD500040F674013120F1F7E7FA28460221BDE8E8
:10BD60003840F1F719BF00207047F4F7E9BFF2F748
:10BD700041BB90F813320022A0F8962080F89A2058
:10BD800013B10221F3F7C6BA0321FBE70C2100F53A
:10BD90000A70F1F767BCF5F747B842680023A2F8CC
:10BDA000443182F84631A2F8473182F84931704770
:10BDB00008B5F7F755FEF7F7A9FCF7F719FBBDE84B
:10BDC0000840F7F7A1BB08B5C821F7F76FFB0228B9
:10BDD00007D1013911F0FF01F7D1FA213B20F1F72A
:10BDE000A3FA431E5842584108BD10B50446084600
:10BDF000F8F778FB4FF47A73B0FBF3F0201A10BD1C
:10BE000010B504460846F8F76DFB023C4FF47A7310
:10BE100000F2E730B0FBF3F0201A10BDF8F7CEBC0B
:10BE200070B5841A04F307040E4660B259B2154681
:10BE3000F8F7B4FC002330702844737040B270BD32
:10BE4000002303607047002070474FF0FF307047B9
:10BE50004FF0FF30704770477047002070474FF039
:10BE6000FF307047002070470020704700230370A8
:10BE700070470022FFF7D4BF002070474FF0FF301B
:10BE800070474FF0FF3070474FF0FF30704738B5C4
:10BE9000054691F827000C46FAF784FD18B9D3211E
:10BEA0006A20FCF74FF80023A38484F82630092188
:10BEB000236A2846984718B103780BB1D721EFE7DA
:10BEC00038BD426808B5034611441A785960012A02
:10BED000A1F1500006D1FBF729FC40B9B7216A2037
:10BEE000FCF730F8FBF722FC08B9BC21F7E708BDE6
:10BEF000F8B504460E4619B9012384F829303CE010
:10BF00000D78032DF8D8DFE805F03A0212154868DD
:10BF1000C72802D800252846F8BD0421FBF7B2FC4B
:10BF20000028F7D171682046FFF7CBFFF3E7F8F759
:10BF3000B1FCF0E790F82470FFB94D682846F8F797
:10BF40007DFC0028D8D02978D9B9012222702B791C
:10BF50002181003B18BF0123E3726B79002B0CBFDA
:10BF600002230423A372AB6860336360EB68236130
:10BF7000032384F8263084F82520F8F78BFC02256B
:10BF8000C9E794F82630052B04D040F277116A20D7
:10BF9000FBF7D8FF27702B7994F827002781003B07
:10BFA00018BF0123E3726B79002B0CBF022304231B
:10BFB000A372EB68A96860336360D4E906325B184A
:10BFC00042EBE172C4E90432042384F826302146AE
:10BFD000FAF732FE0028D0D140F27911D7E770B5D8
:10BFE0000D46044620B940F291116A20FBF7AAFFE2
:10BFF00090F82860082900F2F080DFE811F0EB00EB
:10C000000900410041007C0086009000A9009700D3
:10C0100090F82630033B012B02D94FF4CE71E4E7B0
:10C02000052390F8241080F82630002380F829306A
:10C0300011BBFFF746FF2378012B18D194F8270096
:10C04000FAF7CEFCC4E90601236A0021304698477E
:10C0500001462046FFF74CFF022820D0002800F0C0
:10C06000BF80012840F0BF80236A0421EEE7D4E9B5
:10C070000423C4E90623E7E7BDE87040F8F70ABCEB
:10C0800090F82630DA1E012A02D94FF4DD71ACE7B0
:10C0900090F8242072B101463046FFF7F8FE002DDB
:10C0A00040F0A48000F054F9002800F09F8040F296
:10C0B0002E219AE7042B0CBF02230123022980F8CA
:10C0C0002630036A0CD1052130469847002800F03D
:10C0D0008D800378002B00F0898040F2CF1184E737
:10C0E0000621304698470028D9D00378002BD6D0B7
:10C0F0004FF4EA7179E790F82630052B02D040F230
:10C10000DB1172E7036A0221A0E790F82630052BC5
:10C1100002D040F2E11168E7036A012196E790F846
:10C120002630052BA8D040F2E7115EE790F82630C4
:10C13000052B02D04FF4F67157E7036A0A21304607
:10C14000984701462046FFF7D3FE40F2EF114CE737
:10C1500090F82630052B07D090F825200AB1032B44
:10C1600002D040F2F31140E794F824202AB121468E
:10C170003046BDE87040FFF78ABE94F8293073B1AD
:10C18000022384F8263084F82920236A08213046C7
:10C19000984758B303784BB340F2FF1125E794F862
:10C1A000252052B194F8270084F825302146FAF76B
:10C1B00043FDD8B94FF4017117E7022384F8263004
:10C1C0000721236A3046984780B1037873B140F263
:10C1D0000B210AE74FF4047107E74FF4057104E7F8
:10C1E000236A032132E740F22521FEE670BD70B5D7
:10C1F000F8F79CFB002405462646E0B2854200D8AD
:10C2000070BDF8F799FB0134868480F82660F4E766
:10C21000F8B504460D46F8F789FB00270646F8B244
:10C22000864204D8082D0CD96FF0150008E0F8F705
:10C2300083FB90F826300137002BF0D04FF0FF3011
:10C24000F8BD2CB129462046BDE8F840F8F782BB7E
:10C2500021462046F8E738B50546F8F76DFB01465C
:10C2600088B190F824408CB990F8263073B1013B26
:10C27000012B04D82846FFF70AFE204638BD0123CB
:10C2800080F82430F9E76FF00100F7E76FF0220043
:10C29000F4E770B50D46F8F74FFB044600284AD086
:10C2A00090F82660731E012B4BD8002D46D02846EF
:10C2B000F8F7C4FA002841D02A7802BB0123237082
:10C2C0002B792281003B18BF0123E3726B79002B8D
:10C2D0000CBF02230423A372AB6860336360EB6876
:10C2E0002361032394F8270084F826302146FAF7C7
:10C2F000A3FC48BB4FF42B716A20FBF723FE022EF0
:10C300001FD1002222702B7922819B1A18BF012392
:10C31000E3726B79934218BF0426A672EB68A96892
:10C3200060336360D4E906325B1842EBE172C4E922
:10C3300004320423D6E76FF0010070BD6FF01500E2
:10C34000FBE76FF02200F8E70020F6E7F9F76AB89C
:10C3500008B50020F9F776F90068003818BF012009
:10C3600008BD08B500F0B0F828B14FF080430222B4
:10C37000C3F8342C08BD00F089F80028F5D100F08E
:10C380009AF80028F1D1F5E74FF0804301221A60B6
:10C3900070474FF08043D3F8080400F00100704765
:10C3A0004FF08043D3F8140400F0010070474FF0C1
:10C3B0008043D3F81C0400F0030070474FF0804224
:10C3C000D2F81834D2F8182413F4803305D002F0D0
:10C3D00003031B1A5842584170471846704707B567
:10C3E0006846F8F717FFDDE900024FF0807300217F
:10C3F000E2FB030103B05DF804FB08B5F8F7F4FEB7
:10C40000BDE80840F8F7DABE00230370184670470D
:10C41000EFF3108272B603780121DBB2017002B92A
:10C4200062B6012B0CBF6FF0220000207047EFF3C3
:10C43000108372B60022027003B962B60020704702
:10C44000FBF77CBF4FF08053D3F83001A0F10F030E
:10C450005842584170474FF08053D3F83001A0F153
:10C460000A035842584170474FF08053D3F83001C7
:10C47000A0F10E035842584170474FF08053D3F853
:10C480003001A0F110035842584170474FF08053DB
:10C49000D3F83001062803D0431C58425841704756
:10C4A000012070474FF08053D3F83001A0F10D0305
:10C4B0005842584170474FF08053D3F83001A0F1F3
:10C4C000080358425841704708B5FFF7C4FF30B120
:10C4D0004FF08053D3F83401B0FA80F0400908BD22
:10C4E00008B5FFF7D3FF48B14FF08053D3F83401BC
:10C4F000063810F1080F94BF0020012008BD08B5D0
:10C50000FFF7C4FF48B14FF08053D3F83401063829
:10C5100010F1080F8CBF0020012008BDFBF750BFB1
:10C52000FBF74EBF00280CBF6FF0150000207047CE
:10C5300000207047072303700020704700207047D9
:10C5400000207047034613F8012B002AFBD1181A6C
:10C55000013870470000000000B583B09FED0A7BF2
:10C560008DED007B082903D9002003B05DF804FBA2
:10C570000A460146684621F01FF9DDE900011FF077
:10C5800095FBF2E7AFF30080000000000000000020
:10C5900030B589B004460C9D0020C4F8F800C4F8FA
:10C5A000FC0004F58070C4F80001C4F8040104F52F
:10C5B0008470C4F80801C4F80C011DB3287918BBB5
:10C5C0000120C4F810019FED127B8DED067B002049
:10C5D000049003930290019000940F4B204620F0AA
:10C5E0004AFC55B1296811B1204614F0B9FE6B79A7
:10C5F0001BB1237B43F001032373204620F02BFC67
:10C6000009B030BD0120DCE740F20110D9E700BFDE
:10C61000FFFFFFFFFFFFFFFFDD1103000000000031
:10C6200010B582B00446002304320ED27BB99FEDD0
:10C630000A7B8DED007B41F00401204620F01CF8C0
:10C6400008B140F8044B02B010BD0123EEE7002012
:10C65000F9E700BFAFF30080000000000000000019
:10C6600000B583B011488368DB683B219847C0B9A7
:10C670000E4883681B696A460C21984798B9009A4E
:10C68000019B0B4981FB0301D817C0EB213002EB62
:10C69000820303EB830300EB830000B203B05DF879
:10C6A00004FB0448FAE70348F8E700BF98DD0300FD
:10C6B000AD8BDB680080FFFF08B50521014817F04E
:10C6C000C7FA08BD20DD030008B50521034817F0AF
:10C6D000BFFA003818BF012008BD00BF20DD0300ED
:10C6E000014B00221A807047684A002010B5104B99
:10C6F0001C7817F0E8FA30B90E4B1B789BB1012C6F
:10C7000013D0002010E00B4B1B780BB900200BE07E
:10C7100005F0B2F928B9012C01D0002004E0012075
:10C7200002E0012000E0002010BD0120FCE700BF76
:10C73000734A0020774A002070B582B001F064FF90
:10C7400008B102B070BD0021022004F071FB00218D
:10C75000012004F06DFB04F0D3FD044604F0D6FD87
:10C76000054640F63B739C4202DC502800D9502518
:10C770000A4B1E78F6B20A4B19780139C9B2012961
:10C7800009D9FFF7B3FF009023462A46002130461F
:10C7900004F0CCFFD5E70126F3E700BF774A00207D
:10C7A000734A002008B5074A0321074818F0EAFD3C
:10C7B00017F09EFA054B1B7803B108BDFFF7BCFFCD
:10C7C000FBE700BF08E6030024E00300764A0020F0
:10C7D000F0B583B000AFFFF783FF17F07BFAFFF7E8
:10C7E000ABFF264B1B78DCB2254B1B78D8B2254B10
:10C7F0001D788AB06B4613F1100238D0142182B133
:10C800008C46042901DD204E5E61BCF1080F00DD7D
:10C810009C61BCF10C0F00DDD861BCF1100F00DD94
:10C820001D62132926DD4FF0140C3AB10521397130
:10C8300000217971B971F9717868186100216FF37D
:10C8400000016FF341016FF382016FF3C501032310
:10C8500063F38811CCF30A0C6CF353216FF31F516F
:10C8600000230A4806F0E4F90C37BD46F0BD6FF02E
:10C870000041C4E76FF01B0CD7E700BF774A0020E8
:10C88000764A0020AC08002024E6030024E00300E0
:10C8900010B500240A4B1C70FFF722FF05F09EF82C
:10C8A000204602F07BFF074C207802F065FF17F06E
:10C8B00011FA2278044B1A70FFF73EFF10BD00BF3B
:10C8C000764A0020774A0020AC08002070B582B07C
:10C8D00004F016FD04F01AFD05460F4B1C78E4B277
:10C8E0001B7833B90D4B1B7803F0FF0613B90026F4
:10C8F00000E00026FFF7FAFE14B95EB1022201E063
:10C900000122002600902B463146204603F0B0F964
:10C9100002B070BD0022F5E7774A0020764A002079
:10C920002DE9F04182B000AF0C460546002840F0EA
:10C930009B807F4B1B78DBB2AB4200F099807C4B35
:10C940001B78DBB2AB420DD0794B1D701B78002BEE
:10C9500000F0968005F042F804F0D2FC744B197890
:10C9600005F04AF8734B1B78DBB2A34208D0714B39
:10C970001C701B78002B00F088806F4B02221A700D
:10C980006B4B1B78002B00F0B1806A4B1B78002B9F
:10C9900040F0A180684B01221A70674B93F8008029
:10C9A000634B1E78F6B2634B1C78E4B205F064F872
:10C9B0006D468AB06B4613F1100200F0AF804FF065
:10C9C000180CA2B16146BCF1040F03DDDFF878E179
:10C9D000C3F814E0082901DDC3F818800C2900DD34
:10C9E000DE61102900DD1C62142900DD5862BCF1F3
:10C9F000170F40F3968018243AB1062139710021AF
:10CA00007971B971F9717868186100216FF30001CB
:10CA10006FF341016FF382016FF3C501032363F3E9
:10CA20008811C4F30A0464F353216FF31F510023E8
:10CA3000424806F0FDF8AD463E4B187802F0AEFED7
:10CA40003B4B187802F098FE17F052F901F0DCFD2C
:10CA5000002869D004F060FEFFF738FF002420466C
:10CA60000837BD46BDE8F081FFF73AFE002460E7D5
:10CA7000304B1B78DBB2A3427FF461AF0024EEE7BA
:10CA8000FFF72EFE04F0AAFF66E701F0BDFD0028C7
:10CA90007FF476AF02F06AFE00287FF471AF0021C8
:10CAA000022004F0C5F9044670B90021012004F009
:10CAB000BFF9044600283FF463AF0123204A19461A
:10CAC0001E4818F069FCCAE702231D4A01211B48D1
:10CAD00018F062FCC3E71B4A0221184818F052FC08
:10CAE000144B00221A7017F0F5F853E7114B1B781E
:10CAF0001BB1114B02221A704FE70F4B1B78032B0F
:10CB000008D00C4B1B78002B7FF447AF0A4B002258
:10CB10001A7042E7084B00221A703EE76FF0004C93
:10CB20004FE76FF01B0467E7FFF706FE94E700BFCF
:10CB3000774A0020764A0020AC08002024E0030059
:10CB400050E6030078E603009CE6030010B50446B7
:10CB500017F0B9F800B110BD024B18782146FFF765
:10CB6000DFFEF8E7774A00202DE9F04385B002AFF9
:10CB700002F008FE02286ED0032850D001284AD1C6
:10CB80000024012502F0FEFDA846A6466E468AB0A6
:10CB900002AB13F1100261D01421A2B18C4604291A
:10CBA00003DDDFF8D090C3F81490BCF1080F00DD6E
:10CBB0009861BCF10C0F01DDC3F81C80BCF1100FB3
:10CBC00001DDC3F820E013294BDD4FF0140C3AB11E
:10CBD0000521397100217971B971F971786818618D
:10CBE00000216FF300016FF341016FF382016FF3D6
:10CBF000C501032363F38811CCF30A0C6CF35321B2
:10CC00006FF31F510023184806F012F8B54621466D
:10CC10002846FFF785FE0C37BD46BDE8F08304F0DB
:10CC200063FC054608B90124ACE704F069FB04463F
:10CC300004F06CFB009023460C4A02210A4818F0CD
:10CC4000B6FB21460A4803F0E7F8002003F03AFB60
:10CC50000024254696E70024254693E76FF000411F
:10CC60009BE76FF01B0CB2E724E00300D4E603005F
:10CC700000E7030024E7030070B5044617F04CF802
:10CC80000646FFF719FD054605211E4816F0E0FF90
:10CC9000002C35D00346002D24DBEDB22570002B8F
:10CCA00022DBDBB26370FFF70FFDF8B10123A37045
:10CCB000F6B10123E370144B1B78DBB10123237120
:10CCC000124B1B78C3B101236371BFF35B8F104B11
:10CCD0001B68BFF35B8F0F4A1278A271FF2B0DDC2C
:10CCE000DBB20CE00025D9E70023DBE70023DEE719
:10CCF0000023DFE70023E2E70023E5E7FF23E371FA
:10CD000070BD00BF20DD0300744A0020774A002078
:10CD100098380020734A002008B50E4B1B7803B1E9
:10CD200008BD05230C4A03210C4818F035FB04F01C
:10CD3000F3FC16F0DDFF03F0E1FF0021022004F018
:10CD400077F80021012004F073F80521002004F099
:10CD50006FF8E5E7764A002050E7030024E003007F
:10CD60002DE9F04383B000AF04F0CAFA054600F1A4
:10CD7000FF3940F63A73994537D84FF010084026EE
:10CD800003F0BCFF0021084604F052F8414602209F
:10CD900004F04EF83146012004F04AF817F055F936
:10CDA000041E28DD40F63A73994522D801232A460D
:10CDB00021463A4803F030F840F63B739C4223DCAE
:10CDC00040F63A7399451FD91021022004F030F83B
:10CDD0004021012004F02CF810224021304803F0BB
:10CDE0001BF840264FF010080EE04FF02008802678
:10CDF000C6E70023DBE740F63A73994545D80122A0
:10CE00002946284803F008F88AB06B4613F110024F
:10CE10003DD018209AB10146042803DDDFF88CC00C
:10CE2000C3F814C0082901DDC3F818800C2900DDFF
:10CE3000DE61102900DD1D62142900DD5C62172807
:10CE400028DD18243AB10621397100217971B971B0
:10CE5000F9717868186100216FF300016FF34101E7
:10CE60006FF382016FF3C501032363F38811C4F3E9
:10CE70000A0464F353216FF31F5100230A4805F09D
:10CE8000D7FE0C37BD46BDE8F0830022B8E76FF04F
:10CE90000040BFE76FF01B04D4E700BF7CE703004E
:10CEA000A8E70300CCE7030024E00300F8E7030051
:10CEB0002DE9F04F97B00CAF3861F960FFF7FCFB3C
:10CEC000B8610521764816F0C3FE7861FFF7FCFBD8
:10CED000044604F015FAF86102F0F2FA714B93F887
:10CEE0000080714B1D78EDB2704B93F80090BFF34A
:10CEF0005B8F6F4B1B68BB60BFF35B8F6D4B93F811
:10CF000000B06D4B93F800A0FFF7F0FB78606E4621
:10CF1000002387F82430022387F8253096B00CA927
:10CF200011F110024DD04FF0420C22B1BCF1040FB0
:10CF300001DD624B4B61002387F82030022387F824
:10CF40002130002A4CD06346BCF1080F01DD38695E
:10CF500088610C2B01DDB869C861102B01DD78698F
:10CF60000862142B00DD4C62182B01DDF868886222
:10CF70001C2B03DD4FF0000EC1F82CE0202B01DD4F
:10CF8000C1F83080242B00DD4D63282B01DDC1F872
:10CF900038902C2B01DDB868C863302B01DDC1F857
:10CFA00040B0342B01DDC1F844A0382B01DD786896
:10CFB00088643C2B01DDFB69CB6401F15003002048
:10CFC0000CE06FF0004CB0E700F1080507F1200E0F
:10CFD000754415F8085C03F8015B01300128F3D9AA
:10CFE000BCF1410F58DD422362B1102087F82400C4
:10CFF000002087F8250087F82600012087F8270001
:10D00000786A086100216FF300016FF341016FF34B
:10D0100082016FF3C501032060F38811C3F30A0393
:10D0200063F353216FF31F510023254805F000FEE1
:10D03000B5461C4B1E781C4B1D78EDB21B4B93F86C
:10D040000080BFF35B8F1A4BD3F80090BFF35B8F68
:10D05000184B93F800A0184B93F800B0FFF746FB6D
:10D06000FB690A930990CDF820B0CDF81CA0CDF84B
:10D070001890CDF814800495039600230293FB6862
:10D08000019300947B69BA6939690E4802F0C4FEC5
:10D090002C37BD46BDE8F08F6FF01B03A4E700BF3F
:10D0A00020DD0300744A0020774A0020734A0020E4
:10D0B00098380020724A0020714A002030E80300AE
:10D0C00024E00300B4E803002DE9F04F83B000AF83
:10D0D000FFF7C6FA0446454B93F800805FFA88F8DC
:10D0E000434B1E78F6B2434B93F800A004F008F9C6
:10D0F00004F00CF90546FFF7F9FA002C6CDB3E4A08
:10D1000082FB0432E317C3EB62130FFA83FC642241
:10D1100002FB134424B2E9468EB0694611F11002B5
:10D120005ED04FF0280E1AB37346BEF1040F03DD34
:10D13000DFF8D0B0C1F814B0082B01DDC1F81880B9
:10D140000C2B00DDCE61102B01DDC1F820A0142BCB
:10D1500000DD4D62182B00DD88621C2B01DDC1F85B
:10D160002CC0202B00DD0C63242B01DD00234B633E
:10D17000BEF1270F37DD28233AB10A20387100208D
:10D180007871B871F8717868086100216FF3000157
:10D190006FF341016FF382016FF3C501032060F368
:10D1A0008811C3F30A0363F353216FF31F51002364
:10D1B000124805F03DFDCD4604F0AEFA16F08AFDAA
:10D1C000FFF784FB16F0A8FD01460D48FFF770FE3F
:10D1D0000C37BD46BDE8F08F4FF0000C64469AE76F
:10D1E0006FF0004E9FE76FF01B03C5E7774A002002
:10D1F000764A0020AC0800201F85EB5124E0030094
:10D200006CE9030018E90300064BBFF35B8F53E89A
:10D21000001F013143E80012002AF8D1BFF35B8FF1
:10D22000704700BF983800202DE9F04182B000AF70
:10D23000044604F06BF80546042805D940F6196346
:10D240009C4212DC012600E00126494B1978204659
:10D2500004F0D2FB5EB9474B1B78002B7DD1FFF762
:10D2600035FB0837BD46BDE8F0810026EDE7414BB0
:10D270001B7893B102F086FA03285DD03E4B1B78F1
:10D28000002B60D101F0C0F90028EAD102F06EFA5B
:10D290000028E6D1FFF750FAE3E7204604F05AF8F9
:10D2A000E8468AB06B4613F110023FD014217AB1E0
:10D2B0000E46042903DDDFF8D0C0C3F814C0082EE1
:10D2C00000DD9C610C2E00DDDD61102E00DD18629A
:10D2D00013292EDD14263AB1052139710021797107
:10D2E000B971F9717868186100216FF300016FF36B
:10D2F00041016FF382016FF3C501022363F38811CB
:10D30000C6F30A0666F353216FF31F5100231B482F
:10D3100005F08EFCC5462A462146194802F07CFDE0
:10D3200016F066FD134B01221A70A3E76FF000415F
:10D33000BDE76FF01B06CEE702F0E8F900289DD1AB
:10D3400002F0C0FF9AE702F0E1F900289AD1084BF9
:10D3500018780021FFF7E4FA94E7064B00221A70D0
:10D360002A462146074802F057FD16F026FD76E7CB
:10D37000774A0020754A0020764A002024E0030006
:10D38000C8E90300ECE9030074E9030010B584B0B8
:10D390004A488368DB683B21984700284CD14748BE
:10D3A00083681B6902AA0C2198470346002862D1B2
:10D3B000029B039C424A82FB0412E417C4EB223412
:10D3C00003EB830303EB830304EB830424B23D4BA1
:10D3D00083FB0423E217C2EB631213B2642101FB47
:10D3E000124212B20092384A0321384817F0DFFF88
:10D3F00001F00AF918B9364B1B78002B59D020469A
:10D4000002F0D8FB334B18884FF47A7303FB00F01B
:10D41000410CC00340F2E733C0184FF47A724FF06A
:10D42000000341F10001EFF76BFB02460B462A486F
:10D4300013F08EFF04B010BD0346284A0121234893
:10D4400017F0AAFF234B18884FF47A7303FB00F000
:10D45000410CC00340F2E733C0184FF47A724FF02A
:10D46000000341F10001EFF74BFB02460B461A485F
:10D4700013F06EFFDEE71A4A0121144817F08CFF03
:10D48000144B18884FF47A7303FB00F0410CC0036F
:10D4900040F2E733C0184FF47A724FF0000341F1C5
:10D4A0000001EFF72DFB02460B460B4813F050FF2F
:10D4B000C0E702F05BF90028A4D0A0E798DD0300E4
:10D4C000AD8BDB681F85EB5178EA030024E0030095
:10D4D000764A0020A80800205819002014EA03000A
:10D4E00048EA03002DE9F04F89B004AFAC4B0022AD
:10D4F000BFF35B8F53E8009F43E800210029F9D177
:10D50000BFF35B8FFFF7E0F80646A64B93F8008069
:10D51000B8F1010F14BF4FF0000B4FF0010BA24BFD
:10D520001C78E4B203F0ECFE054616F0CCFB786004
:10D5300000287ED19C4B1978284604F05DFAB9F199
:10D54000010F40F270810124964B1C700023974A12
:10D550001370974A1370974B1C70924B93F800C04E
:10D56000C44556D0A246EB468CB004AB13F1100272
:10D5700000F0A1812020E2B10146042803DDDFF89C
:10D5800050E2C3F814E0082901DDC3F818800C2923
:10D5900001DDC3F81CC0102901DDC3F82090142957
:10D5A00000DD5E62182901DDC3F828A01C2900DD1A
:10D5B000DD621F2840F382814FF0200C3AB1082130
:10D5C000397300217973B973F973F8681861002110
:10D5D0006FF300016FF341016FF382016FF3C50137
:10D5E000032363F38811CCF30A0363F353216FF32E
:10D5F0001F510023704805F01BFBDD46694B1A786C
:10D600000295CDF804A000964B4641466B4802F0C7
:10D6100003FC654B1B78DBB2A34200F05281002C67
:10D6200000F06581664B1B78002B40F059816548FE
:10D630005EE104F021FA80465B4B1978284604F03D
:10D64000DBF90446B9F1010F40F28E80554B0122FF
:10D650001A700023554A1370554A1370A04500F004
:10D66000CE80504B1B78012B14BF4FF0000C4FF0B5
:10D67000010C4D4B1B78DEB2E8468AB004AB13F1C7
:10D68000100200F0C68018209AB10146042803DD7C
:10D69000DFF840E1C3F814E0082900DD9C610C29A3
:10D6A00001DDC3F81CC0102900DD1D62142900DD56
:10D6B0005E62172840F3B08018263AB1062139730C
:10D6C00000217973B973F973F868186100216FF359
:10D6D00000016FF341016FF382016FF3C501032372
:10D6E00063F38811C6F30A0666F353216FF31F51E3
:10D6F0000023314805F09CFAC5462B4B1B78294A7C
:10D70000127800932B46012A14BF002201222146E1
:10D710002D4802F081FBFFF7D9F8224B1B78013B23
:10D72000DBB2012B00F2F28001F0B0FF002840F0E4
:10D73000ED8001F0BBFF002840F0E88002F022F805
:10D7400003286CD0184B1B7823B11D4B1B78002B82
:10D7500000F0DC801D4A0321174817F013FE00215A
:10D760000120FFF7DDF8D1E0B9F1000F04D00D4B37
:10D770001B78012B3FF46AAF76B30D4B00221A7071
:10D780000A4B1B78FF2B02D00133084A1370074B5A
:10D790001B78022B7FF662AF024B02221A705DE704
:10D7A00098380020734A0020774A0020724A0020EF
:10D7B000714A0020744A002024E0030080EB03003B
:10D7C000764A002090EA0300DCEA03000CEB030039
:10D7D00044EB0300A4EA03004E4B00221A704E4BA8
:10D7E0001B78FF2B02D001334B4A13704A4B1B7836
:10D7F000022B7FF633AF494B00221A702EE7474BBE
:10D800001B78012B14BF002301235B457FF429AF54
:10D8100083E76FF0004037E76FF01B064DE700200D
:10D8200002F050FD8EE7B9F1000F04D03B4B1B789E
:10D83000012B3FF488AE36B3374B00221A70354BBC
:10D840001B78FF2B02D00133324A1370334B1B7805
:10D85000012B0CD02F4B1B78022B7FF67EAE2F4B6B
:10D8600002221A702E4B01221A70344675E62C4B98
:10D8700001221A70274B1B78022B1AD9274B022240
:10D880001A70344669E6234B00221A70224B1B782B
:10D89000FF2B02D00133204A13701F4B1B78022B41
:10D8A0007FF65BAE00231D4A13701D4A1370344689
:10D8B00053E6344651E66FF000405CE66FF01B0C17
:10D8C0007CE624B1174B1B78002B7FF4A8AE134BDA
:10D8D0001B7898451AD0FEF7F9FFFEF72DFF15E0EB
:10D8E000114A0221114817F04DFD114800E011487E
:10D8F0002146FFF7DDFA2CB90A4B1B7803F0FF0233
:10D9000003B17A6079682046FFF70AF81437BD46FC
:10D91000BDE8F08F724A0020714A0020734A00204F
:10D92000744A0020764A0020B0EB030024E0030094
:10D9300090EA030098EA030010B516F0EDF90446EA
:10D94000FFF7D0FD0D4A13780133DBB21370042BBF
:10D9500009D80B4B1B7813B10A4B1B7813B101F09C
:10D9600005FF40B110BD134600221A70214606483B
:10D97000FFF79EFAEDE7FEF7DFFEF3E7704A0020BF
:10D98000764A0020774A0020DCEB030008B5034606
:10D9900000B901230D4A13800D4A5268AAB14FF411
:10D9A0007A7202FB03F3590CDB0340F2E73298185A
:10D9B0004FF47A724FF0000341F10001EFF7A0F845
:10D9C00002460B46024813F0C3FC08BDA80800201D
:10D9D00058190020F0B583B0B449B54816F075FF6A
:10D9E000B4481EF009FE002800F097804FF4202272
:10D9F0000A21B04816F0EDF80446002840F0958062
:10DA0000AD4816F062FF4FF420220821A94816F015
:10DA1000E0F800F0CFFE0446002840F08F80A748D1
:10DA200001F02AFF03F06CFEA549A6481FF05CF93F
:10DA300000F0F0FEA44803F0F5FB0346002840F098
:10DA4000848003F051FC0346002840F084800122CA
:10DA50000821984816F01CF90446002840F08180FF
:10DA600040F6CD40002114F033F803F075F803467A
:10DA700000287CD103F02CFA034600287DD14FF416
:10DA80008031924816F0CDF8044600287BD19049A9
:10DA9000904B4B6020238B60864816F006F90446B5
:10DAA000002876D116F038F98B4B187019788B4A0C
:10DAB00011701B78002B72D00223894A1370894B96
:10DAC0000022BFF35B8F53E8001F43E800200028CB
:10DAD000F9D1BFF35B8F804B1B78002B61D0032300
:10DAE000814A13707C4B1B78002B5CD000237F4A4B
:10DAF0001370794B19787E48FFF7DAF94FF0E86236
:10DB000005216C4816F04DF8044600284DD0794A9E
:10DB10000121794817F036FC0DE0784A012176485A
:10DB200017F030FC4FF0FF3405E00346744A012142
:10DB3000714817F031FC204603B0F0BD0346714A2E
:10DB400001216D4817F028FCF5E76F4A01216A486A
:10DB500017F022FC75E76D4A0121674817F01CFC9D
:10DB600075E76B4A0121644817F00CFCE3E7694A4A
:10DB70000121614817F010FC7CE7674A01215E48EB
:10DB800017F00AFC7BE7654A01215B4817F0FAFBB6
:10DB9000D1E7634A0121584817F0F4FBCBE7002393
:10DBA0008BE700239CE70323A1E7FEF771FE16F045
:10DBB0009FF85C4B1B884FF47A7202FB03F300243E
:10DBC000590CDB0340F2E73298184FF47A724FF0A9
:10DBD000000341F10001EEF793FF02460B4639487E
:10DBE00013F0B6FB444D504A0321284617F0CAFBF8
:10DBF0004E4A0321284617F0C5FBFFF79DFE264637
:10DC00002546274614E0FFF797FE00271BE0002675
:10DC10000135EDB2012D22D8013401F0B9FD10B16A
:10DC2000A04240F28B804FF40040002113F050FFDF
:10DC300001220A211F4816F02BF800F09FFD013742
:10DC4000FFB2022FDFD8244B1B78002BDFD0013628
:10DC5000F6B23B2EDCD903F047FB0026D8E700F0F4
:10DC6000D3FC10B101F094FC20B901F07FFD28B184
:10DC70000025D1E7FFF774F80025CDE700F0C4FCDC
:10DC800040B901F085FC68B100F0BEFC002851D01D
:10DC90000025C1E701F08CFC0028F2D0244800F0F8
:10DCA000B9FCEEE716F016F8EEE700BFE0EB030074
:10DCB000E8EB030020DD030038EC0300080500203A
:10DCC0008DD301005819002029D2010008EE03006D
:10DCD0009C38002009D20100774A0020744A0020B5
:10DCE000734A002098380020724A0020714A0020B0
:10DCF00054ED03005CED030024E00300FCEB0300A3
:10DD000010EC030060EC030078EC030094EC0300DB
:10DD1000BCEC0300DCEC0300F4EC03000CED0300AE
:10DD20002CED0300A808002088ED0300A8ED0300F7
:10DD3000C8ED0300FEF700FD00256DE700902346C7
:10DD4000064A0221064817F032FB40F6CD4000217A
:10DD500013F0BEFE002004F083FB00BFE0ED0300E3
:10DD600024E0030016280CD005D93D280FD03E280A
:10DD70000FD109487047082805D0132805D1074856
:10DD8000704707487047074870470748704707487B
:10DD900070470548704700BF74EE030038EE03007B
:10DDA00050EE030018EE030088EE030068EE030057
:10DDB000F0B583B000AF15461C460846EEF724FCCC
:10DDC0000022274BEEF78AFC04EB84046400A4B223
:10DDD00000220023EEF7CCFA41EC170B8AB06B4619
:10DDE00013F1100235D0182172B10846042901DD63
:10DDF0001C4E5E61082801DD83ED067B102800DDE6
:10DE00001D62142800DD5C62172925DD18243AB153
:10DE10000621397100217971B971F9717868186139
:10DE200000216FF300016FF341016FF382016FF383
:10DE3000C501032363F38811C4F30A0464F3532177
:10DE40006FF31F510023084804F0F2FE0C37BD4663
:10DE5000F0BD6FF00041C7E76FF01B04D7E700BFCC
:10DE60000000F43FA4EE03006CDF030008B531B1FD
:10DE70000B46064A0121064817F08EFA08BDF72323
:10DE8000044A0321024817F087FAF7E7FCEE030083
:10DE90006CDF030028EF0300B0B582B000AF0D4681
:10DEA0000846FFF75FFF6C4601233B7103237B713C
:10DEB0008AB0EC461CF110021BD04FF0120E52B18A
:10DEC0007346BEF1040F02DD4249CCF81410082B52
:10DED00001DDCCF8185001233B7003237B70AAB1FD
:10DEE000BEF10C0F01DDCCF81C000CF12003002169
:10DEF0000AE06FF0004EE2E701F10800384410F844
:10DF0000080C03F8010B01310129F5D9BEF1110FFD
:10DF100055DD12234AB10421397100217971B9719B
:10DF20000121F9717868CCF8100000216FF300012D
:10DF30006FF341016FF382016FF3C501032060F3BA
:10DF40008811C3F30A0363F353216FF31F510023B6
:10DF5000214804F06DFEA546204B186820B119F049
:10DF600033FA1E4B00221A601D4B1B7853BB1FF067
:10DF7000DFF94A0142EAD06243011B1A62EB010257
:10DF8000920042EA93729B001B1842EB0102D200FE
:10DF900042EA5372C3F3103343EA4243D20B1149AE
:10DFA0005B1842F1000210490B604A604FF4803266
:10DFB00000230E4813F0CCF90837BD46B0BD6FF012
:10DFC0001B03A7E70023064A1370094A137001F0E8
:10DFD000B1FFCCE744EF03006CDF0300AC38002056
:10DFE000794A0020905F01008819002090190020D4
:10DFF000784A0020F0B58BB004460D4616460378EB
:10E00000032B38D8DFE803F002212B311D4B93E8B6
:10E0100003000790ADF82010090C8DF822106379E9
:10E020002279E178A07867780DF11C0CCDF814C046
:10E0300004970390029101920093A379124A31460A
:10E04000284614F03DFC0BB0F0BD104B93E80300E4
:10E050000790ADF82010090C8DF82210DFE70C4A6C
:10E0600007AB07CA03C31A80D9E70A4A07AB07CA36
:10E0700003C31A80D3E7084A0A2107A814F020FC3A
:10E08000CDE700BF6CEF03007CEF030074EF0300EB
:10E09000A0EF0300ACEF03007428040000B583B0C8
:10E0A00084460E4A6B4692E8030083E80300194653
:10E0B000604619F08BFA40B10346094A022109482B
:10E0C00017F06AF903B05DF804FB4FF4FA43064A0F
:10E0D0000321044817F060F9F4E700BF00E10300F2
:10E0E000B8EF03006CDF0300E8EF030008B509494F
:10E0F000094B0B600EF086F930B10346074A012147
:10E10000074817F049F908BD064A0321044817F0EB
:10E1100039F9F8E7A83800206DDE010020F003008F
:10E120006CDF030040F0030010B582B004460C4BD6
:10E130009B68019301A919F010FA50B9FB23094A11
:10E140000321094817F028F92046FFF7CFFF02B056
:10E1500010BD0346054A0121034817F01DF9F6E7F3
:10E1600000E1030084F003006CDF03005CF00300B7
:10E17000F0B595B000AF29BB044619F0ECF91E22AA
:10E1800007F13001FFF736FF6E4600233B72022392
:10E190007B7288B06D4615F110021AD00E201AB1AC
:10E1A000042801DD694B6B6100233B7102237B7105
:10E1B000E2B1082802DD07F13003AB6105F11C0371
:10E1C000002111E00B46624A0121624817F0E4F891
:10E1D000A8E06FF00040E2E701F1500CBC441CF8ED
:10E1E0004CCC03F801CB01310129F5D90D2840F3BE
:10E1F0009C800E2342B10321397200217972B972D9
:10E200000121F972B868286100216FF300016FF3F2
:10E2100041016FF382016FF3C501032060F38811A0
:10E22000C3F30A0363F353216FF31F5100234948DB
:10E2300004F0FEFCB54607F10C0120460BF022FC71
:10E2400010F0FF0F74D1388CEEF7DEF90022424B4C
:10E25000EEF744FABB8C03EB83035B009DB2002214
:10E260000023EEF785F841EC170BB7F822C06E4695
:10E270008AB06B4613F1100261D018218AB10846AA
:10E28000042903DDDFF8E8E0C3F814E0082801DD25
:10E2900083ED067B102801DDC3F820C0142800DDC3
:10E2A0005D6217294EDD18253AB106213972002129
:10E2B0007972B972F972B868186100216FF30001C0
:10E2C0006FF341016FF382016FF3C501032363F321
:10E2D0008811C5F30A0363F353216FF31F51002321
:10E2E0001C4804F0A5FCB5461C4B186820B119F079
:10E2F0006BF81A4B00221A60204619F03EF8174BB3
:10E300001860174B01221A70164B00221A7016481B
:10E310001EF03AFD01F008FB2046FFF7BFFE204645
:10E32000FFF702FF5437BD46F0BD6FF01B0361E7F6
:10E33000C3B20E4A0121074817F02EF8F2E76FF03A
:10E3400000419BE76FF01B05AEE700BFB4F0030090
:10E35000A0F003006CDF03000000F43FAC380020A5
:10E36000794A0020784A002090190020D8F0030054
:10E37000F8F0030008B5064A0321064817F002F832
:10E3800005481EF001FD054812F0D2FF08BD00BF90
:10E3900048F103006CDF030090190020B038002022
:10E3A00008B5084B1B7803B108BD074A022107488E
:10E3B00016F0E8FF064801F02FFD064812F0B8FFFE
:10E3C000F2E700BF794A002074F103006CDF03001C
:10E3D000ACF10300B0380020804B1B78002B40F0DC
:10E3E000FC8090B58FB002AF7D4B1B78002B40F0C6
:10E3F000928000233B777B77BB7705233B621EF03F
:10E4000097FF4A0142EAD06243011B1A62EB010204
:10E41000920042EA93729B001B1842EB0102D20069
:10E4200042EA5372C3F3103343EA4243D20B6D49BD
:10E430000868496883428A4173DAA0237B621EF030
:10E4400077FF4A0142EAD06243011B1A62EB0102E4
:10E45000920042EA93729B001B1842EB0102D20029
:10E4600042EA5372C3F3103343EA4243D20B5D498D
:10E470000868496883428A4156DAA123BB620023B7
:10E48000FB6207F1080C07F11C0EBEE80F00ACE8B8
:10E490000F00DEF80030CCF800301EF049FF4A01D2
:10E4A00042EAD06243011B1A62EB0102920042EA87
:10E4B00093729B001B1842EB0102D20042EA537296
:10E4C000C3F3103343EA4243D20B46490868496814
:10E4D00083428A412BDA44496C4600233B71022374
:10E4E0007B7188B00DF1080C1CF1100221D00E20B8
:10E4F00022B1042802DD3D4BCCF8143000233B70E0
:10E5000002237B7012B3082801DDCCF818100CF13F
:10E510001C03002118E00AF0CDFB314B00221A70D9
:10E5200067E74FF4487389E740F22133A6E73049A3
:10E53000D2E76FF00040DBE701F1300EBE441EF879
:10E5400030EC03F801EB01310129F5D90D283BDD51
:10E550000E234AB10321397100217971B97101216A
:10E56000F9717868CCF8100000216FF300016FF3A7
:10E5700041016FF382016FF3C501032060F388113D
:10E58000C3F30A0363F353216FF31F5100231948A8
:10E5900004F04EFBA54601230093174B02221749B6
:10E5A00007F108000AF056FB034610B110F1780F8E
:10E5B0000DD10B4B01221A70114A03210D4816F0A0
:10E5C000E1FE3437BD4690BD6FF01B03C1E70D4A35
:10E5D0000121084816F0E0FEF3E77047794A002071
:10E5E000784A002088190020CCF10300DCF10300F8
:10E5F000D4F103006CDF0300D0F20300E4F2030067
:10E6000034F203000CF20300014B1878704700BF8E
:10E61000794A0020B0B582B000AF044620B34D4B1C
:10E6200019786D4600233B7102237B718AB0EC465A
:10E630001CF110021AD0122022B1042802DD464B30
:10E64000CCF8143000233B7002237B70DAB1034610
:10E65000082801DDCCF818400C2B01DDCCF81C108B
:10E660000CF1200300210CE03C4CD8E76FF0004097
:10E67000E2E701F1080EBE441EF808EC03F801EBD6
:10E6800001310129F5D9112859DD12234AB104219C
:10E69000397100217971B9710121F9717868CCF86B
:10E6A000100000216FF300016FF341016FF382014D
:10E6B0006FF3C501022060F38811C3F30A0363F30B
:10E6C00053216FF31F510023254804F0B1FAAD46E2
:10E6D0002146244801F0A0FB15F08AFB224B186864
:10E6E00010B1132118F0DAFE1A4B1B7853BB1EF041
:10E6F0001FFE4A0142EAD06243011B1A62EB01028B
:10E70000920042EA93729B001B1842EB0102D20076
:10E7100042EA5372C3F3103343EA4243D20B134924
:10E720005B1842F1000212490B604A604FF48032DC
:10E730000023104812F00CFE0837BD46B0BD6FF044
:10E740001B03A3E70023034A13700B4A137001F065
:10E75000F1FBCCE7794A00204CF2030048F20300B9
:10E760006CDF03006CF20300AC380020905F010006
:10E770008819002090190020784A002008B5094B1C
:10E780001B781BB9084B1B7843B108BD00F010FF84
:10E790000028FAD00548FFF73DFFF6E7044812F0DD
:10E7A000C7FDF2E7794A0020784A002080F2030092
:10E7B000B038002010B50F480BF080F80E490F4814
:10E7C0001EF0ECF90E490F481EF08EFA002009F0F9
:10E7D00091FC044630B90C4A03210C4816F0D2FDD6
:10E7E000204610BD03460A4A0121084816F0D4FD10
:10E7F000F6E700BF3C050020D9E30100B038002057
:10E80000A1E3010090190020B8F203006CDF0300BF
:10E8100098F2030008B5024812F08AFD002008BDF6
:10E82000B0380020144B1B78B3B9144B1B78ABB92C
:10E83000134B1B78A3B9134B1B789BB9124B1B7856
:10E8400093B9124B1B788BB9114B1B7883B9114BC1
:10E850001B787BB101207047012070470120704771
:10E860000120704701207047012070470120704748
:10E870000120704700207047884A0020874A002006
:10E88000864A0020854A0020844A0020834A0020CE
:10E89000824A0020814A0020194B1B784BB1194B4A
:10E8A00018685968012871F1000304DA0020014654
:10E8B00001E000200146144B1B7843B1134B1A684A
:10E8C0005B68904271EB030C01DA10461946104B5D
:10E8D0001B7843B10F4B1A685B68904271EB030CD5
:10E8E00001DA104619460C4B1B7843B10B4B1A68E2
:10E8F0005B68904271EB030C01DA104619467047D1
:10E90000884A0020D81A0020874A0020D01A002008
:10E91000854A0020C81A0020814A0020C01A002021
:10E9200008B502F0E1FD08B1002008BDFFF76CFE5C
:10E9300020B9044B1B781BB10120F6E70120F4E756
:10E940000020F2E77E4A002010B504461EF0F0FCDD
:10E950008E464A0142EAD06243011B1A62EB010271
:10E96000920042EA93729B001B1842EB0102D20014
:10E9700042EA5372C3F3103343EA4243E1174FEACA
:10E98000411C4CEAD46C6001001B6CEB010C4FEA9B
:10E990008C0C4CEA907C8000001941EB0C01C90002
:10E9A00041EA5071C000C01841EBD231044B1A68E3
:10E9B0005B6882428B4102DA014B1860596010BDDE
:10E9C000401A002008B50B4B1B781BB90A4B1B786B
:10E9D00043B908BDFFF7A4FF0028F7D0074812F09D
:10E9E000A7FCF3E7FFF79CFF0028F2D0044812F0E1
:10E9F0009FFCEEE7884A0020874A0020D838002094
:10EA0000C838002008B5FFF7FFFD00B908BD4FF476
:10EA100020320023014812F09BFCF7E7781A00200F
:10EA200090B583B000AF012914BF00210121314B03
:10EA30001970F1B130496C4600233B7102237B71A0
:10EA400088B0EC461CF1100215D00E2022B104282B
:10EA500002DD2A4BCCF8143000233B7002237B707C
:10EA6000B2B1082801DDCCF818100CF11C0300210C
:10EA70000CE02349DFE76FF00040E7E701F1080E03
:10EA8000BE441EF808EC03F801EB01310129F5D969
:10EA90000D2828DD0E234AB1032139710021797137
:10EAA000B9710121F9717868CCF8100000216FF379
:10EAB00000016FF341016FF382016FF3C501032081
:10EAC00060F38811C3F30A0363F353216FF31F51FB
:10EAD00000230C4804F0ACF8A546064B1B782BB974
:10EAE0000C37BD4690BD6FF01B03D4E7FFF78AFFDC
:10EAF000F6E700BF804A0020F4F2030008F30300A9
:10EB0000FCF2030094E0030090B583B000AF01294C
:10EB100014BF002101214A4B1970F1B149496C46DB
:10EB200000233B7102237B7188B0EC461CF110027C
:10EB300015D00E2022B1042802DD434BCCF814304E
:10EB400000233B7002237B70B2B1082801DDCCF8B2
:10EB500018100CF11C0300210CE03C49DFE76FF0BA
:10EB60000040E7E701F1080EBE441EF808EC03F888
:10EB700001EB01310129F5D90D283EDD0E234AB103
:10EB80000321397100217971B9710121F971786816
:10EB9000CCF8100000216FF300016FF341016FF317
:10EBA00082016FF3C501032060F38811C3F30A03E8
:10EBB00063F353216FF31F510023254804F038F805
:10EBC000A5461F4B1B78002B36D0FFF71BFF214AB1
:10EBD00013685268134313D01F4B00200021C3E970
:10EBE00000014FF4004200231C4812F0B1FB1C4806
:10EBF00012F09EFB0C37BD4690BD6FF01B03BEE7C5
:10EC00001EF096FB4A0142EAD06243011B1A62EBF6
:10EC10000102920042EA93729B001B1842EB010230
:10EC2000D20042EA5372C3F3103343EA4243D20B99
:10EC300008490B604A60CFE702F0DAF9DAE700BF73
:10EC4000874A0020F4F2030030F30300FCF20300D3
:10EC500094E00300E01A0020D01A0020E81A0020F7
:10EC6000C838002090B583B000AF012914BF00213F
:10EC70000121484B1970F1B147496C4600233B71A3
:10EC800002237B7188B0EC461CF1100215D00E20D7
:10EC900022B1042802DD414BCCF8143000233B7034
:10ECA00002237B70B2B1082801DDCCF818100CF1FA
:10ECB0001C0300210CE03A49DFE76FF00040E7E772
:10ECC00001F1080EBE441EF808EC03F801EB013117
:10ECD0000129F5D90D2853DD0E234AB103213971DD
:10ECE00000217971B9710121F9717868CCF81000AF
:10ECF00000216FF300016FF341016FF382016FF3A5
:10ED0000C501032060F38811C3F30A0363F35321A1
:10ED10006FF31F510023234803F08AFFA5461D4BC4
:10ED20001B7883B3FFF76EFE1EF002FB4A0142EA36
:10ED3000D06243011B1A62EB0102920042EA937215
:10ED40009B001B1842EB0102D20042EA5372C3F34C
:10ED5000103343EA4243D20B13490B604A60134B12
:10ED600000200021C3E900014FF4004200231048B5
:10ED700012F0EEFA0F4812F0DBFA0C37BD4690BDE8
:10ED80006FF01B03A9E7002001F0D2FE01F0DEFFC7
:10ED9000F3E700BF884A0020F4F2030048F30300C1
:10EDA000FCF2030094E00300E01A0020D81A0020CF
:10EDB000E81A0020D838002008B5094B1B7803B9A1
:10EDC00008BDFFF7ADFD0028FAD002F0D5F80346E4
:10EDD0000028F5D0034A0221034816F0DDFAEFE7D8
:10EDE000874A002060F3030094E0030090B583B0ED
:10EDF00000AF012914BF00210121424B1970F1B16C
:10EE000041496C4600233B7102237B7188B0EC467C
:10EE10001CF1100215D00E2022B1042802DD3B4B5C
:10EE2000CCF8143000233B7002237B70B2B1082869
:10EE300001DDCCF818100CF11C0300210CE0344962
:10EE4000DFE76FF00040E7E701F1080EBE441EF86F
:10EE500008EC03F801EB01310129F5D90D2847DD54
:10EE60000E234AB10321397100217971B971012151
:10EE7000F9717868CCF8100000216FF300016FF38E
:10EE800041016FF382016FF3C501032060F3881124
:10EE9000C3F30A0363F353216FF31F5100231D488B
:10EEA00003F0C6FEA546174B1B7823B3FFF7AAFD58
:10EEB0004FF400520023184812F04AFA174B1B78FF
:10EEC000E3B14FF47A7202FB03F3590CDB0340F217
:10EED000E73298184FF47A724FF0000341F10001C5
:10EEE000EDF70EFE02460B460D4812F031FA05E032
:10EEF0006FF01B03B5E708481DF046FF0C37BD4611
:10EF000090BD00BF814A0020F4F2030080F30300AB
:10EF1000FCF2030094E00300F8190020AD08002083
:10EF2000181B0020B0B582B000AF0C4601291ED0DE
:10EF300035496D4600233B7102237B7188B0EC4656
:10EF40001CF1100215D00E2022B1042802DD2F4B37
:10EF5000CCF8143000233B7002237B70B2B1082838
:10EF600001DDCCF818100CF11C0300210CE028493D
:10EF7000DFE76FF00040E7E701F1080EBE441EF83E
:10EF800008EC03F801EB01310129F5D90D2834DD36
:10EF90000E234AB10321397100217971B971012120
:10EFA000F9717868CCF8100000216FF300016FF35D
:10EFB00041016FF382016FF3C501032060F38811F3
:10EFC000C3F30A0363F353216FF31F510023114866
:10EFD00003F02EFEAD46012C14BF002401240E4B7D
:10EFE0001C706CB1FFF70EFD4FF4005200230B486C
:10EFF00012F0AEF90837BD46B0BD6FF01B03C8E78D
:10F0000006481DF0C1FEF5E7FCF20300A0F3030083
:10F01000F4F2030094E00300824A0020C8190020A3
:10F0200010B50C46074A0321074816F0ABF9012C2E
:10F0300014BF00240124054B1C7004B910BDFFF758
:10F04000E1FCFBE7C0F3030094E00300834A0020E7
:10F0500010B50C46074A0321074816F093F9012C16
:10F0600014BF00240124054B1C7004B910BDFFF728
:10F07000C9FCFBE7F0F3030094E00300844A00209E
:10F0800010B50C46074A0321074816F07BF9012CFE
:10F0900014BF00240124054B1C7004B910BDFFF7F8
:10F0A000B1FCFBE71CF4030094E00300864A002057
:10F0B0002DE9F04184B005460C4616461F46D1F8AE
:10F0C0000C80124A0321124816F05CF9114B1B68A0
:10F0D00023B1DB6813B198470F4B18600E4B1B68C8
:10F0E000002B0FDD04230293CDF80480BDF82830F7
:10F0F00000933B4632462146284619F0EAFE04B00A
:10F10000BDE8F0816FF00D00F9E700BF40F40300A7
:10F1100094E00300F8380020FC3800202DE9F0418D
:10F1200084B005460C4616461F46D1F80C800E4AA0
:10F1300003210E4816F026F94FF080535A6E196ECF
:10F140000B4B19605A6008230293CDF80480BDF878
:10F15000283000933B4632462146284619F0B9FE36
:10F1600004B0BDE8F08100BF58F4030094E0030050
:10F17000A81A002070B51C46BDF81030022C0DD125
:10F180007BB915785678084A0321084816F0FAF832
:10F190003146284601F02EFE204670BD6FF00C006F
:10F1A000FBE76FF00600F8E76CF4030094E003005F
:10F1B00038B51C46BDF81030012C0BD16BB9157851
:10F1C000074A0321074816F0DDF8284601F0F2FD52
:10F1D000204638BD6FF00C00FBE76FF00600F8E743
:10F1E00084F4030094E0030010B50C460C4A03219C
:10F1F0000C4816F0C7F8012C14BF002401240A4B58
:10F200001C7004B910BDFFF7FDFB084812F090F820
:10F2100002F076F80028F5DC02F066F8F2E700BFAD
:10F220009CF4030094E00300854A0020E8380020A5
:10F230002DE9F04786B004AF05460C4616469846C1
:10F24000D1F80C90EA4600233B7102237B7188B011
:10F2500004A911F1100212D00E201AB1042801DD08
:10F260002B4B4B6100233B7002237B70A2B108281B
:10F2700001DD284B8B6101F11C0C00230AE06FF0CB
:10F280000040EAE703F1080EBE441EF808EC0CF853
:10F2900001EB0133012BF5D90D2835DD0E2342B1E9
:10F2A0000320387100207871B8710120F8717868F6
:10F2B000086100216FF300016FF341016FF38201D8
:10F2C0006FF3C501032060F38811C3F30A0363F3EE
:10F2D00053216FF31F5100230F4803F0A9FCD546BB
:10F2E0000F2148461CF001FD80B20290CDF8049039
:10F2F0003B8D0093434632462146284619F0E9FDEE
:10F300000837BD46BDE8F0876FF01B03C7E700BFB5
:10F31000C4F40300A406002094E003002DE9F04F9C
:10F3200083B000AF064688461546994697F830A048
:10F330001DF0FEFF4B0143EAD0634401241A63EB46
:10F3400001039B0043EA9473A400241843EB0101DA
:10F35000C90041EA5471C4F3103444EA41444FEA0D
:10F36000D13BBAF1000F07D1514B1A685B68944248
:10F370007BEB0303C0F298802B46424631460020C7
:10F3800014F0EEFC064660B9494B1A685B6894427B
:10F390007BEB030308DB464B00200021C3E900019F
:10F3A00002E010F10C0F39D0002E75D016F10D0FC0
:10F3B00072D016F1690F6FD03E4B1A685B68A21AC3
:10F3C0006BEB0303B2F57A7F73F1000364DBE8466D
:10F3D00000233B7102237B718AB0EC461CF11002C2
:10F3E00024D0162022B1042802DD334BCCF814308F
:10F3F00000233B7002237B702AB30346082801DDFB
:10F40000CCF818900C2B01DDCCF81C60102B01DD22
:10F41000CCF820500CF12403002112E014F150012B
:10F420004BF10002224B19605A60BDE76FF00040BB
:10F43000D8E701F108053D4415F8085C03F8015BC5
:10F4400001310129F5D915282BDD16234AB10521F3
:10F45000397100217971B9710121F9717868CCF89D
:10F46000100000216FF300016FF341016FF382017F
:10F470006FF3C501022060F38811C3F30A0363F33D
:10F4800053216FF31F5100230C4803F0D1FBC546F5
:10F49000084B1C60C3F804B030460C37BD46BDE8CD
:10F4A000F08F6FF01B03D1E76FF06806F4E700BF41
:10F4B000281A0020C0190020E4F4030094E003009F
:10F4C000154B1B6833B39B6A23B300B583B000228E
:10F4D0000092019268469847104B02221A709DF8DC
:10F4E00000201A729DF801205A729DF802209A722B
:10F4F0009DF80320DA729DF804201A739DF8052008
:10F500005A739DF806209A739DF80720DA7303B0AA
:10F510005DF804FB704700BFF8380020B4060020F7
:10F520002DE9F04184B005460C4616461F46D1F839
:10F530000C80FFF7C5FF0A4A03210A4815F022FF95
:10F5400005230293CDF80480BDF8283000933B4694
:10F5500032462146284619F0BCFC04B0BDE8F081D3
:10F560000CF5030094E0030008B5074B1B7803B9C2
:10F5700008BDFFF7A5FF054B1B68002BF8D05B6AA1
:10F58000002BF5D09847F3E7824A0020F838002096
:10F5900008B5064B1B780BB9002008BDFFF7C0F972
:10F5A00008B10120F9E70020F7E700BF884A0020F2
:10F5B00010B5FFF729F8044650B12F4B1B7813B94B
:10F5C0002E4B1C7824B101F08FFF044610B10024AB
:10F5D000204610BD1DF0ACFE8E464A0142EAD062C4
:10F5E00043011B1A62EB0102920042EA93729B00F4
:10F5F0001B1842EB0102D20042EA5372C3F31033EC
:10F6000043EA4243D20B1C490878C8B11C49086838
:10F610004968012871F1000C0EDB012871F1000C22
:10F62000D6DB181A62EB0101B0F57A6F71F10001B7
:10F63000ACBF01240024CBE7124908684968ECE715
:10F64000114C21686468012974F1000C0EDB01295A
:10F6500074F1000C0EDB5B1A62EB0402B3F57A6FF7
:10F6600072F10002ACBF01240024B1E7054C21680F
:10F670006468ECE70446ABE7884A0020874A00202C
:10F68000D81A0020E01A0020D01A0020054B1B7861
:10F6900023B9054B1B781BB101207047012070472F
:10F6A00000207047884A0020874A002008B5164B82
:10F6B0001A685B68012A73F1000301DA002008BDB3
:10F6C0001DF036FE8E464A0142EAD06243011B1A03
:10F6D00062EB0102920042EA93729B001B1842EB1C
:10F6E0000102D20042EA5372C3F3103343EA4243A9
:10F6F000D20B05490868496883428A4101DA012032
:10F70000DDE70020DBE700BFB81A002008B5164B84
:10F710001A685B68012A73F1000301DA002008BD52
:10F720001DF006FE8E464A0142EAD06243011B1AD2
:10F7300062EB0102920042EA93729B001B1842EBBB
:10F740000102D20042EA5372C3F3103343EA424348
:10F75000D20B05490868496883428A4101DA0120D1
:10F76000DDE70020DBE700BFB01A0020014B18786E
:10F77000704700BF7E4A0020014B1870704700BFE1
:10F780007D4A0020014B1878704700BF7C4A00205A
:10F79000014B1888704700BF6A4A0020314B1B7824
:10F7A00083425ED090B583B000AF2E4B1870F0B19D
:10F7B0002D496C4600233B7102237B7188B0EC46D7
:10F7C0001CF1100215D00E2022B1042802DD274BB7
:10F7D000CCF8143000233B7002237B70B2B10828B0
:10F7E00001DDCCF818100CF11C0300210CE02049BD
:10F7F000DFE76FF00040E7E701F1080EBE441EF8B6
:10F8000008EC03F801EB01310129F5D90D2825DDBC
:10F810000E234AB10321397100217971B971012197
:10F82000F9717868CCF8100000216FF300016FF3D4
:10F8300041016FF382016FF3C501032060F388116A
:10F84000C3F30A0363F353216FF31F5100230948E5
:10F8500003F0EEF9A5460C37BD4690BD6FF01B03D3
:10F86000D7E770477F4A002024F5030038F50300EE
:10F870002CF5030094E0030008B508B1154A1060A8
:10F88000154916481DF08AF9154916481DF086F9E4
:10F89000154916481DF082F9154916481DF024FA3D
:10F8A000154916481DF020FA154916481DF01CFA96
:10F8B000154916481DF018FA154916481DF014FA96
:10F8C000154916481DF010FA154B1A79154B1A7088
:10F8D000002008BDF838002061FA0100E838002057
:10F8E00069050200D8380020B9ED0100C8380020B1
:10F8F000D1F90100781A0020F93D0300481A0020D0
:10F900007D040200181B002055030200E81A0020A5
:10F9100009030200F819002069F50100C819002048
:10F92000B4060020AD08002008B5084B00200021D7
:10F93000C3E90001FFF766F8FFF744F8044B1B68C2
:10F9400013B11B6903B1984708BD00BF281A0020F6
:10F95000F838002010B582B0184B1B7853B3184903
:10F96000086001230093174B04221748FFF7D6FCC9
:10F97000044610B1204602B010BD1DF0D9FC8E46E1
:10F980004A0142EAD06243011B1A62EB0102920073
:10F9900042EA93729B001B1842EB0102D20042EA3A
:10F9A0005372C3F3103343EA4243D20B07490B604F
:10F9B0004A60DFE76FF00C04DCE700BF854A0020F7
:10F9C000FC38002068F503001CFB0300C81A002067
:10F9D00000B583B0FEF718FEC0B1FEF723FF98B163
:10F9E000154B1B7853B1154B1B683BB1DB682BB132
:10F9F0009847002808DDFFF7ADFF05E0104B1B78A6
:10FA00003BB9104B1B786BB9FEF7FCFF03B05DF8F8
:10FA100004FB012300930C4B05220C490C48FFF713
:10FA20007DFCF1E7012300930A4B08220A490B48A9
:10FA3000FFF774FCE8E700BF854A0020F838002093
:10FA4000824A0020864A002070F503000039002019
:10FA500084FC030084F5030008390020D0FB030078
:10FA6000164B1B784BB310B5154B1B6893B1DB6875
:10FA700083B19847041E13DD2046FFF76BFF034652
:10FA8000A0B110F10D0F0AD00E4A02210E4815F058
:10FA900083FC04E00D4A02210B4815F073FC10BDF5
:10FAA0000B4A0321084815F06DFCF8E72346094A84
:10FAB0000321054815F070FCF1E77047854A0020E6
:10FAC000F8380020F4F5030094E0030094F50300F7
:10FAD000C8F5030018F6030070B582B005460C4661
:10FAE000FEF71EFF00284BD0294B1B78002B4AD075
:10FAF000002C4BD0192C00D91924264A1368591C04
:10FB00001160254E304640F8043B04EB4404640089
:10FB1000224629461DF050FE0434A2B20023009371
:10FB20001E4B31461E48FFF7F9FB044640B11D4A03
:10FB30001368013313601C4B1860204602B070BD7F
:10FB40001A4A1368013313601DF0F2FB4A0142EABE
:10FB5000D06243011B1A62EB0102920042EA9372E7
:10FB60009B001B1842EB0102D20042EA5372C3F31E
:10FB7000103343EA4243D20B0D490B604A60DCE785
:10FB80006FF00C04D9E76FF00C04D6E70024D4E73B
:10FB9000874A0020A03A00201039002034F60300E4
:10FBA00094FB0300B83A0020B43A0020BC3A00208D
:10FBB000D01A002000B583B00D4B1A6801321A60CC
:10FBC0009880FEF7ADFE68B10A4B1B786BB100233D
:10FBD0000093094B082206490848FFF79FFB03B032
:10FBE0005DF804FB6FF00C00F9E76FF00C00F6E72E
:10FBF00008390020864A002038F60300D0FB0300B5
:10FC000000B585B08DF80F00084B1B7853B1012269
:10FC10000092074B0DF10F010648FFF77FFB05B07F
:10FC20005DF804FB6FF00C00F9E700BF844A002088
:10FC300040F603000CFC030000B585B08DF80F0002
:10FC4000084B1B7853B101220092074B0DF10F01B5
:10FC50000648FFF763FB05B05DF804FB6FF00C008E
:10FC6000F9E700BF834A002050F6030048FC030078
:10FC70002DE9F04385B002AF154697F82880354C42
:10FC800020706170A270E37084F80480324A1278A8
:10FC9000002A5BD06E468CB002AC14F110024FD03B
:10FCA0004FF01C0EE2B1F446BEF1040F03DDDFF8A5
:10FCB000B890C4F81490BCF1080F00DDA061BCF14D
:10FCC0000C0F00DDE161BCF1100F00DD2562BCF11D
:10FCD000140F00DD6362BCF1180F01DDC4F8288049
:10FCE000BEF11B0F2FDD1C233AB107213971002112
:10FCF0007971B971F9717868206100216FF30001A1
:10FD00006FF341016FF382016FF3C501032060F3CC
:10FD10008811C3F30A0363F353216FF31F510023C8
:10FD20000E4802F085FFB546012300930C4B0522D7
:10FD300008490C48FFF7F2FA0C37BD46BDE8F083DE
:10FD40006FF0004EAEE76FF01B03CDE76FF00C00D5
:10FD5000F2E700BF00390020824A002094E003004F
:10FD6000B0F6030084FC030060F6030010B582B017
:10FD7000224B1B78002B37D00A46002837D00029A9
:10FD800038D0012300931E4B01461E48FFF7C6FAE8
:10FD9000044640B11C4A1368013313601B4B1860C2
:10FDA000204602B010BD1A4A1368013313601DF0DB
:10FDB000BFFA8E464A0142EAD06243011B1A62EB47
:10FDC0000102920042EA93729B001B1842EB01026F
:10FDD000D20042EA5372C3F3103343EA4243D20BD8
:10FDE0000C490B604A60DBE76FF00C04D8E76FF05A
:10FDF0000C04D5E76FF00C04D2E700BF814A002065
:10FE0000B8F60300C0FC0300AC3A0020A83A00207A
:10FE1000B03A0020C01A00200FB400B5ABB02C9A45
:10FE20000C4B1B7873B16AB12DAB0193A02102A8D2
:10FE300013F008FB002805DD9F2808DC81B202A82A
:10FE4000FFF794FF2BB05DF804EB04B070479F21DF
:10FE5000F5E700BF814A00200D4B1B78834216D086
:10FE600010B504460A4B187078B10121094B1B6884
:10FE7000094A12680948FFF7CFFF094B1B681BB1FD
:10FE80001B6B0BB12046984710BD0021EEE7704771
:10FE90007A4A0020C4380020C0380020C0F6030091
:10FEA000F838002008B50020084B1870084B18607F
:10FEB000084B1860002200230749C1E900230749C5
:10FEC000C1E90023FFF7C8FF08BD00BF7B4A00203F
:10FED000C4380020C0380020381A0020301A002012
:10FEE00008B50F4B1B7803B908BD0D4B00221A70E3
:10FEF0005A20FEF729FD0B4B1B780B4A03210B48B8
:10FF000015F04AFA0A4B1B6813B11B6A03B19847F4
:10FF1000FEF77AFB0028E7D113F053FFE4E700BFB8
:10FF20007E4A00207F4A0020E4F6030094E00300AC
:10FF3000F8380020D0B523481CF026FFFFF7D0FF8B
:10FF40000024214B1C70214B1C70214B1C70214B39
:10FF50001C70214B1C70214B1C70214B1C70214BC1
:10FF60001C70214B1C7000260027204BC3E9006742
:10FF70001F4BC3E900671F4BC3E900671E4BC3E972
:10FF800000671E4BC3E900671D481CF0FDFE1D48BD
:10FF90001CF0FAFE1C481CF0F7FE1C481CF0F4FE96
:10FFA0001B4BC3E90067204600F0C2FD19481CF056
:10FFB000EBFE13F006FF184B1B6813B15B6903B12E
:10FFC0009847D0BD481A0020884A0020874A002060
:10FFD000864A0020854A0020844A0020834A002067
:10FFE000824A0020814A0020804A0020D81A00203E
:10FFF000D01A0020C81A0020C01A0020E01A0020E1
:020000040002F8
:10000000181B0020E81A0020F8190020C819002049
:10001000281A0020781A0020F8380020F8B5074682
:100020000E461DF085F94B0143EAD0634401241AC2
:1000300063EB01039B0043EA9473A400241843EB91
:100040000103DB0043EA5473C4F3103444EA43442D
:10005000002F00F09680D90B002E00F09280002334
:1000600017E05A4802605A4A00201060594A01209D
:1000700010700CE0AA1A1CE000F11F0C1CE05348A1
:100080000560534D2868121A00EBD2002860013336
:10009000DBB2B34215D203EB430207EB8202526894
:1000A0004C4800780028DCD048480568501BE1D453
:1000B000024684460028DFDB15EB6C15DFD50025F2
:1000C000DDE7424B1868B0F5FA6F41D3404B1E682C
:1000D0000025B20FB3009B1942F10002D20042EAA0
:1000E0005372DB009B1B62F10002120142EA1372A1
:1000F0001B019B1942F10002120142EA13721B011B
:10010000870F8600361847F1000700186D41B3428B
:1001100072EB07073AD3304B00260027C3E900678C
:100120002E4A13685268134302D12C4B1C6059604D
:100130002A4B1A685B68A21A61EB030340F6C411EC
:100140008A4273F100031CDB0120FFF785FE18E0F3
:10015000224B00260027C3E900671F4A1368526834
:10016000134302D11C4B1C6059601B4B1A685B681F
:10017000A21A61EB030344F620618A4273F1000383
:1001800000DAF8BD0020FFF767FEFAE78342AA41D4
:10019000F7D2124B00260027C3E900670E4A136806
:1001A0005268134302D10C4B1C6059600A4A136811
:1001B0005268E41A61EB020344F62062944273F140
:1001C0000003DEDB0020FFF747FEDAE7C43800203B
:1001D000C03800207B4A0020301A0020381A002046
:1001E00070B582B005460C46FEF79AFB00284FD04A
:1001F0002B4B1B78002B4ED0002C4FD0142C00D949
:10020000142421462846FFF709FF264A1368591C83
:100210001160254E304640F8043B04EB4404A40032
:10022000224629461DF0C8FA0434A2B200230093E6
:100230001E4B31461E48FFF771F8044640B11D4A77
:100240001368013313601C4B1860204602B070BD68
:100250001A4A1368013313601DF06AF84A0142EA32
:10026000D06243011B1A62EB0102920042EA9372D0
:100270009B001B1842EB0102D20042EA5372C3F307
:10028000103343EA4243D20B0D490B604A60DCE76E
:100290006FF00C04D9E76FF00C04D6E70024D4E724
:1002A000884A0020A43A0020AC39002004F703005B
:1002B00058FB0300C43A0020C03A0020C83A00208E
:1002C000D81A0020032815D808B501460A4B1B7818
:1002D00083420ED0084B1870032807D00022002359
:1002E0000648C0E900230648C0E900230548FFF797
:1002F00093FD08BD704700BF7C4A0020B81A00205B
:10030000B01A002008F703000E4B1B7803B97047A2
:1003100030B587B0FFF7D4F80B48FFF77DFD0B49E8
:10032000CB7A0A7B487B8C7BCD7B0495039402902F
:10033000019200938B7A4A7A097A0548FFF76CFD9F
:1003400007B030BD814A002024F70300B406002026
:1003500038F7030070B5FEF757F900284AD03B4B39
:100360001B781BB93A4B1B78002B43D01CF0E0FFE5
:100370004B0143EAD0634401241A63EB01039B0061
:1003800043EA9473A400241843EB0103DB0043EA1F
:100390005473C4F3103444EA4344DB0B25461E4631
:1003A0002A4A127892B12B4A11685268012972F1D7
:1003B000000020DB012972F1000007DB681A63EB03
:1003C0000203B0F57A6F73F1000318DAFEF764FAEE
:1003D000012871F1000321DB2D1A66EB0106B5F54A
:1003E0007A6F76F1000621DA4FF4004200231A48B2
:1003F00010F0AEFF70BD194A11685268DAE7641A4E
:100400002346174A0221174814F0C6FF2146164812
:10041000FFF702FD1548FEF7FDF8EBE70F4B1868F4
:100420005968012871F10003D6DADDE7241A234662
:100430000F4A02210B4814F0AFFF21460D48FFF789
:10044000EBFC0D48FEF7E6F8D4E700BF884A002031
:10045000874A0020D81A0020E81A0020E01A00205D
:1004600080F7030094E00300ACF70300C4F7030037
:10047000D8F7030004F803001CF803002A4B1B788C
:1004800033B92A4B1B781BB9294B1B78002B49D059
:10049000F0B589B0274B1968274B1A68274B1B68A2
:1004A00027480068274C2468274D2D68274E36685A
:1004B000274F3F68DFF8A8C0DCF800C0DFF8A4E0F1
:1004C0009EF800E0BEF1000F12D04FF0010ECDF803
:1004D00018E0CDF814C0049703960295019400909B
:1004E0001C48FFF799FC1C4B187820B909B0F0BDE7
:1004F0004FF0000EEBE74FF47A7303FB00F0410C72
:10050000C00340F2E733C0184FF47A724FF0000393
:1005100041F10001ECF7F4FA02460B460F4810F0E7
:1005200017FFE3E7704700BF884A0020874A002092
:10053000814A0020C83A0020C43A0020C03A002076
:10054000BC3A0020B83A0020B43A0020B03A00206B
:10055000AC3A002030F80300AD080020181B002042
:10056000A83A00207E4A002038B51F4B1B788BB973
:100570001D4B1B7873B30124FEF746F860B30125C9
:1005800000F0B2FF50B301232A4621461748FFF777
:1005900043FC38BDFEF7C4F90028E9D000F042FB67
:1005A0000446E8B10346124A0221124814F0F4FE50
:1005B00021461148FFF730FC012000F0B9FA00F0A5
:1005C000AFFA0E4B1B68002BE3D09B69002BE0D0E9
:1005D0009847DEE70024CFE70025D1E70023D3E7E3
:1005E0000748FFF719FCE7E7884A0020A8F803004E
:1005F000D4F8030094E00300F4F80300F838002076
:100600000CF9030030B585B0FEF75AFF18480178A1
:1006100042788378C4780079164D2D78A5B10125EC
:100620000295019000941448FFF7F6FB134B1B78DA
:1006300063B9134B1B7893B9124B1B6813B15B6AF8
:1006400003B1984705B030BD0025E9E701230093C9
:100650000D4B052206490D48FEF760FEE9E7012330
:1006600000930B4B10220B490B48FEF757FEE3E7B4
:10067000003900207E4A002020F90300824A002031
:10068000804A0020F838002058F9030084FC030059
:1006900064F90300B406002024FD030070B582B0A5
:1006A0001C46BDF81830002B40F03F818446002CDA
:1006B00000F03E811378013B092B00F23C81DFE81A
:1006C00013F00A002A0058006A007B008A00B70075
:1006D000BD00C2002801032C40F030815578967887
:1006E00065B9A74B5E702846314600F0A1FB034672
:1006F00032462946A348FFF78FFB5AE0012D06D06A
:10070000022D40F01E819E4BDE702846ECE79C4B8C
:100710009E702846E8E7022C40F0168151789A4DE9
:100720002970974B19719948FFF776FB2B78002BAE
:100730003FD0974A12782AB9964A127812B9964A47
:100740001278B2B34FF47A7202FB03F3590CDB0355
:1007500040F2E73298184FF47A724FF0000341F1FB
:100760000001ECF7CDF902460B468C4810F0F0FD85
:100770001FE0012C40F0EB80894A6B4692E80300B1
:1007800083E803001946604616F020FF01468548BD
:10079000FFF742FB0DE0022C40F0DC80507800B9FE
:1007A0000A20774D687100F0B7FE69797E48FFF73F
:1007B00033FB204602B070BD022C40F0CE80507852
:1007C00000B901206E4DA871FDF7E0F8A9797748CE
:1007D000FFF722FBEDE7022C40F0C280537843F094
:1007E0000303674AD371DBB213F0020F0FD0644BDF
:1007F000DB7913F0010F0DD1614BDB7913F0020FA0
:100800000FD15F4BD9796A48FFF706FBD1E700F0BB
:10081000EFFBECE7FEF784F80028EDD000F002FAD9
:10082000EAE7FEF77DF80028EBD000F0A5FBE8E74B
:10083000012C40F09880FFF7E5FEBAE7012CB8D014
:100840006FF00C00B6E7022C40F090805378032B39
:1008500000F28F80574A137015D0002200235649AA
:10086000C1E900235549C1E90023524B1978544886
:10087000FFF7D2FA534B1B6813B1DB6A03B19847F9
:10088000FFF7C0FE95E71CF053FD4A0142EAD06233
:1008900043011B1A62EB0102920042EA93729B0031
:1008A0001B1842EB0102D20042EA5372C3F3103329
:1008B00043EA4243D20B41F288355B1942F1000210
:1008C0003D490B604A601CF033FD4A0142EAD062A8
:1008D00043011B1A62EB0102920042EA93729B00F1
:1008E0001B1842EB0102D20042EA5372C3F31033E9
:1008F00043EA4243D20B34495B1842F100022F49CC
:100900000B604A604FF4B47229463048FFF784FA0E
:10091000ABE7032C30D15178937841EA03212C4B7B
:1009200019802C48FFF778FA43E76FF0060041E79B
:100930006FF00C003EE76FF012003BE76FF00C0029
:1009400038E76FF0120035E76FF00C0032E76FF018
:100950000C002FE76FF00C002CE76FF00C0029E77C
:100960006FF00C0026E76FF00C0023E76FF00C002F
:1009700020E76FF012001DE76FF00C001AE700BFD0
:10098000B406002070F90300AD0800208CF90300C4
:10099000884A0020874A0020814A0020181B002036
:1009A0000CE10300A8F90300CCF90300ECF9030003
:1009B00008FA03007C4A0020B81A0020B01A002070
:1009C00050FA0300F8380020407E05002CFA03009E
:1009D0006A4A002088FA030012F4801F00D1704791
:1009E00008B5024810F0A4FC08BD00BFE03A0020A2
:1009F00030B583B0044601F045F8A37CBBB10DF1DE
:100A00000702217C1F480FF091FD054601F046F8D2
:100A100035B99DF80700FFF7F3F868BB03B030BDA8
:100A2000237C194A0121194814F0B6FCF6E7627CD0
:100A3000217C14480FF08EFD70B90DF10702217C66
:100A400010480FF073FD054601F028F86DB99DF8C8
:100A50000700FFF7F1F8E0E701F020F8237C0C4AEB
:100A600001210A4814F098FCD8E7237C094A0121A7
:100A7000064814F091FCEAE7074A0121034814F004
:100A800081FCCBE7C4060020A4FF03007CE0030048
:100A9000D0FF0300FCFF03003400040010B5BEB01B
:100AA00000F0F0FF0DF1070202A910480FF0AEFCB4
:100AB000044600F0F3FF24B99DF8071039B93EB0A1
:100AC00010BD0B4A01210B4814F05CFCF7E702A8AB
:100AD000FFF786FB03460028F1D010F10D0FEED092
:100AE000054A0221034814F057FCE8E7C406002039
:100AF000640004007CE003007C00040008B5064BA1
:100B00001B7803B908BDFFF7C9FF4FF480420023EB
:100B1000024810F01DFCF5E7894A0020481B002020
:100B200008B5024810F004FC08BD00BFE03A002000
:100B300008B5074B187030B14FF4804200230548C8
:100B400010F006FC08BD03481CF01EF9FAE700BFD0
:100B5000894A0020481B002010B5224B18681BF062
:100B60004BFD18B320481BF047FD38B34FF48031DC
:100B70001E4813F085F9044640BB1D491D4B4B60D0
:100B80004FF480138B60184813F085F9044618BBA6
:100B900019491A481CF002F819491A481CF0A4F81F
:100BA00019491A481BF0FAFF204610BD184A0121C6
:100BB000184814F0E7FB6FF01204F5E7164A01211C
:100BC000144814F0DFFB6FF01204EDE7134A012123
:100BD000104814F0D7FBE7E7114A01210D4814F043
:100BE000D1FBE1E7C406002020DD03008C020400F5
:100BF000F03A0020D9090200AB3E0300E03A0020A1
:100C0000FD0A0200481B0020F1090200CC3A002036
:100C1000940004007CE00300D00004000C010400F8
:100C20003C01040010B51D4B1B78ABB900F02AFF46
:100C30001B480FF08DFA044600F030FFDCB94FF08E
:100C4000B8621421174813F0DBF80446C8B9134BF7
:100C500001221A70204610BD4FF0B86214211148CD
:100C600013F0CEF804460028F4D00F4A01210F48B3
:100C700014F088FBEEE70E4A01210C4814F082FBC9
:100C8000E8E70C4A0121094814F07CFB00F0FAFE69
:100C900003480FF03BFB00F001FFDBE78A4A00202E
:100CA000C406002020DD03006C0104007CE003008A
:100CB0009C010400B801040010B50020FFF738FFC4
:100CC0000A4B1B7813B90024204610BD4FF40012C4
:100CD0001421074813F094F804460028F4D0054A7C
:100CE0000121054814F04EFBEEE700BF8A4A0020C0
:100CF00020DD0300EC0104007CE0030010B50F4B85
:100D00001B7853B100F0BEFE0D480FF04BFB0446BC
:100D100000F0C4FE2CB9204610BDFFF783FF044647
:100D2000F9E72346074A0221074814F035FB034B35
:100D300000221A70FFF776FF0446ECE78A4A00208B
:100D4000C40600201C0204007CE0030010B5134B15
:100D50001B7813B90024204610BD4FF40012142153
:100D60000F4813F04DF8044660B900F08BFE0D48B3
:100D70000FF0CCFA044600F091FE4CB9074B00226C
:100D80001A70E8E7084A0121084814F0FBFAE2E784
:100D9000074A0121054814F0F5FADCE78A4A0020E9
:100DA00020DD0300C4060020EC0104007CE0030009
:100DB0004C02040030B583B0054600F063FE0DF12F
:100DC0000702294608480FF0B1FB044600F066FE12
:100DD00014B9204603B030BD2B46044A0121044813
:100DE00014F0DAFAF5E700BFC4060020A4FF030000
:100DF0007CE0030038B505460C4600F043FE224671
:100E0000294608480FF0A6FB044600F047FE0CB93F
:100E1000204638BD2B46044A0121044814F0BCFA90
:100E2000F6E700BFC4060020D0FF03007CE003000B
:100E300010B504462330C0B2FFF7DCFF08B900202C
:100E400010BD2346024A0121024814F0A5FAF6E734
:100E5000680204007CE0030012F0400F00D17047EC
:100E600008B5024810F064FA08BD00BFFC3A002043
:100E700010B5A8B000F006FE0DF1070202A9104857
:100E80000FF02AFC044600F009FE24B99DF8071073
:100E900039B928B010BD0B4A01210B4814F072FA81
:100EA000F7E702A8FEF718FE03460028F1D010F17C
:100EB0000D0FEED0054A0221034814F06DFAE8E761
:100EC000CC060020940204004CDF0300B8020400AA
:100ED00010B51E4B18681BF08FFBD8B11C481BF0D7
:100EE0008BFBF8B14FF480320621194813F001F85A
:100EF0000446F8B91749184B4B6040238B601448DF
:100F000013F01FF80446D8B9144915481BF046FEE3
:100F1000204610BD134A0121134814F033FA6FF034
:100F20001204F5E7114A01210F4814F02BFA6FF073
:100F30001204EDE70E4A01210B4814F023FAE7E70B
:100F40000C4A0121084814F01DFAE1E7CC06002004
:100F500020DD03000C3B0020590E0200710E020040
:100F6000FC3A0020D00204004CDF0300140304000C
:100F7000580304009403040010B5174B1B7813B1F9
:100F80000024204610BD00F07DFD14480FF000FB4A
:100F9000044600F083FD5CB94FF0B86206211048AA
:100FA00012F08FFF044648B90B4B01221A70E8E794
:100FB0000C4A01210C4814F0E5F9E2E70B4A012143
:100FC000094814F0DFF900F05DFD04480FF052FB12
:100FD00000F064FDD5E700BF8B4A0020CC0600205E
:100FE00020DD0300CC0304004CDF0300F403040005
:100FF00010B5134B1B7813B90024204610BD4FF4D5
:10100000001206210F4812F05CFF044660B900F0A0
:1010100039FD0D480FF02EFB044600F03FFD4CB9A2
:10102000074B00221A70E8E7084A0121084814F02B
:10103000A9F9E2E7074A0121054814F0A3F9DCE722
:101040008B4A002020DD0300CC0600203004040081
:101050004CDF03006C04040008B506481BF0CCFA12
:1010600028B14FF42021044812F0AAFF08BD6FF008
:101070001200FBE720DD0300B80604002DE9F04371
:1010800085B002AF5A4883685B685A49984704465E
:1010900000283AD1584BB3F900307B60391D5748CE
:1010A00012F0B5FF804600283BD17D68A5F13202E1
:1010B00040F66E739A423BD805EB850405EB440479
:1010C0004F4B83FB0429A9EBE47983FB0523A3EBB6
:1010D000E576204612F07FFFF0B9484612F07BFF1C
:1010E000002869D1284612F076FF00286ED13046DC
:1010F00012F071FF002872D000962B46414A02215F
:10110000414814F054F9344606E003463F4A0121B1
:101110003D4814F041F9002420460C37BD46BDE897
:10112000F08303463A4A0121374814F035F9F3E7D2
:101130006C468AB002AB13F1100237D0142182B191
:101140000846042901DD334E5E61082800DD9D61FB
:101150000C2801DD3225DD61102802DD4FF47A60B4
:101160001862132925DD14253AB1052139700021B3
:101170007970B970F9703868186100216FF3000157
:101180006FF341016FF382016FF3C501022363F333
:101190008811C5F30A0363F353216FF31F51002332
:1011A000194801F045FDA5464446B5E76FF00041FA
:1011B000C5E76FF01B05D7E7CDF800902B46164A20
:1011C0000221114814F0F3F84C46A5E700952B4690
:1011D000124A02210C4814F0EAF82C469CE70094CD
:1011E0002B460F4A0221084814F0E1F8444693E7E1
:1011F0005CDD0300D40600206C4A0020C006040019
:10120000ABAAAA2A980504005CDF0300900404003E
:10121000A8040400D00404001805040058050400C4
:10122000DC05040038B5054622481BF0E5F990B10D
:10123000214812F090FE0446A8B9204B01225A60C2
:101240000C221A7400225A741D4B1D601D491E4841
:101250001BF04AFD13E01D4A01211D4814F092F8CD
:101260006FF012041CE003461A4A0121184814F0DA
:1012700093F815E0184B002243F824200134022C87
:10128000F8DD164B00221A704FF42021144812F09A
:1012900097FE044630B94FF42470002110F018FC7A
:1012A000204638BD03460F4A0121094814F074F85E
:1012B000F6E700BF5CDD0300C0060400D406002092
:1012C000183B00209D130200781B00202406040018
:1012D0005CDF03003C060400203B00208C4A002019
:1012E000B80604006006040008B500220023034885
:1012F00010F02EF8002800DB002008BD781B00202D
:10130000014B1868704700BF1C3B002041F2FD03F1
:10131000984214DC40F61A63984212DDA0F61A6077
:10132000642300FB03F3094A82FB03121A44D81713
:10133000C0EB6220064A934205DCC0B270476420CD
:101340007047002070476420704700BFB9D31FB1B9
:10135000F323010041F2FD03984214DC40F6B83358
:10136000984212DDA0F6B830642300FB03F3094A6B
:1013700082FB03121A44D817C0EBA220064A9342FC
:1013800005DCC0B2704764207047002070476420BD
:10139000704700BF07452EC29D140200F0B583B010
:1013A00000AFFFF76BFE041E69DD464B1C6046482C
:1013B0000278464941F822400132454B83FB0253F3
:1013C00003EB4303D31A03700868012300E00133E1
:1013D000022B06DC3D4A52F823208242F7DD1046FC
:1013E000F5E7FFF793FF06462046FFF7B3FF6D468C
:1013F0008AB06B4613F1100247D0142192B18C468B
:10140000042903DDDFF8DCE0C3F814E0BCF1080FC9
:1014100000DD9C61BCF10C0F00DDDE61BCF1100F42
:1014200000DD1862132933DD14243AB10521397126
:1014300000217971B971F9717868186100216FF331
:1014400000016FF341016FF382016FF3C5010323C4
:1014500063F38811C4F30A0363F353216FF31F513D
:1014600000231C4801F0E4FBAD46164B1868FEF75C
:1014700071FA194B1B6813B1124A10689847174B41
:101480001B8843B90C37BD46F0BD6FF00041B5E78E
:101490006FF01B04C9E74FF47A7202FB03F3590C97
:1014A000DB0340F2E73298184FF47A724FF00003F2
:1014B00041F10001EBF724FB02460B4608480FF010
:1014C00047FFDFE71C3B00208C4A0020203B002028
:1014D000565555555CDF0300183B0020AA08002034
:1014E000781B00209006040010B50A4B1C68002CE5
:1014F0000EDD2046FFF70AFF042805D940F61963E0
:101500009C4203DC012000E0012010BD0020FCE72C
:101510000020FAE71C3B002008B50E4B1880C0B134
:101520000D4B5B68ABB14FF47A7303FB00F0410CD9
:10153000C00340F2E733C0184FF47A724FF0000353
:1015400041F10001EBF7DCFA02460B4602480FF0CE
:10155000FFFE08BDAA080020781B00201E4B1A6859
:101560001E4B1B689A4200D0704710B512F0A1FCC8
:10157000194B1A68194B1B689A4200D010BD184CC1
:10158000237883F00103237000210220FFF750FC31
:1015900000210120FFF74CFC2378BBB11C21002067
:1015A000FFF746FC0E4B1B7893B14FF4AF70C003AE
:1015B0004FF47A72002300F2E7300021EBF7A0FA33
:1015C00002460B4607480FF0C3FED7E70021E6E7C7
:1015D0004FF4FA60EBE700BF2C3B0020303B0020CB
:1015E0008D4A0020A81B002008B503481BF0CCFB47
:1015F000024B00221A7008BDA81B00208E4A002052
:1016000010B5114B1B78012B11D0FFF7EDFF012412
:101610000D4B1C7000210220FFF70AFC0021204620
:10162000FFF706FC1C210020FFF702FC10BD002183
:101630000220FFF7FDFB00210120FFF7F9FB1C2131
:101640000020FFF7F5FBF1E78E4A002010B5274B8D
:101650001A68274B1A60274B1B78022B1DD0FFF707
:10166000C3FF0220234B18700124234B1C701F4B17
:101670001A681F4B1A600021FFF7DAFB0021204691
:10168000FFF7D6FB1C210020FFF7D2FB42F6CD422C
:1016900000231A480FF05CFE10BD00210220FFF766
:1016A000C7FB00210120FFF7C3FB134B1B78BBB125
:1016B0001C210020FFF7BCFB0F4B1B7893B14FF4AC
:1016C000AF70C0034FF47A72002300F2E7300021BC
:1016D000EBF716FA02460B4608480FF039FEDBE737
:1016E0000021E6E74FF4FA60EBE700BF303B002053
:1016F0002C3B00208E4A00208D4A0020A81B002091
:1017000008B5034903481BF0EFFA002008BD00BFED
:101710005D150200A81B002008B5034A13680133B9
:10172000136012F0A1FC08BD303B00202DE9F0470A
:1017300082B000AF04461646984697F82890914B21
:101740001D6801351D608A46002969D1002800F016
:10175000BB8012F0AEFB00210220FFF769FB0021E5
:101760000120FFF765FBB9F1000F06D04146304676
:1017700012F06FFC002800F0FB80FFF741FF824B66
:1017800093F800C06D468CB06B4613F1100200F068
:10179000F2802020E2B10146042803DDDFF8F0E109
:1017A000C3F814E0082900DD9C610C2901DDC3F8B1
:1017B0001C90102901DDC3F820A0142901DDC3F815
:1017C0002480182900DD9E621C2901DDC3F82CC08D
:1017D0001F2840F3D38020243AB108213971002119
:1017E0007971B971F9717868186100216FF300019E
:1017F0006FF341016FF382016FF3C501032363F3BC
:101800008811C4F30A0464F353216FF31F510023BA
:101810005E4801F00DFAAD460837BD46BDE8F087D9
:10182000FFF7E2FE584B93F800C06D468CB06B4654
:1018300013F1100242D02020E2B10146042803DD5A
:10184000DFF84CE1C3F814E0082900DD9C610C29A5
:1018500001DDC3F81C90102901DDC3F820A0142974
:1018600001DDC3F82480182900DD9E621C2901DDFA
:10187000C3F82CC01F2824DD20243AB10821397177
:1018800000217971B971F9717868186100216FF3DD
:1018900000016FF341016FF382016FF3C501032370
:1018A00063F38811C4F30A0464F353216FF31F51E7
:1018B0000023364801F0BCF9AD46ADE76FF00040BB
:1018C000BAE76FF01B04D8E712F0CEFB2E4B93F86B
:1018D00000C06D468CB06B4613F1100242D0202040
:1018E000E2B10146042803DDDFF8A4E0C3F814E008
:1018F000082900DD9C610C2901DDC3F81C9010292A
:1019000001DDC3F820A0142901DDC3F824801829C3
:1019100000DD9E621C2901DDC3F82CC01F2824DDD8
:1019200020243AB10821397100217971B971F97116
:101930007868186100216FF300016FF341016FF3C4
:1019400082016FF3C501032363F38811C4F30A0313
:1019500063F353216FF31F5100230C4801F068F922
:10196000AD4659E76FF00040BAE76FF01B04D8E7C7
:10197000FFF76CFE03E76FF000400BE76FF01B040E
:101980002AE700BF303B00208E4A002064DF0300BE
:10199000D40604000F4B1B78032B06D8591C0D4AA4
:1019A00011700D4A42F8230070470123032B0EDC0F
:1019B00010B4591E084A52F8234042F8214001331E
:1019C000032BF6DD044BD8605DF8044B7047024BE7
:1019D000D8607047914A0020343B00200023034A1E
:1019E0001370034A1370034A13707047914A002022
:1019F000904A00208F4A002038B505460C4641B178
:101A0000194B1B782BB9194B00221A70184B012265
:101A10001A70154B1C702846FFF7BCFF8CB1B5F54A
:101A2000875F13DA114B1B78012B13D9114B1B68FD
:101A3000ED1A0B2D11DD0E4B01221A700C4B18788C
:101A400003E00B4B00221A70204638BD0020084BE3
:101A50001870FAE7064B1878F7E715F10B0FEDDA77
:101A6000034B00221A70E9E78F4A0020914A0020B8
:101A7000904A0020343B0020014B1878704700BF8B
:101A8000904A002008B54FF0FF324FF0FF33024874
:101A90000FF098F908BD00BF8009002008B5024882
:101AA0000FF010FA08BD00BF8009002008B51AF039
:101AB00030F8034900201AF020F8002008BD00BFCC
:101AC000340704002DE9F04F91B0059202931346BC
:101AD00002F004020092C3F3C20310F00302019269
:101AE00040F02C8280468A460133041D00284ED0E7
:101AF000B8F1000F05D0A4EB08020432524500F201
:101B00002082029A551E019A0492069203920026A0
:101B10004FF0FF3B0427B946B8F1000F01D0029AFD
:101B200022605A1E0792002B40F35E81059B13F042
:101B3000020228D00120A4EB08018B081AB1B1F5EC
:101B4000007F80F0048203990F2900F20382B8F12C
:101B5000000F00F06181DBB201F140026A4402F83B
:101B6000103C02F820BC002800F0528163F07F0393
:101B700001F140026A4402F8103C049B01330493D3
:101B8000039B013303930434002140463DE001F000
:101B9000070A5444CAF1080AAAE7002634E00026DE
:101BA00032E0002630E00827B9462DE0252B2BD166
:101BB0000BF1010B01260427B94625E0472BEED88F
:101BC0002A2B14D32A3BDBB24FF0010C0CFA03F39F
:101BD0004FF6DA7C13EA0C0F16D113F0625F40F077
:101BE000C28013F0010F40F08D8000260CE0252B01
:101BF00003D10BF1FF3B002606E001D9002603E0EC
:101C0000202B01D0232BCCD115466A1C6B78002BDE
:101C100000F01B81002EC9D07A2BBED84C2BCDD31F
:101C20004C3B2E2B62D80FF2080C5CF823F000BF5F
:101C3000091C0200ED1C0200ED1C0200ED1C02005C
:101C4000ED1C0200ED1C0200ED1C0200ED1C020068
:101C5000ED1C0200ED1C0200ED1C0200ED1C020058
:101C6000FD1C0200ED1C0200ED1C0200ED1C020038
:101C7000ED1C0200ED1C0200ED1C0200ED1C020038
:101C8000ED1C0200671D0200ED1C0200FD1C02009D
:101C9000FD1C0200671D0200671D0200671D020097
:101CA000091C0200FD1C0200A71B0200ED1C020023
:101CB000091C0200ED1C0200C31D0200FD1C0200F5
:101CC000C31D0200ED1C0200ED1C0200CB1D020032
:101CD000F71C0200FD1C0200ED1C0200ED1C0200BE
:101CE000FD1C0200ED1C0200F11C020000268BE727
:101CF0000427B94688E70427B94685E72B786C2B7B
:101D000025D000263C44013CB4FBF7F407FB04F467
:101D1000254620B1231A4B44534500F21581002972
:101D200058D1B9F1040F00F08880B9F1080F40F0E4
:101D300014811A9B073323F0070303F108051A9552
:101D400093ED007B08B184ED007B08345CE712F86A
:101D5000023C6C2B03D000260427B946D2E70026AC
:101D60000827B946CEE72B784C2B1AD01A9B07339D
:101D700023F0070303F108061A96D3E90067073436
:101D800024F0070440B1231A0833534513D82B78A5
:101D90004C2B13D0C4E90067083400260827B94645
:101DA00032E71A9B073323F0070303F108061A965C
:101DB000D3E90067E3E76FF01B00BCE0C4E900670C
:101DC000EAE700260427B9469CE7314600260427A7
:101DD000B94697E72C4680461A9B191D1A911B6835
:101DE0000293079B154697E6624B029A9A4204D3E8
:101DF000614B9A420AD3002300E00023002B7FF4BA
:101E000095AE059B03F00202002094E60123F5E75E
:101E1000069B01330693B3E610B10AF1010AAFE65F
:101E2000009B13B10AF1020AAAE60298FAF78AFBAC
:101E300000EB0A0303F1020AA2E61A9B1D1D1A9584
:101E40001B6800B123600434DEE68046231AB3F534
:101E5000806F80F0858090B1002202609B08037043
:101E6000009B83B1069BC370049B88F802301BBBA8
:101E7000019DDDF80C90DDF810B0029F3DE0534469
:101E8000A3F1080057E0069B4370EDE70133984249
:101E9000EED903F140026A4412F8101C12F9102C1A
:101EA000002AF3DA01F07F01A4EB08020132524567
:101EB00059D804F8011BE9E7019B0398E7E7009B69
:101EC00043B305F140036B4413F8203C04F8013B95
:101ED000019EA4EB080333440133534546D805F172
:101EE00040036B4413F8103C04F8013B324639467A
:101EF00020461BF061FC34440135A94519D9BBF1DA
:101F0000000FDCD005F140036B4413F9103C002BAB
:101F1000D5DAF1E705F140036B4413F8103C58F8AB
:101F20002370002248F823203846FAF70BFB461CA2
:101F3000CFE7A4EB080011B0BDE8F08F6FF00D0003
:101F4000F9E76FF01B00F6E76FF01B00F3E76FF0A7
:101F50001500F0E76FF01500EDE76FF01500EAE708
:101F60006FF01500E7E76FF01B00E4E76FF01B0070
:101F7000E1E700BF3CDC0300E83D04002DE9F04F41
:101F800097B000AF8346BA61FB60D7F88030C3F3E7
:101F9000C0033B62396111B912F011FC38619BF842
:101FA0000260B14636B1D7F8803013F0010F0DD181
:101FB000002300E000239BF803207A6242B1D7F8A7
:101FC000802012F0020F22D1002202E00123F2E76A
:101FD000002202B9EBB19BF80050AA00BA60DBF80E
:101FE00004207A610BEB8505BA69F2B1002B40F051
:101FF0000481B9F1000F00F00F81D7F8803013F0A1
:10200000040F40F00D810020F8610646F9E001223E
:10201000DFE7BB691BB1FA683969584698473C69E4
:1020200020465C37BD46BDE8F08F3C69E3B94D44BE
:1020300000233B6123E00444013501364E451AD2AA
:102040002A7800235BF822201946B86912F0CCFBED
:10205000BAF1000FEFD0D7F888309845EBD22AF8C4
:10206000180008F10108E6E70026C7F81C80B04612
:10207000D7F884A0E2E7C7F81080D7F81C80D7F81B
:10208000803003F00503FB604FF0000AA146C7F85B
:102090001CB09CE000253B6A7BB9002D79D0D7F8B5
:1020A000803013F0010F79D1FB68002B6FD1022330
:1020B000A9EB030988E00125EDE75946786912F09C
:1020C000D9FB0028E9D06C46002387F82C30022386
:1020D00087F82D308AB0694611F1100237D01225E9
:1020E0001AB1042D01DDB14B4B61002387F8283074
:1020F000022387F829306ABB112D45DD122362B116
:10210000042087F82C00002087F82D0087F82E0087
:10211000012087F82F00F86A08616FF300086FF359
:1021200041086FF382086FF3C508022161F3881834
:10213000C3F30A0363F353286FF31F580023414688
:102140009B4800F075FDA546A9F102093CE06FF03F
:102150000045C5E72B46082D01DD786988610C2B09
:1021600001DDC1F81CB001F12003002009E000F1FD
:10217000300C07F1280EF4441CF830CC03F801CBE6
:1021800001300128F3D9B7E76FF01B03B7E701234C
:102190008EE7D7F8803013F0020F15D000232246C7
:1021A0001946B86912F020FBD7F8843053B13B6967
:1021B000D7F88820934205D2D7F8842022F813005C
:1021C00001333B61013881440AF1010A35467B6ADB
:1021D0009A4510D22E4616F802BB6B78FA6952F86F
:1021E0002340744B9C42FFF455AF734B9C42FFF469
:1021F00062AF00254FE74C4612E707F14400002389
:10220000FB6118B14A4629461BF0D6FA4D444FF0FF
:102210000008C7F804901EE00020F8610646F0E7C9
:10222000FE6107F134000026EBE700253B6A33BB73
:10223000002D3BD0D7F8803013F0010F26D0731C4F
:1022400006F1300207F12801561806F8149CDEB298
:1022500008F1010825467B6A984549D22C4614F8B6
:1022600002AB95F801905BF82930524A9342DCD3D7
:10227000514A934201D30025D8E70125D6E75146BC
:10228000786912F0F7FA0028D2D0E1E7D7F8803069
:1022900013F0040FDCD0FA69531C303207F1280127
:1022A0000A4402F8249CDBB2FB61D1E7D7F8803006
:1022B00013F0020F09D0731C06F1300207F1280158
:1022C000561806F8149CDEB2C2E7F9694B1C01F1FE
:1022D000300207F12800024402F824AC8A1CD2B272
:1022E000FA6107F1580252FA83F303F8249CAFE72E
:1022F000D7F804909BF8003087F854309BF80130F1
:10230000334487F85530D7F8803013F0020F0ED1E0
:10231000FB69C3F3470387F85730D7F8803013F0D1
:10232000010F06D113F0040F3DD1002302E000237A
:10233000F1E7002387F85630DBF800003863786D4A
:10234000CBF80000D7F80CA05246B9685846BB69D4
:102350009847041EFFF664AE386BCBF80000524677
:10236000F96907F13400BB699847002857DB04EB93
:102370000008B9684944786A01EB4001524638695F
:10238000411A2846BB699847041EFFF649AE08EB80
:1023900004054FF000087E62C7F820B0BE69D14640
:1023A000D7F884B01FE0FB69C4E700BF5007040002
:1023B000D4DF03003CDC0300E83D04004FF0000ADA
:1023C0004A46012107F12C00B047002829DB0544CB
:1023D000534622464946304612F006FA002822DBD0
:1023E000054408F101087B6A984511D208F13003D1
:1023F00007F12802134413F8143C87F82C303A6A8A
:1024000052F82340BBF1000FD8D03BF818A0D7E713
:10241000FA6800210846BB6998472C4600E6044646
:10242000FEE50446FCE50446FAE500BF80B5054636
:102430000E46174698460FF079FB03461BF0F4FB57
:102440000446DFF8189049F80030424639463046D5
:10245000A84754F8090001F083FE00BF08000000FF
:1024600008B50446EFF31183402383F31288BFF3CA
:102470006F8F0BF0F5FE204613F0CDFB024812F0F3
:1024800024FA13F0FBFBFCE7080804002DE9F043F5
:1024900083B0044608461546238B13F0080F05D178
:1024A00003F0070600230093019354E0012909D0AB
:1024B00043F02003238385F31188BFF36F8F03B0AC
:1024C000BDE8F08343F010032383F4E7204612F0C5
:1024D00033FD42E0D4F814904A466946204612F093
:1024E00044FD4FF00008238B03F00707B74269D083
:1024F000A268002A66D0012243F00803238385F3F3
:102500001188BFF36F8F002A64D1009B2BB14B461B
:102510003A466946204612F0A1FDB8F1000F02D0FC
:1025200034492046C047EFF31185402383F31288D6
:10253000BFF36F8F238B23F008032383238B13F0C8
:10254000100F4DD023F0100323830120268B06F0BB
:1025500007060028AFD00228B8D00028ABD0013839
:1025600004282BD801A353F820F000BFD524020083
:10257000BD2502008125020095250200A925020043
:102580002369D3F800800621204612F0ABFC4FF0FF
:102590000009A8E72369D3F804800421204612F03B
:1025A000A1FC4FF000099EE72369D3F808800521BC
:1025B000204612F097FC4FF0000994E74FF0000816
:1025C000C14690E7009A0AB1002295E7B8F1000FE2
:1025D00092D1B3E74A463946204612F08BFC94E785
:1025E00013F0200F04D023F0200323830220ADE753
:1025F0000020ABE78B50030038B505460B4C00E0DC
:1026000010340B4B9C420FD263685B79002BF7D0E0
:102610002946204612F00EFE0028F1D023681B68E0
:10262000294620469847EBE738BD00BF9CE00300F1
:10263000ACE0030070B506460D46084C04E02A469F
:102640003146204698471034054B9C4204D22368FB
:102650009B69002BF3D1F6E770BD00BF9CE003003F
:10266000ACE003002DE9F041074605460AE007EA21
:102670000807144B03EB06135B6804221968204615
:1026800000F0AAFAD5B195FAA5F6B6FA86F60D4C81
:1026900004EB06140123B3406FEA030825EA03059F
:1026A000237B002BEED03301064AD3581B69002B45
:1026B000DDD0204698470028E4D1D8E73846BDE869
:1026C000F08100BF9CE003002DE9F04180460F46F9
:1026D000204BBFF35B8F53E8005F6A1C43E8002187
:1026E0000029F8D1BFF35B8F002D2FD11A4C0026A3
:1026F00007E0636804221968204600F06DFA01368D
:102700001034164B9C4213D2237B002BF7D0236846
:10271000DB680BB12046984723681B69002BE8D083
:10272000204698470028E4D00123B3401D43E6E744
:10273000B8F1000F0BD055B12846FFF793FF0546BF
:10274000002FF8D00A2012F07BFDF4E70025284680
:10275000BDE8F081583B00209CE00300ACE00300A2
:1027600008B5064B186018B1054B1B68092B00DC37
:1027700008BD04480EF01EFCFAE700BF4C3B0020E9
:10278000543B00209409002008B502480EF012FCCA
:1027900008BD00BF9409002030B589B000220F4960
:1027A0000F481AF034FE0F4D00220023CDE9062316
:1027B000002404940E2303930294019400940A4B82
:1027C0004FF48862094928461AF055FB0849284603
:1027D0000EF0C6FD204609B030BD00BF89270200BB
:1027E000D8200020D81B0020312B0200004B0020F5
:1027F00034080400014B53F82000704750080400CF
:1028000048B108B5054A1060054B1960084600F04C
:1028100097FC002008BD6FF015007047E806002007
:10282000483B002008B5054B1B781BB1034B012228
:102830001A7008BD02480EF0BDFBF7E7924A00206F
:10284000940900200D4BBFF35B8F53E8001F01314B
:1028500043E80012002AF8D1BFF35B8F00B970473C
:10286000074BBFF35B8F53E8001F013943E80012A9
:10287000002AF8D1BFF35B8FF1E700BF503B002087
:10288000543B0020064B00200146BFF35B8F53E80A
:10289000000F43E80012002AF9D1BFF35B8F7047A5
:1028A000503B002038B5FFF7EDFF0546094C00E02E
:1028B0001034094B9C420BD263685B79002BF7D034
:1028C00023685B68002BF3D0294620469847EFE742
:1028D00038BD00BF9CE00300ACE00300034B186868
:1028E0000028D4BF00200120704700BF503B0020CB
:1028F00010B5044C0449204612F05BF9034B1C60F0
:1029000010BD00BFC00800203C080400443B00206C
:1029100008B50023064A1370064A1360064A13607E
:102920004FF400410548FFF76BFFFFF7E1FF08BDDB
:10293000934A0020503B0020543B002039520300B2
:1029400008B50146014812F091FC08BDC0080020FE
:1029500008B5024812F00EFA08BD00BFC0080020FA
:1029600008B50146024B186812F086FC08BD00BF8E
:10297000443B002008B5024812F082FC08BD00BFAD
:10298000C008002010B582B000220023CDE900234A
:10299000284B187808B902B010BD684612F088FCC0
:1029A000044688B1244BBFF35B8F53E8001F013905
:1029B00043E80012002AF8D1BFF35B8F2046FFF7EF
:1029C0001BFE2046FFF7CCFFFFF788FF58B91B4AD4
:1029D0001368516813F57A7341F100011360516077
:1029E000FFF7C8FFD7E71AF0A3FC4A0142EAD0621A
:1029F00043011B1A62EB0102920042EA93729B00B0
:102A00001B1842EB0102D20042EA5372C3F31033A7
:102A100043EA4243D20B0948016840685B1A62EB03
:102A2000000240F2E9318B4272F10002CFD3FFF78E
:102A300039FFCCE7924A0020543B0020D0200020F0
:102A40000F4B1B7803B1704710B500210120FFF731
:102A50003BFE0C4C00E010340B4B9C4208D26368E8
:102A60005B79002BF7D023689B6820469847F2E7F4
:102A7000FFF788FF0028FBD1014B01221A7010BD1F
:102A8000934A00209CE00300ACE0030010B582B044
:102A90001A4BBFF35B8F53E8002F511C43E8001023
:102AA0000028F8D1BFF35B8F154B1B7863B9154B2A
:102AB0001B68B3B1BAB1092A13D113481AF0B3FC99
:102AC00012480EF077FA0CE0EFF31184402383F301
:102AD0001288BFF36F8FFFF755FF84F31188BFF3A0
:102AE0006F8F02B010BD00220023CDE900234FF408
:102AF0000042002304480FF0A5FAF2E7543B0020FF
:102B0000934A00204C3B0020D8200020940900204C
:102B100010B50446044B1B689847A0602146034843
:102B200012F0CAFB10BD00BFE8060020C00800205C
:102B30002DE9F04100210846FFF7C6FD804650B15F
:102B400040F2676600271BF06FF8154B1858FFF727
:102B500007FE002515E04FF0FF364FF0FF37F2E794
:102B60004046FFF77FFD804670B94FF0FF364FF0CB
:102B7000FF3709E02C4632463B460A480EF042FA3F
:102B80002546B8F1000FEBD1FFF7FCFE0446002804
:102B9000F6D1002DEED000210846FFF74BFDEAE705
:102BA00008000000940900200248034BC01AC00826
:102BB000704700BF9CE0030044DF030010B50C46E3
:102BC000FFF7F2FFA04203D9024B53F8340010BDC7
:102BD0000020FCE744DF030010B5084BC31A1B11AB
:102BE00001334468237143689A71436819604368EC
:102BF00001225A71FFF716FE10BD00BF9CE00300D2
:102C000000B589B0059206930023079362B1074A85
:102C10000C9B02930B9B01930A9B009305ABFFF760
:102C2000ADF909B05DF804FB0022F1E7C9520300D9
:102C30002DE9F04F8BB004AF05461E468846C1F320
:102C40004A24002C00F0898091460022FA603A6103
:102C50007A6104230293FB1801930A23009307F17E
:102C60000C0321464846FFF789F9B0F5006F58D3A9
:102C7000D9F804106D4600233B7302237B738AB09E
:102C800004AC14F1100217D012201AB1042801DD8F
:102C90003B4B636100233B7002237B70CAB1034648
:102CA000082800DDA1610C2B02DD40F2FF73E36117
:102CB00004F1200300210AE06FF00040E5E701F194
:102CC00018063E4416F8186C03F8016B013101290F
:102CD000F5D9112822DD122342B1042139730021D4
:102CE0007973B9730121F973F868206100216FF3DA
:102CF00000016FF341016FF382016FF3C501022000
:102D000060F38811C3F30A0363F353210023C1F373
:102D100013011C4812F058FBAD462DE06FF01B0369
:102D2000DAE760F35328C0F30A0A0AEB18501730A9
:102D300020F007008008FFF703FE8346B0B10423AC
:102D40000293FB1801930A230093534600F11002EB
:102D500021464846FFF754FF08E004EB11541734AE
:102D600024F00704A008FFF7EBFD834633464246F4
:102D70002946584612F0BEFA1C37BD46BDE8F08F12
:102D80007008040014E00300406820B1034BC01A2F
:102D900040F3CF0070474FF0FF30704744DF03002F
:102DA0000EB400B582B0014603AB53F8042B019377
:102DB000034801F02FFD02B05DF804EB03B070474B
:102DC000F354030030B585B011F0440F05D01A4B11
:102DD0001C6834B9002005B030BD1849FFF7E0FF8A
:102DE000F9E7174B1968B2FBF1F1B1FBF4FC154A96
:102DF000A2FB0C32D20A4FF4616E0EFB12CE124BC4
:102E0000A3FB0E535B0904FB1C114FF47A7C0CFBF3
:102E100001F1B1FBF4F504FB15110CFB01F1B1FB61
:102E2000F4F102910195C3EB0311AEEB8101009126
:102E30000649FFF7B5FFCEE7603B0020B00804006D
:102E40005C3B0020C5B3A29189888888BC08040037
:102E500061B108B52AB1064A52F8232012B9054AD1
:102E600000E0044A0449FFF79BFF08BD704700BF1C
:102E70005C090400D8080400643504002DE9F04121
:102E800005461746069EDDF81C8081B900242EB148
:102E9000324611492846FFF783FF0444B8F1000F7A
:102EA00014D06FB1099B042B13D00C4909E00C4BD3
:102EB000099A53F822200B49FFF772FF0446E6E710
:102EC000064942462846FFF76BFF04442046BDE80A
:102ED000F0810549F5E700BFF4080400E4080400A8
:102EE00070090400EC080400E00804002DE9F04F2C
:102EF00087B005460C46049205939DF84C7001F08E
:102F0000020B01F0010AC1F3C00801F4807912F04C
:102F1000D9F918B3024616492846FFF741FF06467D
:102F2000BBF1000F1CD13A465146284612F0A1FAD7
:102F3000B9F1000F01D0002311930397129B029364
:102F4000119B0193109B00930023049A414628464D
:102F5000FFF794FF304407B0BDE8F08F0026DFE7AD
:102F6000059A21462846FFF72DFF0644DBE700BF00
:102F7000F808040011F0100F0BD108B511F0200F64
:102F800003D00449FFF70CFF08BD0349FFF708FF12
:102F9000FAE77047940B0400FC0804002DE9F041A7
:102FA00005460F46164698460699FFF7E3FF0024AC
:102FB000444505DA24492846FFF7F2FE0134F7E7D5
:102FC000002409E020492846FFF7EAFE0BE01F49EC
:102FD0002846FFF7E5FE01340F2C0CDC002C02DD47
:102FE00014F0070FEED0B442F1D23A5D18492846EA
:102FF000FFF7D6FEEFE717492846FFF7D1FE00247A
:1030000009E011492846FFF7CBFE0BE0124928469C
:10301000FFF7C6FE01340F2C13DC002C02DD14F088
:10302000070FEED0B44207D23A5D0C4B9B5C13F015
:10303000970FEBD12E22E9E703492846FFF7B0FEB0
:10304000E8E7BDE8F08100BFF008040008090400CB
:10305000000904000C09040010090400D73C040016
:103060002DE9F04184B004469DF82C500C9F0E9E33
:1030700095B9012B1ED019484FF0000827B13B46E7
:103080002246174911F0C6FBC6B905BB204612F00F
:1030900023FA04B0BDE8F08103950A9802900193E9
:1030A00000920B4600220F992046FFF71FFF804633
:1030B0000C48E3E70B484FF00008DFE70F9B009355
:1030C000434632460D99204612F0EBF9DDE72A46D9
:1030D0000F99204612F0D9F9D8E700BF2B5503000D
:1030E00015480200F354030070B582B00446056829
:1030F00042F20F738B4228BF0B460E4A05216846E9
:103100000FF0DEFB064663685B680B220A4928461F
:1031100012F0A0F963685B6832466946284612F0EF
:1031200099F963685B681B220449284612F092F9FA
:1031300002B070BD741204003009040014090400C8
:10314000074B01221A6004E04008054A13685B003F
:103150001360044B9842F7D8034B1860704700BFC8
:103160005C3B002040420F00603B0020034B0122EB
:103170001A70034B034A1A60704700BF944A00203C
:103180008C3B0020903B0020014B196000207047D1
:10319000783B002008B518B9074B00221A7008BD0B
:1031A000064B1B7823B141F2883019F01FFAF6E77D
:1031B000052012F0FCF9F2E7944A0020954A00201D
:1031C00038B504460A4B01221A700A4B1B782BB9FA
:1031D00038BD651E2046FFF7DDFF2C4600200CF0B1
:1031E00093FF0028F4D0024B1B78002BF1D1EFE7BE
:1031F000944A0020954A0020F8B506460D4604275B
:103200000DE02A46314600200CF0C8FE044614E0CA
:103210003846FFF7D5FFDCB9114B1B78C3B1114B12
:103220001B78002BEDD10CF07FFF2A4631460020A1
:103230000CF0B4FE04460CF083FF002CE8D1084BE0
:103240001B78002BE7D0013F3846FFF7A3FFE2E7EA
:1032500014B9034B1B7803B92C462046F8BD00BFB8
:10326000944A0020954A002008B5034B01221A70A9
:10327000024812F031F908BD954A0020B009040057
:1032800008B50248FFF730FF08BD00BFB0090400D1
:1032900010B50C46044B1868FFF7ACFA03460F2232
:1032A00021460248984710BD783B0020B009040031
:1032B000014B036000207047C009040084460023CE
:1032C00000E00133074A12689A4208DD1A010649F4
:1032D000096801EB03108A5C6245F2D100E000202E
:1032E000704700BF980B0400EC06002038B50C4B6B
:1032F0001B687BB10C46FFF7E1FF054668B1C0686B
:1033000028B119F079F910B12560002038BD6FF0AF
:103310001200FBE76FF00C00F8E76FF00100F5E733
:10332000EC06002010B50C460A6843689A4204D89F
:103330004A6813444B60012010BD044A012104482F
:1033400012F020F800206060F6E700BFC00904001A
:1033500044DF030030B585B00446C06801AA16F00A
:10336000F6FC054678B9236A01998B4208D0E068DB
:10337000029A83689B689847054658B9019B236267
:10338000284605B030BD0346064A0121064812F022
:1033900003F8F5E70346054A0121034811F0FCFF55
:1033A000EEE700BFE009040044DF0300040A040064
:1033B00070B582B0466903691E44816819B9002559
:1033C000284602B070BD044631440139FFF7C2FF00
:1033D000051E23DBE0688368DB6898470368A568FF
:1033E000B5FBF3F203FB12555DB15D1BE06883682A
:1033F000DB689847A3682A460179206818441AF0C8
:1034000003FAA3682B44E068226881684D6831465E
:10341000A847054650B9E369ABB926E000962B46AC
:103420001C4A01211C4811F0C2FFC9E7009603465F
:103430001A4A0121184811F0BAFFC1E72068435D1C
:10344000DB4343550135A368AB42F7D8E0682268F7
:1034500081680D683146A847054668B9E369324678
:10346000A16820689847054668B92369A268134493
:1034700023610023A360A3E70346094A012106480C
:1034800011F08AFF9CE70346064A0121024811F029
:1034900083FF95E7200A040044DF0300500A04007C
:1034A000740A04008C0A04002DE9F04383B00A9FDB
:1034B000DDF82C80002854D00C4691461E46054667
:1034C000002951D0002A52D00093002301938B6829
:1034D000DB68084698470268B6FBF2F302FB136309
:1034E000002B2ED16A462549204616F036FC019B5A
:1034F000002B3FD007EB080293422AD3A368DB6876
:10350000204698470268B7FBF2F302FB137303BB34
:10351000EC60C5F800906E6000232B61AB606F61BA
:10352000B8F1000F02D1019BA3EB0708C5F8188082
:103530000C9BEB614FF0FF332B62002003B0BDE822
:10354000F0830F4A01210F4811F01CFF6FF00D00AE
:10355000F4E70D4A01210B4811F014FF6FF00D0044
:10356000ECE76FF00D00E9E76FF00D00E6E76FF0B4
:103570000D00E3E76FF00D00E0E700BF2533020028
:10358000A00A040044DF0300D80A040008B5054877
:1035900011F09BF9044811F098F9044811F095F9DD
:1035A00008BD00BFFC0A0400340B0400680B0400D3
:1035B00070B48DB006460D460DF1040C2B4C0FCCAB
:1035C000ACE80F000FCCACE80F0094E807008CE8E3
:1035D0000700002E45D03046002D44D000230FE0D8
:1035E00015F8234005EB83014A78120442EA04628D
:1035F0008C7842EA0422C9780A4340F82320013338
:10360000032BEDD906E0191F50F821104A4040F86D
:10361000232001332B2B20D85A1E50F8222013F0E0
:10362000030FF0D14FEA3262110E114C655CC2F308
:103630000741615C090441EA0561C2F30725655D44
:1036400041EA0521D2B2A25C114323F003023032D9
:103650006A4452F82C2C4A40D5E701200DB070BCCA
:1036600070470020FAE70020F8E700BF14E10300EC
:10367000FC0B040000284ED070B584B015460646F9
:1036800000294AD0002A4AD010230A461946684623
:1036900012F08EF82946684612F0A4F8002414E0CF
:1036A0001DF803101F48415C0DF8031001330F2B68
:1036B000F6D9684612F0D7F8684612F04EF9013490
:1036C00005EB0411684612F08DF8082C01D8002390
:1036D000EDE7002306E01DF8032012498A5C0DF88F
:1036E000032001330F2BF6D9684612F0BCF8611C99
:1036F00005EB0111684612F075F810236A46194669
:10370000304612F055F810220021684612F05DF89C
:10371000012004B070BD002070470020F9E70020B0
:10372000F7E700BFFC0B04002DE9F04F87B000AFB6
:103730008146D0F800E0D0F804C085686E468AB0B3
:103740006B4613F1100200F0878014218AB10846FD
:10375000042903DDDFF83C82C3F81480082801DD6A
:10376000C3F818E00C2801DDC3F81CC0102800DDE8
:103770001D62132973DD14253AB105213975002125
:103780007975B975F9757869186100216FF30001D1
:103790006FF341016FF382016FF3C501012363F3FE
:1037A0008811C5F30A0565F353216FF31F510023F8
:1037B0007348FFF73DFAB546D9F80CE0D9F810C0C8
:1037C000D9F814506E468AB06B4613F1100249D0F6
:1037D00014218AB10846042903DDDFF8BC81C3F84F
:1037E0001480082801DDC3F818E00C2801DDC3F8B7
:1037F0001CC0102800DD1D62132936DD14253AB1E6
:103800000521397500217975B975F97578691861DF
:1038100000216FF300016FF341016FF382016FF339
:10382000C5014FF0010868F38811C5F30A0565F377
:1038300053216FF31F51524D00232846FFF7F8F92B
:10384000B546D9F81C304F4A4146284611F0A4FD30
:103850004FF0000B5D4633E06FF0004176E76FF00C
:103860001B0589E76FF00041B3E76FF01B05C6E762
:103870006FF0004046E027286BDD28213AB10A208E
:10388000387500207875B875F875786918616FF328
:1038900000046FF341046FF382046FF3C504012346
:1038A00063F38814C1F30A0161F353246FF31F54C7
:1038B000002321463248FFF7BBF9D7F80CD0043576
:1038C0000F2D49D805F1080359F823A005F1010887
:1038D00005F1090359F82330BB6005F1020C05F12D
:1038E0000A0359F823307B6005F1030E05F10B0341
:1038F00059F823B0C7F80CD08EB06B4613F1100204
:10390000B6D02820002AB6D00146042801DD1E4E7C
:103910005E61082900DD9D610C2901DDC3F81CA052
:10392000102901DDC3F82080142901DDBE685E6224
:10393000182901DDC3F828C01C2901DD7E68DE627C
:10394000202901DDC3F830E0242994DDC3F834B028
:1039500091E76FF01B0191E7D9F86030084C0B4AF2
:103960000121204611F018FDD9F81830084A01212C
:10397000204611F011FD1C37BD46BDE8F08F00BF99
:1039800074E003005C0D04006C0D0400B00D040035
:10399000C00D0400FC0C04002C0D040038B50446D6
:1039A0000D4611B10846FFF7BFFE012C04D0294691
:1039B00020460CF057FF38BDEFF30583103B034A58
:1039C0000121034811F0E8FCF1E700BFF00D04000D
:1039D00074E0030030BFFFF7FDBF00BF38B50446F9
:1039E000054D2A46054919F0E7FE054A00216019F0
:1039F00019F00AFF38BD00BF00000000FCE0030022
:103A00000400000070B50646064D074B1D444C1BD4
:103A10002046FFF7E3FF083CC6F8A84005F1080080
:103A200070BD00BF0000000004000000074B9B6851
:103A300093F90E20002A08DB044A9269934204D0CD
:103A4000034A536843F0805353607047204A002074
:103A500000ED00E081690D4B5A6942F480725A61B1
:103A6000BFF34F8FBFF36F8F31F8021C5A6922F4F6
:103A700080725A61BFF34F8FBFF36F8F4DF60273A1
:103A8000994201D0002070470120704700ED00E00E
:103A90004FF0000C83F800C002F07F4CBCF17F4F68
:103AA00014D102F00C0CBCF1080F04D012F0080F76
:103AB00009D00846704708B5054A0121054811F0AC
:103AC00061FC002008BD01221A7070470020704779
:103AD000040E040074E0030008B52B4A01212B48B2
:103AE00011F050FC2A4B9B6A13F0007F21D11D205E
:103AF000274B9B6A13F0807F22D1254B9B6A13F4DE
:103B0000002F24D1224B9B6A13F4802F26D1204B07
:103B10009B6A13F4003F28D11D4B9B6A13F4803F2E
:103B20002AD11B4A936A6FEA03436FEA13439362F5
:103B300008BD184A0121154811F024FC1E20D7E7C2
:103B4000154A0121114811F01DFC1F20D5E7134A29
:103B500001210E4811F016FC2120D3E7104A012163
:103B60000A4811F00FFC2220D1E70E4A0121074834
:103B700011F008FC2320CFE70B4A0121034811F084
:103B800001FC2420CDE700BF300E040074E00300E8
:103B900000ED00E0480E04005C0E0400780E040006
:103BA000980E0400C00E0400DC0E040008B50023CB
:103BB0000B70034A0121034811F0E4FB08BD00BF6C
:103BC000080F040074E0030090B583B000AF0F2924
:103BD00023DC2F4C103900233B7102237B718AB008
:103BE000EC461CF110021AD0122022B1042802DD8A
:103BF000284BCCF8143000233B7002237B70E2B1D9
:103C00000346082801DDCCF818400C2B01DDCCF868
:103C10001C100CF1200300210DE01F4CDAE76FF0BF
:103C20000040E2E701F1080404EB070E1EF808EC7F
:103C300003F801EB01310129F4D9112824DD122305
:103C40004AB10421397100217971B9710121F971E9
:103C50007868CCF8100000216FF300016FF3410188
:103C60006FF382016FF3C501012060F38811C3F384
:103C70000A0363F353216FF31F5100230748FEF734
:103C8000D7FF0C37BD4690BD6FF01B03D8E700BFD0
:103C90002C0F0400600F0400440F040074E00300C4
:103CA000F8B505460F461446374A0121374811F04A
:103CB00069FB374B9B6A13F4805F25D11626344B82
:103CC0009B6A13F4006F26D1314B9B6A13F4007F7B
:103CD00028D12F4B9B6A13F4806F3FD12C4B9B6AEA
:103CE00013F4807F41D12A4B9B6A13F4005F43D1C8
:103CF000274A936A43F47F4393620121284611F0D7
:103D000063FF20703046F8BD224A01211F4811F0A0
:103D100039FB1726D3E7204A01211C4811F032FB5A
:103D20001826D1E71D4A0121184811F02BFB184A2B
:103D3000936B926A12F4004F01D11926C9E7184A11
:103D40000121124811F028FB37B1114A936A23F47C
:103D5000004393621926BCE71926BAE7114A0121EC
:103D60000A4811F00FFB1A26B8E70F4A012107484D
:103D700011F008FB1B26BBE70C4A0121034811F098
:103D800001FB1C26B4E700BF740F040074E00300BD
:103D900000ED00E08C0F0400A00F0400B40F04003D
:103DA000D00F0400E80F0400041004001C100400ED
:103DB0002DE9F04104460F461546464A0121464882
:103DC00011F0E0FA454B9B6A13F0100F3CD110261E
:103DD000424B9B6A13F0080F3DD1404B9B6A13F096
:103DE000020F3FD16FF015083C4B9B6A13F0010F97
:103DF00058D13A4B9B6A13F0200F5AD1374B9B6A2C
:103E000013F0100F04D1354B9B6A13F0020F04D04E
:103E1000324B5B6813F4006F52D1304B9B6A13F046
:103E2000200F04D02D4A536A23F4005353622B4AC7
:103E3000936A43F0FF0393620121204611F0C4FE10
:103E400028703046BDE8F081254A0121224811F052
:103E500099FA1126BCE7234A01211F4811F092FA72
:103E60001226BAE7204A01211B4811F08BFA1B4B9E
:103E7000D3F834809B6A13F0800F03D16FF01508DC
:103E80001326B1E74346194A0121134811F084FA79
:103E900037B1124A936A23F0800393621326A3E793
:103EA0001326A1E7124A01210B4811F06BFA1426E0
:103EB0009FE7104A0121084811F064FA15269DE792
:103EC0002146404600F0F0FA0028A6D080F3098889
:103ED0000226A2E74C10040074E0030000ED00E0AD
:103EE00064100400A00F040098100400B010040037
:103EF000C81004001C10040070B506460D462B4A7D
:103F000001212B4811F03EFA00232B70294BDC6A6B
:103F100014F002040AD1274BDB6A002B0DDB254B82
:103F2000DC6A14F080440ED1204670BD224A012183
:103F30001F4811F027FA0024F6E7204A01211C4807
:103F400011F020FAF0E71E4A0121194811F01AFA7F
:103F50003046FFF77FFD98B9164B9B6A13F0FF0FB1
:103F600016D1144B9C6A14F47F4418D1114B9B6AF0
:103F7000B3F5803FD8D33046FFF7AEFD0446D3E714
:103F80003368104A01210A4811F006FA3468CBE779
:103F90002A4601213046FFF70BFF0446C4E72A46B4
:103FA00001213046FFF77CFE0446BDE7E81004001F
:103FB00074E0030000ED00E000110400241104008F
:103FC000341104005411040030B59DB01A4B5C68E4
:103FD000C4F30804002383F31188BFF36F8F0DF13E
:103FE0006E03FFF755FD05460DF16F02214611F0F6
:103FF000EDFD9DF86F300BB11DB030BD0446682259
:10400000294601A819F0D8FB9DF86E304BB1089BEA
:10401000C3F308025AB96FEA53236FEA43230893A4
:1040200005E0089B23F4FF7323F00103089301A923
:104030002046FFF7B3FCDFE700ED00E0024A5369DA
:1040400043F010035361704700ED00E0EFF3088088
:10405000EFF3098101B57246FFF7B6FF01BD00BF5E
:10406000002013490870002080F31488BFF36F8F7D
:104070000BF062F900200F490860BFF34F8F0E4824
:1040800080F3088800F042F8402080F311880B4844
:104090004FF40461401880F30988EFF31480022183
:1040A000084380F31488BFF36F8F00F061F90000BC
:1040B0009B4A002094ED00E0007B0020006D002072
:1040C000BFF34F8F0549CA6802F4E062044B134303
:1040D000CB60BFF34F8F00BFFDE700BF00ED00E0F6
:1040E0000400FA05084BD3F89000C0F30720002322
:1040F00006E0054AC2F898300021C2F8A01001334A
:104100008342F6DB704700BF00ED00E010B572B6E9
:10411000002484F31388FFF7E5FF234608E003F14A
:1041200020010E4A4FF0FF3042F821000133DBB28C
:10413000072BF4D9002308E003F16001074A4FF090
:10414000FF3042F821000133DBB2072BF4D962B60D
:10415000BFF34F8FBFF36F8F10BD00BF00E100E0D2
:1041600008B50A4B9B68834202D019F030F808BDAD
:10417000EFF30583002BF8D0054B5A6842F08052CC
:104180005A605A6A22F400425A62EEE7204A00203E
:1041900000ED00E00A4A9368C3F8AC006FF00A0132
:1041A000C3F8B01007494B6843F080534B600023BD
:1041B00083F31188BFF36F8F9368D3F8B000704713
:1041C000204A002000ED00E010B50346134A916834
:1041D00081F8F500EFF31181402181F31288BFF3DC
:1041E0006F8F906990600E4A4FF000615160D0F877
:1041F000A8100C4A116023F0FF0390F8F52043EA61
:104200000204D0F8AC300022C0F8AC2083F311884F
:10421000BFF36F8F00F006FA204610BD204A002041
:1042200000ED00E0A83B002019498A6882F8F5E01B
:104230004FF030001044EFF3098C80E8F01F1EF0BF
:10424000100F03D102F1B40080EC108A744670465E
:10425000FFF7BAFFA6460E498A6886461EF0100F81
:1042600003D00023E1EE103A03E002F1B40090EC39
:10427000108AEFF3148323F0040383F31488BFF34D
:104280006F8F02F1300090E8F01F8CF309887047BF
:10429000204A00201EF0040F0CBFEFF30880EFF35C
:1042A0000980816911F8021C0229FFD001B511F0C3
:1042B0007FFC01BD002807DB00F01F02400901233D
:1042C0009340024A42F82030704700BF00E100E00E
:1042D00000280CDB00F01F0240090123934020302E
:1042E000034A42F82030BFF34F8FBFF36F8F704700
:1042F00000E100E0002808DB4901C9B200F160409C
:1043000000F5614080F80013704700F00F0049018C
:10431000C9B2014B1954704714ED00E04209054B36
:1043200053F8222000F01F00012303FA00F0104090
:10433000704700BF00E100E00C4BD3F8882022F466
:104340007002C3F88820D3F8882042F4A002C3F892
:10435000882003F500734FF040425A63BFF34F8F3C
:10436000BFF36F8F0023E1EE103A704700ED00E0DD
:1043700008B5094B23F07F03084A9360BFF34F8FC2
:10438000BFF36F8FFFF7D8FF0CF01AFC0DF09AFC0B
:1043900000F010F90CF074FC00C2000000ED00E029
:1043A00010B4017B11F0020F09D0D0F89810403101
:1043B000C0F89810D0F89C104039C0F89C10A2F1B9
:1043C0002004154942F8081C21F0010142F8081C9C
:1043D00042F8203C019B42F81C3C029B42F8183CEE
:1043E000039B42F8143C4FF0807342F8043C046590
:1043F0000023C0F8AC30C0F8F430FD2380F8F5306D
:10440000037B13F0020F03D04FF60853C0F8F430CB
:104410005DF8044B704700BF2D240200037B13F0AE
:10442000020F1ED190F8F53013F0100F19D01D4A6D
:10443000536B23F080435363D0F8F43013F0080F2C
:104440002DD023F00803C0F8F430D0F89830403B6A
:10445000C0F89830D0F89C304033C0F89C304020F1
:104460007047104A536B43F080435363D0F8F430E5
:1044700013F0080F0DD143F00803C0F8F430D0F862
:1044800098304033C0F89830D0F89C30403BC0F8AA
:104490009C30037B43F0020303738020704740206D
:1044A000704700BF00EF00E0164B9B68FBB1D3F8EC
:1044B000F42012F0080F0FD0802210F1160F0DD04B
:1044C00010B4D3F89840A21A824212D8844214D968
:1044D0008C4209D800200DE04022EEE7D3F8982066
:1044E0008A420CD800207047D3F8980002E00020E0
:1044F000704700205DF8044B70470020FAE7D3F8BE
:1045000098007047204A0020124B9B6883421BD1C1
:10451000EFF30583DBB9EFF31182402383F31288B5
:10452000BFF36F8F037B23F002030373EFF3148356
:1045300023F0040383F31488BFF36F8F82F3118891
:10454000BFF36F8F002070476FF0150070476FF05A
:1045500015007047204A002008B505460E4614464F
:1045600011F077FB0C4B9D60D5F8A8200B4B1A601F
:10457000284600F057F8A446644686F309884FF0B1
:104580000000074B984720464FF000014FF0000213
:104590004FF00003034C2047204A0020A83B002096
:1045A0006F5C03002D240200014B10221A6170473A
:1045B00000ED00E0002206E003F00F030949194472
:1045C00040230B760132262A0ADC53B2002BF3DBA0
:1045D00003F1604303F56143402183F80013F1E7E1
:1045E000704700BFFCEC00E008B5EFF30583103B1B
:1045F000044A02EBC301496852F833008847FFF7C9
:1046000015FA08BDACDD030008B5034B034A0121D0
:10461000034811F057FC08BD0000012000000020F5
:104620007011040010B50446FFF7F8FE0346D4F8F5
:104630009820121A044802604360044B83600121F1
:1046400011F044FC10BD00BFAC3B002000000B1576
:10465000084AC2F898000B6823F01F03034343F095
:104660001003C2F89C308B6843F00103C2F8A030FD
:10467000704700BF00ED00E010B504460A4BD3F8C8
:104680009030C3F30723013B984203D8FFF7E0FFC4
:10469000204610BD0346054A0121054810F07CFE66
:1046A0006FF01500F5E700BF00ED00E08011040099
:1046B0005CE003002DE9F04780460F469A46164617
:1046C000002409E02946F0B211F005FB064610F17E
:1046D000160F1AD001360134BC4216DA04EB440539
:1046E00008EB85056A68002AF5D0BAF1000FE9D019
:1046F000284611F0DFFA0028E4D12346044A0121BC
:10470000044810F049FE6FF015063046BDE8F0870A
:10471000A81104005CE0030010B5034C01232278CB
:10472000FFF7C8FF207010BD964A002008B500238F
:104730000B4A1278FFF7BEFF10F1160F0FD002469A
:1047400006E0084BC3F898200021C3F8A0100132FE
:10475000044BD3F89030C3F307239342F1DC08BD38
:10476000964A002000ED00E0044B0522C3F8942097
:10477000BFF34F8FBFF36F8F704700BF00ED00E0B6
:10478000BFF35F8F024B0022C3F89420704700BF35
:1047900000ED00E038B51C4B1D681C4BD3F8903081
:1047A000C3F307239D422BD8FFF7EAFF002409E05B
:1047B000154B5B6804EB440103EB81012046FFF7D6
:1047C00047FF0134A542F3D81148057011F0A2FA51
:1047D00010F1160F13D00E4B1A780C4BD3F8903003
:1047E000C3F307239A4207DA084BC3F89820002145
:1047F000C3F8A0100132F0E7FFF7B6FF002038BD84
:104800004FF0FF30FBE700BFCC11040000ED00E0EB
:10481000964A002030B587B00D461146002400941A
:104820000194029403940494059402228DF80220CA
:10483000044A0192049005951A4668460EF008F95C
:1048400007B030BDD55E030008B5064921F0070169
:10485000C1F1005202F5803203480FF024FF00201E
:1048600008BD00BFEBDA0020B83B00200123044A5A
:10487000C2F840354FF08042C2F8783500207047CA
:1048800000E0014030B108B5034B800143F0010363
:10489000984708BD704700BF70E3030010B5064C91
:1048A00001E098470434054B9C4203D22368002B57
:1048B000F7D1F7E7002010BDF0E00300FCE00300B3
:1048C0000146094B186808B1036804E0034602E09A
:1048D0001A461846134630B142898A4203D0002B4B
:1048E000F6D01A68F5E77047C43B00200B4B1A68F6
:1048F0000AB1136804E0134602E019461A460B4653
:1049000032B15189814203D0002BF6D01968F5E706
:104910000AB1D06870470020704700BFC43B002038
:1049200000230360054B5B681BB11860034B5860A4
:104930007047024B58601860704700BFC43B0020AE
:104940002DE9F04182B004460E46904685682F1D41
:104950000221384617F08DFDF0B94FF00008022112
:10496000384617F090FD18EA000F29D06A682B68C6
:10497000DB68D21A083A6946304611F0C7FA6B680C
:104980002A68D1685B1A13826946204611F0FFFA43
:10499000002002B0BDE8F08102220A49384617F033
:1049A0004CFD10B94FF00008D9E74146384617F0E2
:1049B00019FD10B14FF00108D1E74FF00008CEE724
:1049C0000720E6E7001204000AB90120704770B51D
:1049D00004460D461646A0F84810A0F84A200322C7
:1049E000194917F02AFD08B9002070BD02212046A0
:1049F00017F03FFD08B90020F7E7052213492046CC
:104A000017F01BFD08B90020EFE72946204617F0F4
:104A1000F4FC08B90020E8E702220D49204617F00F
:104A20000CFD08B90020E0E73146204617F0E5FC10
:104A300008B90020D9E70221204617F024FD08B16B
:104A40000120D2E70020D0E74C0904000412040042
:104A5000001204002DE9F04190B0836813F0030FB9
:104A60001DD1074610F011FE00EB00231B0443EAA2
:104A7000002340EA0305D7F808800026B0452ADD68
:104A8000A8EB06043F2C00D9402423466A46314651
:104A9000384610F0A3FD002803DB002314E011F0DA
:104AA0001FFA03460F4A01210F4810F075FC0B2036
:104AB00014E0B3EBA20F0CDA10AA02EB830252F857
:104AC000402C954209D101332246002CF1DAE21C38
:104AD000EFE74036D2E7012000E0002010B0BDE84B
:104AE000F08100BF0C1204003CE0030010B584B05C
:104AF00011F024FC041E2DDB03A9E0B2FEF7F6FB47
:104B000000280CDB0398FFF7A5FF044680B10128BD
:104B10001ED0039810F061FD204604B010BD009037
:104B200023460D4A01210D4810F041FC0A24F3E709
:104B300003988268002110F087FD04460028E8D021
:104B40000346074A0121054810F026FC0D24E0E742
:104B50000024DEE70E24DFE7341204003CE003000B
:104B600058120400F0B585B00F4615461E4611F0E8
:104B7000E5FB041E23DB03A9E0B2FEF7B7FB68B92F
:104B800033462A463946039810F028FD0446039818
:104B900010F023FD5CB9204605B0F0BD009023461F
:104BA000084A0121084810F002FC0A24F3E72346D2
:104BB000064A0121044810F0EFFB0B24EBE70E241A
:104BC000E9E700BF341204003CE00300781204005F
:104BD00070B50C4615461E4628B9094B1978094888
:104BE00010F0C6FD38B933462A462146054810F074
:104BF0009CFD10B970BD0A20FCE70C20FAE700BF4D
:104C0000F43D0020CC3B002000230B604B608B6008
:104C1000CB600B614B614368B3F1FF3F00F08280D2
:104C200070B586B005460C46002B66D103691F2B74
:104C300057D98368B3F1FF3F55D00B6000234B6019
:104C4000C66832683B4B9A424FD18269202A4ED8BF
:104C500042B1394B1B68B3F1FF3F03D0364B1B7B8E
:104C60009A4221D0286811F072FBE060002840DBF6
:104C700003A9C0B2FEF73AFBE8B9AA6803988368B3
:104C80009A4221D810F0A9FC2B7F002B44D004A815
:104C900011F080FC78BB06F1140104A811F06BFB45
:104CA000002839DB1B2040E04169244818F0B4FD9E
:104CB0000028D7D139E0E3680090214A012121483A
:104CC00010F075FB0A2030E010F087FCAB68039A07
:104CD000926800921C4A01211A4810F068FB1E20BD
:104CE00023E0162021E015201FE017201DE01820EA
:104CF0001BE0092019E01A2017E00F4B1A68CA6060
:104D0000996821600022626042685B689A420BD118
:104D100003691A4491420AD32B69A36001232374C7
:104D2000002002E014207047002006B070BD1F2054
:104D3000FBE700BF3DB8F396F43D0020013E0020A4
:104D4000341204003CE003009C12040070B584B0EF
:104D50000D4611F0F3FA041E18DB03A9E0B2FEF7CA
:104D6000C5FA064648B9039810F08FFC28700398DE
:104D700010F033FC304604B070BD00902346044A66
:104D80000121044810F013FB0A26F3E70E26F1E791
:104D9000341204003CE00300F0B595B005460C4623
:104DA000174604AA02922023039313AB69462046B8
:104DB00000F0B6FA10B1012015B0F0BD06460F2183
:104DC000284617F056FB10B906F00100F4E704225C
:104DD0004449284617F031FB0028F5D004F00101C2
:104DE000284617F00AFB0028EED007223E49284645
:104DF00017F023FB0028E7D00CA9684600F00CFA56
:104E0000002869DB00238DF8483019220CA92846B8
:104E100017F01DFB0028D7D004223449284617F08C
:104E20000CFB0028D0D002A9284617F0FCFA002875
:104E3000CAD008222E49284617F0FFFA0028C3D00E
:104E4000139B13F0100F0CBF01210021284617F00F
:104E50002CFB0028B8D007222649284617F0EDFA87
:104E60000028B1D0C7F34001284617F01EFB0028E8
:104E7000AAD009222049284617F0DFFA0028A3D03B
:104E8000C7F38001284617F010FB00289CD00622AB
:104E90001A49284617F0D1FA002895D007F00101E9
:104EA000284617F002FB00288ED009221449284614
:104EB00017F0C3FA002887D0C7F3C001284617F0BF
:104EC000F4FA002880D00F21284617F0DCFA0028D9
:104ED0003FF47AAF012677E705220A49284617F002
:104EE000ACFA97E7C0120400C8120400BC2A040000
:104EF000D8120400E4120400EC120400F8120400BA
:104F000000130400D01204002DE9F04383B000AF79
:104F100006468846154611F011FA391DC0B2FEF753
:104F2000E5F9002864D12A46B04514BF00210121CB
:104F3000786815F0CCFE044600284FD0E9468AB0C8
:104F40006B4613F1100240D018209AB10146042894
:104F500003DDDFF8A4C0C3F814C0082900DD9C619C
:104F60000C2900DDDE61102901DDC3F82080142941
:104F700000DD5D6217282BDD18253AB10621397056
:104F800000217970B970F9703868186100216FF3E9
:104F900000016FF341016FF382016FF3C50101233B
:104FA00063F38811C5F30A0363F353216FF31F51B1
:104FB00000231048FDF73CFECD46012C0DD0042CFB
:104FC00014D0032C07D0012408E06FF00040BCE7A8
:104FD0006FF01B05D1E7172400E00C24786810F06F
:104FE000FCFA20460C37BD46BDE8F0831D24F5E7EA
:104FF0000A24F6E73CE003000C1304002DE9F0431B
:1050000083B08568043506224149284617F015FA11
:1050100090B9002411F08AFA002604B1AEB12CB187
:105020000221284617F02AFA00285DD111F07FFAF4
:10503000072003B0BDE8F0830221284617F014FAD8
:1050400008B10124E6E70024E4E700238DF80730E7
:105050000DF10701304611F0AEF90746304611F068
:1050600067FA044680F001089DF80730022B0AD049
:105070004FF00509A74209D0A3B1022B14D0012B90
:1050800014D0002703E04FF00109F3E7002744455F
:1050900018DA4A4621462846FFF77EFE40B900242A
:1050A0000136BAE70A27F2E70427F0E70227EEE71E
:1050B0003A4641462846FFF76FFE08B10124EFE764
:1050C0000024EDE73A4641462846FFF765FE08B959
:1050D0000024E5E74A4621462846FFF75DFE08B171
:1050E0000124DDE70024DBE70B220A49284617F0FC
:1050F000A4F920B10021284617F074F918B911F06D
:1051000016FA072095E711F012FA002091E700BF88
:105110006013040068130400F0B597B0054600233F
:105120008DF85730149312AA1293139336490891AD
:105130000421099135490A910B928DF83030344A97
:105140000D9207220E92334A0F920DF157021092E0
:105150008DF844308068071D686814AB022208A9E6
:10516000043011F065F8041E0CBF0126002646D15C
:1051700011F0DCF9139AEAB99DF857309BB111F0A0
:10518000D9F911F0D5F99DF8571011F062F958BB13
:105190002846FFF733FF054668BB11F0C8F986B310
:1051A000204617B0F0BD182201213846FFF70CFC4D
:1051B0000646F2E7202A06D0182201213846FFF7DA
:1051C00003FC0646E9E71299684618F0F5FA002153
:1051D000684611F0C1F90028D5DA082201213846C5
:1051E000FFF7F2FB0646D8E782B201213846FFF707
:1051F000EBFB0646D1E711F09AF92C46D0E70324E1
:10520000CEE70724CCE700BFBC2A040079BF030027
:10521000741304001DC0030070B582B004460E462E
:10522000437842880192009303780F4A192130464F
:105230000DF046FB051E0EDB63680BB900200BE08A
:105240000A4AC5F1190170190DF03AFB002803DA7A
:105250004FF0FF3003E00020002D02DB284402B0B5
:1052600070BD4FF0FF30FAE77C1304008813040090
:10527000042810D91C281CD8092814D301238340E2
:105280000D4A134211D10D4A1A4082B913F4004F4E
:1052900007D101207047032801D201207047052063
:1052A0007047022070470120704703207047062096
:1052B00070470120704700BF0040780300020018CB
:1052C00010B5054C30220021204618F09DFA4FF011
:1052D000FF33236010BD00BFF43D002008B5024835
:1052E000FFF71EFB08BD00BFF006002010B5846864
:1052F000043403220849204617F09FF808B9072014
:1053000010BD064B5968204617F082F808B10020FE
:10531000F6E70720F4E700BF20E60300F43D002095
:10532000F0B58DB004460E4615461F460DF103013B
:10533000FFF70CFD002840F08180202304AA002103
:105340002046FFF70FFC0246002878D12EB1082234
:105350009DF80310304618F057FA9DF8033003EB20
:105360000322120442EA03221343049A39498A426F
:1053700003D09A4225D0172261E01EB109AB03CBBE
:10538000306071600FB1089B3B60BDF81830079A20
:105390001344029346F6081301AA02A9204611F00D
:1053A000AAF810B9019B043B029346F6071301AA21
:1053B00002A9204611F09FF80746002842D1002696
:1053C0000FE003223BE0BDF80E104FF6FF72914252
:1053D00017D1052233E0BDF80E30029A134404338E
:1053E000029302990A1D019B9A4224D8042303AA1E
:1053F0002046FFF7B7FB024608BBBDF80C30FF2B79
:10540000E1D0102BE7D1BDF80E30202BE3D1DEB96F
:10541000029B191D029165B12433019A934215D85C
:1054200020232A462046FFF79DFB024638B9012675
:10543000D7E70126D5E75EB13A4600E002221046E2
:105440000DB0F0BD0422FAE70622F8E70722F6E7DE
:105450000822F4E73DB8F39670B58AB085684468D1
:10546000043411F067F811F063F880F00100079040
:10547000002306931A4A019204220292194A0392C7
:1054800007AA04928DF8143006AB012201A9204628
:1054900010F0CEFE10BB0435064600231A4608A9BC
:1054A0000798FFF73DFF18B9079810F0A5FF48B916
:1054B0000798FFF71BFB0446FFF702FF44B930468D
:1054C0000AB070BD092201212846FFF77DFAF6E7F0
:1054D000A2B201212846FFF777FAF0E70326EEE7AC
:1054E000C012040065BF03002DE9F04FAFB00546C0
:1054F00086684768043700242D940DF19408202213
:105500002146404618F080F94FF0FF332693279349
:105510006D4B0093052301936C4B0293CDF80C80E7
:105520008DF810406A4B059304230693694A07924D
:1055300028AB08938DF82440674B0A9303230B9301
:1055400066490C9127A80D908DF8384064480F905B
:105550001093119126A912918DF84C406149149134
:10556000159316922AAB17938DF860405E4B1993F2
:1055700007231A935D4B1B932CAB1C938DF874403F
:105580002DAB06226946384610F052FE041E0CBFB1
:105590004FF001084FF0000840F0918004361EA93A
:1055A00025A8FFF731FB074600282BD19DF88890EE
:1055B000B9F1000F35D04E4B219A1A601E9A9A60AD
:1055C000DDF898A0BAF1000F30D0299B002B53D002
:1055D000474A51680B44926893423ED00023209A78
:1055E00028995046FFF7F4FA0746002837D1404A79
:1055F000536820990B445360926893423ED04FF019
:1056000000093BE003463B4A01213B480FF0C4FE42
:10561000BAB201213046FFF7D7F980464FF00009B2
:105620002CE02846FFF762FE04463BE000225A6069
:10563000DDF8ACB083F80CB05A462A9903F10D009E
:1056400018F0BAF80BF10800294B1844CBF12002EE
:105650000021053018F0D8F8B7E74B46BFE70346FE
:10566000264A012124480FF097FEBAB201213046A4
:10567000FFF7AAF9804601E04FF000091C4B59687A
:105680009B683A46994214BF002101212698B0FA3E
:1056900080F0400910F050FF47B1FFF711FEB8F15C
:1056A000000F0ED020462FB0BDE8F08F2846FFF740
:1056B0001DFEB9F1000FF2D0FFF702FEEFE7032461
:1056C000F0E70724EEE700BF8C13040065BF03007A
:1056D0002C38040079BF0300941304006FBF03004B
:1056E00020E60300981304009C1304001DC003006F
:1056F000F43D0020A41304003CE00300C4130400A4
:1057000008B50248FFF70CF908BD00BF00070020EC
:1057100030B589B08468406806AA002306930793D1
:1057200025490091052101912449029103928DF8A8
:10573000103005AB01226946043010F079FD88BBBA
:1057400004340546059B7BB90A221D49204616F004
:1057500074FE08B9072526E007221A49204616F0EC
:105760006CFE00BB07251EE0134A0121684610F0BD
:10577000BEFDD8B1079A042A1AD10699124818F02A
:105780004BF80546B0B904220F49204616F055FEE5
:1057900008B9072507E00321204616F023FE10B9BB
:1057A000072500E00325284609B030BD0325FAE7A8
:1057B0000325F8E70325F6E73014040083BF030050
:1057C00038140400441404004C14040010B5846818
:1057D000043408220F49204616F02FFE08B907208E
:1057E00010BD40F6AB11204616F007FE08B90720A1
:1057F000F6E709220849204616F01FFE08B90720DF
:10580000EEE70421204616F0F8FD08B10020E7E796
:105810000720E5E7541404006014040008B54FF4B1
:105820000052002302480BF08BFD002008BD00BF92
:10583000C802002030B589B04568846806A90023F5
:1058400006930793114A0092012201921048029098
:1058500003918DF8103005AB6946281D10F0E8FC67
:1058600080B90434054601220A49204616F0E5FDB8
:1058700008B9072507E006A9204616F0D9FD10B99A
:10588000072500E00325284609B030BD880A04003A
:1058900083BF0300241D040010B582B0074C2046CE
:1058A00017F01BFA064B009303234FF404620549DB
:1058B0002046F6F76DFE002002B010BD102100203A
:1058C000EC140400804F002008B500220023024899
:1058D00013F04DFE08BD00BFCC0A0020836A6BB1F7
:1058E00010B5044610F0B6FE0649204617F056F9EA
:1058F00004F1100017F01EF8002010BD6FF0150025
:10590000704700BFED65030010B50446103013F07A
:105910006BFE2146014817F0ABF910BD10210020A5
:10592000836B002B3BD0F0B587B004460F4617F0D1
:105930007CF910F0050F03D1684616F0FBFF07E075
:10594000204617F0BBF9F7E73146684613F04CFEE6
:1059500004F1100500220023284613F00EFE06462F
:1059600068B1A36B3946304698470028ECD12146F0
:10597000304610F063FEEBE7284613F035FE0022B8
:105980000023684613F0F9FD01460028F4D123698D
:105990001BB12146024817F06BF907B0F0BD704704
:1059A0001021002000230BB10020704703EB0312ED
:1059B000054951F83220824201D00133F3E703EB6D
:1059C000031301EBC300704728220020F0B583B019
:1059D00000AF0546FFF7E6FF044629462948FFF7D2
:1059E0009FFFA4B1002584F86950204640F8085B69
:1059F00017F0CAF904F1380017F0C6F984F86850B6
:105A000004F16C000BF0D6FA0C37BD46F0BD6E46C3
:105A100088B06B4613F110022DD00C213AB1084624
:105A2000042901DD184C5C61082800DD9D610B290B
:105A300024DD0C243AB10321397100217971B97147
:105A4000F9717868186100216FF300016FF341016B
:105A50006FF382016FF3C501012363F38811C4F36F
:105A60000A0363F353216FF31F5100230748FDF727
:105A7000DFF8B546C8E76FF00041CFE76FF01B04D1
:105A8000D8E700BF243E0020F41404004CE00300DB
:105A900070B500240CB1002070BD04EB0413214A42
:105AA00052F833300BB10134F4E704EB041342F83D
:105AB0003300002502E0234693B101251DBB1A489F
:105AC000027804EB0411174B03EBC10383F8692040
:105AD000531CDBB20370002BEDD1931C0370EAE77B
:105AE0009C420ED003EB03110E4850F8311041B127
:105AF00003EB03100B4901EBC00191F869108A42D6
:105B0000DCD00133D8E7260104EB0410C000683074
:105B1000044D284404300BF09DFA264405EBC600E2
:105B2000BAE700BF28220020974A002010B50C4693
:105B3000084810F094FD002800DB04B110BD054CAE
:105B4000204610F0FBFD002303600371204610F097
:105B5000E7FDF3E7243E002030B583B00446FFF7AD
:105B600021FF60B1054690F8683013F0010F08D0AE
:105B70004FF42032002305F108000BF0E9FB03B0DD
:105B800030BD084A6B4692E8030083E803001946DB
:105B9000204610F00EFE95F8683043F0010385F8BA
:105BA0006830E5E740E103002DE9F04782B000AF3F
:105BB000804615461C46FFF7F5FED0B18146DFF85A
:105BC000F8A0504610F04BFD0646224629465046A6
:105BD00010F04DFD054610F10C0F66D0002845DB96
:105BE000002E50DB002D5BD020460837BD46BDE8B7
:105BF000F0876D4688B06B4613F1100230D00C214F
:105C000042B10846042901DD294C5C61082801DD08
:105C1000C3F818800B2926DD0C243AB10321397111
:105C200000217971B971F9717868186100216FF3F9
:105C300000016FF341016FF382016FF3C50101238E
:105C400063F38811C4F30A0363F353216FF31F5105
:105C500000231848FCF7ECFFAD466FF01000C4E7D6
:105C60006FF00041CCE76FF01B04D6E7504610F010
:105C700065FD10B10022026002710F4810F050FD66
:105C80006FF01200B1E70C4810F058FD0646404690
:105C9000FFF762FFC6F8008099F869303371A1E719
:105CA0000021054810F024FD9EE76FF010009CE7EE
:105CB000F41404004CE00300243E002000B585B03D
:105CC000024690F8303013F0010F0CD009496B46B2
:105CD00003C983E80300194652F8380C10F069FD37
:105CE00005B05DF804FB02AB034903C983E8030078
:105CF0001946F1E740E1030048E1030010B582B026
:105D000004466B46084A92E8030083E803001946FC
:105D100054F8080C10F04DFD94F8603023F00103A6
:105D200084F8603002B010BD48E103002DE9F04F67
:105D300093B0044600230C930D930E930F9310938E
:105D40001193424B0D93C3680E93414B109310F087
:105D5000F9FC002868D0804603A903F093FE0546AD
:105D60000190002862D19DF82C30022B0BD0052524
:105D700004F1180010F0E8FC204610F047FC28461B
:105D800013B0BDE8F08F204610F02FFD0746002825
:105D90004ED04046FFF706FE814600284AD090F8D4
:105DA0006930002B48D0227F934201D00525DFE7E0
:105DB00000F16C0B58460BF04DF94FF0000A5646B7
:105DC00018E0ADF83C700CA9404606F0EBF905462A
:105DD00010F10C0F1DD0B8BB3E44B6B2E36833449B
:105DE0000E934FF0FF324FF0FF3358460BF00AF995
:105DF0004FF0010A238AB342BAD999F86920EAB16F
:105E0000217F8A421CD1F2199A42DADD9B1B9FB294
:105E1000D7E7BAF1000F03D1132F13D9C7F34F07F8
:105E20000BF0C2FD019DE5E70525A1E705259FE7EC
:105E300001259DE705259BE7052599E7052597E7BA
:105E4000052595E7022593E7012591E774150400E0
:105E50009767030070B5002404B170BD250104EB01
:105E60000413D8000830074E0749304416F03CFFB1
:105E70002B19D80038300549304416F035FF01346D
:105E8000EAE700BF28220020FD5C0200BD5C0200A2
:105E900010B5154B01221A70FFF7DCFF00247CB10E
:105EA0001248134B8362134BC362134B0363134BB0
:105EB0004363134B8363FFF711FD034670B910BDB5
:105EC00004EB0410C00068300E4B1844043001226B
:105ED000002116F058FD0134E4B2E0E70A4A01213E
:105EE0000A480FF059FAEAE7974A0020243E0020BA
:105EF0002D5D0200EB67030055670300496703004F
:105F00006367030028220020181504004CE00300FA
:105F100008B5044816F070FB08B1002008BD6FF00A
:105F20001200FBE734DD0300F0B58BB004460D46EC
:105F300016460378032B38D8DFE803F002212B3113
:105F40001D4B93E803000790ADF82010090C8DF865
:105F5000221063792279E178A07867780DF11C0C22
:105F6000CDF814C004970390029101920093A37995
:105F7000124A314628460CF0A3FC0BB0F0BD104B82
:105F800093E803000790ADF82010090C8DF822105B
:105F9000DFE70C4A07AB07CA03C31A80D9E70A4AEE
:105FA00007AB07CA03C31A80D3E7084A0A2107A828
:105FB0000CF086FCCDE700BF6CEF03007CEF030024
:105FC00074EF0300A0EF0300ACEF0300742804009B
:105FD000402928BF402100238B421CD230B410F846
:105FE00003C04FEA1C1C5A000D4D15F80CC00D4C97
:105FF00004F813C010F803C00CF00F0C013215F8B0
:106000000C50A55401338B42E9D30648002200F816
:10601000132030BC70470348002200F8132070475B
:10602000F0150400883E002010B5034C1E222146C6
:10603000FFF77AFF204610BD683E002070B584B09F
:1060400002AE002402940394084B0293084D2846A4
:1060500016F043FE00960A234FF4A862054928462D
:10606000F6F796FA204604B070BD00BF041604008F
:10607000B02200200058002008B50146014816F063
:106080004EFE08BDB022002010B586468C4603782F
:10609000012B18D0022B32D003B110BD224C0FCCF3
:1060A000CCF80000CCF80410CCF80820CCF80C3068
:1060B00023788CF81030BEF802308CF80D301B0AB3
:1060C0008CF80E30E9E7184C0FCCCCF80000CCF877
:1060D0000410CCF80820CCF80C3023788CF8103061
:1060E000DEF804308CF80D30C3F307228CF80E2054
:1060F0001A0C8CF80F201B0E8CF81030CDE70068BE
:10610000DEF80410DEF80820DEF80C30CCF80000D1
:10611000CCF80410CCF80820CCF80C309EF81030E5
:106120008CF81030B9E700BF1016040038B50446EB
:10613000054813F01CFA054620B101210C3013F07C
:106140009BFA2C76284638BDA00A002010B51328EB
:106150000ED091B10B4813F00AFA044634B1012174
:1061600004F10C0013F088FA01232376204610BDB9
:10617000054813F0FCF90446F0E70120FFF7D6FFCD
:106180000446F3E71C0A0020F80A002000238BB124
:1061900070470C4A32F8132032B940F47042094C6F
:1061A00024F81320084AD1540133002BF1D05DF8B4
:1061B000044B7047034A32F813200AB10133E6E773
:1061C00010B4EAE7103F00200C3F002040F470407C
:1061D00000230BB100207047064A32F81320824298
:1061E00001D00133F5E7034A002122F81310024AD7
:1061F000D05C7047103F00200C3F0020C2685178EF
:10620000084B83F870105188A3F87210117983F845
:106210007110B2F80710A3F87410B2F80520A3F8B3
:1062200076207047F8020020C268034BD2F80100C4
:10623000D2F8051003C37047D003002030B5C468FE
:1062400004F1010C094D4134AE46DCF80000DCF8E5
:106250000410DCF80820DCF80C30AEE80F000CF17C
:10626000100C7546A445EFD130BD00BF7803002067
:10627000C268034BD2F80100D2F8051003C370477F
:106280007003002008B5C068013010F04EFB024BCF
:10629000C3E9380108BD00BFF8020020032801D976
:1062A00002487047024B53F8200070475C16040008
:1062B000241F0400022807D1052901D9034870478B
:1062C000034B53F821007047004870475C160400E8
:1062D0000C1F0400032801D902487047024B53F8F1
:1062E000200070475C160400FC1E0400C3681B7885
:1062F0008BB9094BBFF35B8F1A68BFF35B8F02F05A
:106300000902BFF35B8F53E8001F43E80020002819
:10631000F9D1BFF35B8F7047CC03002008B5C36889
:10632000B3F8012091B209B1D97801B908BD054887
:10633000A0F80421D9780A4600F5847016F023FBF2
:10634000F4E700BFF802002008B5C268084BB3F8B4
:10635000043103B108BDB2F801300548A0F804319A
:1063600091880A4600F5847016F00DFBF2E700BF35
:10637000F802002030B583B0054608464FF0000C07
:1063800063451AD902EBCC0112F83C40AC4208D16B
:10639000038A4A78934207D34B689847002003B09A
:1063A00030BD0CF1010CEBE70095054A01210548D1
:1063B0000EF0FDFF6FF01500F1E76FF05E00EEE705
:1063C000641604009CDF030008B5C3681B78034A09
:1063D000022103480EF0E0FF08BD00BF881604004C
:1063E0009CDF0300012801D00020704708B5062279
:1063F000074B93F86F0003F015FB00B108BD0522B1
:106400000449034B93F86F0003F00CFBF6E700BF61
:10641000F8020020D015040010B502F0BDFA1030CB
:10642000BFF35B8F50E8003F23F0800340E8003269
:10643000002AF7D1BFF35B8F00210120FFF7D2FFC5
:10644000044640B13C234372002102F0E9FF20469C
:1064500010F0BAFF10BD034A012103480EF092FF6D
:10646000F8E700BFB01604009CDF030038B5C3682E
:10647000B3F801501B7803B138BD0F21284603F053
:1064800015F9044648B1002102F0CAFFA378012B98
:106490000AD0204610F098FFEEE72B46044A01216F
:1064A00004480EF079FFE7E7204610F08DFFE3E7A0
:1064B000D41604009CDF030010B5C368B3F8014094
:1064C0000121204603F0F2F810B110F07DFF10BD5D
:1064D0002346034A012103480EF05EFFF7E700BFA1
:1064E000FC1604009CDF03002DE9F04383B000AFED
:1064F000D0F80C9099F80040A3000133018A8B4238
:1065000002D84FF0000899E06E468AB06D4615F14A
:1065100010023BD0142092B18446042803DDDFF83A
:1065200060E1C5F814E0BCF1080F00DDAC61BCF11E
:106530000C0F00DDEB61BCF1100F00DD29621328A8
:1065400027DD14233AB10521397100217971B97120
:10655000F9717868286100216FF300016FF3410140
:106560006FF382016FF3C501012060F38811C3F35B
:106570000A0363F353216FF31F5100233D48FCF7D7
:1065800057FBB5460C37BD46BDE8F0836FF00040C1
:10659000C1E76FF01B03D5E7013BE36182F311888C
:1065A000BFF36F8F204602F007FD0AF003FD24E0E1
:1065B000A16182F31188BFF36F8F002B34D0EFF30A
:1065C0001181402282F31288BFF36F8FDA68E26193
:1065D0000022DA601A60626A002A47D013606362A0
:1065E00081F31188BFF36F8F04F128000AF0A0FE39
:1065F000204602F0E1FC0AF0DDFC2E46751EADB22D
:10660000BEB1EFF31182402383F31288BFF36F8F83
:10661000E369002BC0D16369002BCAD0196861619E
:10662000A0698342C5D1C3E7134A012111480EF086
:10663000A9FE204610F0C8FE08F1010899F80030C4
:1066400098459FDA09EB8803B3F80150B3F803606B
:106650000F21284603F02AF804460028CED12B4605
:10666000064A012103480EF097FEE5E763622362C4
:10667000B6E700BF9CDF0300681704004C17040056
:106680002017040000B970472DE9F04182B00E4692
:1066900015460746464B0022BFF35B8F53E8004F79
:1066A00043E800210029F9D1BFF35B8FA046002CFD
:1066B00044D0204612F037FF00EB40003D4B03EB87
:1066C00080035B88BB4240D1AC420ED0204612F022
:1066D00049FF0121217604F10C07384612F0CCFF66
:1066E0002A8AE968384612F0D1FF204612F01BFFD3
:1066F00000EB40002F4B03EB80035B680BB1002ED7
:1067000047D0204612F00FFF00EB4000294B03EB6F
:1067100080039B68A3B3204612F005FF254D00EBD4
:10672000400005F82060204612F0FDFE00EB40001E
:1067300005EB8005A8680AF03DFC21E03B461E4AB7
:1067400001211E480EF028FE1AE0204612F0EBFE52
:1067500000EB4000174B03EB80035B8800933B4644
:10676000174A012115480EF022FE114BBFF35B8F33
:1067700053E8008F43E80042002AF9D1BFF35B8F52
:10678000B8F1000F02D0404612F032FF02B0BDE86F
:10679000F081204612F0C7FE00EB4000054B03EBF2
:1067A00080035B681A7A5968186810F06EF9A8E7D8
:1067B00038040020143F0020801704009CDF0300F1
:1067C000A817040038B5C468B4F801500121284660
:1067D00002F06CFF98B103462278BAB11A1DBFF3DC
:1067E0005B8F52E8000F40F4005042E8000100299E
:1067F000F7D1BFF35B8F184610F0E6FD38BD2B468E
:10680000074A012107480EF0C7FDF7E7D4F8031047
:10681000D4F80720C0F8AD10C0F8B120DEE700BF03
:10682000FC1604009CDF030038B5044604210C303C
:1068300012F057FF4578224601784088FFF722FF83
:1068400005B938BD01480AF0B5FBFAE7200400207D
:1068500038B5044603210C3012F043FF0578B0F838
:106860000100E368197840F63542904204D0224690
:10687000FFF708FF3DB938BD0B46054A0221054820
:106880000EF08AFDF7E704480AF094FBF3E700BF37
:10689000DC1704009CDF03002004002008B5012160
:1068A0000C3012F01EFF0378024A012102480EF05C
:1068B00073FD08BD141804009CDF03002DE9F041AE
:1068C00082B000AF05460C46FFF754FD10F15F0F94
:1068D00003D00837BD46BDE8F081B4F810804146CA
:1068E000E068FFF775FB6E4602233B7104237B7162
:1068F0008AB06C4614F110021CD04FF0160C62B135
:106900006346BCF1040F01DD25496161082B00DD00
:10691000A5610C2B01DDC4F81C8002233B7004230D
:106920007B70A2B1BCF1100F00DD206204F12403E2
:1069300000210AE06FF0004CE1E701F10800384463
:1069400010F8080C03F8010B01310129F5D9BCF14D
:10695000150F22DD162342B105213971002179710D
:10696000B9710121F9717868206100216FF300018C
:106970006FF341016FF382016FF3C501022060F3F1
:106980008811C3F30A0363F353216FF31F510023EC
:106990000448FCF74DF9B5469BE76FF01B03DAE7B7
:1069A000381804009CDF030038B50446038A012B25
:1069B00014D902210C3012F094FE054600780FF035
:1069C000CFFF10F0020F12D00423114A214628787D
:1069D000FFF774FF204612F00BFE38BD0D4A01216F
:1069E0000D480EF0D9FC204612F002FEF5E740F605
:1069F000FB230A4A0A490B480DF075FF002383F375
:106A00001188BFF36F8F0323184602DFDCE700BF56
:106A10005C1F04005C1804009CDF0300781804006D
:106A2000AC180400DC18040010B5044601210C3039
:106A300012F057FE0723034A21460078FFF73EFF76
:106A400010BD00BF7C1F0400B0B582B000AF0C4683
:106A5000FFF790FC10F15F0F02D00837BD46B0BDC4
:106A6000218AE068FFF7B4FA6D4600233B710223E8
:106A70007B7188B06C4614F1100214D04FF00E0CEC
:106A800022B1BCF1040F01DD224B636100233B7096
:106A900002237B70A2B1BCF1080F00DDA06104F1FC
:106AA0001C0300210AE06FF0004CE9E701F1080047
:106AB000384410F8080C03F8010B01310129F5D90D
:106AC000BCF10D0F22DD0E2342B1032139710021EB
:106AD0007971B9710121F9717868206100216FF332
:106AE00000016FF341016FF382016FF3C5010220D2
:106AF00060F38811C3F30A0363F353216FF31F514B
:106B000000230548FCF794F8AD46A6E76FF01B0399
:106B1000DAE700BFFC1804009CDF030010B5044650
:106B200001210C3012F0DDFD0023034A21460078DC
:106B3000FFF78AFF10BD00BFB41F040008B501466F
:106B4000074812F01EFD0749074816F091F8031E8A
:106B500000DB08BD054A012105480EF01DFCF8E7E1
:106B60003C0400206C070020C024002020190400F1
:106B70009CDF030070B582B00446038A032B18D94A
:106B800004210C3012F0ADFD42880088060BC0F3E2
:106B90000B006083FF236376238A934213D0009215
:106BA000164A012116480EF002FC204612F020FD84
:106BB00007E0144A012112480EF0EEFB204612F0C5
:106BC00017FD02B070BD0F2102F070FD054658B1EF
:106BD00002F08CFD607632462146284610F0C1FB5B
:106BE000284610F0F1FBECE7638B074A01210448CB
:106BF0000EF0D2FB204612F0FBFCE2E76419040021
:106C00009CDF0300401904008819040010B51448E3
:106C100012F0CCFC88B10446037E012B0ED0032B6E
:106C20000FD1FFF7A7FF0F4BD3F844312BB10E491B
:106C30000E4816F01DF8031E0CDB10BDFFF7B4FE66
:106C4000F1E70B4A01210B480EF0A6FB204612F09B
:106C5000CFFCE8E7084A012106480EF09DFBECE76F
:106C60003C040020F80200206C070020C024002013
:106C7000AC1904009CDF0300201904002DE9F84F33
:106C8000C5682E880121304602F010FDA8B30446E5
:106C9000B5F802801FFA88F3EE881FFA86FAAF88EB
:106CA0001FFA87F92D891FFA85FBA3F11B0292B207
:106CB000E02A29D8AAF11B039BB2E02B2AD8A9F518
:106CC000A4739BB244F2481293422AD8ABF5A47342
:106CD0009BB244F2481293422AD8A4F8BC80A4F88C
:106CE000BE70A4F8C060A4F8C250204602F088FD2F
:106CF000204610F069FBBDE8F88F3346104A0121A9
:106D000010480EF049FBF6E70F4A02210D480EF03D
:106D100043FBCFE753460D4A02210A480EF03CFBE5
:106D2000CDE74B460A4A022106480EF035FBCDE777
:106D30005B46084A022103480EF02EFBCDE700BF58
:106D4000FC1604009CDF0300C0190400EC190400C9
:106D5000181A0400401A040070B582B0C568B5F86E
:106D600001600121304602F0A1FC38B304462B78C3
:106D70001A2B2AD02B78002B45D1B5F80330A4F874
:106D80009E30B5F80530A4F8A430B5F80730A4F863
:106D9000A630231DBFF35B8F53E8001F21F48071E1
:106DA00043E80012002AF7D1BFF35B8F204602F0C0
:106DB000D7FC204610F008FB02B070BD3346244AD1
:106DC000012124480EF0E8FAF6E7C378012BD1D16F
:106DD0000A2104300FF07EFE0028CBD1B4F8A03099
:106DE000ADF80030B4F8A230ADF80230B4F8A830F5
:106DF000ADF80430B4F8AA30ADF806306946204644
:106E000010F0EDFCD5E7261D082130460FF0BEFD41
:106E100010B12B78202B0CD0BFF35B8F56E8003FCE
:106E200023F4807346E80032002AF7D1BFF35B8F6A
:106E3000BCE794F8AC30002BEED0013B84F8AC30CA
:106E40004FF42032002304F158000AF079FAADE73C
:106E5000FC1604009CDF030010B50C460A604B6072
:106E60009DF808300B7212F05EFB00EB4000024B05
:106E700003EB80035C6010BD143F00202DE9F84354
:106E8000064688464FF0FF324FF0FF33194812F0A4
:106E90006EFB044658B300F10C070121384612F08E
:106EA000EBFB4FF0000984F81890204612F03BFBF2
:106EB000114D00EB400005EB80004680204612F0AB
:106EC00032FB00EB400005EB8003C3F8089020463E
:106ED00012F029FB00EB400005EB8005C5F804909B
:106EE0000321384612F0CCFB068080F80280204651
:106EF000BDE8F883740A0020143F0020F0B589B083
:106F0000074615460C4661B302AE01220021304609
:106F100015F039FD204612F006FB00EB4000334B24
:106F200003EB80039E60204612F07CFB0146304854
:106F300012F05AFB4FF4A022002330460AF062F808
:106F40000646B0B9204612F0EEFA00EB4000274B9F
:106F500013F8206016BB002D40D02C60002009B033
:106F6000F0BDFFF78BFF04460028CDD16FF068001D
:106F7000F5E740F24D131F4A1F4920480DF0B3FCBE
:106F8000324639461E480DF0AEFC002383F31188CB
:106F9000BFF36F8F0323184602DFD3E700963B460B
:106FA000184A022118480EF002FA204612F020FB7F
:106FB000093E092E0FD8DFE806F0050E0E0B160E5F
:106FC0000E0E0E086FF06E00C9E76FF01500C6E7F1
:106FD0006FF00C00C3E76FF00400C0E7204612F02A
:106FE00007FB0020BBE76FF00B00B8E7143F002061
:106FF0004404002078180400681A0400DC18040017
:10700000741A0400A01A04009CDF030010B582B0BB
:10701000224BD3F864319B6813F0010F0DD101AA04
:10702000002140F60340FFF769FF044668B9019864
:10703000FFF75CF9019812F0DBFA01AA002141F296
:107040000300FFF75BFF044610B1204602B010BDFD
:107050000198FFF70DF9019812F0CAFA01AA002170
:1070600041F20100FFF74AFF04460028EDD10198E4
:10707000FFF7C4F8019812F0BBFA01AA002141F20F
:107080000200FFF73BFF04460028DED10198FFF71E
:10709000D5F8019812F0ACFAD7E700BFF80200204B
:1070A00010B5082142F20100FFF7E8FE30B30446B4
:1070B00008210C3012F0E4FA0246124B93F8D83053
:1070C00013F0020F17D10F20002113F0200F01D071
:1070D00040F040000B4B93F8D93013F0090F01D06A
:1070E00040F400600FF010FC0022214642F2010043
:1070F000FFF704FF10BD2F200021E6E76FF06800C6
:10710000F8E700BFF802002010B582B0354B93F8C5
:107110007C3013F0400F0AD001AA002142F2030094
:10712000FFF7ECFE034650B1184602B010BD2E4AE0
:1071300001212E480EF026F96FF01203F4E70198B2
:10714000FFF772F8019812F053FA01AA002142F2F7
:107150000200FFF7D3FE03460028E5D10198FFF7B0
:10716000DDF8019812F044FA1E4B1F22A3F82021EB
:1071700093F87C3013F0200F18D01A4B93F89C3002
:1071800013F0080F0ED001AA002142F21C00FFF7F5
:10719000B5FE03460028C7D10198FFF773F80198A0
:1071A00012F026FAFFF77CFF0346BDE7022140F606
:1071B0006D40FFF763FE044680B102210C3012F0EF
:1071C0005FFA0123037000224270214640F66D40B1
:1071D000FFF794FE03460028CFD0A5E76FF06803C1
:1071E000A2E700BFF8020020BC1A04009CDF0300E5
:1071F00010B582B00B4BB3F804311BB1002420460C
:1072000002B010BD01AA002141F20500FFF776FE91
:1072100004460028F3D10198FFF796F8019812F080
:10722000E7F9ECE7F802002010B5082140F601402C
:10723000FFF724FE88B1044608210C3012F020FA32
:10724000024607484FF000510FF05EFB0022214636
:1072500040F60140FFF752FE10BD6FF06800FBE7FB
:10726000108800022DE9F04184B000AF07F10C0254
:1072700000214FF60140FFF741FE60BBFB68DC6870
:10728000B4F801603046FFF709F86D4600233B7201
:1072900002237B728AB0EC461CF1100221D04FF021
:1072A000120E2AB1BEF1040F02DDAE4BCCF8143041
:1072B00000233B7102237B7102B37346BEF1080FBA
:1072C00001DDCCF818000C2B01DDCCF81C600CF1B2
:1072D0002003002110E0A44A0221A4480EF052F835
:1072E0001BE16FF0004EDCE701F11000384410F8AC
:1072F0000C0C03F8010B01310129F5D9BEF1110F76
:107300004FDD12234AB10421397200217972B9721A
:107310000121F972B868CCF8100000216FF3000168
:107320006FF341016FF382016FF3C501032060F336
:107330008811C3F30A0363F353216FF31F51002332
:107340008A48FBF775FCAD46B4F803603146B4F8E3
:107350000100FEF7AFFF6D4600233B7202237B72F4
:107360008AB0EC461CF110021ED04FF0120E2AB16A
:10737000BEF1040F02DD7E4BCCF8143000233B71CC
:1073800002237B71EAB17346BEF1080F01DDCCF830
:1073900018000C2B01DDCCF81C600CF1200300213F
:1073A0000DE06FF01B03ADE76FF0004EDFE701F17A
:1073B0001000384410F80C0C03F8010B01310129BE
:1073C000F5D9BEF1110F5ADD12234AB104213972E9
:1073D00000217972B9720121F972B868CCF81000F5
:1073E00000216FF300016FF341016FF382016FF32E
:1073F000C501032060F38811C3F30A0363F353212B
:107400006FF31F5100235948FBF712FCAD46667914
:107410003046FEF75FFF94F806E0B4F80710D4F8A2
:1074200009806D4600233B7202237B728CB06C4650
:1074300014F1100226D04FF01E0C22B1BCF1040F43
:1074400001DD4C4B636100233B7102237B7132B33E
:107450006346BCF1080F00DDA0610C2B00DDE66186
:10746000102B01DDC4F820E0142B00DD6162182B25
:1074700001DDC4F8288004F12C0300210DE06FF039
:107480001B03A2E76FF0004CD7E701F1100038446E
:1074900010F80C0C03F8010B01310129F5D9BCF1EE
:1074A0001D0F3EDD1E2342B1072139720021797282
:1074B000B9720121F972B868206100216FF30001EF
:1074C0006FF341016FF382016FF3C501032060F395
:1074D0008811C3F30A0363F353216FF31F51002391
:1074E0002248FBF7A5FBAD46F86812F081F807F1DA
:1074F0000C0200214FF60240FFF700FDA0B9F8682A
:10750000C368B3F801301C4CA4F8C13012F070F815
:1075100094F8C13013F0040F0CD11037BD46BDE80C
:10752000F0816FF01B03BEE7144A02210F480DF0F3
:1075300029FFF2E707F10C0200214FF60340FFF7A5
:10754000DDFC40B9F868C3685A780B4B83F8C0205B
:1075500012F04EF8E1E70A4A022104480DF012FF4A
:10756000DBE700BF041B0400E01A04009CDF0300FB
:10757000201B0400381B0400F8020020681B0400D4
:10758000941B040008B5FFF741FD034608B11846F7
:1075900008BDFFF7B9FD03460028F8D1114B93F859
:1075A0007C3013F0200F0ED00E4BB3F8043183B1B2
:1075B000FFF73AFE03460028E9D1FFF753FE01F03A
:1075C000A7F80346E3E7FFF713FE03460028EFD0D2
:1075D000DDE7054A012105480DF0D4FE6FF00403F4
:1075E000D5E700BFF8020020C01B04009CDF0300A9
:1075F00070B582B006460C46124B93F99B30002BB7
:107600001DDAC4B12546082C28BF082501AA00218F
:1076100042F21800FFF772FC034668B9019BD96873
:107620002A460131304616F0C7F8019811F0E0FF04
:107630002E44641BE5E70023184602B070BD6FF0CE
:107640008503F9E7F8020020837A072B00D0704702
:1076500010B582B004460D2104300FF097F960B9DF
:10766000E3782BB1164B93F8D83013F0080F04D001
:1076700020460FF048FA034658B9114B93F8D93019
:1076800013F0010F03D020460FF068F938B102B0B3
:1076900010BD0C4A01210C480DF07EFEEDE70021E3
:1076A000009102231A4620460FF07DFA0346002877
:1076B000EDD0064A012104480DF06EFEE7E700BF59
:1076C000F8020020E41B04009CDF0300081C0400F7
:1076D0002DE9F04186B000AF0446B0F801603046B5
:1076E000FEF774FD237853B13C2B05D06C4A022180
:1076F0006C480DF051FE32E0FEF78EFE2FE0804622
:10770000E278012A2FD0224607F1080107F1100084
:107710000FF074F907F10801E078FEF763FE054603
:10772000E378012B23D0ADB3224607F108012846A8
:107730000FF039F9EB78012B00F0888007212846FB
:1077400001F06EFEB8F1000F40F0A28028460FF065
:107750009DFE2846FFF778FF28460FF035FE1837C4
:10776000BD46BDE8F081504B93F86F30CBE701F098
:1077700013F900F11003BFF35B8F53E8001F21F0F2
:10778000800143E80012002AF7D1BFF35B8F0FF0AE
:1077900087FCC8E7201DFEF747FC6D4600233B71C0
:1077A00002237B7188B06C4614F1100214D04FF0A4
:1077B0000E0C22B1BCF1040F01DD3C4B63610023D0
:1077C0003B7002237B70A2B1BCF1080F00DDA06109
:1077D00004F11C0300210AE06FF0004CE9E701F11D
:1077E0001800384410F8180C03F8010B0131012976
:1077F000F5D9BCF10D0F26DD0E2342B103213971FD
:1078000000217971B9710121F97178682061002135
:107810006FF300016FF341016FF382016FF3C50154
:10782000012060F38811C3F30A0363F353216FF35C
:107830001F5100231B48FBF7FBF9AD4613213046CF
:107840000FF07AF98BE76FF01B03D6E73869C5F8BC
:107850008F00BA8ABB7DA5F8932085F8953001F09A
:107860009BF82B7AC3EBC3030F4A9918D358C5F87A
:10787000963088888B79A5F89A0085F89C30D2F8E4
:10788000E43013F0400F3FF459AF01F059FA55E7D7
:1078900085F809800121284601F0C2FD56E700BFA6
:1078A000201C04009CDF0300F80200203C1C0400A4
:1078B00000B589B0C3681A788DF80020B3F80120AC
:1078C000ADF80120DA788DF80320B3F80B20ADF87D
:1078D0001720B3F80D20ADF81920B3F80F20ADF83C
:1078E0001B205A7C8DF81D20586801901A899B7ABC
:1078F000ADF808208DF80A30084B1A68CDF80B2037
:107900009B88ADF80F30CDF81120ADF815306846E2
:107910000FF06EF909B05DF804FB00BFE815040034
:1079200010B58EB08646EC460C4C0FCCACE80F0080
:107930000FCCACE80F000FCCACE80F0094E80300CC
:107940008CE80300BEF10D0F02D905480EB010BD42
:107950000EAB03EB8E0E5EF8380CF7E750E1030038
:107960005C1604002DE9F04182B000AFB54BDB7925
:10797000012B31D9DFF8E082B248FEF755FB6D46A6
:1079800000233B7102237B710123BB710323FB7135
:107990008AB06E4616F1100221D04FF0140C22B1BD
:1079A000BCF1040F01DDA84B736100233B7002237F
:1079B0007B7022B1BCF1080F01DDC6F818800123ED
:1079C000BB700323FB70BAB1BCF10C0F00DDF0619A
:1079D00006F1200300210DE0DFF88082CCE76FF094
:1079E000004CDCE701F10800384410F8080C03F8FB
:1079F000010B01310329F5D9BCF1130F23DD142349
:107A000042B10421397100217971B9710221F971F2
:107A10007868306100216FF300016FF341016FF36B
:107A200082016FF3C501032060F38811C3F30A03D9
:107A300063F353216FF31F5100238448FBF7F8F8D9
:107A4000AD46012531E06FF01B03D9E76FF0004C24
:107A500041E001233B7003237B70002A49D1BCF134
:107A6000110F59DD122342B10420387100207871C2
:107A7000B8710120F871786808616FF300046FF342
:107A800041046FF382046FF3C504032161F388148A
:107A9000C3F30A0363F353246FF31F5400232146F7
:107AA0006A48FBF7C5F8B5460135664BDB79AB4252
:107AB00035DDC5EBC500634B1844FEF7B5FA6E46DD
:107AC00001233B7103237B718AB0694611F11002D7
:107AD000BCD04FF0120C002ABBD06346BCF1040F9F
:107AE00003DDDFF87CE1C1F814E0082BB1DD8D6126
:107AF000AFE7BCF10C0F00DDC86101F120030020ED
:107B000007E000F1080EBE441EF808EC03F801EB94
:107B100001300128F5D9A2E76FF01B03A3E7494C18
:107B200094F870804046FFF7FBFEB4F87210B4F88A
:107B300076C06D4600233B7102237B718CB06C468E
:107B400014F110021DD01A261AB1042E01DD404B8B
:107B5000636100233B7002237B70FAB13346082E29
:107B600000DDA0610C2B01DDC4F81C80102B00DDB2
:107B70002162142B01DDC4F824C004F12803002184
:107B80000AE06FF00046DFE701F10800384410F822
:107B9000080C03F8010B01310129F5D9192E4BDD31
:107BA0001A2342B10621397100217971B97101217D
:107BB000F9717868206100216FF300016FF34101D2
:107BC0006FF382016FF3C501032060F38811C3F3E3
:107BD0000A0363F353216FF31F5100231B48FBF784
:107BE00027F8AD46174C94F871603046FFF798FEC1
:107BF000B4F8741000233B7102237B718AB06C4689
:107C000014F110021BD016251AB1042D01DD114B01
:107C1000636100233B7002237B706AB32B46082DFF
:107C200000DDA0610C2B00DDE661102B00DD216280
:107C300004F1240300211DE06FF01B03B1E76FF096
:107C40000045E1E7F80200205C1C04009CDF030013
:107C5000801C0400C01C0400581C0400300B0400ED
:107C60006C1C040001F10800384410F8080C03F8FB
:107C7000010B01310129F5D9152D24DD162342B15F
:107C80000521397100217971B9710121F971786883
:107C9000206100216FF300016FF341016FF3820156
:107CA0006FF3C501032060F38811C3F30A0363F384
:107CB00053216FF31F5100230448FAF7B9FF083727
:107CC000BD46BDE8F0816FF01B03D8E79CDF0300E1
:107CD00008B5034BD3F864315B69984708BD00BF12
:107CE000F802002038B504460D4651B140F6354340
:107CF0009C420ED029460F4811F076FC0024204605
:107D000038BDFFF7BBF805460028EFD16FF06804D7
:107D1000F5E72846FFF7DCFF04460028EFD00346CE
:107D2000054A012105480DF037FB284611F060FC9B
:107D3000E5E700BF44040020E81C04009CDF0300CA
:107D400070B505460C46032142F22100FFF796F874
:107D500060B1064603210C3011F092FC058084705E
:107D6000314642F22100FFF7BDFF70BD024A0121FA
:107D700002480DF007FBF8E70C1D04009CDF030030
:107D800030B583B0C3681C885A88ADF800209A8843
:107D9000ADF80220DA88ADF804201B89ADF8063072
:107DA0000121204601F082FC68B10546694601F0D8
:107DB0004BFD98B91E212046FFF7C2FF28460FF061
:107DC00003FB03B030BD2346074A012107480DF0ED
:107DD000E3FA02212046FFF7B3FFF2E769462046A7
:107DE0000EF037FFEAE700BFFC1604009CDF03003B
:107DF00038B500220023294811F0BFFB044618B310
:107E0000274D4FF0FF324FF0FF33284609F0FAF8C4
:107E1000AB696BB1234A012123480DF0B3FAA5F5F4
:107E20009475D5F8400111F0E3FB0023C5F840310B
:107E3000204611F0F7FB1D4BC3F840012046FFF729
:107E400047FF034680B938BD40F60A33184A19493E
:107E500019480CF048FD002383F31188BFF36F8F9E
:107E60000323184602DFCBE7144A01210E480DF028
:107E700093FA0B4809F09EF8204611F054FB00EBF2
:107E800040000F4B03EB800322461F215888FEF76A
:107E9000F9FB204611F0ACFBD5E700BF44040020FD
:107EA00020040020281D04009CDF0300F8020020AD
:107EB00078180400242E0400DC180400E81C0400D8
:107EC000143F002038B504460D4609E0FFF790FF47
:107ED00004E00D4A02210D480DF05EFA1434013D14
:107EE00085B1E368C3F38633022BF7D9042BF0D1B5
:107EF000237B002BEAD0012BF0D12069383801F028
:107F000023FFEBE738BD00BF441D04009CDF0300E6
:107F100038B514E040F67833134A144914480CF08D
:107F2000E2FC002383F31188BFF36F8F032318460D
:107F300002DF21460F48FFF7C5FF09F035FD0D4D63
:107F4000EB686FF39433EB6005F1140001F044FA31
:107F5000441C4FF0FF324FF0FF33214628460AF011
:107F6000B1F80028D6D1E4E778180400681A0400B4
:107F7000DC1804003007002070B582B0044600F120
:107F80000C05284611F0BDFBADF80400238AADF8BE
:107F90000630012B1ED90221284611F0A2FB06460D
:107FA00000780EF0DDFC054610F0010F1BD0052314
:107FB000174A21463078FEF781FC15F0020F22D0D7
:107FC0006369BDF804201344E360BDF806302382E2
:107FD00002B070BD0F4A01210F480DF0DDF92046B7
:107FE00011F006FBF4E740F656730C4A0C490D48B5
:107FF0000CF079FC002383F31188BFF36F8F032308
:10800000184602DFD3E7204611F0F2FAE0E700BF9E
:10801000341F04005C1804009CDF0300781804007F
:10802000681D0400DC18040038B50446037E012BEB
:1080300005D0032B19D1FEF781FD002038BDC368A0
:1080400018780EF08DFC054610F0010F04D115F0E4
:10805000020F05D10020F1E72046FFF78DFFF6E77C
:108060002046FEF76BFD0020E8E7054A01210548A0
:108070000DF092F9204611F0BBFA6FF01500DDE724
:10808000841D04009CDF03000A4BD3F8643143B91C
:10809000C3684BB1436953B1064BC3F86401002078
:1080A00070476FF0770070476FF0150070476FF002
:1080B00015007047F802002008B5084BBFF35B8F2E
:1080C00053E8001F41F0040143E80012002AF7D1F1
:1080D000BFF35B8FFFF746FC08BD00BFCC03002059
:1080E00008B50EF0E7FD024B1B6803B1984708BDC9
:1080F0002C3F0020F0B589B03C4BD3F86431002B05
:108100005DD005463A4BBFF35B8F53E8002F22F05A
:10811000020243E800210029F7D1BFF35B8FBFF3D0
:108120005B8F53E8002F42F0010143E80010002864
:10813000F7D1BFF35B8F12F0010F53D12D4B1D60B0
:108140002D4E01221146304614F01DFC06F124008C
:1081500014F0F0FB294F00220023CDE90623002470
:1081600004946FF008030393029401940094244B49
:108170004FF4C8622349384614F07DFE2249384640
:1081800009F0EEF8214F384614F0A7FD00946FF087
:1081900007034FF480621E493846F4F7F9F91D4988
:1081A000384609F0DDF8F36BDB689847044670B990
:1081B000A5B1194809F0BCF8204609B0F0BD174A2E
:1081C000012117480DF0DEF86FF01204F4E70346C2
:1081D000144A012112480DF0DFF8EDE70EF06AFDB8
:1081E0000446E9E76FF07704E6E700BFF8020020F5
:1081F000CC0300202C3F002020040020C8230020B6
:10820000117F0200805D0020B41D0400C024002006
:1082100000640020BC1D0400BC030020981D040065
:108220009CDF0300C81D0400BFF35B8F034B18687D
:10823000BFF35B8FC0F38000704700BFCC0300200A
:1082400000487047D8F2030070B50546002401E0ED
:108250000134E4B2094BDB79A3420BD92646C4EBC7
:10826000C4010722054B1944284615F0D5FA002809
:10827000EED101E06FF00106304670BDF80200203B
:1082800038B504460622194915F0C6FA054608B95C
:10829000284638BD062142F20500FEF7EFFD0546EF
:1082A00000B3062221460C3011F0F0F900222946D5
:1082B00042F20500FEF722FE054650B90C4B22683B
:1082C000C3F86920A288A3F86D20012283F86820F2
:1082D000DEE710F10D0FDBD1064A022106480DF052
:1082E00051F8D5E76FF06805D2E700BF61030020C1
:1082F000F8020020C41F0400A4DF030070B582B0A0
:1083000005460E4629B107221849304615F084FA71
:10831000E8B968460EF0DBFA044618BB6846FFF77A
:1083200093FF0028F5DAC5EBC505114AAB18009894
:108330005051BDF804009DF80610988099718EB1D7
:10834000525932609A889B79B280B3710AE0C5EBCA
:10835000C505074AAB1831685151B188B279998087
:108360009A710024204602B070BD00BFD8150400E9
:10837000F80200202DE9F04383B0284B93F8C24067
:1083800014F0010412D005460E4601AA00214FF652
:108390000940FEF7B3FD844670B90198D0F80C90FF
:1083A00099F80140B44228BF344628E01C4A022113
:1083B0001C480CF0E7FF27E01B4A022119480CF08B
:1083C000E1FF002420E0162101FB0CF16A1809EB03
:1083D0000103D3F802E0D3F80680D3F80A70D3F88B
:1083E0000E6045F801E0C2F804809760D660D3F8CB
:1083F00012E0C2F810E0DB8A93820CF1010C6445B4
:10840000E1DC11F0F5F81CB1204603B0BDE8F083C3
:10841000064A022103480CF0B5FFF5E7F8020020F8
:10842000D41F0400A4DF0300002004002020040067
:1084300070B584B000294BD104460E4620B1072206
:10844000284915F0E9F928BB274BDB79012B45D0EA
:10845000BFF35B8F254B1B68BFF35B8F13F0010FDE
:108460000BD1002300930193029303933CB30722A3
:108470001C49204615F0D0F908B31B4BD879421C93
:10848000DA71054632462146FFF738FFD0B9284653
:1084900004B070BD2046FFF7D7FE00281BDA237812
:1084A000012B04D1A37903F0C003C02BCCD0104A18
:1084B000012110480CF066FF6FF01505E7E76FF03B
:1084C0001505E4E70849CB79013BCB710546DEE7AA
:1084D0006FF01505DBE76FF07705D8E76FF00B0558
:1084E000D5E700BFD8150400F8020020CC03002017
:1084F0004C200400A4DF0300F0B583B0E0B10546D2
:1085000001AA002141F20900FEF7F8FCD8B9019E4A
:10851000F7687C1C06221649204615F07DF928B123
:1085200006221449204615F077F998B9304611F023
:108530005FF8002003B0F0BD0F4A02210F480CF095
:1085400021FF0020F6E70E4A02210C480CF01AFF2A
:108550000020EFE7D7F80130C5F80130A388A5F86F
:10856000053000232B70019811F042F80120E1E75B
:10857000E8150400E01504007C200400A4DF0300DB
:108580009820040000B583B06846FFF7B5FF064B9E
:10859000D87118B9002003B05DF804FB00226946C9
:1085A0001046FFF7ABFEF6E7F802002010B588B0E2
:1085B000184BDC7924BB012102A8FFF7DBFE154B29
:1085C000D87101E00134E4B2124BDB799C4216D23F
:1085D00002AA162304FB03F3D118D358CDF80130B7
:1085E0008B88ADF8053001238DF8003000226946F4
:1085F0002046FFF783FE03460028E3D005E03BB9A1
:1086000000210846FFF714FF0346184608B010BDC6
:108610000023FAE7F8020020002865D0F8B50C46E0
:1086200017461D460346002D61D0067811F4002F31
:1086300010D011F0040F05D10EF064FB08B901232E
:108640002B70F8BD2F4A01212F480CF09BFE6FF0D4
:108650001500F6E711F0010F29D042B111F0200FFB
:1086600005D02A4A92F8D82012F0400F42D0C6EB2B
:10867000C60226498A5C012A0ED0C6EBC606234BE9
:108680009B5D2B70002F38D014F0200F37D043F0B3
:1086900002032B700020D4E7C6EBC6011B4A11442D
:1086A000013118460EF021FB0028E6D0C9E711F091
:1086B000040F14D0C6EBC60214498A5C012A06D006
:1086C0000020C6EBC606114B9B5D2B70B9E7C6EBCD
:1086D000C6010E4A114401310EF007FBF1E70EF01E
:1086E00011FB01232B70ACE76FF0150070476FF0A2
:1086F0001500A6E76FF08500A3E70020A1E70020A2
:108700009FE700BFB8200400A4DF0300F8020020A8
:1087100010B5154BDB792BB1134BDB796BB1002412
:10872000204610BDFFF72EFF04460028F4D00F4A64
:1087300001210F480CF026FEF2E7FFF737FF044651
:1087400058B90C48FFF79CFD04460028E8D00A4AB7
:10875000012107480CF016FEE2E7044A0121044813
:108760000CF010FEDCE700BFF8020020D820040067
:10877000A4DF0300F9020020F8200400004870473D
:10878000100300202DE9F04F83B0064688461546B9
:108790009A464FF0000B5B46D34544D205EBCB091C
:1087A00055F83B700024CDF800B001951DE0204A3B
:1087B000012120480CF0E6FD6FF0150003B0BDE884
:1087C000F08F5FFA82FB591CC9B20BF1010E06F85B
:1087D00005E09D1CEDB27054DCF80410701914F023
:1087E000EBFFAB445FFA8BF30134D9F804209442D9
:1087F00013D207EBC40C9CF8012017F834001D4677
:10880000991802314145DCD99A1CA8EB02020928CB
:10881000CDD1002ACBDD0820D3E7DDF800B0019DE3
:108820000BF1010BB8E70C9A13700020C6E700BFEC
:108830002021040074DF030010B504460078214BAA
:10884000DB79984230D2C0EBC00007221E491D4B95
:10885000184414F0E1FF48B3636813F0010F07D127
:10886000184A92F87020082A02D8A2689F2A1FD9B5
:1088700013F0300F01D02269E2B113F0100F08D1CC
:10888000226932B103F46033B3F5603F18D00120A0
:108890000BE0A268E1688A420ED81F2A0ED9B1F512
:1088A000804FEFD9002000E0002010BD0020FCE741
:1088B0000020FAE70020F8E70020F6E70020F4E7C0
:1088C0000020F2E7F8020020D81504002DE9F0415D
:1088D00005468846044614F8096B194B83F86F6007
:1088E00007221849204614F097FF70B90746164929
:1088F00030460EF0EEFD0446C8B1052100F090FDB3
:10890000C8F800403846BDE8F0812146304601F005
:1089100001F878B9214628780EF0DBFD044660B1F5
:10892000062100F07DFDC8F800400027EAE76FF05F
:108930000B07E7E76FF01507E4E76FF00B07E1E7D8
:10894000F8020020D8150400D015040070B50446C4
:108950000D4600F1090607220D49304614F05CFF70
:1089600078B905220B49207801F05CF804463CB147
:1089700065720021204600F053FD20460EF024FDD4
:1089800070BD06223146207801F04CF80446EEE72F
:10899000D8150400D01504000048704710030020CB
:1089A0002DE9F04F8DB005929846002307930E698C
:1089B000B6EB030B18BF4FF0010BBFF35B8FA14B5E
:1089C0001B68BFF35B8F13F0040F00F0298105468D
:1089D0000C4608460EF0D2FA002800F0248120460A
:1089E0000EF0A9F98246002800F0208105F1100759
:1089F000072138460EF0D5F90490002840F019817F
:108A00000023089309930A93CDF82B30A368ADF89F
:108A10002030E368ADF82230D4F8049048460EF0D8
:108A2000AEF98DF82D0048460EF0A7F98DF82E000E
:108A3000844BBFF35B8F53E8002F22F4005243E8CE
:108A400000210029F7D1BFF35B8F22782A7003F849
:108A5000652C0DF125035A4661682846FFF7DCFDB9
:108A60008146002840F0C18026B323691A68C5F802
:108A700009209A889B79A5F80D20EB7320460EF00B
:108A8000CFFA8346636813F0010F25D006B313F0C5
:108A9000100F19D004238DF8243023691A68CDF8FB
:108AA00026209A889B79ADF82A208DF82C30DDF8A5
:108AB00010A019E0644B1A68C5F809209A889B79C0
:108AC000A5F80D20EB73D9E701238DF82430E4E7F6
:108AD00000238DF8243007E013F4007F01D1169BAA
:108AE00053B302238DF824300F2142F20600FEF723
:108AF000C5F98146002800F09F800F2208A90C309C
:108B000010F0C4FD0022494642F20600FEF7F6F9D5
:108B10008146002869D1BEB1636813F0010F2BD0E4
:108B200007A92846FFF7D2FE30B310F10C0F40F032
:108B30008680DEB1814658E00228D2D003238DF82A
:108B40002430DDF810A0CFE7CDF80CB0CDF808A0A8
:108B500000230193179B0093169B424605992846D4
:108B60000EF081F90028D7D081463EE0626812F00D
:108B7000020F0CD0814638E0012128460EF08CFA15
:108B80000546002835D1079808B10EF01DFC002ECF
:108B90003ED04A4602F001020E2138460EF0FFF99F
:108BA000BBF1010F14BF00220122082138460EF04C
:108BB000F6F9BBF1020F14BF002201220921384649
:108BC0000EF0EDF9626802F001020A2138460EF05B
:108BD000E6F952460B2138460EF0E1F96268C2F31D
:108BE00080020D2138460EF0DAF948460DB0BDE896
:108BF000F08F164A012116480CF0C4FB079828B1E3
:108C0000002100F00DFC07980EF0DEFBA946ECE712
:108C1000636813F0020F01D04A46BBE70122B9E7AF
:108C20006FF00A09E1E76FF01509DEE76FF015094B
:108C3000DBE76FF07709D8E76FF06809D5E7814681
:108C4000D3E700BFCC030020D81504003C2104006A
:108C500074DF03002DE9F04182B006460C4615464C
:108C60001F46FFF78BFDF8B18046089B01930097E4
:108C70002B4622463146FFF793FE064629462046FC
:108C80000EF05CF818B9304602B0BDE8F08108F18A
:108C900018080749404614F027F84FF470220023C3
:108CA000404608F055FBEEE76FF00B06EBE700BF20
:108CB000218D020038B5FFF76FFEB8B105460EF002
:108CC000EFF905F11004BFF35B8F54E8003F23F484
:108CD000804344E80032002AF7D1BFF35B8F0721BD
:108CE00020460EF05EF840B9002038BD0A4A012146
:108CF0000A480CF047FB0020F7E70A2120460EF057
:108D000050F820B9002128460EF09EF9EDE7002129
:108D10002846FFF71BFEF5E75821040074DF030027
:108D200008B5FFF7C7FF00B908BD0346024A022194
:108D300002480CF031FBF7E76C21040074DF0300FC
:108D4000F0B583B0FFF728FE38B1044600F11005F6
:108D50000E2128460EF025F808B903B0F0BD072112
:108D600028460EF01EF806460028F6D10A212846AD
:108D70000EF017F80028F0D001A92046FFF7A6FD55
:108D80000028EAD107221D4904F1090014F044FD2E
:108D9000071E18BF012720460EF010F801460DF1FE
:108DA00003033A462046FFF737FC0346B0B90121DA
:108DB00020460EF071F9B8B901980EF005FB002EAF
:108DC000CBD0BFF35B8F55E8003F43F4804345E8C9
:108DD0000032002AF7D1BFF35B8FBEE7084A0121BA
:108DE00008480CF0D9FAB8E70021019800F018FB08
:108DF0000E2128460EF0F8F80646DDE7D8150400E7
:108E00008C21040074DF0300082816D8DFE800F086
:108E1000051707090B0D0F1113000A4870470A4880
:108E200070470A4870470A4870470A4870470A481E
:108E300070470A4870470A4870470A4870470A480E
:108E4000704700BFCC210400FC210400F021040085
:108E5000082204002022040030220400EC26040032
:108E60004422040054220400DC21040010B50B4B02
:108E70001C6801E09847A4691CB1A368002BF9D1D4
:108E8000F9E7074C00E01C34064B9C4204D2A3686F
:108E9000002BF8D09847F6E710BD00BFF03F002048
:108EA00008DF030024DF030038B505460C4B1C68BF
:108EB00003E0697A28469847A4691CB12368002B0F
:108EC000F7D1F9E7074C00E01C34074B9C4206D26F
:108ED0002368002BF8D0697A28469847F4E738BD14
:108EE000F03F002008DF030024DF030038B505460B
:108EF0000C4B1C6803E0697A28469847A4691CB1AA
:108F00006368002BF7D1F9E7074C00E01C34074BEE
:108F10009C4206D26368002BF8D0697A28469847AD
:108F2000F4E738BDF03F002008DF030024DF030032
:108F300008B50146002343608360C360014813F015
:108F400005FD08BDAC09002010B58AB0044614F038
:108F50006BFE094B1A58094B9A4209D02834204617
:108F600008F0E6F96946204613F08CFE0AB010BD01
:108F700020460EF0D0F8F9E708000000683600201F
:108F800008B514F051FE094B1A58094B9A4207D004
:108F90004FF0FF324FF0FF33064807F0D1FF08BD16
:108FA00000220023034807F0CBFFF8E70800000089
:108FB00068360020AC090020034BB3F804310BB134
:108FC0000248704700207047F8020020000400208B
:108FD0002DE9F04104460D468E69EFF311834021DF
:108FE00081F31288BFF36F8FA6B1002131608769CA
:108FF0006FB13E608661002783F31188BFF36F8FE6
:10900000294620460EF0E4F870B9BDE8F08186618B
:109010004661F1E7876927B10C373968013139605A
:10902000EAE700F11C07F8E70346164A0121164853
:109030000CF0B2F9EFF31188402383F31288BFF3E9
:109040006F8FBEB1314604F114000EF041F888F381
:109050001188BFF36F8F2046FFF7AEFF07F0AAFF1E
:1090600066B10023AB61314620460EF07BF86FF00D
:109070000400CAE73B68013B3B60E8E76FF004008F
:10908000C3E700BFE81C040084DF03002DE9F843B8
:1090900006460D4614461F46FFF78EFF00220023AA
:1090A00007F0B0FF08BBB37A072B2FD134B3194BAD
:1090B000B3F8048104F10C09484610F026FB404542
:1090C00016D9144BB3F80481424655F80C1F484694
:1090D00010F0DCFA4146284610F0FBFA3A462146E9
:1090E0003046FFF775FFBDE8F8836FF06800FAE7D8
:1090F000484610F00AFB1FFA80F8E5E7002200233B
:1091000006F1380010F039FA0446E7E76FF07F0007
:10911000E9E700BFF802002038B500238B4228D2CF
:10912000C82404FB030404F1C4024FF0010CBFF394
:109130005B8F52E800EFBEF1000F03D142E800C59B
:10914000002DF6D1BFF35B8F11D174B1C422002181
:10915000204614F059FB084904F1580013F0C4FDEF
:10916000064904F1280013F019FD204638BD634478
:10917000D4E70024E9E700BFB99B02005B7103005C
:1091800008B501210148FFF7C7FF08BDD825002019
:1091900070B582B004460D46012A21D0022A52D170
:1091A00003693BB1344A012134480CF0EBF8204606
:1091B0000EF06FF8256121690B8A012B4FD9CA681F
:1091C0005078127842EA0022043292B29A4246D88B
:1091D00047D3002323610122204600F05BFF3EE0DD
:1091E000006980B10E8AD6B10C3010F08EFA86423A
:1091F00019D820692A8AE9680C3010F047FA284605
:1092000010F0F6F9D7E71E4A01211C480CF0BAF815
:1092100020460EF03EF8284610F0EAF91FE0084616
:1092200010F0E6F91BE0174A012114480CF0AAF8E7
:1092300000222169204600F02DFF002323612846EB
:1092400010F0D6F90BE013460F4A01210B480CF041
:10925000A3F820460EF01DF8284610F0C9F902B018
:1092600070BD0092094A012104480CF0A0F8204684
:109270000EF00FF8F3E700BF6022040084DF030064
:1092800080220400A0220400C8220400E822040076
:109290002DE9F04383B000AF05460C461E46097A1F
:1092A00091462AB30223994224DCE37A072B29D979
:1092B000AB7A072B6CD1B9F1000F7CD0FFF760FEC1
:1092C000804600287AD0AB7A072B69D1C0F8049089
:1092D00086600023C360A06100262677214605F141
:1092E000380010F081F930460C37BD46BDE8F083F8
:1092F0000123D8E7334A012133480CF043F86FF0DB
:109300001500F1E7A67A6C468AB0694611F11002A1
:1093100038D0142082B10546042803DDDFF8B4C03C
:10932000C1F814C0082D00DD8B610C2D01DD082370
:10933000CB61102D00DD0E62132826DD14233AB117
:109340000520387100207871B871F871786808616B
:1093500000216FF300016FF341016FF382016FF39E
:10936000C501012060F38811C3F30A0363F353219D
:109370006FF31F5100231448F9F75AFCA5466FF00C
:109380001500B1E76FF00040C4E76FF01B03D6E7AC
:109390000E4A01210C480BF0F5FF6FF07F00A3E7A8
:1093A0000B4A022108480BF0EDFF4046FFF7C0FDD5
:1093B0006FF07F0098E70023A3618DE76FF06800EE
:1093C00092E700BF0423040084DF03005823040055
:1093D000682304002823040070B506460E4C20467E
:1093E00014F0DCF9234600220121304614F0A3F9E1
:1093F000012500240CB1284670BD05EB850106EB64
:109400008101C820054B00FB04300DF06CFF00B952
:1094100001350134EEE700BF7C070020D82500208D
:10942000F0B583B000AF0D46867A8E4210D0044668
:10943000817216B98378082B60D1A37A082B00F2C9
:109440002281DFE803F07EDF55555555555E550006
:109450000846FFF7D9FC6D4600233B7102237B7160
:1094600088B06C4614F1100211D00E261AB1042EE9
:1094700001DD884B636100233B7002237B709AB14E
:10948000082E00DDA06104F11C0300210AE06FF04A
:109490000046EBE701F10800384410F8080C03F827
:1094A000010B01310129F5D90D2E24DD0E2342B126
:1094B0000321397100217971B9710121F97178683D
:1094C000206100216FF300016FF341016FF382010E
:1094D0006FF3C501022060F38811C3F30A0363F33D
:1094E00053216FF31F5100236B48F9F7A1FBAD46E1
:1094F0000C37BD46F0BD6FF01B03D8E70DF03DFF04
:109500009BE7A378042BF3D004F1380013F012FA90
:109510000021624808F032FE002323656365E3788A
:10952000012BE5D1A378012B07D04FF42032002383
:1095300004F1580007F004FFDAE7032384F8AC30A5
:10954000F3E7A378042B08D0082ED1D8DFE806F083
:1095500053092D374B4F4153530020460DF034FF34
:10956000C6E72046FFF7F0FCA378012B11D00434A6
:10957000BFF35B8F54E8003F43F0400344E8003200
:10958000002AF7D1BFF35B8F0021444808F0F6FDB5
:10959000AEE704F15805284613F0B2FB10F00C0FAB
:1095A000E5D0284613F0F0FBE1E7637A1BB92046CB
:1095B0000DF00AFF9CE72046FFF776FCF7E7637A99
:1095C0001BB920460DF000FF92E72046FFF76CFC28
:1095D000F7E7637A1BB920460DF0F6FE88E72046D0
:1095E000FFF762FCF7E720460DF0EEFE80E720462D
:1095F0000DF0EAFE7CE72B46294A022126480BF0B3
:10960000CBFE75E7637A3E2B03D020460DF001FEBA
:109610006EE76E4688B06B4613F110022DD00C2118
:109620003AB10846042901DD1E4D5D61082800DDC0
:109630009C610B2924DD0C253AB1032139710021ED
:109640007971B971F9717868186100216FF30001BF
:109650006FF341016FF382016FF3C501022363F3DE
:109660008811C5F30A0363F353216FF31F510023DD
:109670000948F9F7DDFAB546C7E76FF00041CFE7D3
:109680006FF01B05D8E72B46074A022102480BF072
:1096900083FE2DE79023040084DF03007C07002075
:1096A000A4230400BC230400E423040070B5044692
:1096B0000D46024601210A480DF0ACFE064610B1E7
:1096C00083782B4201D0304670BD2346054A0221E3
:1096D00005480BF061FE30460DF076FE0026F2E7FD
:1096E000D82500200024040084DF0300034BC01AA7
:1096F000C010034B03FB00F0C0B27047D825002018
:10970000295C8FC238B504460D4653EA020106D0E3
:1097100014F08AFA0D4908580D4988420BD06CB1F3
:1097200020460FF024FF044650B1691D0C300FF0A5
:10973000A3FF204638BD00221346F0E7054CEFE7B3
:10974000054A022105480BF01DFEF2E70800000063
:1097500068360020C40900201824040084DF0300B8
:1097600070B50446051D092128460DF024FD78B189
:10977000B4F89E30B4F8A020934209D3B4F8A220E4
:10978000934205D8D4F8A420D4F8A8309A4202D045
:10979000184B1D6815E0BFF35B8F55E8003F23F4BD
:1097A000007345E80032002AF7D1BFF35B8FEFE783
:1097B000B4F8A630B4F8A420B4F89E102046B04700
:1097C000AD691DB12E69002EF2D1F9E70A4D00E016
:1097D0001C350A4B9D420BD22E69002EF8D0B4F8EE
:1097E000A630B4F8A420B4F89E102046B047EFE7A6
:1097F00070BD00BFF03F002008DF030024DF03003E
:1098000038B505460D4B1C6804E005F1BC0128463F
:109810009847A4691CB16369002BF6D1F9E7084C9D
:1098200000E01C34074B9C4207D26369002BF8D040
:1098300005F1BC0128469847F3E738BDF03F00200A
:1098400008DF030024DF0300F8B506460D4608468E
:109850000DF0D7F9074638B3154B1C6800E0A46932
:109860006CB1E368002BFAD0294630469847D0B156
:1098700028460DF0C6F90028F1D1074614E00D4C3A
:1098800000E01C340C4B9C420ED2E368002BF8D055
:1098900029463046984748B128460DF0B2F90028CD
:1098A000EFD1074600E007463846F8BD0746FBE71C
:1098B000F03F002008DF030024DF0300024B1A689A
:1098C00082611860704700BFF03F0020F8B507467E
:1098D0000E46002414B100252846F8BDC8200C4BC4
:1098E00000FB04300DF049FD054670B18378012B73
:1098F00009D1324639460DF007FE0028ECD1284642
:109900000DF062FD01E00DF05FFD0134E2E700BF04
:10991000D8250020F0B583B000AF0C46FFF7D6FF86
:1099200018B900200C37BD46F0BD05462046FCF7AF
:109930007BFB0646A87AFFF767FA03466C460122CE
:109940003A7103227A710222BA710422FA718AB042
:10995000EC461CF1100225D04FF0180E52B17146A2
:10996000BEF1040F02DD2D48CCF81400082901DDFA
:10997000CCF81850012139700321797022B1BEF161
:109980000C0F01DDCCF81C600221B9700421F970C4
:10999000AAB1BEF1100F01DDCCF820300CF1240388
:1099A00000210AE06FF0004ED8E701F108003844CA
:1099B00010F8080C03F8010B01310329F5D9BEF1A9
:1099C000170F27DD18234AB105213971002179715C
:1099D000B9710221F9717868CCF8100000216FF399
:1099E00000016FF341016FF382016FF3C5010220A3
:1099F00060F38811C3F30A0363F353216FF31F511C
:109A000000230748F9F714F9A54628460DF0DCFCB9
:109A1000012087E76FF01B03D5E700BF4424040053
:109A200084DF03002DE9F04180460F4616460025ED
:109A30001DB100242046BDE8F081C820104B00FB7A
:109A400005300DF09AFC044688B18378012B10D1C3
:109A500027B13A4641460DF057FD68B1A37AB342AB
:109A600002D1237A4345E5D020460DF0ADFC013507
:109A7000DEE70DF0A9FCFAE720460DF0A5FCF6E7BD
:109A8000D825002070B504460D4683780B70C37846
:109A90004B70037A8B70807A0DF02AFB85F82000DA
:109AA000002685F8236020460DF011FD85F8210081
:109AB00085F82260A378012B3CD104F18803AB60C8
:109AC000237AC3EBC3031F4A13446B60E37853BB91
:109AD00004F18F03EB6004F196032B61B4F89E3020
:109AE000AB82B4F8A430EB82B4F8A6302B8304F137
:109AF000BC03EB61D4F8B83033B15B7B13F0100FCB
:109B000002D0012385F82330D4F8B830ABB15B7BA9
:109B100013F0200F13D095F8233043F0020385F89B
:109B2000233000200CE004F19603EB6004F18F0376
:109B30002B61D3E76FF0150002E0002000E0002069
:109B400070BD00BFF802002038B504460D46084637
:109B50000DF057F850B3174B93F8D83013F0020FAD
:109B600004D094F8AD3013F0020F13D1E378C3B9E9
:109B7000294620460DF004FDB8B92B88A4F8A03082
:109B80006B88A4F8A230AB88A4F8A830EB88A4F8BE
:109B9000AA300AE00A21201D0DF00DFB0028E5D1B6
:109BA000E6E7294620460DF01AFE38BD6FF0150095
:109BB000FBE700BFF802002070B584B0A0F15805A3
:109BC00010F84E3CE3B3044610F8563C012B35D157
:109BD000A0F15406092130460DF0D1FA00283FD0FB
:109BE000B4F84830ADF80030B4F84A30ADF802307F
:109BF000B4F85030ADF80430B4F85230ADF8063057
:109C000069462846FFF7A0FF034618BBBFF35B8FEA
:109C100056E8003F23F4807346E80032002AF7D16B
:109C2000BFF35B8FBFF35B8F56E8003F43F08003C9
:109C300046E80032002AF7D1BFF35B8F04B070BD55
:109C400028460DF053FD2846FFF750F928460DF041
:109C5000BBFBF3E7124A022112480BF09DFBE1E740
:109C6000114A02AB92E8030083E803001946284634
:109C7000FFF76AFF034660B9BFF35B8F56E8003F0A
:109C800043F4807346E80032002AF7D1BFF35B8FBC
:109C9000C8E7064A022103480BF07EFBC2E700BF7B
:109CA0008024040084DF030088E10300A82404006A
:109CB00008B501460148FFF725FD08BD480A002008
:109CC0002DE9F04105460C460A8A1E4BB3F80431D3
:109CD0009A4201D80B7FC3B1237F0BBB0026228A97
:109CE000184BB3F804319A421CD9214628460DF08E
:109CF000B7FC074610B33346024621462846FFF715
:109D0000C5F9804638B90126E9E702230022FFF7AA
:109D1000BDF980460FE0267738460FF069FC0AE06F
:109D20000126DCE70123237703230022214628466E
:109D3000FFF7ACF980464046BDE8F0816FF00B08B4
:109D4000F9E700BFF802002070B50446837A23B912
:109D5000062104300DF013FAA8B904F1380012F00E
:109D60000CFE054698B128460FF05CFC05460146FE
:109D70002046FFF7A5FF064628460FF039FC16F1EE
:109D8000050F14D070BD20460DF08CFAFAE74FF4A1
:109D900077730D4A0D490E480AF0A5FD002383F3A1
:109DA0001188BFF36F8F0323184602DFDBE7AE692C
:109DB0000023AB6128460FF01BFC002EE2D0314699
:109DC00020460DF0CFF9DDE7D4240400242E040052
:109DD000DC18040010B50C4812F0ACFD002406E0BD
:109DE0000A4901EB0411084812F0B0FD01340B2CB4
:109DF000F6D90EF00DFB0FF04FFB044608B12046DC
:109E000010BD0DF00CFDFAE7AC090020303F00203A
:109E100005490A78531CDBB20B700BB902320A7089
:109E2000014B1878704700BF984A002008B50B8A8C
:109E3000012B00D908BD034A012103480BF0A2FA07
:109E4000F8E700BF2C250400ACDF0300F0B583B0B9
:109E500000AF05460020C0B36C4688B06B4613F1D6
:109E6000100243D00C213AB10846042901DD224EEC
:109E70005E61082800DD9D610B293ADD4FF00C0C76
:109E80003AB10321397100217971B971F97178689A
:109E9000186100216FF300016FF341016FF382013C
:109EA0006FF3C501012363F38811CCF30A0C6CF343
:109EB00053216FF31F5100231048F8F7B9FEA54650
:109EC0006FF00B000C37BD46F0BD00EB40031B01EB
:109ED0000B4AD3580BB10130BDE700EB4002084BF1
:109EE00003EB0213074A5A600B60EBE76FF0004187
:109EF000B9E76FF01B0CC3E748250400ACDF030093
:109F0000F43F00209826040010B591B10B461031A3
:109F10004FF0000CBFF35B8F51E800EF41E800C445
:109F2000002CF9D1BFF35B8F19460DF0CEFB012059
:109F300010BD034A012103480BF024FA0020F7E783
:109F400070250400ACDF030030B583B00546194C22
:109F500000E00C34184B9C422AD2636801A92846C1
:109F600098470028F5DB019923888B828B84A268AF
:109F70002846FFF7C9FFD8B1019843681B6803B1B1
:109F80009847019B1033BFF35B8F53E8001F41F0EC
:109F9000010143E80012002AF7D1BFF35B8F01985B
:109FA0004368DB69002BD4D000F110019847D0E75B
:109FB00003B030BDE4DE030008DF0300F8B504465B
:109FC0000E4615464FF480320023002108460DF05E
:109FD000A8FB074640B104210C300FF051FB047080
:109FE000467045803846F8BD2346034A01210348A0
:109FF0000BF0D2F9F6E700BF94250400ACDF0300B4
:10A0000070B582B00B8A032B17D906460C46042183
:10A0100004F10C000FF065FB05464288238A934249
:10A0200013D14378C3B10378012B0BD0132B19D173
:10A0300021463046FFF7FAFE04E0114A012111489B
:10A040000BF0A0F9002002B070BD00920E4A012171
:10A050000C480BF0ACF9F5E70C4A012109480BF06C
:10A0600091F9EFE70A4A022106480BF095F9697861
:10A0700000220092134630680DF07FFBE2E700BF3C
:10A08000BC250400ACDF0300DC250400002604002E
:10A0900024260400F8B50C460B8A032B11D905467B
:10A0A0001646042104F10C000FF01BFB47883946CB
:10A0B00028460DF082FB68B1324621460DF0E9FAE0
:10A0C000F8BD094A012109480BF05CF920460FF060
:10A0D0008FFAF5E73B46064A022104480BF05CF98B
:10A0E00020460FF085FAEBE74C260400ACDF0300B6
:10A0F0006C260400522833D81B2821D3A0F11B035F
:10A10000372B2FD8DFE803F0372E393B2E2A352E98
:10A11000372E2E2E2E2E2E2E2E2E2E2E2E2E2E2E56
:10A120002E2E2E2E2E2E2E2E2E2E2E2E2E2E2E2E4F
:10A130002E2E2E2E2E2E2E2E2E2E2E2E2E2E2E333A
:10A1400019280FD843B26BB101238340104A1A403B
:10A15000BAB9104A1A402AB101207047012070474D
:10A16000D22810D010F0400F0FD1062070470020E9
:10A170007047022070470320704705207047042075
:10A18000704702207047002070470020704700BFD2
:10A19000AAAA8A02545545012DE9F0410346806878
:10A1A00050F8342BD2F80080DD68DE881F6900216A
:10A1B0000DF0CEFB10B175B100240AE0074A012171
:10A1C00007480BF0DFF806E039464046A84701345F
:10A1D000A4B2A642F8D8BDE8F08100BFCC260400A6
:10A1E0007CDF030010B58468002104F134000DF019
:10A1F000AFFB48B1A36B33B14FF47022002304F1DD
:10A20000580007F0A5F810BD024A012102480BF0E2
:10A21000B9F8F8E7CC2604007CDF030010B5837A98
:10A22000072B0DD104210DF0C8FA044678B10021A6
:10A2300030300DF08DFB80B154F8044C204610BD39
:10A24000094A022109480BF09DF80024F6E7084A64
:10A25000012106480BF096F8F0E7064A0121034871
:10A260000BF090F80024E9E7E82604007CDF030007
:10A27000F8260400CC260400F0B583B000AF0546F4
:10A280000E46436A03B1883B7B60002202E0013244
:10A2900005E07B607C686CB12368AB42F7D0012A93
:10A2A00077D014F18803F4D0D4F88830002BF0D0A4
:10A2B000883BEEE700220023391D384806F050FDA8
:10A2C00030BB7C6890220021204613F09DFA344B6D
:10A2D000A36004F13C0012F02DFB7B683433BFF324
:10A2E0005B8F53E8002F43E800610029F9D1BFF3E9
:10A2F0005B8F7B681D60796828460DF03CFB7C68AD
:10A3000020460DF0B0FA00283FD0F523638341E0EA
:10A310002D686E4688B06B4613F110022FD00C21C9
:10A320004AB10846042903DDDFF87CC0C3F814C035
:10A33000082800DD9D610B2924DD0C253AB103219D
:10A34000397000217970B970F9703868186100218E
:10A350006FF300016FF341016FF382016FF3C501E9
:10A36000022363F38811C5F30A0565F353216FF3E4
:10A370001F5100230B48F8F75BFCB5460AE06FF06D
:10A380000041CDE76FF01B05D8E717236385638392
:10A3900000E0002420460C37BD46F0BD2009002017
:10A3A0008C0700207CDF0300142704002DE9F04116
:10A3B00082B000AF80460C4600220023391D32488F
:10A3C00006F0CEFC00BB054613F02EFC2F4B1A58AE
:10A3D0002F4B1A607E682C220021304613F014FAAD
:10A3E000C6F8008078680021416081604162816226
:10A3F000FFF742FF0346002843D00433236028467A
:10A400000837BD46BDE8F0816D4688B06B4613F154
:10A41000100230D00C2142B10846042901DD1D4C48
:10A420005C61082801DDC3F818800B2926DD0C24A7
:10A430003AB10321397000217970B970F970386828
:10A44000186100216FF300016FF341016FF3820186
:10A450006FF3C501012363F38811C4F30A0464F3A5
:10A4600053216FF31F5100230B48F8F7E1FBAD4672
:10A470006FF00B05C3E76FF00041CCE76FF01B04F2
:10A48000D6E76FF00B05BAE70409002008000000CA
:10A49000444100203C2704007CDF030008B5011F75
:10A4A000014812F06BF908BD200900202DE9F041A8
:10A4B00084B005460E461446176800238DF8083010
:10A4C0004FF42053ADF80A3002A900680CF0ABF944
:10A4D00058B100238DF80C3042F60103ADF80E3070
:10A4E00003A928680CF09FF950BB616828680CF03C
:10A4F0009AF968BBE36893F80080B8F1000F07D0C1
:10A5000038460DF0B2F9A3681B8AC01A404525DB16
:10A51000A06804210C300FF0B3F820610680236995
:10A520005E800194104B00930023A26829463846B0
:10A530000DF0DBFA002813DB23699BB101200AE050
:10A5400023691BB15A88B24200D25E80012002E02A
:10A5500000232361012004B0BDE8F0810020FAE768
:10A560000020F8E70020F6E7EB7803002DE9F04340
:10A5700083B0054688461446D2F80090D9F8047096
:10A58000516800680CF04FF920B10126304603B045
:10A59000BDE8F0839522294638460EF0BDFD0646FB
:10A5A000207538B9294638460DF088F948B908238E
:10A5B0002375EBE7E3681B780BB1002323750026B6
:10A5C000E4E700272775A0680FF030F802210C306F
:10A5D0000FF056F82061A0F800800194114B009311
:10A5E0003B46A268294648460DF07FFA002808DB62
:10A5F0002369002BCAD048460DF037F9A368002222
:10A6000006E00DF053F92075C0E7198A0A445B682B
:10A61000002BFAD1861AE3681B789E4294BF00266D
:10A620000126B3E7C17803002DE9F04F93B005464A
:10A630000E4614461768D7F8048000238DF8403082
:10A6400042F60103ADF8423010A900680CF0EBF8B7
:10A6500028B90023A360012013B0BDE8F08F0023C8
:10A660008DF844304FF42053ADF8463011A92868D6
:10A670000CF0D9F840B938460DF0F7F8014660689B
:10A6800003464FF0000C0AE0A3681BB15A88B2429F
:10A6900000D25E800120DFE71A8A94445B68002BB9
:10A6A000FAD1A1EB0C03032B01D80020D4E70EF064
:10A6B000BDFF814638460DF0D8F86368002202E0FD
:10A6C000198A0A445B68002BFAD1A0EB020A09F14F
:10A6D0000C0B58460FF019F882452DD238460DF074
:10A6E000C4F86368002202E0198A0A445B68002B00
:10A6F000FAD1801A20B36F680023009310230CAAAC
:10A7000029464046B847051EA3DB227CAA4227D132
:10A710002A460CA9E06813F07FF8002899D100239D
:10A720006374042109F10C000EF0AAFFA0600680FA
:10A73000A3685E8001208FE758460EF0E6FFD9E758
:10A740006368987A02F0ECF8002200230EF00FFF05
:10A750008146002880D0014660680EF078FFCAE785
:10A76000E16807A80CF07DF860B1EAB20CA902A874
:10A770000CF077F868B102A907A80CF054F800288B
:10A78000CDD066E7237C064A022106480AF004FE83
:10A790005FE72B46044A022102480AF0FDFD58E714
:10A7A000642704007CDF03008427040010B50446FE
:10A7B000043804F13003BFF35B8F53E8001F41F00E
:10A7C000010143E80012002AF7D1BFF35B8F0DF0BF
:10A7D000FFF8044904F1540012F086FA206801F0F1
:10A7E000E1FF10BD49B20200F0B58BB004460D4642
:10A7F00016460378032B38D8DFE803F002212B310B
:10A800001D4B93E803000790ADF82010090C8DF85C
:10A81000221063792279E178A07867780DF11C0C19
:10A82000CDF814C004970390029101920093A3798C
:10A83000124A3146284608F043F80BB0F0BD104BE1
:10A8400093E803000790ADF82010090C8DF8221052
:10A85000DFE70C4A07AB07CA03C31A80D9E70A4AE5
:10A8600007AB07CA03C31A80D3E7084A0A2107A81F
:10A8700008F026F8CDE700BF6CEF03007CEF030083
:10A8800074EF0300A0EF0300ACEF03007428040092
:10A8900008B50EF048FE00EB4000024B03EBC00091
:10A8A00008BD00BF244000202DE9F04184B00746D8
:10A8B0000C460846FFF7ECFF0546D0F80880E6682E
:10A8C000002107F134000DF043F868B3E3681B780A
:10A8D0002B7100232B603378D22B2DD004F10C0088
:10A8E0000EF00FFFADF80C00238AADF80E30AF600C
:10A8F0003B68186800230093224604210CF016FFE1
:10A90000064668B110F1690F27D06369BDF80C20C5
:10A910001344E360BDF80E302382C5F808802E6032
:10A92000304604B0BDE8F0810F4A01210F480AF01B
:10A9300029FD6FF01506F3E73B68214618680EF015
:10A94000A8FD06460028C9D0094A012107480AF097
:10A9500019FD20460EF04CFEE2E7064A01210348AD
:10A960000AF010FDD1E700BFCC2604007CDF030015
:10A97000A4270400B827040038B504460079FFF77F
:10A98000B9FB0546A068E0B10368D3B11B68C3B149
:10A9900023684BB90CF067FF60B1052D11D8DFE8D3
:10A9A00005F0110D1011100D084A012108480AF098
:10A9B000F3FC06E020460DF01EFBEEE72046FFF715
:10A9C00011FC38BD2046FFF7E7FBFAE7DC2704005F
:10A9D0007CDF030070B582B006460C46551C0CF0B7
:10A9E00044FF85420BD82046FFF784FB02280FD096
:10A9F00004280DD04FF0FF324FF0FF330BE00095ED
:10AA00000346114A022111480AF0D1FC002511E049
:10AA10004FF47022002300210D480CF082FE054601
:10AA200058B1FFF735FF8660012105F10C000EF0EB
:10AA300027FE0470284602B070BD2346054A012156
:10AA400002480AF0A9FCF5E7FC2704007CDF0300BC
:10AA5000F0090020942504002DE9F04182B006465B
:10AA60000D46071F38460CF059FF2B8A7BB18046F4
:10AA7000012105F10C000EF034FE044698F80A306E
:10AA8000072B09D156F8043C33B1002309E0244ACE
:10AA9000012124480AF076FC002002B0BDE8F081D4
:10AAA00001331D2B1DD894F800C01F4A12F8332023
:10AAB0009445F5D11C4E06EBC3062B8A727893425F
:10AAC00024D37368294638469847B378012BE3D1DD
:10AAD0000028E1D003460022217838460DF016FB0D
:10AAE000DAE72378114A02210E480AF055FC24784F
:10AAF0002046FFF7FFFA0028CED00528CCD0062349
:10AB00000022214638460DF001FBC5E7227800926D
:10AB1000074A012103480AF04AFC0420D5E700BF98
:10AB2000242804007CDF0300CC2804004028040013
:10AB30005C2804002DE9F0418AB0044616461D4603
:10AB400003688846003918BF012118680EF02CFCF4
:10AB500028B175B9012738460AB0BDE8F081032154
:10AB600004F134000CF0A8FF08B10027F3E7122726
:10AB7000F1E7002304930593069307930893099341
:10AB80003EB11A4631462046FFF724FF05900028C3
:10AB90003AD023681B6804938DF81880BDF84030C4
:10ABA000ADF82230119B0793BDF84830ADF8203046
:10ABB00001238DF8243004AB0293144B019300223F
:10ABC000009213462946284600F086FF9DF824701F
:10ABD00037B905990029BED020460DF048FABAE7EA
:10ABE00026B9B8F1180F0CD00027B4E705980EF07D
:10ABF000FFFC9DF824302A46414620460DF086FA97
:10AC0000EFE79DF82470A6E71127A4E7417A030037
:10AC10002DE9F04188461746FFF700FB044610B3C4
:10AC2000446A1CB3883C14F1880607D0D4F88860C5
:10AC300026B1883E02E0334634461E46C4B17D1C30
:10AC400020460CF012FE854207D9002EF3D0D6F82C
:10AC50008830002BF0D0883BEEE73A46414620464C
:10AC6000FFF7B8FE04462046BDE8F0812646E5E73A
:10AC70007B1C034A022103480AF08EFBF3E700BF66
:10AC80007C2804007CDF0300F8B504460F464FF42F
:10AC90007022002311480EF06AFC0646A0B120463F
:10ACA0000CF0E1FDB8B9092106F10C0528460EF0BB
:10ACB000E3FC3046FFF7ECFD8460012128460EF0EE
:10ACC000DFFC07703046F8BD3B46054A01210548C8
:10ACD0000AF062FBF6E70B21E6E700BFF00900206F
:10ACE000942504007CDF03002DE9F0418AB005467D
:10ACF000884616461F460024059406940794089437
:10AD000009941121FFF7C0FF079050B30595CDF8C6
:10AD1000188001210C300EF0B3FC0890224604701C
:10AD2000099405AB0293104B0193009423463946D6
:10AD3000304600F0D1FE089B1C7844B107992846A4
:10AD40000DF095F9002420460AB0BDE8F08107987F
:10AD50000EF04EFC0A233246102128460DF0D6F99B
:10AD6000F1E71124EFE700BFADA4020070B588B091
:10AD700006460D460368012118680EF015FB50B910
:10AD8000032106F134000CF097FE10B1002008B04A
:10AD900070BD1220FBE700230493059306930793ED
:10ADA00021213046FFF770FF069058B304962B8A96
:10ADB000012B21D905F10C000EF09BFC0446012368
:10ADC0008DF81C3004AB02930F4B019300220092CC
:10ADD0001346014600F080FE9DF81C30002BE6D0A3
:10ADE00006980EF005FC9DF81C30224620213046C6
:10ADF0000DF08CF90020CAE7069930460DF037F9BE
:10AE00000020C4E71120C2E74D7C030070B588B074
:10AE100006460D460368012118680EF0C5FA50B9C0
:10AE2000032106F134000CF047FE10B1002008B0F9
:10AE300070BD1220FBE7002304930593069307934C
:10AE40000F213046FFF720FF069058B304962B8A57
:10AE5000012B21D905F10C000EF04BFC0446012317
:10AE60008DF81C3004AB02930F4B0193002200922B
:10AE70001346014600F030FE9DF81C30002BE6D052
:10AE800006980EF0B5FB9DF81C3022460E21304688
:10AE90000DF03CF90020CAE7069930460DF0E7F8BE
:10AEA0000020C4E71120C2E7CD7C0300F0B589B0D3
:10AEB00004460F4616461D460368012118680EF029
:10AEC00073FA20B16DB90126304609B0F0BD0321F7
:10AED00004F134000CF0F0FD08B10026F4E712266E
:10AEE000F2E7002304930593069307933146204627
:10AEF000FFF7CAFE069030B30494BDF83830ADF8C1
:10AF0000143001238DF81C3004AB02930F4B0193D6
:10AF10000022009213462946284600F0DDFD9DF8E8
:10AF20001C6026B9069920460DF0A1F8CCE70698DA
:10AF30000EF05EFB9DF81C302A46394620460DF087
:10AF4000E5F80026C0E71126BEE700BFCD7C030070
:10AF50002DE9F0418AB00546884616461F46002472
:10AF60000494059406940794089409940921FFF722
:10AF70008BFE069068B30495CDF8148001210C3047
:10AF80000EF07EFB0790224604700A238DF82430D1
:10AF900004AB0293104B019300942346394630468C
:10AFA00000F09AFD9DF824403CB9069928460DF022
:10AFB0005EF820460AB0BDE8F08106980EF018FB56
:10AFC0009DF824303246082128460DF09FF80024D1
:10AFD000EFE71124EDE700BF6DA502002DE9F04178
:10AFE0008AB005460E4617469846002405940694F6
:10AFF0000794089409940721FFF746FE069060B372
:10B00000059522460794CDF820809DF840308DF8B4
:10B0100024300A238DF8253005AB0293104B0193A1
:10B02000009423463946304600F056FD9DF82540F1
:10B030003CB9069928460DF01AF820460AB0BDE83A
:10B04000F08106980EF0D4FA9DF82530324606219C
:10B0500028460DF05BF80024EFE71124EDE700BF70
:10B0600029A6020070B588B004460E461546002396
:10B0700004930593069307930521FFF705FE0590BA
:10B08000F8B1049404AB02930F4B01930022009299
:10B0900013462946304600F01FFD069B33B1059943
:10B0A00020460CF0E4FF002008B070BD05980EF0BB
:10B0B0009FFA0A233246042120460DF027F800208B
:10B0C000F2E71120F0E700BF2F7D030000B583B049
:10B0D00002460B460021019112F0A6FD0C490958C9
:10B0E0000C48006888420DD001A90B4805F038FED5
:10B0F00058B901980023036043608360C36003B0C4
:10B100005DF804FB00221346EEE70020F7E700BFDE
:10B1100008000000444100203C09002010B504460E
:10B12000806818B10EF064FA0023A360214602483B
:10B1300011F024FB10BD00BF3C0900202DE9F047B1
:10B1400082B004460F4691461E46583011F01CFE50
:10B15000A06BF0B1144B984222D045684FF0000A22
:10B16000C0F804A0A06BD0F80C80FFF7D7FFC4F89C
:10B1700038A020680CF0A1FE3DB123681868CDF816
:10B1800000804B463A463146A847002002B0BDE851
:10B19000F087064A022106480AF0F4F80025E8E79D
:10B1A0000025A563E5E700BF48410020982804007A
:10B1B0007CDF030008B5CA68836B4BB107498B423B
:10B1C00008D0D37843B100221146FFF7B7FF08BD7E
:10B1D0000E23F8E70E23F6E70E23F4E7484100209C
:10B1E00070B582B0054602E018460EF001FA002262
:10B1F000002305F10C000EF0C0F903460028F3D13E
:10B200000CE0AB6011E0E368009300231A466FF096
:10B2100067012868B0472046FFF780FF6C6844B19B
:10B2200023686B60AA68A242EBD06668002EEAD160
:10B23000F1E700232B602946024811F09FFA02B083
:10B2400070BD00BF04090020B0B58AB000AF04464D
:10B2500050F8583C18680CF07EF91E2207F10801DE
:10B26000FFF7C2FA6D4600233B7102237B7188B061
:10B27000EC461CF1100215D00E2022B1042802DD8C
:10B28000264BCCF8143000233B7002237B70B2B104
:10B29000082803DD07F10803CCF818300CF11C0373
:10B2A00000210AE06FF00040E7E701F1280EBE44FC
:10B2B0001EF828EC03F801EB01310129F5D90D281E
:10B2C00029DD0E234AB10321397100217971B97149
:10B2D0000121F9717868CCF8100000216FF30001AA
:10B2E0006FF341016FF382016FF3C501012060F339
:10B2F0008811C3F30A0363F353216FF31F51002333
:10B300000748F7F795FCAD46A4F154000DF046F957
:10B310002837BD46B0BD6FF01B03D3E7B02804004B
:10B320007CDF030008B5836B8B4201D0002008BD91
:10B33000034B83630846FFF7F1FE0120F7E700BFE8
:10B34000484100208068034B984214BF0020012030
:10B35000704700BF7DB50200064B1A68C0F8012097
:10B360009A889B79A0F80520C3710023037003819C
:10B37000704700BFD8150400044B1A68C0F80120BC
:10B380009A889B79A0F80520C3717047D8150400EE
:10B3900070B50646002414B10025284670BD0D4D39
:10B3A00005EB041566B123010A4901EB04120132D1
:10B3B000C95C30460CF0A8F80028EED10134EAE769
:10B3C000284607220449013012F026FA0028F5D158
:10B3D000E3E700BF74410020D815040070B50646AD
:10B3E0000D4600240CB1002070BD04EB44030C4A50
:10B3F00012F823309E4201D00134F3E704EB4403FA
:10B4000002EB830007222946013012F005FA0028DA
:10B41000F2D104EB4404024800EB8400E4E700BFEF
:10B4200084410020F8B507460D46002414B10026DB
:10B430003046F8BD04EB840605EB460667B104EB25
:10B4400084033246013215F8131038460CF05CF8CC
:10B450000028EDD10134E9E704EB840005EB40005E
:10B4600007220349013012F0D7F90028F2D1DFE7B3
:10B47000D815040070B50646002414B100252846EE
:10B4800070BD0D4D05EB041566B123010A4901EBB2
:10B4900004120132C95C30460CF036F80028EED1B7
:10B4A0000134EAE7284607220449013012F0B4F9D2
:10B4B0000028F5D1E3E700BF9C410020D815040027
:10B4C0000D4BBFF35B8F53E8002F42F0020143E8BE
:10B4D00000100028F7D1BFF35B8F12F0020F0AD1E2
:10B4E000064B05E05A680649088802440A8008337A
:10B4F000044A9342F6D370479041002024DF0300B2
:10B500006E4A002044DF0300F8B506460F46154694
:10B510001C46FFF763FF844670B1BCF8083013B9CE
:10B52000BCF80A30F3B123462A460CF10A010CF1AB
:10B5300008000DF03FF9F8BD0D49FFF74FFF8446B5
:10B5400050B1034603F8016B3A68C0F80120B9888E
:10B55000BA7999809A71E0E7064A0121064809F014
:10B5600011FFE8E7ACF80850ACF80A40E3E700BF89
:10B57000D8150400D429040094DF03002DE9F84312
:10B580001C46BDF82030CF68002B50D181460E46B6
:10B59000631E9BB2012B4DD8012C1DD95378157811
:10B5A00045EA032539464846FFF73CFF8046A8B1E7
:10B5B0003B6943B12A46314648469847002809DB93
:10B5C0000138012839D8A8F808507B899D4225D137
:10B5D0004DB32046BDE8F8831578E3E70DB9204662
:10B5E000F8E739460020FFF71DFF804670B1D9F813
:10B5F0008830C0F80130B9F88C2099F88E30A0F866
:10B600000520C37199F808300370D1E70C4A022174
:10B610000C4809F0B7FE6FF01000DBE73946304602
:10B620000DF024F9D4E74046FFF796FED1E76FF01E
:10B630000600CFE76FF00C00CCE76FF00D00C9E714
:10B64000F429040094DF03002DE9F0411E46BDF803
:10B650001830012B30D804461746B0463344012B2E
:10B660002DD8FFF795FE0546C8B132463946284623
:10B670000DF0C2F830B3D4F88830C5F80130B4F812
:10B680008C2094F88E30A5F80520EB71237A2B706E
:10B69000012128460DF040FA4046BDE8F081FFF751
:10B6A00077FE05460028E0D1084A0221084809F043
:10B6B00069FE6FF01008EFE76FF00608ECE76FF037
:10B6C0000C08E9E76FF01208E6E700BF102A040053
:10B6D00094DF0300F8B507460E46069D05F11403F6
:10B6E000BFF35B8F53E8001F21F0040143E8001211
:10B6F000002AF7D1BFF35B8F8EB92B8A23B92C6850
:10B700001A4629463846A04730460DF0C7F8044689
:10B710006B6823B32A46014638469847F8BD384639
:10B72000FFF7A8FE01460028F8D0836813B11C6813
:10B7300000220AE01C46FBE72B4638460DF0D3F802
:10B74000E2E720461A4623460446002BDCD005F1EA
:10B75000180C9C45F0D0002CF3D02068F2E7AB68C1
:10B76000002BDBD0054A0221054809F00BFEAB682F
:10B770000022214638469847D0E700BF3C2A040003
:10B7800094DF030038B5044600F188052946007AA5
:10B790000BF0A1FA38B92946207AFFF71FFE08B14D
:10B7A0000DF00AFA38BD2946207A0DF00AFA034650
:10B7B0000028F7D0024A0121024809F0EDFDF1E727
:10B7C000742A040094DF030010B50446164BBFF33F
:10B7D0005B8F53E8002F22F0020243E8002100298A
:10B7E000F7D1BFF35B8FBFF35B8F1B68BFF35B8F3A
:10B7F00013F0010F04D120460CF06CFF30B910BDDE
:10B8000000220023094805F0A3FDF4E72046FFF7D6
:10B81000BFFD0028F3D0027A12F0010FEFD0012112
:10B820000DF07AF9EBE700BF582700202827002009
:10B830002DE9F04F83B005461646FFF783FD0090D3
:10B8400078B1EF687B8963B10024A1466CB1B9F18E
:10B85000000F06D100237B81FB6813B1002128462D
:10B860009847012003B0BDE8F08F04EB840807EB94
:10B870004808B8F80830CBB104EB840308F1010A9A
:10B88000524617F8131030460BF03EFE98B904EB01
:10B890008403514617F81300FEF718F8034628B141
:10B8A000827A072A04D018460BF08EFD0134CDE7CA
:10B8B000DDF80090F7E706F1880301931946307A26
:10B8C0000BF009FA50B90B4B9F4203D04046FFF7EB
:10B8D00043FDEBE73046FFF755FFF7E7D6F8883032
:10B8E000C8F80130019B9A889B79AAF804208AF84D
:10B8F0000630DBE7CC07002000B585B00A460123FF
:10B9000002930423019308230093034B03490DF092
:10B91000C8F905B05DF804FB678E0300819203004F
:10B9200000B585B00A464B68012102918B40019316
:10B9300020230093034B04490DF0B3F905B05DF8E3
:10B9400004FB00BFE18D03006B8D030000B585B0E3
:10B950000A464B68012102918B4001930E2300930C
:10B96000034B04490DF09DF905B05DF804FB00BFE1
:10B97000078E03003989030000B585B00A4601230C
:10B980000293042301930C230093034B03490DF00E
:10B9900088F905B05DF804FB538D03008192030024
:10B9A00000B585B08C4611460CF11403BFF35B8FD4
:10B9B00053E800EF4EF0080E43E800E2002AF7D10A
:10B9C000BFF35B8F0123029304230193122300939F
:10B9D000034B62460DF065F905B05DF804FB00BF4E
:10B9E0002D8E03000B4B1A68C0F801209A889B79B2
:10B9F000A0F80520C371002303720C30BFF35B8FE6
:10BA000050E8002F40E800310029F9D1BFF35B8FE7
:10BA1000704700BFD8150400114BBFF35B8F53E88C
:10BA2000002F42F0010143E800100028F7D1BFF3D6
:10BA30005B8F12F0010F00D0704710B5FFF740FD8B
:10BA4000084C0949204611F04FF94FF4A472002325
:10BA50002046FAF711FB0549054811F045F910BDDC
:10BA600090410020B026002009910300FDBE020095
:10BA70002827002028B38446008A38BB70B4144DB0
:10BA8000012203E06B6813449AB20835114B9D42C2
:10BA90001AD22C686445F5D86E6806EB86039B00C5
:10BAA000143B23446345EDD300239E42EDD903EBC1
:10BAB000830104EB8101614505D00133013292B26B
:10BAC000F3E700207047104670BC7047704700BF16
:10BAD00024DF030044DF03002DE9F04F89B08246E4
:10BAE000079190469946139FDDF850B0BDF8483055
:10BAF0001BB94FF6FF73ADF848301C4B1B885345FC
:10BB00002CD209B0BDE8F08F8CB20836184B9E429B
:10BB1000F7D27368E118B942F6D300250697736827
:10BB2000AB4219D905EB8500CDF810B0CDF80CA0CB
:10BB300012AB0293CDF80490CDF80080079B069AD3
:10BB40002146376807EB80000DF072F80028D8D046
:10BB500001350134A4B2E2E7069FD6E7054E012481
:10BB600013975746DDF84CA0D0E700BF6E4A00207F
:10BB700044DF030024DF030010B5CCB0002348935A
:10BB800049934A934B931CAA48A904A809F03DFF86
:10BB900018B304AC0294174B019300220092134691
:10BBA0004FF6FF710120FFF797FF2146124809F079
:10BBB000C9FFC0B1102110480CF0E6FD0F4BBFF3D8
:10BBC0005B8F53E8001F41F0080143E80012002A90
:10BBD000F7D1BFF35B8F4CB010BD094A0121094872
:10BBE00009F0D0FBF7E7084A0121064809F0CAFB33
:10BBF000F1E700BF7B890300A02600205827002022
:10BC00008C2A040094DF0300A82A04002DE9F041E7
:10BC100084B004460D4616461F461F49A1F1300068
:10BC200011F0C1F8BFF35B8F1C4B1B68BFF35B8F38
:10BC300013F0080F17D02046FFF7AAFB18B1027ABD
:10BC400012F0010F12D110230293154B0193BDF88E
:10BC5000283000933B463246294620460DF039F9FC
:10BC600004B0BDE8F081FFF787FFE4E700F10C08BE
:10BC7000002140460CF0F0FE0028E4D1BFF35B8FBA
:10BC800058E8003F43F0020348E80032002AF7D1A9
:10BC9000BFF35B8FD7E700BFE026002058270020C6
:10BCA000A026002008B5BFF35B8F054B1B68BFF3D0
:10BCB0005B8F13F0080F00D008BDFFF75DFFFBE7B7
:10BCC0005827002010B584B004460A4600230360BC
:10BCD000029007490191012100914FF6FF71808880
:10BCE000FFF7FAFE2068003818BF012004B010BD2D
:10BCF000D588030010B586B000240594FFF7BAFE7E
:10BD0000013080B205AB0293054B019300942346AA
:10BD100022460146FFF7E0FE059806B010BD00BFC1
:10BD2000678803002DE9F04782B005460F461446A8
:10BD30005668942231460DF0EFF900283CD10222DA
:10BD4000314628460DF00BFA00283DD0A68A02366F
:10BD500000961D230022214628480CF094FF8146BE
:10BD6000002848D032461D212846FEF751FF804664
:10BD700090B30123002211460CF0D7FC08F10C0A05
:10BD8000022150460DF07CFC064626F8027BA18A73
:10BD900050460DF075FCA28A2169304611F00CFD69
:10BDA000C9F80880494628460CF01FFC0446F0B943
:10BDB000204602B0BDE8F087114A0221114809F07F
:10BDC000E1FA4FF0FF34F3E70F4A02210D4809F082
:10BDD000D9FA6FF01504EBE70C4A0221094809F083
:10BDE000D1FA4846FFF79AF96FF00B04E0E74846AE
:10BDF000FFF794F9DCE76FF00B04D9E7A98803009B
:10BE0000C42A040094DF0300DC2A0400082B040089
:10BE1000BFF35B8F374B1B68BFF35B8F13F0040FCF
:10BE20005ED030B58DB005460C4610B1837A072B35
:10BE300059D160680590FFF71DFEADF81800216824
:10BE400041B305A8FFF73EFF00284FD0059B636074
:10BE5000059B186800238DF82C3042F60303ADF8DB
:10BE60002E300BA90AF0DFFC48B90598C3689B790E
:10BE700013F0200F13D00DF0EEF8ADF818008DB1CF
:10BE80000123A3752246BDF818102846FFF74AFF84
:10BE90000DB030BD0028DBD16FF00100F8E76FF086
:10BEA0001500F5E76FF07F0307930223ADF820300C
:10BEB00009940023A3758DF8283042F60212ADF8DC
:10BEC0002A2005AA02920C4A0192012200920AAA93
:10BED0004FF6FF71BDF81800FFF7FEFD0798D7E792
:10BEE0006FF00A0070476FF07F00D1E76FF001003C
:10BEF000CEE700BFCC03002089C2020010B582B09B
:10BF0000034630F8082CADF8042030F8062CADF8C4
:10BF10000620A0F1200100F13004BFF35B8F54E84C
:10BF2000002F22F0010244E800200028F7D1BFF3DF
:10BF30005B8F002023F8080C23F8060C0E4A43F808
:10BF40001C2C0E4A43F8182C01AA43F8102C04228A
:10BF500023F80C2CFFF75CFF08B102B010BDBFF353
:10BF60005B8F54E8003F43F0020344E80032002AAC
:10BF7000F7D1BFF35B8FF0E75C2C0400C9B7020078
:10BF800038B5044600F18801007AFFF727FA00B3BC
:10BF9000054603890BB94389DBB12046FDF7A6FBB3
:10BFA0002B890F4A22F820306B8902EB80025380E4
:10BFB0000C4D00EB400305EBC3030B4959600B49E3
:10BFC00099601A6104229A8219462046FFF720FFE1
:10BFD00000B938BD064A0121064809F0D3F9F8E74F
:10BFE000584100205C4100205C2C0400F78B0300CA
:10BFF000302B040094DF03002DE9F04782B000AF3E
:10C000000646D2F80080FFF79DF918B1D6F80C90DB
:10C01000002424B101200837BD46BDE8F08704EBB9
:10C02000840309EB43031B89002B54D004EB8403E6
:10C0300009EB4302013219F8131040460BF064FA81
:10C04000002848D04FF49572314640460DF064F810
:10C0500008B103280AD0494630460CF007FC224BB1
:10C060009945D7D14046FFF78BFFD3E7EA4688B022
:10C070006B4613F1100230D00C214AB10846042956
:10C0800003DDDFF86CC0C3F814C0082800DD9E6132
:10C090000B2925DD0C213AB103203871002078717D
:10C0A000B871F871786818616FF300056FF3410596
:10C0B0006FF382056FF3C505022363F38815C1F39F
:10C0C0000A0161F353256FF31F55002329460748E2
:10C0D000F6F7AEFDD54601349BE76FF00041CCE7A3
:10C0E0006FF01B01D7E700BFCC07002094DF0300EF
:10C0F000502B04002DE9F84305460F4614465668B8
:10C10000942231460DF008F858BB012231462846EA
:10C110000DF025F868B3A28902321B212846FEF7EC
:10C1200077FD804668B300F10C09022148460DF006
:10C13000A7FA064626F8027BA18948460DF0A0FA28
:10C14000A289A168304611F037FB01236269216999
:10C1500040460CF0EAFA414628460CF031FABDE8B8
:10C16000F8830C4A02210C4809F00CF94FF0FF301B
:10C17000F5E70A4A0221084809F004F96FF01500B2
:10C18000EDE7074A0221044809F0FCF86FF00B00C4
:10C19000E5E700BFC42A040094DF0300DC2A0400A2
:10C1A000642B0400BFF35B8F354B1B68BFF35B8FC1
:10C1B00013F0040F5AD030B58DB005460C4610B1BF
:10C1C000837A072B55D160680590FFF753FCADF8D3
:10C1D0001800216831B305A8FFF774FD00284BD083
:10C1E000059B6360059B186800238DF82C3042F690
:10C1F0000303ADF82E300BA90AF015FB48B90598DA
:10C20000C3689B7913F0100F11D00CF024FFADF828
:10C2100018007DB12246BDF818102846FFF76AFFC6
:10C220000DB030BD0028DDD16FF00100F8E76FF0F0
:10C230001500F5E76FF07F0307930122ADF820208A
:10C24000099400238DF8283042F60211ADF82A1027
:10C2500005A902910B49019100920AAA4FF6FF71BC
:10C26000BDF81800FFF738FC0798D9E76FF00A000F
:10C2700070476FF07F00D3E76FF00100D0E700BF99
:10C28000CC03002089C202002DE9F047074616467C
:10C29000FFF758F8002800F0A780FD68544B9D4236
:10C2A0002DD0002464E033691A6904EB44005388FC
:10C2B00012884146DFF83CC11CF82000FFF724F942
:10C2C0000134002CEDD104EB44024A4B03EB82080D
:10C2D00008F1010807224849404611F09DFA00285C
:10C2E000EED004EB440307224146424810F82300F5
:10C2F000FDF798FB0028D6D00BF066F8E0E70024A5
:10C30000DFE70BF061F832E040460BF05DF82EE01D
:10C310003A4A02213A4809F035F840460BF054F801
:10C3200025E004EB840205EB4202128912F0020FB1
:10C3300049D03269B1884046FFF7F4FC814670B9B4
:10C340003269937D0133937509E004EB840305EBB7
:10C3500043031B8913F0010F3AD14FF00009404607
:10C360000BF032F8C6F80890B9F1000F39DB013450
:10C37000002C34D104EB840305EB4303B3F808C06D
:10C38000B3899C45F3D104EB840305EB43010131F0
:10C3900015F81300FDF79AFA80460028E7D0837A53
:10C3A000072BAED16B691BB1394698470028ABD03B
:10C3B0009422394640460CF0AFFE82460028A7D1B1
:10C3C000B389022BADD0012BBFD04FF00009C6E7D7
:10C3D0003269B1884046FFF78DFE8146BFE74FF0D6
:10C3E000010A5046BDE8F0874FF0010AF9E700BFA7
:10C3F000CC07002084410020D8150400C42A040082
:10C4000094DF0300837A072B23D170B584B00446F0
:10C410000D46061D0C2130460CF02BFBE0B9012324
:10C4200002930223019300930D4B2A460D492046A7
:10C430000CF037FC58B1BFF35B8F56E8003F23F494
:10C44000805346E80032002AF7D1BFF35B8F04B077
:10C4500070BD6FF07F0070476FF07700F7E700BFA7
:10C46000278D030021890300837A072B23D100B590
:10C4700085B04B6843B1012B0CD90B7B3BB1FFF767
:10C480004FFA05B05DF804FBFFF736FAF9E7FFF75E
:10C490005DFAF6E74B895BB901230293022301930E
:10C4A0000A230093054B0A4605490CF0FAFBE8E71E
:10C4B000FFF762FAE5E76FF07F0070473F8D0300FA
:10C4C000819203002DE9F04F87B002AF78600D46EE
:10C4D0009046B1F808A0B1F80AB05C1EA4B2561C90
:10C4E00025E04C4A01214C4808F04CFF70E0023B2B
:10C4F0009BB2514528D3594526D82A81D5F80090BA
:10C500000093B31C2A4600217868C84700285FD0F2
:10C5100098F800309C426DD32B896A89934261D090
:10C5200001332B8198F80030E41AA4B21E44002C89
:10C5300060D0328891B20029D3D098F80030A3425D
:10C54000D5D9A31E9BB2D4E76C468AB002AB13F1D7
:10C55000100241D014208AB10646042803DDDFF81A
:10C56000BCC0C3F814C0082E00DD99610C2E01DD9B
:10C57000C3F81CA0102E01DDC3F820B013282EDD57
:10C5800014263AB10521397300217973B973F9730F
:10C59000F868186100216FF300016FF341016FF338
:10C5A00082016FF3C501022363F38811C6F30A0603
:10C5B00066F353216FF31F5100231748F6F738FB3A
:10C5C000A5462C68002300932A460E217868A047D0
:10C5D0001437BD46BDE8F08F6FF00040BBE76FF049
:10C5E0001B06CEE72C68002100910B462A4678688E
:10C5F000A047EDE729467E683046FFF735FF002863
:10C60000E6DA2C68002300932A460E213046A04724
:10C61000DEE700BF902B040094DF0300A02B040092
:10C62000F8B5837A072B45D105460C46FEF722FF65
:10C630000746002841D0836803B1183B0020064616
:10C6400003E001209B6903B1183B3BB1A342F8D042
:10C650009989A2899142F5D10126F3E780B302219D
:10C6600004F114000CF0F8F9D8B93EB90023238284
:10C67000164A21462846FFF793F988B904F11801B4
:10C6800007F108000CF070F838460CF027F968B98B
:10C69000CEB1266800231A4621462846B04700201E
:10C6A000F8BD214628460CF02BFEDEE73846FEF7A3
:10C6B00063FEEDE76FF07F00F2E76FF01500EFE744
:10C6C0006FF01500ECE70020EAE700BFD5B60200E6
:10C6D0002DE9F04F89B006460C461546FEF7CAFE16
:10C6E00070B107462A46214605A80CF0BFFFB046A8
:10C6F00035E000955B46294A0121294808F057FE9C
:10C7000009B0BDE8F08FFEB1B36903B1183B344600
:10C710001E46FCB1A3899945F5D1214640460CF04F
:10C72000FDF80028EFD05B460AF10402214640469E
:10C730002568A8470028E6D121464046FFF770FF4C
:10C74000E1E726460395E4E73346E0E70395E0E7B3
:10C750000395DEE7039D594605A80CF0C2FFBDF81E
:10C760001830042BCCD9042105A80CF0BAFF82465E
:10C77000B0F80090B0F802B0BDF818305B45B8D3FF
:10C78000BC68002CDDD0183C14F11806DED0A66978
:10C79000002EDDD0183E0395BBE700BF082C040037
:10C7A00094DF030000B587B0049001208DF81400D9
:10C7B00004AB0293054B01930022009213464FF6FF
:10C7C000FF71FFF789F907B05DF804FBF9BF0200BC
:10C7D000F8B505460E4617460A4B1C6804B1043CE2
:10C7E00074B1236843B13A46314628469847646895
:10C7F000002CF5D0043CF3E7231DF8D11C46EFE7ED
:10C80000F8BD00BF9441002010B584B004460290EA
:10C81000084B01930022009213464FF6FF7101204E
:10C82000FFF75AF920460CF07BF920460CF036FB56
:10C8300004B010BD31B802004268034B9A4200D0E8
:10C840007047C3681982FBE781920300F0B583B09B
:10C8500000AF05460020C0B36C4688B06B4613F1AC
:10C86000100243D00C213AB10846042901DD224EC2
:10C870005E61082800DD9D610B293ADD4FF00C0C4C
:10C880003AB10321397100217971B971F971786870
:10C89000186100216FF300016FF341016FF3820112
:10C8A0006FF3C501012363F38811CCF30A0C6CF319
:10C8B00053216FF31F5100231048F6F7B9F9A5462D
:10C8C0006FF00B000C37BD46F0BD00EB40031B01C1
:10C8D0000B4AD3580BB10130BDE700EB4002084BC7
:10C8E00003EB0213074A5A600B60EBE76FF000415D
:10C8F000B9E76FF01B0CC3E7BC2D0400CCDF0300CD
:10C90000AC410020E42D0400034BC01A8010034BFF
:10C9100003FB00F0704700BFC4090020A38B2EBAB0
:10C920002C22024B02FB0030704700BFC4090020DC
:10C930002DE9F04385B00546039116461C4668462E
:10C9400010F0FAFCDDE90089EFF31183402181F357
:10C950001288BFF36F8F698BD9B11F462B8B994219
:10C960000BD200220023284604F0EAFA044620B144
:10C9700087F31188BFF36F8F20E0698B4B1E6B83A9
:10C9800087F31188BFF36F8F28460CF08DFD0446A6
:10C9900014E083F31188BFF36F8F54EA060306D0C7
:10C9A00011F042F91A4B1A581A4B9A4218D03246D3
:10C9B0002346284604F0C4FA044668B1039B93B9A1
:10C9C0000023636101232372002363726360039B6E
:10C9D000638220460CF0C6FD204605B0BDE8F0831A
:10C9E00000263446E3E742464B46684610F0DAFC40
:10C9F000DDE9002303A920460CF069FD05466061CE
:10CA00000028DFD120460CF076FD2C46E4E700BF7D
:10CA10000800000068360020132810D80C4B13F8CB
:10CA200010307BB10A4A02EB400252786AB10868C2
:10CA300000FB03F393FBF2F30B60002070476FF0F1
:10CA4000150070476FF0150070476FF015007047C4
:10CA5000382E0400074B0122C3F8002590F88630D9
:10CA600013B1044BDA607047024B01221A605A601E
:10CA7000704700BF0070004069B938B5064CD4F863
:10CA80002C56D4F8341689B274300CF07BFE054471
:10CA9000C4F82C5638BD704700700040F0B583B024
:10CAA00000230093CDF803300C7904F01F048E7935
:10CAB000072C66D80D460B780B2B2FD8DFE803F038
:10CAC0000906161A2E1E2E2E22262E2A01238DF836
:10CAD00002306B78032B29D0042B2AD02A4A01215B
:10CAE0002A4808F04FFC6FF015073FE002238DF84D
:10CAF0000230EEE703238DF80230EAE704238DF8D5
:10CB00000230E6E705238DF80230E2E706238DF8D0
:10CB10000230DEE707238DF80230DAE71C4A0121F4
:10CB20001A4808F02FFC6FF015071FE001238DF85D
:10CB3000033001A968880CF027FE0746C8B92B7995
:10CB4000C3F340138DF805306A79124B234483F800
:10CB5000A020114D6A46214628460CF0DFFD5134D5
:10CB6000230105EB041466600022EA50384603B046
:10CB7000F0BD0A4A0121054808F004FC6FF01507D2
:10CB8000F4E76FF01507F1E7802E040054DF03008F
:10CB9000602E04006004002000700040A42E0400F9
:10CBA00008B5037CA3F10802062A0DD8DFE802F0DD
:10CBB000140C160C040C0A000222094BC3F8F025D1
:10CBC000002008BD0322F8E7064A0121064808F0C4
:10CBD000E3FB6FF01500F4E70022EEE70122ECE73B
:10CBE00000700040D02E040054DF030008B5012976
:10CBF00001D9437C4BB9437C082B0ED8DFE803F006
:10CC0000151515151515151515000A4A01210A489F
:10CC100008F0B8FB6FF015000BE0084A0121064848
:10CC200008F0BAFB6FF0150003E0054AC2F8F435CE
:10CC3000002008BDF82E040054DF03002C2F040050
:10CC40000070004010B582B004460CF09BFD2368D4
:10CC500013B19B8903FB0000E368834202D30020E9
:10CC600002B010BD0090044A0121044808F09FFB67
:10CC70006FF00B00F4E700BF502F040054DF0300F7
:10CC800010B582B000F10804D0F88800410CC00350
:10CC9000084BC018084A4FF0000341F10001DFF7CC
:10CCA0002FFF0090019100220023204605F0CAF9D1
:10CCB00002B010BD3F420F0040420F00F8B54E6871
:10CCC000731EFE2B03D80D4600231C4619E0314A83
:10CCD0000121314808F056FB6FF0150339E02F4A67
:10CCE00001212D4808F058FB6FF0150331E003F1E6
:10CCF000510212012A49002088500133DBB2072B70
:10CD000022D81A4626FA03F111F0010FEFD0254977
:10CD1000194491F8A070002FE1D0697C003918BF48
:10CD20000121DFF87CC00CEB031EDEF8180520F0B3
:10CD3000807040EA0160CEF81805513212014CF8BB
:10CD400002700134E4B2D8E72846FFF729FF034612
:10CD500008B11846F8BD21462846FFF747FF0346AD
:10CD60000028F6D121462846FFF76CFF034600282D
:10CD7000EFD1AA680A4BC3F82C26C3F83046094CF9
:10CD8000294620460CF072FD20460CF062FD034659
:10CD9000DFE700BF782F040054DF0300982F040062
:10CDA000007000406004002070B504460D46084E37
:10CDB0000022114630460CF043FD29462046FFF77D
:10CDC0007DFF044606F1400004F0F4F8204670BDF3
:10CDD0006004002010B50D4B0024C3F80441D3F8C3
:10CDE0000421C3F81041D3F810211222C3F8042300
:10CDF000072008F013FF22460121072008F018FF42
:10CE000003480CF062FD204610BD00BF00700040DA
:10CE10006004002008B5114BD3F8043173B90F4BEF
:10CE2000D3F810314BB10D4B0022C3F81021D3F8C9
:10CE3000102101229A601A605A6008BD074B002237
:10CE4000C3F80421D3F8041101219960C3F8002527
:10CE5000014603480CF041FDEFE700BF00700040C1
:10CE6000600400200048704730420020034BC01A85
:10CE70008010034B03FB00F0704700BFF04100201F
:10CE8000B76DDBB638B505460C46FFF7EFFF014638
:10CE9000402203480CF0FFFD01462846A04738BD5C
:10CEA0000CDD030030B583B005460C46FFF7DEFF0E
:10CEB0000146402300932346054A06480CF005FE30
:10CEC000011E01DB03B030BD2846A047FAE700BFD2
:10CED000139B03000CDD030008B510B101280DD031
:10CEE00008BD002108480CF062FD836813F0070FAD
:10CEF000F6D1002104480CF0BCFDF1E70121024805
:10CF00000CF0B7FDECE700BF0CDD030010B582B0FC
:10CF1000EFF31184402383F31288BFF36F8F154A18
:10CF2000136843F00201116013F0010F09D10023CF
:10CF300084F31188BFF36F8FB3B90CF0F2FD02B028
:10CF400010BD0DF1070201214FF080400CF013FDE0
:10CF50009DF80730012B01D00023E9E7FFF782FF9E
:10CF60000CF075FD0123E3E7002103480CF081FD7F
:10CF7000E5E700BF404200200CDD030010B5EFF3F1
:10CF80001184402383F31288BFF36F8F074A13681D
:10CF900023F00201116013F0010F04D084F3118813
:10CFA000BFF36F8F10BD0CF0C1FDF7E740420020CA
:10CFB00070B582B00546012807D14FF08043D3F801
:10CFC0001C3403F00303012B4BD00FF016FF044673
:10CFD00018B9284B1B78002B38D1EFF3118640236A
:10CFE00083F31288BFF36F8F012424B94FF080437D
:10CFF0000222C3F8082301AA00214FF080400CF060
:10D00000BAFC20B1019B012B26D0012D24D0FCB10C
:10D01000304608F040FE4FF08043D3F81835002B1F
:10D02000E9D14FF08043D3F80431002BE3D04FF027
:10D0300080430022C3F80421D3F804210122C3F85D
:10D0400018250D49C1F880219A60D4E70026CCE765
:10D0500001200CF075FDDEE72CB186F31188BFF3DB
:10D060006F8F02B070BD4FF080430222C3F80423DB
:10D07000F7E700BF9B4A002000E100E000B587B061
:10D08000CDF800D0CDF804D0002302930123039300
:10D0900004AB049305936B46064A0CF032FD00285E
:10D0A00005DB4FF480420023684603F0ABFF07B076
:10D0B0005DF804FB6D9B030008B5064B1B7803B1BC
:10D0C00008BD4FF4A5700FF091FA024B01221A70BF
:10D0D000F6E700BF994A002070B5064600220121FC
:10D0E000104608F0A5FD114801F0BEFE104B984215
:10D0F00019D10DF0A4FC0024012C12D82146304691
:10D100000CF055FC0546214630460CF05DFC094903
:10D1100007F0C9FF002805DB0123AB601C44E4B223
:10D12000EAE7002070BD6FF00400FBE7D9CE0200F3
:10D130000000AD0BE02F040010B50446104B012198
:10D14000BFF35B8F53E8002F43E800100028F9D1AC
:10D15000BFF35B8F1AB1631E012B0DD910BD0948B7
:10D160000CF032FC084900234B608B60CB6001233C
:10D170008B6007F0B5FFEEE72046FFF719FFEDE7FC
:10D18000EC4100200CDD0300DC410020EFF31182B4
:10D19000402383F31288BFF36F8F0A4BD3F800311B
:10D1A0006BB1084BD3F80805C0B20021C3F80011D9
:10D1B000D3F8003182F31188BFF36F8F70476FF09F
:10D1C0000A00F7E700D00040F0B586468578C478BD
:10D1D000EFF3118C402383F31288BFF36F8F06782F
:10D1E00033464778AD1B2540AA4200D9AAB2B018F1
:10D1F00020408EF800008CF31188BFF36F8F084633
:10D2000007E00EEB0302527900F8012B01332340B3
:10D21000624602F1FF3C1FFA8CFC002AF1D1BE42AB
:10D220000ED1EFF31183402282F31288BFF36F8F88
:10D230009EF800208EF8012083F31188BFF36F8FD2
:10D24000401A80B22D1A9EF80430AB4202D3024B32
:10D2500001221A60F0BD00BF00D00040F8B50D46B5
:10D26000144613F0010F03D12548FFF7ADFFF8BDB9
:10D270000AB92046FBE7EFF31186402383F31288B7
:10D28000BFF36F8F0D20F7F749F807460D2008F020
:10D29000CAFC86F31188BFF36F8F1A4B0022C3F8C4
:10D2A0000021D3F8002101221A60174B4FF40052DD
:10D2B000C3F8802126460AE0EFF31180402383F370
:10D2C0001288BFF36F8F08F0E6FC00E08EB10D4BC3
:10D2D000D3F80031002BEFD0FFF758FF0A4B4FF483
:10D2E0000052C3F880210028F0DB013EB6B2A855F9
:10D2F000ECE7002FBDD00D2008F090FCB9E700BF8F
:10D300007442002000D0004000E100E010B5FFF7BB
:10D310003DFF002806DBC4B221460A480CF032FC6F
:10D32000002800DB10BD214607480CF02BFC00282C
:10D3300003DB064803F03EFEF4E7054B01225A608A
:10D34000F7E700BF74420020894200205C420020C1
:10D3500000D00040F8B50F46144607E04FF0FF320A
:10D360004FF0FF3306F1180003F04CFEBCB10D4E38
:10D370004FF0FF324FF0FF33304603F043FE2246BA
:10D38000394606F14500FFF71FFF0546304603F01A
:10D3900011FE002DE2D0641BA4B22F44E6E700206A
:10D3A000F8BD00BF4442002010B5184C01221146C0
:10D3B00020460FF0E8FA0122002104F118000FF0D6
:10D3C000E2FA0422082104F145000CF0EEFB0C22E5
:10D3D000102104F130000CF0E8FB0D4BD3F80425CC
:10D3E00022F00102C3F804250024C3F80041D3F859
:10D3F00000210121C3F80413196022460D2008F012
:10D4000017FC0D2008F00AFC204610BD4442002005
:10D4100000D00040034BD3F8003413F0010FF9D0D3
:10D42000704700BF00E00140024B0B600123136016
:10D43000704700BF98420020004870471C3104002C
:10D4400000B587B002AB00220292039204920592CB
:10D450000390049101228DF81420064A0092019352
:10D46000054801F06DFD684601F070FD07B05DF8FC
:10D4700004FB00BF179C0300645E010000B587B089
:10D4800002910390049201238DF81430064B00930F
:10D4900002AB019341F64C5001F052FD684601F099
:10D4A00055FD07B05DF804FB7F9C030070B582B0AA
:10D4B0000E4615460EF07AF90446294630460CF021
:10D4C00096FB48B3B6FBF4F304FB136353B9B5FB07
:10D4D000F4F304FB13532BB9AC420DD900242046BE
:10D4E00002B070BD00953346154A0121154807F07A
:10D4F0005EFF6FF01504F2E74FF0FF324FF0FF339D
:10D50000114803F07FFD0DF0A7FA78B9294630469F
:10D510000CF0A6FB04460EE0009533460B4A0121B1
:10D52000084807F044FF6FF01504D8E72946304655
:10D53000FFF786FF0446044803F03CFDCFE700BF39
:10D5400080300400ECDF0300A0420020A030040083
:10D55000F0B583B00C4616461D46194620460CF021
:10D5600046FB48B114F0030710D115F0030F0DD19D
:10D57000B5B9384603B0F0BD00952346164A0121DF
:10D58000164807F014FF6FF01507F2E700952346E1
:10D59000134A0121114807F00AFF6FF01507E8E769
:10D5A0004FF0FF324FF0FF330E4803F02BFD0DF02C
:10D5B00053FA48B12A4631462046FFF75FFF074637
:10D5C000084803F0F7FCD4E72A46314620460CF021
:10D5D0007BFB0746F4E700BFA0300400ECDF03004C
:10D5E000C0300400A042002070B582B00D4616463F
:10D5F0001C46194628460CF0FAFA18B164B9002006
:10D6000002B070BD00942B46074A0121074807F07D
:10D61000CEFE6FF01500F3E722462946304610F0A3
:10D62000CBF80020ECE700BFA0300400ECDF0300E3
:10D6300010B50122114607480FF0A5F901F076FC5C
:10D640000EF0B8F8044C20600EF0B0F860600020D6
:10D6500010BD00BFA04200209842002008B9024837
:10D6600070470020704700BF20DD03002DE9F04720
:10D6700086B0884615469946446801F01F06237B0C
:10D6800046EA431620460CF044FC00285DD0B5F570
:10D69000001F2AD00DF10C0A002703970497494672
:10D6A00028460CF073FC8DF80C0000970197029748
:10D6B000CDF804A0A36823FA08F313F0010F02D1F8
:10D6C000B5F1A07F18D010346A46314620460EF0DE
:10D6D00014F8214B98423BD10122314620460EF0EE
:10D6E00030F8002006B0BDE8F087314604F11000A4
:10D6F0000EF02BF80020F5E706F01F03720917D192
:10D700004FF0A04203F5E07352F8233013F0010FFD
:10D71000D9D104F110050DF11702314628460DF05C
:10D72000F8FF0E4B984205D00DF117030493CAE79A
:10D730003A46E7E70DF1170128460DF0FEFF064BCC
:10D740009842F1D06FF00B00CCE76FF08500C9E78D
:10D750006FF01500C6E700BF0000AD0B0400AD0B75
:10D76000F0B589B00F461446456801F01F062B7BC3
:10D7700046EA431610460CF0D1FB8DF81E0040F22D
:10D7800006332340B3F5837F54D016D8062B4DD0F3
:10D7900006D9B3F5807F0DD101238DF81D3024E02B
:10D7A00003B3022B03D104238DF81D301DE06FF06D
:10D7B000150039E06FF0150036E040F20222934286
:10D7C0003CD0B3F5407F03D103238DF81D300CE02E
:10D7D000B3F5007F03D102238DF81D3005E06FF013
:10D7E000150021E000238DF81D3014F4002F29D0FE
:10D7F0006A680123BB40C2F8083528460CF089FB53
:10D8000048B310350DF11F02314628460DF081FF57
:10D81000074614F4403F37D1314628460DF085FFC6
:10D820003C4B9F426ED0002009B0F0BD06238DF81E
:10D830001D30DAE707238DF81D30D6E705238DF874
:10D840001D30D2E714F4802FD7D06A680123BB4083
:10D85000C2F80C35D1E7C4F340438DF8083014F416
:10D86000803F0CBF012300238DF810300024019469
:10D870000DF11D0300930DF11E0304AA02A9304609
:10D880000CF0B9FA2046CFE702AA002302930393D3
:10D89000049305930693059204AA314628460DF099
:10D8A0002CFF1C4B98421DD114F4003F1DD09DF855
:10D8B0001D308DF8103014F4803F0CBF012300237D
:10D8C0008DF811309DF81E308DF81230002304AA17
:10D8D000314628460DF015FF0E4B9842A0D06FF050
:10D8E0001500A1E76FF015009EE700230493059350
:10D8F00006930DF11E03049304AA314628460DF049
:10D90000FCFEE9E79DF81F1028460DF012FF0020ED
:10D910008AE700BF0000AD0B10B5446820460CF04C
:10D92000F8FA08B9002010BD103420460DF0F9FEB9
:10D9300008B10020F7E7002120460DF0EEFE094B6C
:10D9400098420BD10022084920460DF0DEFE00224D
:10D950000521062008F06CF90020E4E76FF00400D0
:10D96000E1E700BF0000AD0BC59F03002DE9F04FBC
:10D9700085B080460D461646994644680294D0F814
:10D9800010A00AF10403184603934FF0FF324FF042
:10D99000FF3303F037FB0AF11C0B0022002358462B
:10D9A00003F030FB204602F019FA002423464F46CC
:10D9B0001CE0002304EB440205EB82010193009775
:10D9C0004B6855F82220097A404600F007F9B0BBB1
:10D9D0004FF480420023584603F014FB0346B8B9C5
:10D9E000DAF83410174A91421BD10134A6421BD9F0
:10D9F000731EA342DDD9631C03EB430305EB8303D2
:10DA00001B7A13F0040F01D00023D3E70123D1E7E1
:10DA1000029802F0F3F9404600F0CCF86FF00407EA
:10DA200003E06FF0040700E01F46029802F0E6F9F9
:10DA3000039803F0BFFA384605B0BDE8F08F0746FB
:10DA4000F3E700BF0000AD0B08B50B690278012AAF
:10DA50000CD0022A0DD012B1074A5A6301E0074ADE
:10DA60005A6303F11C0003F0A5FA08BD044A5A6387
:10DA7000F7E7044A5A63F4E70100AD0B0000AD0B71
:10DA80000100AE0B0200AE0BB0B582B000AF044691
:10DA900040682346826900F1080102F039F92D4BF4
:10DAA000984203D100200837BD46B0BD21686D46BD
:10DAB00000233B7102237B7188B06C4614F1100285
:10DAC00011D00E201AB1042801DD234B636100231D
:10DAD0003B7002237B709AB1082800DDA16104F13C
:10DAE0001C0300210AE06FF00040EBE701F1080C95
:10DAF000BC441CF808CC03F801CB01310129F5D94D
:10DB00000D2824DD0E2342B10321397100217971E2
:10DB1000B9710121F9717868206100216FF300016A
:10DB20006FF341016FF382016FF3C501012060F3D0
:10DB30008811C3F30A0363F353216FF31F510023CA
:10DB40000648F5F775F8AD466FF00F00ABE76FF0DC
:10DB50001B03D8E70000AD0BE831040004E003002C
:10DB600010B54468026911F0010F1BD1C1F34203E3
:10DB7000012B09D0022B0FD00C4A01210C4807F0D1
:10DB800001FC6FF0150006E023684FF0CC70C3F87D
:10DB900024051160002010BD23684FF0CD60C3F84C
:10DBA0002405F6E76FF01500F5E700BF0832040022
:10DBB00004E0030008B543681B68D3F80805D3F8F0
:10DBC0000C1502F053F9044B984201D1002008BD16
:10DBD0006FF00F00FBE700BF0000AD0B30B587B062
:10DBE0009DF82C50406800240194029403940494FE
:10DBF000059401F001048DF80440BDF828C08DF8AB
:10DC000005C00293049211F0080F06D111F0020F23
:10DC10000BD165B9CCB920220AE0104A0121104885
:10DC200007F0B0FB6FF085000DE0002200E040221D
:10DC300001A902F001F90B4B984209D00B3398422D
:10DC400008D16FF00F0007B030BD6FF08500FAE724
:10DC50000020F8E76FF00400F5E700BF1C32040075
:10DC600004E003000000AD0B30B500F01F0C4009CC
:10DC700017D14FF0A04E0CF5E0705EF820500A4C22
:10DC80002C4041EA420141EA83039DF80C2043EA1B
:10DC900002239DF8102043EA024323434EF820302C
:10DCA00030BD4FF0000EE6E7F0F8FCFFF0B583B0B2
:10DCB00005460E46174600241AE04FF0FF302EE0CE
:10DCC000C7F80805D1B3B0F1FF3F0FD055F80E30BB
:10DCD00013F4004F00D001224FF0000CCDF804C027
:10DCE0000091C3F341236146FFF7BEFF0134E4B264
:10DCF000B44225D24FEA840E55F82430C3F3C72C22
:10DD0000C3F3C321C3F308001CF008021AD1DFF8E3
:10DD10003CC01CF8011040F2FF1C6045CDD05B0CEC
:10DD20000B2BCDD00C2B03D06FF0850003B0F0BDD2
:10DD3000C7F80C050029C6D10621C4E70621C2E7B1
:10DD40000020F3E76FF01500F0E700BF4432040055
:10DD500021F07F4100F5A870014B43F82010704777
:10DD6000001001404FF480338340024AC2F844332C
:10DD7000704700BF001001404FF480338340024AD7
:10DD8000C2F84833704700BF00100140014BD3F880
:10DD900004057047001001402DE9F8430546894607
:10DDA0009046FFF7E9FF28460CF0BAF94E460327E4
:10DDB00010E0FFF7EBFF044649460CF0A0F9B0F580
:10DDC000000F26D928460CF0ABF9B8F1000F22D18C
:10DDD0003E19013731462846FFF7BAFF2846FFF7BC
:10DDE000C1FFFFF7D3FF0446C11C30460CF087F992
:10DDF0000A4B98420AD928460CF085F90028D8D158
:10DE0000B8F1000FE4D06FF0150000E00020BDE88D
:10DE1000F8830020FBE76FF01500F8E7FDFF7F00B7
:10DE2000034B044AC3F80823C3F84823704700BFD4
:10DE30000010014003000F0010B5012383406FEA7A
:10DE4000030C0E4ABFF35B8F52E8001F01EA0C0E71
:10DE500042E800E4002CF7D1BFF35B8F4FF480322F
:10DE600082400748C0F80823BFF35F8FBFF36F8F6E
:10DE70000B4214BF0120002010BD00BFC84200208B
:10DE8000001001404FF480338340144AD2F8042339
:10DE9000134201D10020704710B50446012383408E
:10DEA000DB430F49BFF35B8F51E8002F02EA030009
:10DEB00041E8000CBCF1000FF6D1BFF35B8F22FAF2
:10DEC00004F313F0010F03D120460CF01CF918B134
:10DED00020460CF025F9012010BD00BF00100140C4
:10DEE000C442002001B9704701238340114ABFF3A7
:10DEF0005B8F52E800CF4CEA030C42E800C10029D6
:10DF0000F7D1BFF35B8F4FF4803383400A4AC2F8E6
:10DF10000433BFF35B8F094B1B68BFF35B8FC340B8
:10DF200013F0010FDFD0064B4FF40032C3F800218D
:10DF3000D9E700BFC842002000100140C4420020C1
:10DF400000E100E038B51446104619460CF0F4F82C
:10DF500002460D490B68E01A1B184C6844F1000496
:10DF60000B604C60A2F50013B3F5400F09D2074BCC
:10DF70001B68190A1B06D41841F10005044BC3E9BC
:10DF8000004503F061FF38BD70270020CC4200201F
:10DF90007827002038B50D4B1C68250A2406BFF3EE
:10DFA0005F8FFFF7F3FE0346001945F10001B3F55B
:10DFB000801F0AD2064BD3E90023904271EB030382
:10DFC00003D210F1807041F1000138BDCC42002035
:10DFD000782700202DE9F041064614461D469DF89D
:10DFE0002080104619460CF0A7F80746FFF7D2FF2D
:10DFF000A04271EB050319D2201A65EB01011D4BFC
:10E00000984271F100012FD21B4B03EB0613D3E9A9
:10E010000223AB4208BFA24201D1002018E04246D1
:10E0200039463046FFF7B8FE90B11BE0B8F1000F5B
:10E030001DD10123B340114ABFF35B8F52E8000F9B
:10E04000184342E800010029F8D1BFF35B8F00209C
:10E05000094B320103EB0616C6E9024506999950B1
:10E06000079B7360BDE8F0816FF01500FAE76FF071
:10E070001500F7E70100800060270020C44200205F
:10E0800030B585B0FFF7CCFE00231E4AC2F8083534
:10E09000002B25DD1B4C0225C4F804531A4B4FF40A
:10E0A0000032C3F8802100220121112007F0C0FDB9
:10E0B000112007F0B3FD0123A3602360134A13600E
:10E0C000002402940194124B0093124A002320462C
:10E0D0000CF03CF82846FFF72FF8204605B030BD7D
:10E0E0000D4A02EB03124FF0FF304FF0FF31C2E94F
:10E0F00002014FF480329A400249C1F804230133EF
:10E10000C6E700BF0010014000E100E0C842002067
:10E1100045DF0200FFFF7F00602700202DE9F04768
:10E1200082B00446FFF7AEFE10B902B0BDE8F0873A
:10E13000FFF730FF82460D460CF001F80646154BFE
:10E1400003EB0413D3E90289C24575EB09050BD231
:10E15000002530460BF0F7FF002DE6D00097424631
:10E160004B462046A847E0E70A4A230102EB041188
:10E17000D5584F680020D0504FF0FF324FF0FF339A
:10E18000C1E902232046FFF7F7FD20460BF0C8FF48
:10E19000DFE700BF6027002010B50D4BD3F8043334
:10E1A00013F0020F03D10024002C0BDD10BD02215F
:10E1B00007480BF06EFF0028F5D0064A13680133BC
:10E1C0001360F0E72046FFF7A9FF0134ECE700BF3A
:10E1D00000100140CC42002010B584B0B0F1FF3FE8
:10E1E00018D001281BDD154B9842A8BF18460446DD
:10E1F000134B01221A70FFF7CDFE124B1A685B68B1
:10E20000801AB0F5000F0CD20444B4F5000F09D306
:10E210000A4C07E00A4B00221A70084CEBE7012475
:10E22000E6E7064C00201219029001900649009181
:10E2300043F100030BF08AFF04B010BDFFFF7F0025
:10E240009A4A00207027002045DF020008B5FFF73A
:10E25000A1FE024B1B68C01A08BD00BF702700203A
:10E2600008B5074B01225A60112007F0DCFCFFF7CC
:10E27000D7FD044B4FF40032C3F8802108BD00BF26
:10E280000010014000E100E008B502460B460248DC
:10E2900002F098FD08BD00BF5809002008B50248EB
:10E2A00002F010FE08BD00BF5809002010B503465B
:10E2B0000A46034881680C681946A04710BD00BF94
:10E2C00034DD030090B583B000AF6C4600233B7192
:10E2D00002237B718AB0EC461CF110021BD04FF078
:10E2E000120E2AB1BEF1040F02DD2B4BCCF8143014
:10E2F00000233B7002237B70D2B17346BEF1080F3E
:10E3000001DDCCF818000C2B01DDCCF81C100CF151
:10E31000200300210AE06FF0004EE2E701F108005F
:10E32000384410F8080C03F8010B01310129F5D924
:10E33000BEF1110F2DDD12234AB1042139710021E4
:10E340007971B9710121F9717868CCF81000002158
:10E350006FF300016FF341016FF382016FF3C501A9
:10E36000012060F38811C3F30A0363F353216FF3B1
:10E370001F5100230948F4F75BFCA546002383F3F3
:10E380001188BFF36F8F0323184602DF0C37BD4699
:10E3900090BD6FF01B03CFE74C320400C4DF0300D5
:10E3A00070B504460BF0F2FE034620781D4683B19B
:10E3B000002200232946F7F7C9FE064670B16278AD
:10E3C000023221460C300BF061F9304608F066FC51
:10E3D00070BD4FF0FF324FF0FF33EBE7002DF7D168
:10E3E000024A0121024806F0CDFFF1E77432040031
:10E3F000C4DF030038B504464FF0FF324FF0FF335F
:10E400000320F7F793FE50B1054662880432214697
:10E410000C300BF03BF9284608F040FC38BD034AAD
:10E420000121034806F0AEFFF8E700BF9032040078
:10E43000C4DF030030B583B004464FF0FF304FF027
:10E44000FF31FFF721FF10B1002003B030BD0DF107
:10E450000701204600F0ACFA0546FFF71FFF002D2C
:10E46000F2D19DF80730042B0AD0022B0DD0082BD7
:10E4700010D00B4A01210B4806F08EFF0120E4E783
:10E480002046FFF78DFF0120DFE72046FFF7B2FFB0
:10E490000120DAE720460BF08EFE0120D5E700BF11
:10E4A000AC320400C4DF030008B5024902480EF094
:10E4B000DFFB08BDD04300206033002038B50446A0
:10E4C0004FF0FF304FF0FF31FFF7DEFE054608B199
:10E4D000284638BDE068EAF750FC0546FFF7DEFE47
:10E4E000002DF5D0024903480EF0C2FBF0E700BF53
:10E4F000D04300206033002038B505464FF0FF3090
:10E500004FF0FF31FFF7C0FE044608B1204638BD8A
:10E51000E86800F039FA0446FFF7C0FE002CF5D198
:10E52000024903480EF0A4FBF0E700BFD0430020EF
:10E530006033002090B589B000AF594959480EF0BA
:10E540002DFB00F05BFB07F10C00DFF711F86C46C8
:10E5500000233B7102237B7188B0EC461CF1100252
:10E5600014D00E2022B1042802DD4F4BCCF8143019
:10E5700000233B7002237B70AAB1082802DD4B4BBD
:10E58000CCF818300CF11C0300210AE06FF00040B9
:10E59000E8E701F1200EBE441EF820EC03F801EB81
:10E5A00001310129F5D90D283CDD0E234AB10321A3
:10E5B000397100217971B9710121F9717868CCF84C
:10E5C000100000216FF300016FF341016FF382012E
:10E5D0006FF3C501032060F38811C3F30A0363F3EB
:10E5E0005321142363F31F5107F10C033048F4F750
:10E5F0001FFBA5462F480DF0FFFFB0B12E4BBB60AF
:10E6000007F10800DFF726F80346B0B94FF0FF30F6
:10E610004FF0FF31FFF738FE0446B0B120462437F3
:10E62000BD4690BD6FF01B03C0E7244A012120487E
:10E6300006F0A8FE6FF01204F0E7214A01211C4801
:10E6400006F0AAFE6FF01504E8E70420DEF7F4FFF9
:10E65000A8B91C491C48DEF74FFF0446A0B941F693
:10E660004C537B60381DEAF794FC80B901233B7062
:10E670003846EAF786FC78B9FFF710FECEE7FFF7D9
:10E680000DFE6FF08504C9E7FFF708FEC6E7FFF748
:10E6900005FE6FF08504C1E7FFF700FEF9E700BF54
:10E6A00083A20300D043002064350400E832040054
:10E6B000C4DF030034DD0300ADE2020010330400C8
:10E6C0003033040080270020A9E4020000B587B0A1
:10E6D00001238DF80C3003AA02210020DEF7C6FECC
:10E6E000002833DB0823ADF80C3003AA07210020F3
:10E6F000DEF7BCFE002829DBFB238DF80D308DF8FA
:10E700000C3002238DF80F3003218DF80E1003AA70
:10E710000020DEF7ABFE002818DB01238DF80C305B
:10E7200003AA04210020DEF7A1FE00280EDB1F2330
:10E73000ADF80C3003AA06210020DEF797FE002872
:10E7400004DB40F6D933984203D8002007B05DF8C7
:10E7500004FB0090074A0121074806F028FE002329
:10E7600083F31188BFF36F8F0423184602DF6FF025
:10E770000B00EBE754330400C4DF030008B5064880
:10E78000F9F782FC0548DEF72FFE0BF05AFD00B1C9
:10E7900008BDFFF79BFFFBE7A4330400C5E20200BE
:10E7A00008B50548FFF746FE00B908BD034904480F
:10E7B0000EF05EFAF9E700BFD0420020D0430020FF
:10E7C0006033002042F24403984239D842F24303B6
:10E7D000984255D242F22603984229D842F20D03BC
:10E7E000984218D240F2064398424BD040F21D4363
:10E7F000984201D00120704700207047A0F50150D9
:10E80000283880B2224BC34013F0010F01D1012000
:10E81000704700207047A0F500500D3880B21D4BA6
:10E82000C34013F0010F01D1012070470020704751
:10E8300042F23203984201D0012070470020704715
:10E8400042F2850398420FD842F268039842D5D22B
:10E8500042F26403984217D042F26603984201D014
:10E8600001207047002070474FF6025398420DD0A8
:10E870004FF60A53984201D001207047002070479C
:10E88000002070470020704700207047002070472C
:10E890002F80002041120003F0B583B007460E46DA
:10E8A0004378057845EA032504238DF80630354B77
:10E8B0001C683CB10DF107030DF10602A0470446A8
:10E8C000012821D1AB0AB5F5105F0BD21AB2002A8C
:10E8D0004BD0013B072B4AD8DFE803F02249272F12
:10E8E0003749493F3F2B07D10DF1060231463846E3
:10E8F0000BF08AFD044600E001242846FFF762FF82
:10E9000080F001008DF807009DF807300BB9012C4D
:10E910002FD12246294630460BF0B7FC03B0F0BD9C
:10E9200038460BF017FD0446E7E70DF106023146C5
:10E9300038460BF026FD0446DFE70DF106023146AE
:10E9400038460BF0D7FE0446D7E70DF106023146F4
:10E9500038460BF0B3FC0446CFE70DF10602314612
:10E9600038460BF018FF0446C7E70124C5E7012429
:10E97000C3E723469DF80620294630460BF08EFC5F
:10E98000CCE700BFE0430020074B1B784BB910B524
:10E99000064C2146FFF780FF012304F8013C0020CC
:10E9A00010BD4FF0FF307047E4430020E5430020E6
:10E9B00038B50C46084B1B7813B9EAF7E8F938BDAF
:10E9C000054DAA780232691C0EF0F6FE0020287070
:10E9D00004232370F3E700BFE443002038B5054665
:10E9E0000C4609480DF008FE80F0010313F0FF0FFC
:10E9F00006D1A2B2044883681B682946984738BDEF
:10EA00006FF01200FBE700BF34DD030008B502E041
:10EA10004FF0FF3090B120210948FFF7DFFF60B9C8
:10EA20002022084906480EF0F7FE0028F0D00449DD
:10EA300001F1200003F0DEFBECE71F2008BD00BF62
:10EA4000404400200034040070B5FFF7DFFF0546A6
:10EA50004FF0FF324FF0FF330120F7F767FB04461A
:10EA600000F10C06022130460AF00AFE3E23037034
:10EA700042234370012130460AF002FE082303704E
:10EA8000412130460AF0FCFD05701DB9421C0E4BB9
:10EA900020210AE04022002101300EF0B5FE11E0F5
:10EAA00013F801C902F801CB01390029F8D121304E
:10EAB000064B202204E013F8011900F8011B013A6B
:10EAC000002AF8D1204670BD7F4400209F440020DA
:10EAD00008B540B108490948024603F09FFB0346C8
:10EAE00018B9002008BD0649F5E7064A0121064885
:10EAF00006F052FC1220F5E70034040060440020C8
:10EB000040440020CC330400BCDF030070B5FFF7A5
:10EB1000DFFF05464FF0FF324FF0FF330120F7F7DC
:10EB200005FB044600F10C06022130460AF0A8FD60
:10EB30003E23037022234370012130460AF0A0FDDA
:10EB400009230370212130460AF09AFD05701DB992
:10EB50000130094B20220AE02022FF2101300EF073
:10EB600053FE06E013F8011900F8011B013A002AD0
:10EB7000F8D1204670BD00BF7F44002008B502498F
:10EB800002480EF075F808BD2C44002060330020C8
:10EB900008B5BFF35B8F164B1B68BFF35B8F022B6F
:10EBA0001DD0042B1FD0012B06D0124A022112487F
:10EBB00006F0E8FB002001E0FFF746FF0C4B0022C7
:10EBC000BFF35B8F53E8001F43E8002CBCF1000F3C
:10EBD000F8D1BFF35B8F08B108F060F808BD0020E2
:10EBE000FFF794FFEAE70120FFF790FFE6E700BF99
:10EBF0003C440020F0330400BCDF030008B50249A8
:10EC000002480DF0CBFF08BD6BA903002C44002087
:10EC100008B50A4B0122BFF35B8F53E8001F0029A0
:10EC200003D143E800200028F7D1BFF35B8F03D165
:10EC3000FFF7A4FF002008BD0C20FCE73C440020A7
:10EC400008B5A1B10422174BBFF35B8F53E8001F37
:10EC5000002904D143E8002CBCF1000FF6D1BFF32A
:10EC60005B8F1CD100F11F020F4B202106E0022216
:10EC7000E9E712F801C903F801CB01390029F8D1FD
:10EC80003F300A4B202204E010F8011903F8011B61
:10EC9000013A002AF8D1FFF771FF002008BD0C20CF
:10ECA000FCE700BF3C44002060440020804400207A
:10ECB00000B583B00BF06DFE8DF800003223ADF887
:10ECC000043000238DF806308DF801308DF80230C5
:10ECD000064A19216846E9F7EFF810B103B05DF86C
:10ECE00004FB01210248EDF793FAF7E7F5EC020087
:10ECF000A044002090B583B000AF6C4600233B7168
:10ED000002237B718AB0EC461CF110021BD04FF03D
:10ED1000120E2AB1BEF1040F02DD2B4BCCF81430D9
:10ED200000233B7002237B70D2B17346BEF1080F03
:10ED300001DDCCF818000C2B01DDCCF81C100CF117
:10ED4000200300210AE06FF0004EE2E701F1080025
:10ED5000384410F8080C03F8010B01310129F5D9EA
:10ED6000BEF1110F2DDD12234AB1042139710021AA
:10ED70007971B9710121F9717868CCF8100000211E
:10ED80006FF300016FF341016FF382016FF3C5016F
:10ED9000012060F38811C3F30A0363F353216FF377
:10EDA0001F5100230948F3F743FFA546002383F3CF
:10EDB0001188BFF36F8F0323184602DF0C37BD465F
:10EDC00090BD6FF01B03CFE72C34040054E0030028
:10EDD00030B583B00D4D002400946FF009034FF45B
:10EDE00088620B492846EDF7D3FB0A49284602F012
:10EDF000B7FA094909480DF0D1FE2246042119202D
:10EE000006F016FF204603B030BD00BF603300207F
:10EE100080680020403404000FAA0300D044002082
:10EE200008B5024902480DF023FF08BDD044002078
:10EE30006033002008B5024B1B680020984708BDCE
:10EE4000E044002008B528B1012802D10448E5F7C4
:10EE500027FF08BD034B1B6801209847F9E700BF57
:10EE600035EE0200E0440020014B18600148704775
:10EE7000E04400200000AD0B024B01221A64D3F8DD
:10EE8000400570470080004008B5064B002283F81B
:10EE90002920054A1A6303F12401187EEDF7F9F9D8
:10EEA00008BD00BFE4440020FF3F420F08B5BFF398
:10EEB0005B8F1C4B1B68BFF35B8F83BB062912D88B
:10EEC000052928D269B9184B1B6A1A6858689047F7
:10EED0000346012810D01448C363022300F8343FCE
:10EEE00000E0002008BD072904D10F4802F062F8B5
:10EEF0000020F7E70020F5E70B48012380F82930D0
:10EF000047F230530363032380F8343000F12403C5
:10EF100083633430E6E7FFF7B7FF0020E2E7002025
:10EF2000E0E700BF24450020E444002008B50122AA
:10EF3000002102480DF027FD08BD00BFE444002079
:10EF4000014BD861704700BFE444002038B5054646
:10EF50004FF0FF304FF0FF31FFF796F9384939484D
:10EF6000E5F7A6FC0446FFF799F9002C47DB364C81
:10EF7000002284F82420012384F8283084F82930E2
:10EF8000E3696433E36247F23053236325626FF031
:10EF90007303E36304F14003BFF35B8F53E8001F87
:10EFA00043E800200028F9D1BFF35B8F4FF0FF301A
:10EFB0004FF0FF31FFF768F904F12401207EEDF7EF
:10EFC00068F9FFF76BF9214A0023204602F01AF88E
:10EFD00000281DDB4FF0FF304FF0FF31FFF754F9F1
:10EFE000194C207EEDF737F9FFF758F9BFF35B8F27
:10EFF000236CBFF35B8FF3B9134BD86B38BD23463B
:10F00000134A0121134806F0C7F96FF00B00F5E72A
:10F01000114A01210F4806F0B5F904F1400301221D
:10F02000BFF35B8F53E8001F43E800200028F9D1AD
:10F03000BFF35B8FCEE7204602F00CF8DCE700BFA1
:10F04000FC440020ADEE0200E4440020447B0B00B1
:10F0500058340400F4DF03008034040010B5044683
:10F06000FFF70AFFB0FBF4F42044034BDB6998423E
:10F0700034BF0020012010BDE444002003690C29A6
:10F0800019D110B4196881EAE173A3EBE173980810
:10F0900003F00303094C04FB03F3002905DB1060B4
:10F0A000536000205DF8044B7047404210605B42A3
:10F0B00053600020F6E76FF08500704790D00300A2
:10F0C00008B5102203490EF0A7FB08B1022008BDC5
:10F0D0000120FCE7A835040070B584B006468168BD
:10F0E000103921F0070506F0D0FA01466C461022CF
:10F0F00020460EF089FB074B0FCB84E80F0010234E
:10F1000022462946304606F084FA08B904B070BD9C
:10F110000120FBE7A83504002DE9F04186B000AFDF
:10F120000646440007F11001674B53F824000BF02A
:10F130009FFD002840F0C380013407F10801624BB5
:10F1400053F824000BF094FD012804D0002840F06F
:10F15000B880002416E033465C4A03215C4806F080
:10F160001BF903233B7201227A72BB72FB720023EC
:10F170003B73EEE798F80430042B28D0BA7C934216
:10F1800025D00134022C00F28F8004EB4402514D53
:10F1900005EB4208397C15F812000BF088FC0028BA
:10F1A000EFD0397A98F801000BF081FC0028E8D004
:10F1B00098F80230042B02D0FA7C9342E1D198F8FF
:10F1C0000330042BD6D0FA7A9342DAD1D2E798F8FA
:10F1D0000530022B07D0032B28D0042B01D03E4949
:10F1E00002E03E4900E03E496C4601233B710323A7
:10F1F0007B718AB06D4615F1100219D012204AB108
:10F200000346042803DDDFF8E4C0C5F814C0082B6A
:10F2100000DDAE6101233B7003237B70AAB10C2893
:10F2200000DDE96105F1200300210CE02D49DBE759
:10F230006FF00040E3E701F118063E4416F8186C41
:10F2400003F8016B01310129F5D9112829DD1223B9
:10F2500042B10421397100217971B9710121F9712B
:10F260007868286100216FF300016FF341016FF3AB
:10F2700082016FF3C501032060F38811C3F30A0311
:10F2800063F353216FF31F5100231148F3F7D0FCB0
:10F29000A54698F80500831EDBB2022B0BD9FF2090
:10F2A00009E06FF01B03D3E733460F4A03210848F8
:10F2B00006F072F801201837BD46BDE8F081FF2046
:10F2C000F9E7FF20F7E700BF8C35040000350400A4
:10F2D00034E0030094350400E4340400F8340400FE
:10F2E000DC340400D43404006835040048350400DC
:10F2F000BFF34F8F0549CA6802F4E062044B134321
:10F30000CB60BFF34F8F00BFFDE700BF00ED00E013
:10F310000400FA05024BD3F80034002BFAD07047F2
:10F3200000E0014008B5034BC3F80405FFF7F2FF06
:10F3300008BD00BF00E0014038B50BF00BFD40B147
:10F340004FF08053D3F82433C3F304237D4AC2F82B
:10F3500040350BF011FD10B17B4B7C4A5A670BF026
:10F3600021FD48B14FF08053D3F84432C3F3423308
:10F370004FF08042C2F83C350BF026FD30B1744AA4
:10F38000D2F8FC3023F08073C2F8FC300BF032FD71
:10F3900040B14FF080430022C3F80C21C3F8102184
:10F3A000C3F838250BF038FD20B14FF0804303221D
:10F3B000C3F8A0250BF046FD60B1664B0522C3F8EB
:10F3C00010260122C3F888260022C3F818263F22FF
:10F3D000C3F814260BF04CFD002846D04FF08052A5
:10F3E000D2F804145C4BC3F82015D2F80814C3F803
:10F3F0002415D2F80C14C3F82815D2F81014C3F849
:10F400002C15D2F81414C3F83015D2F81814C3F818
:10F410003415D2F81C14C3F84015D2F82014C3F8E0
:10F420004415D2F82414C3F84815D2F82814C3F8A8
:10F430004C15D2F82C14C3F85015D2F83014C3F878
:10F440005415D2F83414C3F86015D2F83814C3F840
:10F450006415D2F83C14C3F86815D2F84014C3F808
:10F460006C15D2F84424C3F870250BF023FD48B185
:10F470004FF08053D3F8583203F04F034FF08042DF
:10F48000C2F8E43E0BF028FD60B14FF08043D3F8A2
:10F49000003413F0010F05D04FF080436FF00102EC
:10F4A000C3F800240BF02AFD30B12C4AD2F83C37C7
:10F4B00043F48063C2F83C37254AD2F8883043F4DD
:10F4C0007003C2F88830BFF34F8FBFF36F8F0BF01C
:10F4D0003DFD4FF01023D3F80C3213F0010F0CD187
:10F4E0004FF01023D3F80032002B18DB4FF010231D
:10F4F000D3F80432002B12DB38BD0120FFF712FFD6
:10F500004FF01022D2F80C3223F00103C2F80C3273
:10F51000FFF700FF0020FFF705FFFFF7E9FE0120DE
:10F52000FFF700FF4FF010241525C4F80052FFF735
:10F53000F1FEC4F80452FFF7EDFE0020FFF7F2FEE3
:10F54000FFF7D6FE0030014000C007400DF0ADBA15
:10F5500000ED00E00050004000C0004000100040FE
:10F5600010B50468CCB1B4FA84F3C3F11F03DBB265
:10F5700001229A4024EA0202BFF35B8F50E800CFD9
:10F58000A44504D140E8002EBEF1000FF6D1BFF330
:10F590005B8FE6D10B70024810BD0248FCE700BF4C
:10F5A0000000AD0B0200AD0B0368CB4013F0010F60
:10F5B00015D100B5026801238B401343BFF35B8F65
:10F5C00050E800CF944504D140E8003EBEF1000F62
:10F5D000F6D1BFF35B8FEDD102485DF804FB024822
:10F5E000704700BF0000AD0B0400AD0B00F01F0220
:10F5F00040090CD14FF0A04102F5E07251F8220011
:10F60000044B034043F0020341F8223070470021CD
:10F61000F2E700BFF0F8FCFF004870473408002014
:10F620002DE9F04184B005460C4616461F460846B3
:10F630000BF074FD804656B3214628460BF0BFFD03
:10F6400028B1214628460BF07AFD002841D12146F9
:10F6500028460BF083FD10B17378012B39D00123BC
:10F660008DF80F30002301930096B31C721C0DF12E
:10F670000F0120460BF0F3FC2879FFF7CDFF08F1CE
:10F68000080230F8123043F0030320F81230002F44
:10F6900039D0214628460BF092FD002835D13E781E
:10F6A0002B6806F5A272002143F822102879FFF793
:10F6B000B3FF08F1080230F8123023F02003DB0416
:10F6C000DB0C20F812307B782BB9114804B0BDE870
:10F6D000F0811048FAE7BA7800922246314628684D
:10F6E0000BF062FC2879FFF797FF024608F108004B
:10F6F00032F810307603B6B2334343F0200322F8D9
:10F7000010300348E2E70248E0E70248DEE700BFC6
:10F710000000AD0B0400AD0B70B506460D46144657
:10F720000BF00DFD68B13079FFF776FF06462846ED
:10F730000BF0F4FC083036F810305B0B23700248F5
:10F7400070BD0248FCE700BF0000AD0B0400AD0B2C
:10F750002DE9F04182B00546884616461F460BF05B
:10F76000B7FEAEB33A46314628460BF084FD041E80
:10F7700020DB2879FFF750FF40F834602879FFF745
:10F780004BFF00EBC40047602879FFF745FF0546B3
:10F7900040460BF0C3FC083035F81030E4B2640288
:10F7A000A4B2234343F4807325F81030094802B013
:10F7B000BDE8F0812879FFF72FFF0DF107015830E0
:10F7C000FFF7CEFE034B9842F1D19DF80740D0E7FA
:10F7D0000048ECE70000AD0B2DE9F04385B004468E
:10F7E0000D46174608460BF099FC0646D7F80080F0
:10F7F000B8F1000F28D0294620460BF0CFFC002896
:10F800004FD100238DF80E308DF80F300193009307
:10F8100043460DF10F020DF10E0128460BF01FFCBF
:10F820002079FFF7F9FE06F1080830F8183023F0C8
:10F83000020320F818302079FFF7EEFE30F8183078
:10F8400043F0010320F818307B68F3B193F800808F
:10F85000D3F80490294620460BF091FC18B3B9F177
:10F86000000F65D12079FFF7D7FE083630F8163043
:10F8700023F01C0320F816302079FFF7CDFE30F876
:10F88000163043EA880320F81630BA68002A53D0AD
:10F890005368126829462046FFF75AFF05B0BDE8B5
:10F8A000F0832648FAE72079FFF7B6FE06F1080252
:10F8B00030F8123023F02003DB04DB0C20F8123088
:10F8C000B9F1000FCED0B8F1030F33D87B685B6875
:10F8D00093F80090B8F1000F06D1236809F5A279DA
:10F8E000002243F82920BDE740460BF070FC034698
:10F8F000216809F5A27C51F82C2022F0030241F87E
:10F900002C202A46494620680BF034FB2079FFF76B
:10F9100083FE06F1080230F812304FEA49391FFA27
:10F9200089F943EA090343F0200320F8123099E7EC
:10F930000248B3E70148B1E70148AFE70400AD0B67
:10F940000000AD0B38B505460C460BF0E9FB08B9D5
:10F95000074838BD214628460BF06AFC2146284658
:10F960000BF0E1FD2046FFF741FE0248F1E700BF42
:10F970000400AD0B0000AD0B70B582B005460E461D
:10F980000079FFF749FE90F8603013B10B4802B0E0
:10F9900070BD04464022002110300DF035FF236D6C
:10F9A0000093002332464FF0004128680BF0E5FD3C
:10F9B000012384F86030A3650148E8E70C00AD0B33
:10F9C0000000AD0B08B5024902480BF07CFE08BDF3
:10F9D0003408002000600040024B0022C3F80425D8
:10F9E000704700BF00E00140024B0122C3F804252C
:10F9F000704700BF00E00140024B0222C3F804251B
:10FA0000704700BF00E00140044BD3F8003413F00E
:10FA1000010FF9D00160BFF35F8F704700E0014034
:10FA200010B504460BF0A6FE08B9084810BDFFF754
:10FA3000E3FF074BC3F80845054BD3F8003413F038
:10FA4000010FF9D0FFF7C8FF0248EFE70A00AD0B3E
:10FA500000E001400000AD0B034610F0010F08D19B
:10FA6000064813F0020F00D0054813F0040F02D12E
:10FA700070470448F5E70448FAE700BF0100AD0B02
:10FA80000100AE0B0000AE0B0200AE0B30B583B030
:10FA900004460D46294B01930023C0F80431D0F8E9
:10FAA0000421C0F82431D0F82421C0F81C31D0F84A
:10FAB0001C21C0F80831D0F80821C0F800324B638F
:10FAC00081F82F300123036291F82D30012B01D0F2
:10FAD00001238360294620460BF07EFE2B685BB134
:10FAE00040F28623AB60AB68C4F80433144803B01B
:10FAF00030BD019B013B0193019B002B05DD294695
:10FB000020460BF0B8FE0028F3D195F82F303BB11A
:10FB1000D4F8C404C4F8C40470B1FFF79DFF00E03A
:10FB20000748019B002BE2DC0023C4F800350523C5
:10FB3000C4F800350348DAE70248F2E7A08601007E
:10FB40000000AD0B0100AD0B30B583B004460D468F
:10FB50002D4B01930023C0F80431D0F80421C0F8E4
:10FB60002431D0F82421C0F81C31D0F81C21C0F871
:10FB70000831D0F808214B6381F82F308B6A012BB4
:10FB800015D00123C4F800320123236295F82D30EB
:10FB9000022B01D0012323602B689BB140F2862306
:10FBA000AB60AB68C4F80433184803B030BD0B6ACF
:10FBB00013F0400FE5D10223C0F80032E4E7019BC7
:10FBC000013B0193019B002B05DD294620460BF0EC
:10FBD00052FE0028F3D195F82F303BB1D4F8C4047D
:10FBE000C4F8C40470B1FFF737FF00E00748019B79
:10FBF000002BDADC0023C4F800350523C4F80035F7
:10FC00000348D2E70248F2E7A08601000000AD0BEE
:10FC10000100AD0BF8B507460C4694461E4691F818
:10FC20002D30012B2CD0022B2FD0274BC7F80833B7
:10FC300094F830307BBB16F0040F0CBF0123002377
:10FC400084F83030266204F10C0E65460FCDAEE824
:10FC50000F002B68CEF80030DCF80430A362DCF82B
:10FC60000C3063629CF80130C7F888359CF800308E
:10FC7000012B21D0A3B916F0200F1BD0012310E0D7
:10FC80001278012ACFD1114813E09CF80030012BE3
:10FC9000CBD00E480DE0A368C7F804330C4808E049
:10FCA000012384F82C3021463846FFF7EFFE236805
:10FCB0003BB1F8BD0023F4E721463846FFF744FF87
:10FCC000F5E784F83030F4E7864204000500AD0B18
:10FCD0000B00AD0B10B5CB7B33B903684A680C68D9
:10FCE000C3F80845C3F80C2503688A68C3F82425BF
:10FCF0000379C3EB0313054A52F8233023B100689C
:10FD000040F3073005F08AFF10BD00BF2C450020EE
:10FD100070B50479C4EB041C2C4D05EB8C0C9CF8DD
:10FD20002E50002D4FD1294EC4EB041C06EB8C0540
:10FD300046F82C206B600023AB6085F82D3085F8E9
:10FD4000313085F8303081B34D7B06EB8C0383F87E
:10FD500038508A7B83F839202ABB0B6803F01F02D6
:10FD60005B092CD14FF0A04502F5E07255F82260F6
:10FD7000174B334043F4C16343F0040345F822308A
:10FD80004B6803F01F025B091BD14FF0A04502F541
:10FD9000E07255F822600E4B334043F4C16343F0E8
:10FDA000040345F82230FFF795FFC4EB0414074B1A
:10FDB00003EB8403012283F82E20064870BD002542
:10FDC000D2E70025E3E70448F8E700BF2C45002010
:10FDD000F0F8FCFF0000AD0B0C00AD0B03790268DE
:10FDE0000521C2F80015C3EB0313034A02EB83039A
:10FDF000022283F82E2070472C45002003790268E8
:10FE00000B49C2F80813D2F8001221F00301C2F81E
:10FE100000120020C2F80005064AC3EB031102EBF2
:10FE200081014FF0010C81F82EC081F8300070473D
:10FE3000864204002C45002008B5134690F804C003
:10FE4000CCEB0C1C0A46034901EB8C010068FFF760
:10FE5000E1FE08BD2C45002008B5024902480BF020
:10FE600086FD08BD2C450020003000402DE9F843F8
:10FE700000F01F0340093ED14FF0A04501269E40EF
:10FE8000C5F8086501F01F08490936D14FF0A047B1
:10FE90004FF0010909FA08F9C7F8089503F5E0736E
:10FEA00055F823202148024040F20D610A4345F8ED
:10FEB000232008F5E07257F8223003400B4347F83F
:10FEC000223004200BF052F80024082C17D8D7F861
:10FED000103523FA08F313F0010F10D1C5F80C65A3
:10FEE00004200BF043F8C5F8086504200BF03EF839
:10FEF0000134E4B2E9E70025C0E70027C8E7C7F806
:10FF00000C9504200BF032F8C7F8089504200BF08C
:10FF10002DF8D7F8103523FA08F313F0010F02D0AB
:10FF20000348BDE8F8830348FBE700BFF0F8FCFF97
:10FF30000000AD0B0100AD0B10B5134CA822002141
:10FF400020460DF061FC0323236163610F4AA26127
:10FF50000F4BE3614FF4806323620023A36263626B
:10FF6000E36222660B4A62661022A2662367E3669A
:10FF7000636706E0C3F10F020749895C024AD15466
:10FF800001330F2BF6D910BD78490020C835040085
:10FF90007845002068450020D43504002DE9F84359
:10FFA00004460E461546304B00EB400003EBC00004
:10FFB000826A476A601C00EB400003EBC00358688C
:10FFC0003844BA423CD804EB4401274B03EBC1034D
:10FFD000D3F82080A8EB070909F1FF339D4204D92B
:10FFE00013449D420ED900202FE02A4631460DF0E1
:10FFF000E3FB2F4404EB44041B4B03EBC4035F629D
:020000040003F7
:10000000012022E04A4631460DF0D6FBA7EB080856
:1000100018EB050507D104EB4404134B03EBC403B1
:100020005D62012011E0631C03EB43030E4A02EB07
:10003000C3032A4606EB090158680DF0BDFBEAE749
:10004000D21B013AAA4202D20020BDE8F8832A4618
:100050000DF0B2FB2F4404EB4404034B03EBC40349
:100060005F620120F1E700BF78490020F8B50F4634
:100070001646451C05EB4505164B03EBC50500EB85
:10008000400003EBC003DC6A012C11D0022C1CD011
:1000900014B100242046F8BD28460BF0D1FC86425E
:1000A000F8D83246394628460BF0D6FC3446F1E7FC
:1000B00028460BF0C5FC3446864228BF044622463B
:1000C000394628460BF0C8FCE4E728460BF0E6FC6E
:1000D0000446DFE77849002070B504460D46164611
:1000E000084B1B785BB100F01FF8324629462046CA
:1000F000FFF7BCFF044600F023F8204670BDFFF771
:100100001BFFF0E778490020064B00EB400203EBB1
:10011000C202926A00EB400003EBC003586A801AE7
:10012000704700BF7849002008B54FF0FF324FF00C
:10013000FF33024800F046FE08BD00BF6C090020F6
:1001400008B5024800F0BEFE08BD00BF6C090020E3
:1001500010B588B0044644238DF81F300123009366
:100160000DF11F030922818800680CF0D7F90028DF
:100170007DD15A4B1B68ADF81C301B0C8DF81E301E
:100180000323009307AB2022A18820680CF0C6F956
:10019000002872D10023ADF818300223009306AB7B
:1001A0002A22A18820680CF0B9F900286BD1DB2342
:1001B0008DF81730012300930DF117031122A18848
:1001C00020680CF0ABF9002863D148238DF8163075
:1001D000012300930DF116031222A18820680CF070
:1001E0009DF900285BD13E4B1B68ADF810301B0C0D
:1001F0008DF812300323009304AB2322A1882068DA
:100200000CF08CF9002850D1022303AA00212046CB
:100210000CF074F91A238DF80B30012300930DF1C3
:100220000B030A22A18820680CF078F9002842D13B
:1002300080238DF80A30012300930DF10A03022276
:10024000A18820680CF06AF900283AD10C238DF8B7
:100250000930012300930DF109030D22A1882068C4
:100260000CF05CF9002832D1002008B010BD1D4A06
:1002700001211D4805F086F87BE71C4A01211A4838
:1002800005F080F886E71A4A0121174805F07AF848
:100290008DE7184A0121144805F074F895E7164ACD
:1002A0000121114805F06EF89DE7144A01210E481E
:1002B00005F068F8A8E7124A01210B4805F062F83A
:1002C000B6E7104A0121084805F05CF8BEE70E4A7F
:1002D0000121054805F056F8C6E700BFF0360400D6
:1002E00090E10300E83504002CE003000C36040024
:1002F00028360400403604005C36040078360400DA
:100300009C360400B4360400D436040010B584B022
:10031000044600238DF80F30012300930DF10F03E5
:100320000222818800680CF0F9F8F8B9184B1B68B4
:10033000ADF80C301B0C8DF80E300323009303AB8B
:100340002322A18820680CF0E9F8A8B902238DF8CF
:100350000B30012300930DF10B030D22A1882068BF
:100360000CF0DCF870B9002004B010BD094A01217E
:10037000094805F007F8D9E7084A0121064805F0C1
:1003800001F8E3E7064A0121034804F0FBFFEAE72E
:1003900090E10300F43604002CE003001837040059
:1003A0003037040030B585B004460DF10F020D2141
:1003B0000CF0CDF80546B0B99DF80F3003F00C03F2
:1003C0000C2B0DD00C238DF80E30012300930DF172
:1003D0000E030D22A18820680CF0A0F8054640B954
:1003E000284605B030BD064A0121064804F0CAFF80
:1003F000F6E7054A0121034804F0C4FFF0E700BF17
:10040000503704002CE00300703704002DE9F04160
:1004100082B000AF80460D4616460123FA1D062124
:100420000CF06CF800BB0123BA1D072140460CF00C
:1004300065F8F8B9BB793C2B22D8BB7903EB4303B1
:10044000DA1D02F4FF62ADEB020D6C466A4608212C
:1004500040460CF053F8D8B9BB792E4AA2FB0323CF
:100460005B08337000214CE02B4A01212B4804F03B
:1004700089FFD8E72A4A0121284804F083FFDCE7F6
:10048000284A0221254804F087FF3C23BB71D4E7AA
:10049000254A0121214804F075FFDDE701EBC10386
:1004A000E05C5A1CA25C120242EA0042981C205CEA
:1004B000024301EB410C05EB8C00C2F3120245F83C
:1004C0002C20DA1C14F802C01A1DA25C120242EAA7
:1004D0000C4203F1050C14F80CC042EA0C02C2F302
:1004E000120242609A1D14F802C0DA1DA25C1202C8
:1004F00042EA0C420833E35C1343C3F31203836004
:10050000013133789942C9DB00200837BD46BDE888
:10051000F08100BFABAAAAAA9C3704002CE003001C
:10052000C0370400E03704001838040038B50C4622
:1005300001230BF0E3FF054608B9284638BD2346E2
:10054000024A0121024804F027FFF6E7343804008C
:100550002CE0030030B585B00C468DF80F20012348
:1005600000930DF10F030A46818800680BF0D6FF57
:10057000054610B9284605B030BD2346024A012180
:10058000024804F009FFF5E7543804002CE00300AA
:1005900010B584B0044639238DF80F300123009341
:1005A0000DF10F032E22818800680CF006F8002858
:1005B00035D104238DF80E30012300930DF10E0385
:1005C0002522A18820680BF0F8FF70BB02238DF86C
:1005D0000D30012300930DF10D032322A188206823
:1005E0000BF0EBFF38BB20238DF80C300123009378
:1005F00003AB3F22A18820680BF0DFFF08BB432339
:100600008DF80B30012300930DF10B032022A188FC
:1006100020680BF0D2FFD0B9002004B010BD0F4A03
:1006200001210F4804F0AEFEC3E70E4A01210C4839
:1006300004F0A8FECAE70C4A0121094804F0A2FE12
:10064000D1E70A4A0121064804F09CFED7E7084A90
:100650000121034804F096FEDEE700BF8038040065
:100660000CE00300A0380400B4380400E8380400AB
:100670000839040010B584B0044600238DF80F300B
:10068000012300930DF10F033F22818800680BF0D6
:1006900094FF78B900238DF80E30012300930DF1FB
:1006A0000E032022A18820680BF087FF40B90020AC
:1006B00004B010BD054A0121054804F063FEE9E7D6
:1006C000044A0121024804F05DFEF0E730390400DD
:1006D0000CE00300503904002DE9F041A6B080463B
:1006E0000C46154601230DF197022F210BF055FF03
:1006F0000646C0B99DF8977017F0400F19D117F052
:100700003F071DD0192F00D9192707EB47035B00BE
:1007100003F0FE036A46282140460BF03EFF0646E2
:1007200088B92F7043E0254A0121254804F02AFEAC
:1007300040E0244A0221224804F024FE1927E1E780
:1007400000232B7036E0204A01211D4804F01AFED8
:1007500030E000EB40035B0003F199026A4412F8B9
:1007600098CC98336B4413F8981C00EB400253006C
:1007700004EB420241EA0C21E15203F19B0169447E
:1007800011F898CC03F19A01694411F8981C41EAD8
:100790000C21518003F19D01694411F8981C9C3390
:1007A0006B4413F8983C43EA0123938001302B7883
:1007B0009842CEDB304626B0BDE8F081783904009F
:1007C0000CE003009439040018380400034B00E0E7
:1007D0001433034A9342FBD3704700BF0CDD030080
:1007E000ACDD030004280CD8DFE800F0030D05079A
:1007F0000900064870470648704706487047064893
:100800007047064870470648704700BFC839040063
:10081000EC390400FC390400083A0400183A0400DA
:10082000D839040030B108B50CF013FB20B10378BF
:1008300023B108BD024870470148FAE70048F8E7CD
:100840005C16040010B50446F2F7FAF8034A0121D9
:10085000034804F097FD20460BF0DEFE283A040022
:1008600074E003002DE9F04782B000AF05460C4666
:10087000EFF31188402383F31288BFF36F8FDFF803
:10088000D091D9F80860FFF7ADFF99F81010E9464C
:1008900001233B7103237B718AB0EC461CF11002EB
:1008A00021D04FF0160E5AB17346BEF1040F03DD8E
:1008B000DFF8A0A1CCF814A0082B01DDCCF818506B
:1008C00001233B7003237B70D2B17346BEF10C0F42
:1008D00001DDCCF81C00102B01DDCCF820100CF150
:1008E000240300210AE06FF0004EDCE701F108006C
:1008F000384410F8080C03F8010B01310129F5D92F
:10090000BEF1150F50DD16234AB1052139710021C2
:100910007971B9710121F9717868CCF81000002162
:100920006FF300016FF341016FF382016FF3C501B3
:10093000012060F38811C3F30A0363F353216FF3BB
:100940001F5100233F48F2F773F9CD461CB1E3690C
:10095000C3F308035BBB3046FFF764FFE94601239E
:100960003B7103237B718AB0EC461CF1100224D04A
:100970004FF0120E52B17346BEF1040F02DD324940
:10098000CCF81410082B01DDCCF8186001233B7063
:1009900003237B70F2B1BEF10C0F01DDCCF81C001B
:1009A0000CF12003002113E06FF01B03ACE7274A92
:1009B0000121244804F0E6FCCDE76FF0004ED9E7B2
:1009C00001F10800384410F8080C03F8010B01315C
:1009D0000129F5D9BEF1110F31DD12234AB10421ED
:1009E000397100217971B9710121F9717868CCF8F8
:1009F000100000216FF300016FF341016FF38201DA
:100A00006FF3C501012060F38811C3F30A0363F398
:100A100053216FF31F5100230A48F2F709F9CD461D
:100A200021462846FFF70EFF88F31188BFF36F8F2A
:100A30003046F3F795FB0837BD46BDE8F0876FF009
:100A40001B03CBE774E00300843A0400603A04001F
:100A5000204A0020383A040038B505460A4B53F8BE
:100A6000204002E02368984708346B1C064A52F87D
:100A70002330A34206D96368002BF3D020460BF045
:100A8000D3FDF1E738BD00BFA43A0400F0B587B04C
:100A9000C0EB4016104D05EBC60600EB40000F4BB7
:100AA00003EBC0030E4A0592012204920F22039227
:100AB00000220292019200930A4B4FF4A0720A495D
:100AC00001EBC011304600F06BFC737B23F0040394
:100AD000737307B0F0BD00BF78340020204A0020B7
:100AE0009C3A0400CDC703008075002008B553EA86
:100AF000020102D10CF0AFF908BD0249183001F033
:100B00001DF9F9E79DD0030010B586B0184C14E02C
:100B1000636A0593236A0493E3690393A3690293C9
:100B20006369019323690093E368A26861682068A0
:100B300000F036FC23685C6530340E4B9C42E7D3F2
:100B400000F0F4FE0A4C00E030340A4B9C420BD219
:100B5000A26AE36AB3F1FF3F08BFB2F1FF3FF3D0EF
:100B60002068FFF7C3FFEFE700F0F8FE06B010BD06
:100B7000E4DE0300E4DE030008B50A4B01221A702C
:100B80000320FFF769FFF2F701FD0420FFF764FF80
:100B9000FFF7BAFFECF71EFF034A137B23F00103B4
:100BA000137308BD9B4A00207035002008B501462C
:100BB000014A0248F3F7D0FC790B0300703500209E
:100BC00008B50348034A121A00210BF045FD08BD81
:100BD000280B00209C4A002010B50446FFF756FF62
:100BE000C4EB44130B4901EBC3010B4A04EB440370
:100BF00002EBC303D9601C7404EB0411074B03EB35
:100C0000C11303F5086304EB440402EBC402536010
:100C100010BD00BF78340020204A0020006D002065
:100C200070B586B000F0B8FE104D114B9D61114BB0
:100C300005930123049300240394029401940094E7
:100C40000D4B4FF480620D49284600F0A9FB064683
:100C50006B7B23F004036B7328460CF09FF920464E
:100C6000FFF7BAFF304606B070BD00BF70350020F8
:100C7000204A002010EE0300790B030000770020CB
:100C800008B50020FFF7E8FE1F4B83F308881F4CD0
:100C9000636943F400736361E02384F82230202306
:100CA000E377002525766576A57684F82050636A7B
:100CB00043F4E023636284F82350F3F7BFF9F3F7BA
:100CC00073FC4FF0FF33A362E362F3F763FDF3F7C6
:100CD0009BFCF1F71DFE0E4B01245C731C73C3F8E3
:100CE0009850C3F89C50C3F8A4500A4A9360FFF789
:100CF0006DFD2046FFF7B0FE0220FFF7ADFEFFF7C7
:100D00008FFFFFF753FF00BF8075002000ED00E06C
:100D100080370020204A002010B5064C05E0A2686C
:100D2000616820460BF0A0FC1434034B9C42F6D3C0
:100D3000002010BD580900205809002010B5064CAD
:100D4000002000E01C34054B9C4204D220460BF0EE
:100D5000FEFC0028F6DA10BD040900205809002026
:100D600030B583B00D46EFF31181402484F312882F
:100D7000BFF36F8FC46864B12C602368C36083695C
:100D800001338361002081F31188BFF36F8F03B0BB
:100D900030BD00F1080C53EA020404D100232B609B
:100DA0006FF00B00EFE7009201930246604600F0FF
:100DB000FBFC0028EBD1024B9B685B692B60E6E7EC
:100DC000204A00202DE9F04182B00446EFF311875C
:100DD000402181F31288BFF36F8FC16899B9002950
:100DE00050D1364B9B6893F90E3023610131E1609D
:100DF000324B9B68A36087F31188BFF36F8F00208D
:100E000002B0BDE8F08116461D4682682B4B9B68F8
:100E10009A42E4D055EA060136D092F90E80414656
:100E200093F90E000BF0DFFC804534DC4FF0000836
:100E30000096019522463946214800F0B5FC00286D
:100E4000DED0EFF31185402383F31288BFF36F8F59
:100E5000A36843B323689C4223D013B3216993F959
:100E60000E000BF0C0FC014620460BF0C7FCE8B9B1
:100E7000B8F1000F1AD185F31188BFF36F8F6FF0AF
:100E80000A00BDE72369B0E787F31188BFF36F8FCE
:100E90006FF00F00B4E7014620460BF0AFFC804630
:100EA000C6E72169E0E7B8F1000FE4D0294604481D
:100EB00000F0F2FC6FF00A00A2E700BF204A002019
:100EC0004C4A002038B583687BB304461A4A9268BE
:100ED00093422DD1C368012B03D9013BC36000208D
:100EE00038BDEFF31185402383F31288BFF36F8F72
:100EF00001690BF083FC20460CF0FBF8A06068B1A0
:100F000090F90E3023610024C0F8B0400CF046F890
:100F100029460A4800F0C0FC2046E1E70020E060D6
:100F200085F31188BFF36F8FDAE76FF01500D7E70D
:100F30004FF0FF30D4E700BF204A00204C4A002089
:100F400010B582B001468446EFF31184402080F34F
:100F50001288BFF36F8F5CF8080B88B1036823F029
:100F600003030B604A68904208D001210BF0D3FCC8
:100F700084F31188BFF36F8F02B010BD4B60F4E7AC
:100F800053EA02010BD0009201936246214660466B
:100F900000F00AFC48B9064B9B685869ECE784F3FB
:100FA0001188BFF36F8F0020E6E70020E4E700BF61
:100FB000204A002038B50446EFF31185402383F31F
:100FC0001288BFF36F8F0CF094F848B10022C0F87C
:100FD000B0200BF0E3FF2946094800F05DFC38BD66
:100FE000A368E268934208D001221344A36002215F
:100FF00004F110000CF0B8FBEDE70022F5E700BFAC
:101000004C4A002010B582B0EFF31181402484F3E4
:101010001288BFF36F8F846844B1013C846081F310
:101020001188BFF36F8F002002B010BD53EA020495
:1010300006D0009201930246054800F0B5FBF3E7A5
:1010400081F31188BFF36F8F6FF00F00ECE700BFE3
:101050004C4A002038B50446EFF31185402383F352
:101060001288BFF36F8F05E06FF00A02C0F8B0205E
:101070000BF094FF20460CF03CF80028F4D100233C
:10108000A360022104F110000CF06EFB2946024817
:1010900000F002FC38BD00BF4C4A002000B585B00E
:1010A000094A02AB92E8030083E8030000934FF083
:1010B000FF334FF4446205490548EBF769FA002015
:1010C00005B05DF804FB00BF94E10300807B0020C5
:1010D0006836002070B338B50D4604461B4B9B683C
:1010E00083421BD000231A46D4F81031C3F3800189
:1010F000C3F3C00013F0010F1FD001B102B300B160
:1011000009B300232B60D4F8FC3073B11D60C4F820
:10111000FC5020460BF0A9FC012038BD0BF06DFE01
:1011200008B90123DFE70023DDE7C4F8FC50C4F869
:10113000F850EEE76FF0150070476FF01200ECE723
:101140006FF00F00E9E76FF00F00E6E7204A00209C
:1011500038B504460D460830012200210BF013FC7F
:10116000656000232360054B5B681BB11C60034B6B
:101170005C6038BD014B5C601C60FAE74C4A0020A3
:1011800010B5C36823F00203C360134B1C687CB125
:10119000236803B10CB100210FE02346FBE7224690
:1011A0000D480BF01CFC04F10800FFF703FF10BD15
:1011B0002346F0E71A461C461346002CF7D0626817
:1011C0008242ECD02146002BF4D01A68002AF2D0DB
:1011D000002BF0D11A46EEE74C4A002070B584B0DF
:1011E000054616E0D5F8103123F00402C5F81021A9
:1011F00013F0040F5BD1002302934FF0FF324FF046
:10120000FF33CDE9002305F580723146314800F007
:1012100093FCEFF31186402383F31288BFF36F8FA3
:10122000D5F8F840002CDDD02368C5F8F830D5F8A3
:10123000FC20944238D0D5F8103143F00203C5F8B1
:101240001031E36843F00102E26023F0040343F04D
:101250000103E360636886F31188BFF36F8F204654
:101260009847EFF31186402383F31288BFF36F8F03
:10127000E36823F00103E36013F0100F21D1E3686A
:1012800013F0020F21D1D5F8103123F00203C5F875
:101290001031C3F3002386F31188BFF36F8F002B47
:1012A000B7D100F081FBB4E7C5F8FC30C3E705F522
:1012B00084740022012120460BF0AFFF0028F8D1F2
:1012C00099E720460BF048FCD9E72046FFF758FF86
:1012D000D9E700BF544A002008B58446084653EABF
:1012E00002010CD0C16841F00801C160DCF80010B7
:1012F00081620549103000F021FD012008BD6146E2
:101300000BF0BEFBFAE700BFE1CA030010B50446CC
:101310001030012200210BF036FB044920460BF06F
:101320003DFCE36843F01003E36010BD25CA0300F1
:1013300008B5014601480BF09BFC08BD683600204B
:1013400008B5014601480BF0EAFC08BD68360020EC
:1013500008B5014601480BF0FBFC08BD68360020CB
:1013600010B5044640B11F2204F178000CF064FA75
:10137000002084F8970010BD014B9C68F3E700BF84
:10138000204A002008B553EA020102D10BF063FDA8
:1013900008BD0249183000F0D1FCF9E79DD00300E8
:1013A0002DE9F04F85B004460F4615461E46DDF880
:1013B00038A0DDF83C90DDF84080DDF84CB000F15D
:1013C00058038365C365129B042211990BF047FDF6
:1013D0002A46394620460BF016FD0546CDF8088012
:1013E000CDF80490CDF800A0334602463946204699
:1013F000F2F7D6FF002363656666C4F868A0C4F8F8
:101400006C90C4F87080EFF31182402383F312884C
:10141000BFF36F8F124B996A61679C6282F31188E8
:10142000BFF36F8FBBF1000F13D01F22594604F199
:1014300078000CF001FA002384F89730084B9B6881
:101440005BB1D3F8A430C4F8A430284605B0BDE899
:10145000F08F002384F87830F0E7C4F8A430F4E784
:10146000204A002010B5114B53F81C4F9C420FD05E
:1014700074B180B90D4B9B685A7B12F01F0F0AD1D3
:10148000A26942B9DA897F2A05D9084A93610BE03B
:10149000064BDC68EDE7054B9B68A34202D0204673
:1014A00000F092FB014B9C6110BD00BF204A002060
:1014B00008B5437B90F90D20002A08DB094B9B6897
:1014C000834214BF00200120FFF7CCFF08BD03F0CA
:1014D0007F0343734268036813605A60002303600C
:1014E0004360EBE7204A0020B3F1FF3F08BFB2F1B1
:1014F000FF3F00D1704708B50249183000F01EFCCC
:1015000008BD00BF9DD00300427B90F90D30002B39
:1015100033DB70B5044612F01F0F01D1866906B1A6
:1015200070BD62F07F024273144B53F81C5F9D4202
:1015300008D1354606E06B68636025601C606C600E
:1015400017E035466DB1294620460BF0C9FC00284E
:10155000F1DC002DF6D0094B1B6A9D42F1D02D68BD
:10156000F0E7064B1A6A03F11C0121606260146007
:101570001C620020FFF776FFD2E77047204A002068
:10158000437B0B425FD170B504460D460B4343735A
:1015900013F0800F22D1082D2BD000260120FFF759
:1015A00061FF102D48D02046F2F7AEFF204600F034
:1015B0006BFB66B1244B01225A731A730022C3F8E5
:1015C0009820C3F89C20C3F8A420204A9360BFF35E
:1015D0005F8F637B23F06003637370BD03F07F0351
:1015E00043734268036813605A60002303604360DA
:1015F000D1E7A3685BB16268236813605A60002377
:1016000023606360627B22F002026273A36004F1D4
:1016100018000BF06CFE04F158000BF06BFC0B4B48
:101620009B68A34201D00026B8E7EFF305830BB90E
:101630000026B3E70126B1E7BFF35F8F637B23F09A
:1016400060036373C9E7704780370020204A002099
:1016500038B505460C46124B9868437B13F0600F73
:1016600005D013F0200F07D00821FFF789FF84F37E
:101670001188BFF36F8F0EE01021F6E7EFF31184AE
:10168000402383F31288BFF36F8F0BF0AAF884F323
:101690001188BFF36F8F6B7B13F0600FEED138BDF5
:1016A000204A0020F8B504460E46154600F15807BA
:1016B0000BF003FCB8B1637B55B120221343637375
:1016C000EFF3058333B131462046FFF7C1FF17E042
:1016D0004022F3E73946104B98680BF028FC30465F
:1016E0000BF0FAFB0CE065B108212046FFF748FF3C
:1016F000094B9B68A34206D086F31188BFF36F8F16
:10170000F8BD1021F1E7EFF30583002BF4D130464B
:101710000BF0E2FBF4E700BF204A002038B5054695
:10172000437B90F90D20002A0ADB6B7B63F07F037B
:101730006B731C4B53F81C4F9C4213D1002411E0D7
:1017400003F07F0343734268036813605A60002309
:1017500003604360E9E763686B602C601D6065604F
:1017600017E000246CB1214628460BF0B9FB002895
:10177000F1DC002CF6D00B4B1B6A9C42F1D02468A4
:10178000F0E7084B1A6A03F11C0129606A601560D2
:101790001D62044B9868A84214BF00200120FFF787
:1017A00061FE38BD204A002010B50C4611460A489B
:1017B00082680A4B1A60EFF31183402383F3128887
:1017C000BFF36F8FDDE9022380680BF0DBFB20465F
:1017D000F2F7E0FC10BD00BF204A0020544A002070
:1017E0002DE9F04105460F460023EFF31186402214
:1017F00082F31288BFF36F8F184629E063686B602D
:101800002C601D60656017E044466CB12146284697
:101810000BF066FB0028F1DC002CF6D01D4B1B6A98
:101820009C42F1D02468F0E71A4B1A6A03F11C01BC
:1018300029606A6015601D620120FFF713FE012018
:1018400001E0AF73002086F31188BFF36F8F01238F
:10185000F3B96B7B13F01F0FF3D1D5F81880B8F1F3
:10186000000FEED103F07F036B736A682B6813607F
:101870005A6000232B606B60AF736B7B63F07F0358
:101880006B73044B53F81C4F9C42BED14446BCE7DB
:10189000BDE8F081204A002008B50B4659B9EFF3A6
:1018A000058242B9064A90699268904203D0084680
:1018B000F2F770FC03E083F31188BFF36F8F08BD6C
:1018C000204A002010B5EFF31184402383F31288DF
:1018D000BFF36F8F437B13F0040F04D184F311889F
:1018E000BFF36F8F10BD23F004034373FFF70CFEAB
:1018F00021460248FFF7D0FFF4E700BF544A00201A
:1019000008B5034650B9EFF305823AB9064A916922
:101910009268914202D0F2F73DFC03E083F3118814
:10192000BFF36F8F08BD00BF204A00200023EFF3F4
:101930001181402282F31288BFF36F8F09E0064BBA
:101940009A68D37B013BD37381F31188BFF36F8F08
:101950000123002BF3D07047204A002010B500234C
:10196000EFF31184402282F31288BFF36F8F0CE0F3
:10197000084B9A68D37B0133D3730020FFF772FDC5
:1019800084F31188BFF36F8F0123002BF0D00BF08D
:10199000FFFB10BD204A002008B502480BF013FCE5
:1019A00008BD00BF384A002070B5EFF31186402310
:1019B00083F31288BFF36F8F1E4B9A68517B01F03F
:1019C0007F01517350681168016048600021116007
:1019D00051609D686A7B62F07F026A7353F81C4F06
:1019E0009C4208D1002406E063686B602C601D6097
:1019F000656017E000246CB1214628460BF070FAB0
:101A00000028F1DC002CF6D00A4B1B6A9C42F1D076
:101A10002468F0E7074B1A6A03F11C0129606A6029
:101A200015601D620120FFF71DFD3046F2F7B2FB85
:101A300070BD00BF204A00202DE9F04150EA0103AB
:101A400037D004460E466FF001031B1A4FF0FF32E9
:101A500062EB0102012B72F100022EDB6FF0010537
:101A60002D1AEFF31188402383F31288BFF36F8F91
:101A7000144FB868144B1860FFF71AFDB868224677
:101A800033461249183000F059F9BA68537B43F0D5
:101A9000100353734046F2F77DFB0BF045FC281A08
:101AA00063EB0303012873F1000300DA0020BDE8B3
:101AB000F081FFF779FF0020F9E70BF035FC0519FD
:101AC000CFE700BF204A0020544A00209DD00300E9
:101AD00008B5B1F1FF3F08BFB0F1FF3F1DD0FFF7E0
:101AE000ABFFC217510141EAD06143011B1A61EB00
:101AF0000201890041EA93719B001B1842EB01022D
:101B0000D20042EA5372DB0047F6FF71581842F1E7
:101B10000002C00B40EA424008BD034B98680BF03E
:101B200058FA4FF0FF30F7E7204A0020014B986841
:101B3000704700BF204A002010B582B0069C9DED82
:101B4000047B8DED007BFFF72FFE1CB1024B9B68E1
:101B50005B69236002B010BD204A0020044BC01A0C
:101B6000C010044B03FB00F0034B01221A547047D2
:101B700078380020ABAAAAAA584A0020C3897F2B34
:101B800011D80E4B1B687BB190F90E200C4B1B68D3
:101B90009A420CDB437B13F01F0F0AD1094B98428A
:101BA00009D0012300E0002303F001007047002367
:101BB000FAE70023F8E70023F6E700BF604A0020B9
:101BC0005C4A00207834002070B505460D4B1E7C21
:101BD00006EB46030C4C04EBC30420460BF087FBDA
:101BE0000A4B00229A552846FFF7C8FF00B970BD7E
:101BF000074B1A68013AD3170649204600F09EF8B1
:101C0000F5E700BF204A002078380020584A00201D
:101C1000604A00205D1B030038B5EFF311854023B7
:101C200083F31288BFF36F8F144B9C68144B1B68AF
:101C3000A34217D0124B00221A60104B1B7C114A92
:101C4000D35C53B12046FFF799FF30B1637B13F0AB
:101C50001F0F0FD02046FFF7B7FF85F31188BFF3A2
:101C60006F8F38BD2046FFF7AFFF85F31188BFF3B4
:101C70006F8FF6E72046FFF751FDEBE7204A002083
:101C8000544A0020584A0020EFF31181402383F387
:101C90001288BFF36F8F0A4B9B6A834204D15A6F3D
:101CA000074B9A6207E0134613B15A6F8242FAD18A
:101CB0000BB1426F5A6781F31188BFF36F8F704782
:101CC000204A002008B50648064A121A06490AF0BA
:101CD000C7FC064A064907480AF0C2FC08BD00BF17
:101CE00000000020240B0020E83D0400000000005C
:101CF000E83D040000000020034B1868984200D023
:101D000070470020FCE700BF9808002030B1044A6B
:101D10005268904201D0006870470020704700BFB1
:101D20009808002008B5044B1B680BB1002008BDC3
:101D3000FCF78CFAFBE700BF644A0020B3F1FF3FD9
:101D400008BFB2F1FF3F77D02DE9F0470446924635
:101D50001D4681600023EFF31187402282F3128831
:101D6000BFF36F8F26E01AF1010845F10009FFF774
:101D7000D9FF18EB000349EBE070236160613BE0A1
:101D8000521A66EB0303026143614368636020609B
:101D90001C60446005E0294B5A682360626014604F
:101DA0005C60FFF7A9FF84423AD087F31188BFF344
:101DB0006F8F0123002B3DD153466FF00101B1EB32
:101DC0000A014FF0FF3060EB0502002ACBDB1C4A12
:101DD000116852685B1842EB05026FF00101C91AE5
:101DE00060EB020308461A46012973F1000301DA89
:101DF0000120002220616261FFF77EFF0028CAD027
:101E00000269466921696369914273EB060EB7DB8B
:101E1000891A63EB060321616361FFF777FFEDE742
:101E2000084B1B68002BC0D10BF044FA0021FCF7D3
:101E3000D3F9BAE7BDE8F087704700BF98080020E3
:101E400090380020644A002070B5EFF311864023DB
:101E500083F31288BFF36F8F2A4B1860FFF74CFF94
:101E6000044623E0284A136851685B1941EBE57189
:101E70001360516000220023C4E9042320460BF0C4
:101E800002FA86F31188BFF36F8FA3682046984744
:101E9000EFF31186402383F31288BFF36F8F194A43
:101EA00013685B1B1360FFF727FF04463CB12569ED
:101EB0006169144B1A68D317AA428B41D2DA44B134
:101EC000236962690F4909685B1A62EBE172236159
:101ED00062610D4A0B4D2868136851681B1841EB6D
:101EE000E0711360516000242C600BF0E3F921468F
:101EF000FCF772F986F31188BFF36F8FFFF78CFE42
:101F000070BD00BF644A00209038002010B5002248
:101F1000EFF31184402383F31288BFF36F8F1346CE
:101F200011460CE0FFF7FEFE074A13685168C3181C
:101F300041EBE07184F31188BFF36F8F0122002A17
:101F4000F0D0184610BD00BF90380020F8B5EFF370
:101F50001183402282F31288BFF36F8F026822B18F
:101F600083F31188BFF36F8FF8BD04461D46826A64
:101F7000C36A52EA030105D0B3F1FF3F08BFB2F1D3
:101F8000FF3F27D1236B01332363236A6BB185F3B2
:101F90001188BFF36F8F236A20469847EFF31185AE
:101FA000402383F31288BFF36F8F04F11803A469F1
:101FB000A3423FD0002C3DD020460BF024F8002354
:101FC000C4F8B03085F31188BFF36F8F20460AF054
:101FD000E5FFC9E716461F46012A73F1000301DA3F
:101FE00001260027013E47F1FF370BF0A1F9013030
:101FF00041F10001801947EB0101012871F1000155
:1020000008DA6FF001024FF0FF330D492046FFF769
:1020100095FEB7E70BF08CF9013041F10001801912
:1020200047EB01036FF00102121A4FF0FF3161EB31
:102030000303EAE785F31188BFF36F8F94E700BFCE
:102040004D1F0300F8B51D46EFF31187402383F3BE
:102050001288BFF36F8FB5F1FF3F08BFB2F1FF3FAA
:102060001FD00646144629466FF00102121B4FF09E
:10207000FF3262EB0502002A18DB30460BF037F91D
:10208000DDE90623C6E90A230023336322462B46F3
:102090000B493046FFF752FE87F31188BFF36F8F6D
:1020A000F8BD87F31188BFF36F8FF9E7012C71F149
:1020B000000101DA01240025013C45F1FF35DCE790
:1020C0004D1F03002DE9F04383B0074616461D4619
:1020D000274B9C68012384F8603084F8613055EA0E
:1020E00002030CBF0123002304F160020BF085FA08
:1020F0008046EFF31189402383F31288BFF36F8F7B
:1021000094F860300BB3002384F8603055EA06037E
:1021100026D000960195174A49461748FFF744FB19
:102120000446EFF31182402383F31288BFF36F8FCD
:102130001546414638460BF0D5F985F31188BFF3B3
:102140006F8F204603B0BDE8F0834A46014638460B
:102150000BF0C8F989F31188BFF36F8F0024F0E703
:1021600089F31188BFF36F8F6FF00A04E9E700BFAE
:10217000204A0020A0080020684A002038B5034605
:10218000EFF31185402282F31288BFF36F8FC16095
:10219000012282600068834210D0426803681360A5
:1021A0005A6000230360436001210BF0A2FA044649
:1021B00029460548FFF770FB204638BD85F3118896
:1021C000BFF36F8F0024F7E7684A002038B5044654
:1021D0000D460AF012FE48B9054B9B68D3F8A400DF
:1021E00018B12A462146EAF71BFA38BD0020FCE761
:1021F000204A002030B599B00546684600F028F81E
:102200006946044608A800F053FA08A90443284682
:1022100000F08AF9204619B030BD00BF70B598B003
:1022200005466846164600F013F83146044608A8ED
:1022300000F046F908A96A460443084600F082F90E
:1022400008A90443284600F06DF9204618B070BD77
:1022500070B50B68124E1BBAC3614B681BBA836121
:102260008B681BBA4361CB681BBA03610B691BBA4D
:10227000C3604B691BBA83608B691BBA4360CB692F
:102280001BBA3246036001460446DAF773FC314656
:10229000054602462046DAF78DFC681E70BD00BF79
:1022A000CC3A04002DE9F04188B00C46064602F114
:1022B0002001684606F120079046DAF761FF6A467A
:1022C00069466846DAF77EFE69463846DAF758FF0F
:1022D0003A463946384604F12005DAF773FE6A4675
:1022E00069466846DAF76EFE41462846DAF748FF47
:1022F0006A4641463046DAF72BFF2A4629466846A9
:10230000DAF760FE2A4669466846DAF75BFE124A4B
:1023100069466846DAF756FE69462046DAF730FF26
:10232000324621462046DAF78BFE324621462046C9
:10233000DAF786FE224631462846DAF781FE6A46FB
:1023400029462846DAF704FF3A4629462846DAF7AE
:1023500077FE08B0BDE8F081AC3B0400F0B599B061
:1023600004460D460A4601466846DAF769FE6946A4
:102370006846DAF705FF6A46214608A805F12006F7
:1023800004F12007DAF7E4FE6A4629466846DAF7E0
:10239000DFFE3246394610A8DAF714FE32463946D7
:1023A0003046DAF74DFE31462846DAF7E9FE6A464E
:1023B00008A92046DAF706FE224629462846DAF71B
:1023C0003FFE6A4608A96846DAF73AFE6A46394689
:1023D0003846DAF7BDFE2A4608A96846DAF730FE25
:1023E0006A4631463046DAF7B3FE3A463146304661
:1023F000DAF726FE10A96846DAF7C2FE22466946D9
:102400002046DAF71DFE08A922460846DAF718FE2C
:1024100010A908AA0846DAF79BFE3A4610A93846E2
:10242000DAF70EFE19B0F0BD2DE9F04188B00C4688
:10243000054690460A4601466846DAF701FE6946B7
:102440006846DAF79DFE6A462946284604F12006CA
:10245000DAF77EFE05F120076A4621466846DAF77C
:1024600077FE324639463046DAF7EAFD31462046F5
:10247000DAF786FE2A4621462046DAF7E1FD6A466B
:1024800021462046DAF7DCFD6A4629464046DAF75F
:10249000D7FD424639463846DAF75AFE22462946E3
:1024A0006846DAF7CDFD6A4631463046DAF750FE27
:1024B0003A4631463046DAF7C3FD08B0BDE8F08150
:1024C00070B500F1200690B00D46044600F014F9F6
:1024D00005F12001304600F00FF9214608A8DAF78F
:1024E0004FFE08A908460D4ADAF76CFD08A92246F6
:1024F0000846DAF72DFE08A9094A0846DAF762FD10
:1025000031466846DAF73CFE202269460DEB0200B0
:10251000DAF72AFD013810B070BD00BFAC3B0400F3
:102520008C3B040000F002B938B504460D4600F0BB
:10253000FDF805F1200104F12000BDE8384000F06D
:10254000F5B800BF2DE9F0471346B8B0544A8946A4
:102550008046194610A8DAF70DFB5249024610A82A
:10256000DAF728FB179E4E4900EAD6760746C6F1F1
:10257000010210A8DAF71EFB179B4A466FEA030A0E
:1025800028A918A8FFF78EFE4FEADA7A20A9CAF127
:102590000102084600F092F8C7F10107FE246A46DE
:1025A00018A928A8FFF740FF631138AA02EB83039C
:1025B00004F01F0253F8A03CD340554603F0010A33
:1025C0008AEA05052A4628A918A8DAF74FFB2A4601
:1025D00030A920A8DAF74AFB013C28A918A8FFF780
:1025E000BDFE631CDBD1CAF1010220A908A800F0DE
:1025F00065F886EA0A066A4618A928A8FFF714FFB4
:1026000028A9324618A8DAF731FB324630A920A8AB
:10261000DAF72CFB08A96A460846DAF799FD08A9FB
:10262000084600F09DF808A908F1200409F12002ED
:102630000846DAF78DFD20A908AA2046DAF788FDBA
:1026400008AA18A96846DAF783FD69466846DAF7EA
:1026500097FD18AA694608A8DAF77AFD2146684668
:10266000DAF78EFD08AA69461046DAF7E9FC0E4A49
:1026700008A96846DAF7E4FC20462021DAF788FC4E
:1026800008A9024644426846DAF7F0FA4046074A8B
:102690006946DAF75DFD3C43204638B0BDE8F08777
:1026A0000C3B04002C3B04008C3B0400EC3A04007F
:1026B0000A460149FFF746BF4C3B040070B588B09D
:1026C00004460D4616460021202268460BF09CF871
:1026D000002329462022204600930BF06DF82A465D
:1026E00069466846DAF7ACFC324669462046DAF7B6
:1026F000BDFA08B070BD00BF0B681BBAC3614B6860
:102700001BBA83618B681BBA4361CB681BBA036138
:102710000B691BBAC3604B691BBA83608B691BBA18
:102720004360CB691BBA0360704700BFCB691BBA1B
:1027300003608B691BBA43604B691BBA83600B69EA
:102740001BBAC360CB681BBA03618B681BBA4361B9
:102750004B681BBA83610B681BBAC361704700BF2B
:1027600070B598B00D46064610A8DAF709FD2A465E
:1027700010A96846DAF7ECFC694610A8DAF700FD04
:1027800010A90846DAF7FCFC6A4610A908A8DAF78F
:10279000DFFC08A910A8DAF7F3FC10A90846DAF75D
:1027A000EFFC10A90846DAF7EBFC10A90846DAF7A7
:1027B000E7FC10A908AA0846DAF7CAFC10A90846DF
:1027C000DAF7DEFC10A90846DAF7DAFC10A96A4647
:1027D00008A8DAF7BDFC052408A910A8DAF7D0FC90
:1027E00010A90846DAF7CCFC013C10A9F5D108AADB
:1027F0000846DAF7ADFC052410A90846DAF7C0FC54
:1028000010A90846DAF7BCFC013CF5D110A908AACA
:102810000846DAF79DFC10A908A8DAF7B1FC08A968
:102820000846DAF7ADFC08A96A466846DAF790FC74
:102830001024694610A8DAF7A3FC10A90846DAF7B5
:102840009FFC013C10A9F5D12A460846DAF780FC26
:10285000402410A90846DAF793FC10A90846DAF7D5
:102860008FFC013CF5D110A96A460846DAF770FCE6
:10287000102410A90846DAF783FC10A90846DAF7F5
:102880007FFC013CF5D110A96A460846DAF760FCE6
:10289000102410A90846DAF773FC10A90846DAF7E5
:1028A0006FFC013CF5D110A908AA0846DAF750FCE4
:1028B0002A4610A93046DAF74BFC18B070BD00BFAD
:1028C0000CB430B589B005460C461C22002101A885
:1028D0000AF09AFF02238DF806300E4B02930595FD
:1028E00023462CB1B4F1004F28BF4FF00043013B09
:1028F0001D440DAA0C99069501A8009200F0A8F8B5
:1029000014B1059B00221A7009B0BDE8304002B036
:10291000704700BF17DC03002DE9F0410126074690
:10292000B24201DCBDE8F0813B461F4613F8014B83
:10293000002CF7D0252CF8D11C78252C07F10207A4
:10294000F2D00023DFF804819C461D461F2D18D8C5
:10295000A4F1200EBEF1100F09D9A4F1300EBEF182
:10296000090F1ED80A2404FB03E3202504E028FAFB
:102970000EFE1EF0010F06D017F8014B002CE5D11A
:1029800028E07F2D1CD8A4F1300EBEF1090FE9D943
:10299000242C10D1BCF1000F46D0B34246D0002306
:1029A000EAE724F0040EBEF12A0FF8D06C2C09D10E
:1029B00045F08005E0E724F0040EBEF12A0FEED0CA
:1029C0006C2C22D06C2C1BD8682C23D06A2C28D0DD
:1029D0004C2C26D0BCF1000FA4D0B445A0D144F0BB
:1029E0002007A7F1650CBCF1020F0B6801D9612F1C
:1029F0001ED1073323F0070308330B6001368EE73F
:102A0000742CB9D07A2CB7D0E4E72C0648BF45F433
:102A10000075CDE7EC0548BF45F4007545F48075B9
:102A2000AAE745F42075A7E79C46B8E76324D6E7F4
:102A3000692C02D007D8632C03D02F0601D5AC0532
:102A4000D7D40433D9E7732CF6E700BF89280100F7
:102A50002DE9F04F93B0436801938378804698073F
:102A6000CDE9061217D50B920B4600251F78A7B1AA
:102A7000252F16D001330593019B414638469847D0
:102A8000002805F1010580F2528498F8023043F0E5
:102A9000040388F802304FF0FF35284613B0BDE834
:102AA000F08F5F789A1C252F0592E5D000242646EA
:102AB000A246A346BBF11F0F32D8A7F12003102B6B
:102AC0000AD8DFE803F02409092A0909091B0909C2
:102AD0000922092709091900A7F13003092B2DD96B
:102AE0002A2F39D154B90B9B1BF0400F53F8042BFC
:102AF0000B9329D0164601E04BF0010B059B13F810
:102B0000017B0593002FD5D15BE04BF0020B4BF01E
:102B1000040BF3E74BF0080BF0E74BF0100BEDE77D
:102B2000BBF17F0F3FD8A7F13003092BD8D81BF09A
:102B3000400F03D00A2202FB0636DFE70A2202FB1F
:102B40000A3A4BF0200BD9E7B2F1000AF9DACAF1E0
:102B5000000A4BF0280BD1E72E2F05D11BF0400FB8
:102B60009BD14BF0400BC9E7242F1CD1002C00F067
:102B70004381079B0B931BF0400F0AD152460698E6
:102B80000BA9FFF7C9FE0B9B1A1DD3F800A00B92EF
:102B9000B4E7324606980BA9FFF7BEFE0B9B1A1D41
:102BA0001E680B92AAE76C2F00F0138100F20A81D5
:102BB000682F00F016816A2F00F01B814C2F00F067
:102BC000188134B1079B06980B9322460BA9FFF797
:102BD000A3FE002E47F02003B8BF2BF0400B02935A
:102BE000A3F16503BCBF1FFA8BFB0026022B40F24A
:102BF0000881029B612B40F08382FF4307F0200392
:102C000004930B9B073323F0070303F108021BF027
:102C1000400F93ED000B0B9218BF3146049A08BF8A
:102C20004FF0FF310CA80AF036FF431CDBB24BF427
:102C3000C0540393DDF8309070230646A346012765
:102C4000029309F10903122B0CD909F16303C62B76
:102C500040F2118109F2E73340F2CE72934294BF01
:102C6000032704279DF8342002F00C0312F0010220
:102C700040F01C811BF0020F40F015811BF0040492
:102C800000F0FB80002B40F0148120231BF4405FF8
:102C900021D1039A4832002E6A4408BF0126133A14
:102CA000039921B112F8011D302900F039811BF080
:102CB000100F039A18BF324619F1040FC0F2358184
:102CC000B14580F232814A454BF4005B40F32F81DD
:102CD00009F10106961B1BF40052089200F02981AD
:102CE00029EAE974013403B10134002E00F028818F
:102CF000721C1444A245CCBFAAEB040400241BF0B0
:102D0000090F04D12C44A54240F01F81002443B197
:102D100018464146019B9847002805F10105FFF63A
:102D2000B4AE1BF4006F13D0019B4146302098478E
:102D30000028FFF6AAAE049BC3F178004146019B30
:102D400000F0F8009847002805F10205FFF69DAE57
:102D50001BF0080F05D12C44AC4240F002812546FF
:102D60000024089B002B00F02C8129EAE97AA9EBCA
:102D70000A027642039B0292934284BF0CABD318A3
:102D80000AF1FF3A8CBF58793020564505F101070A
:102D900000F3F180019B41469847029A002802F116
:102DA0000102FFF672AEBAF1FF3F09D1019B029218
:102DB00041462E2098470028FFF667AE029AAF1CC6
:102DC0003D46D7E7742F3FF499AE7A2F3FF496AE85
:102DD000F7E61BF0800F18BF4BF4007B4BF0800B25
:102DE0008CE61BF4807F18BF4BF4007B4BF4807B98
:102DF00084E64BF4207B81E62646B3465446B24631
:102E00007CE6FF4307F0200304930B9B073323F07A
:102E1000070303F1080293ED000B029B0B921BF0DA
:102E2000400F08BF0626652B11D1711C0022C9B2C4
:102E30004BF4805B1346112928BF11210CA800F028
:102E40003DFBC3B2DDF8309003930227F9E6029B05
:102E5000662B05D14BF4005B334601221121EAE7D2
:102E6000F1B201294FF000024FF0650038BF012197
:102E700013460290DFE70227F4E6002B3FF406AF8B
:102E8000BAF1030F3BDC9DF834309B4E13F0080F72
:102E90009A4B08BF1E46B1464F4619F8010BB0BB0E
:102EA000AE1B374488E033BB2B23EFE62BBB2D232F
:102EB000ECE62022BAF1040F13DD1BF0080FAAF193
:102EC00004040FD12C44019B0292414620209847D4
:102ED000002805F10105FFF6D8ADA542029AF2D10E
:102EE0009AB10024019B414610469847002805F1FD
:102EF0000105C8DAC9E52B22DCE72D22DAE71BF051
:102F0000080FAAF10304BED1DCE71446BBE7049B1B
:102F1000C01A4146019BC0B298470028BCDAB4E50C
:102F200003990139C9B20391BAE6561ED3E60026C9
:102F3000D1E61BF4006F0CBF032405243C44D2E609
:102F40001BF0100F18BF0134D4E609934146019BD2
:102F5000202098470028099B05F10105BFF6D3AE54
:102F600093E5019B414630209847002805F1010573
:102F7000BFF6F2AE89E5D1450AD19DF83530352B43
:102F80001DD805D19DF8343013F0100F08BF312043
:102F9000019B414698470028FFF677AD1BF0100FC4
:102FA0000AD0BAF1FF3F07D1AF1C41462E20019B4A
:102FB00098470028FFF669AD3D463C443EE231208B
:102FC000E6E79DF8350031281EBF9DF8343023F028
:102FD00010038DF834304146019B98470028FFF6D6
:102FE00054AD002E6BDD019B41462E2098470028F2
:102FF000FFF64BAD4FF0010A039B9A45BBBF0CABEC
:10300000534430205879019B414698470028D346C5
:10301000FFF63BAD0AF1010A5645EDDA02355D4493
:10302000029B049A981A4146019BC0B29847002817
:10303000FFF62BADB9F1000F04DB4ED19DF8343013
:10304000DB064AD5C9F100092D20019B414698476E
:103050000028FFF61AAD042F41D14FF47A7799FB7F
:10306000F7F606F13000019B4146C0B298470028B0
:1030700005F10305FFF609AD07FB1699642799FBD7
:10308000F7F606F13000019B4146C0B29847002890
:1030900005F10105FFF6F9AC07FB16990A2799FB24
:1030A000F7F606F13000019B4146C0B29847002870
:1030B00005F10105FFF6E9AC07FB169915E01BF0D9
:1030C000100F01D10135ABE7019B41462E209847F7
:1030D000002805F10205A3DAD7E42B20B5E7032F7A
:1030E00005F10205CAD0012FD8D109F130006F1CBB
:1030F0004146C0B25BE700BFDB3D0400D73D0400A2
:10310000A7F16303122B00F2FB80DFE813F013003A
:103110005300F900F900F900F9005300F900F90033
:10312000F900F900F9001301F400F900F900280092
:10313000F900B5000B9B1A1D1B680B928DF83030FF
:1031400001240CAF1BF0080F2AD007EB04093E4600
:103150004E4527D1EF1B3744AAEB04042CE70B9B09
:103160001A1D0B921F68AB4B002F08BF1F461BF0A8
:10317000400F14BF31464FF0FF31384608F0B5FD1F
:103180000446DFE7019B4146202098470028FFF6D0
:103190007CAC013EB442F5D35544AD1BB246D4E7F6
:1031A0005646F7E716F8010B019B41469847002861
:1031B000CEDA6AE41BF0800F0B9B35D01BF4007F46
:1031C0002DD0073323F00703D3E9000103F10802F0
:1031D0000B922BF0100900291FFA89F936DA4042C8
:1031E00061EB410149F480690DF1300B0A235A4625
:1031F0000AF032FB19F0400FA0EB0B0B65D029F061
:1032000001025E4592B240F3B280002F00F0A98027
:1032100019F010033446914626D002345CE01A1DA2
:1032200018680B92C117D4E71A1D1BF4807F196828
:103230000B9201D10846F5E71BF4007F15BF48B299
:1032400008B241F3C01141F3C031C2E750EA0103B3
:10325000CAD11BF0400FC7D0002EC5D12BF0110BE7
:103260001FFA8BF93446B34640F2064319EA0303CA
:103270001CBF013400232FE02BF0100B1FFA8BFB37
:103280000A231BF080040B9A57D01BF400711DBF5A
:10329000073222F0070202F10801101D19BF0B913D
:1032A000D2E900010B90106850EA010252D12BF0D4
:1032B00016091BF0400F1FFA89F94FD0002E4DD18F
:1032C0002BF0170B1FFA8BF9B34619F0100352D0ED
:1032D000002F4ED10BF1010419F0080F5ED119F047
:1032E000010F06D0A2456DDDAAEB040404EB0B062A
:1032F000544622464DE04BF0100B10237827C0E7D0
:10330000029B782B04D1C7F1780343F01003B8E790
:10331000019B4146252098470028FFF6B6AB019B4C
:103320004146384698470028FFF6AFAB0235059B6B
:10333000FFF79CBB08230027A3E7111D0B911BF48B
:1033400080711068B0D01BF400711ABFC0B2214662
:1033500080B2A9E72BF0060B1FFA8BF90DF1300BA9
:1033600045E729F011091FFA89F934467CE79146AF
:10337000ABE75C4651E75C4676E7CDE90223414680
:10338000019B202098470028FFF67FAB029A039B01
:1033900001329245F1DC2C1BA5181446EBB1019BC0
:1033A0004146302098470028FFF66FAB67B90135DA
:1033B0002F462E44F31B5B4521DC5D460CAE5DBB06
:1033C0005F44C9E65E4694E7023541463846019BB4
:1033D00098470028ECDAFFF758BB40F2064319EA99
:1033E000030FE5D019F0020F14BF2B20202019F491
:1033F000806F05F10105414618BF2D20E7E7019BCD
:10340000414630209847002807F10107D2DAFFF73C
:103410003CBB00BFDF3D0400013D019B705D4146A8
:1034200098470028CBDAFFF730BB019B41462020AC
:103430009847002805F10105FFF627AB631B002B19
:10344000F3DC74E7F0B589B005460C46164600215A
:103450001C2201A81F460AF0D7F902238DF8063076
:103460000B4B0293059520462CB1B4F1004F28BFB9
:103470004FF00040013805443A46314601A8069510
:10348000FFF7E6FA14B1059B00221A7009B0F0BDEF
:1034900017DC03001FB502AB0093074A4FF0CC3393
:1034A0000AF0BFFADDE90201C00840EA4170C9082C
:1034B00005B05DF804FB00BFCDCCCCCC2DE9F04FBE
:1034C00055EC104B9DB0CDE90B122A460D93290DFA
:1034D000C5F31303D20FC5F30A5507908DED050A06
:1034E0000A9275B922461A431BD1302343710A9BB5
:1034F000056043F002030371012738461DB0BDE8A3
:10350000F08F40F2FF7295424DD1059A13430A9B0A
:10351000079A14BF43F0080343F004031371002714
:10352000EBE7059AB24D02F001020992059A4FEAC3
:10353000830848EA9278970001229A461646C5F118
:10354000000B5846089200F015FAB5F1FF3FACBFEA
:103550008146A0F10109ABEB090B09EB05035846C5
:10356000069300F00DFA18A9A0F17D05584600F069
:1035700027FA14AB089A0193A9EB050512AB029246
:10358000009305982B4618AA51460AF08DF9B9F117
:10359000010F04460D4600F2D880099B002B40F035
:1035A000CB8001276FE0059A02F001020992059A8B
:1035B00043F4801A4FEA8A081343A5F2354548EAD6
:1035C00092784FEA82074BD140F2FE7319420CBF4A
:1035D00001260026002D3246B1DB284600F0C4F952
:1035E0000346032DC8BF013B1846069300F0C8F9F7
:1035F000069B7C305D1B054418A9184600F054FA60
:1036000014AB019312AB0093059802962B4618AAAF
:1036100051460AF049F9069B152B04460D4600F267
:10362000888016AB734A009338464FF0CC3341463E
:103630000AF0F7F9169B179A9B0843EA827303EB8B
:103640008303BB42DDE9129A0CD13846414600F0B3
:103650009FF9069B83428CBF00270127002612E0BA
:103660000126B7E7099B002B53D1013F48F1FF31F9
:10367000B81B61F1000100F08BF9069B099F8342A2
:103680008CBF002601260C9B002B40F09280DDF8B9
:103690002CB04FF00008CDF82080CDF814804FF00A
:1036A0000A0ADDE91201FFF7F5FE149B1093CDE93C
:1036B0000E0118461599FFF7EDFE0E9B0F9A11911A
:1036C00098420B469341814680F08D8020462946E2
:1036D000FFF7E0FE109A0AFB09F3934214BF00269D
:1036E00006F001060E9B12930F9BCDE91339119B37
:1036F0001593089BB8F1000F14BF002707F00107CE
:1037000001330AFB10485FFA88F8089304460D4617
:10371000C7E7B81C48F1000100F03AF9069B834264
:103720008CBF00200120B9EB00006AF10002CDE956
:10373000120200273E46A6E7129B139A013B42F174
:10374000FF32CDE91232012788E7B9F13E0FF0D8F8
:103750004FF0FF33A9F1200003FA09F203FA00F059
:10376000C9F1200123FA01F102430A4303FA09F3E4
:1037700027EA030728EA020857EA08070CBF0127CF
:1037800000276BE700FB02FCA1FB0012013362443F
:103790008C4275EB020CF5D2069A13440D9A134431
:1037A000012B0B9AB8BF01239A42A8BF1A46934631
:1037B0006FE70A21002201230846E9E70AFB03F02C
:1037C000A2FB0A2301310344944275EB0300F5D2B6
:1037D000594511DDBBF1000F02D154EA05030BD0AE
:1037E0000123059372E70A2200230121ECE700BFC1
:1037F000CCFBFFFFCDCCCCCC7EB34FF00A0A149BA0
:1038000015990F931846FFF745FE0F9B0E910AFB83
:1038100000F29A42814620D1DDE91201FFF73AFE1B
:1038200010900F9120462946FFF734FE0F9B109A07
:103830001292CDE913390E9B1593089BB8F1000F36
:1038400014BF002707F0010701330AFB10485FFA95
:1038500088F8089304460D46D1E7069B089A13445E
:103860009946002F58D0B8F1050F55D114F0010337
:1038700048D1059A32B9DDE914239D4208BF94422C
:103880005DD0059B18194FF00A0445F10001002294
:1038900001262546A04271EB020753D2E3B1B3459E
:1038A0001ADA0C9B63B10D9A06EB09031A4422EA5B
:1038B000E2730B9A9A42A8BF1A46964293460BDDD2
:1038C00005304FF00A024FF0000341F10001D9F733
:1038D00017F909F10109013E5E45A8BF5E4637B2FE
:1038E0000FFA89F9079B09FA86F607F10508013EE8
:1038F00098444FF00009B9452BDB079B0A9A1E60DC
:103900001A71FAE5059B2BB9DDE914239D4208BF26
:10391000944209D00123B5E7059B53B9DDE914238F
:103920009D4208BF944204D1099B002BF2D1002E86
:10393000F0D0B8F1040F94BF00230123A2E74FF0A9
:103940000408F1E705FB02F7A4FB054201363A44FF
:10395000A0E70A220023D9F7D3F8303208F8012D66
:1039600009F10109C7E700BF014B5843800C7047BC
:1039700041340100014B5843000D7047FB2E0B00F2
:10398000024B5843C00C0130704700BF4F931200E8
:103990000A4A70B503464FF0CC3600204FF033355D
:1039A00006FB03F402FB0144A3FB023121449D42C8
:1039B00075EB010401D30130F2E770BDCDCCCCCC66
:1039C0002DE9F04F1A23354EB0FBF3FA03FB1A032F
:1039D00089B004460D4606EB0A1653B9D6E9002312
:1039E000C1E90023D6E90201C5E9020109B0BDE839
:1039F000F08F2B4A02EBC303D3E9008904AB009399
:103A0000D6E90223404649460AF00BF806AB00937C
:103A1000D6E9002383460F46404649460AF001F89E
:103A2000DDE9066216EB0B0652EB07084FF00003C8
:103A300028BF0123814633B1049B059A013342F12B
:103A40000002CDE9043220460391FFF799FF0746B3
:103A50001A2000FB0AF0FFF793FF3F1A3246434655
:103A600003990097484609F0F7FF4FEA141C0D4AE6
:103A7000640004F01E0352F82C40DC4004F0030400
:103A8000241841F10001C5E90041DDE90423009754
:103A90003046414609F0E0FFA6E700BF48E40300D6
:103AA00078E30300CC3B04002DE9F04F1A27DFF840
:103AB000ECA000F11905B5FBF7F56F433A1A4FEA90
:103AC000051B89B004460E460AEB05150AD1D5E957
:103AD0000023C1E90023D5E90201C6E9020109B0CA
:103AE000BDE8F08F2B4B03EBC203D3E9008904AB95
:103AF0000093D5E902234046494609F092FF5AF85F
:103B00000B206B68013ACDE9020106A963F10003BD
:103B100000914046494609F084FFDDE906528A4695
:103B200002996D18039952EB01084FF0000328BF6A
:103B30000123814633B1049B059A013342F100020F
:103B4000CDE904323846FFF71BFF07462046FFF752
:103B500017FF3F1A2A46434600974846514609F048
:103B60007BFF4FEA141C0C4A640004F01E0352F859
:103B70002C40DC4004F003040134241841F100011E
:103B8000C6E90041DDE9042300972846414609F0D3
:103B900063FFA2E778E30300203C040018E503007C
:103BA000704738B5836805699C697CB112F4000FD1
:103BB00006D02D6801238B401D4201D082F0C062E7
:103BC00002F0B05302F0B072A04738BD6FF057005A
:103BD000FBE738B513468568046912F4801F07D0E7
:103BE00012F4402F04D012F0010F01D082F44023D0
:103BF00023F4801213F0010F0AD023684FF0010C58
:103C00000CFA01FC43EA0C0323602B68984738BD8B
:103C100023684FF0010C0CFA01FC23EA0C0323602B
:103C2000F3E708B503468C4600681979DA8842EA5A
:103C30000C02FFF7CEFF08BD38B50C460569836856
:103C40005B68984718B923682A685340236038BDD9
:103C500010B582B00C4601A9FFF7EEFF30B9012381
:103C6000A340019A134214BF0120002002B010BDEE
:103C700008B532B1012303FA01F18368DB68984784
:103C800008BD012303FA01F183681B699847F7E730
:103C900010B503691C6801238B401C4202D0B2FAA4
:103CA00082F25209FFF7E4FF10BD08B58368DB69B3
:103CB00013B10122984708BD6FF05700FBE708B524
:103CC000EDF71EFB08BD08B5EBF75CFD003818BF2B
:103CD000012008BD08B500210220EDF7A9F8002158
:103CE0000120EDF7A5F800210846EDF7A1F808BD81
:103CF00008B5EAF789FC00B108BDEBF737FD0028ED
:103D0000FAD1EDF775F9F7E708B5E8F7DFFD08BD7B
:103D100008B5E8F729FF08BD70B50024264608E07D
:103D2000651C012C04DC40F267600021FDF7D0FE29
:103D30002C46022C05DCE8F7C7FC0028F0D0013641
:103D4000EEE7012ED4BF0020012070BD08B5EAF7D0
:103D50005BFC10B9EBF70AFD08B1E9F701F808BD03
:103D600010B586B000240094019402940394049446
:103D7000059401910292ADF80C306946F8F712FAF9
:103D800006B010BD2DE9F04184B005460C4616463C
:103D90001F46D1F80C80EBF793FB10230293CDF86C
:103DA0000480BDF8283000933B4632462146284621
:103DB00005F08FF804B0BDE8F08108B5EAF702FE1F
:103DC00008BD08B5ECF76EF800210220EDF730F8D9
:103DD00000210120EDF72CF800210846EDF728F826
:103DE0000020ECF7A5FEECF7B1FFEDF701F908BDF7
:103DF00008B5FFF7E6FF08BD08B5ECF771F808BD98
:103E000038B5836805699C697CB112F4000F06D04F
:103E10002D6801238B401D4201D082F0C06202F068
:103E2000B05302F0B072A04738BD6FF05700FBE707
:103E300038B513468568046912F4801F07D012F460
:103E4000402F04D012F0010F01D082F4402323F45C
:103E5000801213F0010F0AD023684FF0010C0CFA06
:103E600001FC43EA0C0323602B68984738BD2368A4
:103E70004FF0010C0CFA01FC23EA0C032360F3E77A
:103E800008B503468C4600681979DA8842EA0C02C4
:103E9000FFF7CEFF08BD08B58368DB6913B10122C7
:103EA000984708BD6FF05700FBE708B5ECF7F6FD43
:103EB00008BD08B5ECF722FF00B108BDECF7FCFE29
:103EC000FBE738B5836805699C697CB112F4000F83
:103ED00006D02D6801238B401D4201D082F0C062C4
:103EE00002F0B05302F0B072A04738BD6FF0570037
:103EF000FBE738B513468568046912F4801F07D0C4
:103F000012F4402F04D012F0010F01D082F44023AC
:103F100023F4801213F0010F0AD023684FF0010C34
:103F20000CFA01FC43EA0C0323602B68984738BD68
:103F300023684FF0010C0CFA01FC23EA0C03236008
:103F4000F3E708B58368DB6913B10122984708BD20
:103F50006FF05700FBE708B5437933B1014651F8DC
:103F6000060B83681B68984708BD6FF08500FBE768
:103F700038B513468568046912F4801F07D012F41F
:103F8000402F04D012F0010F01D082F4402323F41B
:103F9000801213F0010F0AD023684FF0010C0CFAC5
:103FA00001FC43EA0C0323602B68984738BD236863
:103FB0004FF0010C0CFA01FC23EA0C032360F3E739
:103FC00008B503468C4600681979DA8842EA0C0283
:103FD000FFF7CEFF08BDA0F5FA6040F6B83398426F
:103FE0008CBF00200120704730B583B0844608465E
:103FF00015461C461B680CFB03F3019301A9F8F757
:104000000BFD10B9019B2B41236003B030BD4279F9
:10401000C2B108B584460B46C279042A0ED0C089C5
:104020009CF810209CF80A1011F0200F01D0013AE2
:10403000D2B29CF80610FFF7D7FF08BD026892685D
:104040001089EDE76FF08500704708B5EDF716F8B9
:1040500008BD452806D840F6D1739942D4BF002048
:10406000012070470120704708B5EDF7BDFAECF765
:1040700045FE00210846ECF7DBFE00210220ECF7AC
:10408000D7FE00210120ECF7D3FEECF715FE08BDAA
:1040900000EBC1018368B3F5004F0AD322B14B682E
:1040A00043F001034B6070474B6823F001034B6002
:1040B000704722B14B8843F001034B8070474B8817
:1040C00023F001034B807047C9008368B3F5004FAC
:1040D00003D308231944084470470423FAE710B4B3
:1040E00000EBC10C8468B4F5004F19D3DCF80C3038
:1040F000994218D0B4F5004F22D3DCF808100432EE
:1041000040F8223000EBC102B4F5004F1BD3D3605E
:1041100000EBC3038268B2F5004F16D399600CE040
:10412000BCF80630E4E7C3680121914023EA0103AB
:10413000C3600432002340F822305DF8044B70471E
:10414000BCF80410DBE7D380E2E79980F5E7131DA4
:1041500050F82330DBB9C3684FF0010C0CFA02FCB5
:1041600043EA0C03C360043240F8221000EBC103A1
:104170008268B2F5004F06D399608268B2F5004FAD
:1041800003D3D96070479980F7E7D980704710B59D
:1041900000EBC30C8468B4F5004F1CD3DCF8082096
:1041A00000EBC10EB4F5004F18D3CEF80820846898
:1041B000B4F5004F15D3CEF80C3000EBC202836883
:1041C000B3F5004F10D3D1608368B3F5004F0DD322
:1041D000CCF8081010BDBCF80420E1E7AEF80420CC
:1041E000E5E7AEF80630E8E7D180EDE7ACF804107B
:1041F000F0E730B400EBC10C8468B4F5004F29D36C
:10420000DCF80450531A891A01EB55015D00B4F52E
:10421000004F22D3CCF804504C0000EBC20C856850
:10422000B5F5004F1CD3CCF804408468B4F5004FBA
:1042300019D340F832308368B3F5004F16D3DCF859
:10424000044002EB5402B3F5004F12D340F8321091
:1042500030BC7047BCF80250D4E7ACF80250DBE742
:10426000ACF80240E1E720F83230E4E7BCF8024065
:10427000E7E720F83210EBE730B400EBC1018468C7
:10428000B4F5004F1ED34B685B0800EBC20CB4F5CD
:10429000004F19D3DCF8045003EB55035D00B4F56F
:1042A000004F14D34D608168B1F5004F11D3DCF895
:1042B000044002EB5402B1F5004F0DD340F8323008
:1042C00030BC70474B88DFE7BCF80250E4E74D8014
:1042D000E9E7BCF80240ECE720F83230F0E7836809
:1042E000B3F5004F04D30823C91A081AC008704751
:1042F0000423F9E708B58368B3F5004F07D300EB53
:10430000C10252685208012A02D0002200E00022B5
:10431000A2B900EBC102B3F5004F10D352685208A6
:10432000B3F5004F0DD308230833A2EBD3020132BB
:10433000B2FA82F2C2F11F02FFF7D1FE08BD528825
:10434000EDE70423F0E708B58368B3F5004F07D322
:1043500000EBC10252685208012A02D0002200E09C
:104360000022A2B900EBC102B3F5004F10D352688E
:104370005208B3F5004F0DD308230833A2EBD30244
:104380000132B2FA82F2C2F11F02FFF7E0FE08BD6D
:104390005288EDE70423F0E7F8B504460D46CE0059
:1043A00000EBC1078368B3F5004F1FD3796805EBB5
:1043B000510104EBC102B3F5004F19D3536813F058
:1043C000010F17D0A368B3F5004F24D3A159691A80
:1043D00004EBC102B3F5004F1FD3536813F0010F74
:1043E0001DD029462046FFF7AEFFF8BD7988DEE7ED
:1043F0005388E4E72046FFF77DFFA368B3F5004F3D
:1044000007D37A6805EB520229462046FFF734FFAE
:10441000D8E77A88F6E7A15BD9E75388DEE720463C
:10442000FFF768FFA368B3F5004F0CD3A1592A46E4
:10443000691A2046FFF720FFA368B3F5004F04D3A5
:10444000A359ED1ACDE7A15BF1E7A35BF9E7F8B556
:104450008568B5F5004F10D308230833A1EBD303CB
:104460000133B3FA83F3C3F11F02C3F1230450F8FD
:10447000246046B34FF0030C12E00423EDE7BEF8CE
:10448000027017E02146FFF72AFE24E0BEF806403E
:10449000171D40F82740BCF1010C14D0A64212D0E1
:1044A000141D50F8244000EBC40EB5F5004FE6D3C0
:1044B000DEF80470B1EB570FE4D9B5F5004FE5D342
:1044C000DEF80C40E4E7C468C3F120020123934006
:1044D0005B421C4001D12046F8BD94FAA4F2B2FA26
:1044E00082F2131D50F823402146FFF7F8FDF2E752
:1044F00079B138B505682846FFF7F1FE0446002279
:1045000001462846FFF7C4FD21462846FFF744FF31
:1045100038BD704770B50568A1B30B46AA68B2EB09
:10452000D10F31D9B2F5004F1DD308229C180734A2
:10453000E40821462846FFF78AFF064630B305EB1C
:10454000C003AA68B2F5004F0FD35B68B4EB530FFA
:104550000DD3012231462846FFF79AFD3146284601
:10456000FFF7B2FD70BD0422E0E75B88EEE734445C
:10457000224631462846FFF73CFE21462846FFF7F3
:10458000E2FEE6E70020EDE70020EBE70020E9E7A8
:104590002DE9F041144606684B420B4001F1FF380B
:1045A00018EA01080CD0B268B2F5004F06D3082211
:1045B000934257D21A464546984609E00422F7E747
:1045C0000D46B368B3F5004F45D30822954244D950
:1045D000002C62D0B368B3EBD40F60D92919891AC3
:1045E000B3F5004F41D3082319440731C9083046B9
:1045F000FFF72DFF0746002853D001463046FFF74E
:1046000063FD00EB08032B44013BB3FBF5F303FB15
:1046100005F5A5EB08052C44073424F007042946CA
:104620003046FFF75CFE8046A41BE41087421ED391
:1046300006EBC803B268B2F5004F22D35B6808EB03
:1046400053039C421FD3012241463046FFF720FD11
:104650002846BDE8F0810422B8E72146FFF75AFF5B
:104660000546F5E745469846B2E70423BCE702460F
:1046700039463046FFF7BDFD39463046FFF763FE49
:10468000D6E75B88DBE7224641463046FFF7B1FDBF
:1046900021463046FFF757FED5E70025D8E700252D
:1046A000D6E70025D4E7F8B5B2F5802F23D3082349
:1046B000D21ACC1D24F0070401EB020C2CF0070CDD
:1046C000ACEB040C4FEADC010460A1600023E36062
:1046D000BCF5802F11D308230833A1EBD30301339A
:1046E000B3FA83F3C3F1200EC3F124039B00DE1D54
:1046F000F508002308E00423DAE70423ECE71A1D99
:10470000002044F8220001337345F8DB6B00BCF550
:10471000802F32D36360BCF5802F30D30023236019
:10472000BCF5802F2ED3636843F0010363604A1BFE
:10473000570026F00703E018BCF5802F27D3476009
:10474000A068B0F5004F24D3E5502CF00703A44433
:10475000A068B0F5004F1ED30020CCF80400A0687C
:10476000B0F5004F1BD3E25001222046FFF790FC2A
:1047700029462046FFF7E7FDF8BD6380CBE700231D
:104780002380CDE7638843F001036380CFE7478050
:10479000D6E7E552D9E70020ACF80200DFE7E252A5
:1047A000E2E710B50C4611461A46029BA04710BD21
:1047B0004038C0B23A288CBF002001207047F8B5BD
:1047C000064603784578847804EB83040444002784
:1047D00006E001342046E7F7B5FE01300444013716
:1047E000AF42F6D3A01BF8BD70B5144668B10D46B4
:1047F000194606462BB91046E7F7A4FE83B20133EB
:1048000099B22A462046B04770BD1046E7F79AFE97
:104810000130F9E75BB32DE9F04782B007468846DF
:1048200091461D461A785E789C78DB7804EB82040A
:1048300004EB43042C444FF0000A0AE014F8013B57
:1048400045F823402046E7F77DFE013004440AF195
:10485000010AB245F2D305F1080300936B684A469A
:1048600041463846FFF79DFF02B0BDE8F0876FF084
:10487000150070472DE9F0410446884600273E4662
:1048800007E0702D18D02846FFF792FFB8B9252D04
:104890000ED014F8015B75B1002EF8D04745F0D06A
:1048A0002846FFF785FF0028F1D001370026EEE704
:1048B00086F00106EDE700263046BDE8F0810026CF
:1048C000FAE708B500F0E0FC08BD0FB400B583B00E
:1048D00004A951F8040B0191FFF7F3FF03B05DF851
:1048E00004EB04B070470FB400B583B004A951F8CD
:1048F000040B0191FFF7E5FF03B05DF804EB04B092
:104900007047036913F0080F08D1C3680268934227
:1049100007D8036A9B1A0B600120704700200860CB
:1049200070479B1A0B6000207047036913F0080F53
:1049300007D1826843689A4203D89B1A0B60002013
:104940007047036A82689B1A0B600120704710B59C
:1049500082B0044601A9FFF7D4FF20B1E368019AB1
:104960001344013B0193206A019BC01A013802B035
:1049700010BD38B5036913F0040F00D138BD0446EB
:10498000456AFFF7E4FF854202D9606A6062F5E795
:104990002046FFF7DCFFF9E7C3681944036913F009
:1049A000010F04D1026A914204D3891A02E0026A1B
:1049B000013A1140C16023F008030361704710B44D
:1049C00000236FF3000343F0020361F39F03C26906
:1049D000046842F8243003680B44026912F0010FA6
:1049E00004D1046AA34204D31B1B02E0046A013C05
:1049F00023400360C4689C420AD043681944036999
:104A000013F0010F08D1036A994208D3C91A06E0CE
:104A100042F008020261F0E7036A013B194041607D
:104A20005DF8044B70472DE9F04F83B004460191C7
:104A300017469846C569C66805EB860B15F82630FB
:104A400003F00303022B24D0002100233B60C8F8AD
:104A5000003019BB236913F0020F73D0A3695846C5
:104A60009847824615F8269019F001096CD015F880
:104A7000263013F0020F39D0019BBBB96268524453
:104A8000236913F0010016D1216A8A4216D3521A03
:104A900014E055F82610C1F39D01D6E72046FFF734
:104AA0007BFFE368A3604FF001094DE01946204603
:104AB000FFF785FFE2E7216A01390A406260E16899
:104AC000A268914206D0A2682260E26043F0080327
:104AD000236139E0524420B9216A8A4204D3521A30
:104AE00002E0216A01390A40A260ECE70146204653
:104AF000FFF752FFE368A360019B23B1E3692268DB
:104B0000002143F82210019B5344C8F8003022686A
:104B10001344226912F0010F04D1216A8B4204D39D
:104B20005B1A02E0216A01390B40236042F008025F
:104B3000226115F826306FF3000305F82630C7F818
:104B400000B001E04FF00009484603B0BDE8F08F27
:104B500030B45318046914F0010F04D1056AAB4254
:104B600004D35B1B02E0056A013D2B4005689D42B2
:104B700014D000236FF3000343F0020362F39F039A
:104B8000C46944F8213043681344026912F0010FEC
:104B900009D1026A934209D39B1A07E0016024F00D
:104BA0000804046103E0026A013A1340436030BC28
:104BB000704708B50023036043608360C3600361EE
:104BC00043618361CA6882618A6842610A68C2611E
:104BD0004A68026243620B6903612AB1511E0A42AC
:104BE00002D143F00103036128300122002107F0C4
:104BF000CAFE08BD2DE9F04F87B09A460023059301
:104C00000393036A8B42C0F087800446894693462B
:104C1000002301930126009341E001992046FFF70C
:104C200097FF0023039345E0E369226803EB8201C9
:104C3000009113F822106FF3000103F82210C9B29B
:104C40006FF3410103F8221023684B44226912F0EC
:104C5000010F04D1216A8B4204D35B1A02E0216A5E
:104C600001390B402360E168994201D0002608E039
:104C700042F008022261002603E02046FFF79FFE73
:104C80002E4687F31188BFF36F8F059929B16369A9
:104C90000BB12046984700230593002E3ED0EFF33A
:104CA0001188402383F31288BFF36F8F4746039A1E
:104CB000002AB2D104A92046FFF723FE0546049935
:104CC0004945B1D20028D8D15AEA0B030BD1002EA6
:104CD000D7D02368019303AB05AA04992046FFF7B8
:104CE000A2FE0646CDE708F088F80028EFD188F349
:104CF0001188BFF36F8F04F128005A465346FCF722
:104D000081F9EFF31187402383F31288BFF36F8F8C
:104D1000B0FA80F67609B4E700230093009807B054
:104D2000BDE8F08F70B504460D4683690846984784
:104D3000EFF31186402383F31288BFF36F8F2B7834
:104D400043F001032B7063681844236913F0010FCB
:104D500004D1236A984204D3C01A02E0236A013BBB
:104D6000184060602046FFF704FE86F31188BFF309
:104D70006F8F70BDF0B583B004462EE053F822006B
:104D800080084DD143E0226A013A1340A3602046D7
:104D9000FFF702FE01231BE013F8221041F002018D
:104DA00003F82210A768A36930469847384423695E
:104DB00013F0010F04D1236A984204D3C01A02E011
:104DC000236A013B1840A060002301E000231E4637
:104DD00085F31188BFF36F8F8BB3EFF311854023F9
:104DE00083F31288BFF36F8F01A92046FFF79DFD63
:104DF000E369A26803EB820601990029E6D013F863
:104E0000221011F0030117D00229B7D0002013F8A7
:104E1000221011F0010FBFD110B9A3693046984795
:104E2000A36801460344226912F0010FABD1226A44
:104E30009342ABD39B1AA9E700231E46C8E730462E
:104E400003B0F0BD70B504460D4683690846984727
:104E50000146EFF31186402383F31288BFF36F8F6F
:104E60002B786FF300032B70236913F0020F0AD025
:104E7000E369E26803EB8203AB4204D02B6860F382
:104E80009F032B600AE02B786FF341032B70E268DD
:104E9000A3689A420BD02046FFF77EFD86F3118867
:104EA000BFF36F8F04F12800FCF784F870BD0B444A
:104EB000226912F0010F04D1226A934204D39B1A93
:104EC00002E0226A013A1340A360E4E700B583B030
:104ED00001A9FFF72AFD0198003818BF012003B08F
:104EE0005DF804FB01F00701038B23F007030B437C
:104EF000038370472DE9F04106460F4690468168CE
:104F000021B10C683CB131B90C4604E00C4602E01A
:104F1000234621461C4669B14D6843463A46304611
:104F2000A847002CF4D02368002BF2D0002CF0D13D
:104F30002346EEE7BDE8F081038B13F0070303D1AE
:104F400002680AB103207047022B03D0012B06D060
:104F500000207047428B002AF8D104207047036874
:104F60000BB1052070470020704710B504468C46F1
:104F7000038B002A07DB03F007035A1F012A0ED90F
:104F8000042B36D010BDD0E900018CE803000023CB
:104F90002360636001212046FFF7A4FFF2E7D0E918
:104FA00000018CE80300002222606260062B1BD106
:104FB000DCF8003053B1628B013262831A461B6801
:104FC000002BF7D0002AF5D11346F3E70221204643
:104FD000FFF788FF2046FFF7AFFF0028D2D0238BD2
:104FE00043F020032383CDE700212046FFF77AFF1B
:104FF000F0E70021FFF776FF2046FFF79DFF00282E
:10500000C0D0238B43F020032383BBE750B110B5FE
:105010000C4651B1081D00F0C2F810B9A368032B6B
:1050200006D810BD6FF0150070476FF01500F8E757
:105030006FF01500F5E72DE9F04107460C461646DE
:105040001D461946201D00F0C9F828B180462B46A0
:10505000324621463846C047BDE8F0812DE9F0418F
:1050600080460C4617461E4604E033463A46404604
:10507000FFF7E1FF216831B10D68256063688B425D
:10508000F3D16560F1E7BDE8F08108B5EFF3118277
:105090004FF0400C8CF31288BFF36F8F41610121F8
:1050A000EDF7F4F908BD034670B181B10A688AB121
:1050B0004A6892B10020186058609860D860186102
:1050C00058619861196170476FF0150070476FF073
:1050D000150070476FF0150070476FF015007047AE
:1050E00070B505460E46FFF791FF041E2EDBEFF369
:1050F0001182402383F31288BFF36F8FB5F818C075
:105100000CF0070C6B8B4FF6FF718B422CD0644672
:10511000BCF1020F08D0BCF1060F19D8DFE80CF083
:105120001E1818181E2A1E0001336B83012300214C
:10513000084628B100203060686808B306606E60D9
:1051400009BB82F31188BFF36F8F0BBB204670BD84
:105150006FF00404002319461846EAE7BCFA8CF104
:10516000490900230120E4E76FF00A0400231946EF
:105170001846DEE76FF08504002319461846D8E785
:105180006E602E60DCE702212846EDF77FF9DDE74F
:105190000023624631462846FFF74DFFD6E7024618
:1051A000B0B1436803F00303022B0BD0032B04D0F0
:1051B000012B04D06FF01500704703685BB100202D
:1051C000906070470368002BF9D16FF015007047AD
:1051D0006FF0150070476FF01500704710B503466B
:1051E000426802F003028160022A04D0032A05D13A
:1051F0000468002004E00068002401E00024204648
:1052000000225A6008B1FCF7B9FF204610BD704774
:10521000037813F0040F01D0002070470368C3F334
:105220004A2000EB1350173020F007008008704729
:10523000002070470120704708B504F0A3FF08BDA7
:1052400008B520EAE070C117C90341EA5041C00324
:1052500040F2E733C0184FF47A724FF0000341F187
:105260000001D7F74DFCFCF733FC08BD08B5002260
:105270000023FFF7BFFC08BD08B5FFF7E3FD08BD3D
:1052800008B5FFF723FE08BD00B585B00391029075
:1052900000200190009003460246014600F098F875
:1052A00005B05DF804FB08B50120EDF7CBFA08BDA9
:1052B00008B5EDF74DFB08BD08B5FFF733FDEDF779
:1052C000E5FB08BD0020704770B5536896689B1BCE
:1052D0008B420CD30C46154613680A4601469819B2
:1052E00008F06AFAAB682344AB60204670BD6FF0EB
:1052F0001B00FBE770B588B10E46144619460546FB
:1053000033B11030C2F34A23120D184408F054FA96
:105310002C606E602846EDF7FBFB70BDEDF792FA4E
:10532000FBE72DE9F04383B006460F4615461C46C1
:1053300003F101094FEA890808F1170020F007007E
:105340008008EDF7FDFA002201928DF8049068B113
:1053500000F1140C019B0361964605E055F82E30D0
:105360004CF8043B0EF1010EA645F7D3002267F37B
:10537000881268F3532200233146FFF7BBFF03B0C6
:10538000BDE8F08300B583B00192012301AAFFF7C5
:10539000C8FF03B05DF804FB00B583B00092019331
:1053A00002236A46FFF7BDFF03B05DF804FB00B5BA
:1053B00085B001920293069B0393032301AAFFF792
:1053C000B0FF05B05DF804FB08B5EDF731FC08BD92
:1053D0002DE9F04F85B081460D4690461E46DDF81A
:1053E00038B0109FA7B3119B039300933B460F9ACD
:1053F00010210020ECF766FB824600EB0B0317330D
:1054000023F0070300246FF300046FF341046FF3EC
:10541000820469F3C50468F3881460F353246BF3C2
:105420001F549808EDF78CFA804640B1103037B120
:10543000119B00933B460F9A5146ECF743FB3346D2
:10544000224629464046FFF755FF05B0BDE8F08FDC
:105450000020D1E7F8B507460D4614461E4605E084
:10546000324621462846B847241A0544002CF7D175
:10547000F8BD08B513460122EDF7EAFC08BD08B5F2
:1054800013460022EDF7E4FC08BD38B505460C468E
:1054900001F00101FFF7F3FF21462846EDF76AFD11
:1054A00038BD2DE9F04383B080460E4615461F46B1
:1054B000DDF828902C46102D28BF1024CDF8009040
:1054C0003B46224631464046EDF768FD26442D1BFB
:1054D000F0D103B0BDE8F08310B5044642685368CC
:1054E000126881680068FFF7B5FF636800221A60E0
:1054F00010BD38B505460C464B681A68CB689A4211
:105500000FD06368BFF35B8F53E8002F511C43E853
:1055100000100028F8D1BFF35B8FA3689D540020D2
:1055200038BD0846FFF7D8FFEBE738B504460D460F
:105530000A2805D029462046FFF7DBFF002038BDAA
:105540000D20FFF7D6FFF5E72DE9F04387B00646BB
:105550000C469046D1F808900F88C7F38217087858
:10556000C0F3C2050846EDF70FFC011E1ADA00234E
:10557000214651F8105BC5F34A256288C2F30B122D
:10558000481905B90021CDF81480049203900291C6
:1055900001970022009249463046EDF761FD07B0C1
:1055A000BDE8F0832846EDF709FB0346E0E708B5C0
:1055B00020EAE070C117C90341EA5041C00340F23C
:1055C000E733C0184FF47A724FF0000341F1000145
:1055D000D7F796FAFCF77CFA08BD704710B58446F9
:1055E000002906DBC818DCF80840A0420CD90020CE
:1055F00000E0002050B1DCF80C00DCF8044021444D
:1056000084682468A04710BD0120F3E76FF01500FF
:10561000F9E710B58446002906DBC818DCF8084015
:10562000A0420CD9002000E0002050B1DCF80C00B2
:10563000DCF80440214484686468A04710BD012060
:10564000F3E76FF01500F9E710B50346002905DB15
:1056500088189C68A0420AD9002000E0002040B1D0
:10566000D8685B68194483689B68984710BD01201F
:10567000F5E76FF01500F9E708B5C0688368DB68E7
:105680009847006808BDC068704708B5C06883685F
:10569000DB689847007908BD2DE9F84F00283ED017
:1056A0008A4690469B4604460369826813444344F5
:1056B0008269934236D84FF000094E463146A8EB36
:1056C00006076568A368ED1AAF420FD320682A4623
:1056D0000AEB0601184408F06FF86368A3602046DF
:1056E000EDF766FE814640B92E44E7E7464507D30D
:1056F000BBF1000F01D0A36863B94846BDE8F88F3D
:1057000020683A465144184408F056F8A3681F44EC
:10571000A760EDE72046EDF74BFE8146EDE76FF021
:105720000D09EAE76FF00B09E7E7F8B504461E46F6
:1057300000F501773846FFF7AFFF05460EB928465A
:10574000F8BDD4F80032986803F0ACFED4F800320B
:10575000596801443846EDF7FDFD05460028EED1B5
:10576000D4F80002FFF739FF0023C4F80032E6E75F
:1057700010B584B00446084604F50071EDF7B6FD97
:1057800008B104B010BDD4F80002FFF77CFF014659
:10579000D4F800325A689B6800200290019300926E
:1057A0004FF40073224604F50170EDF77DFEE8E743
:1057B0008B4201D90020704710B594461C461A460A
:1057C000614607F0F9FF204610BD08B508F01CF847
:1057D00008BDC30903EB430303EBC30383EA4000A3
:1057E000C0B270470378CA785340037043788A7810
:1057F0005340437083784A7853408370C3780A7863
:105800005340C3700379CA795340037143798A794D
:105810005340437183794A7953408371C3790A793C
:105820005340C371037ACA7A53400372437A8A7A27
:1058300053404372837A4A7A53408372C37A0A7A16
:105840005340C372037BCA7B53400373437B8A7B01
:1058500053404373837B4A7B53408373C37B0A7BF0
:105860005340C373704700B585B002788DF80020AF
:1058700042798DF80120827A8DF80220C27B8DF862
:10588000032002798DF80420427A8DF80520827B6E
:105890008DF80620C2788DF80720027A8DF808204E
:1058A000427B8DF8092082788DF80A20C2798DF824
:1058B0000B20027B8DF80C2042788DF80D20827928
:1058C0008DF80E20C37A8DF80F3010236A461946E2
:1058D000FFF76EFF05B05DF804FB70B506460C4699
:1058E0000878FFF776FF05466078FFF772FF61786A
:1058F000A278E378484045406A40534033702578A9
:105900006078FFF766FF4540EDB2A078FFF761FFD2
:10591000A278E378504045406B40737025786378F7
:105920005D40A078FFF755FF4540EDB2E078FFF706
:1059300050FFE37858404540B5702078FFF749FFA5
:1059400022786378A578504043405D40EDB2E0781E
:10595000FFF73FFF4540F57070BD10B584B00446B9
:1059600001466846FFF7B9FF211D01A8FFF7B5FF03
:1059700004F1080102A8FFF7B0FF04F10C0103A82D
:10598000FFF7ABFF10236A4619462046FFF710FFCA
:1059900004B010BD0B4613F90F2B002A04DB4FF0A7
:1059A000000C00F10F0206E04FF0870CF9E713F846
:1059B00001094FEAD01C18788CEA400002F801096E
:1059C0008B42F4D1704730B108B558220021FFF75F
:1059D000FCFE012008BD00207047A0B110B50446B0
:1059E00010220021FFF7F1FE1022002104F1300007
:1059F000FFF7EBFE0023636400224FF48033C4E919
:105A00001423012010BD0020704738B370B50D4637
:105A10001646044621B358220021FFF7D6FEA6649D
:105A200029463046EDF7C4FD102200212046FFF73D
:105A3000CCFEA26C21462046EDF71CFE04F11005B9
:105A400021462846FFF7A6FF294604F12000FFF76C
:105A5000A1FF2046FFF7C1FF012070BD0020704765
:105A60000020FAE7002864D02DE9F0410D461646E3
:105A70000446002A5FD0002960D0036D426D53EACE
:105A800002015DD0013B42F1FF3203654265476C84
:105A9000002F3DD0C7F1100846450DD307F1300067
:105AA00043462A4641462044FFF782FE103F3E44CB
:105AB00045440023636413E007F1300033462A466F
:105AC00031462044FFF774FE636C33446364012065
:105AD00032E0E25CE11891F830104A40E2540133C0
:105AE0000F2BF6D9A26C21462046EDF7C3FD0FE03F
:105AF000E05C15F803C080EA0C00E05401330F2B82
:105B0000F6D9A26C21462046EDF7B4FD1035103EC3
:105B1000102E01D90023F2E70EB901200CE0334624
:105B20002A46314604F13000FFF742FE6664012048
:105B300002E0002070470120BDE8F0810020FBE773
:105B40000020F9E780B338B50C46054671B34A6CBE
:105B5000102A03D101F1100C002319E002F13000EA
:105B6000C2F1100200212044FFF72FFE636C234492
:105B7000802283F8302004F1200CEDE7E25CE1188C
:105B800091F830001CF8031048404240E2540133C1
:105B90000F2BF3D9A26C21462846EDF76BFD20466A
:105BA000FFF711FF012038BD002070470020FAE701
:105BB00008B501460068EDF7F1FE08BD08B5EDF740
:105BC00009FFEDF733FF08BD0020704708B500233B
:105BD0001370CB1E092B1AD8DFE803F005090D114D
:105BE0001919191919141146EEF786F908BD002183
:105BF000EEF7DEF8FAE70021EEF752F8F6E7EDF7F8
:105C00006BFFF3E71146EDF7D1FF0020EEE7EDF76C
:105C1000DBFF0020EAE708B5EEF752FA08B540B21C
:105C2000EEF748FB08BD08B540B2EEF751FB08BDE2
:105C300008B512F0010F04D1023140B2EEF75AFB61
:105C400008BD0021F9E708B500210120EDF7A6FE07
:105C500008BD0023E1EE103AEFF3148323F00403B0
:105C600083F31488BFF36F8FBFF36F8F704761B6F4
:105C700062B680F31188BFF36F8F704772B600234E
:105C800083F31188BFF36F8FBFF34F8F30BF62B6BE
:105C9000BFF36F8F704772B6002383F31188BFF391
:105CA0006F8FBFF34F8F20BF80F31188BFF36F8FCB
:105CB00062B6704743685A1E134206D11F2B06D99D
:105CC00003681A4205D0002070470020704700206A
:105CD00070470120704700B585B00B6801934B6891
:105CE0008A68202B12D9B3F1004F11D8013BB3FAC7
:105CF00083F3C3F11F035B0003F03E0313430393DD
:105D000001A9EEF7B9FC05B05DF804FB0823F5E73F
:105D10003E23F3E7F0B585B0054603A8EDF7C8FAD2
:105D20000646002424E0B3F5801F20D157680958A7
:105D30009368202B64D9B3F1004F63D8013BB3FAC9
:105D400083F3C3F11F035B0003F03E0343F088536A
:105D500043F4302300970191029369462878EEF7C7
:105D60008BFC0028C0F2A8802B7801332B70013403
:105D7000B44280F0A4802001039901EB0412D3689F
:105D80001B0D1B05B3F5000F5ED01DD8B3F5001F2A
:105D90003AD0B3F5800FC6D1576809589368202BC5
:105DA0004ED9B3F1004F4DD8013BB3FA83F3C3F1A1
:105DB0001F035B0003F03E0343F0007343F4003322
:105DC000009701910293C8E7B3F1807F56D0B3F1F9
:105DD000007FCCD1576809589368202B68D9B3F15C
:105DE000004F67D8013BB3FA83F3C3F11F035B0095
:105DF00003F03E0343F48023009701910293ACE744
:105E00000823A3E73E23A1E7576809589368202B8E
:105E100012D9B3F1004F11D8013BB3FA83F3C3F1A8
:105E20001F035B0003F03E0343F0885343F4002359
:105E300000970191029390E70823F5E73E23F3E7EB
:105E40000823B9E73E23B7E7576809589368202B22
:105E500010D9B3F1004F0FD8013BB3FA83F3C3F16C
:105E60001F035B0003F03E0343F082730097019130
:105E7000029372E70823F7E73E23F5E757680958CE
:105E80009368202B10D9B3F1004F0FD8013BB3FA20
:105E900083F3C3F11F035B0003F03E0343F08873F9
:105EA00000970191029358E70823F7E73E23F5E7AF
:105EB00008239FE73E239DE76FF0150000E00020D8
:105EC00005B0F0BD08B5EEF727FC08BD08B5EEF744
:105ED0002DFC08BD08B50B6949699847002008BD2D
:105EE00003898B420BD9436803EBC10053F831306F
:105EF00003B170474368002BFBD10020F9E7002075
:105F0000704708B90120704703207047F8B507466D
:105F10000C461546067806F00700FFF7F2FFC6F3B9
:105F2000C106012E28BF0126C5F307222D02ADB2FE
:105F30002A43B9880B0243EA112397F806C0FD797A
:105F4000002121606160217860F302012170C9B2F3
:105F500066F3C40121706280A38084F806C0E571F5
:105F6000F8BD038A072B10D9C3681A685B680A60FA
:105F70004B604A88130243EA12234B808A8813023B
:105F800043EA12238B800020704703207047836808
:105F90001B68DB6808684A6818605A600020704710
:105FA00000B585B040F8041B002302930193012340
:105FB00000930B8ACA68042106F00CF905B05DF85D
:105FC00004FB30B583B005460C46084603F0CAFA18
:105FD00045F8044B08232382204650F80C4F03F069
:105FE00094FB03460022009204F108020221284695
:105FF00006F063FA03B030BD38B505460C46888814
:10600000EEF75EFC20B3E179FFF76AFF10B3237867
:1060100013F0070304D0022B18D00324204638BD08
:106020000468CCB1A8680F21043006F022FAA8B1A8
:106030002846A0470446A8680F21043006F023FA3A
:106040000028EBD1002CE9D10724E7E74468E8E712
:106050000824E3E70824E1E70824DFE70724DDE775
:1060600010B50C46EEF742FC18B10346204698479F
:1060700010BD0120FCE72DE9F04182B086680023C5
:10608000A6F84C30A6F84E300B78C3F3C103012BB1
:106090002DD805460C469046FFF7AEFF0746C8B917
:1060A000B6F84E1019B1237813F0180F16D0726895
:1060B0003368DB68D21A083A69462046FFF726FFA4
:1060C00073683268D1685B1A138269462846FFF705
:1060D0005EFF0DE00023C8F8003009E0B6F84C0080
:1060E000FFF7BEFF07460023C8F8003000E00D2789
:1060F000384602B0BDE8F081F8B504460F461646B2
:106100001D46C3B12946A068FFF75BFF079B069AAF
:1061100039462046EEF714FC20B923689B6A2846CE
:10612000984700252168304600F088FA2168284603
:1061300000F084FAF8BD2E461546E3E72DE9F0415C
:1061400086B005460C4600220392904623E029685B
:10615000204600F05FFA0646002855D021466868C0
:10616000FFF71EFF3146A868FFF72BFF03AA04A91B
:106170002846FFF780FF8046002849D12B689B6A9C
:10618000304698478046002844D1BDF81210384662
:1061900003F09FFA0122238ADBB104A92046FFF70E
:1061A000E0FE38BB04F10C070821384603F091FAF1
:1061B000228ABDF812309A4221D39DF8103013F094
:1061C0000703C4D0022BC2D04FF0080801220026DA
:1061D00000E00026B8F1000F00D0F2B9296820468F
:1061E00000F02CFA2968304600F028FA404606B044
:1061F000BDE8F0814FF0090800221646EAE74FF0AB
:10620000090801220026E5E74FF002080122E1E734
:106210000122DFE701220026DCE7039B0193CDF892
:1062200000803346224604A92846FFF765FFDDE7D4
:106230002DE9F04782B08146884616469A4605F019
:10624000A5FE00284DD00023CAF8003044462DE0BA
:10625000019A63689A420CD01434013517B3B542E1
:106260001ED206EB860C08EB8C0CA445F0D84446F5
:10627000EEE72168009807F0CFFA0028ECD1237CE4
:106280000BBBA368E168484698470346F0B101227A
:1062900022741434DAF800200132CAF8002002E037
:1062A000002300E03B4603B93FB997B16946484631
:1062B00005F067FE07460025D0E70021484605F0B7
:1062C000DDFE0746F1E76FF06F0007E06FF0220098
:1062D00004E0484605F085FE30B1002002B0BDE87C
:1062E000F0876FF04C00F9E76FF04C00F6E7F8B577
:1062F00005461646034600E0143301EB810405EB26
:1063000084049C4204D91C68B442F5D1187CF8BDC1
:106310003046E6F717F9074600E01435AC420BD9D2
:106320006B68BB42F9D13A462968304607F074FAE7
:106330000028F2D1287CEAE70020E8E718B101281C
:1063400003D10520704702207047FF20704710B529
:10635000002400E00134012C0ADC204600F04CF857
:106360000028F7D12046FFF7E9FF0028F2DB01E023
:106370004FF0FF3010BD02780B789A420CD30ED844
:1063800042784B789A420CD30ED842884B889A4276
:106390000CD30ED8002070474FF0FF30704701201B
:1063A00070474FF0FF307047012070474FF0FF30CB
:1063B00070470120704770B506460C4600F0B8F8EB
:1063C0000546304603F06AF8034685F00100013BBC
:1063D000032B0ED8DFE803F00A080206002304B1FD
:1063E000237070BD0223FAE70123F8E72846002353
:1063F000F5E74FF0FF30F4E770B582B00446461081
:10640000304600F095F8054600238DF807300DF171
:1064100007013046FFF7CFFFA0420CD0A04210D0BA
:10642000A84202D09DF807308BB1A54214BF0020CE
:10643000012002B070BD9DF80730022BEED1012083
:10644000F7E79DF80730012BEAD10120F1E70120A1
:10645000EFE72DE9F04182B004460D464FEA6008AF
:10646000404600F065F8064600238DF807300DF130
:1064700007014046FFF79FFF0746EDB9A6422CD023
:106480009DF80730012B1FD04BB90DB1A7422AD080
:10649000A6421ED01DB9A64201D0A74225D0022B8C
:1064A00002D125B3A74224D02A4631462046EEF732
:1064B0002BFD02B0BDE8F08100F03CF84045DFD094
:1064C000A642DDD12020F4E74DB9A74209D01C2017
:1064D000EFE7B742DED01C20EBE72120E9E71C20E4
:1064E000E7E70020E5E70020E3E71C20E1E71C20C8
:1064F000DFE70020DDE770B582B00C4616461D468A
:1065000004230DEB03020968EEF72CFB50B9BDF82C
:106510000430AB4208D1236804332360BDF8062061
:106520001344336002B070BD0420FBE7704770472E
:10653000002070470020704701B95AB100B589B0FA
:1065400000236A4619460120EEF7EAFE002009B052
:106550005DF804FB0020704770B588B006460D4614
:10656000002400E00134012C0FDC00236A46294698
:106570002046EEF7D5FE0028F4D1202231466846A9
:1065800007F04AF90028EDD101E04FF0FF34204632
:1065900008B070BD10B50446FFF7CCFFFFF7C8FF89
:1065A00000231A462146EEF7BBFE10BD022808D094
:1065B00009D3033880B2012801D805207047012093
:1065C0007047032070470120704708B50020EBF7A3
:1065D00047FF00B5BDB0009017AB019303AB02932A
:1065E0006846FFF7ABFD3DB05DF804FB10B504460F
:1065F00002E02046FFF7EDFF0022002304F1100027
:1066000002F0BBFF01460028F3D110BD08B502F02F
:10661000EFFF08BD70B504460D46EFF755F9064685
:1066200018B12B6B1BB121469847304670BDE27AFA
:1066300004F11801183007F0BFF8F6E748B110B5BB
:1066400004464B6B0BB1183098472046FFF7DEFF2E
:1066500010BD70470023C363A0F840307047C36B80
:1066600013B1B0F8400070476FF015007047F8B5EF
:1066700004460E461546C36B83B1B4F84030AB42B6
:1066800033D3E06B2A4631460C3002F0FFFFB4F8FA
:1066900040305A1B90B2A4F84000F8BD072A15D923
:1066A0004B881F0247EA1327BFB20837BFB240F634
:1066B000AB139A420DD89F420ED8BA420FD8EFF7CB
:1066C00003F9E06370B1A4F84070D6E76FF03C00C6
:1066D000E3E76FF03E00E0E76FF03E00DDE76FF0CC
:1066E0008A00DAE76FF00B00D7E76FF08A00D4E793
:1066F00038B50B46C16B69B10446B0F8405005B1DE
:106700005BB12046EFF700F90023A4F84030E363C3
:10671000284638BD6FF01505FAE76FF03C05F7E73E
:1067200010B50446C06B30B1FFF770FF0020A4F82D
:106730004000E06310BD6FF01500FBE7C06B00B1D7
:106740001830704780697047036813B100230360F5
:10675000037170478B6913B183610B7F037700204E
:10676000704791B138B504460D460846EFF71AF95F
:1067700068B1A369AB4201D0012038BD90F869200F
:10678000237F9A4205D10120F7E7002070470020BF
:10679000F3E70020F1E708B5EFF704F910B16C302A
:1067A000FAF708FC08BD01B1704708B5EFF770F9BA
:1067B00008BD70B504460D46EFF7F4F860B1064623
:1067C0002946204600F002FF10B110F1780F04D1E5
:1067D00006F1380006F0D8FA70BD4FF400420023ED
:1067E00006F13800FAF7B4FDF6E708B5FFF7AAFF9F
:1067F00020B102F08DFC033880B208BD0020FCE718
:1068000010B58AB00C4605A9EFF73EFC6946204654
:10681000EFF73AFC10220DF101010DF1150006F021
:10682000FBFF0AB010BD08B503780A78934207D180
:10683000012B0CD0022B0ED02BB16FF0150008BD30
:10684000FFF7DEFFFBE740884B88C01AF7E7406898
:106850004B68C01AF3E710220131013006F0DCFF6B
:10686000EDE700B50346042A0FD0102A1DD0022AF6
:1068700002D000205DF804FB0022027048780A78FC
:1068800042EA00225A800120F4E701201870CA78F9
:1068900091F802C04CEA022C91F801E00A7842EA31
:1068A0000E2242EA0C425A60E4E70246022002F855
:1068B000010BD1F800E0D1F804C08868C968C3F8BA
:1068C00001E0C2F804C09060D1600120D2E710B5A9
:1068D0000446012300F8013B0621F8F77FF818B9B8
:1068E000A37963F03F03A37110BD0B6803608A882E
:1068F0008B7982808371037823F0020303707047E1
:106900000078C0F3400070471070C0F30723537045
:10691000030C9370000ED0701171C1F307235371F3
:106920000B0C9371090ED171704700B5C379817951
:1069300041EA03214279037943EA0223C27890F8BD
:1069400002C04CEA022C90F801E0027842EA0E22E2
:1069500042EA0C4043EA01415DF804FB0020704725
:10696000053815280ED8DFE800F00B0D0D0D0D0DC4
:106970000D0D0D0F0F0D0D0D0F0D0D0D0D0D0D0F3F
:106980000320704702207047012070474B09BFF376
:106990005B8F50F82300BFF35B8F01F01F010841AC
:1069A00000F001007047B2F801C0034623F888CB1D
:1069B000D1F800C0C0F888C0B1F804C08979A3F844
:1069C00004C09971B2F81730A0F89E30B2F81930AF
:1069D000A0F8A430B2F81B30A0F8A630D378C3706A
:1069E000002343721B22A0F8BC204FF4A473A0F82C
:1069F000BE30A0F8C020A0F8C23070472DE9F041A9
:106A000004460E4615469846171D3846FFF778FF90
:106A100078B139463046FFF768FFD5F81130C4F831
:106A20000130B5F81530A4F8053001232370BDE816
:106A3000F0813946404600F050F90368336082889F
:106A40008379B280B3716B682360BA88BB79A28006
:106A5000A371ECE770B5C468B4F80160237803B1A2
:106A600070BD0F213046F2F721FE054640B1E378B4
:106A700043720121F2F7D4FC284600F0A5FCEFE7B1
:106A8000E1783046EFF782FBEAE701F01F0C0123C3
:106A900003FA0CF372B1490900EB8100BFF35B8F7D
:106AA00050E8002F1A4340E800210029F8D1BFF335
:106AB0005B8F7047490900EB8100DB43BFF35B8FBD
:106AC00050E8002F1A4040E800210029F8D1BFF318
:106AD0005B8F704701F01F0201239340490900EBCF
:106AE0008100BFF35B8F50E8002F42EA030140E8CA
:106AF000001CBCF1000FF6D1BFF35B8F134214BF33
:106B000001200020704738B50446022142F21600E9
:106B1000F0F7B4F968B1054602210C3002F0B0FD7F
:106B2000238803800022294642F21600F0F7E6F996
:106B300038BD6FF06800FBE770B505460C460321D1
:106B400040F20640F0F79AF968B1064603210C308E
:106B500002F096FD058084700022314640F2064026
:106B6000F0F7CCF970BD6FF06800FBE7F8B50646AA
:106B70000F461446062142F22200F0F77FF978B161
:106B8000054606210C3002F07BFD338803804780E8
:106B900084800022294642F22200F0F7AFF9F8BDC6
:106BA0006FF06800FBE72DE9F04107460E461546F9
:106BB0001C46072142F23200F0F760F9A8B1804686
:106BC00007210C3002F05CFD3B8803808670C570A5
:106BD00004719DF81830A0F805300022414642F2B9
:106BE0003200F0F78BF9BDE8F0816FF06800FAE74A
:106BF00008B5F0F76DFD08BD08B5C068FFF7F8FFF0
:106C000008BD028843889A4217D8052A17D9B3F5D8
:106C1000486F16D88188B1F5FA7F14D2C088A0F1E8
:106C20000A0292B240F6764C62450ED801FB03335D
:106C3000B3EB800F0BD2012070470020704700207B
:106C400070470020704700207047002070470020E8
:106C5000704770B505460C460E2142F22000F0F751
:106C60000DF9C0B106460E210C3002F009FD0023DB
:106C70000360436083608381058023884380638849
:106C80008380A388C380E3880381314642F22000D9
:106C9000F1F728F870BD6FF06800FBE710B5044607
:106CA000FAF744FE2046F1F7BFF90446FAF756FE1C
:106CB000204610BD10B5F0F765FC044608B120462B
:106CC00010BDF3F787F804460028F8D1F1F7F4F97E
:106CD000F5E7002070470020704710B919B1084649
:106CE0007047002070470020704728B139B108B5BF
:106CF0000846F1F7C5FA08BD6FF0150070476FF050
:106D000015007047A0B110B582B004460621684650
:106D1000F7F764FE08B102B010BD9DF8053003F02E
:106D20003F038DF8053069462046FFF7DEFFF2E7A6
:106D30006FF01500704700B10120704700238B42AF
:106D400019D200B502E001338B4211D200EBC30E21
:106D500030F833C040F201129445F4D1DEF804203B
:106D6000002AF0D0127812F0010FECD0012000E0E0
:106D700000205DF804FB00207047002070470346A8
:106D800010F4004F0BD1072013F4803F01D000F026
:106D9000FD0013F4003F01D000F0FB007047062017
:106DA000F2E74B09BFF35B8F50F82300BFF35B8F13
:106DB00001F01F01084100F00100704738B500F1F3
:106DC00010040E212046FFF7ECFF80B100250A21B8
:106DD0002046FFF7E6FF08B145F001050D212046EA
:106DE000FFF7DFFF08B145F00405284638BD02254E
:106DF000EDE72DE9F04182B007460D461646202109
:106E0000F0F73CF800B3804620210C3002F038FC4B
:106E100004462022002106F0F7FC009433462A465F
:106E20001F21601CF1F7AEFC044648B90022414620
:106E30003846F0F763F80446204602B0BDE8F0811A
:106E4000404602F0D5FBF7E76FF06804F4E708B5B9
:106E500042F20800FFF7CDFF08BD08B542F2090075
:106E6000FFF7C7FF08BD2DE9F04F89B004460D4676
:106E700016461F46DDF848809DF84CA09DF850B09E
:106E80009DF8549000230493059306930793B9F15A
:106E9000000F33D1BAF1000F02D0BBF1000F0ED1B9
:106EA00004950596B9F1010F56D0012204A9204698
:106EB000FFF7CDFF0346E8B9BBF1000F0CD00497F4
:106EC000CDF81480B9F1020F4CD0012204A920465C
:106ED000FFF7C3FF034668B91034BFF35B8F54E874
:106EE000003F43F0040344E80032002AF7D1BFF327
:106EF0005B8F0023184609B0BDE8F08FF1F7A0F9C9
:106F0000019065B10022964207D915F83230083B4E
:106F1000DBB2012B0FD90132F5E7002343BB77B178
:106F20000022904509D917F83230083BDBB2012B1B
:106F300010D90132F5E70123F0E70023DBB901980E
:106F4000E5F700FB09238DF808308DF80900019B57
:106F500003939FE70123F1E702AB06930123079315
:106F60000222A3E702AB0693012307930222ADE7B7
:106F70006FF01503BEE76FF01503BBE708B5436874
:106F800013F4806F07D1026912B113F0010F04D01E
:106F9000F1F752FC08BD0020FCE70020FAE701F001
:106FA0001F0C012303FA0CF372B1490900EB8100B5
:106FB000BFF35B8F50E8002F1A4340E800210029FF
:106FC000F8D1BFF35B8F7047490900EB8100DB43C9
:106FD000BFF35B8F50E8002F1A4040E800210029E2
:106FE000F8D1BFF35B8F704700B501F01F0201239A
:106FF0009340490900EB8100D943BFF35B8F50E810
:10700000002F02EA010C40E800CEBEF1000FF6D1DD
:10701000BFF35B8F134214BF012000205DF804FB17
:10702000436813F0080F0BD013F4802F0AD103F438
:10703000C063B3F5806F01D0022070470120704714
:10704000002070470120704770B586B005460C4699
:10705000012142F20A00EFF711FFD0B106469CB1C0
:1070600001210C3002F01DFB0094072305F11002F2
:1070700003A93046EFF7F0FE0022314642F20A0043
:10708000EFF73CFF06B070BD00210C3002F009FBA9
:10709000EAE76FF06800F5E708B5FFF7D5FF08BD30
:1070A00008B5183005F070FE08BD0B4639B11168FF
:1070B000196041688A4209D0002313607047136841
:1070C000036041688A42F7D14360F5E74360F3E724
:1070D00008B50A460368002101E019461B682BB178
:1070E0009342FAD1FFF7E1FF012000E0002008BD44
:1070F00007280CD007D80238C0B2042801D80120D4
:10710000704700207047082803D1032070470220F1
:1071100070470020704770B504460CE083F3118877
:10712000BFF36F8FC0B145688668F1F701FF002299
:1071300031462046A847EFF31183402282F312889C
:10714000BFF36F8F206A0028E8D002682262616A6C
:107150008142E3D16262E1E770BD08B52838FFF7EC
:10716000DAFF08BD70B5044608464D688E68F1F731
:10717000DFFE6FF06D0231462046A84770BD00B5B6
:1071800001F01F0201239340490900EB8100D9431C
:10719000BFF35B8F50E8002F02EA010C40E800CEFD
:1071A000BEF1000FF6D1BFF35B8F134214BF012075
:1071B00000205DF804FB4B09BFF35B8F50F8230000
:1071C000BFF35B8F01F01F01084100F00100704721
:1071D00070B505460C46032A18D8DFE802F0021500
:1071E00002150026042104F10C0002F06AFA2B8833
:1071F00043EA06330380238A043B43800223237639
:107200002046F0F765FD70BD0126EBE76FF0150035
:10721000F9E710B5044627E0013BE36182F31188EA
:10722000BFF36F8F2046F1F7C7FEF9F7C3FE1BE0EF
:1072300082F31188BFF36F8F51B3EFF311834022B4
:1072400082F31288BFF36F8FCA68E2610022CA60BE
:1072500083F31188BFF36F8F2046FFF783FF20462B
:10726000F1F7AAFEF9F7A6FEEFF31182402383F3AC
:107270001288BFF36F8FE369002BCDD161690029BC
:10728000D6D00B686361A0698142D1D1A361CFE7F9
:1072900010BD10B50446006918B102F0A9F9002329
:1072A000236110BD38B505460022002305F13800E2
:1072B00002F063F9034660B19C6900229A611846A6
:1072C00002F096F9002CEFD021462846FFF74AFF3E
:1072D000EAE72846FFF7DDFF0022002305F158000A
:1072E000FAF736F838BD38B5BFF35B8FD0F8C43045
:1072F000BFF35B8F63B304460D46837AB3B1A37AC1
:10730000072B28D12046F1F757FE034630B381689A
:10731000A26B02B1B1B104F1380300220421284666
:1073200006F009FA01232B73002038BD0621043032
:10733000FFF725FF0028E2D02046FFF7B3FF6FF0EC
:107340007F00F2E700220221284606F0F4F9E9E77F
:107350006FF07F00E9E76FF07F00E6E76FF07F00F6
:10736000E3E770B504460D461646F1F7EDFD3246EB
:1073700029462046F1F70CFF70BDBFF35B8FD0F8B4
:10738000C430BFF35B8FEBB100B506E0BFF35B8F9A
:10739000D0F8C430BFF35B8F93B100F1C402591C25
:1073A000BFF35B8F52E800CF9C4504D142E8001E3A
:1073B000BEF1000FF6D1BFF35B8FE7D15DF804FBA0
:1073C0000020FBE70020704770B582B08578C67852
:1073D000C430BFF35B8F50E8003F5A1E40E80021E5
:1073E0000029F8D1BFF35B8F0193BFF35B8F019C42
:1073F000BFF35B8F012C03D0012D04D002B070BD10
:10740000F1F734FDF8E7012EF8D1012CF6D1F1F7B0
:1074100097FCF3E7F8B506460D461746002403E04F
:107420006046FFF7D1FF0134AC421BD2C82000FBFD
:107430000460FFF7A2FF84460028F4D0837A012B72
:1074400006D05AB2002AEBD0073BDBB2012BE7D8BB
:10745000BCF80030BB4201D16046F8BD6046FFF782
:10746000B3FFE0E74FF0000CF6E738B504460088BC
:10747000FFF762FB054610B9A37A072B01D0284617
:1074800038BD08212046F1F7CBFFF8E710B50446D8
:10749000F2F75AFD2046F1F707FD10BD08B5837AD3
:1074A000023B062B10D8DFE803F004060F0F0F0C89
:1074B0000400002008BD41720021F1F7B1FF002057
:1074C000F8E7FFF7D2FFF5E76FF07F00F2E7012062
:1074D000704738B505460C46F1F752FE034688B1B1
:1074E00005722268C0F88820A188A279A0F88C10C3
:1074F00080F88E20012282701822A0F8A020282275
:10750000A0F8A220184638BD38B5037A8B421ED1A8
:1075100004461546072200F18801284606F07CF94A
:10752000B8B1E3784BB1072204F18F01284606F089
:1075300073F9B0FA80F040090AE0072204F19601DD
:10754000284606F069F9B0FA80F0400900E0002012
:1075500038BD0120FCE78830704708B50B46B0F80D
:10756000BC2009888A4204D1B0F8BEC05A8894452C
:1075700003D05A88FFF7FAFA08BD6FF07700FBE7EF
:1075800070B505460C460E2142F21300EFF776FC6B
:10759000C8B106460E210C3002F072F800220260DB
:1075A0004260826082812B880380238843806388C5
:1075B0008380A388C380E3880381314642F21300AD
:1075C000EFF79CFC70BD6FF06800FBE770B50446F8
:1075D0000D46B0F89E300A88934207D34A889342FA
:1075E00004D8B0F8A4208B889A421FD0261D07210A
:1075F0003046FFF7E0FD70BB2B88A4F8A0306B8805
:10760000A4F8A230AB88A4F8A830EB88A4F8AA307C
:10761000BFF35B8F56E8003F43F4007346E8003247
:10762000002AF7D1BFF35B8F002070BDB0F8A62011
:10763000CB889A42DAD10434BFF35B8F54E8003F21
:1076400023F4007344E80032002AF7D1BFF35B8FC4
:107650006FF07700E9E729462046F2F775FAE4E78C
:1076600038B504460D464FF0FF324FF0FF3300208F
:10767000F2F71EFBA37A072B05D100238361037762
:107680006B7F437738BD01F0B3FF0020FAE7704706
:10769000704710B50C4643685B699847204601F077
:1076A000A7FF10BD38B504464568036823B16B6871
:1076B00003B1984700232360E3680BB12046984745
:1076C0002B6A0BB12046984738BD10B401F108036E
:1076D00000248C60446D34B1236043650860CA6047
:1076E0005DF8044B704743650365F7E710B5006D1F
:1076F00038B1083810F1080408D0846834B1083C67
:1077000004E0044602E0234620461C4640B1FFF751
:10771000C9FF002CF7D0A368002BF5D0083BF3E796
:1077200010BD08B50431F1F7EDFF08BDF8B5054609
:107730000F4614461E46042102F10C0001F0C1FF61
:10774000238A043B03804780069B32462146284615
:10775000F1F79EFDF8BD30B583B00C4600230093D1
:107760000A460521FFF7E2FF054610B9284603B097
:1077700030BD204601F03CFFF8E72DE9F843804694
:1077800017461C469DF82060B21C0120F2F716FC3B
:1077900088B1054600F10C090221484601F070FF4E
:1077A000078024B132462146484601F06FFF294642
:1077B0004046FFF7D0FFBDE8F883006D10B10838F0
:1077C00000E0184650B1838A8B4207D010F10803BD
:1077D000F7D080680028F5D00838F3E7704770B517
:1077E00006460C46F2F714FB014608221220F2F777
:1077F000E5FB88B1054608210C3001F041FF2388E4
:10780000038063884380A3888380E388C3802946FC
:107810003046FFF7A0FF70BD6FF00B00FBE770472D
:107820000B4639B11168196041688A4209D00023BA
:10783000136070471368036041688A42F7D1436060
:10784000F5E74360F3E708B50A460368002101E065
:1078500019461B682BB19342FAD1FFF7E1FF0120D3
:1078600000E0002008BD002070470346408D5B8B80
:10787000984228BF184670470346006820B1026846
:107880001A605968884200D070475A60FCE720B1FE
:1078900019B1884206D8012070470AB1002313802D
:1078A0000020704702B110800020704710F1FF0FD8
:1078B00001D20E2070474042C0B27047012070478D
:1078C00010B4D46823782BB90231217001205DF8FF
:1078D000044B704702318B4205D0038A023B03827E
:1078E00000201061F3E70120F1E7D06803781BB9AD
:1078F000043101700120704704318B4206D0916839
:107900000B8A043B0B8200201061704701207047F6
:107910000120704706207047062070474068704776
:1079200038B50446807AF4F7FBFF0546616951B12A
:10793000637A13F0010F04D1436A1B689B682046E9
:107940009847002363612146284605F00BF838BDAF
:107950004B09BFF35B8F50F82300BFF35B8F01F03F
:107960001F01084100F00100704708B50022002304
:1079700001F003FE08BD38B504460D46436A43B125
:1079800005F18803626AC5F888206362A26A22B1A1
:1079900038BD0C3004F0CEFFF2E7A362F8E708B57B
:1079A00003680A8AC9681868F4F792FE002008BDC7
:1079B00038B505460C4601F10C0001F09AFE01466F
:1079C0002D68238AE268286801F0B8FC002038BDE1
:1079D00070B50668736A53B1883B13F1880403D00D
:1079E000D3F8884004B1883C0022114604E01C46CC
:1079F000FAE7254623462C468BB1834207D05D8D9E
:107A0000A94238BF29465B8B9A4238BF1A46002CE0
:107A1000EFD0D4F88850002DECD0883DEAE7438DB4
:107A20008B4202D8448B944209D9408B824238BFA2
:107A30000246994238BF19463068F4F7C9FE70BD56
:107A40002DE9F04182B0064614464FF49572014686
:107A5000206801F061FB207548BB05462768314668
:107A60003846FFF755FF28B1237A33B1182B18D0C9
:107A70002B4603E0082323751AE00223D6F808807A
:107A80000193638A0093238AE26831463846C047EF
:107A9000002802DB238A984205D0FFF707FF2075F4
:107AA00006E00423EAE700232375012500E0002512
:107AB000284602B0BDE8F08101F01F020123934087
:107AC000490900EB8100BFF35B8F50E8002F42EAC9
:107AD000030140E8001CBCF1000FF6D1BFF35B8F3F
:107AE000134214BF0120002070472DE9F04F85B0EC
:107AF00080468946144602921D4641680391FFF76D
:107B0000B4FE2346002202E0198A0A445B68002B77
:107B1000FAD1904204D80024204605B0BDE8F08F89
:107B2000029801F083FD07464FF0000A86E0198AAB
:107B30000A445B68002BFAD1841A07F10C06304620
:107B400001F0E3FD844228D3304601F0DEFD064615
:107B5000002E2FD0D9F80440F9683A8A0095B3B2C4
:107B60000A4449460398A047041E58DB0E9B2BB1DC
:107B70000F9A214638469847002865D0A3462146EB
:107B800007F10C0001F07CFDA2442C44A5B2404654
:107B9000FFF76BFE029B00224AE04046FFF765FEBE
:107BA000029B002202E0198A0A445B68002BFAD18A
:107BB000861ACDE7029B987AF4F7B2FE00220023E2
:107BC00001F0D5FC074650B10146029C204601F069
:107BD0003EFD4046FFF749FE3246234604E0544648
:107BE0009AE7198A0A445B68002BFAD1841A07F1D4
:107BF0000C0B584601F089FD844204D3584601F02D
:107C000084FD0646A6E74046FFF72FFE029B02E0F2
:107C10001A8A16445B68002BFAD1861B9AE7BAF1E0
:107C2000000F3FF479AF544676E7198A0A445B683F
:107C3000002BFAD1904207D9B34505D14046FFF752
:107C400014FE029B002275E7544665E72DE9F041DA
:107C500082B007461446D2F80080D8F804600023AA
:107C6000137395220146304601F056FA207340BB4B
:107C7000054639463046FFF721FED8B14046FFF7AA
:107C8000F4FDA268138AC31A012B1BDD022102F145
:107C90000C0001F0F5FC0646002301930093A38835
:107CA000A26839464046FFF720FF002805DB3080F8
:107CB000012507E00823237304E0FFF7F7FD207395
:107CC00000E00025284602B0BDE8F0812DE9F04132
:107CD00082B007461446D2F80080D8F8046000232A
:107CE000137395220146304601F016FA2073C8B985
:107CF000054639463046FFF7E1FD10B908232373E6
:107D000011E0002301930093A388A26839464046FE
:107D1000FFF7EBFE002801DB012504E0FFF7C6FDBD
:107D2000207300E00025284602B0BDE8F0812DE96F
:107D3000F84306460F461446D2F8008093684BB1CC
:107D4000A3681D78012D13D0022D2ED000252846C2
:107D5000BDE8F883506801210C3001F091FCA0606F
:107D600033681B7813B901230370E9E70223FBE7AB
:107D7000336893F80090B9F1000F01D00025E6E7D1
:107D8000606804210C3001F07BFCE0600780326801
:107D9000E36852885A804046FFF767FD63681B8A94
:107DA000C01A0428D3D84D46D1E733681B78022B7C
:107DB00001D00025CBE7606812210C3001F060FC97
:107DC000E0600780E3683268D2F80150D2F805001D
:107DD000D2F80910D2F80D20C3F80250C3F80600FB
:107DE000C3F80A10C3F80E204046FFF73EFD636853
:107DF0001B8AC01A122801D80025A8E70125A6E78A
:107E000008B5F2F751FD08BDF8B505460C46FFF779
:107E10002CFDA368002203E0B3F810C062445B6845
:107E2000002BF9D1904219D3AC63A668A360F9F78F
:107E30007DFD31462846FFF7E3FF074630B1A660D7
:107E40000023AB63F9F78AFD3846F8BD2846FFF7F3
:107E50000CFD01462046F4F7EFFCF3E76FF07907DD
:107E6000F2E708B5FFF7D0FF08BD70B50446084635
:107E70000021FFF76DFD28B1261F54F8043C0BB11B
:107E8000626B02B170BD5D68002DFBD02A685A603C
:107E90009968A9420FD029463046FFF7E2FF002833
:107EA000F0DA54F8043C5A682A605D609A68002A47
:107EB000E8D19D60E6E79A60EDE72DE9F8430746D3
:107EC000446A8CB3883C14F1880503D0D4F88850F8
:107ED00005B1883D4FF0000846462AE096B121469C
:107EE000381DFFF7C9FC0646E0B101462046FFF702
:107EF000B8FF002829DA7B6833607E60BB6873B105
:107F0000A0461AE0B8F1000FE9D02046FFF7ABFC1D
:107F100081464046FFF7A7FC8145E0D10DE0BE60F9
:107F2000A0460AE0A04608E02546D3E72B462C46AB
:107F30001D4654B1A36B002BD0D0002DF6D0D5F840
:107F40008830002BF3D0883BF1E7BDE8F88370B5AB
:107F500004460D4601462846FFF707FD68B1064670
:107F600001462046FFF74CFF044608B9204670BD85
:107F70003146284604F0F6FCF8E76FF00104F5E717
:107F8000F8B50446061F50F8045C00F13003BFF357
:107F90005B8F53E8001F21F0040143E80012002A20
:107FA000F7D1BFF35B8F3DB1636B33B104F138019F
:107FB0003046FFF7CCFFC0B9F8BD6F68002FF5D091
:107FC0003B686B60AA68BA420DD039463046FFF76D
:107FD0001BFF0028F0DA6B683B606F60AB68002B1A
:107FE000E4D1AF60E2E7AB60EFE705F10C013046AA
:107FF000FFF7ADFFE0E708B580680430FFF7C0FF8A
:1080000008BD2DE9F8438146446A54B3883C14F115
:10801000880503D0D4F8885005B1883D002637463E
:108020000EE009F10C012046FFF791FF0646E0B192
:10803000CDB1D5F8883003B1883B27462C461D4684
:108040009CB116F1020FECD1002FEAD02046FFF7C9
:108050000AFC80463846FFF706FC8045E1D13C46E5
:10806000E6E72546DAE72B46E7E7BDE8F88338B5CB
:1080700004460D46F2F718FC00B938BD294604F154
:108080003C0001F0B1FAF8E730B587B00546F2F7E9
:10809000FFFB8446EE4604460FCCAEE80F0094E8A2
:1080A00003008EE803000023CCF80030CCF8043045
:1080B000CCF80830CCF80C30CCF81030CCF81430B8
:1080C0002846FFF72DFC9DF804300BB907B030BDF2
:1080D0006846F2F751FCF9E738B505460C4601F160
:1080E0000C0001F006FB0146238AE268286800685C
:1080F00001F024F900221E212846F2F76BFC18B18A
:1081000001462846FFF7B3FF002038BD01B970478C
:108110002DE9F041064615461C460F460422012172
:10812000F2F758FC804658B104210C3001F0A8FA4F
:108130000770A0F80150C47041463046FFF797FF22
:10814000BDE8F08130B585B005460C4601F10C0064
:1081500001F0CFFA0346E268218A029101920021E0
:1081600000910A462846F2F7E5FC05B030BD30B56F
:1081700085B005460C4601F10C0001F0BAFA034641
:10818000E268218A029101920022009213221221B8
:108190002846F2F7CFFC05B030BDF0B589B00546F2
:1081A00008460C7C043CE4B2022C01D0102C42D1D5
:1081B00004210C3001F095FA068847882246011DFB
:1081C00001A8FEF74EFBC8B30DF116023946304642
:1081D000FFF75DFBF0B100238DF818304FF420530A
:1081E000ADF81A3006A901A8FEF71DFB58B100230F
:1081F0008DF81C3042F60103ADF81E3007A901A826
:10820000FEF711FB78B93B46324601A92846F2F742
:108210006BFD11E00123BDF8162010212846FFF761
:1082200075FF002008E01023324619462846FFF764
:108230006DFF002000E0042009B0F0BD0E20FBE738
:1082400000B583B0CA681388528800920D220C21B1
:10825000F2F72CFE03B05DF804FB00B583B0CB68E9
:108260001B88002200920B220A21F2F71FFE03B0A6
:108270005DF804FBF0B587B0054608460C7C043C6D
:10828000E4B2022C01D0102C23D104210C3001F0D7
:1082900028FA068847882246011D01A8FEF7E1FA60
:1082A000C8B10DF1160239463046FFF7F0FA38B181
:1082B0003B46324601A92846F2F74AFE07B0F0BD18
:1082C0000123BDF8162008212846FFF71FFF0020D4
:1082D000F4E70420F2E70E20F0E72DE9F04387B041
:1082E00007460C46062104F10C0001F0FAF9058856
:1082F0004688B0F80480D4F80C900DF10E02314697
:108300002846FFF7C4FAD0B100238DF81030ADF83D
:1083100012808DF814304FF42053ADF8163005A9B3
:1083200004A8FEF780FA98B9237C00934B463246A6
:1083300029463846F2F752FE07B0BDE8F083012324
:10834000BDF80E2006213846FFF7E0FE0020F3E7D7
:108350000A232A4606213846FFF7D8FE0020EBE71D
:1083600070B582B00446CB681D885E880DF10602A8
:1083700031462846FFF78BFA30B13246294620466F
:10838000F2F770FE02B070BD0123BDF80620042193
:108390002046FFF7BBFE0020F4E7F8B504460D4683
:1083A000FFF761FA70BBEB681E88B3B2162B2BD9AE
:1083B00003212046F2F768FC074638B302210C304F
:1083C00001F05EF900256FF008030370457039462F
:1083D0002046FFF74CFEF7236383668523681B68FE
:1083E0000433BFF35B8F53E8001F41F4805143E82F
:1083F0000012002AF7D1BFF35B8F2046FFF7E8FA9F
:108400002846F8BD0620FCE70420FAE70E20F8E72E
:1084100008B5F3F701FB08BD38B5F1F7FFFEF0B181
:10842000406A48B1883810F1880403D0D0F88840F9
:1084300004B1883C002504E00446FBE723462046BF
:108440001C4668B1FFF711FAA84200D90546002C76
:10845000F4D0D4F88830002BF1D0883BEFE700252A
:10846000284638BD08B500230A8AC968F2F766FEB7
:1084700008BD08B500230A8AC968F2F75FFE08BD87
:1084800008B500230A8AC968F2F758FE08BD08B586
:1084900000230A8AC968F2F751FE08BD08B5002317
:1084A0000A8AC968F2F74AFE08BD08B500230A8A9D
:1084B000C968F2F743FE08BD08B500230A8AC968F7
:1084C000F2F73CFE08BD08B500230A8AC968F2F736
:1084D00035FE08BD08B500230A8AC968F2F72EFEEA
:1084E00008BD08B500230A8AC968F2F727FE08BD4F
:1084F00008B500230A8AC968F2F720FE08BD70B5E6
:108500000446CE6833889AB2162A0CD90D46F72253
:1085100042834385FFF75CFA00232A8A31462046CE
:10852000F2F70CFE70BD042300221146F2F706FE9E
:10853000F8E708B500230A8AC968F2F7FFFD08BD0D
:1085400010B50446014651F8880B2430FFF77BF93B
:1085500002E0184601F04CF80022002304F13C0030
:1085600001F00BF803460028F3D1A36B33B16FF091
:108570006703002211462046F2F7E0FD002344F88D
:10858000343BBFF35B8F54E8003F23F0010344E822
:108590000032002AF7D1BFF35B8F10BD38B5044617
:1085A00050F8045C25B10438FFF7CAFF6B6A03B1C9
:1085B00038BD2846F2F714FE2068F4F725F9F7E7EE
:1085C00038B50C46F1F72AFE48B1054621460C3075
:1085D00001F00AF82846FFF714FD002038BD2046B8
:1085E00001F006F86FF07F00F8E738B505460C4655
:1085F000F9F79CF92846F1F711FE68B1034600220D
:10860000226082686AB1146084601846FFF755FCE6
:10861000F9F7A4F9002038BDF9F7A0F96FF07F0051
:10862000F9E784604460F0E758B370B50D4639B39C
:10863000F1F7F4FD064618B3406A40B1883810F1EE
:10864000880409D0D0F8884034B1883C04E004465E
:1086500002E0234620461C4658B12946F2F762FE46
:1086600070B9002CF5D0D4F88830002BF2D0883BBC
:10867000F0E72946301DFFF7E6F82846F2F74EFDF1
:1086800070BD704710B50C46F1F7C8FD014600B348
:10869000436A13B1883B00E0883B6BB1986BC268BA
:1086A000A24216D013F1880204D0D3F88830002BF0
:1086B000F2D1F2E71346F0E7486850B1C368A3422D
:1086C00007D0034600680028F7D0002BF5D11846E4
:1086D000F3E710BD0120704708B5F1F79FFDB8B171
:1086E000436A03B1883B9BB103F13402BFF35B8F54
:1086F00052E8000F20F0080042E800010029F7D1FD
:10870000BFF35B8FD3F88830002BECD0883BEAE7CF
:1087100008BD08B50421FFF750F820B1032130301F
:10872000FFF716F908BD0020FCE770B50E461546A8
:108730001C46F2F7ADF8C66005610123C3800475DD
:1087400070BD0B4639B11168196041688A4209D081
:108750000023136070471368036041688A42F7D1B1
:108760004360F5E74360F3E708B50A460368002174
:1087700001E019461B682BB19342FAD1FFF7E1FFE4
:10878000012000E0002008BD0023B3EB510F10D200
:1087900000B510F803C0CA1A013A10F802E000F858
:1087A00003E000F802C00133B3EB510FF1D35DF8E1
:1087B00004FB7047B0F800C0624512D300B5B1F8B1
:1087C00000E0734508D9624500D202800A889342CE
:1087D00004D90B80012002E0002000E001205DF8B8
:1087E00004FB624500D202800A88934202D90B80C2
:1087F000012070470120704710B5002301E00133CC
:108800009BB2022B19D84FEAD30CB2EBD30F12D97B
:1088100000EB0C04247A03F0070E24FA0EF414F093
:10882000010FECD011F80C4024FA0EF414F0010FF3
:10883000E5D1002016E0002300E00023934210D28F
:108840006BB9C41894F808C011F803E00EF0070ED5
:108850004CEA0E0C84F808C001339BB2EEE701200D
:1088600000E0012010BD10600020704708B50A46E6
:1088700000210B463BB15389994203D05181D36803
:1088800003B1984708BD03EB830C02EB4C0CBCF81A
:1088900008C08C4500D961460133EBE7FF2801D8B9
:1088A000C0B270470E20704770B5049CA6683EB1F8
:1088B00005460846FFF7F2FF024621462846B04724
:1088C000A37D013BDBB2A375E26812B10BB9204670
:1088D000904770BD10609180002070478068B0FAAA
:1088E00080F040097047F8B50C4673B10546114653
:1088F0001E4603F1180204F10800FFF722FF376853
:1089000000231A4631462846B8472046FFF7E6FFBF
:1089100000B9F8BD2046F2F72FFDFAE701207047B5
:1089200070B50446049D2E680846FFF7B7FF014660
:108930002A462046B04770BD70B582B00446069DF9
:10894000084679B973B1009313462A4600212046A0
:108950002E68B0472E68002100910B462A4620461B
:10896000B04708E02E68FFF799FF01460023009307
:108970002A462046B04702B070BDF0B589B00668FF
:108980003578002D60D1074614467388B3F5245F0F
:1089900019D013D903F55643FF339BB2042B59D892
:1089A000ADF80A1002220DF10A012046FDF75AF82F
:1089B000002839D16FF01503A36546E0A3F52053D5
:1089C0009BB2032B44D8ADF80A1002220DF10A0124
:1089D0002046FDF747F818B96FF01503A36534E09A
:1089E0007388ADF80A3002220DF10A012046FDF726
:1089F00039F878B17E6800200090132303AA394625
:108A0000B047021E0ADB03A92046FDF72BF838B158
:108A100001251AE06FF01503A36516E0A26514E0C6
:108A20006FF01503A36510E07388ADF80A300222D9
:108A30000DF10A012046FDF715F808B1012504E003
:108A40006FF01503A36500E00125284609B0F0BDCD
:108A50000125FAE70125F8E74B09BFF35B8F50F8D2
:108A60002300BFF35B8F01F01F01084100F00100FC
:108A7000704701F01F0201239340490900EB810078
:108A8000BFF35B8F50E8002F42EA030140E8001C6F
:108A9000BCF1000FF6D1BFF35B8F134214BF01206E
:108AA000002070474B7803B97047D0F88830C1F880
:108AB0000130B0F88C2090F88E30A1F80520CB71F1
:108AC000F2E700B501F01F0201239340490900EBD2
:108AD0008100D943BFF35B8F50E8002F02EA010CFD
:108AE00040E800CEBEF1000FF6D1BFF35B8F13421A
:108AF00014BF012000205DF804FB08B539B1002146
:108B00000C30FFF7B6FF80F00100C0B208BD0021B5
:108B10000C30FFF7D6FFF9E708B5FFF7EEFF08BD09
:108B20002DE9F8430746F2F7A5FC002842D080461D
:108B30008468002C3AD0183C14F1180502D0A569BD
:108B400005B1183D4FF000090DE0002323822346B4
:108B50004A4641463846FFF7C6FE4DB3AB6903B1FE
:108B6000183B2C461D462CB304F11406BFF35B8F53
:108B700056E8003F23F0080346E80032002AF7D108
:108B8000BFF35B8F07F18801387AFEF7A4F800285D
:108B9000DBD000213046FFF75FFF0028D5D14146EA
:108BA0003846FFF77FFF04F11809D6E72546C9E7E5
:108BB0002B46D6E7BDE8F88300230360436083605B
:108BC000704708B5F2F70AFC08B1FFF7F5FF00207F
:108BD00008BD08B5022A03D0F2F7D4FD022008BD73
:108BE00000231A4600F18801007AF2F78DFCF5E7C0
:108BF00000238360704738B504461546FFF76AFDC9
:108C000048B93DB904F18801207AF2F7E7FB08B1D1
:108C1000FFF7EEFF38BD2046F2F7BAFB0028F0D090
:108C2000027A12F0010FECD00121FFF775FFE8E79F
:108C3000994222D838B505460C4691421FD3049B71
:108C400023B101681846FDF7EEFDD0B9059B2BB1A5
:108C5000EB68059A934201D0012011E0069B1B8826
:108C6000013B069A1380089A21462846079B98479D
:108C7000069B1B8823B9002002E0002070470120DA
:108C800038BD0120FCE738B505460C464FF470208E
:108C90000021F2F71BFA034608B14560C46018468C
:108CA00038BD2DE9F04383B00646084615461C46FC
:108CB0009DF828800B9F0097434622462946FFF7E0
:108CC000E2FF68B381463A4641463046F1F7A0FFDD
:108CD0008046B8B19DF8303000221146FFF725FDDF
:108CE000C9F808802A4639464046A047044678B964
:108CF00049463046FFF779FC044668B9204603B080
:108D0000BDE8F0834846F2F709FA6FF00B04F5E787
:108D10004846F2F703FAF1E74846F2F7FFF9EDE7C4
:108D20006FF00B04EAE708B502210C3000F0A8FC54
:108D3000034600206FF008021A70587008BD10B585
:108D4000144602210C3000F09BFC23890380002094
:108D500010BD10B5144604210C3000F091FC23899D
:108D6000038063894380002010BDF0B587B00646BC
:108D70000C9D084609B9144653B92C68FFF78EFDBF
:108D80000146002300932A463046A04707B0F0BDB5
:108D90001A46214603A800F069FC0AE00094831CEF
:108DA0002A46002130462F68B847214603A800F024
:108DB00098FCBDF81030012B0AD9022103A800F05D
:108DC00090FC0388BDF81040A342E7D81C46E5E7B5
:108DD0002C68002100910B462A463046A047D5E773
:108DE00070B506461546002408E0AB6833F8141049
:108DF00006F10C0000F05CFC0134E4B26B689C42AC
:108E0000F3D3002070BD70B506461546002408E077
:108E1000AB6833F8141006F10C0000F049FC013483
:108E2000E4B26B689C42F3D3002070BD38B51446A1
:108E300000F10C050221284600F022FCE3890380A2
:108E4000218A284600F034FC1434BFF35B8F54E8C9
:108E5000003F43F0040344E80032002AF7D1BFF397
:108E60005B8F002038BD38B5144600F10C05042195
:108E7000284600F005FC2389038063894380E1686C
:108E80000B782BB94988284600F012FC002038BD29
:108E900010220131284600F0F9FBF7E770B50446CF
:108EA000F2F776FA50B1054604F188063146207A89
:108EB000FDF711FF18B92846F2F794FD70BDD4F8FC
:108EC0008830C5F80130B288B379A5F80520EB7178
:108ED000F4E710B5BDF80810BDF81040A1420CD859
:108EE0001046641AA342A8BF23469CB22246039BA5
:108EF000194404F061FC204610BD6FF00604FAE747
:108F000010B586B00C24ADF810402424ADF8124002
:108F10000024ADF814404FF44864ADF8164008241E
:108F2000029404AC0194BDF820400094FFF7D1FFF7
:108F300006B010BDF0B587B004460D4616461F4674
:108F4000FDF7C7FEADF81600022302930DF11603DC
:108F50000193BDF8303000933B4632462946204607
:108F6000FFF7B7FF07B0F0BD2DE9F04184B004462C
:108F70000D4616461F46EFF763F98046E3F7E2FA1F
:108F800080B20290CDF80480BDF8283000933B46B3
:108F9000324629462046FFF79CFF04B0BDE8F08129
:108FA000F0B587B004460D4616461F4600238DF8DF
:108FB0001430F2F7EDF910B1037A8DF81430012373
:108FC000029305AB0193BDF8303000933B46324627
:108FD00029462046FFF77DFF07B0F0BD70B586B08B
:108FE000BDF82850CC68267846B101341026029688
:108FF00001940095FFF76DFF06B070BD6488ADF871
:109000001640022402940DF1160401940095FFF716
:1090100060FFF1E7F0B587B005460C4616461F46DF
:10902000C968F2F7FFF990B10389ADF81630022351
:1090300002930DF116030193BDF8303000933B46C7
:10904000324621462846FFF744FF07B0F0BD002313
:10905000ADF81630EBE7B8B110B582B00446002386
:109060008DF8043042F60303ADF8063001A900681C
:10907000FDF7D9FB50B9E368988840B92046F2F76C
:10908000F9FC013080B202E000207047002002B0FD
:1090900010BD2DE9F0418AB005460C4616461F4624
:1090A000D1F80C8098F806308DF814300846FFF798
:1090B000D2FFADF81500D8F800100B7893B94B88A3
:1090C000ADF817300523029305AB0193BDF840308E
:1090D00000933B46324621462846FFF7FAFE0AB087
:1090E000BDE8F081D1F801C0D1F80500D1F8092020
:1090F000D1F80D30CDF817C0CDF81B00CDF81F20EA
:10910000CDF823301323DEE708B5F2F7CBFD08BD19
:1091100008B5FFF781F908BD12F0010F05D04B8AA1
:1091200013F0950F11D04B688BB112F0020F05D0E0
:109130004B8A13F4957F0CD08B6863B14B8A134034
:1091400013F4DE7F09D1002070470220704702200F
:109150007047032070470320704705207047837ACB
:10916000072B01D000207047F0B589B005460C46AA
:109170001646086800238DF8043042F60303ADF864
:10918000063001A9FDF74FFB50B9E3689B7913F056
:10919000300F01D109B0F0BD2046F2F7ABFD044617
:1091A000206800238DF8083042F60213ADF80A302B
:1091B00002A9FDF738FB002836D1206800238DF87E
:1091C0000C3042F60213ADF80E3003A9FDF72BFB6D
:1091D00078B3206800238DF8103042F60303ADF811
:1091E000123004A9FDF71FFB18B3206800238DF887
:1091F00014304FF42053ADF8163005A9FDF713FBDA
:10920000B8B1206800238DF8183042F60103ADF89C
:109210001A3006A9FDF707FB58B12046F2F76AFDA0
:1092200004460028C9D1B5E72046F2F763FD04469D
:10923000C3E7206800238DF81C3042F60213ADF816
:109240001E3007A9FDF7EFFA20B9E76800241CB12A
:1092500000209FE700209DE704EB840307EB430217
:10926000013217F813102846FEF74EF930B104EB1F
:10927000840307EB43031B8933428BD10134E6E7B8
:10928000F0B583B00546089E0846B9B91C46ABB197
:109290007368F3B1009413463246002128463768BC
:1092A000B847A0B1338A013B9C4218DA34680021E8
:1092B00000910B4632462846A04708E03468FFF785
:1092C000EDFA01460023009332462846A04703B03A
:1092D000F0BD234631462846F3F7F4F8F7E77389E3
:1092E0001C44748131462846F3F7BEF80028EEDAB4
:1092F00034680023009332460E212846A047E6E753
:1093000070B582B004460D46F8F710FB294620469A
:10931000FFF7B8F978B1014646682046FFF784F9AF
:10932000F8F71CFB2EB1009500231A460E212046AB
:10933000B04702B070BDF8F711FBFAE72DE9F0472E
:1093400080460F4691469A46F2F794F850B38468E7
:1093500024B3183C14F1180509D0A5693DB1183D96
:1093600005E0EDB1AE6906B1183E2C463546CCB1EC
:10937000A3899F42F5D121464046FFF7CFFA002846
:10938000EFD0266853464A4621464046B04700285B
:10939000E7D121464046F3F743F9E2E72546E6E701
:1093A0002E46E2E7BDE8F0872DE9F04107460C467E
:1093B000F1F7EEFF002842D00646037A13F0010FC2
:1093C00003D101252846BDE8F08100F10C080021F9
:1093D0004046FFF741FB05460028F3D10CB925466E
:1093E000F0E701214046FFF76CFB0546F8B9384627
:1093F000FFF770F905460028E4D03846FFF789F9F1
:1094000005460028DED0BFF35B8F58E8003F23F00D
:10941000020348E80032002AF7D1BFF35B8F3846D9
:10942000FFF75AF901213046FFF776FBCAE73846C5
:10943000FFF752F901213046FFF76EFBC2E7012525
:10944000C0E7F0B583B007684FF0FF324FF0FF334D
:1094500000210846FEF765F9044600F10C060121DB
:10946000304600F00DF9052505700121304600F069
:1094700007F9057000230093224606213846FEF7BF
:1094800055F910B9002003B0F0BD204600F0B0F847
:10949000F8E76FF0850070470020704708B5F5F7D2
:1094A0003BFE08BD2038704738B50446037F1B33A8
:1094B00023F00303028B521A856A03FB0255F3F76C
:1094C00023FAA872237FEB72284638BD70472DE936
:1094D000F04104460D4617461E46807AF3F720FAFF
:1094E000436A1B68D3F800803A4633462946204633
:1094F000C047BDE8F08138B50446807AF3F710FA2A
:109500000546616951B1637A13F0010F04D1436AD2
:109510001B689B68204698470023636121462846C4
:1095200003F020FA38BD10B50446807AF3F7F8F955
:10953000037F1B3323F00303826AA41AB4FBF3F006
:1095400010BD70B504460D46807AF3F7E9F9436A19
:109550005A689E682E6015682046FFF7E4FF00FBFE
:10956000065070BD002303824369C360704708B58D
:10957000416A8968F3F7DCF908BD08B5F7F7E0FC44
:1095800008BDEFF31182402383F31288BFF36F8F7E
:1095900000230B60436833B11960416082F3118886
:1095A000BFF36F8F704741600160F7E70346EFF349
:1095B0001182402181F31288BFF36F8F006870B170
:1095C00010B4016819605C68A04206D082F311886B
:1095D000BFF36F8F5DF8044B70475960F6E782F375
:1095E0001188BFF36F8F704708B503F0AFF908BD5E
:1095F00038B5044603E02046FFF77DFF2C4684B1D2
:109600006568237A013BDBB2237253B9E360636080
:10961000A07AF3F785F9036A002BECD0204698472F
:10962000ECE738BD027A01320272704703461846F1
:109630005B68002BFBD1704770B504460D46466849
:109640001EB10846FFF7F2FF4660656070BD38B591
:109650000D4638B10446FFF7E9FF2946FFF7ECFF56
:10966000204638BD0846FFF7DDFFFAE7816001605C
:1096700092B2C2808280704783680B440360704757
:109680000268838819448180D018704738B50D4628
:1096900014461146FFF7F4FF2246294604F08CF8E1
:1096A00038BD10B50C460121FFF7EAFF047010BD6C
:1096B00010B50C460221FFF7E3FF0470240A447042
:1096C00010BD03460068401A18609A880A449A80C0
:1096D000704703468288521A8280006808441860E6
:1096E0007047034600689A88521A9A8001441960AC
:1096F000704710B503681C880221FFF7EAFF204677
:1097000010BD02688068101A704738B50446C588D5
:10971000FFF7F7FF2D1AA088281A38BD93781B028F
:1097200003F4E06392F803C04FEA0C3C0CF4805C55
:1097300043EA0C0392F804C04FEA0C4C0CF4E02C02
:1097400043EA0C0392F800C00CF0030C43EA0C034C
:1097500092F801C04FEA0C1C0CF0300C43EA0C03E9
:1097600092F805C04FEA0C5C0CF4801C43EA0C0331
:109770009279120602F08072134300EB0110C0F8D8
:10978000183570474800704740B344F228029042B1
:1097900034D844F20302904233D3A0F58043033B14
:1097A000252B31D8DFE803F0133016303030301A73
:1097B000303030301E3030303022303030303030C9
:1097C00030303030303030303030303030260020E3
:1097D0000870704701230B700020704702230B7044
:1097E0000020704703230B700020704704230B7088
:1097F0000020704705230B70002070476FF01500A4
:1098000070476FF0150070476FF01500704708B58E
:10981000BFF35B8F50E8003F5A1C40E8002100294D
:10982000F8D1BFF35B8F1BB16FF00F03036708BD67
:10983000F3F710F9FBE708B50838FFF7E8FF08BDB4
:1098400008B540304FF0FF324FF0FF33F7F7DAFB47
:1098500008BD10B5044658304FF0FF324FF0FF33CB
:10986000F7F7D0FB00B12067206F10BD38B58446F4
:109870000D4600F1740E0C460FCCAEE80F002368C5
:10988000CEF800300023CCF870302B6853B10CF1C7
:1098900088040FCB84E80F00CCF874400023ACF8A8
:1098A000983018B96046F3F7D5F838BD0023BFF3F8
:1098B0005B8F5CE8002F4CE800310029F9D1BFF341
:1098C0005B8F6046F3F7DCF9EFE708B5836C03B113
:1098D00008BD4030F7F76EFBFAE710B50446436F5A
:1098E0000BB30846D4F88C3043B1B4F8982004F197
:1098F0007401984701280DD002280ED0B4F8983092
:10990000B4F89420934213D20133A4F89830002184
:109910000B4604E00121002301E00021012353B1A3
:10992000D4F8883013BB04F15800F7F743FB10BD9F
:1099300000210123F3E72046F3F79EF8D4F888309E
:109940001BB92046F3F786F8F1E7BFF35B8F54E8C5
:10995000003F5A1E44E800210029F8D1BFF35B8F75
:10996000012BE4DD2046F3F775F8E0E704F1080089
:1099700003F059FDD7E7034619B101290CD00020A7
:109980007047D3F81804C0F300407AB1D3F8183404
:1099900003F0030313607047D3F80C04C0F30040D6
:1099A00022B1D3F80C3403F001031370704700693F
:1099B00001EB41018900383108447047406801EBF0
:1099C000410100EB810070470069C1EBC10100EB70
:1099D0008100704708B5C9B2FFF7E9FF806800F061
:1099E000070008BDEFF31182402383F31288BFF311
:1099F0006F8F036813F0C00301D08B4207D101239E
:109A00000360002082F31188BFF36F8F70474FF01F
:109A1000FF30F7E7EFF31182402383F31288BFF39F
:109A20006F8F036803F0C00C03F00703012B08D00D
:109A30008C4509D04FF0FF3082F31188BFF36F8F50
:109A4000704701600020F7E76FF07700F4E7EFF36D
:109A50001182402383F31288BFF36F8F036803F0F2
:109A6000C00343F00203036082F31188BFF36F8FDA
:109A70007047F8B506460C46FFF799FF056847683A
:109A8000002340F8083BFFF7E2FF1DB13A462146AC
:109A90003046A847F8BD70B506461546CCB22146FB
:109AA000FFF785FF29460830FFF79CFF002806DBFB
:109AB00021463046FFF782FF43689847002070BD7B
:109AC00008B58022FFF7E7FF08BD2DE9F041064603
:109AD00090461F46CDB22946FFF769FF0446069916
:109AE0000830FFF797FF002809DBC4F800806760A3
:109AF00029463046FFF762FF036898470020BDE81B
:109B0000F08110B582B080240094FFF7DEFF02B030
:109B100010BD10B51446C9B2FFF756FF0021A0478B
:109B200010BD08B50120F5F78DF908BD08B5012075
:109B300000F07EFF08BD08B5002000F079FF08BDE9
:109B400008B520EAE070C117C90341EA5041C003DB
:109B500040F2E733C0184FF47A724FF0000341F13E
:109B60000001D2F7CDFFF7F7B3FF08BD08B51046E7
:109B7000F7F720FA08BD08B5F3F79EFA0020F5F7CD
:109B800061F908BD4278837890F803C09A1A3CEADC
:109B9000020207D0C2185171013303EA0C0383702B
:109BA000002070476FF06800704700230370437017
:109BB00083700139C170027170470020704738B559
:109BC0000C461546EEF730FB20B129462046EDF74E
:109BD0000FFD38BD6FF00A00FBE74B6803444B6094
:109BE0000B6803440B608B681B1A8B60704738B599
:109BF00004460D4601F0D6FD002C06DBA04206D936
:109C0000001B854205D9002000E0002038BD00205F
:109C1000FCE70120FAE770B5044601F0C7FD0646EF
:109C2000237B0BB9002504E000F023FFFAE7A368CB
:109C30008BB16068F5F7F4FEA3689B1BA3606368B3
:109C4000334463600135237B002BF0D02846F5F7C1
:109C500005FA0028EBD0A068003818BF012070BDBD
:109C600000B585B000230093019302930393019004
:109C700002916846FFF7CFFF05B05DF804FB38B5E9
:109C80000446037BCBB90125A368032B18D92368AD
:109C90001968606801F07AFD21460420FFF79DFFF6
:109CA0000135237B002BEFD02846F5F7D7F90028A4
:109CB000EAD0F3F7AFFB012005E000F0DAFEE2E7BF
:109CC000F3F7A8FB002038BD00B585B000910190E6
:109CD000029200238DF80C306846FFF7D0FF05B0E4
:109CE0005DF804FB70B582B00D4616461C468268CE
:109CF00000232360A36013696A4601A9984714E012
:109D00002068281AB0FBF2F01B68984228BF18465A
:109D1000236800FB02332360A3680344A360019B14
:109D20001A68824211D808330193009B5A1E009290
:109D30003BB1019B5A686260002DE1D1A068301AE6
:109D4000E2E76FF0150002B070BD0020FBE708B538
:109D500013460022FFF7C6FF08BD2DE9F04786B085
:109D60008946904683681B6901AA05A99847002483
:109D70002646A246019B534514D9059F07EBCA0707
:109D80007B680393002503E0039B1C4401360135E7
:109D90003B68AB4209D902940496414602A8C847E1
:109DA0000028F1D106B0BDE8F0870AF1010AE1E729
:109DB0000B4639B11168196041688A4209D0002305
:109DC000136070471368036041688A42F7D14360AB
:109DD000F5E74360F3E708B50A460368002101E0B0
:109DE00019461B682BB19342FAD1FFF7E1FF01201E
:109DF00000E0002008BDF0B51C46059E069D00F061
:109E00001F0C40092FD14FF0A04E0CF5E0735EF807
:109E1000233059B301205AB30227384354B30C27D7
:109E200038434EB34FF4E06738433DB34FF4403707
:109E3000384323EA000019B30B781AB312785200A2
:109E400013430CB3227892001343FEB1327812020E
:109E50001343EDB12A781204134303430CF5E07C5D
:109E60004EF82C30F0BD4FF0000ECEE70020D2E7C8
:109E70000027D2E70027D3E70027D5E70027D7E759
:109E80000023DAE70022DBE70022DDE70022DFE73C
:109E90000022E1E770B504460D461646036833B16B
:109EA000FFF799FF70B91EB96FF0150006E032B1E7
:109EB00023682B602560636843B1002070BD6FF09C
:109EC0001500FBE7002EF3D10020F7E765600020C6
:109ED000F4E770B50E461546016821B10C683CB137
:109EE00031B90C4604E00C4602E0234621461C46EC
:109EF00071B18A682A4002D04B6830469847002CDE
:109F0000F3D02368002BF1D0002CEFD12346EDE7EE
:109F100070BD0069003818BF0120704710F0100FA5
:109F200004D110F0200F03D10020704703207047A8
:109F30000120704743685B68D3F810350B60002040
:109F4000704743685B6802EA010021EA0201C3F836
:109F50000805C3F80C150020704743685B68C3F818
:109F600008150020704743685B68C3F80C15002093
:109F7000704743685A68D2F8043521EA03000B4061
:109F8000C2F80805C2F80C3500207047B0F5800F04
:109F900007D0B1F1C06F0DD0B1F1007F08D0012022
:109FA0007047B1F1007F01D0052070470420704751
:109FB000022070470320704708B500690430FFF79E
:109FC00069FF08BD10B500F01F044009F3F746FB18
:109FD00030B1014600690122A2400430FFF779FF49
:109FE00010BD10B582B0044601AA00F01CF800288C
:109FF00005DB019B226819791868F3F757FE02B058
:10A0000010BD10B50446002201210320FBF710FE0D
:10A0100063680021D869FFF7E4FF002802DB2046CF
:10A02000F3F732FD10BD10B44368136001E008334C
:10A030001360136890F808C0446804EBCC0C6345C7
:10A0400005D293F805C08C45F1D1002001E06FF0F6
:10A0500001005DF8044B704700B5A2F5807E4FEA21
:10A060009E0E4FF0010C0CFA0EFC1CEA010F0DD0F5
:10A07000815809B900200AE00021815082581BB1A3
:10A080001A684CEA02021A60012000E000205DF824
:10A0900004FB70B582B006460D460024019409E029
:10A0A000A20001AB02F5A07229463046FFF7D4FFAB
:10A0B0000134E4B2032CF3D915F0010F02D0D6F825
:10A0C000003143B915F0020F02D0D6F8043163B95C
:10A0D000019802B070BD0023C6F80031D6F80031F7
:10A0E000019B43F001030193ECE70023C6F8043120
:10A0F000D6F80431019B43F002030193E8E7401ACC
:10A1000020F07F40704700F150039B009BB203F1A9
:10A11000804303F588331868003818BF0120704762
:10A1200000F150039B009BB203F1804303F5883399
:10A1300000221A601B68704720F07F407047EFF3E1
:10A14000108072B6704780F310887047F0B585B004
:10A15000044617461D46F3F76FFE06469DF830305D
:10A1600002930B9B01930A9B00933A462B46204691
:10A17000F3F730FF054631462046F3F7B3FE284695
:10A1800005B0F0BD08B5F3F705FF08BD03783E2B19
:10A1900003D0FF2B08D0002070478378022B01D01A
:10A1A00000207047012070478378802B01D0002069
:10A1B00070470120704738B505464FF0FF324FF029
:10A1C000FF330520EBF7B2FF04466A8804322946C4
:10A1D0000C30FFF75BFA2046FCF760FD38BD38B560
:10A1E000038A83B10446037E4BB1022B0ED1F4F7F0
:10A1F00065F9054665B92046FFF7FAF908E0F4F776
:10A200007BF90546F6E76FF0150501E06FF01505DF
:10A21000284638BD10B500F0ACFB4FF0FF304FF0D2
:10A22000FF31F4F731F8044608B1204610BDD3F7EA
:10A230008DF9044610B9F4F731F8F6E7F4F72EF883
:10A24000F3E708B5D3F7A6F960B9D3F7B7F960B962
:10A25000D3F7C8F960B9D3F7D3F960B9D3F7DEF90A
:10A2600060B908BD6FF08500FBE76FF08500F8E787
:10A270006FF08500F5E76FF08500F2E76FF085007D
:10A28000EFE708B5F4F78CFA08BD0F230370042339
:10A29000437082700123C370818070474FF00E0CB1
:10A2A00080F800C0427001228270A0F80310437150
:10A2B00070478F230370C0230371704701207047DC
:10A2C000002303604360037943F020030371DBB292
:10A2D00043F040030371704700230380037843F089
:10A2E00001030370DBB243F002030370DBB243F0FF
:10A2F00020030370437843F001034370DBB243F063
:10A3000002034370DBB243F0040343707047002341
:10A310000360037843F001030370DBB243F00203F0
:10A320000370DBB243F004030370DBB243F00803B5
:10A330000370DBB243F010030370DBB243F0200381
:10A340000370837843F002038370DBB243F00803A9
:10A350008370704708B5427810F8033B43EA022344
:10A360001BB240F20642934205D040F21D42934296
:10A3700004D0012008BDDEF768FEFBE7DEF767FECC
:10A38000F8E708B50346033093F801C01B7843EAA9
:10A390000C231BB240F6634C63452CD001F106013F
:10A3A00016DC40F6034C634522D040F62D4C634545
:10A3B00005D1137803331370DEF7FEFC07E040F697
:10A3C0000142934202D1DEF7F2FC00E0012008BD19
:10A3D00040F67B4C634511D040F67C4C634505D17B
:10A3E000137802331370DEF7F0FCF0E70120EEE79C
:10A3F000D3F706FAEBE7DEF7E1FCE8E7137804337E
:10A400001370DEF7E0FCE2E708B5034603300631DF
:10A4100093F801C01B7843EA0C234FF60B4C6345BD
:10A420001CD94FF61D5C634500F28280B3F57D4F69
:10A4300026D3A3F57D431D2B76D8DFE803F04C54DB
:10A44000575A5D6075757563757566757575757543
:10A45000757569756F75757575757572B3F57C4F22
:10A4600001D8012008BDA3F57C43013B0A2B5DD830
:10A47000DFE803F0080F5C5C5C275C5C17202A00B7
:10A480000120EFE713780C3313700846DEF79FFCCA
:10A49000E8E71378403313700846FFF71DFF0020EC
:10A4A000E0E71378581C1070173313700846DEF776
:10A4B000ABFCD7E71378203313700846DEF7F6FCC1
:10A4C000D0E7DEF79FFCCDE7137801331370084621
:10A4D000DEF73DFDC6E71378403313700846FFF7FB
:10A4E00016FF0020BEE7DEF748FDBBE7DEF747FDBD
:10A4F000B8E7DEF746FDB5E7DEF745FDB2E7DEF784
:10A5000048FDAFE7DEF747FDACE7DEF748FDA9E71A
:10A51000137804331370DEF744FDA3E7DEF750FD34
:10A52000A0E7DEF74FFD9DE701209BE7012099E7BB
:10A53000012097E710B504463022002103F064F9AA
:10A54000237843F020032370A37843F08003A370A3
:10A55000637943F040036371DBB243F080036371BE
:10A56000A37A43F00403A372A37B43F00803A3730D
:10A57000DBB243F02003A373E37B43F00203E373F6
:10A58000A37D43F00403A375637E43F00103637668
:10A59000DBB243F002036376DBB243F0040363767D
:10A5A000DBB243F010036376DBB243F02003637643
:10A5B000DBB243F040036376DBB243F080036376A3
:10A5C000A37E43F00103A376DBB243F00203A3763C
:10A5D00094F82D3043F0400384F82D30A37E43F0EF
:10A5E0004003A376DBB243F08003A376E37E43F01F
:10A5F0000103E376DBB243F00203E376DBB243F020
:10A600001003E376DBB243F02003E376DBB243F0E2
:10A610004003E376DBB243F08003E376237F43F02D
:10A6200002032377DBB243F004032377DBB243F06A
:10A6300008032377DBB243F010032377DBB243F048
:10A6400020032377DBB243F04003237794F82030D4
:10A6500043F0100384F82030DBB243F0200384F889
:10A66000203094F8213043F0400384F82130DBB2ED
:10A6700043F0800384F8213094F8223043F0010342
:10A6800084F8223094F8233043F0080384F8233010
:10A69000DBB243F0100384F82330DBB243F0200335
:10A6A00084F82330DBB243F0400384F82330DBB27C
:10A6B00043F0800384F8233094F8243043F00103FE
:10A6C00084F8243094F8263043F0800384F8263050
:10A6D00094F8223043F0020384F82230DBB243F0D6
:10A6E000040384F8223094F8293043F0040384F8FA
:10A6F000293010BD08B50346881D93F801C01B78AA
:10A7000043EA0C231BB2A3F58053013B082B20D84E
:10A71000DFE803F0050B121F1F1F1F1F190013781E
:10A7200008331370DEF750FC14E0137840331370D5
:10A73000FFF700FF00200DE0137808331370FFF7D8
:10A74000BFFD002006E0137806331370DEF73EFCF1
:10A7500000E0012008BD002303604360037843F05C
:10A7600001030370DBB243F004030370DBB243F078
:10A7700008030370DBB243F010030370DBB243F055
:10A7800020030370437843F001034370DBB243F0CE
:10A7900040034370704708B503460330063193F811
:10A7A00001C01B7843EA0C231BB2A3F50053013B05
:10A7B0007B2B00F2D880DFE803F03E4148D65053AF
:10A7C000565D6063D6D6D6D669707376D6D6797F55
:10A7D0008288D68F959BD6D6D6D6D6A3A9B0B3B647
:10A7E000D6D6D6D6D6D6D6D6BCC3C9CCD6D6D6D64D
:10A7F000D6D6D6D6D6D6D6D6D6D6D6D6D6D6D6D6F9
:10A80000D6D6D6D6CFD6D6D6D6D6D6D6D6D6D6D6EF
:10A81000D6D6D6D6D6D6D6B9D6D6D6D6D6D6D6D6F5
:10A82000D6D6D6D6D6D6D6D6D6D6D6D6D6D6D6D6C8
:10A83000D6D6D6D6D666DEF7CBFB95E013780333B3
:10A8400013700846DEF7C9FB8EE0137808331370E7
:10A850000846FFF780FF002086E0DEF7C0FB83E0BC
:10A86000DEF7BFFB80E01378013313700846DEF794
:10A87000BAFB79E0DEF7B9FB76E0DEF7B8FB73E010
:10A88000DEF7B7FB70E0DEF7DEFB6DE01378013337
:10A8900013700846DEF7AFFB66E0DEF7AEFB63E061
:10A8A000DEF7ADFB60E0DEF7ACFB5DE0137807336D
:10A8B0001370DEF7A8FB57E0DEF7A7FB54E0137830
:10A8C00010331370DEF7A3FB4EE0137808331370D8
:10A8D0000846DEF79EFB47E0137802331370DEF77D
:10A8E0009AFB41E0137802331370DEF798FB3BE0EC
:10A8F0001378083313700846FFF7DBFC002033E0C1
:10A90000137802331370DEF78EFB2DE013780433D7
:10A9100013700846DEF789FB26E0DEF788FB23E0AC
:10A92000F4F776F920E000F025F81DE000F027F8B4
:10A930001AE01378083313700846DEF77AFB13E049
:10A94000137804331370DEF776FB0DE0DEF775FB4A
:10A950000AE0DEF774FB07E0137802331370084651
:10A96000DEF76FFB00E0012008BD08B5F4F710F931
:10A9700008BD704708B50021F4F762F908BD90F8EA
:10A980004010012903D808B5F4F75AF908BD122080
:10A99000704701207047684620F007018D4601B5D9
:10A9A000DAF71EFFE9F742F8BDE801408546704737
:10A9B000684620F007018D4601B5DAF7CBFEBDE809
:10A9C000014085467047684620F007018D4601B575
:10A9D000DAF706F9E9F72AF8BDE80140854670473D
:10A9E00010B5F4F765F9044608B1204610BD012200
:10A9F00000210820FBF71CF9012200210B20FBF7A6
:10AA000017F9012200211046FBF712F9EDE708B50E
:10AA10004FF0FF304FF0FF31F3F736FCE1F710FD58
:10AA2000F3F73CFC08BD08B5E1F7F8F9002008BDD4
:10AA3000012800D0704708B5DAF784F908BD7047DF
:10AA400008B5DAF7D1F908BDEFF30580033803281C
:10AA50008CBF00200120704708B5DDF7B3FA08B9B4
:10AA6000002008BDFFF7F0FF08B90120F9E700203A
:10AA7000F7E770470020704710B504693B2901D003
:10AA80000C2904D1DDF7D4FB2060002010BD6FF04D
:10AA90008500FBE7012800D170470220FCE7002079
:10AAA00070478068183820F0070010387047042875
:10AAB0000AD0052803D1481E18BF012070478842DC
:10AAC00014BF0020012070470120704789B138B5BC
:10AAD00014460D460AB9002038BDFAF7D6FD00230A
:10AAE000A34204D2EA5C824205D10133F8E7012097
:10AAF000F2E7002070470020EEE738B505460C4627
:10AB0000114601232246FAF769FD00280FDB0122D6
:10AB100021462846FFF7DAFF18B1032323700020EF
:10AB200006E02078FFF7B6FF2070002000E001204B
:10AB300038BD08B58268183A22F00702083AFFF7D4
:10AB4000DCFF08BD2DE9F04383B006460F46904672
:10AB50001D46FAF791FD2C18013CC0F1000C04EAE7
:10AB60000C04082C04D94FF0FF3003B0BDE8F0838B
:10AB70003046FAF78AFD81462A464146684602F089
:10AB80001BFE621B49460DEB050002F03DFE23460D
:10AB90006A4639463046FAF73CFD0028E5D00120E8
:10ABA000E3E700B583B08DF80420012301AAFFF785
:10ABB000C9FF03B05DF804FB08B5816818390122AC
:10ABC00021F00701FFF7EDFF08BD08B58268183ACC
:10ABD00022F00702FFF791FF08BD30B587B00446A9
:10ABE0000D468168102302AA1039FAF7F7FC0028F5
:10ABF00039DB102202A92046FFF768FF48B3032380
:10AC00002B702046FFF74DFF014601230DF107028F
:10AC10002046FAF7E3FC002828DB9DF8073003F014
:10AC20000F026A701B092B7101220DF107012046EA
:10AC3000FFF74CFF10B96B78042B03D901236B701D
:10AC400000232B71A91C2046FFF773FF30B10120B0
:10AC50000AE002A8F4F734FA2870D2E7E91C20468B
:10AC6000FFF7B3FF00E0012007B030BD0120FBE794
:10AC700010B582B00C4601A9C0B2E8F737FB18B195
:10AC80000124204602B010BD21460198FFF7A5FF20
:10AC900004460198FAF7A1FCF3E710B582B00E2A3A
:10ACA00011D804460E2910D841EA02118DF8071078
:10ACB000FFF7F7FE014601230DF107022046FFF7DB
:10ACC00041FF02B010BDFBF70BF9FBF709F9F0B536
:10ACD00083B0044617460E4601B10F46694620462A
:10ACE000FFF77BFF98B99DF80050022D28D0032D67
:10ACF0000CD0012D01D0FBF7F3F846B19DF80330DD
:10AD0000032B04D12046FFF757FF00E00EB103B03C
:10AD1000F0BD2046F4F7E0F90028F8D167B9002823
:10AD2000F5D107B902252046FFF7B9FEC2B2294680
:10AD30002046FFF7B2FFEAE72046FFF73DFFEEE7C8
:10AD40000EB10420E3E7A26800212046FAF77CFC5C
:10AD50000320DCE74FF08053D3F83031B3F1FF3FED
:10AD600003D0062B06D0002070474FF0704393F8B5
:10AD7000E03FF6E7012070474FF0704393F8E02F73
:10AD8000D3F8E83FC3F30313062A01D0002070472D
:10AD9000033B002B04D8DFE803F0010001207047DB
:10ADA000002070474FF08053D3F83031B3F1FF3FAC
:10ADB00003D0062B06D0002070474FF0704393F865
:10ADC000E03FF6E7012070474FF0704393F8E02F23
:10ADD000D3F8E83FC3F30313062A01D000207047DD
:10ADE000033B002B04D8DFE803F00100012070478B
:10ADF000002070474FF08053D3F83031B3F1FF3F5C
:10AE000003D0062B06D0002070474FF0704393F814
:10AE1000E03FF6E7012070474FF0704393F8E02FD2
:10AE2000D3F8E83FC3F30313062A01D0002070478C
:10AE3000033B002B04D8DFE803F00100012070473A
:10AE4000002070474FF0704393F8E02FD3F8E83FAD
:10AE5000C3F30313062A01D000207047033B002BE5
:10AE600004D8DFE803F0010001207047002070479C
:10AE70004FF08053D3F83031B3F1FF3F07D04FF09C
:10AE80008052D2F83421062B0AD0002070474FF0B0
:10AE9000704292F8E03FD2F8E82FC2F30312F2E7D3
:10AEA000033A012A04D8DFE802F0010100207047CC
:10AEB000012070474FF08053D3F83031B3F1FF3F9A
:10AEC00003D0062B06D0002070474FF0704393F854
:10AED000E03FF6E7012070474FF08053D3F8303160
:10AEE000B3F1FF3F03D0062B06D0002070474FF090
:10AEF000704393F8E03FF6E7012070474FF080532E
:10AF0000D3F83021D3F83431062A01D0002070471D
:10AF1000052B03D8032B03D3002070470120704773
:10AF2000012070474FF08053D3F83021D3F83431EB
:10AF3000062A01D000207047062B03D8032B03D329
:10AF400000207047012070470120704708B5FFF7C7
:10AF5000E9FF38B14FF01023D3F808224FF08043B7
:10AF6000C3F8582508BD08B5804708BD08B501F0ED
:10AF70003DFB08BD10B401F5A27150F8214024F446
:10AF8000473424F4407440F8214050F82140120224
:10AF900002F4F8521B0403F440331A43144340F8FC
:10AFA00021405DF8044B704710B401F5A27150F8D0
:10AFB000214024F4981424F4F85440F8214050F827
:10AFC0002140120202F4F8521B0403F440331A43E6
:10AFD0009DF804301B0503F480131A43144340F812
:10AFE00021405DF8044B704700B5A2F5807E4FEA22
:10AFF0009E0E4FF0010C0CFA0EFC1CEA010F0DD056
:10B00000815809B900200AE00021815082581BB103
:10B010001A684CEA02021A60012000E000205DF884
:10B0200004FBF0B583B005460E4617460024019494
:10B0300009E0E2B2920001AB02F580723146284687
:10B04000FFF7D2FF0134BC42F3D301AB4FF4BE7221
:10B0500031462846FFF7C8FF019803B0F0BDF0B5B0
:10B060001C46059E069D00F01F0C40092FD14FF095
:10B07000A04E0CF5E0735EF8233059B301205AB3AB
:10B080000227384354B30C2738434EB34FF4E067DC
:10B0900038433DB34FF44037384323EA000019B337
:10B0A0000B781AB31278520013430CB32278920033
:10B0B0001343FEB1327812021343EDB12A78120421
:10B0C000134303430CF5E07C4EF82C30F0BD4FF0F9
:10B0D000000ECEE70020D2E70027D2E70027D3E713
:10B0E0000027D5E70027D7E70023DAE70022DBE7D0
:10B0F0000022DDE70022DFE70022E1E700B585B0AE
:10B100008DF80F100DF10F030193002100910B46F4
:10B110000A46FFF7A4FF05B05DF804FBC0B2704714
:10B1200038B50D460079F4F777FA04462846FFF75C
:10B13000F5FF083034F8100000F0010038BD38B5D4
:10B140000D460079F4F768FA04462846FFF7E6FF53
:10B15000083034F81000C0F3401038BD38B50D4643
:10B160000079F4F759FA04462846FFF7D7FF08306C
:10B1700034F8100010F01C0018BF012038BD38B59D
:10B180000D460079F4F748FA04462846FFF7C6FF53
:10B19000083034F81000C0F3400038BD38B504461C
:10B1A0000D46FFF7ECFF30B129462046FFF7C7FFF9
:10B1B00018B1012000E0002038BD0020FCE708B5F0
:10B1C000FFF7DDFF80F00100C0B208BD7047704797
:10B1D00038B50D460079F4F71FFA04462846FFF704
:10B1E0009DFF083034F81000400B38BD032894BF91
:10B1F00000200120704770B506460D46002404E08B
:10B200004FF0FF33AB4211D001341F2C0CD83079F2
:10B21000F4F702FA04F1080330F8133013F4807FD6
:10B22000EED0C3F34323EDE7002000E0012070BD22
:10B2300038B504460D46FFF782FFB8B129462046CF
:10B24000FFF7BDFF90B129462046FFF7C1FF2268F6
:10B2500001238340C2F80833226800F5A27052F837
:10B26000203023F0030342F8203003E00021284679
:10B27000FFF744FF38BDF8B506460F4615460024D3
:10B28000002C03DD4FF0FF342046F8BD3079F4F791
:10B29000C3F950F83430BB4201D00134F0E700EB81
:10B2A000C4035B68AB42F8D1EEE738B50C460079D1
:10B2B000F4F7B2F905462046FFF730FF083035F8BD
:10B2C0001030C3F38203042B11D0052B11D004F0EE
:10B2D0001F02640909D14FF0A043D3F81035D340C1
:10B2E00013F0010F07D0032002E00023F5E703204D
:10B2F00038BD0220FCE70220FAE710B504460846F4
:10B30000FFF70CFF083034F8103013F4807F04D0BE
:10B31000C3F3432304EBC30010BD0020FCE770B56A
:10B3200004460E4615460079F4F776F986602079D2
:10B33000F4F772F9C56070BD08B50079F4F76CF9DF
:10B3400090F86000003818BF012008BD70B50446B1
:10B350000D4616460368D3F80423002A03DB4FF09A
:10B360000042C3F8042329462046FFF7E8FE00B355
:10B3700029462046FFF723FFD8B129462046FFF78C
:10B3800027FF2268830003F580739BB20021995048
:10B390009B58226800F5A27152F8213043F0010356
:10B3A00042F821306EB1226801238340C2F8043391
:10B3B00007E029462046FFF778FF01462846FFF7B9
:10B3C0009DFE70BDF8B504460D461646FFF795FF85
:10B3D00020B10768426831462846B847A3681BB1C8
:10B3E000E268314628469847F8BDF8B507460E464C
:10B3F00014461D461046FFF7F9FE60B9022D28D00D
:10B4000002213046FFF77AFE032C26D0022D22D0EF
:10B41000032D28D0F8BD224631463846FFF7D2FF2B
:10B4200006F01F03720912D14FF0A04203F5E0733A
:10B4300052F82330C3F301439D42EBD10021304643
:10B44000FFF75CFE29463046FFF758FEE2E7002290
:10B45000ECE70321D5E7012CDAD122463146384604
:10B46000FFF7B0FFD6E7022CD4D1F6E70023D3B123
:10B470000020704711F0010F0ED01AE04FF0A04CE1
:10B48000DCF820454EF8044BCCF8204501325C1C1A
:10B49000A242F3D3425922B90133002BEAD0002053
:10B4A00030BD0120FCE711F0010F01D10133DEE7CF
:10B4B00030B59D001A4600EB830EE8E710B50C4648
:10B4C0000079F4F7A9F821465430F4F749F810BD93
:10B4D00070B505460846FFF721FE04462879F4F7C3
:10B4E0009BF804F1080330F8133013F4807F0BD07D
:10B4F000C3F34326083423F4F85320F814303146BC
:10B500002846FFF778FE00B170BD2879F4F784F87B
:10B51000002340F836302879F4F77EF83146583069
:10B52000F4F742F8F0E770B504460D46FFF707FE62
:10B5300048B1266829462046FFF74AFE00F5A2706A
:10B54000002346F8203029462046FFF7C1FF207926
:10B55000F4F762F804462846FFF7E0FD08300023C0
:10B5600024F8103070BD10B50C460079F4F754F88B
:10B5700021465430F4F718F810BD70B504460D4656
:10B580001E4604984FF0000C01E00CF1010C8445BC
:10B590000ED25FFA8CF2920002F5807192080123BC
:10B5A00003FA02F21542F0D0002363506358ECE72F
:10B5B000002D04DA0023C4F87C31D4F87C3144F344
:10B5C0000730FAF72BFB0EB1C4F8045370BD2DE918
:10B5D000F04182B080460F4600230193C96D01A857
:10B5E000FFF744FF002676B13A6D4FF00041404628
:10B5F000FFF717FDF96D01A8FFF738FF0028F1D11B
:10B6000002B0BDE8F08197F85C3013F0010F10D163
:10B610000136E8E7002405F5E07354F82330C3F35E
:10B62000014329463846FFF7E0FE0123AB40C4F84A
:10B63000203502AB03EB860353F8044C002CE7D013
:10B6400094FAA4F4B4FA84F404F01F052846FFF732
:10B6500065FD083037F81020C2F3820201AB03EB1E
:10B6600086034FEAD40C04F0070413F80C100120F1
:10B67000A04021EA000103F80C106B09CAD14FF079
:10B68000A044C8E7F8B506460F46144618E094FAF9
:10B69000A4F3B3FA83F301229A4024EA020403F5E7
:10B6A000A27356F82350C5F3042556F82300C0F3BF
:10B6B0000140FFF78BFD024629463846FFF782FE20
:10B6C000002CE4D1F8BD70B505460E46D0F8041341
:10B6D000C9B2326D41F00041FFF7A3FC041E05DB47
:10B6E000224631462846FFF7CDFF70BD3146284639
:10B6F000FFF76DFF24F00044F2E708B5F4F76CF8AB
:10B7000008BD08B5F3F78CFF08BD08B5FFF707FEC5
:10B7100008BD08B5F4F700F808BD08B5F4F72CF932
:10B7200008BD08B5FFF708FE08BD08B5F4F70AF92B
:10B7300008BD08B5FFF717FF08BD08B5FFF7BEFE47
:10B7400008BD08B5FFF702FE08BD08B5FFF770FD9C
:10B7500008BD4FF08053186970474FF08053586907
:10B76000704710B5FFF7F5FF0446FFF7F6FF04FB3F
:10B7700000F010BD10B50446FFF7EBFFB4FBF0F38B
:10B7800000FB1340B0FA80F0400910BD38B5044604
:10B790000D46F4F729F929462046F4F735F9F4F770
:10B7A0001BF938BD08B5FFF7DCFF08BD08B5FFF78A
:10B7B000D0FF08BD08B5FFF7D0FF08BD4A6B8B6A04
:10B7C0009A4207D00023C0F800350522C0F80025B2
:10B7D000184670470120704703464A6B886A8242C8
:10B7E00005D2496A8A5CC3F81C250120704791F88C
:10B7F0002C0030B90A6A12F0400F06D101205861BE
:10B8000070470122DA61002070470122DA6181F875
:10B810002D20704784464B6B8A6A934229D24A6A2C
:10B82000D0F81805D0544B6B01334B638A6A501E15
:10B83000834207D093420DD0934211D00120CCF81F
:10B8400020007047086A10F0400FF3D10223CCF8B3
:10B850000032F3E7086A10F0400FEDD10120704785
:10B860000B6A13F0400FE9D0022381F82D3000203D
:10B8700070470120704770B504460D46D0F804317A
:10B88000CBB10023C0F80431D0F80431012695F87B
:10B890002F3093B10023C4F82431D4F82421C4F804
:10B8A0001C31D4F81C21C4F80831D4F80831002E1A
:10B8B0004CD1012070BD0026E9E7D4F824314BB10A
:10B8C0000023C4F82431D4F824310123636185F8BE
:10B8D0002F30ECE7D4F81C31DBB10023C4F81C3165
:10B8E000D4F81C316B6B01336B63D4F824314BB14A
:10B8F0000023C4F82431D4F824310123636185F88E
:10B900002F30D4E729462046FFF766FF0028CED126
:10B91000D0E7D4F80831002BC9D00023C4F808318F
:10B92000D4F80831D4F824314BB10023C4F82431C1
:10B93000D4F824310123636185F82F30B7E7294615
:10B940002046FFF767FF0028B1D1B3E7002385F851
:10B950002D3095F82F300BB10020ABE7294620465B
:10B96000FFF72CFF80F0010085F82F00F4E770B599
:10B9700086B005460C46FFF77EFF00285ED194F89E
:10B980002F6026B9227B931EDBB2012B17D90DF154
:10B99000040C04F10C0EBEE80F00ACE80F00DEF85A
:10B9A0000030CCF80030C6B3D5F8C434C5F8C43480
:10B9B00013F0020F1FD001238DF8003030E0616AD0
:10B9C000A3699942E3D1E36963626369A362236A6D
:10B9D000C3F3401384F82C30002384F82D30032A5D
:10B9E00004D021462846F4F7AFF827E02146284640
:10B9F000F4F74CF822E013F0040F03D002238DF883
:10BA000000300DE013F0010F03D003238DF8003058
:10BA100006E004238DF8003002E000238DF80030AA
:10BA2000002384F83030236A13F0040F02D094F816
:10BA30002F301BB1236861686846984706B070BD17
:10BA40000369C268934204D881688A1A1344581E55
:10BA50007047981A013870472DE9F8430446884624
:10BA60001646C5688768A7EB0509914507D9406860
:10BA7000284401F0A1FE3544E560BDE8F883406844
:10BA80004A46284401F098FEED1B35442A4608EB4F
:10BA90000901606801F090FEE560EEE72DE9F843EA
:10BAA000064688461746C5684FF0000918E05B1B3C
:10BAB0005A1EB3685C1B944228BF1446BC4228BF80
:10BAC0003C46706822464146284401F075FEA14478
:10BAD000A0443F1B2544B368AB4209D0F5604FB189
:10BAE00033699D42E3D3B2685B1B1A44013AE0E735
:10BAF0000025F3E74846BDE8F88338B505460C460F
:10BB00000846E0F71FFD024621462846F4F7E4FA0E
:10BB100038BD08B5F4F710FA08BD08B5FFF7F9FF0E
:10BB2000002008BD70B5036A9A685C68944204D32B
:10BB30000BB10122DA60002070BD002202745A6845
:10BB400001325A60026A5368013B126803EBC30C6E
:10BB5000034602EB8C0200F120061D685C68D3F8F6
:10BB600008E0D3F80CC015605460C2F808E0C2F8D1
:10BB70000CC010331032B342EFD11B6813608160E8
:10BB80000120D9E7F0B58BB004460D4616460DF1FD
:10BB9000040C8646BEE80F00ACE80F00BEE80F00BC
:10BBA000ACE80F00DEF80030CCF80030226A5168B3
:10BBB000002942D0013915F0010F24D015F0040FEF
:10BBC00007D1136801EBC10003EB80031B7C002B42
:10BBD00039D1136801EBC10103EB8103204603F166
:10BBE0002007D3F800E0D3F804C09968DA68C0F8F9
:10BBF00000E0C0F804C08160C26010331030BB4266
:10BC0000EFD11B68036015F0020F03D0226A53685E
:10BC1000013B5360039BB3421AD815F0040F01D0C7
:10BC2000019B236015F0080F18D0143406AB93E87D
:10BC3000070084E80700012003E00AB10223D36073
:10BC400000200BB0F0BD0AB10F23D3600020F8E74D
:10BC5000236A0BB10422DA600020F2E70120F0E74A
:10BC600010B402601A44C260019B83600023037415
:10BC7000037583610362012915D901EBC1039B00A0
:10BC8000243BC21802620022C250036A8C1E9C60D0
:10BC9000036A5A60036ADA60036A1A74022902D9D5
:10BCA000036A243018605DF8044B7047182871F15E
:10BCB000000312D3B0F5807F71F100030FD3B0F50C
:10BCC000803F71F100030CD34FF0FF3383424FF0FC
:10BCD00000038B4107D305207047012070470220E5
:10BCE000704703207047092070470246002000E09B
:10BCF0000130884202D2135C002BF9D1704717281B
:10BD00000BD9A0F11803DBB2032B01D90F20704728
:10BD10001838012303FA00F07047002070470268CA
:10BD2000C3689A4201D201207047036A0BB108220E
:10BD3000DA600020704738B504460D46FFF7EFFF84
:10BD400048B123681B78B5EB531F04D0236A0BB1AD
:10BD50000A22DA60002038BD43680360836801333B
:10BD60008360036A03B1D9607047002308E0A2EB47
:10BD7000030C0CF1FF3C11F80CC000F803C00133B8
:10BD80009342F4D3704710B50446FFF7C8FF40B1A3
:10BD900023681A78FF2A05D0236A0BB10A22DA60D9
:10BDA000002010BD01332360FBE72DE9F84F044666
:10BDB00088461746FFF7B3FF054600B3A368CBB12B
:10BDC000D4F800A09AF8006006F01F063046FFF78E
:10BDD00096FF81461B2E15D8B84219D800F1010BE9
:10BDE000DA44E3689A4519D9236A0BB10822DA606C
:10BDF000002504E0236A0BB10322DA6000252846FF
:10BE0000BDE8F88F236A0BB10722DA600025F6E758
:10BE1000236A0BB10522DA600025F0E73A460021DB
:10BE2000404601F0F1FCB9F1000F09D188F800603B
:10BE3000236863605B442360A368013BA360DEE783
:10BE400021684A4601314046FFF78FFFF0E738B5D9
:10BE500005460C461146FFF76EFF00B938BD0422B7
:10BE6000A1182846FFF7A1FF0028F7D02B68236010
:10BE7000F4E738B504460D46FFF7E9FF28B16A68D4
:10BE8000E36821685B1A9A4200D838BD0821204631
:10BE9000FFF762FF0020F8E738B504460D46FFF7CC
:10BEA000E8FF18B123686A681344236038BD30B5D1
:10BEB00083B00446FFF73FFF0346C0B12268127803
:10BEC00002F01F021F2A1BD16FF00F020192A2681D
:10BED00082B12168481C20606160013AA2601D4661
:10BEE00001992046FFF71EFE0346A0B125751846AE
:10BEF00003B030BD236A0BB10322DA600023F6E7FA
:10BF000004220DEB02012046FFF74FFF03460028F5
:10BF1000EDD00025E4E762682260A2680132A260E9
:10BF2000E5E710B50446037D3BB1FFF72CFF48B1B0
:10BF3000002323754FF0FF3200E000220721204646
:10BF4000FFF720FE10BD70B504460D4616460021D1
:10BF5000FFF7F1FE00B970BD324629462046FFF7D3
:10BF600024FFF8E708B50422FFF7EDFF08BD08B588
:10BF70000422FFF7E8FF08BD08B50222FFF78CFF97
:10BF800008BD08B50322FFF787FF08BD38B5044692
:10BF90000521FFF78CFF40B1257D35B9A3686FF00F
:10BFA0000042934202D25B00A36038BD05212046C7
:10BFB000FFF7D2FE2846F8E7037D1BB9836853B12B
:10BFC000002070470368C268934206D21B78FF2B9B
:10BFD00005D00020704701207047002070470120E5
:10BFE000704708B5FFF79DFF08BD38B504460D46FC
:10BFF0000721FFF7A0FE50B123681B7803F01F0351
:10C00000182B05D9236A0BB10A22DA60002038BD4B
:10C01000012229462046FFF7C8FEF8E730B583B075
:10C0200005460C460DF10701FFF7DFFF58B19DF8FB
:10C030000730143BDBB28DF80730012B05D8003BED
:10C0400018BF0123237003B030BD0A212846FFF733
:10C0500083FE0020F7E738B504460D460621FFF7BA
:10C060006AFE00B938BD042229462046FFF79DFE2E
:10C070000028F7D0A3680133A360F3E72DE9F0436C
:10C080008DB00546FFF74BFE064618B930460DB099
:10C09000BDE8F0832B681B785C0903F01F0C0022BD
:10C0A0000023CDE90A23AE460DF1040805F120096D
:10C0B0004746DEF80000DEF80410DEF80820DEF85F
:10C0C0000C300FC70EF1100EB846CE45F0D1DEF899
:10C0D00000003860062C13D1694601A8FFF7BBFFAA
:10C0E00060B1019B049A934204D21B785C0903F06F
:10C0F0001F0CEFE72B6A0BB10822DA600026C5E7B8
:10C10000BCF11F0F1AD000231F46FBB1042C33D003
:10C1100025D8023CE4B2012C0AD8019A049B9B1A50
:10C12000D9170A9883420B9B99413ED3024401924E
:10C13000019B2B60AB68013BAB60A7E7231FDBB221
:10C14000012B01D90023DFE70123DDE708220AA93B
:10C1500001A8FFF72AFE0028D8D1064696E7052C4D
:10C16000E6D10A9B0B9AB3F1004F72F1000122D283
:10C17000DB1852410A930B923FB1019B01330193AB
:10C180006FF00F020023CDE90A230A9B03938DF879
:10C19000187001A8FFF710FF98B9002101A8FFF758
:10C1A0006DFF0028F5D1064670E72B6A0BB1082217
:10C1B000DA6000266AE72B6A0BB10522DA600026F6
:10C1C00064E7002FB4D001A8FFF7DDFD0028AFD150
:10C1D00006465BE710B584B0089C0294079C019466
:10C1E000069C0094FFF73CFD04B010BD0238062801
:10C1F00005D8DFE800F01206080A0C0E1000002037
:10C2000070470220704702207047032070470320C8
:10C21000704703207047032070470120704738B1F2
:10C2200008B5FFF7E3FF00F11801C9B2084608BDE1
:10C230000846704710B40368C468A3420AD25C1C65
:10C24000046002F01F0242EA4111197001205DF8FA
:10C25000044B7047036A0BB10822DA600020F6E74E
:10C26000F8B5054616461C460368621C1344C268AE
:10C27000934205D9036A0BB10822DA600020F8BDA9
:10C280000F4631782046FFF7CAFF02463946284656
:10C29000FFF7D0FF0028F2D02B685A1E2A602B60CF
:10C2A00005E0013C2B685A1C2A60325D1A70002C94
:10C2B000F7D1AB680133AB60E1E708B511461F2247
:10C2C000FFF7B8FF08BD08B51F220721FFF7B2FF2F
:10C2D00008BD70B505460E46144619461046E0F7EF
:10C2E0003BF9431E224631462846FFF7B9FF70BD91
:10C2F00070B505460C4616460B6853B1042160180C
:10C30000E0F72AF9636818442B681844EB689842F0
:10C3100006D80423E21831462846FFF7DAFF70BD3D
:10C320002B6A0BB10822DA600020F8E770B50446EA
:10C330000D460168C368994209D268685B1A984241
:10C340000CD9236A0BB10822DA60002604E0036AE4
:10C350000BB10822DA600026304670BD294620461F
:10C36000FFF7C6FF06460028F6D0206829688842F5
:10C3700002D06A6801F02EFA23686A6813442360C9
:10C38000EAE7082A0ED810B582B00C4613468A1880
:10C3900012F9012C002A1BDB00212246FFF799FF2E
:10C3A00002B010BD036A0BB10522DA6000207047AD
:10C3B00014F80CE06FEA0E0E0CF108026A4402F861
:10C3C00008EC0CF1010C9C45F2D36C460121E4E72A
:10C3D0004FF0000CF7E708B513460A460021FFF7B7
:10C3E00078FF08BD00B583B0019104220DEB020176
:10C3F000FFF7C7FF03B05DF804FB00B583B0019100
:10C4000004220DEB0201FFF7E6FF03B05DF804FB29
:10C4100000B583B0019104220DEB0201FFF7DBFFB1
:10C4200003B05DF804FB08B50222FFF77FFF08BDEB
:10C4300008B50322FFF77AFF08BD00B583B000916D
:10C4400001926946FFF7F4FF03B05DF804FB38B5CD
:10C4500005460C4611462046FFF747FC024621469A
:10C460002846FFF7EAFF38BD08B50422FFF725FF8D
:10C4700008BD08B50522FFF720FF08BD08B5042256
:10C48000FFF721FF08BD08B50522FFF71CFF08BD17
:10C4900000B583B08DF8071001230DF107020721C5
:10C4A000FFF717FF03B05DF804FB08B519B11521BC
:10C4B000FFF7EEFF08BD1421FAE710B584B00024A1
:10C4C00002940194069C0094FFF7CAFB04B010BDCF
:10C4D00010B586B00092019300238DF80830089BB8
:10C4E0000393099B049307238DF8143083689C6899
:10C4F0000B4602226946A04706B010BD00B585B0C4
:10C500008DF80F100193009201230DF10F02818825
:10C510000068FFF7DDFF05B05DF804FB10B588B0DB
:10C520008DF807200DF107020292012203920022EA
:10C530008DF8102005930A9B069302228DF81C208B
:10C5400083689C680B4602A9A04708B010BD00B5DF
:10C5500085B08DF80F100123019300920DF10F02A9
:10C5600081880068FFF7B4FF05B05DF804FB10B5E3
:10C5700086B00092019300238DF80830089B039346
:10C58000099B049307238DF8143083689C680B463D
:10C5900002226946A04706B010BD00B585B08DF8EF
:10C5A0000F100193009201230DF10F0281880068A2
:10C5B000FFF7DDFF05B05DF804FB10B588B08DF81E
:10C5C00007200DF1070202920122039200228DF84A
:10C5D000102005930A9B069302228DF81C20836885
:10C5E0009C680B4602A9A04708B010BD00B970476F
:10C5F00008B5E8F747F908BD60B1C3685A7812F08A
:10C60000010F03D01B781BB100207047002070473A
:10C610000120704700207047EFF31183402383F31C
:10C620001288BFF36F8FFEE710B5446803688BB1C3
:10C630002046984730B100280ADBFF2800DDFF20A4
:10C64000E3681870E268537843F00103537010BD3B
:10C650004042F2E70020F5E708B501F0D5F808BD43
:10C6600008B501F0A9F808BD10B500F10C04C460CC
:10C670000461F8F718F810BD2DE9F04F89B00646AF
:10C680008A469146129D139C2A46234606A800F02E
:10C6900053FEDDE90623CDE9022306F1140BEFF387
:10C6A0001181402383F31288BFF36F8F4FF000088E
:10C6B0004746CDF814B08B4615E0DDE9022306A805
:10C6C00000F070FE069D079C0095019406F10C0297
:10C6D00059460598F5F768F8EFF3118B402383F37B
:10C6E0001288BFF36F8F77B94A4651463046F7F745
:10C6F0004FFF074638B9254305D0B8F1000FDCD10C
:10C700004FF00108D9E78BF31188BFF36F8F3846DC
:10C7100009B0BDE8F08F70B5044600F11406EFF3E0
:10C720001185402383F31288BFF36F8FF7F7E0FE84
:10C7300004F10C0000F037FD20B985F31188BFF338
:10C740006F8F70BD29463046F5F7A6F8F9E74269C4
:10C7500083681A4312F003020DD10021C16005E085
:10C76000C1681960C36041690B440132016991429B
:10C77000F6D8002070476FF015007047F8B50446F2
:10C780000D46EFF31186402383F31288BFF36F8FBA
:10C79000C36853B1E3682B60E560A369013BA36103
:10C7A00086F31188BFF36F8FF8BD00F1080700F022
:10C7B000A0FC0028EED00022C0F8B020456100F0B7
:10C7C000EDFB31463846F5F767F8EDE708B5EFF3CE
:10C7D0001183402383F31288BFF36F8FF9F74EFA6A
:10C7E000F5E700BF7047884200DA014611F17F0F7C
:10C7F00001DB084670476FF07E00704708B580681F
:10C8000090F90E308B4201D1002008BDF4F7E8FF0B
:10C81000FBE70B6803F003030B60426832B1136857
:10C8200003F003030B4313604160704741600160F4
:10C83000704708B591B18C460B6823F00301032BB8
:10C8400018D9136803F003030B431360DCF80030BE
:10C8500003F003031343CCF8003008BD01681368EC
:10C8600003F003030B43136002604368002BF4D111
:10C870004260F2E71146FFF7CCFFEEE708B5002271
:10C88000C0F8B020416100F089FB08BD2DE9F843F4
:10C8900004460E4615461F469DF8203000F1080854
:10C8A000EFF31189402282F31288BFF36F8F03B137
:10C8B0004668404600F01DFC98B9DFB900232B60A4
:10C8C0002A4631462046FFF7B4FF042104F1100048
:10C8D00000F04AFF49464046F4F7DEFF0020BDE87D
:10C8E000F8832946FFF7CAFF49464046F4F7D4FFCC
:10C8F0000020F4E708210020F5F768FC20B145602E
:10C90000012202600546DBE789F31188BFF36F8FD0
:10C910006FF00B00E3E760B1036813F0030F08D07A
:10C9200010B5446809B9204610BD00F03CFF204610
:10C93000FAE7704700230360436000F10803836057
:10C94000C36000F1100303614361704700B583B019
:10C950000A460123009300231946FFF797FF03B00F
:10C960005DF804FB00B583B00A46002100910B4638
:10C97000FFF78CFF03B05DF804FB08B500210068E9
:10C98000FFF7C9FF08BD5AB18A420CD38160C2606B
:10C990000060406000F110030361436100207047B4
:10C9A0006FF0150070476FF0150070470B4621B10E
:10C9B000096851B111601A60704703681360026022
:10C9C0004368002BF8D1426070470023136043682E
:10C9D00013B11A60426070474260026070470B46B4
:10C9E00039B11168196041688A4209D00023136087
:10C9F00070471368036041688A42F7D14360F5E7E6
:10CA00004360F3E708B50A460368002101E01946D0
:10CA10001B682BB19342FAD1FFF7E1FF012000E040
:10CA2000002008BD704708B5CB6823F00402CA6037
:10CA300013F0040F00D108BDF830FFF7E3FFFAE769
:10CA400010B50446C36813F0020F09D0E36813F071
:10CA50001F0004D043F00202E26040F0020010BD6B
:10CA600001468068FFF7DFFFF0E738B108B5002224
:10CA7000114600F5807000F0D0FB08BD0020704723
:10CA800070B50D46C36813F0020F22D1044613F0AF
:10CA9000040F23D10B68ABB1E36813F0010F14D07E
:10CAA000A3682B60022621462868F4F713FB0028B0
:10CAB00011DBE36843F00403E3602B68A36036B145
:10CAC00030460AE083680B60E6E70126EBE7304674
:10CAD00001E06FF00F0000232B6070BD0020FAE72B
:10CAE00010B582B00346EFF31184402282F312881E
:10CAF000BFF36F8F0022019250F8042C22F008013E
:10CB000040F8041C12F0080F05D184F31188BFF31C
:10CB10006F8F02B010BD10389B69019301A9FFF718
:10CB2000AFFFF2E708B5EFF31180402383F31288DB
:10CB3000BFF36F8FF4F7E4FE08BD10B50246C4687A
:10CB400014F0020FC4F3400401D1204610BD084682
:10CB50001146F4F7FDFAF8E708B5C36823F01003AF
:10CB6000C3601030F4F726FA08BD08B5C36823F097
:10CB70000802C26013F0080F01D1002008BD103078
:10CB800000F0B5FBB0FA80F04009F7E710B50446B5
:10CB9000FFF7EBFF2046FFF753FF10BD00230360B4
:10CBA00043608360C36041607047F8B506460D4638
:10CBB0001746D0F8F8304BB1AB4215D01C461B6875
:10CBC000002BF8D0002CF6D12346F4E70024384699
:10CBD000F4F79CFB54B9D6F8F8303B60C6F8F8700F
:10CBE000D6F8FC304BB1F8BD0124F0E73A462946AF
:10CBF00006F1F800FFF7DAFEF5E7C6F8FC70F2E799
:10CC000038B5C36803F00503002B14BF01240024CA
:10CC100001D1204638BD85680A4601462846FFF7FF
:10CC2000C4FF2846FFF721FFF3E7EFF3118340220B
:10CC300082F31288BFF36F8FC06800F01F0083F388
:10CC40001188BFF36F8F704710B582B0019008460E
:10CC5000EFF31184402383F31288BFF36F8F01A990
:10CC6000FFF70EFF84F31188BFF36F8F02B010BD82
:10CC700010B5FFF7E9FF041E01DC204610BDFFF7E9
:10CC800051FFFAE770B50D46EFF31186402383F3A9
:10CC90001288BFF36F8FFFF7B3FF044686F3118846
:10CCA000BFF36F8F08B9204670BD05F110004FF03B
:10CCB000FF324FF0FF33F4F7A5F9F4E710B5EFF3C7
:10CCC0001184402383F31288BFF36F8FFFF7B8FE00
:10CCD00084F31188BFF36F8F10BD08B54FF48C72C9
:10CCE000002100F091FD08BD38B504460D46302204
:10CCF000002100F089FD65604FF48073E36038BD6A
:10CD0000EFF31183402282F31288BFF36F8FC06864
:10CD100000F01F0083F31188BFF36F8F704710B5C9
:10CD200082B00190EFF31184402080F31288BFF3AA
:10CD30006F8FC86810F01E0F06D0002084F3118892
:10CD4000BFF36F8F02B010BD01A8F4F7C5FAF5E785
:10CD5000F0B583B001900C4616461D46EFF31187DF
:10CD6000402383F31288BFF36F8F0846FFF7FDFE61
:10CD700032462B46214601A8F4F7AEFA87F3118814
:10CD8000BFF36F8F03B0F0BD10B5EFF311844023F4
:10CD900083F31288BFF36F8FFFF7F8FE84F31188D7
:10CDA000BFF36F8F10BDF8B50D46EFF31187402329
:10CDB00083F31288BFF36F8FC36803F01F03002B48
:10CDC00014BF0126002607D1002087F31188BFF386
:10CDD0006F8F48B93046F8BD0446FFF7D7FE2946A5
:10CDE0002046FFF7AAFEF0E705F108004FF0FF32FA
:10CDF0004FF0FF33F4F706F9ECE7EFF30580003866
:10CE000018BF01207047F8B50546D31D23F007036E
:10CE1000BF3323F07F0301F14007A3F140063F2B0E
:10CE200007D8002282F31188BFF36F8F04221046C7
:10CE300002DFCC1821462846E6F7E4FD073020F053
:10CE40000700C5F89870C5F89C60C5F8A000201AC6
:10CE5000F8BD7830704708B5F4F734FD08BD10B45C
:10CE600000248460037342738173C4738461C4615A
:10CE70005DF8044B7047F0B587B00446129E139DD1
:10CE800000270597109F04970F9F03970E9F029707
:10CE90000D9F01970C9F0097F4F782FAB5F1FF3FC1
:10CEA00008BFB6F1FF3F02D1204607B0F0BD3246C1
:10CEB0002B462046F4F766FAF6E7002070474268F2
:10CEC000036813605A60002303604360427B22F0D2
:10CED000020242738360704708B5E7F75BF908BD4B
:10CEE00090F90E3091F90E00834201D0C01A7047BC
:10CEF0000020704770B506463468A64216D0ACB123
:10CF00006268236813605A60002525606560637B52
:10CF100023F002036373A56004F1180000F0E7F941
:10CF2000C4F8B0502046F4F7EFFAE5E770BD70B5ED
:10CF300005460E46F4F7BCFA6B7B43F002036B73B5
:10CF4000FEB1AE603468A64208D1002406E06368F2
:10CF50006B602C601D60656013E0002464B12146A5
:10CF60002846FFF7BDFF0028F1DC002CF6D07368DF
:10CF70009C42F2D02468F1E773682E606B601D60FC
:10CF8000756070BD70B5044616461D46FFF7CFFFAD
:10CF900032462B462046F4F7A7FA70BD38B5044652
:10CFA0000023EFF31185402282F31288BFF36F8FC5
:10CFB00004E085F31188BFF36F8F012343B9204646
:10CFC000FFF77BFF0028F4D12046F4F79DFAF0E745
:10CFD00038BD10B50446183000F089F9EFF311811F
:10CFE000402383F31288BFF36F8F637B13F0100F1E
:10CFF00004D081F31188BFF36F8F10BD002220464B
:10D00000F4F750FBF9E738B504460023EFF3118538
:10D01000402282F31288BFF36F8F04E085F31188FA
:10D02000BFF36F8F012333B9A368002BF6D02046DE
:10D03000FFF745FFF2E738BD70B504460E46002302
:10D04000EFF31185402282F31288BFF36F8F07E060
:10D050002046F4F759FA85F31188BFF36F8F012347
:10D06000DBB9637B13F0280FF5D1A3685BB162686D
:10D07000236813605A60002323606360627B22F0A0
:10D0800002026273A360637B23F004026273002ECA
:10D09000DED023F014036373DAE770BD08B5012115
:10D0A0001838FFF7C9FF08BD01460023EFF3118CC4
:10D0B000402282F31288BFF36F8F184605E00020EC
:10D0C0008CF31188BFF36F8F01238BB908688142FD
:10D0D000F5D00028F4D04268036813605A6000233A
:10D0E00003604360427B22F0020242738360E7E701
:10D0F000704770B505460023EFF31186402282F396
:10D100001288BFF36F8F1C4605E0002486F3118858
:10D11000BFF36F8F0123ABB92C68A542F5D0002C6B
:10D12000F4D06268236813605A6000232360636050
:10D13000627B22F002026273A36004F1180000F027
:10D14000D6F8E3E7204670BD08B50023EFF3118160
:10D15000402282F31288BFF36F8F04E081F31188BD
:10D16000BFF36F8F01237BB98368002BF6D0426831
:10D17000036813605A60002303604360427B22F01F
:10D18000020242738360E9E7183000F0B0F808BD8E
:10D1900008B5EFF31180402383F31288BFF36F8F3C
:10D1A000F4F7AEFB08BD38B5054600202C68A54253
:10D1B00008D03CB12046FFF7C7FF2046FFF7EEFE40
:10D1C0000120F3E738BD031D43608360704708B555
:10D1D000EFF31181402383F31288BFF36F8F037B3A
:10D1E00013F0010F08D1437B13F0080F11D081F326
:10D1F0001188BFF36F8F0BE081F31188BFF36F8F3E
:10D20000002383F31188BFF36F8F0423184602DFD6
:10D2100008BD0122F4F746FAFAE72DE9F041054688
:10D22000884617460023EFF31186402282F31288C6
:10D23000BFF36F8F184604E086F31188BFF36F8F3A
:10D240000123F3B92C68A542F6D0002CF4D0C4F821
:10D25000B08067616268236813605A6000232360AE
:10D26000636094F80DC02CF0020C84F80DC0A3602C
:10D2700004F1180000F03BF82046F4F745F90120CE
:10D28000DAE7BDE8F08110B50446F4F73FFD48B198
:10D2900002460369416920691B18606941EB00017E
:10D2A000136151616268236813605A600023236030
:10D2B000636010BD10B5F4F71FFD0446F4F732FDAE
:10D2C0007CB1236962691B1A62EBE072B3F1004F13
:10D2D00072F1000108DA002A01DB184610BD0023B4
:10D2E000FBE76FF00040F9E76FF00040F6E770B53C
:10D2F00004460023EFF31186402282F31288BFF325
:10D300006F8F6FF0150004E086F31188BFF36F8F05
:10D3100001231D463BB92368002BF5D02046FFF7BB
:10D32000B2FF2846F0E770BD08B5F4F7EFFD08BD81
:10D3300008B5F4F7EBFD08BD70B50646B3F1FF3F45
:10D3400008BFB2F1FF3F09D015461C4653EA02015F
:10D350000CD100220023C0E9002305E04FF0FF328A
:10D360004FF0FF33C0E90023304670BD6FF001017C
:10D37000891A4FF0FF3262EB0303002B02DB0160DE
:10D380004360F1E7F4F7C2FD2B462246012D74F10C
:10D39000000401DA01230022C01841EB02013060D1
:10D3A0007160E1E7F8B50546B3F1FF3F08BFB2F1A0
:10D3B000FF3F0AD014461F4657EA02030CD1002251
:10D3C0000023C0E900232846F8BD4FF0FF324FF09C
:10D3D000FF33C0E90023F6E7F4F798FD03460A4659
:10D3E000A042B94105D2E61A67EB02022E606A60DC
:10D3F000E9E700263246F9E708B5EFF3118040234C
:10D4000083F31288BFF36F8FF4F77AFA08BD0162D5
:10D4100042620023036300F118028261C26103606B
:10D4200043604363704710B50446FFF760FF60B97F
:10D43000636A0BB12046984704F11800FFF734FEE9
:10D4400018B1FFF7ABFDFFF7D7FF10BD437B03F02B
:10D450003F03013B072B26D8DFE803F01404250D1A
:10D460002525251C03699B680BB900207047022302
:10D470000B600120704703691B68B3B104230B6084
:10D480000120704703699B680BB900207047012099
:10D490000860704703691B6A0BB9002070471023AE
:10D4A0000B6001207047002070470020704708B1D2
:10D4B00060387047704700238360437B03F03F036D
:10D4C000082B0ED84FF48B7222FA03F313F0010FDE
:10D4D00007D003682BB1426813605A6000230360D1
:10D4E0004360704770B50646144611E005EB8500B1
:10D4F00006EB8000FFF7DFFF84F31188BFF36F8F27
:10D50000EFF31184402383F31288BFF36F8F294612
:10D510004D1E0029EAD170BD2DE9F04105460E46A9
:10D520000368984215D01446436893B19868FFF792
:10D53000BEFF80462046FFF7BAFF07460146404639
:10D54000FFF7CEFC002804DC2C68A5420FD1002494
:10D550000DE06B68356073601E606E60BDE8F08141
:10D560006368736034601E606660F7E700249CB1F6
:10D57000A068FFF79CFF01463846FFF7B1FC002882
:10D58000EEDC22466B689C42F0D02468002CEED082
:10D59000002AECD11446EAE76B68356073601E60C0
:10D5A0006E60DBE738B504460D46437B03F03F036E
:10D5B000013B072B0BD8DFE803F013040A0C0A0A1F
:10D5C0000A1900690A4621461030FFF7A5FFA56039
:10D5D00038BD00690A4621461030FFF79DFFF6E787
:10D5E0000A4601460069FFF797FFF0E700690A461F
:10D5F00021462430FFF790FFE9E72DE9F04F83B093
:10D6000080460F4691469A460025AB460AE0BAF19D
:10D61000000F02D199F8003023BB86F31188BFF3C5
:10D620006F8F0135BD4224DAEFF31186402383F377
:10D630001288BFF36F8F05EB850408EB840401A902
:10D640002046FFF703FF0028E1D00021A160E36836
:10D65000C3F386320198024362F39433E36089F89E
:10D660000010DAE749462046FFF79CFF0BF1010B5B
:10D67000D3E7584603B0BDE8F08F38B50D46806853
:10D68000FFF715FF437B13F0020F01D1002038BDD7
:10D690000446FFF759FD082D0AD00023C4F8B03026
:10D6A000637B13F01F0F08D1A36923B1002305E0AA
:10D6B0006FF00303F2E7012300E00023002BE5D025
:10D6C0002046FFF76BFCE1E770B58468237873B1FF
:10D6D00054F8045C5DB1A4F1140604F11400FFF7E2
:10D6E00006FE0023E36231462846FFF7ADFA00202C
:10D6F00070BD70B504460D468668D6B17378012BAF
:10D700000DD0022B12D0002030700023A360E368FC
:10D71000C3F386322A4362F39433E36070BDFFF7AC
:10D72000ACFF002333709842EFDAF7E7FFF7CCFF46
:10D73000F7E70020E9E710B40024846090F80DC0FA
:10D7400061F3050C80F80DC0C16864F39431C160C9
:10D75000817B62F345118173C28964F38F12C281A8
:10D7600003615DF8044B704710B50346EFF3118475
:10D77000402282F31288BFF36F8F0068834208D083
:10D780004268036813605A60002303604360FFF738
:10D79000B0FF84F31188BFF36F8F10BD006040604D
:10D7A00000238360704730B108B5011F50F8040CA6
:10D7B000FEF7B1FF08BD70470A44914200F1FF3304
:10D7C00000D1704710B511F8014B03F8014F914299
:10D7D000F9D110BD884210B501EB020402D9844290
:10D7E000234607D8431EA14208D011F8012B03F8A5
:10D7F000012FF8E7024401468A4200D110BD13F818
:10D80000014D02F8014DF7E702440346934200D16F
:10D81000704703F8011BF9E710B501390244904243
:10D8200001D1002005E0037811F8014FA34201D097
:10D83000181B10BD0130F2E710B50139044632B1B2
:10D8400011F8013F00F8013B013A002BF7D100210C
:10D85000FFF7DAFF204610BD2DE9F047C3F1370985
:10D86000074688465FFA89F903F01F0516464FF010
:10D87000000A384641462A465346CFF741F9D4B20A
:10D88000092C88BF4C443A46434688BFE4B2AA42BA
:10D8900004F1300473EB0A0306F8014B074688468F
:10D8A000E7D23046BDE8F0872DE9F04F89B0061881
:10D8B000994604AB41EB0104009315463046D2E98A
:10D8C00000232146DDF84CB000F0ABF806AB009326
:10D8D000D5E90223074688463046214600F0A1F8E4
:10D8E000DDE90463841951EB0306069BD5E90001C9
:10D8F0004FF0000228BF0122D218079B43F100031A
:10D90000381848EB0101B84271EB0801E96803914E
:10D91000A96834BF0120002014EB010C039946EBE9
:10D92000010110EB0C0041F10001A04271EB060C6B
:10D9300034BF4FF0010C4FF0000CCDE90623A9F1E4
:10D94000410A1CEB020243F10003CDF800A000F0F5
:10D9500083F8129BC3E90001149B012BDDE9062328
:10D9600029D1D5E90201D5E900C5201A66EB0101EC
:10D97000674578EB050534BF01250025401B61F1A3
:10D980000001844276EB010534BF01250025521BBE
:10D99000CDF800A063F1000300F05EF8DDE9062396
:10D9A000CBE90001CDF800A02046314600F054F844
:10D9B00009B0BDE8F08F17EB070E48EB080C2019F3
:10D9C00046EB0601BE457CEB080834BF0127002763
:10D9D000C71941F10008D5E9000186457CEB010C2F
:10D9E000D5E9021534BF01200020381A68F1000C77
:10D9F000401A6CEB050192185B41A74278EB0605D3
:10DA000034BF01250025521943F10003874278EB0A
:10DA1000010834BF01250025521BA9F140050095DE
:10DA2000B8E7F0B50F460446A0FB0201A7FB02527F
:10DA30004919A3FB044542F10002A7FB03736118D7
:10DA400045F10004D219059E43F10003121943F178
:10DA50000003C6E90023F0BDF0B5059CC4F1400702
:10DA6000C4F1200602FA06F6A4F12005BB4022FA12
:10DA700005F53343C4F120062B4301FA06F6A4F161
:10DA80002005E04021FA05F53043BA402843E14043
:10DA900010431943F0BD2DE9F04F55EC104BA4464F
:10DAA000C5F30A54034644EA0C0708462946C5F361
:10DAB0001305302657EA05085E71E146AE4673D17C
:10DAC0000024A1421C716DDA01211971A0424FF0AE
:10DAD00000041ADA204603F112060D25C2F157029E
:10DAE0004FF0300C07F00F013F0947EA0E774FEA7D
:10DAF0002E1E002940F08680A84201DB86F800C077
:10DB0000013D06F1FF36EDD175E00C2867DCC0F170
:10DB10000D018900012601F1FF3EA1F12108C1F1AB
:10DB2000210726FA07F706FA08F806FA0EF648EA79
:10DB3000070816EB060A48EB080BDAF100076BEB57
:10DB40004B0E1AF1FF3A4BF1FF3B0AEA0C0A0BEAC3
:10DB5000050B564578EB0B0B10DBC1F1200BB1F137
:10DB6000200A05FA0BFB2CFA01F141EA0B015CBF1C
:10DB700045FA0AFA41EA0A01C90724D51CEB060C4A
:10DB800045EB0805B5F5801FE1461CDB5979B4F576
:10DB9000806F01F10101597127D007EA0C070EEAE5
:10DBA000050E98E7002892E75CB13126C90F0028DE
:10DBB000A4F2FF345E7119710FDB0C28A7DD0D2074
:10DBC00005E00124F2E707EA09090EEA0505B4F5C4
:10DBD000806F06D04F46AE467DE70020F7E70D2068
:10DBE00079E759EA05051A7908D01A7942F008024E
:10DBF0001A714FF480641C60BDE8F08F42F004029B
:10DC00001A71F8E70929D4BF30318918A842317058
:10DC1000B8BF284674E7D1E9043293421EBF5A1CAC
:10DC20000A611870704700000148006870470000E2
:10DC3000A83B002070ABFD7F01000000AD1A020080
:10DC4000000000006D48020000000000D9D0020072
:10DC50000CDD03001BBB030000000000190D0300D6
:10DC6000000000003D0D03000000000019D9020073
:10DC700020DD0300E1A903000000000027AA030043
:10DC800000000000BB9B030048DD0300A9D3020095
:10DC900034DD030081E0020000000000115F02009B
:10DCA0000000000099270200000000005910020047
:10DCB000000000004948020000000000D1ED020011
:10DCC000000000009D10030000000000D5CD020000
:10DCD0005CDD030031D6020070DD030003A0030009
:10DCE00084DD03003D600200000000007DE70200CB
:10DCF0000000000075AA030098DD03009D480200A3
:10DD0000000000009958020000000000EC2F040001
:10DD10001C30040034300400B0080020F041002022
:10DD200024310400343104004C310400B8080020D0
:10DD3000B8420020503004000000000060300400B1
:10DD4000B2080020444200206830040000000000B7
:10DD500078300400B408002000000000B42F040054
:10DD600000000000D42F0400AE08002000000000D6
:10DD7000E03004000000000008310400B608002074
:10DD8000000000007431040094310400D03104001C
:10DD9000BA080020FC0700209834040000000000AE
:10DDA000B8340400BC0800202845002041AA030024
:10DDB00067AF030000000000475C030000000000A4
:10DDC000475C030059FE020067AF0300000000003B
:10DDD000475C030000000000475C0300C5F9020037
:10DDE00067AF03005CDD030015CE020000000000F9
:10DDF000475C030000000000475C030000000000D7
:10DE0000475C030000000000475C030000000000C6
:10DE1000475C0300444200200DD3020000000000D4
:10DE2000475C030000000000475C030000000000A6
:10DE3000475C03000000000099E1020000000000C0
:10DE4000475C030000000000475C03000000000086
:10DE5000475C030000000000475C03000000000076
:10DE6000475C030000000000475C03000000000066
:10DE7000475C03000000000021EE020000000000EB
:10DE8000475C030000000000475C03000000000046
:10DE9000475C030000000000475C03000000000036
:10DEA000475C030000000000475C03000000000026
:10DEB000475C030000000000475C03000000000016
:10DEC000475C030000000000475C03000000000006
:10DED000475C030000000000475C030000000000F6
:10DEE000475C0300050000004D9E0200000000009A
:10DEF000060000004DC80200000000000400000001
:10DF0000ADA3020000000000A7670300CD59020086
:10DF10000000000000000000000000000000000001
:10DF200000000000342C040008000000042D040050
:10DF3000070000004C15040004000000A4FA0300D0
:10DF400022000000EC0A04000300000034F6030085
:10DF500003000000C42F04000300000068F5030064
:10DF6000030000001C07040003000000FC1F040065
:10DF700003000000C421040003000000CC290400B9
:10DF800003000000242504000300000054160400D0
:10DF9000030000002C2C040003000000F01E04000D
:10DFA000030000001821040003000000C026040044
:10DFB00003000000BC330400030000002034040010
:10DFC0000300000090330400030000000C2E040046
:10DFD00003000000F4070400030000002807040009
:10DFE000030000000C30040003000000FC300400BB
:10DFF00003000000883404000300000070310400B6
:10E00000030000008431040003000000BC39040058
:10E01000030000006008040003000000640804001E
:10E020000300000010EE0300030000007438040039
:10E0300003000000B83504000300000020140400B1
:10E0400003000000B414040003000000E014040006
:10E05000030000004C340400030000007C110400A5
:10E0600003000000202E040003000000282E0400FE
:10E0700003000000BC3A04000300000004F70300A2
:10E0800003000000FC11040003000000A834040099
:10E090000300000098FF030003000000940904003F
:10E0A000643B00208409040001000000040000001B
:10E0B0000F00000001000000080000002800000020
:10E0C00064000000740000000D0000000C0000005F
:10E0D0000E0000005000000078000000AC000000BE
:10E0E00008000000FFFFFFFF49000000FFFFFFFFE7
:10E0F000DD52020001570200915E0200FFFFFFFFA8
:10E100000C0024000000800CFB0090420C00240056
:10E110000000800C00000000000000010000000270
:10E1200000000004000000080000001000000020B3
:10E1300000000040000000800000001B00000036CE
:10E140000600090000002A000C0024000000800CDA
:10E15000E41D0400EC1D0400F01D0400F41D040087
:10E16000F81D0400FC1D0400001E0400041E040031
:10E17000081E04000C1E0400101E0400141E0400DF
:10E18000181E04001C1E04000C0024000000800C5B
:10E1900000000000C03A040000010000F401FA0091
:10E1A000960064004B0032001E0014000A000500B7
:10E1B0000200010000000000141E000030110000E9
:10E1C0000100010000010100000100010000010048
:10E1D0000100000001000B0002000A000500090018
:10E1E0000A000800140007001E00060032000500A7
:10E1F0004B0004006400030096000200FA000100D6
:10E20000F40100000C0802170D01010209090101C7
:10E210000602091818030101090903030503020195
:10E22000230202240910040405050B0B040B2B1B0D
:10E230001B151A1A1C021D16130501490D150500A0
:10E24000A301B103BF05EF024906A309C505F50BFC
:10E2500025120E021C045A03B4063006600C00009E
:10E26000010000001011004000000000000000004C
:10E2700000000000000000000406080A0C0E101246
:10E280001416181C1E20222426282A2C2E30323444
:10E2900036383A3C3E40424446484A4C4E021A50B8
:10E2A000000000002800000018000000000000002E
:10E2B000141E00003011000000002CA6E0A1000098
:10E2C0000000000070170000A00F00000000DC0537
:10E2D000E803000000000000141E000030110000E0
:10E2E000D8ECF0F4F8FC000203040506070800006F
:10E2F000000000000000000000000000000000001E
:10E3000000000101010102020202030303030404ED
:10E3100004040505050506060608090000000000BE
:10E3200000000000000000000000000000000001EC
:10E3300001010102020202030303030404040405B1
:10E3400005050506060708090A0B0C0D0709090251
:10E35000030700100200FA000000000025C50100BC
:10E3600031C5010035C501003DC5010041C50100B1
:10E370000338FDD8704700000100000000000000D5
:10E38000050000000000000019000000000000006F
:10E390007D0000000000000071020000000000008D
:10E3A000350C000000000000093D000000000000E6
:10E3B0002D31010000000000E1F505000000000023
:10E3C00065CD1D0000000000F9029500000000006E
:10E3D000DD0EE90200000000514A8D0E0000000031
:10E3E0009573C24800000000E941CC6B01000000B9
:10E3F0008D49FD1A07000000C16FF286230000005E
:10E40000C52EBCA2B1000000D9E9AC2D78030000F4
:10E410003D9160E45811000031D6E275BC56000011
:10E42000F52E6E4DAEB10100C9EA2683677808006B
:10E43000ED95C28F055A2A00A1EDCCCE1BC2D300A8
:10E4400025A4000A8BCA220400000000000000007E
:10E4500000000000000000100000000000000000AC
:10E46000B9340332B7F4AD1410DB1AB30892540E6A
:10E470000D307D951447BA1A66088F4D26ADC66DCE
:10E48000F598BF85E2B74511CA96853D92BD1DEB53
:10E49000FCA11860DCEF52163C92AE220BB8C1B45E
:10E4A000839D2D5B0562DA1C304C7E8F4E8BB25BF8
:10E4B00016F4529F8B56A512FBD4827643ED8AF058
:10E4C0008FE7F9311565191850F19BD94A13EEB44D
:10E4D000284CF0A686C1251F035FC270CB9E49164B
:10E4E000E642889C44EB2014B0650836AD6EA585E5
:10E4F00085F0CA14E2FD031A0B899979D5B13D095B
:10E50000D8DA973A35EBCF10AC363F5E73BB38CFD5
:10E510003E6752FA44AFBA15010000000000000047
:10E520000000000000000020345065C05FC9A65202
:10E53000BB13CBAEC440C21806C8DF7100D5A87C9F
:10E54000F56F0FDA58FC27136E4756357D2420658A
:10E5500002C7E768E48CA41DE9E60268D7CD3961FB
:10E560007977FCC2405BEF16798CDE43FFA751F947
:10E5700091F3B278F5BDBE11E857E9D6E8BEE87B65
:10E58000B054AC8F848D751BEA23A499E9F9D38B21
:10E59000B7A3714061DA3E15CEE33ECB73F948086C
:10E5A0008C97B427D51B7010A2BFEFB9EB8532153D
:10E5B0004DB44DB49BBB6F1996B6076CF8E7EEAD42
:10E5C00036D9B4F59135AE13222218AF4E6A684D94
:10E5D00091DAAA3D4F40741E9FBD9EE006A1C098EF
:10E5E00057C2A7FDA40E90170E7D497173E3208FCB
:10E5F000B220D87605143B12853D7434811343B0A4
:10E60000AD297A5F27F4351C436F6E6E6563742005
:10E6100070726F62653A20505047204C4544732019
:10E620006F666600424C45206C696E6B20646F77A4
:10E630006E3A206F6E5F646F636B3D256420776F69
:10E64000726E3D25642073746174653D256400001D
:10E650004661696C656420746F2064697361626CE3
:10E660006520505047204C454420504120666F7231
:10E67000204C4544202564004F6E2D646F636B2051
:10E68000696E76617269616E743A20666F72636951
:10E690006E6720776F726E3D3000000044657669CA
:10E6A000636520737461746520256420286F6E5F34
:10E6B000646F636B3D256420776F726E3D25642027
:10E6C0006368617267655F6163746976653D25643F
:10E6D000290000004D6F64652033207265667573F4
:10E6E00065643A20736F667420666C6F6F722025C4
:10E6F000646D562067617567653D257525250000A9
:10E7000066773A206D6F6465332072656675736550
:10E710006420736F66745F666C6F6F72206D763DF8
:10E720002564000055736572206465766963652011
:10E730006D6F6465202575202D3E206F6E5F646FC0
:10E74000636B3D256420776F726E3D256400000089
:10E75000436F6E6E6563742070726F62653A2064F9
:10E76000696D20677265656E20505047204C4544A6
:10E77000202850413D2564290000000066773A209A
:10E7800062617420756E6465725F6C6F6164206D88
:10E79000763D2564206361636865643D256420647B
:10E7A000696D3D257500000066773A20626174202E
:10E7B0007361672064696D206C6564732069723DC4
:10E7C0002575207265643D257500000066773A2046
:10E7D00062617420756E6465725F6C6F6164206D38
:10E7E000763D30206361636865643D25642064691B
:10E7F0006D3D257500000000576F726E2073656EC9
:10E8000073696E67204C454473207265643D2575BD
:10E810002069723D2575206361636865643D2564E8
:10E820006D5620756E6465723D25646D560000005E
:10E830006368727374732025733A207068793D257C
:10E84000642064743D2564206163746976653D25A8
:10E8500064206D616A3D256420696E766572743D41
:10E86000256420646F636B5F7261773D2564206F60
:10E870006E5F646F636B3D25642070686173653DF6
:10E8800025642065646765733D256C64206173733E
:10E890006572745F683D257520696E6163745F6899
:10E8A0003D2575206368617267653D2564206D763E
:10E8B0003D25640066773A2063687273747320257F
:10E8C00073207068793D25642064743D256420615F
:10E8D00063743D2564206D616A3D256420696E7610
:10E8E0003D2564207261773D2564206F6E3D25646F
:10E8F0002070683D256420653D256C642061683D7D
:10E9000025752069683D25752063683D2564206D67
:10E91000763D256400000000424C45206C696E6B1A
:10E920002075703A206F6E5F646F636B3D256420C5
:10E93000776F726E3D25642073746174653D256444
:10E94000206261743D2564252520636861726765D6
:10E950003D2564206469653D25642E2530326420A0
:10E96000432070726F62653D256473006C696E6B45
:10E9700000000000536F667420666C6F6F72202871
:10E9800072656D617070656420302525293A2025F7
:10E99000646D562067617567653D25752525206383
:10E9A00068656D3D2575252520E2809420505047EF
:10E9B0002F414343206F66662C204D4355207374CE
:10E9C000617973207570000066773A20666C6F6F0E
:10E9D000722073656E736F7273206F6666206D763A
:10E9E0003D2564207063743D2575000066773A20EC
:10E9F000666C6F6F722073656E736F7273207265D1
:10EA000073756D65206D763D2564207063743D25BA
:10EA1000750000004661696C656420746F2066654E
:10EA20007463682074656D706572617475726520B9
:10EA300073616D706C652077697468206572726FA0
:10EA400072202564000000004661696C65642074D2
:10EA50006F206765742074656D706572617475727E
:10EA6000652076616C7565207769746820657272BF
:10EA70006F7220256400000054656D7065726174CA
:10EA80007572653A2025642E2530326420430000DB
:10EA9000737461745F6F6E00737461745F6F666628
:10EAA000000000006368617267655F616374697686
:10EAB0006520757365725F6D6F6465206465743D74
:10EAC000256420737461743D2564206D763D256452
:10EAD000206F6E5F646F636B3D25640066773A203C
:10EAE0006368617267655F61637469766520756DDF
:10EAF000206465743D25642073743D2564206D7623
:10EB00003D2564206F6E3D25640000005354415440
:10EB1000206F6E2D7061642077696E73206F76654B
:10EB2000722075736572206D6F646520E280942099
:10EB30006F6E5F646F636B3D3120776F726E3D3037
:10EB400000000000636872737473207068617365FD
:10EB5000202564202D3E2025642065646765733D73
:10EB60002575206173736572743D2564206F6E5F37
:10EB7000646F636B3D2564206D763D256400000065
:10EB800066773A2063687273747320706861736586
:10EB90002025642D3E256420653D257520613D2599
:10EBA00064206F6E3D2564206D763D256400000075
:10EBB00053544154206F6E2D7061642077697468DE
:10EBC00020776F726E3D3120E2809420636C656126
:10EBD00072696E6720776F726E00000068620000D5
:10EBE000312E302E3832000054474D204170706C69
:10EBF00069636174696F6E2025730A004750494F3D
:10EC0000206973206E6F7420726561647900000062
:10EC10004661696C656420746F206C617463682060
:10EC2000424154454E202850302E3130292C206549
:10EC300072723D25640000002A2A2A204241545461
:10EC400045525920504F57455220454E41424C4560
:10EC500044204F4E2050302E3130202A2A2A0A00DC
:10EC6000626C655F696E69742829207265747572BB
:10EC70006E65642025640000626174746572795F5A
:10EC8000696E697428292072657475726E656420D6
:10EC900025640000626174746572795F73746172D7
:10ECA000745F6D6561737572656D656E742829207A
:10ECB00072657475726E6564202564004661696CC6
:10ECC000656420746F20656E61626C652073656E8B
:10ECD000736F7220706F7765720000007070675FED
:10ECE000696E697428292072657475726E65642076
:10ECF000256400006163635F696E6974282920726E
:10ED0000657475726E656420256400004661696CE7
:10ED1000656420746F20636F6E6669677572652025
:10ED20006368727374732070696E00004661696C69
:10ED3000656420746F206164642063616C6C62613F
:10ED4000636B20746F206368727374732070696ED4
:10ED500000000000626F6F74000000004661696C83
:10ED6000656420746F20636F6E66696775726520D5
:10ED70006368727374732070696E20696E74657253
:10ED8000727570740000000054656D706572617476
:10ED9000757265206D6F6E69746F72696E6720732E
:10EDA00074617274656400003D3D3D20494E4954D4
:10EDB00049414C495A4154494F4E20434F4D504CC4
:10EDC000455445203D3D3D006C656420706F6C6985
:10EDD0006379207374616C652073747265616D0072
:10EDE0004465627567207265626F6F742061667436
:10EDF0006572202575732028696E74657276616C62
:10EE0000202575732900000020DD03000500110096
:10EE10006D61696E00000000636F6E6E65637469FA
:10EE20006F6E2F7375706572766973696F6E20747B
:10EE3000696D656F7574000072656D6F746520751E
:10EE4000736572207465726D696E6174656400002B
:10EE50006C6F63616C20686F7374207465726D6988
:10EE60006E617465640000004D4943206661696C01
:10EE7000757265006661696C656420746F206573E6
:10EE80007461626C6973680073656520436F7265B5
:10EE9000205370656320566F6C203220506172746D
:10EEA00020440000436F6E6E656374696F6E20705E
:10EEB0006172616D657465727320757064617465EB
:10EEC000643A20696E74657276616C20252E326614
:10EED000206D732C206C6174656E6379202564202D
:10EEE000696E74657276616C732C2074696D656FE0
:10EEF0007574202564206D73000000004D5455206A
:10EF000065786368616E67652072657475726E6599
:10EF1000642077697468206572726F7220636F6411
:10EF200065202564000000004D545520737563650D
:10EF3000737366756C6C792073657420746F20250B
:10EF400064000000446973636F6E6E65637465648A
:10EF50002C2048434920726561736F6E20307825FC
:10EF60003032782028257329000000007075626C0B
:10EF70006963000072616E646F6D00002530325865
:10EF80003A253032583A253032583A253032583AFC
:10EF9000253032583A253032582028257329000070
:10EFA0007075626C69632D696400000072616E6443
:10EFB0006F6D2D6964000000436F6E6E6563746948
:10EFC0006F6E20706172616D65746572207570641A
:10EFD0006174652072657175657374206661696C12
:10EFE00065643A2025640000436F6E6E6563746942
:10EFF0006F6E20706172616D6574657220757064EA
:10F000006174652072657175657374656420287418
:10F01000696D656F7574202564206D73290000008B
:10F020004D54552065786368616E67652066616937
:10F030006C65642028657272202564290000000038
:10F040004D54552065786368616E67652070656E04
:10F0500064696E67202E2E2E0000000044617461EA
:10F06000206C656E677468207570646174652072C9
:10F07000657175657374206661696C65643A2025F5
:10F080006400000044617461206C656E67746820E0
:10F090007570646174656420746F202564000000DD
:10F0A000436F6E6E656374696F6E206572726F7206
:10F0B00020256400436F6E6E656374656420746F11
:10F0C000206465766963652077697468206164648B
:10F0D000726573732025730062745F636F6E6E5F79
:10F0E0006765745F696E666F282920726574757232
:10F0F0006E65642025640000436F6E6E65637469FD
:10F100006F6E20706172616D65746572733A20690B
:10F110006E74657276616C20252E3266206D732CBC
:10F12000206C6174656E637920256420696E746556
:10F130007276616C732C2074696D656F757420250F
:10F1400064206D7300000000436F6E6E6563746928
:10F150006F6E2072656379636C65643B20726573C2
:10F1600074617274696E6720616476657274697324
:10F17000696E67004164762066616C6C6261636BE6
:10F180003A202E72656379636C6564206D697373D0
:10F19000656420E28094207374617274696E6720E4
:10F1A0006164766572746973696E670066773A2088
:10F1B0006164762066616C6C6261636B207265636A
:10F1C00079636C65642D6D69737300003130302094
:10F1D0006D730000353030206D7300005374617220
:10F1E00074696E6720636F6E6E65637461626C65CF
:10F1F000206164766572746973696E672028696E30
:10F2000074657276616C207E257329004164766591
:10F2100072746973696E67206661696C65642074D5
:10F220006F2073746172742C206572723A202564A9
:10F23000000000004164766572746973696E67202E
:10F2400073746172746564003F000000424C452095
:10F250007265636F7665723A20257320636F6E6EF8
:10F2600065637465643D25640000000066773A209C
:10F27000626C65207265636F76657220257300008D
:10F28000636F6E6E6563746564207374616C652072
:10F2900073747265616D0000426C7565746F6F7494
:10F2A0006820696E6974206661696C6564202865F0
:10F2B0007272202564290A00426C7565746F6F7440
:10F2C0006820696E697469616C697A65640A000016
:10F2D00007100000580500204F72616C61626C6578
:10F2E000000000000101000068050020090800007E
:10F2F000D8F20300656E61626C65640064697361D5
:10F30000626C6564000000004669726D7761726529
:10F3100020636F6E666967207374617465206E6F19
:10F3200074696669636174696F6E73202573000088
:10F33000414343206E6F74696669636174696F6EDF
:10F340007320257300000000505047206E6F7469D1
:10F350006669636174696F6E732025730000000035
:10F36000446566657272656420414343207374612D
:10F370007274206661696C65642028256429000028
:10F380004669726D77617265206C6F67206E6F746D
:10F39000696669636174696F6E732025730000008C
:10F3A00044657669636520737461747573206E6F4C
:10F3B00074696669636174696F6E732025730000F8
:10F3C000456E61626C6564206E6F74696669636125
:10F3D00074696F6E7320666F72207772697465202E
:10F3E00070706720726567206461746100000000BE
:10F3F000456E61626C6564206E6F746966696361F5
:10F4000074696F6E7320666F72207265616420701C
:10F41000706720726567206461746100456E616287
:10F420006C6564206E6F74696669636174696F6E80
:10F430007320666F722074656D7020646174610062
:10F4400052656164696E67206261747465727920C7
:10F4500076616C756500000052656164696E6720B5
:10F46000555549442076616C756500005772697482
:10F47000696E6720505047207265676973746572C2
:10F480000000000052656164696E6720505047209B
:10F49000726567697374657200000000456E616291
:10F4A0006C6564206E6F74696669636174696F6E00
:10F4B0007320666F72206261747465727920646172
:10F4C0007461000052656164696E67206669726DDF
:10F4D000776172652076657273696F6E3A20257365
:10F4E0000000000047415454206E6F746966792013
:10F4F0006661696C656420282573293A20657272FB
:10F500003D2564206C656E3D257500005265616483
:10F51000696E6720646576696365207374617475CC
:10F52000730000006F6E2D626F6479006F66662D48
:10F53000626F647900000000576F726E207374610F
:10F540007475733A20257320285050472F41434348
:10F5500020666F6C6C6F7720424C452C206E6F7468
:10F5600020776F726E290000626174746572790091
:10F570007374617475732D6B656570616C69766504
:10F580000000000074656D702D6B656570616C69BD
:10F590007665000042617474657279206E6F7469DB
:10F5A000667920726571756573746564206275741F
:10F5B0002063616C6C6261636B206973206E6F7491
:10F5C00020736574000000004261747465727920D4
:10F5D0006E6F746966792064656665727265643AF7
:10F5E000206E6F20636163686564206D56207965C5
:10F5F000740000004465666572726564206261741F
:10F6000074657279206E6F74696679206661696CC1
:10F61000656420282564290042617474657279202C
:10F620006E6F746966792073656E743A2025646D17
:10F63000560000006163630074656D700000000097
:10F640007070672D7265672D72656164000000003F
:10F650007070672D7265672D7772697465000000A0
:10F6600053656E64696E67207374617475733A20B4
:10F670006F6E5F646F636B3D25642C20776F726ED5
:10F680003D25642C2073746174653D25642C2062D3
:10F690006174746572793D256425252C2063686149
:10F6A0007267655F6163746976653D25640000007B
:10F6B000737461747573000066772D6C6F6700005A
:10F6C00066773A2069725F70756C736520776F7228
:10F6D0006E3D25752061633D25752064633D25756C
:10F6E00000000000436F6E6E6563742070726F627D
:10F6F0006520656E6465642028776F726E3D2564B1
:10F70000290000007070670066773A207573657293
:10F710005F6D6F64653D25752028696E7465726E36
:10F72000616C290066773A206C6F6720737472658C
:10F73000616D206F70656E0066773A206368727342
:10F740007473206F70656E207068793D2575206434
:10F75000743D2575206163743D2575206D616A3D9A
:10F760002575207261773D2575206F6E3D257520CA
:10F77000737461623D2575206D69733D25750000C8
:10F78000505047206E6F74696679207374616C6C99
:10F79000202564206D7320E28094207265636F766B
:10F7A0006572696E6720424C4500000066773A201A
:10F7B000707067206E6F74696679207374616C6C09
:10F7C00020256400707067206E6F746966792073FD
:10F7D00074616C6C00000000416C6C206E6F746989
:10F7E0006679207374616C6C202564206D7320E24F
:10F7F0008094207265636F766572696E6720424CF3
:10F800004500000066773A20616C6C206E6F746969
:10F810006679207374616C6C20256400616C6C20C7
:10F820006E6F74696679207374616C6C00000000FF
:10F8300066773A207374617473207070675F6F6BC2
:10F840003D2575207070675F6572723D257520706B
:10F8500070675F6C6173743D2564206163635F6FE3
:10F860006B3D2575206163635F6572723D25752070
:10F870006163635F6C6173743D2564206C6F675FC7
:10F880006F6B3D2575206C6F675F6572723D2575E6
:10F89000206C6F675F6C6173743D25642070726FBC
:10F8A00062653D257500000066773A207070675FDD
:10F8B000737461727420736B6970206363633D2598
:10F8C0007520636F6E6E3D257520666C6F6F723D9F
:10F8D0002575000044656665727265642050504766
:10F8E000207374617274206661696C6564202825D8
:10F8F0006429000066773A207070675F73746172E4
:10F9000074206661696C20256400000066773A20E7
:10F910007070675F7374617274206F6B0000000019
:10F9200066773A20736E617020646F636B3D257556
:10F9300020776F726E3D25752073743D25752062AA
:10F9400061743D2575206368673D25752070726F71
:10F9500062653D25750000007374617475732D73C5
:10F960006E61700066776366672D736E617000006C
:10F9700066773A20636667206C65643D2575207064
:10F98000613D2575206572723D25640066773A20D9
:10F990006366672073746174735F706572696F6406
:10F9A0005F733D257500000066773A206366672027
:10F9B000636F6E6E5F706172616D5F7570646174AC
:10F9C00065206572723D25640000000066773A206C
:10F9D00063666720626174746572795F696E7465CD
:10F9E0007276616C5F733D257500000066773A2082
:10F9F0006366672074656D705F696E7465727661A9
:10FA00006C5F733D2575000066773A20636667205A
:10FA100073747265616D5F656E61626C655F6D6167
:10FA2000736B3D30782530327800000066773A20DD
:10FA30006D6F646533207061642067726163652057
:10FA40002564206D7320686F6C642025642073002A
:10FA500066773A2063666720757365725F6D6F64C1
:10FA6000653D25752028303D6175746F20313D63FB
:10FA700068617267657220323D69646C6520333D50
:10FA8000776F726E2900000066773A206366672000
:10FA900064656275675F7265626F6F745F733D2541
:10FAA0007500000094FF0300DD8F030000000000DC
:10FAB00080FF0300000001007CFF0300939003001F
:10FAC000000000009C0600200000010054FF03001D
:10FAD0001DF1010000000000A81A00200000010034
:10FAE00050FF0300939003000000000094060020E4
:10FAF0000000010028FF030031F2010000000000B7
:10FB0000A40600200000010024FF030093900300DE
:10FB1000000000008C06002000000100FCFE030035
:10FB2000B1F0010000000000FC38002000000100DE
:10FB3000F8FE0300159003007DB502007406002056
:10FB400000000300F4FE0300939003000000000097
:10FB50006C06002000000100CCFE03000000000045
:10FB600000000000AC39002000000100C8FE0300C6
:10FB7000159003007DB5020054060020000003002C
:10FB8000C4FE030093900300000000004C06002018
:10FB9000000001009CFE03000000000000000000C7
:10FBA000103900200000010098FE030015900300AA
:10FBB0007DB50200340600200000030094FE03001F
:10FBC00093900300000000002C06002000000100BC
:10FBD0006CFE030000000000000000000839002057
:10FBE0000000010068FE0300159003007DB50200CF
:10FBF000140600200000030064FE0300939003003D
:10FC0000000000000C060020000001003CFE030084
:10FC100000000000B1F1010000000000000002003F
:10FC200038FE0300159003007DB50200F4050020A6
:10FC30000000030034FE0300939003000000000066
:10FC4000EC050020000001000CFE03000000000095
:10FC500075F10100000000000000020008FE030032
:10FC6000159003007DB50200D405002000000300BC
:10FC700004FE03009390030000000000CC05002068
:10FC800000000100DCFD030021F501000000000080
:10FC90000039002000000100D8FD0300159003008A
:10FCA0007DB50200B405002000000300D4FD030070
:10FCB0009390030000000000AC050020000001004C
:10FCC000ACFD030000000000000000000000000088
:10FCD00000000100A8FD0300159003007DB502009F
:10FCE0009405002000000300A4FD0300939003008E
:10FCF000000000008C050020000001007CFD0300D6
:10FD0000000000009D06020000000000000002004C
:10FD100078FD03009390030000000000840500209C
:10FD20000000010050FD0300853D030000000000BD
:10FD3000B4060020000001004CFD030015900300F4
:10FD40007DB502006C0500200000030000000229C0
:10FD5000028EC4D40FEE1AAF94B246C4980CF00FC2
:10FD60003A000000028EC4D40FEE1AAF94B246C41B
:10FD7000980CF00F3A00000000000328028EC4D453
:10FD80000FEE1AAF94B246C4980BF00F3A00000081
:10FD9000028EC4D40FEE1AAF94B246C4980BF00F83
:10FDA0003A0000000000032800000229028EC4D49B
:10FDB0000FEE1AAF94B246C4980AF00F3A00000052
:10FDC000028EC4D40FEE1AAF94B246C4980AF00F54
:10FDD0003A0000000000032800000229028EC4D46B
:10FDE0000FEE1AAF94B246C49809F00F3A00000023
:10FDF000028EC4D40FEE1AAF94B246C49809F00F25
:10FE00003A0000000000032800000229028EC4D43A
:10FE10000FEE1AAF94B246C49808F00F3A000000F3
:10FE2000028EC4D40FEE1AAF94B246C49808F00FF5
:10FE30003A0000000000032800000229028EC4D40A
:10FE40000FEE1AAF94B246C49807F00F3A000000C4
:10FE5000028EC4D40FEE1AAF94B246C49807F00FC6
:10FE60003A0000000000032800000229028EC4D4DA
:10FE70000FEE1AAF94B246C49803F00F3A00000098
:10FE8000028EC4D40FEE1AAF94B246C49803F00F9A
:10FE90003A0000000000032800000229028EC4D4AA
:10FEA0000FEE1AAF94B246C49802F00F3A00000069
:10FEB000028EC4D40FEE1AAF94B246C49802F00F6B
:10FEC0003A0000000000032800000229028EC4D47A
:10FED0000FEE1AAF94B246C49801F00F3A0000003A
:10FEE000028EC4D40FEE1AAF94B246C49801F00F3C
:10FEF0003A0000000000032800000229028EC4D44A
:10FF00000FEE1AAF94B246C49804F00F3A00000006
:10FF1000028EC4D40FEE1AAF94B246C49804F00F08
:10FF20003A00000000000328028EC4D40FEE1AAF7E
:10FF300094B246C49806F00F3A000000028EC4D472
:10FF40000FEE1AAF94B246C49806F00F3A000000C4
:10FF500000000328028EC4D40FEE1AAF94B246C438
:10FF60009805F00F3A000000028EC4D40FEE1AAFCD
:10FF700094B246C49805F00F3A0000000000032830
:10FF8000028EC4D40FEE1AAF94B246C49800F00F9C
:10FF90003A0000000000002874676D5F7365727698
:10FFA000696365004661696C656420746F207265E1
:10FFB0006164205050472073656E736F72207265C4
:10FFC00067697374657220307825303258000000FC
:10FFD0004661696C656420746F207772697465206E
:10FFE0005050472073656E736F7220726567697336
:10FFF0007465722030782530325800004661696C93
:020000040004F6
:10000000656420746F2072656164205050472073CE
:10001000656E736F722072656769737465722030E4
:100020007825303258206166746572207772697461
:10003000696E67004661696C656420746F20736542
:100040006E64205050472072656769737465722032
:1000500076616C7565206E6F746966696361746939
:100060006F6E00004661696C656420746F20726574
:1000700061642050504720646174610050504720F3
:100080006E6F74696679206661696C6564202825E5
:100090006429000049324320646576696365206EF7
:1000A0006F7420726561647920647572696E67206F
:1000B000696E697469616C697A6174696F6E206FC9
:1000C00066205050472073656E736F720000000009
:1000D0004750494F20646576696365206E6F7420D0
:1000E000726561647920647572696E6720696E69F2
:1000F0007469616C697A6174696F6E206F662050F3
:1001000050472073656E736F720000004661696C22
:10011000656420746F20636F6E6669677572652011
:100120005050472073656E736F7220696E74207033
:10013000696E20617320696E707574004661696C28
:10014000656420746F206164642063616C6C62611B
:10015000636B20746F205050472073656E736F720D
:1001600020696E742070696E000000004661696C41
:10017000656420746F2072652D656E61626C652008
:100180005050472073656E736F7220696E742069DA
:100190006E74657272757074000000004661696C5F
:1001A000656420746F20737461727420505047200E
:1001B00073656E736F7200004661696C65642074CC
:1001C0006F20636F6E6669677572652050504720B7
:1001D00073656E736F7220696E742070696E20692A
:1001E0006E74657272757074000000004661696C0F
:1001F000656420746F2064697361626C652050507F
:10020000472073656E736F7220696E742070696E1B
:1002100020696E74657272757074000050504720CA
:10022000656E737572655F6177616B652066616984
:100230006C656420282564292C20726573746172B2
:1002400074696E672073656E736F72004661696CC6
:10025000656420746F2073746F7020505047207352
:10026000656E736F720000004661696C656420748E
:100270006F2073657420505047204C4544205041F6
:1002800020666F72204C45442025640020DD030069
:10029000140011004661696C656420746F207265FA
:1002A000616420616363656C65726F6D657465720E
:1002B0002064617461000000414343206E6F7469E3
:1002C0006679206661696C656420282564290000D0
:1002D00049324320646576696365206E6F742072CD
:1002E0006561647920647572696E6720696E6974EE
:1002F00069616C697A6174696F6E206F66206163F1
:1003000063656C65726F6D657465722073656E737D
:100310006F7200004750494F20646576696365201D
:100320006E6F7420726561647920647572696E679E
:1003300020696E697469616C697A6174696F6E2095
:100340006F6620616363656C65726F6D657465725D
:100350002073656E736F72004661696C656420740A
:100360006F20636F6E666967757265206163636590
:100370006C65726F6D657465722073656E736F72F4
:1003800020696E742070696E20617320696E7075CB
:10039000740000004661696C656420746F206164BC
:1003A000642063616C6C6261636B20746F206163B5
:1003B00063656C65726F6D657465722073656E73CD
:1003C0006F7220696E742070696E00004661696CFE
:1003D000656420746F207374617274206163636557
:1003E0006C65726F6D657465722073656E736F7284
:1003F000000000004661696C656420746F20636FC3
:100400006E66696775726520616363656C65726F9E
:100410006D657465722073656E736F7220696E749A
:100420002070696E20696E74657272757074000058
:100430004661696C656420746F2064697361626CE5
:100440006520616363656C65726F6D6574657220AC
:1004500073656E736F7220696E742070696E2069A7
:100460006E74657272757074000000004661696C8C
:10047000656420746F2073746F7020616363656CB2
:1004800065726F6D657465722073656E736F72004F
:100490004144432072656164206661696C65642C27
:1004A00020657272202564004144432072617720E8
:1004B000746F206D696C6C69766F6C747320666103
:1004C000696C65642C206572722025640000000050
:1004D000426174746572793A20696D706C617573EC
:1004E00069626C65207261775F6D763D25642028B6
:1004F00077696E646F772025642E2E25646D5629EA
:1005000020E280942073616D706C65206469736370
:1005100061726465640000004261747465727920E0
:100520007363616C696E672066616C6C6261636B9A
:100530003A207573696E6720646976696465722F05
:100540003620287261775F6D763D2564202D3E2030
:1005500025646D562900000042617474657279202B
:100560007363616C696E672066616C6C6261636B5A
:100570003A207573696E67206E6F2D6469766964C1
:10058000657220287261775F6D763D2564202D3E6F
:100590002025646D562900004261747465727920CB
:1005A0007363616C696E672066616C6C6261636B1A
:1005B0003A207573696E67206E6F2D646976696481
:1005C00065722F3620287261775F6D763D25642035
:1005D0002D3E2025646D5629000000004261747490
:1005E000657279207363616C696E67206F75742022
:1005F0006F662072616E67653A207261775F6D7613
:100600003D256420765F6469763D256420E2809410
:100610002073616D706C65206469736361726465D9
:100620006400000041444320646576696365206E80
:100630006F742072656164790000000041444320BA
:100640006368616E6E656C20736574757020666199
:10065000696C65642C2065727220256400000000BE
:100660004750494F2070696E20636F6E66696775E9
:1006700072652028626174656E3D484947482920AB
:100680006661696C65642C206572722025640000C7
:10069000426174746572793A2025646D56202D3E4E
:1006A0002067617567653D25752525206368656D43
:1006B0003D2575252500000020DD03000A0000000F
:1006C0005CDD0300000108040000000500000000DC
:1006D0000C00000042617474657279204C45443A04
:1006E000206F6E5F646F636B3D2564206368617289
:1006F00067653D256420776F726E3D2564206D76B9
:100700003D25646D56207063743D2575202D3E2077
:100710007061747465726E20256400006261747487
:100720006572795F6C6564006368617267655F64B8
:10073000657400005B4541524C595D205254542071
:10074000696E697469616C697A65640A0000000009
:1007500028756E7369676E6564292063686172200D
:100760002A207573656420666F72202525702061CC
:100770007267756D656E742E2049742773207265DB
:10078000636F6D6D656E64656420746F2063617363
:100790007420697420746F20766F6964202A206247
:1007A000656361757365206974206D61792063618B
:1007B000757365206D69736265686176696F722013
:1007C000696E206365727461696E20636F6E66691D
:1007D0006775726174696F6E732E20537472696EDF
:1007E000673A2225732220617267756D656E743ACF
:1007F0002564000063627072696E74665F70616385
:100800006B616765000000004661696C6564207477
:100810006F207265626F6F743A207370696E6E69D3
:100820006E6720656E646C6573736C792E2E2E0A6C
:10083000000000006C6F6767696E6700D01C0020C5
:1008400000010000A7520300115203000200000043
:1008500049550300000000000000000000000000F7
:100860006C6F67006C6F675F6D676D7400000000F0
:100870004D657373616765202822257322292064E2
:10088000726F70706564206265636175736520695D
:100890007420657863656564732073697A65206C7C
:1008A000696D69746174696F6E202825752900006F
:1008B0005B2530386C755D20000000005B25303210
:1008C000753A253032753A253032752E253033751C
:1008D0002C253033755D20001B5B306D000000005F
:1008E00025732E0025733A20000000003C25733E3E
:1008F0002000000025732F00257320000D0A000042
:100900002530327820000000202020007C000000EC
:1009100025630000206D65737361676573206472E1
:100920006F70706564202D2D2D0D0A1B5B306D00DE
:100930001B5B313B33316D2D2D2D20001B5B313B7B
:1009400033316D001B5B313B33336D0065727200D8
:1009500077726E00696E66006462670000000000D6
:100960003C090400440904000000000000000000ED
:10097000000000004C090400500904005409040060
:10098000580904006C6F675F6261636B656E645F3A
:1009900072747400913202008132020069320200E6
:1009A0006D310200000000008931020000000000EB
:1009B000F93102006C3B00207C3B0020100000005D
:1009C0004275666665722073697A65206973206274
:1009D0006967676572207468616E20706167650081
:1009E0004572726F72202564207768696C65206794
:1009F000657474696E67207061676520696E666FE3
:100A0000000000004572726F7220256420776869CB
:100A10006C652065726173696E672070616765003F
:100A200073747265616D5F666C6173685F65726136
:100A300073655F7061676520657272202564206F41
:100A400066667365743D30782530387A780000002A
:100A5000666C6173685F7772697465206572726F26
:100A600072202564206F66667365743D307825308A
:100A7000387A7800666C61736820726561642066FC
:100A800061696C65643A20256400000063616C6CE8
:100A90006261636B206661696C65643A202564005D
:100AA0004275666665722073697A65206973206E87
:100AB0006F7420616C69676E656420746F206D6966
:100AC0006E696D616C2077726974652D626C6F63FD
:100AD0006B2D73697A650000496E636F727265638E
:100AE0007420706172616D65746572005354524573
:100AF000414D5F464C415348000000002A2A2A20FD
:100B0000426F6F74696E67204D79204170706C6917
:100B1000636174696F6E2076312E302E38322D3736
:100B20003662646234626137343862202A2A2A0AC3
:100B3000000000002A2A2A205573696E67206E5231
:100B40004620436F6E6E6563742053444B207632AB
:100B50002E372E302D3563623835353730636134AA
:100B600033202A2A2A0A00002A2A2A205573696E6D
:100B700067205A6570687972204F532076332E367D
:100B80002E39392D31303062656663373063373442
:100B9000202A2A2A0A0000000600000000000000A7
:100BA0000000000000C0000070DD03000100000034
:100BB00000C000000002000070DD03000200000021
:100BC00000C0000000A0030070DD0300030000006F
:100BD00000C20000009E030070DD0300040000005E
:100BE00000C20000009E030070DD0300050000004D
:100BF0000060040000A0030070DD0300637C777BCD
:100C0000F26B6FC53001672BFED7AB76CA82C97D08
:100C1000FA5947F0ADD4A2AF9CA472C0B7FD932699
:100C2000363FF7CC34A5E5F171D8311504C723C39D
:100C30001896059A071280E2EB27B27509832C1AE1
:100C40001B6E5AA0523BD6B329E32F8453D100ED3B
:100C500020FCB15B6ACBBE394A4C58CFD0EFAAFB1F
:100C6000434D338545F9027F503C9FA851A3408FE7
:100C7000929D38F5BCB6DA2110FFF3D2CD0C13ECFF
:100C80005F974417C4A77E3D645D197360814FDC94
:100C9000222A908846EEB814DE5E0BDBE0323A0A78
:100CA0004906245CC2D3AC629195E479E7C8376DFC
:100CB0008DD54EA96C56F4EA657AAE08BA78252E21
:100CC0001CA6B4C6E8DD741F4BBD8B8A703EB566AA
:100CD0004803F60E613557B986C11D9EE1F898119B
:100CE00069D98E949B1E87E9CE5528DF8CA1890D8A
:100CF000BFE6426841992D0FB054BB1672302F6188
:100D0000313A2020307825303878202072312F6118
:100D1000323A2020307825303878202072322F6106
:100D2000333A2020307825303878000072332F6134
:100D3000343A2020307825303878207231322F69CB
:100D4000703A2020307825303878207231342F6C7A
:100D5000723A20203078253038780000207870737F
:100D6000723A20203078253038780000735B2532C5
:100D7000645D3A20203078253038782020735B2558
:100D800032645D3A20203078253038782020735B3B
:100D90002532645D3A202030782530387820207361
:100DA0005B2532645D3A20203078253038780000A9
:100DB00066707363723A20203078253038780000EE
:100DC0004661756C74696E6720696E7374727563C1
:100DD00074696F6E20616464726573732028723168
:100DE000352F7063293A203078253038780000009C
:100DF000556E68616E646C6564204952516E3A208C
:100E000025640000535053454C20696E207468726D
:100E1000656164206D6F646520646F6573206E6F1B
:100E20007420696E646963617465205053500000DA
:100E30002A2A2A2A2A205553414745204641554C03
:100E400054202A2A2A2A2A002020446976697369B4
:100E50006F6E206279207A65726F00002020556ED7
:100E6000616C69676E6564206D656D6F7279206174
:100E7000636365737300000020204E6F20636F7002
:100E8000726F636573736F7220696E7374727563CA
:100E900074696F6E730000002020496C6C65676197
:100EA0006C206C6F6164206F66204558435F52452B
:100EB0005455524E20696E746F205043000000005C
:100EC0002020496C6C6567616C20757365206F66C6
:100ED0002074686520455053520000002020417462
:100EE00074656D707420746F2065786563757465C2
:100EF00020756E646566696E656420696E737472D0
:100F0000756374696F6E00002A2A2A2A2A204465B4
:100F1000627567206D6F6E69746F722065786365A6
:100F20007074696F6E202A2A2A2A2A005265736516
:100F30007276656420457863657074696F6E2028E9
:100F40000000000053707572696F757320696E74CC
:100F5000657272757074202849525120000000009B
:100F60002A2A2A2A2A20257320256429202A2A2A87
:100F70002A2A00002A2A2A2A2A204255532046419A
:100F8000554C54202A2A2A2A2A0000002020537473
:100F900061636B696E67206572726F72000000009A
:100FA0002020556E737461636B696E672065727281
:100FB0006F72000020205072656369736520646160
:100FC000746120627573206572726F720000000098
:100FD00020204246415220416464726573733A2076
:100FE00030782578000000002020496D707265631C
:100FF0006973652064617461206275732065727223
:101000006F7200002020496E737472756374696F8B
:101010006E20627573206572726F72002020466CBC
:101020006F6174696E672D706F696E74206C617A80
:10103000792073746174652070726573657276616E
:1010400074696F6E206572726F7200002A2A2A2AF4
:101050002A204D5055204641554C54202A2A2A2AF0
:101060002A0000002020537461636B696E6720655D
:1010700072726F722028636F6E746578742061726B
:101080006561206D69676874206265206E6F7420E9
:1010900076616C69642900002020446174612041FC
:1010A00063636573732056696F6C6174696F6E005A
:1010B00020204D4D46415220416464726573733A5D
:1010C00020307825780000002020496E73747275F6
:1010D0006374696F6E204163636573732056696F33
:1010E0006C6174696F6E00002A2A2A2A2A204841FE
:1010F0005244204641554C54202A2A2A2A2A0000CC
:101100002020427573206661756C74206F6E2076A6
:101110006563746F72207461626C652072656164CE
:101120000000000020204465627567206576656ECA
:101130007400000020204661756C74206573636143
:101140006C6174696F6E20287365652062656C6FD1
:1011500077290000415243485F4558434550542089
:101160007769746820726561736F6E2025780A0054
:10117000000000200000000000000B066D707500EC
:101180004661696C656420746F20616C6C6F63618B
:101190007465206E6577204D505520726567696FC4
:1011A0006E2025750A000000506172746974696FC1
:1011B0006E2025753A2073616E69747920636865C5
:1011C000636B206661696C65642E0000020000009C
:1011D000E4110400464C4153485F30005352414DE6
:1011E0005F30000000000000D4110400240002025F
:1011F00000000020DC1104001E000B11736F63005F
:101200007263000067726F75700000004661696C60
:10121000656420746F20726561642064617461206C
:1012200066726F6D20666C61736820617265613AE9
:10123000202564004661696C656420746F206F70BE
:10124000656E20666C617368206172656120494437
:101250002025753A202564004661696C6564207418
:101260006F20657261736520666C617368206172BE
:1012700065613A20256400004661696C65642074EC
:101280006F207265616420646174612066726F6DA5
:1012900020666C6173683A202564000055706C6F9D
:1012A000616420746F6F206C6172676520666F7275
:1012B00020736C6F743A202575203E202575000040
:1012C000736C6F740000000076657273696F6E0056
:1012D0003C3F3F3F3E000000626F6F7461626C658F
:1012E0000000000070656E64696E6700636F6E6673
:1012F00069726D6564000000616374697665000061
:101300007065726D616E656E7400000046616C659B
:101310006420626F6F745F7365745F6E65787420AC
:101320007769746820636F64652025642C20666F7C
:101330007220736C6F742025642C20776974682088
:1013400061637469766520736C6F74202564206115
:101350006E6420636F6E6669726D20256400000004
:10136000696D61676573000073706C6974537461B3
:1013700074757300636F6E6669726D002568752EF3
:101380002568752E256875002E257500696D6167C5
:10139000650000006C656E007368610075706772AF
:1013A00061646500496D6167652075706C6F61648B
:1013B00020696E7370656374206661696C65643A58
:1013C0002025640049727265636F76657261626C94
:1013D00065206572726F723A20666C61736820775F
:1013E00072697465206661696C65643A20256400E1
:1013F000FD4F02001951020000000000E9540200F4
:1014000000000000000000000000000000000000DC
:10141000000000000000000000000000595402001D
:101420006D63756D67725F696D675F6772700000ED
:101430007175657279000000626F6F746C6F616422
:10144000657200004D4355626F6F74006D6F646587
:10145000000000006275665F73697A650000000035
:101460006275665F636F756E740000003558020028
:1014700035580200000000000000000000000000DD
:10148000000000000000000000000000000000005C
:1014900000000000000000001D580200CD570200AF
:1014A00000000000000000000000000011570200D2
:1014B000000000006D63756D67725F6F735F677228
:1014C00070000000142E0400D0140400AB090000CA
:1014D000908800206D63756D677220736D700000D9
:1014E0006D63756D67725F736D700000D4140400D6
:1014F000000000004E756C6C20637064206F626A9F
:1015000065637420666F7220636F6E6E65637469C5
:101510006F6E202570000000426C7565746F6F74EB
:101520006820534D50207472616E73706F72742016
:101530007265676973746572206661696C656420A1
:10154000286572722025642900000000A41504009B
:10155000DD8F030000000000BC1504000000010046
:10156000A01504009390030000000000280700204D
:1015700000000100A815040000000000A95B0200A3
:1015800000000000000002009C15040015900300FC
:101590007DB50200100700200000030000000229B2
:1015A000000003280000002802487C997411269E40
:1015B000AE014ECEFB28782EDA0000000284AA602D
:1015C00074528A8B86D34CB71D1DDC538D000000EE
:1015D00000FFFFFFFFFFFF00000000000000000011
:1015E000FFFFFFFFFFFF0000000000000000000001
:1015F0003031323334353637383961626364656689
:10160000000000004254204C5720575100000000B9
:1016100002FB349B5F80000080001000000000008F
:1016200000000000142E0400301604000001000029
:10163000BCAF0020142E0400401604002E00000051
:10164000D4BA0020142E0400501604000800000034
:10165000B4BB002062745F6461746100756E6B6E70
:101660006F776E00546F6F20736D616C6C2028254E
:101670007520627974657329206576656E742030F3
:10168000782530327800000044617461206275660C
:10169000666572206F766572666C6F7720286C695C
:1016A0006E6B20747970652030782530327829008F
:1016B0004E6F2070656E64696E6720706572697028
:1016C000686572616C20636F6E6E656374696F6EBE
:1016D00000000000556E61626C6520746F206C6FB5
:1016E0006F6B20757020636F6E6E20776974682051
:1016F00068616E646C65202575000000556E61623E
:101700006C6520746F206C6F6F6B757020636F6EEB
:101710006E20666F722068616E646C6520257500AE
:10172000657674206E756D5F68616E646C6573209C
:10173000283D25752920746F6F206C6172676520C4
:10174000282575203E202575290000004E6F206356
:101750006F6E6E656374696F6E20666F722068616C
:101760006E646C65202575007061636B6574732011
:10177000636F756E74206D69736D617463680000CA
:101780004E6F20636F6D6D616E642073656E7420A3
:10179000666F7220636D6420636F6D706C65746535
:1017A00020307825303478004F70436F64652030E6
:1017B000782530347820636F6D706C6574656420B3
:1017C000696E7374656164206F6620657870656307
:1017D000746564203078253034780000556E657863
:1017E00070656374656420484F53545F4E554D5F78
:1017F000434F4D504C455445445F5041434B455435
:1018000053202873746174757320307825303278D2
:101810002900000048617264776172652065727208
:101820006F722C20686172647761726520636F64E7
:10183000653A202564000000556E68616E646C6531
:1018400064206576656E7420307825303278206C9F
:10185000656E2025753A202573000000496E76617B
:101860006C696420484349206576656E742073690D
:101870007A65202825752900574553545F544F50E9
:101880004449522F7A65706879722F737562737943
:10189000732F626C7565746F6F74682F686F7374E3
:1018A0002F6863695F636F72652E630062745F689F
:1018B00063695F6576745F6765745F666C616773A3
:1018C000286864722D3E65767429202620283155BB
:1018D0004C203C3C2028312929000000415353452D
:1018E0005254494F4E204641494C205B25735D20A0
:1018F000402025733A25640A00000000556E686197
:101900006E646C65642076656E646F722D737065AD
:101910006369666963206576656E743A2025730095
:10192000436F756C64206E6F74207375626D69749B
:101930002072785F776F726B3A2025640000000098
:10194000496E76616C6964204843492041434C20CC
:101950007061636B65742073697A65202825752929
:101960000000000041434C2064617461206C656E8E
:10197000677468206D69736D6174636820282575CC
:1019800020213D2025752900556E61626C6520740B
:101990006F2066696E6420636F6E6E20666F7220C2
:1019A00068616E646C65202575000000556E6B6E75
:1019B0006F776E20627566207479706520257500DA
:1019C0006D61785F74785F6F637465747320657898
:1019D0006365656473207468652076616C69642052
:1019E00072616E6765202575000000006D61785F8B
:1019F00072785F6F6374657473206578636565647E
:101A000073207468652076616C69642072616E670A
:101A100065202575000000006D61785F74785F7443
:101A2000696D6520657863656564732074686520F9
:101A300076616C69642072616E67652025750000AF
:101A40006D61785F72785F74696D65206578636534
:101A5000656473207468652076616C6964207261C6
:101A60006E67652025750000657272203D3D20304F
:101A70000000000009636F6D6D616E64206F70631C
:101A80006F6465203078253034782074696D656F17
:101A900075742077697468206572722025640A0065
:101AA0006F70636F646520307825303478207374EC
:101AB0006174757320307825303278004E6F6E2D4A
:101AC0004C452063617061626C6520636F6E747257
:101AD0006F6C6C6572206465746563746564210065
:101AE00056656E646F722048434920657874656E50
:101AF00073696F6E73206E6F7420617661696C61BB
:101B0000626C6500485720506C6174666F726D3A64
:101B100020257320283078253034782900000000F3
:101B200048572056617269616E743A2025732028E7
:101B300030782530347829004669726D7761726596
:101B40003A202573202830782530327829205665B0
:101B50007273696F6E2025752E2575204275696C2C
:101B600064202575000000004661696C656420747E
:101B70006F207265616420737570706F7274656434
:101B80002076656E646F7220636F6D6D616E647335
:101B9000000000004661696C656420746F20726506
:101BA000616420737570706F727465642076656E01
:101BB000646F722066656174757265730000000061
:101BC00041434C2042522F4544522062756666655F
:101BD0007273206E6F7420696E697469616C697AC2
:101BE000656400004661696C65642072656164200B
:101BF00072656D6F746520666561747572657320BA
:101C000028256429000000004661696C6564204C49
:101C10004520536574205048592028256429000028
:101C2000556E65787065637465642073746174754E
:101C30007320307825303278000000004E6F20701D
:101C4000656E64696E6720636F6E6E20666F7220CA
:101C500070656572202573005B305D004964656EB8
:101C60007469747925733A20257300004964656EA0
:101C7000746974795B25645D3A2025730000000067
:101C80004843493A2076657273696F6E2025732048
:101C90002830782530327829207265766973696F2B
:101CA0006E203078253034782C206D616E75666139
:101CB00063747572657220307825303478000000C6
:101CC0004C4D503A2076657273696F6E20257320F3
:101CD0002830782530327829207375627665722035
:101CE0003078253034780000556E61626C65207460
:101CF0006F2073656E6420746F20647269766572FC
:101D0000202865727220256429000000556E6162EA
:101D10006C6520746F20616C6C6F63617465206208
:101D20007566666572000000556E636C656172656C
:101D3000642070656E64696E672073656E745F639E
:101D40006D640000556E6578706563746564206B22
:101D50005F706F6C6C206576656E7420737461744F
:101D600065202575000000006576745F666C61670C
:101D7000732026202831554C203C3C20283029292E
:101D800000000000496E76616C696420627566200F
:101D900074797065202575004E6F20484349206492
:101DA00072697665722072656769737465726564BD
:101DB00000000000425420545800000042542052B9
:101DC000582057510000000048434920647269764A
:101DD0006572206F70656E206661696C656420288D
:101DE00025642900312E306200000000312E3100C0
:101DF000312E3200322E3000322E3100332E3000A0
:101E0000342E3000342E3100342E3200352E300086
:101E1000352E3100352E3200352E3300352E34006C
:101E20005374616E6461726420426C7565746F6F87
:101E3000746820636F6E74726F6C6C657200000062
:101E400056656E646F72207370656369666963209E
:101E5000636F6E74726F6C6C657200004669726DB0
:101E600077617265206C6F6164657200526573639F
:101E7000756520696D6167650000000072657365B6
:101E800072766564000000006E52463531780000BD
:101E90006E524635327800006E5246353378000077
:101EA0006E524635344878006E524635344C7800D0
:101EB000496E74656C20436F72706F726174696FE4
:101EC0006E0000004E6F726469632053656D696334
:101ED0006F6E647563746F72000000004E5850207E
:101EE00053656D69636F6E647563746F7273000020
:101EF00062745F6863695F636F726500201E04002F
:101F0000401E04005C1E04006C1E04007C1E0400C5
:101F1000881E0400901E0400981E0400A01E0400E9
:101F2000A81E04007C1E0400B01E0400C41E040091
:101F3000DC1E04000E030000516802000F040000C4
:101F4000296802001A010000C963020005040000AC
:101F5000556A030013010000E9640200FF0100005C
:101F60001D6B02003E010000296A0200050400000A
:101F70006D640200100100009D6802000112000063
:101F8000B17802000A1E0000F96B0300030900008B
:101F9000596D0200040B0000C5670200060A00002C
:101FA000817D0200070A00007D6C02000C05000024
:101FB000B9640200142E0400C01F04004700000092
:101FC000D8BB0020636D6420646973616C6C6F77AB
:101FD0006564000052656164205374617469632014
:101FE00041646472657373657320636F6D6D616EB8
:101FF00064206E6F7420617661696C61626C65004B
:102000004661696C656420746F2072656164207339
:1020100074617469632061646472657373657300CD
:102020004E6F2073746174696320616464726573B8
:102030007365732073746F72656420696E20636FBB
:102040006E74726F6C6C6572000000004F6E6C797C
:102050002072616E646F6D207374617469632069AE
:1020600064656E7469747920616464726573732049
:10207000737570706F72746564000000496E7661EC
:102080006C696420696E70757420706172616D6531
:1020900074657273000000004661696C65642074A9
:1020A0006F2072656164207075626C696320616481
:1020B000647265737300000043616E27742073655A
:1020C0007420626F7468204944454E544954592025
:1020D00026204E5250410000556E61626C6520749E
:1020E0006F20736574206964656E7469747920610A
:1020F0006464726573730000556E61626C65207470
:102100006F207365742072616E646F6D206164640A
:10211000726573730000000062745F696400000000
:10212000546F6F20626967206164766572746973A9
:10213000696E672064617461000000004661696C2B
:10214000656420746F2073746172742061647665B5
:1021500072746973657200004E6F2076616C6964F9
:10216000206C656761637920616476004661696C03
:10217000656420746F2073746F702061647665727B
:10218000746973696E673A2025640000436F6E744A
:10219000726F6C6C65722063616E6E6F7420726515
:1021A00073756D6520636F6E6E65637461626C65D7
:1021B000206164766572746973696E67202825648E
:1021C0002900000062745F616476000064697363D3
:1021D0006F6E6E656374656400000000646973630C
:1021E0006F6E6E6563742D636F6D706C65746500E2
:1021F0007363616E2D6265666F72652D696E6974B9
:10220000696174696E670000696E697469617469F7
:102210006E672D66696C7465722D6C69737400004D
:102220006164762D636F6E6E65637461626C6500C8
:102230006164762D6469722D636F6E6E656374617F
:10224000626C6500646973636F6E6E656374696E5A
:102250006700000028756E6B6E6F776E29000000B6
:10226000556E657870656374656420666972737411
:10227000204C32434150206672616D6500000000C1
:10228000556E6578706563746564204C32434150C7
:1022900020636F6E74696E756174696F6E00000003
:1022A0004E6F7420656E6F7567682062756666652F
:1022B0007220737061636520666F72204C324341F7
:1022C0005020646174610000556E657870656374B8
:1022D00065642041434C20666C6167732028307828
:1022E000253032782900000041434C206C656E2077
:1022F0006D69736D6174636820282575203E202503
:102300007529000062756620676976656E20746FB6
:1023100020636F6E6E20686173206F746865722031
:1023200072656673000000006E6F7420656E6F75D5
:10233000676820726F6F6D20696E20757365725FBC
:1023400064617461202564203C20256420706F6FD7
:102350006C202575000000006E6F7420636F6E6E38
:102360006563746564210000446973636F6E6E6514
:1023700063746564207768696C6520616C6C6F6359
:102380006174696E6720636F6E7465787400000015
:102390006E6F207472616E736974696F6E2025733D
:1023A00000000000496E76616C696420282575295B
:1023B000206F6C642073746174650000636F6E6ECF
:1023C000202570206661696C656420746F206573D8
:1023D0007461626C6973682E205246206E6F697357
:1023E000653F00006E6F2076616C6964202825755A
:1023F000292073746174652077617320736574009C
:10240000696E636F6D70617469626C652068616E7E
:10241000646C652025750000556E61626C652074E2
:102420006F20616C6C6F63617465206275666665B0
:10243000722077697468696E2074696D656F757450
:1024400000000000466F756E642076616C69642040
:10245000636F6E6E656374696F6E20282570292026
:1024600077697468206164647265737320257320D2
:10247000696E20257320737461746520000000006C
:1024800053656E64204C4520706172616D207570DB
:1024900064617465206661696C6564202865727288
:1024A000202564290000000053656E642061757466
:1024B0006F204C4520706172616D2075706461748D
:1024C00065206661696C65642028657272202564E8
:1024D00029000000574553545F544F504449522F30
:1024E0007A65706879722F7375627379732F626C75
:1024F0007565746F6F74682F686F73742F636F6E78
:102500006E2E6300142E040010250400000100004C
:10251000A0BC0020142E04002025040000010000AF
:10252000E0BE002062745F636F6E6E00546F6F20B8
:10253000736D616C6C204C4520636F6E6E20706112
:1025400072616D20727370004E6F20617661696CEC
:1025500061626C65204C3243415020636F6E74653C
:10256000787420666F7220636F6E6E202570000095
:10257000556E61626C6520746F20616C6C6F636175
:102580007465204C32434150206368616E6E656C07
:1025900020494400556E61626C6520746F20616C47
:1025A0006C6F636174652062756666657220666F24
:1025B00072206F702030782530327800546F6F2091
:1025C000736D616C6C204C32434150207369676EAF
:1025D000616C696E67205044550000004C324341E5
:1025E00050206C656E677468206D69736D617463EB
:1025F000682028257520213D202575290000000030
:10260000496E76616C6964206964656E74207661D8
:102610006C756520696E204C324341502050445502
:102620000000000052656A656374696E6720756E0C
:102630006B6E6F776E204C324341502050445520D2
:10264000636F64652030782530327800546F6F20D6
:10265000736D616C6C204C324341502050445520C6
:1026600072656365697665640000000049676E6F96
:1026700072696E67206461746120666F7220756E86
:102680006B6E6F776E206368616E6E656C20494477
:1026900020307825303478008F760300917603005F
:1026A00000000000000000000000000001A0020087
:1026B000000000000000000000000000000000001A
:1026C00062745F6C326361700000000041545420FA
:1026D0006368616E6E656C206E6F7420636F6E6EE2
:1026E00065637465640000004E6F7420636F6E6EE6
:1026F0006563746564000000556E61626C652074EA
:102700006F2066696E6420415454206368616E6E68
:10271000656C00004E6F20617661696C61626C656A
:1027200020415454206368616E6E656C20666F7240
:1027300020636F6E6E202570000000004E6F2061D8
:102740007661696C61626C652041545420636F6EE0
:102750007465787420666F7220636F6E6E202570CA
:1027600000000000556E61626C6520746F2063721A
:102770006561746520555549443A2073697A65202E
:1027800025750000556E61626C6520746F20637260
:102790006561746520555549443A2073697A65200E
:1027A000256400004572726F72207369676E696EEE
:1027B000672064617461000052616E206F7574203F
:1027C0006F662054582062756666657273206F725A
:1027D00020636F6E74657874732E0000476F7420E9
:1027E0006572722025642C206E6F742063616C6C9E
:1027F000696E6720415454206362000041545420A4
:102800004D54552065786365656465642C206D6161
:10281000782025752C2077616E74656420257A7583
:1028200000000000546F6F20736D616C6C20415488
:1028300054205044552072656365697665640000D4
:10284000556E68616E646C65642041545420636FFA
:10285000646520307825303278000000496E76615A
:102860006C6964206C656E20257520666F7220632C
:102870006F64652030782530327800004E6F20413B
:102880005454206368616E6E656C20666F72204DD3
:10289000545520257A7500004E6F2070656E64696E
:1028A0006E67204154542072657175657374000021
:1028B0004154542054696D656F757420666F7220A1
:1028C00064657669636520257300000002020100DB
:1028D0009B830300040401006183030006060100DA
:1028E000DB82030008040100758203000A02010074
:1028F0005B8203000C040100418203000E0401000E
:102900000DAE0200200401006DAD020010040100B4
:102910009B810300120201006F8103001604010075
:102920001579030018010100197903001E00040045
:1029300033850300520200004581030001040200B8
:10294000B5B1020003020200FF840300050102008A
:10295000F184030007040200E3840300090102007C
:10296000D58403000B000200C78403000D000200A1
:10297000B98403000F000200AB84030021020200AF
:102980009D840300110102008F84030013000200E4
:1029900081840300170402007384030019000200FD
:1029A000658403001B020300B17903001D020500CA
:1029B000D9800300230403009F790300142E040030
:1029C000C82904000201000060CC002062745F612D
:1029D00074740000756E61626C6520746F207361A1
:1029E00076652053433A206E6F20636667206C65DE
:1029F000667400004E6F20737061636520746F20F1
:102A000073746F7265204343432063666700000060
:102A10004E6F20737061636520746F2073746F72E2
:102A20006520436C69656E7420537570706F7274A5
:102A300065642046656174757265730077726974A8
:102A4000652063616C6C6261636B206973206465EF
:102A500070726563617465642C207573652073758D
:102A60006273637269626520636220696E73746564
:102A7000616400004661696C656420746F20636C5A
:102A8000656172205343202564000000556E616229
:102A90006C6520746F2073657475702041455320F8
:102AA000434D414300000000556E61626C65207427
:102AB0006F2063616C63756C617465206861736815
:102AC000000000004C696E6B206973206E6F7420EB
:102AD000656E6372797074656400000044657669A0
:102AE0006365206973206E6F7420737562736372FF
:102AF0006962656420746F206368617261637465E4
:102B000072697374696300004E6F20627566666552
:102B10007220617661696C61626C6520746F2073EC
:102B2000656E6420696E6469636174696F6E00002C
:102B3000534320726573746F726520696E646963B4
:102B40006174696F6E206661696C656400000000E5
:102B5000434343202570206E6F742077726974613F
:102B6000626C65004E6F20627566666572206176E4
:102B700061696C61626C6520746F2073656E64209E
:102B80006E6F74696669636174696F6E000000003E
:102B9000496E76616C69642068616E646C650000E2
:102BA00042616420706565723A2041545420726518
:102BB00061642D62792D75756964207273703A2095
:102BC00048616E646C6520307825303478206973F4
:102BD000206F7574736964652072657175657374AF
:102BE00065642072616E6765203078253034782DF9
:102BF0003078253034782E2041626F7274696E67A8
:102C000020726561642E0000496E76616C696420F3
:102C100064617461206C656E202575203E202575E9
:102C20000000000062742F636363000062745F67DA
:102C300061747400002D0400DD8F030000000000AB
:102C4000FC2C040000000100F82C04009390030009
:102C500000000000C407002000000100F02C040068
:102C60000000000000000000000000000000000064
:102C7000EC2C0400159003007DB50200CC07002069
:102C800000000300E82C0400939003000000000003
:102C9000BC07002000000100E02C0400A18F03000D
:102CA00049B602000000000000000300DC2C040014
:102CB0009390030000000000B40700200000010012
:102CC000D42C04000DBC0200000000000000000035
:102CD0000000010000002A2B00002A2B000003281E
:102CE0000000292B0000292B0000032800000229E6
:102CF0000000052A0000052A000003280000011832
:102D000000000028B82D0400DD8F03000000000043
:102D1000B42D040000000100B02D040093900300C6
:102D200000000000F407002000000100A82D0400AE
:102D3000698F030000000000000000000000010097
:102D4000A42D04009390030000000000EC07002075
:102D5000000001009C2D0400358F030000000000DE
:102D60000000000000000100982D04009390030073
:102D700000000000E407002000000100902D040086
:102D8000018F0300000000000000000000000100AF
:102D90000000042A0000042A000003280000012A81
:102DA0000000012A000003280000002A0000002A79
:102DB0000000032800000018000000284E6F20616A
:102DC0007661696C61626C6520534D5020636F6E53
:102DD0007465787420666F7220636F6E6E20257044
:102DE00000000000000000000000000000000000E3
:102DF00000000000000000004394030000000000F9
:102E000000000000000000000000000062745F731A
:102E10006D7000004395030000000000CD94030096
:102E20006E65745F627566006E65745F6275665F7D
:102E300073696D706C6500000601050104010301F2
:102E4000050202010302050401010102010301045C
:102E500001060108010C0110011801200140018048
:102E600053656C6563746564204144432067616900
:102E70006E206973206E6F742076616C6964000047
:102E800053656C65637465642041444320726566D4
:102E90006572656E6365206973206E6F742076615C
:102EA0006C69640053656C656374656420414443D8
:102EB000206163717569736974696F6E2074696DDF
:102EC00065206973206E6F742076616C6964000000
:102ED000414443207265736F6C7574696F6E207620
:102EE000616C7565202564206973206E6F7420768F
:102EF000616C6964000000004F76657273616D70EB
:102F00006C696E6720697320737570706F72746579
:102F10006420666F722073696E676C6520636861F8
:102F20006E6E656C206F6E6C790000004F76657276
:102F300073616D706C696E672076616C75652025B4
:102F400064206973206E6F742076616C6964000080
:102F500050726F766964656420627566666572207A
:102F6000697320746F6F20736D616C6C20282575F8
:102F70002F25752900000000496E76616C69642078
:102F800073656C656374696F6E206F66206368613A
:102F90006E6E656C730000004368616E6E656C2038
:102FA0002575206E6F7420636F6E66696775726534
:102FB00064000000616463403430303037303030BA
:102FC000000000006164635F6E7266785F73616128
:102FD000646300009DCA0200A9CD020058020000EF
:102FE000A5CE020085CE020000000000636C6F6376
:102FF0006B40343030303030303000006866636C05
:103000006B0000006C66636C6B000000636C6F63A8
:103010006B5F636F6E74726F6C0000000DCF020007
:103020007DCF0200FC2F0400779B0300379B030039
:10303000043004007DD00200C19A0300039B03000A
:1030400000000000D599030000000000000000000F
:1030500072616E646F6D40343030306430303000F7
:1030600055D302005DD20200656E74726F70795F95
:1030700062745F6863690000BF9B0300000000008A
:10308000756E616C69676E656420616464726573F6
:10309000733A2030782530386C783A257A750000FC
:1030A000696E76616C696420616464726573733AF9
:1030B0002030782530386C783A257A750000000089
:1030C0006E6F7420776F72642D616C69676E6564D2
:1030D0003A2030782530386C783A257A750000002F
:1030E000666C6173682D636F6E74726F6C6C657261
:1030F000403430303165303030000000666C617330
:10310000685F6E7266000000E9D5020051D50200CA
:10311000ADD4020039D4020029D40200040000001A
:10312000FF0000006770696F40353030303030305C
:1031300030000000FFFFFFFF000000500000000013
:1031400000000000006000400000000061D70200A5
:10315000359F0300439F03005B9F0300679F0300AD
:10316000739F03006DD60200B99F030000000000AA
:10317000693263006932634034303030333030308C
:10318000000000006932635F6E7266785F74776971
:1031900000000000003000400000000000000000BF
:1031A00000000000000098010000010149DA02005F
:1031B000B431040000300040C031040001000000C0
:1031C000C8310400020000000700180012001600B9
:1031D00061DB0200000000006DD902000000000069
:1031E00000000000B5DB02004661696C6564207474
:1031F0006F20696E697469616C697A6520646576AF
:103200006963653A20257300756E737570706F720F
:1032100074656420737065656400000031302D6250
:103220006974204932432041646472206465766980
:10323000636573206E6F7420737570706F72746540
:10324000640000000001020304050607536F667462
:1032500044657669636520436F6E74726F6C6C654C
:1032600072204153534552543A2025732C20256433
:10327000000000004E6F206576656E7420627566F2
:1032800066657220617661696C61626C6500000040
:103290004E6F20646174612062756666657220619C
:1032A0007661696C61626C6500000000556E65783E
:1032B000706563746564206D73675F747970653AD7
:1032C0002025752E20546869732069662D656C73FE
:1032D00065206E656564732061206E65772062727B
:1032E000616E636800000000536F66744465766920
:1032F000636520436F6E74726F6C6C6572206275CB
:10330000696C64207265766973696F6E3A2000009B
:10331000456E74726F707920736F75726365206487
:103320006576696365206E6F7420726561647900EB
:103330004661696C656420746F2072656769737497
:1033400065722072616E6420736F757263652028E8
:1033500025642900416C6C6F6361746564206D6540
:103360006D6F727920746F6F206C6F773A202575BE
:10337000203C202575000000536F66744465766913
:10338000636520436F6E74726F6C6C657200000031
:1033900062745F7364635F6863695F6472697665B2
:1033A00072000000783304000000000000000000FC
:1033B00035E5020015A20300DFA1030062745F730C
:1033C00064635F63727970746F0000007075626C83
:1033D0006963206B6579206973206E6F7420766154
:1033E0006C69642028657272202564290000000041
:1033F000556E6B6E6F776E20636F6D6D616E6400DE
:103400003F49F6D4A3C55F3874C9B3E3D2103F5027
:103410004AFF607BEB40B7995899B8A6CD3C1ABDDE
:1034200062745F7364635F65636468004D50534CFE
:10343000204153534552543A2025732C20256400D3
:103440004D50534C20576F726B0000006D70736CC1
:103450005F696E69740000006D70736C5F74696DF4
:1034600065736C6F745F73657373696F6E5F6F7094
:10347000656E206661696C65643A20256400000011
:1034800074696D656F757400666C6173685F7379DC
:103490006E635F6D70736C0074656D7040343030B6
:1034A000306330303000000074656D705F6E72669E
:1034B000355F6D70736C00000000000000000000BC
:1034C0000000000079AA03007DF002000000000067
:1034D000000000007065726D000000007465737478
:1034E000000000004255473B2063616E277420684E
:1034F000617070656E000000726576657274000020
:103500005365636F6E6461727920696D61676520D0
:103510006F6620696D61676520706169722028257A
:10352000642E2920697320756E726561636861621B
:103530006C652E205472656174206974206173205B
:10354000656D707479000000496D61676520696E72
:103550006465783A2025642C205377617020747953
:1035600070653A2025730000496D61676520696EBA
:103570006465783A2025642C205377617020747933
:1035800070653A206E6F6E6500000000020000005A
:103590000500000004010403040204010401040303
:1035A000010303040104000077C295F360D2EF7FAA
:1035B0003552500F2CB679806D6375626F6F745FF2
:1035C0007574696C000000005465726D696E616C01
:1035D000000000000000000000005454522052453A
:1035E00047474553000000004661696C65642074DC
:1035F0006F20736574204649464F204146554C4C18
:10360000207468726573686F6C6400004661696C51
:10361000656420746F20736574204C454420736585
:103620007175656E636500004661696C6564207440
:103630006F20736574204C45442072616E6765008D
:103640004661696C656420746F2073657420505006
:103650004720636F6E666967203100004661696CC0
:10366000656420746F207365742050504720636F29
:103670006E666967203200004661696C656420747B
:103680006F20736574204C45442070756C73652001
:10369000616D706C69747564650000004661696CE9
:1036A000656420746F20666C757368204649464FC8
:1036B000000000004661696C656420746F20656ECF
:1036C00061626C65204649464F20696E746572726E
:1036D000757074004661696C656420746F20656E56
:1036E00061626C65205050472073656E736F720085
:1036F000230100004661696C656420746F20646971
:103700007361626C65204649464F20696E7465722C
:1037100072757074000000004661696C6564207405
:103720006F207475726E206F6666204C454473007E
:103730004661696C656420746F2064697361626CB2
:1037400065205050472073656E736F720000000053
:103750004661696C656420746F20726561642073D2
:10376000797374656D20636F6E74726F6C00000006
:103770004661696C656420746F2077616B652050C9
:1037800050472073656E736F722066726F6D207084
:103790006F7765722D736176650000004661696C14
:1037A000656420746F2072656164204649464F202D
:1037B0006F766572666C6F7720636F756E7400004C
:1037C0004661696C656420746F207265616420468F
:1037D00049464F206461746120636F756E74000008
:1037E0004649464F206F766572666C6F7720646538
:1037F0007465637465642C206469736361726469C1
:103800006E672064617461202873616D706C6573EC
:10381000203D2025642900004661696C65642074A0
:103820006F2072656164204649464F20646174616F
:10383000000000004661696C656420746F20726549
:103840006164207265676973746572203078253011
:10385000327800004661696C656420746F2077726D
:1038600069746520726567697374657220307825A4
:10387000303278006D61786D3836313631000000B5
:103880004661696C656420746F20736574204649D5
:10389000464F207468726573686F6C6400000000A6
:1038A0004661696C656420746F20736574204354AD
:1038B000524C36004661696C656420746F20726FEB
:1038C000757465204649464F207468726573686F49
:1038D0006C6420696E7465727275707420746F20E8
:1038E000494E5431000000004661696C65642074E3
:1038F0006F20656E61626C652074686520696E7406
:1039000065727275707473004661696C65642074C9
:103910006F20656E61626C6520616363656C6572C2
:103920006F6D657465722073656E736F7200000051
:103930004661696C656420746F2064697361626CB0
:103940006520696E74657272757074730000000092
:103950004661696C656420746F2064697361626C90
:103960006520616363656C65726F6D657465722057
:1039700073656E736F7200004661696C65642074D4
:103980006F2072656164204649464F2073616D70F7
:103990006C6573004649464F206F766572666C6FA2
:1039A000772064657465637465642C20646973634F
:1039B000617264696E672064617461006C6973325E
:1039C0006474773132000000435055206578636598
:1039D0007074696F6E000000556E68616E646C658E
:1039E0006420696E746572727570740053746163DB
:1039F0006B206F766572666C6F7700004B65726E38
:103A0000656C206F6F7073004B65726E656C207013
:103A1000616E696300000000556E6B6E6F776E20FB
:103A20006572726F7200000048616C74696E672085
:103A300073797374656D00003E3E3E205A455048D0
:103A4000595220464154414C204552524F52202554
:103A5000643A202573206F6E204350552025640062
:103A60004661756C7420647572696E6720696E7446
:103A70006572727570742068616E646C696E670A35
:103A80000000000043757272656E74207468726580
:103A900061643A20257020282573290069646C65CB
:103AA000000000003CDC03003CDC030094DC03006D
:103AB000A4DC0300FCDC03000CDD03006F730000DA
:103AC000737973776F726B7100000000512563FC8E
:103AD000C2CAB9F3849E17A7ADFAE6BCFFFFFFFF89
:103AE000FFFFFFFF00000000FFFFFFFFAAAAAAAA36
:103AF000AAAAAAAAAAAAAAAA5555555555555555CE
:103B0000555555550000000055555555522563FC37
:103B1000C2CAB9F3849E17A7ADFAE6BCFFFFFFFF48
:103B2000FFFFFFFF00000000FFFFFFFF512563FCC8
:103B3000C2CAB9F3849E17A7ADFAE6BCFFFFFFFF28
:103B4000FFFFFFFF00000000FFFFFFFF96C298D8B5
:103B50004539A1F4A033EB2D817D0377F240A463B6
:103B6000E5E6BCF847422CE1F2D1176BF551BF37BF
:103B70006840B6CBCE5E316B5733CE2B169E0F7C92
:103B80004AEBE78E9B7F1AFEE242E34F4B60D2275F
:103B90003E3CCE3BF6B053CCB0061D65BC86987655
:103BA00055BDEBB3E7933AAAD835C65AFCFFFFFFE1
:103BB000FFFFFFFFFFFFFFFF00000000000000000D
:103BC0000000000001000000FFFFFFFF00000000F8
:103BD00000000000000000000000000000000040A5
:103BE000955969595555545515555556040515415E
:103BF0001054554045515544404550445055554545
:103C00000040004040044496655556554540455493
:103C100051411540559155555555405105010000EC
:103C20005445545445550504001004101404400034
:103C300000000140555515415404000044000100A6
:103C40000000004041000044504445505400555588
:103C5000545565510040004001000001000501007D
:103C6000115451515455550500000000000000004A
:103C700000000000D6DAC7AE08DB726F2AA326491F
:103C80002A4DA8B3980E077F00FFFFFFFF1F0064B7
:103C90007261676F6F6E2F6C6962732F73636865F3
:103CA00064756C696E672F7372632F72656D5F68E0
:103CB000616C5F6576656E745F74696D65722E63A5
:103CC00000B0EA56C88D83335088D0EB89566569B9
:103CD0006D3CB0CEB90000202020202020202020E4
:103CE00028282828282020202020202020202020AC
:103CF00020202020202020881010101010101010DC
:103D0000101010101010100404040404040404041F
:103D100004101010101010104141414141410101A7
:103D20000101010101010101010101010101010183
:103D30000101101010101010424242424242020291
:103D40000202020202020202020202020202020253
:103D500002021010101020000000000000000000FF
:103D60000000000000000000000000000000000053
:103D70000000000000000000000000000000000043
:103D80000000000000000000000000000000000033
:103D90000000000000000000000000000000000023
:103DA0000000000000000000000000000000000013
:103DB0000000000000000000000000000000000003
:103DC00000000000000000000000000000000000F3
:103DD00000000000000000696E66006E616E002841
:103DE0006E756C6C29000000FFFFFFFFFF1F0000D5
:103DF0001F000000000000005D4000000000000007
:103E0000FFFFFFFF1F0000000000000000800040D7
:103E100000000000000000000C0000000000000096
:103E200000FF7F0000000000000000000000000014
:103E3000000000000000000000000000E1FC0000A5
:103E40000000000039A601000000000017A60100D4
:103E500000000000F9FC00000000000061A6010065
:103E60000000000000000000000000000000000052
:103E70000000000000000000000000000000000042
:103E80000000000000000000000000000000000032
:103E90000000000000000000000000000000000022
:103EA0000000000000000000000000000000000012
:103EB0000000000000000000000000000000000002
:103EC00000000000000000000000000000000000F2
:103ED00000000000000000000000000000000000E2
:103EE00000000000000000000000000000000000D2
:103EF00000000000000000000000000000000000C2
:103F000000000000000000000000000000000000B1
:103F100000000000000000000000000000000000A1
:103F20000000000000000000000000000000000091
:103F30000000000000000000000000000000000081
:103F40000000000000000000000000000000000071
:103F50000000000000000000000000000000000061
:103F60000000000000000000000000000000000051
:103F70000000000000000000000000000000000041
:103F80000000000000000000000000000000000031
:103F90000000000000000000000000000000000021
:103FA0000000000000000000000000000000000011
:103FB0000000000000000000000000000000000001
:103FC00000000000000000000000000000000000F1
:103FD00000000000000000000000000000000000E1
:103FE00000000000000000000000000000000000D1
:103FF00000000000000000000000000000000000C1
:1040000000000000000000000000000000000000B0
:1040100000000000000000000000000000000000A0
:104020000000000000000000000000000000000090
:104030000000000000000000000000000000000080
:104040000000000000000000000000000000000070
:104050000000000000000000000000000000000060
:1040600000000000000000008402002041BE0100AA
:1040700047BE010073BE01004BBE01007DBE0100C2
:1040800051BE010089BE010057BE010059BE0100AA
:104090005BBE010069BE01006DBE01005FBE010094
:1040A00065BE010079BE010083BE01000000000072
:1040B00000000000CB6503000000000000010000CC
:1040C00000000000000000000000000000000000F0
:1040D00000000000000000000000000000000000E0
:1040E00000000000000000000000000000000000D0
:1040F00000000000000000000000000000000000C0
:1041000000000000000000000000000000000000AF
:10411000000000000000000000000000000000009F
:10412000000000000000000000000000000000008F
:10413000000000000000000000000000000000007F
:10414000000000000000000000000000000000006F
:10415000000000000000000000000000000000005F
:10416000000000000000000000000000000000004F
:10417000000000000000000000000000000000003F
:10418000000000000000000000000000000000002F
:10419000000000000000000000000000000000001F
:1041A0000000000000000000E180020000000000AC
:1041B00000000000000000000000000000000000FF
:1041C00000000000000000000000000000000000EF
:1041D00000000000000000000000000000000000DF
:1041E00000000000000000000000000000000000CF
:1041F00000000000000000000000000000000000BF
:1042000000000000000000000000000000000000AE
:10421000000000000000000000000000000000009E
:10422000000000000000000000000000000000008E
:10423000000000000000000000000000000000007E
:10424000000000000000000000000000000000006E
:1042500000000000000000004D1F030000000000EF
:104260000000000000000000800400208004002006
:10427000379803000000000000000000000000006C
:104280000000000000000000A0040020A0040020A6
:104290000000000001000000B0040020B004002075
:1042A000B8040020B8040020000000000100000055
:1042B000C8040020C8040020000000000000000026
:1042C00000000000000000000000000000000000EE
:1042D00000000000000000000000000000000000DE
:1042E00000000000000000000000000000000000CE
:1042F000000000000000000000000000BF3C0300C0
:10430000C9D00100D1C701004D3D030019CD010006
:10431000A5C70100093D030079CC0100113D030050
:104320004DCB010071E1010099DE010075E3010050
:1043300000000000B1DD01000000000000000000EE
:104340008EC4D40FEE1AAF94B246C49800F00F3A60
:104350000600000000000000000000000000000057
:1043600021EA0100000000000000000064FD0300DD
:104370000000120090FD0300000008000000000093
:104380000000000000000000EDED01000000000052
:1043900000000000C0FD030000001000000000004D
:1043A000000000000000000025EF010000000000F8
:1043B00000000000F0FD03000000120000000000FB
:1043C000000000000000000021F0010000000000DB
:1043D0000000000020FE03000000180000000000A4
:1043E000000000000000000051F00100000000008B
:1043F0000000000050FE0300000018000000000054
:10440000000000000000000081F00100000000003A
:104410000000000080FE030000001000000000000B
:10442000000000000000000009EB01000000000097
:1044300000000000B0FE03000000100000000000BB
:10444000000000000000000065EC0100000000001A
:1044500000000000E0FE030000001000000000006B
:104460000000000000000000E9F101000000000071
:104470000000000010FF0300000012003CFF0300DA
:104480000000020068FF030000000200312E302E01
:10449000383200000000000000000000020580200B
:1044A000050A0103000000000000000084DD030095
:1044B0006200000084DD030019000000000000001D
:1044C000000000006C4A0020020000000000000014
:1044D000315203009C0B040000000000F0130400A4
:1044E0000600010071520200000000006C1404007C
:1044F00009000000AD65030000000000000000009E
:10450000000000002D5B0200000000000000000021
:10451000A8150400000014000000000000000000C6
:10452000000000000004000044040020000000001F
:10453000000000000000000000000000000000007B
:10454000000000000000000000000000000000006B
:1045500000000000000000000D6C020000000000E0
:10456000000000007C0700207C0700200000000005
:1045700000000000ADA702009D85030000000000C0
:10458000000000000000000059AA0200817F030023
:104590006B7E03009DA4020000000000D82C0400E4
:1045A00000000200E42C040000000A00F42C0400C7
:1045B00000002000000000000000000000000000DB
:1045C00000000000D38B030000000000942D0400C5
:1045D00000000200A02D040000000200AC2D040029
:1045E0000000020000000000000800200008002079
:1045F0000100000001000000100800201008002049
:104600001808002018080020000000000100000029
:1046100028080020280800200000000000000000FA
:10462000000000000000000000000000000000008A
:10463000000000000000000000000000000000007A
:10464000000000000000000000000000000000006A
:10465000000000000000000000000000000000005A
:104660000000000000000000000000000800000042
:10467000FF0000000000000001000000000000003A
:104680009808002098080020A0080020A00800201A
:1046900001002C01030500000000000000000000E4
:1046A000000000000000FFFF00000000000000000C
:1046B00000000000000000000000000000000000FA
:1046C00000000000000000000000000000000000EA
:1046D00000000000000000000000000000000000DA
:1046E000000000000000000000000000040900209D
:1046F00004090020F8D9002000000000010000009B
:104700002C000000000000002009002020090020EB
:104710000088002000000000010000009000000060
:10472000000000003C0900203C09002024DA0020A1
:10473000000000000C00000010000000000000005D
:104740005809002058090020000000000000000067
:104750000E0000006C0900206C0900200000000021
:10476000000000000E0000008009002080090020E9
:1047700000000000000000000E000000940900206E
:10478000940900200000000001000000A40900209E
:10479000A40900200000000000000000B40900206F
:1047A000B4090020BC090020BC0900200000000062
:1047B00000000000CC090020CC090020D409002012
:1047C000D40900200C000C000800000000000000CC
:1047D00014250400E0CA00200000000000000000D2
:1047E000F8090020F8090020000A0020000A002033
:1047F0000C000C000800000089800300BC290400A4
:1048000078D800200000000000000000240A0020EA
:10481000240A00202C0A00202C0A00200300030098
:1048200001000000000000003416040060BB0020FE
:104830000000000000000000500A0020500A002084
:10484000580A0020580A0020020002000800000058
:104850000000000004250400A0BE002000000000AD
:10486000000000007C0A00207C0A0020840A00204E
:10487000840A002002000200010000000000000085
:10488000B41F040068BC002000000000000000000D
:10489000A80A0020A80A0020B00A0020B00A0020C0
:1048A0000A000A00010000000000000024160400B5
:1048B000BCB900200000000000000000D40A002065
:1048C000D40A0020DC0A0020DC0A002004000400D6
:1048D0000800000000000000C41404003CAF0020E9
:1048E0000000000000000000000B0020000B002072
:1048F000080B0020080B002001000100010000004F
:104900000000000044160400BCBB002015E015E0C8
:104910000769960010002000C8FFCC9A69C89A3C2D
:1049200035606AF46E34253DC5E624A2124CDFD50D
:104930003A04E72562A5D80A01002000E30466F6E0
:10494000B8470C1F29070B17F1E2D3E94D445E3F2E
:10495000608087FDC711E4382BB538B622004600C9
:104960003044022051B9ACC9B41338B50C6ABE2525
:10497000D2A55329F6CF207E74E6BA6E87ADB598DE
:10498000E3ECAED202203A75FB6BAF9782C0361EC5
:10499000157CC2B99A4619BC3129BB09D6474A6F62
:0649A000BD678FA8368AF6
:00000001FF
